<?xml version="1.0" encoding="utf-8"?>
<COLLADA xmlns="http://www.collada.org/2005/11/COLLADASchema" version="1.4.1">
  <asset>
    <contributor>
      <authoring_tool>Fusion URDF/XACRO Exporter</authoring_tool>
    </contributor>
    <created>2026-05-04T15:59:42Z</created>
    <modified>2026-05-04T15:59:42Z</modified>
    <unit name="meter" meter="1.0"/>
    <up_axis>Z_UP</up_axis>
  </asset>
  <library_effects>
    <effect id="AS_1420_1973_M3_x_14__Opaque_190_188_186_-effect">
      <profile_COMMON>
        <technique sid="common">
          <lambert>
            <emission><color>0 0 0 1</color></emission>
            <ambient><color>0.0000 0.0000 0.0000 1</color></ambient>
            <diffuse><color>0.7451 0.7373 0.7294 1</color></diffuse>
            <reflective><color>0 0 0 1</color></reflective>
            <transparent opaque="A_ONE"><color>1 1 1 1</color></transparent>
            <transparency><float>1</float></transparency>
          </lambert>
        </technique>
      </profile_COMMON>
    </effect>
    <effect id="UN_5721_M3_0_5__Opaque_190_188_186_-effect">
      <profile_COMMON>
        <technique sid="common">
          <lambert>
            <emission><color>0 0 0 1</color></emission>
            <ambient><color>0.0000 0.0000 0.0000 1</color></ambient>
            <diffuse><color>0.7451 0.7373 0.7294 1</color></diffuse>
            <reflective><color>0 0 0 1</color></reflective>
            <transparent opaque="A_ONE"><color>1 1 1 1</color></transparent>
            <transparency><float>1</float></transparency>
          </lambert>
        </technique>
      </profile_COMMON>
    </effect>
    <effect id="leva__Opaque_224_223_219_-effect">
      <profile_COMMON>
        <technique sid="common">
          <lambert>
            <emission><color>0 0 0 1</color></emission>
            <ambient><color>0.0000 0.0000 0.0000 1</color></ambient>
            <diffuse><color>0.8784 0.8745 0.8588 1</color></diffuse>
            <reflective><color>0 0 0 1</color></reflective>
            <transparent opaque="A_ONE"><color>1 1 1 1</color></transparent>
            <transparency><float>1</float></transparency>
          </lambert>
        </technique>
      </profile_COMMON>
    </effect>
  </library_effects>
  <library_materials>
    <material id="AS_1420_1973_M3_x_14__Opaque_190_188_186_" name="AS_1420_1973_M3_x_14__Opaque(190,188,186)">
      <instance_effect url="#AS_1420_1973_M3_x_14__Opaque_190_188_186_-effect"/>
    </material>
    <material id="UN_5721_M3_0_5__Opaque_190_188_186_" name="UN_5721_M3_0_5__Opaque(190,188,186)">
      <instance_effect url="#UN_5721_M3_0_5__Opaque_190_188_186_-effect"/>
    </material>
    <material id="leva__Opaque_224_223_219_" name="leva__Opaque(224,223,219)">
      <instance_effect url="#leva__Opaque_224_223_219_-effect"/>
    </material>
  </library_materials>
  <library_geometries>
    <geometry id="left_pivot-mesh" name="left_pivot">
      <mesh>
        <source id="left_pivot-mesh-positions">
          <float_array id="left_pivot-mesh-positions-array" count="13551">-0.015758 -0.001295 0.008400 -0.015589 -0.001379 0.008400 -0.015412 -0.001442 0.008400 -0.015228 -0.001483 0.008400 -0.015040 -0.001499 0.008400 -0.014852 -0.001493 0.008400 -0.014666 -0.001462 0.008400 -0.014485 -0.001409 0.008400 -0.014313 -0.001333 0.008400 -0.014151 -0.001237 0.008400 -0.014003 -0.001121 0.008400 -0.013870 -0.000987 0.008400 -0.013756 -0.000837 0.008400 -0.013660 -0.000675 0.008400 -0.013586 -0.000502 0.008400 -0.013535 -0.000321 0.008400 -0.013506 -0.000134 0.008400 -0.013501 0.000054 0.008400 -0.013520 0.000241 0.008400 -0.013561 0.000425 0.008400 -0.013626 0.000602 0.008400 -0.013712 0.000769 0.008400 -0.013819 0.000925 0.008400 -0.013944 0.001065 0.008400 -0.014086 0.001189 0.008400 -0.014242 0.001295 0.008400 -0.014411 0.001379 0.008400 -0.014588 0.001442 0.008400 -0.014772 0.001483 0.008400 -0.014960 0.001499 0.008400 -0.015148 0.001493 0.008400 -0.015334 0.001462 0.008400 -0.015515 0.001409 0.008400 -0.015687 0.001333 0.008400 -0.015849 0.001237 0.008400 -0.015997 0.001121 0.008400 -0.016130 0.000987 0.008400 -0.016244 0.000837 0.008400 -0.016340 0.000675 0.008400 -0.016414 0.000502 0.008400 -0.016465 0.000321 0.008400 -0.016494 0.000134 0.008400 -0.016499 -0.000054 0.008400 -0.016480 -0.000241 0.008400 -0.016439 -0.000425 0.008400 -0.016374 -0.000602 0.008400 -0.016288 -0.000769 0.008400 -0.016181 -0.000925 0.008400 -0.016056 -0.001065 0.008400 -0.015914 -0.001189 0.008400 -0.013619 -0.000808 0.008500 -0.013727 -0.000969 0.008500 -0.013853 -0.001115 0.008500 -0.013995 -0.001245 0.008500 -0.014153 -0.001357 0.008500 -0.014323 -0.001450 0.008500 -0.014502 -0.001521 0.008500 -0.014689 -0.001570 0.008500 -0.014881 -0.001596 0.008500 -0.015074 -0.001598 0.008500 -0.015266 -0.001578 0.008500 -0.015454 -0.001534 0.008500 -0.015636 -0.001468 0.008500 -0.015808 -0.001381 0.008500 -0.015969 -0.001273 0.008500 -0.016115 -0.001147 0.008500 -0.016245 -0.001005 0.008500 -0.016357 -0.000847 0.008500 -0.016450 -0.000677 0.008500 -0.016521 -0.000498 0.008500 -0.016570 -0.000311 0.008500 -0.016596 -0.000119 0.008500 -0.016598 0.000074 0.008500 -0.016578 0.000266 0.008500 -0.016534 0.000454 0.008500 -0.016468 0.000636 0.008500 -0.016381 0.000808 0.008500 -0.016273 0.000969 0.008500 -0.016147 0.001115 0.008500 -0.016005 0.001245 0.008500 -0.015847 0.001357 0.008500 -0.015677 0.001450 0.008500 -0.015498 0.001521 0.008500 -0.015311 0.001570 0.008500 -0.015119 0.001596 0.008500 -0.014926 0.001598 0.008500 -0.014734 0.001578 0.008500 -0.014546 0.001534 0.008500 -0.014364 0.001468 0.008500 -0.014192 0.001381 0.008500 -0.014031 0.001273 0.008500 -0.013885 0.001147 0.008500 -0.013755 0.001005 0.008500 -0.013643 0.000847 0.008500 -0.013550 0.000677 0.008500 -0.013479 0.000498 0.008500 -0.013430 0.000311 0.008500 -0.013404 0.000119 0.008500 -0.013402 -0.000074 0.008500 -0.013422 -0.000266 0.008500 -0.013466 -0.000454 0.008500 -0.013532 -0.000636 0.008500 -0.013702 -0.000759 0.008426 -0.013694 -0.000764 0.008450 -0.013680 -0.000772 0.008471 -0.013662 -0.000783 0.008487 -0.013641 -0.000795 0.008497 -0.014494 -0.001416 0.008426 -0.016482 -0.000252 0.008426 -0.015506 0.001416 0.008426 -0.013518 0.000252 0.008426 -0.015683 -0.001339 0.008426 -0.015687 -0.001348 0.008450 -0.015694 -0.001363 0.008471 -0.015704 -0.001381 0.008487 -0.015715 -0.001402 0.008497 -0.015873 -0.001310 0.008497 -0.015859 -0.001290 0.008487 -0.015848 -0.001273 0.008471 -0.015839 -0.001259 0.008450 -0.015834 -0.001251 0.008426 -0.015523 -0.001410 0.008426 -0.015526 -0.001419 0.008450 -0.015532 -0.001434 0.008471 -0.015539 -0.001453 0.008487 -0.015547 -0.001476 0.008497 -0.015355 -0.001461 0.008426 -0.015358 -0.001471 0.008450 -0.015361 -0.001486 0.008471 -0.015366 -0.001506 0.008487 -0.015372 -0.001530 0.008497 -0.015183 -0.001492 0.008426 -0.015185 -0.001502 0.008450 -0.015187 -0.001518 0.008471 -0.015189 -0.001538 0.008487 -0.015192 -0.001562 0.008497 -0.015009 -0.001503 0.008426 -0.015009 -0.001513 0.008450 -0.015009 -0.001529 0.008471 -0.015009 -0.001550 0.008487 -0.015009 -0.001574 0.008497 -0.014834 -0.001494 0.008426 -0.014833 -0.001504 0.008450 -0.014831 -0.001520 0.008471 -0.014829 -0.001541 0.008487 -0.014827 -0.001565 0.008497 -0.014662 -0.001465 0.008426 -0.014660 -0.001475 0.008450 -0.014656 -0.001490 0.008471 -0.014651 -0.001510 0.008487 -0.014646 -0.001534 0.008497 -0.014333 -0.001347 0.008426 -0.014329 -0.001356 0.008450 -0.014322 -0.001371 0.008471 -0.014313 -0.001389 0.008487 -0.014302 -0.001411 0.008497 -0.014470 -0.001482 0.008497 -0.014478 -0.001460 0.008487 -0.014485 -0.001440 0.008471 -0.014491 -0.001425 0.008450 -0.014181 -0.001261 0.008426 -0.014176 -0.001269 0.008450 -0.014167 -0.001283 0.008471 -0.014156 -0.001300 0.008487 -0.014143 -0.001320 0.008497 -0.014040 -0.001157 0.008426 -0.014034 -0.001165 0.008450 -0.014024 -0.001177 0.008471 -0.014011 -0.001193 0.008487 -0.013995 -0.001212 0.008497 -0.013913 -0.001038 0.008426 -0.013905 -0.001045 0.008450 -0.013894 -0.001056 0.008471 -0.013879 -0.001070 0.008487 -0.013861 -0.001087 0.008497 -0.013799 -0.000905 0.008426 -0.013791 -0.000911 0.008450 -0.013779 -0.000920 0.008471 -0.013762 -0.000933 0.008487 -0.013743 -0.000947 0.008497 -0.013623 -0.000604 0.008426 -0.013614 -0.000608 0.008450 -0.013599 -0.000614 0.008471 -0.013580 -0.000622 0.008487 -0.013558 -0.000632 0.008497 -0.013562 -0.000440 0.008426 -0.013553 -0.000443 0.008450 -0.013538 -0.000447 0.008471 -0.013518 -0.000453 0.008487 -0.013495 -0.000460 0.008497 -0.013521 -0.000270 0.008426 -0.013511 -0.000272 0.008450 -0.013496 -0.000274 0.008471 -0.013475 -0.000278 0.008487 -0.013451 -0.000283 0.008497 -0.013500 -0.000096 0.008426 -0.013490 -0.000097 0.008450 -0.013474 -0.000098 0.008471 -0.013453 -0.000099 0.008487 -0.013429 -0.000101 0.008497 -0.013499 0.000079 0.008426 -0.013489 0.000079 0.008450 -0.013473 0.000080 0.008471 -0.013452 0.000081 0.008487 -0.013428 0.000082 0.008497 -0.013508 0.000254 0.008450 -0.013492 0.000257 0.008471 -0.013472 0.000260 0.008487 -0.013448 0.000264 0.008497 -0.013616 0.000587 0.008426 -0.013607 0.000591 0.008450 -0.013592 0.000597 0.008471 -0.013573 0.000606 0.008487 -0.013551 0.000615 0.008497 -0.013489 0.000443 0.008497 -0.013513 0.000436 0.008487 -0.013532 0.000430 0.008471 -0.013548 0.000425 0.008450 -0.013557 0.000423 0.008426 -0.013694 0.000744 0.008426 -0.013685 0.000749 0.008450 -0.013671 0.000757 0.008471 -0.013653 0.000767 0.008487 -0.013632 0.000779 0.008497 -0.013789 0.000891 0.008426 -0.013781 0.000897 0.008450 -0.013768 0.000906 0.008471 -0.013751 0.000918 0.008487 -0.013732 0.000933 0.008497 -0.013900 0.001025 0.008426 -0.013893 0.001032 0.008450 -0.013881 0.001043 0.008471 -0.013866 0.001057 0.008487 -0.013849 0.001073 0.008497 -0.014027 0.001146 0.008426 -0.014020 0.001154 0.008450 -0.014010 0.001166 0.008471 -0.013997 0.001181 0.008487 -0.013981 0.001200 0.008497 -0.014166 0.001251 0.008426 -0.014161 0.001259 0.008450 -0.014152 0.001273 0.008471 -0.014141 0.001290 0.008487 -0.014127 0.001310 0.008497 -0.014317 0.001339 0.008426 -0.014313 0.001348 0.008450 -0.014306 0.001363 0.008471 -0.014296 0.001381 0.008487 -0.014285 0.001402 0.008497 -0.014477 0.001410 0.008426 -0.014474 0.001419 0.008450 -0.014468 0.001434 0.008471 -0.014461 0.001453 0.008487 -0.014453 0.001476 0.008497 -0.014645 0.001461 0.008426 -0.014642 0.001471 0.008450 -0.014639 0.001486 0.008471 -0.014634 0.001506 0.008487 -0.014628 0.001530 0.008497 -0.014817 0.001492 0.008426 -0.014815 0.001502 0.008450 -0.014813 0.001518 0.008471 -0.014811 0.001538 0.008487 -0.014808 0.001562 0.008497 -0.014991 0.001503 0.008426 -0.014991 0.001513 0.008450 -0.014991 0.001529 0.008471 -0.014991 0.001550 0.008487 -0.014991 0.001574 0.008497 -0.015166 0.001494 0.008426 -0.015167 0.001504 0.008450 -0.015169 0.001520 0.008471 -0.015171 0.001541 0.008487 -0.015173 0.001565 0.008497 -0.015338 0.001465 0.008426 -0.015340 0.001475 0.008450 -0.015344 0.001490 0.008471 -0.015349 0.001510 0.008487 -0.015354 0.001534 0.008497 -0.015667 0.001347 0.008426 -0.015671 0.001356 0.008450 -0.015678 0.001371 0.008471 -0.015687 0.001389 0.008487 -0.015698 0.001411 0.008497 -0.015530 0.001482 0.008497 -0.015522 0.001460 0.008487 -0.015515 0.001440 0.008471 -0.015509 0.001425 0.008450 -0.015819 0.001261 0.008426 -0.015824 0.001269 0.008450 -0.015833 0.001283 0.008471 -0.015844 0.001300 0.008487 -0.015857 0.001320 0.008497 -0.015960 0.001157 0.008426 -0.015966 0.001165 0.008450 -0.015976 0.001177 0.008471 -0.015989 0.001193 0.008487 -0.016005 0.001212 0.008497 -0.016087 0.001038 0.008426 -0.016095 0.001045 0.008450 -0.016106 0.001056 0.008471 -0.016121 0.001070 0.008487 -0.016139 0.001087 0.008497 -0.016201 0.000905 0.008426 -0.016209 0.000911 0.008450 -0.016221 0.000920 0.008471 -0.016238 0.000933 0.008487 -0.016257 0.000947 0.008497 -0.016298 0.000759 0.008426 -0.016306 0.000764 0.008450 -0.016320 0.000772 0.008471 -0.016338 0.000783 0.008487 -0.016359 0.000795 0.008497 -0.016377 0.000604 0.008426 -0.016386 0.000608 0.008450 -0.016401 0.000614 0.008471 -0.016420 0.000622 0.008487 -0.016442 0.000632 0.008497 -0.016438 0.000440 0.008426 -0.016447 0.000443 0.008450 -0.016462 0.000447 0.008471 -0.016482 0.000453 0.008487 -0.016505 0.000460 0.008497 -0.016479 0.000270 0.008426 -0.016489 0.000272 0.008450 -0.016504 0.000274 0.008471 -0.016525 0.000278 0.008487 -0.016549 0.000283 0.008497 -0.016500 0.000096 0.008426 -0.016510 0.000097 0.008450 -0.016526 0.000098 0.008471 -0.016547 0.000099 0.008487 -0.016571 0.000101 0.008497 -0.016501 -0.000079 0.008426 -0.016511 -0.000079 0.008450 -0.016527 -0.000080 0.008471 -0.016548 -0.000081 0.008487 -0.016572 -0.000082 0.008497 -0.016492 -0.000254 0.008450 -0.016508 -0.000257 0.008471 -0.016528 -0.000260 0.008487 -0.016552 -0.000264 0.008497 -0.016384 -0.000587 0.008426 -0.016393 -0.000591 0.008450 -0.016408 -0.000597 0.008471 -0.016427 -0.000606 0.008487 -0.016449 -0.000615 0.008497 -0.016511 -0.000443 0.008497 -0.016487 -0.000436 0.008487 -0.016468 -0.000430 0.008471 -0.016452 -0.000425 0.008450 -0.016443 -0.000423 0.008426 -0.016306 -0.000744 0.008426 -0.016315 -0.000749 0.008450 -0.016329 -0.000757 0.008471 -0.016347 -0.000767 0.008487 -0.016368 -0.000779 0.008497 -0.016211 -0.000891 0.008426 -0.016219 -0.000897 0.008450 -0.016232 -0.000906 0.008471 -0.016249 -0.000918 0.008487 -0.016268 -0.000933 0.008497 -0.016100 -0.001025 0.008426 -0.016107 -0.001032 0.008450 -0.016119 -0.001043 0.008471 -0.016134 -0.001057 0.008487 -0.016151 -0.001073 0.008497 -0.015973 -0.001146 0.008426 -0.015980 -0.001154 0.008450 -0.015990 -0.001166 0.008471 -0.016003 -0.001181 0.008487 -0.016019 -0.001200 0.008497 -0.014242 0.001295 -0.005193 -0.014411 0.001379 -0.005193 -0.014588 0.001442 -0.005193 -0.014772 0.001483 -0.005193 -0.014960 0.001499 -0.005193 -0.015148 0.001493 -0.005193 -0.015334 0.001462 -0.005193 -0.015515 0.001409 -0.005193 -0.015687 0.001333 -0.005193 -0.015849 0.001237 -0.005193 -0.015997 0.001121 -0.005193 -0.016130 0.000987 -0.005193 -0.016244 0.000837 -0.005193 -0.016340 0.000675 -0.005193 -0.016414 0.000502 -0.005193 -0.016465 0.000321 -0.005193 -0.016494 0.000134 -0.005193 -0.016499 -0.000054 -0.005193 -0.016480 -0.000241 -0.005193 -0.016439 -0.000425 -0.005193 -0.016374 -0.000602 -0.005193 -0.016288 -0.000769 -0.005193 -0.016181 -0.000925 -0.005193 -0.016056 -0.001065 -0.005193 -0.015914 -0.001189 -0.005193 -0.015758 -0.001295 -0.005193 -0.015589 -0.001379 -0.005193 -0.015412 -0.001442 -0.005193 -0.015228 -0.001483 -0.005193 -0.015040 -0.001499 -0.005193 -0.014852 -0.001493 -0.005193 -0.014666 -0.001462 -0.005193 -0.014485 -0.001409 -0.005193 -0.014313 -0.001333 -0.005193 -0.014151 -0.001237 -0.005193 -0.014003 -0.001121 -0.005193 -0.013870 -0.000987 -0.005193 -0.013756 -0.000837 -0.005193 -0.013660 -0.000675 -0.005193 -0.013586 -0.000502 -0.005193 -0.013535 -0.000321 -0.005193 -0.013506 -0.000134 -0.005193 -0.013501 0.000054 -0.005193 -0.013520 0.000241 -0.005193 -0.013561 0.000425 -0.005193 -0.013626 0.000602 -0.005193 -0.013712 0.000769 -0.005193 -0.013819 0.000925 -0.005193 -0.013944 0.001065 -0.005193 -0.014086 0.001189 -0.005193 -0.015758 -0.001295 0.005002 -0.015758 -0.001295 0.001603 -0.015758 -0.001295 -0.001795 -0.015914 -0.001189 0.005002 -0.015914 -0.001189 0.001603 -0.015914 -0.001189 -0.001795 -0.016056 -0.001065 0.005002 -0.016056 -0.001065 0.001603 -0.016056 -0.001065 -0.001795 -0.016181 -0.000925 0.005002 -0.016181 -0.000925 0.001603 -0.016181 -0.000925 -0.001795 -0.016288 -0.000769 0.005002 -0.016288 -0.000769 0.001603 -0.016288 -0.000769 -0.001795 -0.016374 -0.000602 0.005002 -0.016374 -0.000602 0.001603 -0.016374 -0.000602 -0.001795 -0.016439 -0.000425 0.005002 -0.016439 -0.000425 0.001603 -0.016439 -0.000425 -0.001795 -0.016480 -0.000241 0.005002 -0.016480 -0.000241 0.001603 -0.016480 -0.000241 -0.001795 -0.016499 -0.000054 0.005002 -0.016499 -0.000054 0.001603 -0.016499 -0.000054 -0.001795 -0.016494 0.000134 0.005002 -0.016494 0.000134 0.001603 -0.016494 0.000134 -0.001795 -0.016465 0.000321 0.005002 -0.016465 0.000321 0.001603 -0.016465 0.000321 -0.001795 -0.016414 0.000502 0.005002 -0.016414 0.000502 0.001603 -0.016414 0.000502 -0.001795 -0.016340 0.000675 0.005002 -0.016340 0.000675 0.001603 -0.016340 0.000675 -0.001795 -0.016244 0.000837 0.005002 -0.016244 0.000837 0.001603 -0.016244 0.000837 -0.001795 -0.016130 0.000987 0.005002 -0.016130 0.000987 0.001603 -0.016130 0.000987 -0.001795 -0.015997 0.001121 0.005002 -0.015997 0.001121 0.001603 -0.015997 0.001121 -0.001795 -0.015849 0.001237 0.005002 -0.015849 0.001237 0.001603 -0.015849 0.001237 -0.001795 -0.015687 0.001333 0.005002 -0.015687 0.001333 0.001603 -0.015687 0.001333 -0.001795 -0.015515 0.001409 0.005002 -0.015515 0.001409 0.001603 -0.015515 0.001409 -0.001795 -0.015334 0.001462 0.005002 -0.015334 0.001462 0.001603 -0.015334 0.001462 -0.001795 -0.015148 0.001493 0.005002 -0.015148 0.001493 0.001603 -0.015148 0.001493 -0.001795 -0.014960 0.001499 0.005002 -0.014960 0.001499 0.001603 -0.014960 0.001499 -0.001795 -0.014772 0.001483 0.005002 -0.014772 0.001483 0.001603 -0.014772 0.001483 -0.001795 -0.014588 0.001442 0.005002 -0.014588 0.001442 0.001603 -0.014588 0.001442 -0.001795 -0.014411 0.001379 0.005002 -0.014411 0.001379 0.001603 -0.014411 0.001379 -0.001795 -0.014242 0.001295 0.005002 -0.014242 0.001295 0.001603 -0.014242 0.001295 -0.001795 -0.014086 0.001189 0.005002 -0.014086 0.001189 0.001603 -0.014086 0.001189 -0.001795 -0.013944 0.001065 0.005002 -0.013944 0.001065 0.001603 -0.013944 0.001065 -0.001795 -0.013819 0.000925 0.005002 -0.013819 0.000925 0.001603 -0.013819 0.000925 -0.001795 -0.013712 0.000769 0.005002 -0.013712 0.000769 0.001603 -0.013712 0.000769 -0.001795 -0.013626 0.000602 0.005002 -0.013626 0.000602 0.001603 -0.013626 0.000602 -0.001795 -0.013561 0.000425 0.005002 -0.013561 0.000425 0.001603 -0.013561 0.000425 -0.001795 -0.013520 0.000241 0.005002 -0.013520 0.000241 0.001603 -0.013520 0.000241 -0.001795 -0.013501 0.000054 0.005002 -0.013501 0.000054 0.001603 -0.013501 0.000054 -0.001795 -0.013506 -0.000134 0.005002 -0.013506 -0.000134 0.001603 -0.013506 -0.000134 -0.001795 -0.013535 -0.000321 0.005002 -0.013535 -0.000321 0.001603 -0.013535 -0.000321 -0.001795 -0.013586 -0.000502 0.005002 -0.013586 -0.000502 0.001603 -0.013586 -0.000502 -0.001795 -0.013660 -0.000675 0.005002 -0.013660 -0.000675 0.001603 -0.013660 -0.000675 -0.001795 -0.013756 -0.000837 0.005002 -0.013756 -0.000837 0.001603 -0.013756 -0.000837 -0.001795 -0.013870 -0.000987 0.005002 -0.013870 -0.000987 0.001603 -0.013870 -0.000987 -0.001795 -0.014003 -0.001121 0.005002 -0.014003 -0.001121 0.001603 -0.014003 -0.001121 -0.001795 -0.014151 -0.001237 0.005002 -0.014151 -0.001237 0.001603 -0.014151 -0.001237 -0.001795 -0.014313 -0.001333 0.005002 -0.014313 -0.001333 0.001603 -0.014313 -0.001333 -0.001795 -0.014485 -0.001409 0.005002 -0.014485 -0.001409 0.001603 -0.014485 -0.001409 -0.001795 -0.014666 -0.001462 0.005002 -0.014666 -0.001462 0.001603 -0.014666 -0.001462 -0.001795 -0.014852 -0.001493 0.005002 -0.014852 -0.001493 0.001603 -0.014852 -0.001493 -0.001795 -0.015040 -0.001499 0.005002 -0.015040 -0.001499 0.001603 -0.015040 -0.001499 -0.001795 -0.015228 -0.001483 0.005002 -0.015228 -0.001483 0.001603 -0.015228 -0.001483 -0.001795 -0.015412 -0.001442 0.005002 -0.015412 -0.001442 0.001603 -0.015412 -0.001442 -0.001795 -0.015589 -0.001379 0.005002 -0.015589 -0.001379 0.001603 -0.015589 -0.001379 -0.001795 -0.016389 -0.002373 0.008500 -0.016602 -0.002235 0.008500 -0.016802 -0.002078 0.008500 -0.016986 -0.001903 0.008500 -0.017153 -0.001711 0.008500 -0.017301 -0.001505 0.008500 -0.017430 -0.001287 0.008500 -0.017539 -0.001057 0.008500 -0.017625 -0.000818 0.008500 -0.017690 -0.000572 0.008500 -0.017731 -0.000322 0.008500 -0.017749 -0.000068 0.008500 -0.017744 0.000186 0.008500 -0.017715 0.000438 0.008500 -0.017663 0.000687 0.008500 -0.017588 0.000929 0.008500 -0.017491 0.001164 0.008500 -0.017373 0.001389 0.008500 -0.017235 0.001602 0.008500 -0.017078 0.001802 0.008500 -0.016903 0.001986 0.008500 -0.016711 0.002153 0.008500 -0.016505 0.002301 0.008500 -0.016287 0.002430 0.008500 -0.016057 0.002539 0.008500 -0.015818 0.002625 0.008500 -0.015572 0.002690 0.008500 -0.015322 0.002731 0.008500 -0.015068 0.002749 0.008500 -0.014814 0.002744 0.008500 -0.014562 0.002715 0.008500 -0.014313 0.002663 0.008500 -0.014071 0.002588 0.008500 -0.013836 0.002491 0.008500 -0.013611 0.002373 0.008500 -0.013398 0.002235 0.008500 -0.013198 0.002078 0.008500 -0.013014 0.001903 0.008500 -0.012847 0.001711 0.008500 -0.012699 0.001505 0.008500 -0.012570 0.001287 0.008500 -0.012461 0.001057 0.008500 -0.012375 0.000818 0.008500 -0.012310 0.000572 0.008500 -0.012269 0.000322 0.008500 -0.012251 0.000068 0.008500 -0.012256 -0.000186 0.008500 -0.012285 -0.000438 0.008500 -0.012337 -0.000687 0.008500 -0.012412 -0.000929 0.008500 -0.012509 -0.001164 0.008500 -0.012627 -0.001389 0.008500 -0.012765 -0.001602 0.008500 -0.012922 -0.001802 0.008500 -0.013097 -0.001986 0.008500 -0.013289 -0.002153 0.008500 -0.013495 -0.002301 0.008500 -0.013713 -0.002430 0.008500 -0.013943 -0.002539 0.008500 -0.014182 -0.002625 0.008500 -0.014428 -0.002690 0.008500 -0.014678 -0.002731 0.008500 -0.014932 -0.002749 0.008500 -0.015186 -0.002744 0.008500 -0.015438 -0.002715 0.008500 -0.015687 -0.002663 0.008500 -0.015929 -0.002588 0.008500 -0.016164 -0.002491 0.008500 -0.014397 0.001030 -0.005500 -0.014546 0.001104 -0.005500 -0.014704 0.001156 -0.005500 -0.014868 0.001186 -0.005500 -0.015035 0.001193 -0.005500 -0.015200 0.001176 -0.005500 -0.015362 0.001137 -0.005500 -0.015517 0.001076 -0.005500 -0.015661 0.000993 -0.005500 -0.015793 0.000891 -0.005500 -0.015910 0.000772 -0.005500 -0.016008 0.000638 -0.005500 -0.016087 0.000492 -0.005500 -0.016145 0.000336 -0.005500 -0.016181 0.000173 -0.005500 -0.016193 0.000007 -0.005500 -0.016183 -0.000159 -0.005500 -0.016149 -0.000322 -0.005500 -0.016093 -0.000479 -0.005500 -0.016016 -0.000626 -0.005500 -0.015919 -0.000762 -0.005500 -0.015804 -0.000882 -0.005500 -0.015673 -0.000985 -0.005500 -0.015529 -0.001069 -0.005500 -0.015375 -0.001133 -0.005500 -0.015214 -0.001174 -0.005500 -0.015049 -0.001192 -0.005500 -0.014882 -0.001187 -0.005500 -0.014718 -0.001160 -0.005500 -0.014560 -0.001109 -0.005500 -0.014409 -0.001037 -0.005500 -0.014271 -0.000945 -0.005500 -0.014147 -0.000834 -0.005500 -0.014039 -0.000707 -0.005500 -0.013950 -0.000566 -0.005500 -0.013881 -0.000415 -0.005500 -0.013834 -0.000255 -0.005500 -0.013810 -0.000090 -0.005500 -0.013809 0.000076 -0.005500 -0.013831 0.000241 -0.005500 -0.013876 0.000401 -0.005500 -0.013943 0.000554 -0.005500 -0.014030 0.000696 -0.005500 -0.014137 0.000824 -0.005500 -0.014260 0.000936 -0.005500 -0.012886 -0.001238 0.011500 -0.013017 -0.001439 0.011500 -0.013168 -0.001626 0.011500 -0.013336 -0.001798 0.011500 -0.013520 -0.001952 0.011500 -0.013719 -0.002088 0.011500 -0.013929 -0.002204 0.011500 -0.014151 -0.002298 0.011500 -0.014380 -0.002370 0.011500 -0.014615 -0.002420 0.011500 -0.014854 -0.002446 0.011500 -0.015095 -0.002448 0.011500 -0.015334 -0.002427 0.011500 -0.015570 -0.002383 0.011500 -0.015801 -0.002315 0.011500 -0.016024 -0.002226 0.011500 -0.016238 -0.002114 0.011500 -0.016439 -0.001983 0.011500 -0.016626 -0.001832 0.011500 -0.016798 -0.001664 0.011500 -0.016952 -0.001480 0.011500 -0.017088 -0.001281 0.011500 -0.017204 -0.001071 0.011500 -0.017298 -0.000849 0.011500 -0.017370 -0.000620 0.011500 -0.017420 -0.000385 0.011500 -0.017446 -0.000146 0.011500 -0.017448 0.000095 0.011500 -0.017427 0.000334 0.011500 -0.017383 0.000570 0.011500 -0.017315 0.000801 0.011500 -0.017226 0.001024 0.011500 -0.017114 0.001238 0.011500 -0.016983 0.001439 0.011500 -0.016832 0.001626 0.011500 -0.016664 0.001798 0.011500 -0.016480 0.001952 0.011500 -0.016281 0.002088 0.011500 -0.016071 0.002204 0.011500 -0.015849 0.002298 0.011500 -0.015620 0.002370 0.011500 -0.015385 0.002420 0.011500 -0.015146 0.002446 0.011500 -0.014905 0.002448 0.011500 -0.014666 0.002427 0.011500 -0.014430 0.002383 0.011500 -0.014199 0.002315 0.011500 -0.013976 0.002226 0.011500 -0.013762 0.002114 0.011500 -0.013561 0.001983 0.011500 -0.013374 0.001832 0.011500 -0.013202 0.001664 0.011500 -0.013048 0.001480 0.011500 -0.012912 0.001281 0.011500 -0.012796 0.001071 0.011500 -0.012702 0.000849 0.011500 -0.012630 0.000620 0.011500 -0.012580 0.000385 0.011500 -0.012554 0.000146 0.011500 -0.012552 -0.000095 0.011500 -0.012573 -0.000334 0.011500 -0.012617 -0.000570 0.011500 -0.012685 -0.000801 0.011500 -0.012774 -0.001024 0.011500 -0.016389 -0.002373 0.011200 -0.016164 -0.002491 0.011200 -0.015929 -0.002588 0.011200 -0.015687 -0.002663 0.011200 -0.015438 -0.002715 0.011200 -0.015186 -0.002744 0.011200 -0.014932 -0.002749 0.011200 -0.014678 -0.002731 0.011200 -0.014428 -0.002690 0.011200 -0.014182 -0.002625 0.011200 -0.013943 -0.002539 0.011200 -0.013713 -0.002430 0.011200 -0.013495 -0.002301 0.011200 -0.013289 -0.002153 0.011200 -0.013097 -0.001986 0.011200 -0.012922 -0.001802 0.011200 -0.012765 -0.001602 0.011200 -0.012627 -0.001389 0.011200 -0.012509 -0.001164 0.011200 -0.012412 -0.000929 0.011200 -0.012337 -0.000687 0.011200 -0.012285 -0.000438 0.011200 -0.012256 -0.000186 0.011200 -0.012251 0.000068 0.011200 -0.012269 0.000322 0.011200 -0.012310 0.000572 0.011200 -0.012375 0.000818 0.011200 -0.012461 0.001057 0.011200 -0.012570 0.001287 0.011200 -0.012699 0.001505 0.011200 -0.012847 0.001711 0.011200 -0.013014 0.001903 0.011200 -0.013198 0.002078 0.011200 -0.013398 0.002235 0.011200 -0.013611 0.002373 0.011200 -0.013836 0.002491 0.011200 -0.014071 0.002588 0.011200 -0.014313 0.002663 0.011200 -0.014562 0.002715 0.011200 -0.014814 0.002744 0.011200 -0.015068 0.002749 0.011200 -0.015322 0.002731 0.011200 -0.015572 0.002690 0.011200 -0.015818 0.002625 0.011200 -0.016057 0.002539 0.011200 -0.016287 0.002430 0.011200 -0.016505 0.002301 0.011200 -0.016711 0.002153 0.011200 -0.016903 0.001986 0.011200 -0.017078 0.001802 0.011200 -0.017235 0.001602 0.011200 -0.017373 0.001389 0.011200 -0.017491 0.001164 0.011200 -0.017588 0.000929 0.011200 -0.017663 0.000687 0.011200 -0.017715 0.000438 0.011200 -0.017744 0.000186 0.011200 -0.017749 -0.000068 0.011200 -0.017731 -0.000322 0.011200 -0.017690 -0.000572 0.011200 -0.017625 -0.000818 0.011200 -0.017539 -0.001057 0.011200 -0.017430 -0.001287 0.011200 -0.017301 -0.001505 0.011200 -0.017153 -0.001711 0.011200 -0.016986 -0.001903 0.011200 -0.016802 -0.002078 0.011200 -0.016602 -0.002235 0.011200 -0.012819 -0.001277 0.011490 -0.012756 -0.001313 0.011460 -0.012702 -0.001345 0.011412 -0.012661 -0.001369 0.011350 -0.012635 -0.001384 0.011278 -0.012946 -0.001473 0.011490 -0.012887 -0.001515 0.011460 -0.012836 -0.001551 0.011412 -0.012798 -0.001579 0.011350 -0.012773 -0.001596 0.011278 -0.013090 -0.001656 0.011490 -0.013036 -0.001703 0.011460 -0.012989 -0.001744 0.011412 -0.012953 -0.001775 0.011350 -0.012930 -0.001795 0.011278 -0.013251 -0.001825 0.011490 -0.013201 -0.001877 0.011460 -0.013158 -0.001922 0.011412 -0.013125 -0.001957 0.011350 -0.013104 -0.001978 0.011278 -0.013427 -0.001979 0.011490 -0.013382 -0.002035 0.011460 -0.013343 -0.002084 0.011412 -0.013314 -0.002121 0.011350 -0.013295 -0.002145 0.011278 -0.013616 -0.002115 0.011490 -0.013577 -0.002176 0.011460 -0.013543 -0.002228 0.011412 -0.013517 -0.002268 0.011350 -0.013500 -0.002293 0.011278 -0.013817 -0.002234 0.011490 -0.013784 -0.002298 0.011460 -0.013754 -0.002353 0.011412 -0.013732 -0.002395 0.011350 -0.013718 -0.002421 0.011278 -0.014029 -0.002334 0.011490 -0.014001 -0.002400 0.011460 -0.013977 -0.002458 0.011412 -0.013959 -0.002502 0.011350 -0.013947 -0.002529 0.011278 -0.014248 -0.002413 0.011490 -0.014226 -0.002482 0.011460 -0.014208 -0.002542 0.011412 -0.014194 -0.002587 0.011350 -0.014185 -0.002616 0.011278 -0.014474 -0.002472 0.011490 -0.014459 -0.002543 0.011460 -0.014446 -0.002604 0.011412 -0.014436 -0.002650 0.011350 -0.014430 -0.002680 0.011278 -0.014704 -0.002510 0.011490 -0.014696 -0.002582 0.011460 -0.014688 -0.002644 0.011412 -0.014683 -0.002691 0.011350 -0.014679 -0.002721 0.011278 -0.014937 -0.002527 0.011490 -0.014935 -0.002599 0.011460 -0.014934 -0.002661 0.011412 -0.014933 -0.002709 0.011350 -0.014932 -0.002739 0.011278 -0.015171 -0.002522 0.011490 -0.015175 -0.002594 0.011460 -0.015180 -0.002656 0.011412 -0.015183 -0.002704 0.011350 -0.015185 -0.002734 0.011278 -0.015402 -0.002495 0.011490 -0.015414 -0.002567 0.011460 -0.015424 -0.002628 0.011412 -0.015431 -0.002675 0.011350 -0.015436 -0.002705 0.011278 -0.015631 -0.002448 0.011490 -0.015649 -0.002518 0.011460 -0.015665 -0.002578 0.011412 -0.015676 -0.002624 0.011350 -0.015684 -0.002653 0.011278 -0.015854 -0.002379 0.011490 -0.015879 -0.002447 0.011460 -0.015900 -0.002506 0.011412 -0.015916 -0.002550 0.011350 -0.015926 -0.002579 0.011278 -0.016070 -0.002290 0.011490 -0.016101 -0.002356 0.011460 -0.016127 -0.002412 0.011412 -0.016147 -0.002455 0.011350 -0.016160 -0.002482 0.011278 -0.016473 -0.002054 0.011490 -0.016515 -0.002113 0.011460 -0.016551 -0.002164 0.011412 -0.016579 -0.002202 0.011350 -0.016596 -0.002227 0.011278 -0.016384 -0.002365 0.011278 -0.016369 -0.002339 0.011350 -0.016345 -0.002298 0.011412 -0.016313 -0.002244 0.011460 -0.016277 -0.002182 0.011490 -0.016656 -0.001910 0.011490 -0.016703 -0.001964 0.011460 -0.016744 -0.002011 0.011412 -0.016775 -0.002047 0.011350 -0.016795 -0.002070 0.011278 -0.016825 -0.001749 0.011490 -0.016877 -0.001799 0.011460 -0.016922 -0.001842 0.011412 -0.016957 -0.001875 0.011350 -0.016978 -0.001896 0.011278 -0.016979 -0.001573 0.011490 -0.017035 -0.001618 0.011460 -0.017084 -0.001657 0.011412 -0.017121 -0.001686 0.011350 -0.017145 -0.001705 0.011278 -0.017115 -0.001384 0.011490 -0.017176 -0.001423 0.011460 -0.017228 -0.001457 0.011412 -0.017268 -0.001483 0.011350 -0.017293 -0.001500 0.011278 -0.017234 -0.001183 0.011490 -0.017298 -0.001216 0.011460 -0.017353 -0.001246 0.011412 -0.017395 -0.001268 0.011350 -0.017421 -0.001282 0.011278 -0.017334 -0.000971 0.011490 -0.017400 -0.000999 0.011460 -0.017458 -0.001023 0.011412 -0.017502 -0.001041 0.011350 -0.017529 -0.001053 0.011278 -0.017413 -0.000752 0.011490 -0.017482 -0.000774 0.011460 -0.017542 -0.000792 0.011412 -0.017587 -0.000806 0.011350 -0.017616 -0.000815 0.011278 -0.017472 -0.000526 0.011490 -0.017543 -0.000541 0.011460 -0.017604 -0.000554 0.011412 -0.017650 -0.000564 0.011350 -0.017680 -0.000570 0.011278 -0.017510 -0.000296 0.011490 -0.017582 -0.000304 0.011460 -0.017644 -0.000312 0.011412 -0.017691 -0.000317 0.011350 -0.017721 -0.000321 0.011278 -0.017527 -0.000063 0.011490 -0.017599 -0.000065 0.011460 -0.017661 -0.000066 0.011412 -0.017709 -0.000067 0.011350 -0.017739 -0.000068 0.011278 -0.017522 0.000171 0.011490 -0.017594 0.000175 0.011460 -0.017656 0.000180 0.011412 -0.017704 0.000183 0.011350 -0.017734 0.000185 0.011278 -0.017495 0.000402 0.011490 -0.017567 0.000414 0.011460 -0.017628 0.000424 0.011412 -0.017675 0.000431 0.011350 -0.017705 0.000436 0.011278 -0.017448 0.000631 0.011490 -0.017518 0.000649 0.011460 -0.017578 0.000665 0.011412 -0.017624 0.000676 0.011350 -0.017653 0.000684 0.011278 -0.017379 0.000854 0.011490 -0.017447 0.000879 0.011460 -0.017506 0.000900 0.011412 -0.017550 0.000916 0.011350 -0.017579 0.000926 0.011278 -0.017290 0.001070 0.011490 -0.017356 0.001101 0.011460 -0.017412 0.001127 0.011412 -0.017455 0.001147 0.011350 -0.017482 0.001160 0.011278 -0.017054 0.001473 0.011490 -0.017113 0.001515 0.011460 -0.017164 0.001551 0.011412 -0.017202 0.001579 0.011350 -0.017227 0.001596 0.011278 -0.017365 0.001384 0.011278 -0.017339 0.001369 0.011350 -0.017298 0.001345 0.011412 -0.017244 0.001313 0.011460 -0.017182 0.001277 0.011490 -0.016910 0.001656 0.011490 -0.016964 0.001703 0.011460 -0.017011 0.001744 0.011412 -0.017047 0.001775 0.011350 -0.017070 0.001795 0.011278 -0.016749 0.001825 0.011490 -0.016799 0.001877 0.011460 -0.016842 0.001922 0.011412 -0.016875 0.001957 0.011350 -0.016896 0.001978 0.011278 -0.016573 0.001979 0.011490 -0.016618 0.002035 0.011460 -0.016657 0.002084 0.011412 -0.016686 0.002121 0.011350 -0.016705 0.002145 0.011278 -0.016384 0.002115 0.011490 -0.016423 0.002176 0.011460 -0.016457 0.002228 0.011412 -0.016483 0.002268 0.011350 -0.016500 0.002293 0.011278 -0.016183 0.002234 0.011490 -0.016216 0.002298 0.011460 -0.016246 0.002353 0.011412 -0.016268 0.002395 0.011350 -0.016282 0.002421 0.011278 -0.015971 0.002334 0.011490 -0.015999 0.002400 0.011460 -0.016023 0.002458 0.011412 -0.016041 0.002502 0.011350 -0.016053 0.002529 0.011278 -0.015752 0.002413 0.011490 -0.015774 0.002482 0.011460 -0.015792 0.002542 0.011412 -0.015806 0.002587 0.011350 -0.015815 0.002616 0.011278 -0.015526 0.002472 0.011490 -0.015541 0.002543 0.011460 -0.015554 0.002604 0.011412 -0.015564 0.002650 0.011350 -0.015570 0.002680 0.011278 -0.015296 0.002510 0.011490 -0.015304 0.002582 0.011460 -0.015312 0.002644 0.011412 -0.015317 0.002691 0.011350 -0.015321 0.002721 0.011278 -0.015063 0.002527 0.011490 -0.015065 0.002599 0.011460 -0.015066 0.002661 0.011412 -0.015067 0.002709 0.011350 -0.015068 0.002739 0.011278 -0.014829 0.002522 0.011490 -0.014825 0.002594 0.011460 -0.014820 0.002656 0.011412 -0.014817 0.002704 0.011350 -0.014815 0.002734 0.011278 -0.014598 0.002495 0.011490 -0.014586 0.002567 0.011460 -0.014576 0.002628 0.011412 -0.014569 0.002675 0.011350 -0.014564 0.002705 0.011278 -0.014369 0.002448 0.011490 -0.014351 0.002518 0.011460 -0.014335 0.002578 0.011412 -0.014324 0.002624 0.011350 -0.014316 0.002653 0.011278 -0.014146 0.002379 0.011490 -0.014121 0.002447 0.011460 -0.014100 0.002506 0.011412 -0.014084 0.002550 0.011350 -0.014074 0.002579 0.011278 -0.013930 0.002290 0.011490 -0.013899 0.002356 0.011460 -0.013873 0.002412 0.011412 -0.013853 0.002455 0.011350 -0.013840 0.002482 0.011278 -0.013527 0.002054 0.011490 -0.013485 0.002113 0.011460 -0.013449 0.002164 0.011412 -0.013421 0.002202 0.011350 -0.013404 0.002227 0.011278 -0.013616 0.002365 0.011278 -0.013631 0.002339 0.011350 -0.013655 0.002298 0.011412 -0.013687 0.002244 0.011460 -0.013723 0.002182 0.011490 -0.013344 0.001910 0.011490 -0.013297 0.001964 0.011460 -0.013256 0.002011 0.011412 -0.013225 0.002047 0.011350 -0.013205 0.002070 0.011278 -0.013175 0.001749 0.011490 -0.013123 0.001799 0.011460 -0.013078 0.001842 0.011412 -0.013043 0.001875 0.011350 -0.013022 0.001896 0.011278 -0.013021 0.001573 0.011490 -0.012965 0.001618 0.011460 -0.012916 0.001657 0.011412 -0.012879 0.001686 0.011350 -0.012855 0.001705 0.011278 -0.012885 0.001384 0.011490 -0.012824 0.001423 0.011460 -0.012772 0.001457 0.011412 -0.012732 0.001483 0.011350 -0.012707 0.001500 0.011278 -0.012766 0.001183 0.011490 -0.012702 0.001216 0.011460 -0.012647 0.001246 0.011412 -0.012605 0.001268 0.011350 -0.012579 0.001282 0.011278 -0.012666 0.000971 0.011490 -0.012600 0.000999 0.011460 -0.012542 0.001023 0.011412 -0.012498 0.001041 0.011350 -0.012471 0.001053 0.011278 -0.012587 0.000752 0.011490 -0.012518 0.000774 0.011460 -0.012458 0.000792 0.011412 -0.012413 0.000806 0.011350 -0.012384 0.000815 0.011278 -0.012528 0.000526 0.011490 -0.012457 0.000541 0.011460 -0.012396 0.000554 0.011412 -0.012350 0.000564 0.011350 -0.012320 0.000570 0.011278 -0.012490 0.000296 0.011490 -0.012418 0.000304 0.011460 -0.012356 0.000312 0.011412 -0.012309 0.000317 0.011350 -0.012279 0.000321 0.011278 -0.012473 0.000063 0.011490 -0.012401 0.000065 0.011460 -0.012339 0.000066 0.011412 -0.012291 0.000067 0.011350 -0.012261 0.000068 0.011278 -0.012478 -0.000171 0.011490 -0.012406 -0.000175 0.011460 -0.012344 -0.000180 0.011412 -0.012296 -0.000183 0.011350 -0.012266 -0.000185 0.011278 -0.012505 -0.000402 0.011490 -0.012433 -0.000414 0.011460 -0.012372 -0.000424 0.011412 -0.012325 -0.000431 0.011350 -0.012295 -0.000436 0.011278 -0.012552 -0.000631 0.011490 -0.012482 -0.000649 0.011460 -0.012422 -0.000665 0.011412 -0.012376 -0.000676 0.011350 -0.012347 -0.000684 0.011278 -0.012621 -0.000854 0.011490 -0.012553 -0.000879 0.011460 -0.012494 -0.000900 0.011412 -0.012450 -0.000916 0.011350 -0.012421 -0.000926 0.011278 -0.012710 -0.001070 0.011490 -0.012644 -0.001101 0.011460 -0.012588 -0.001127 0.011412 -0.012545 -0.001147 0.011350 -0.012518 -0.001160 0.011278 -0.014991 0.001443 0.011500 -0.013746 0.000714 0.011500 -0.013754 -0.000729 0.011500 -0.015009 -0.001443 0.011500 -0.016254 -0.000714 0.011500 -0.016246 0.000729 0.011500 -0.016254 -0.000714 0.010200 -0.016254 -0.000613 0.010172 -0.016253 -0.000516 0.010149 -0.016252 -0.000334 0.010115 -0.016251 -0.000161 0.010095 -0.016250 0.000007 0.010088 -0.016249 0.000176 0.010095 -0.016248 0.000348 0.010115 -0.016247 0.000531 0.010149 -0.016246 0.000628 0.010172 -0.016246 0.000729 0.010200 -0.016158 0.000779 0.010172 -0.016074 0.000827 0.010149 -0.015915 0.000917 0.010115 -0.015765 0.001003 0.010095 -0.015619 0.001086 0.010088 -0.015472 0.001169 0.010095 -0.015322 0.001255 0.010115 -0.015164 0.001345 0.010149 -0.015080 0.001393 0.010172 -0.014991 0.001443 0.010200 -0.014904 0.001392 0.010172 -0.014820 0.001343 0.010149 -0.014663 0.001251 0.010115 -0.014514 0.001164 0.010095 -0.014369 0.001079 0.010088 -0.014223 0.000994 0.010095 -0.014074 0.000907 0.010115 -0.013917 0.000814 0.010149 -0.013833 0.000766 0.010172 -0.013746 0.000714 0.010200 -0.013746 0.000613 0.010172 -0.013747 0.000516 0.010149 -0.013748 0.000334 0.010115 -0.013749 0.000161 0.010095 -0.013750 -0.000007 0.010088 -0.013751 -0.000176 0.010095 -0.013752 -0.000348 0.010115 -0.013753 -0.000531 0.010149 -0.013754 -0.000628 0.010172 -0.013754 -0.000729 0.010200 -0.015009 -0.001443 0.010200 -0.015096 -0.001392 0.010172 -0.015180 -0.001343 0.010149 -0.015337 -0.001251 0.010115 -0.015486 -0.001164 0.010095 -0.015631 -0.001079 0.010088 -0.015777 -0.000994 0.010095 -0.015926 -0.000907 0.010115 -0.016083 -0.000814 0.010149 -0.016167 -0.000766 0.010172 -0.013842 -0.000779 0.010172 -0.013926 -0.000827 0.010149 -0.014085 -0.000917 0.010115 -0.014235 -0.001003 0.010095 -0.014381 -0.001086 0.010088 -0.014528 -0.001169 0.010095 -0.014678 -0.001255 0.010115 -0.014836 -0.001345 0.010149 -0.014920 -0.001393 0.010172 -0.015000 -0.000000 0.009367 -0.016061 0.000621 -0.002656 -0.015992 0.000727 -0.002656 -0.015912 0.000825 -0.002656 -0.015822 0.000914 -0.002656 -0.015724 0.000994 -0.002656 -0.015618 0.001063 -0.002656 -0.015505 0.001121 -0.002656 -0.015387 0.001167 -0.002656 -0.015265 0.001201 -0.002656 -0.015140 0.001221 -0.002656 -0.015014 0.001229 -0.002656 -0.014887 0.001224 -0.002656 -0.014762 0.001206 -0.002656 -0.014639 0.001175 -0.002656 -0.014520 0.001132 -0.002656 -0.014406 0.001077 -0.002656 -0.014299 0.001010 -0.002656 -0.014199 0.000933 -0.002656 -0.014107 0.000845 -0.002656 -0.014025 0.000749 -0.002656 -0.013953 0.000645 -0.002656 -0.013892 0.000534 -0.002656 -0.013843 0.000417 -0.002656 -0.013807 0.000296 -0.002656 -0.013783 0.000172 -0.002656 -0.013771 0.000045 -0.002656 -0.013773 -0.000081 -0.002656 -0.013788 -0.000207 -0.002656 -0.013816 -0.000330 -0.002656 -0.013856 -0.000450 -0.002656 -0.013908 -0.000566 -0.002656 -0.013972 -0.000675 -0.002656 -0.014047 -0.000777 -0.002656 -0.014132 -0.000871 -0.002656 -0.014226 -0.000955 -0.002656 -0.014329 -0.001030 -0.002656 -0.014438 -0.001094 -0.002656 -0.014553 -0.001146 -0.002656 -0.014674 -0.001185 -0.002656 -0.014797 -0.001213 -0.002656 -0.014923 -0.001227 -0.002656 -0.015049 -0.001228 -0.002656 -0.015176 -0.001217 -0.002656 -0.015300 -0.001192 -0.002656 -0.015421 -0.001155 -0.002656 -0.015537 -0.001106 -0.002656 -0.015648 -0.001045 -0.002656 -0.015752 -0.000973 -0.002656 -0.015848 -0.000890 -0.002656 -0.015935 -0.000798 -0.002656 -0.016012 -0.000698 -0.002656 -0.016079 -0.000590 -0.002656 -0.016134 -0.000476 -0.002656 -0.016177 -0.000357 -0.002656 -0.016207 -0.000234 -0.002656 -0.016225 -0.000109 -0.002656 -0.016229 0.000018 -0.002656 -0.016221 0.000144 -0.002656 -0.016200 0.000269 -0.002656 -0.016166 0.000391 -0.002656 -0.016119 0.000509 -0.002656 -0.013705 -0.000758 -0.002500 -0.013640 -0.000633 -0.002500 -0.013587 -0.000503 -0.002500 -0.013546 -0.000369 -0.002500 -0.013518 -0.000231 -0.002500 -0.013503 -0.000091 -0.002500 -0.013501 0.000050 -0.002500 -0.013512 0.000190 -0.002500 -0.013536 0.000328 -0.002500 -0.013573 0.000464 -0.002500 -0.013623 0.000596 -0.002500 -0.013685 0.000722 -0.002500 -0.013758 0.000842 -0.002500 -0.013843 0.000954 -0.002500 -0.013937 0.001059 -0.002500 -0.014041 0.001153 -0.002500 -0.014153 0.001238 -0.002500 -0.014273 0.001312 -0.002500 -0.014399 0.001374 -0.002500 -0.014530 0.001425 -0.002500 -0.014666 0.001462 -0.002500 -0.014804 0.001487 -0.002500 -0.014944 0.001499 -0.002500 -0.015085 0.001498 -0.002500 -0.015225 0.001483 -0.002500 -0.015363 0.001456 -0.002500 -0.015497 0.001415 -0.002500 -0.015628 0.001363 -0.002500 -0.015753 0.001298 -0.002500 -0.015871 0.001222 -0.002500 -0.015981 0.001135 -0.002500 -0.016083 0.001038 -0.002500 -0.016176 0.000932 -0.002500 -0.016258 0.000818 -0.002500 -0.016329 0.000696 -0.002500 -0.016388 0.000569 -0.002500 -0.016435 0.000436 -0.002500 -0.016470 0.000300 -0.002500 -0.016491 0.000161 -0.002500 -0.016500 0.000021 -0.002500 -0.016495 -0.000120 -0.002500 -0.016478 -0.000259 -0.002500 -0.016447 -0.000397 -0.002500 -0.016403 -0.000530 -0.002500 -0.016347 -0.000659 -0.002500 -0.016280 -0.000783 -0.002500 -0.016201 -0.000899 -0.002500 -0.016111 -0.001008 -0.002500 -0.016012 -0.001107 -0.002500 -0.015904 -0.001197 -0.002500 -0.015788 -0.001277 -0.002500 -0.015665 -0.001345 -0.002500 -0.015536 -0.001401 -0.002500 -0.015402 -0.001445 -0.002500 -0.015265 -0.001476 -0.002500 -0.015126 -0.001495 -0.002500 -0.014985 -0.001500 -0.002500 -0.014845 -0.001492 -0.002500 -0.014706 -0.001471 -0.002500 -0.014570 -0.001437 -0.002500 -0.014437 -0.001390 -0.002500 -0.014309 -0.001332 -0.002500 -0.014187 -0.001261 -0.002500 -0.014073 -0.001179 -0.002500 -0.013967 -0.001087 -0.002500 -0.013869 -0.000986 -0.002500 -0.013782 -0.000876 -0.002500 -0.016061 0.000621 -0.006580 -0.015992 0.000727 -0.006580 -0.015912 0.000825 -0.006580 -0.015822 0.000914 -0.006580 -0.015724 0.000994 -0.006580 -0.015618 0.001063 -0.006580 -0.015505 0.001121 -0.006580 -0.015387 0.001167 -0.006580 -0.015265 0.001201 -0.006580 -0.015140 0.001221 -0.006580 -0.015014 0.001229 -0.006580 -0.014887 0.001224 -0.006580 -0.014762 0.001206 -0.006580 -0.014639 0.001175 -0.006580 -0.014520 0.001132 -0.006580 -0.014406 0.001077 -0.006580 -0.014299 0.001010 -0.006580 -0.014199 0.000933 -0.006580 -0.014107 0.000845 -0.006580 -0.014025 0.000749 -0.006580 -0.013953 0.000645 -0.006580 -0.013892 0.000534 -0.006580 -0.013843 0.000417 -0.006580 -0.013807 0.000296 -0.006580 -0.013783 0.000172 -0.006580 -0.013771 0.000045 -0.006580 -0.013773 -0.000081 -0.006580 -0.013788 -0.000207 -0.006580 -0.013816 -0.000330 -0.006580 -0.013856 -0.000450 -0.006580 -0.013908 -0.000566 -0.006580 -0.013972 -0.000675 -0.006580 -0.014047 -0.000777 -0.006580 -0.014132 -0.000871 -0.006580 -0.014226 -0.000955 -0.006580 -0.014329 -0.001030 -0.006580 -0.014438 -0.001094 -0.006580 -0.014553 -0.001146 -0.006580 -0.014674 -0.001185 -0.006580 -0.014797 -0.001213 -0.006580 -0.014923 -0.001227 -0.006580 -0.015049 -0.001228 -0.006580 -0.015176 -0.001217 -0.006580 -0.015300 -0.001192 -0.006580 -0.015421 -0.001155 -0.006580 -0.015537 -0.001106 -0.006580 -0.015648 -0.001045 -0.006580 -0.015752 -0.000973 -0.006580 -0.015848 -0.000890 -0.006580 -0.015935 -0.000798 -0.006580 -0.016012 -0.000698 -0.006580 -0.016079 -0.000590 -0.006580 -0.016134 -0.000476 -0.006580 -0.016177 -0.000357 -0.006580 -0.016207 -0.000234 -0.006580 -0.016225 -0.000109 -0.006580 -0.016229 0.000018 -0.006580 -0.016221 0.000144 -0.006580 -0.016200 0.000269 -0.006580 -0.016166 0.000391 -0.006580 -0.016119 0.000509 -0.006580 -0.016061 0.000621 -0.004618 -0.015990 0.000729 -0.004618 -0.015909 0.000828 -0.004618 -0.015817 0.000919 -0.004618 -0.015717 0.000999 -0.004618 -0.015608 0.001068 -0.004618 -0.015493 0.001126 -0.004618 -0.015373 0.001172 -0.004618 -0.015248 0.001204 -0.004618 -0.015121 0.001224 -0.004618 -0.014993 0.001229 -0.004618 -0.014864 0.001222 -0.004618 -0.014737 0.001201 -0.004618 -0.014613 0.001167 -0.004618 -0.014493 0.001120 -0.004618 -0.014379 0.001061 -0.004618 -0.014271 0.000990 -0.004618 -0.014172 0.000909 -0.004618 -0.014081 0.000817 -0.004618 -0.014001 0.000717 -0.004618 -0.013932 0.000608 -0.004618 -0.013874 0.000493 -0.004618 -0.013828 0.000373 -0.004618 -0.013796 0.000249 -0.004618 -0.013776 0.000121 -0.004618 -0.013771 -0.000007 -0.004618 -0.013778 -0.000136 -0.004618 -0.013799 -0.000263 -0.004618 -0.013833 -0.000387 -0.004618 -0.013880 -0.000507 -0.004618 -0.013939 -0.000621 -0.004618 -0.014010 -0.000729 -0.004618 -0.014091 -0.000828 -0.004618 -0.014183 -0.000919 -0.004618 -0.014283 -0.000999 -0.004618 -0.014392 -0.001068 -0.004618 -0.014507 -0.001126 -0.004618 -0.014627 -0.001172 -0.004618 -0.014752 -0.001204 -0.004618 -0.014879 -0.001224 -0.004618 -0.015007 -0.001229 -0.004618 -0.015136 -0.001222 -0.004618 -0.015263 -0.001201 -0.004618 -0.015387 -0.001167 -0.004618 -0.015507 -0.001120 -0.004618 -0.015621 -0.001061 -0.004618 -0.015729 -0.000990 -0.004618 -0.015828 -0.000909 -0.004618 -0.015919 -0.000817 -0.004618 -0.015999 -0.000717 -0.004618 -0.016068 -0.000608 -0.004618 -0.016126 -0.000493 -0.004618 -0.016172 -0.000373 -0.004618 -0.016204 -0.000249 -0.004618 -0.016224 -0.000121 -0.004618 -0.016229 0.000007 -0.004618 -0.016222 0.000136 -0.004618 -0.016201 0.000263 -0.004618 -0.016167 0.000387 -0.004618 -0.016120 0.000507 -0.004618 -0.017373 0.001389 -0.002500 -0.017465 0.001220 -0.002500 -0.017544 0.001045 -0.002500 -0.017610 0.000865 -0.002500 -0.017664 0.000681 -0.002500 -0.017705 0.000494 -0.002500 -0.017733 0.000304 -0.002500 -0.017748 0.000112 -0.002500 -0.017749 -0.000080 -0.002500 -0.017737 -0.000271 -0.002500 -0.017711 -0.000461 -0.002500 -0.017672 -0.000649 -0.002500 -0.017620 -0.000834 -0.002500 -0.017556 -0.001015 -0.002500 -0.017479 -0.001191 -0.002500 -0.017390 -0.001361 -0.002500 -0.017289 -0.001524 -0.002500 -0.017177 -0.001680 -0.002500 -0.017055 -0.001828 -0.002500 -0.016922 -0.001967 -0.002500 -0.016780 -0.002096 -0.002500 -0.016630 -0.002215 -0.002500 -0.016471 -0.002323 -0.002500 -0.016305 -0.002420 -0.002500 -0.016133 -0.002506 -0.002500 -0.015956 -0.002579 -0.002500 -0.015774 -0.002639 -0.002500 -0.015588 -0.002686 -0.002500 -0.015399 -0.002721 -0.002500 -0.015208 -0.002742 -0.002500 -0.015016 -0.002750 -0.002500 -0.014824 -0.002744 -0.002500 -0.014633 -0.002725 -0.002500 -0.014444 -0.002693 -0.002500 -0.014258 -0.002648 -0.002500 -0.014075 -0.002590 -0.002500 -0.013896 -0.002519 -0.002500 -0.013723 -0.002436 -0.002500 -0.013557 -0.002341 -0.002500 -0.013397 -0.002234 -0.002500 -0.013245 -0.002117 -0.002500 -0.013101 -0.001989 -0.002500 -0.012967 -0.001852 -0.002500 -0.012843 -0.001706 -0.002500 -0.012729 -0.001551 -0.002500 -0.012627 -0.001389 -0.002500 -0.012535 -0.001220 -0.002500 -0.012456 -0.001045 -0.002500 -0.012390 -0.000865 -0.002500 -0.012336 -0.000681 -0.002500 -0.012295 -0.000494 -0.002500 -0.012267 -0.000304 -0.002500 -0.012252 -0.000112 -0.002500 -0.012251 0.000080 -0.002500 -0.012263 0.000271 -0.002500 -0.012289 0.000461 -0.002500 -0.012328 0.000649 -0.002500 -0.012380 0.000834 -0.002500 -0.012444 0.001015 -0.002500 -0.012521 0.001191 -0.002500 -0.012610 0.001361 -0.002500 -0.012711 0.001524 -0.002500 -0.012823 0.001680 -0.002500 -0.012945 0.001828 -0.002500 -0.013078 0.001967 -0.002500 -0.013220 0.002096 -0.002500 -0.013370 0.002215 -0.002500 -0.013529 0.002323 -0.002500 -0.013695 0.002420 -0.002500 -0.013867 0.002506 -0.002500 -0.014044 0.002579 -0.002500 -0.014226 0.002639 -0.002500 -0.014412 0.002686 -0.002500 -0.014601 0.002721 -0.002500 -0.014792 0.002742 -0.002500 -0.014984 0.002750 -0.002500 -0.015176 0.002744 -0.002500 -0.015367 0.002725 -0.002500 -0.015556 0.002693 -0.002500 -0.015742 0.002648 -0.002500 -0.015925 0.002590 -0.002500 -0.016104 0.002519 -0.002500 -0.016277 0.002436 -0.002500 -0.016443 0.002341 -0.002500 -0.016603 0.002234 -0.002500 -0.016755 0.002117 -0.002500 -0.016899 0.001989 -0.002500 -0.017033 0.001852 -0.002500 -0.017157 0.001706 -0.002500 -0.017271 0.001551 -0.002500 -0.017390 -0.001361 -0.004900 -0.017484 -0.001195 -0.004896 -0.017578 -0.001030 -0.004885 -0.017673 -0.000864 -0.004866 -0.017768 -0.000696 -0.004840 -0.017866 -0.000525 -0.004806 -0.017965 -0.000350 -0.004764 -0.018068 -0.000169 -0.004713 -0.018175 0.000019 -0.004654 -0.018066 0.000205 -0.004713 -0.017961 0.000385 -0.004764 -0.017859 0.000559 -0.004806 -0.017760 0.000729 -0.004840 -0.017662 0.000896 -0.004866 -0.017566 0.001061 -0.004885 -0.017470 0.001225 -0.004896 -0.017373 0.001389 -0.004900 -0.017465 0.001220 -0.004900 -0.017544 0.001045 -0.004900 -0.017610 0.000865 -0.004900 -0.017664 0.000681 -0.004900 -0.017705 0.000494 -0.004900 -0.017733 0.000304 -0.004900 -0.017748 0.000112 -0.004900 -0.017749 -0.000080 -0.004900 -0.017737 -0.000271 -0.004900 -0.017711 -0.000461 -0.004900 -0.017672 -0.000649 -0.004900 -0.017620 -0.000834 -0.004900 -0.017556 -0.001015 -0.004900 -0.017479 -0.001191 -0.004900 -0.016571 0.002759 -0.004654 -0.016355 0.002758 -0.004713 -0.016147 0.002757 -0.004764 -0.015945 0.002756 -0.004806 -0.015749 0.002754 -0.004840 -0.015555 0.002753 -0.004866 -0.015364 0.002752 -0.004885 -0.015174 0.002751 -0.004896 -0.014984 0.002750 -0.004900 -0.015176 0.002744 -0.004900 -0.015367 0.002725 -0.004900 -0.015556 0.002693 -0.004900 -0.015742 0.002648 -0.004900 -0.015925 0.002590 -0.004900 -0.016104 0.002519 -0.004900 -0.016277 0.002436 -0.004900 -0.016443 0.002341 -0.004900 -0.016603 0.002234 -0.004900 -0.016755 0.002117 -0.004900 -0.016899 0.001989 -0.004900 -0.017033 0.001852 -0.004900 -0.017157 0.001706 -0.004900 -0.017271 0.001551 -0.004900 -0.017277 0.001554 -0.004896 -0.017181 0.001718 -0.004885 -0.017085 0.001882 -0.004866 -0.016987 0.002049 -0.004840 -0.016888 0.002219 -0.004806 -0.016786 0.002393 -0.004764 -0.016681 0.002573 -0.004713 -0.015016 -0.002750 -0.004900 -0.015207 -0.002749 -0.004896 -0.015397 -0.002748 -0.004885 -0.015588 -0.002747 -0.004866 -0.015781 -0.002745 -0.004840 -0.015978 -0.002744 -0.004806 -0.016180 -0.002743 -0.004764 -0.016388 -0.002742 -0.004713 -0.016604 -0.002741 -0.004654 -0.016711 -0.002553 -0.004713 -0.016814 -0.002372 -0.004764 -0.016914 -0.002196 -0.004806 -0.017011 -0.002025 -0.004840 -0.017107 -0.001858 -0.004866 -0.017201 -0.001692 -0.004885 -0.017295 -0.001526 -0.004896 -0.017289 -0.001524 -0.004900 -0.017177 -0.001680 -0.004900 -0.017055 -0.001828 -0.004900 -0.016922 -0.001967 -0.004900 -0.016780 -0.002096 -0.004900 -0.016630 -0.002215 -0.004900 -0.016471 -0.002323 -0.004900 -0.016305 -0.002420 -0.004900 -0.016133 -0.002506 -0.004900 -0.015956 -0.002579 -0.004900 -0.015774 -0.002639 -0.004900 -0.015588 -0.002686 -0.004900 -0.015399 -0.002721 -0.004900 -0.015208 -0.002742 -0.004900 -0.012627 -0.001389 -0.004900 -0.012723 -0.001554 -0.004896 -0.012819 -0.001718 -0.004885 -0.012915 -0.001882 -0.004866 -0.013013 -0.002049 -0.004840 -0.013112 -0.002219 -0.004806 -0.013214 -0.002393 -0.004764 -0.013319 -0.002573 -0.004713 -0.013429 -0.002759 -0.004654 -0.013645 -0.002758 -0.004713 -0.013853 -0.002757 -0.004764 -0.014055 -0.002756 -0.004806 -0.014251 -0.002754 -0.004840 -0.014445 -0.002753 -0.004866 -0.014636 -0.002752 -0.004885 -0.014826 -0.002751 -0.004896 -0.014824 -0.002744 -0.004900 -0.014633 -0.002725 -0.004900 -0.014444 -0.002693 -0.004900 -0.014258 -0.002648 -0.004900 -0.014075 -0.002590 -0.004900 -0.013896 -0.002519 -0.004900 -0.013723 -0.002436 -0.004900 -0.013557 -0.002341 -0.004900 -0.013397 -0.002234 -0.004900 -0.013245 -0.002117 -0.004900 -0.013101 -0.001989 -0.004900 -0.012967 -0.001852 -0.004900 -0.012843 -0.001706 -0.004900 -0.012729 -0.001551 -0.004900 -0.013396 0.002741 -0.004654 -0.013289 0.002553 -0.004713 -0.013186 0.002372 -0.004764 -0.013086 0.002196 -0.004806 -0.012989 0.002025 -0.004840 -0.012893 0.001858 -0.004866 -0.012799 0.001692 -0.004885 -0.012705 0.001526 -0.004896 -0.012610 0.001361 -0.004900 -0.012711 0.001524 -0.004900 -0.012823 0.001680 -0.004900 -0.012945 0.001828 -0.004900 -0.013078 0.001967 -0.004900 -0.013220 0.002096 -0.004900 -0.013370 0.002215 -0.004900 -0.013529 0.002323 -0.004900 -0.013695 0.002420 -0.004900 -0.013867 0.002506 -0.004900 -0.014044 0.002579 -0.004900 -0.014226 0.002639 -0.004900 -0.014412 0.002686 -0.004900 -0.014601 0.002721 -0.004900 -0.014792 0.002742 -0.004900 -0.014793 0.002749 -0.004896 -0.014603 0.002748 -0.004885 -0.014412 0.002747 -0.004866 -0.014219 0.002745 -0.004840 -0.014022 0.002744 -0.004806 -0.013820 0.002743 -0.004764 -0.013612 0.002742 -0.004713 -0.011825 -0.000019 -0.004654 -0.011934 -0.000205 -0.004713 -0.012039 -0.000385 -0.004764 -0.012141 -0.000559 -0.004806 -0.012240 -0.000729 -0.004840 -0.012338 -0.000896 -0.004866 -0.012434 -0.001061 -0.004885 -0.012530 -0.001225 -0.004896 -0.012535 -0.001220 -0.004900 -0.012456 -0.001045 -0.004900 -0.012390 -0.000865 -0.004900 -0.012336 -0.000681 -0.004900 -0.012295 -0.000494 -0.004900 -0.012267 -0.000304 -0.004900 -0.012252 -0.000112 -0.004900 -0.012251 0.000080 -0.004900 -0.012263 0.000271 -0.004900 -0.012289 0.000461 -0.004900 -0.012328 0.000649 -0.004900 -0.012380 0.000834 -0.004900 -0.012444 0.001015 -0.004900 -0.012521 0.001191 -0.004900 -0.012516 0.001195 -0.004896 -0.012422 0.001030 -0.004885 -0.012327 0.000864 -0.004866 -0.012232 0.000696 -0.004840 -0.012134 0.000525 -0.004806 -0.012035 0.000350 -0.004764 -0.011932 0.000169 -0.004713 -0.015174 0.002751 -0.002504 -0.015364 0.002752 -0.002515 -0.015555 0.002753 -0.002534 -0.015749 0.002754 -0.002560 -0.015945 0.002756 -0.002594 -0.016147 0.002757 -0.002636 -0.016355 0.002758 -0.002687 -0.016571 0.002759 -0.002746 -0.016681 0.002573 -0.002687 -0.016786 0.002393 -0.002636 -0.016888 0.002219 -0.002594 -0.016987 0.002049 -0.002560 -0.017085 0.001882 -0.002534 -0.017181 0.001718 -0.002515 -0.017277 0.001554 -0.002504 -0.018175 0.000019 -0.002746 -0.018068 -0.000169 -0.002687 -0.017965 -0.000350 -0.002636 -0.017866 -0.000525 -0.002594 -0.017768 -0.000696 -0.002560 -0.017673 -0.000864 -0.002534 -0.017578 -0.001030 -0.002515 -0.017484 -0.001195 -0.002504 -0.017470 0.001225 -0.002504 -0.017566 0.001061 -0.002515 -0.017662 0.000896 -0.002534 -0.017760 0.000729 -0.002560 -0.017859 0.000559 -0.002594 -0.017961 0.000385 -0.002636 -0.018066 0.000205 -0.002687 -0.016604 -0.002741 -0.002746 -0.016388 -0.002742 -0.002687 -0.016180 -0.002743 -0.002636 -0.015978 -0.002744 -0.002594 -0.015781 -0.002745 -0.002560 -0.015588 -0.002747 -0.002534 -0.015397 -0.002748 -0.002515 -0.015207 -0.002749 -0.002504 -0.017295 -0.001526 -0.002504 -0.017201 -0.001692 -0.002515 -0.017107 -0.001858 -0.002534 -0.017011 -0.002025 -0.002560 -0.016914 -0.002196 -0.002594 -0.016814 -0.002372 -0.002636 -0.016711 -0.002553 -0.002687 -0.012705 0.001526 -0.002504 -0.012799 0.001692 -0.002515 -0.012893 0.001858 -0.002534 -0.012989 0.002025 -0.002560 -0.013086 0.002196 -0.002594 -0.013186 0.002372 -0.002636 -0.013289 0.002553 -0.002687 -0.013396 0.002741 -0.002746 -0.013612 0.002742 -0.002687 -0.013820 0.002743 -0.002636 -0.014022 0.002744 -0.002594 -0.014219 0.002745 -0.002560 -0.014412 0.002747 -0.002534 -0.014603 0.002748 -0.002515 -0.014793 0.002749 -0.002504 -0.013429 -0.002759 -0.002746 -0.013319 -0.002573 -0.002687 -0.013214 -0.002393 -0.002636 -0.013112 -0.002219 -0.002594 -0.013013 -0.002049 -0.002560 -0.012915 -0.001882 -0.002534 -0.012819 -0.001718 -0.002515 -0.012723 -0.001554 -0.002504 -0.014826 -0.002751 -0.002504 -0.014636 -0.002752 -0.002515 -0.014445 -0.002753 -0.002534 -0.014251 -0.002754 -0.002560 -0.014055 -0.002756 -0.002594 -0.013853 -0.002757 -0.002636 -0.013645 -0.002758 -0.002687 -0.011825 -0.000019 -0.002746 -0.011932 0.000169 -0.002687 -0.012035 0.000350 -0.002636 -0.012134 0.000525 -0.002594 -0.012232 0.000696 -0.002560 -0.012327 0.000864 -0.002534 -0.012422 0.001030 -0.002515 -0.012516 0.001195 -0.002504 -0.012530 -0.001225 -0.002504 -0.012434 -0.001061 -0.002515 -0.012338 -0.000896 -0.002534 -0.012240 -0.000729 -0.002560 -0.012141 -0.000559 -0.002594 -0.012039 -0.000385 -0.002636 -0.011934 -0.000205 -0.002687 -0.015000 -0.000000 -0.007290 -0.016263 -0.002158 -0.004900 -0.016417 -0.002060 -0.004900 -0.016564 -0.001951 -0.004900 -0.016702 -0.001831 -0.004900 -0.016831 -0.001702 -0.004900 -0.016950 -0.001564 -0.004900 -0.017059 -0.001418 -0.004900 -0.017157 -0.001264 -0.004900 -0.017244 -0.001103 -0.004900 -0.017318 -0.000936 -0.004900 -0.017380 -0.000764 -0.004900 -0.017430 -0.000588 -0.004900 -0.017466 -0.000410 -0.004900 -0.017490 -0.000228 -0.004900 -0.017500 -0.000046 -0.004900 -0.017496 0.000137 -0.004900 -0.017480 0.000318 -0.004900 -0.017450 0.000499 -0.004900 -0.017407 0.000676 -0.004900 -0.017351 0.000850 -0.004900 -0.017283 0.001019 -0.004900 -0.017202 0.001183 -0.004900 -0.017110 0.001341 -0.004900 -0.017007 0.001491 -0.004900 -0.016892 0.001634 -0.004900 -0.016768 0.001767 -0.004900 -0.016634 0.001892 -0.004900 -0.016492 0.002006 -0.004900 -0.016341 0.002110 -0.004900 -0.016184 0.002202 -0.004900 -0.016020 0.002282 -0.004900 -0.015851 0.002351 -0.004900 -0.015677 0.002407 -0.004900 -0.015499 0.002450 -0.004900 -0.015319 0.002480 -0.004900 -0.015137 0.002496 -0.004900 -0.014955 0.002500 -0.004900 -0.014772 0.002490 -0.004900 -0.014591 0.002466 -0.004900 -0.014412 0.002430 -0.004900 -0.014237 0.002381 -0.004900 -0.014065 0.002318 -0.004900 -0.013898 0.002244 -0.004900 -0.013737 0.002158 -0.004900 -0.013583 0.002060 -0.004900 -0.013437 0.001951 -0.004900 -0.013298 0.001831 -0.004900 -0.013169 0.001702 -0.004900 -0.013050 0.001564 -0.004900 -0.012941 0.001418 -0.004900 -0.012843 0.001264 -0.004900 -0.012756 0.001103 -0.004900 -0.012682 0.000936 -0.004900 -0.012620 0.000764 -0.004900 -0.012570 0.000588 -0.004900 -0.012534 0.000410 -0.004900 -0.012510 0.000228 -0.004900 -0.012500 0.000046 -0.004900 -0.012504 -0.000137 -0.004900 -0.012520 -0.000318 -0.004900 -0.012550 -0.000499 -0.004900 -0.012593 -0.000676 -0.004900 -0.012649 -0.000850 -0.004900 -0.012717 -0.001019 -0.004900 -0.012798 -0.001183 -0.004900 -0.012890 -0.001341 -0.004900 -0.012993 -0.001491 -0.004900 -0.013108 -0.001634 -0.004900 -0.013232 -0.001767 -0.004900 -0.013366 -0.001892 -0.004900 -0.013508 -0.002006 -0.004900 -0.013659 -0.002110 -0.004900 -0.013816 -0.002202 -0.004900 -0.013980 -0.002282 -0.004900 -0.014149 -0.002351 -0.004900 -0.014323 -0.002407 -0.004900 -0.014501 -0.002450 -0.004900 -0.014681 -0.002480 -0.004900 -0.014863 -0.002496 -0.004900 -0.015045 -0.002500 -0.004900 -0.015228 -0.002490 -0.004900 -0.015409 -0.002466 -0.004900 -0.015588 -0.002430 -0.004900 -0.015763 -0.002381 -0.004900 -0.015935 -0.002318 -0.004900 -0.016102 -0.002244 -0.004900 -0.016263 -0.002158 -0.006500 -0.016102 -0.002244 -0.006500 -0.015935 -0.002318 -0.006500 -0.015763 -0.002381 -0.006500 -0.015588 -0.002430 -0.006500 -0.015409 -0.002466 -0.006500 -0.015228 -0.002490 -0.006500 -0.015045 -0.002500 -0.006500 -0.014863 -0.002496 -0.006500 -0.014681 -0.002480 -0.006500 -0.014501 -0.002450 -0.006500 -0.014323 -0.002407 -0.006500 -0.014149 -0.002351 -0.006500 -0.013980 -0.002282 -0.006500 -0.013816 -0.002202 -0.006500 -0.013659 -0.002110 -0.006500 -0.013508 -0.002006 -0.006500 -0.013366 -0.001892 -0.006500 -0.013232 -0.001767 -0.006500 -0.013108 -0.001634 -0.006500 -0.012993 -0.001491 -0.006500 -0.012890 -0.001341 -0.006500 -0.012798 -0.001183 -0.006500 -0.012717 -0.001019 -0.006500 -0.012649 -0.000850 -0.006500 -0.012593 -0.000676 -0.006500 -0.012550 -0.000499 -0.006500 -0.012520 -0.000318 -0.006500 -0.012504 -0.000137 -0.006500 -0.012500 0.000046 -0.006500 -0.012510 0.000228 -0.006500 -0.012534 0.000410 -0.006500 -0.012570 0.000588 -0.006500 -0.012620 0.000764 -0.006500 -0.012682 0.000936 -0.006500 -0.012756 0.001103 -0.006500 -0.012843 0.001264 -0.006500 -0.012941 0.001418 -0.006500 -0.013050 0.001564 -0.006500 -0.013169 0.001702 -0.006500 -0.013298 0.001831 -0.006500 -0.013437 0.001951 -0.006500 -0.013583 0.002060 -0.006500 -0.013737 0.002158 -0.006500 -0.013898 0.002244 -0.006500 -0.014065 0.002318 -0.006500 -0.014237 0.002381 -0.006500 -0.014412 0.002430 -0.006500 -0.014591 0.002466 -0.006500 -0.014772 0.002490 -0.006500 -0.014955 0.002500 -0.006500 -0.015137 0.002496 -0.006500 -0.015319 0.002480 -0.006500 -0.015499 0.002450 -0.006500 -0.015677 0.002407 -0.006500 -0.015851 0.002351 -0.006500 -0.016020 0.002282 -0.006500 -0.016184 0.002202 -0.006500 -0.016341 0.002110 -0.006500 -0.016492 0.002006 -0.006500 -0.016634 0.001892 -0.006500 -0.016768 0.001767 -0.006500 -0.016892 0.001634 -0.006500 -0.017007 0.001491 -0.006500 -0.017110 0.001341 -0.006500 -0.017202 0.001183 -0.006500 -0.017283 0.001019 -0.006500 -0.017351 0.000850 -0.006500 -0.017407 0.000676 -0.006500 -0.017450 0.000499 -0.006500 -0.017480 0.000318 -0.006500 -0.017496 0.000137 -0.006500 -0.017500 -0.000046 -0.006500 -0.017490 -0.000228 -0.006500 -0.017466 -0.000410 -0.006500 -0.017430 -0.000588 -0.006500 -0.017380 -0.000764 -0.006500 -0.017318 -0.000936 -0.006500 -0.017244 -0.001103 -0.006500 -0.017157 -0.001264 -0.006500 -0.017059 -0.001418 -0.006500 -0.016950 -0.001564 -0.006500 -0.016831 -0.001702 -0.006500 -0.016702 -0.001831 -0.006500 -0.016564 -0.001951 -0.006500 -0.016417 -0.002060 -0.006500 -0.015000 -0.000000 -0.009000 -0.013740 0.002152 -0.006678 -0.013750 0.002136 -0.006856 -0.013766 0.002108 -0.007031 -0.013788 0.002070 -0.007204 -0.013817 0.002022 -0.007374 -0.013851 0.001963 -0.007539 -0.013892 0.001894 -0.007698 -0.013938 0.001815 -0.007852 -0.013989 0.001727 -0.007998 -0.014046 0.001631 -0.008137 -0.014107 0.001526 -0.008268 -0.014173 0.001413 -0.008389 -0.014243 0.001293 -0.008501 -0.014317 0.001167 -0.008603 -0.014395 0.001034 -0.008694 -0.014475 0.000896 -0.008774 -0.014559 0.000754 -0.008842 -0.014644 0.000608 -0.008899 -0.014732 0.000459 -0.008943 -0.014820 0.000307 -0.008975 -0.014910 0.000154 -0.008994 -0.016413 -0.002054 -0.006678 -0.016403 -0.002039 -0.006856 -0.016385 -0.002013 -0.007031 -0.016360 -0.001976 -0.007204 -0.016328 -0.001930 -0.007374 -0.016289 -0.001874 -0.007539 -0.016244 -0.001808 -0.007698 -0.016192 -0.001733 -0.007852 -0.016134 -0.001649 -0.007998 -0.016071 -0.001557 -0.008137 -0.016002 -0.001456 -0.008268 -0.015928 -0.001349 -0.008389 -0.015849 -0.001234 -0.008501 -0.015766 -0.001114 -0.008603 -0.015679 -0.000987 -0.008694 -0.015589 -0.000856 -0.008774 -0.015495 -0.000720 -0.008842 -0.015399 -0.000580 -0.008899 -0.015301 -0.000438 -0.008943 -0.015202 -0.000293 -0.008975 -0.015101 -0.000147 -0.008994 -0.015090 -0.000154 -0.008994 -0.015180 -0.000307 -0.008975 -0.015268 -0.000459 -0.008943 -0.015356 -0.000608 -0.008899 -0.015441 -0.000754 -0.008842 -0.015525 -0.000896 -0.008774 -0.015605 -0.001034 -0.008694 -0.015683 -0.001167 -0.008603 -0.015757 -0.001293 -0.008501 -0.015827 -0.001413 -0.008389 -0.015893 -0.001526 -0.008268 -0.015954 -0.001631 -0.008137 -0.016011 -0.001727 -0.007998 -0.016062 -0.001815 -0.007852 -0.016108 -0.001894 -0.007698 -0.016149 -0.001963 -0.007539 -0.016183 -0.002022 -0.007374 -0.016212 -0.002070 -0.007204 -0.016234 -0.002108 -0.007031 -0.016250 -0.002136 -0.006856 -0.016260 -0.002152 -0.006678 -0.016560 -0.001946 -0.006678 -0.016548 -0.001931 -0.006856 -0.016528 -0.001906 -0.007031 -0.016500 -0.001872 -0.007204 -0.016465 -0.001828 -0.007374 -0.016422 -0.001774 -0.007539 -0.016372 -0.001712 -0.007698 -0.016315 -0.001641 -0.007852 -0.016252 -0.001562 -0.007998 -0.016182 -0.001474 -0.008137 -0.016106 -0.001379 -0.008268 -0.016024 -0.001277 -0.008389 -0.015937 -0.001169 -0.008501 -0.015845 -0.001055 -0.008603 -0.015749 -0.000935 -0.008694 -0.015650 -0.000810 -0.008774 -0.015546 -0.000682 -0.008842 -0.015440 -0.000550 -0.008899 -0.015332 -0.000415 -0.008943 -0.015223 -0.000278 -0.008975 -0.015112 -0.000139 -0.008994 -0.016697 -0.001827 -0.006678 -0.016684 -0.001813 -0.006856 -0.016663 -0.001790 -0.007031 -0.016633 -0.001757 -0.007204 -0.016594 -0.001716 -0.007374 -0.016548 -0.001666 -0.007539 -0.016494 -0.001607 -0.007698 -0.016432 -0.001541 -0.007852 -0.016362 -0.001466 -0.007998 -0.016286 -0.001384 -0.008137 -0.016203 -0.001295 -0.008268 -0.016114 -0.001199 -0.008389 -0.016020 -0.001098 -0.008501 -0.015920 -0.000990 -0.008603 -0.015816 -0.000878 -0.008694 -0.015707 -0.000761 -0.008774 -0.015595 -0.000640 -0.008842 -0.015479 -0.000516 -0.008899 -0.015362 -0.000389 -0.008943 -0.015242 -0.000261 -0.008975 -0.015121 -0.000131 -0.008994 -0.016826 -0.001698 -0.006678 -0.016812 -0.001685 -0.006856 -0.016789 -0.001663 -0.007031 -0.016757 -0.001633 -0.007204 -0.016715 -0.001595 -0.007374 -0.016665 -0.001548 -0.007539 -0.016607 -0.001494 -0.007698 -0.016540 -0.001432 -0.007852 -0.016466 -0.001363 -0.007998 -0.016384 -0.001287 -0.008137 -0.016295 -0.001204 -0.008268 -0.016199 -0.001115 -0.008389 -0.016097 -0.001020 -0.008501 -0.015990 -0.000920 -0.008603 -0.015877 -0.000816 -0.008694 -0.015761 -0.000707 -0.008774 -0.015640 -0.000595 -0.008842 -0.015516 -0.000480 -0.008899 -0.015389 -0.000362 -0.008943 -0.015261 -0.000242 -0.008975 -0.015131 -0.000121 -0.008994 -0.016945 -0.001560 -0.006678 -0.016930 -0.001548 -0.006856 -0.016906 -0.001528 -0.007031 -0.016871 -0.001501 -0.007204 -0.016827 -0.001466 -0.007374 -0.016774 -0.001423 -0.007539 -0.016712 -0.001373 -0.007698 -0.016641 -0.001316 -0.007852 -0.016561 -0.001252 -0.007998 -0.016474 -0.001182 -0.008137 -0.016379 -0.001106 -0.008268 -0.016277 -0.001024 -0.008389 -0.016169 -0.000937 -0.008501 -0.016054 -0.000846 -0.008603 -0.015935 -0.000750 -0.008694 -0.015810 -0.000650 -0.008774 -0.015682 -0.000547 -0.008842 -0.015549 -0.000441 -0.008899 -0.015415 -0.000332 -0.008943 -0.015278 -0.000223 -0.008975 -0.015139 -0.000112 -0.008994 -0.017054 -0.001414 -0.006678 -0.017038 -0.001403 -0.006856 -0.017012 -0.001385 -0.007031 -0.016976 -0.001360 -0.007204 -0.016929 -0.001328 -0.007374 -0.016873 -0.001290 -0.007539 -0.016807 -0.001244 -0.007698 -0.016732 -0.001193 -0.007852 -0.016648 -0.001135 -0.007998 -0.016556 -0.001071 -0.008137 -0.016456 -0.001002 -0.008268 -0.016348 -0.000928 -0.008389 -0.016234 -0.000850 -0.008501 -0.016113 -0.000766 -0.008603 -0.015987 -0.000679 -0.008694 -0.015855 -0.000589 -0.008774 -0.015720 -0.000495 -0.008842 -0.015580 -0.000399 -0.008899 -0.015438 -0.000301 -0.008943 -0.015293 -0.000202 -0.008975 -0.015147 -0.000101 -0.008994 -0.017152 -0.001260 -0.006678 -0.017135 -0.001251 -0.006856 -0.017108 -0.001235 -0.007031 -0.017070 -0.001212 -0.007204 -0.017021 -0.001184 -0.007374 -0.016962 -0.001149 -0.007539 -0.016893 -0.001109 -0.007698 -0.016815 -0.001063 -0.007852 -0.016727 -0.001011 -0.007998 -0.016630 -0.000955 -0.008137 -0.016525 -0.000893 -0.008268 -0.016413 -0.000827 -0.008389 -0.016293 -0.000757 -0.008501 -0.016166 -0.000683 -0.008603 -0.016034 -0.000606 -0.008694 -0.015896 -0.000525 -0.008774 -0.015754 -0.000442 -0.008842 -0.015608 -0.000356 -0.008899 -0.015459 -0.000269 -0.008943 -0.015307 -0.000180 -0.008975 -0.015154 -0.000090 -0.008994 -0.017238 -0.001100 -0.006678 -0.017221 -0.001091 -0.006856 -0.017192 -0.001077 -0.007031 -0.017153 -0.001058 -0.007204 -0.017102 -0.001033 -0.007374 -0.017041 -0.001003 -0.007539 -0.016969 -0.000968 -0.007698 -0.016887 -0.000928 -0.007852 -0.016796 -0.000883 -0.007998 -0.016696 -0.000833 -0.008137 -0.016587 -0.000780 -0.008268 -0.016469 -0.000722 -0.008389 -0.016345 -0.000661 -0.008501 -0.016213 -0.000596 -0.008603 -0.016075 -0.000528 -0.008694 -0.015932 -0.000458 -0.008774 -0.015784 -0.000385 -0.008842 -0.015632 -0.000311 -0.008899 -0.015477 -0.000234 -0.008943 -0.015319 -0.000157 -0.008975 -0.015160 -0.000079 -0.008994 -0.017312 -0.000934 -0.006678 -0.017295 -0.000926 -0.006856 -0.017265 -0.000915 -0.007031 -0.017224 -0.000898 -0.007204 -0.017172 -0.000877 -0.007374 -0.017109 -0.000851 -0.007539 -0.017035 -0.000821 -0.007698 -0.016950 -0.000787 -0.007852 -0.016856 -0.000749 -0.007998 -0.016752 -0.000707 -0.008137 -0.016639 -0.000662 -0.008268 -0.016518 -0.000613 -0.008389 -0.016389 -0.000561 -0.008501 -0.016253 -0.000506 -0.008603 -0.016111 -0.000449 -0.008694 -0.015963 -0.000389 -0.008774 -0.015810 -0.000327 -0.008842 -0.015653 -0.000264 -0.008899 -0.015493 -0.000199 -0.008943 -0.015330 -0.000133 -0.008975 -0.015165 -0.000067 -0.008994 -0.017374 -0.000762 -0.006678 -0.017356 -0.000756 -0.006856 -0.017326 -0.000747 -0.007031 -0.017284 -0.000733 -0.007204 -0.017230 -0.000716 -0.007374 -0.017165 -0.000695 -0.007539 -0.017089 -0.000671 -0.007698 -0.017002 -0.000643 -0.007852 -0.016906 -0.000612 -0.007998 -0.016799 -0.000578 -0.008137 -0.016683 -0.000540 -0.008268 -0.016559 -0.000500 -0.008389 -0.016426 -0.000458 -0.008501 -0.016287 -0.000413 -0.008603 -0.016141 -0.000366 -0.008694 -0.015989 -0.000317 -0.008774 -0.015832 -0.000267 -0.008842 -0.015671 -0.000215 -0.008899 -0.015506 -0.000162 -0.008943 -0.015339 -0.000109 -0.008975 -0.015170 -0.000055 -0.008994 -0.017424 -0.000587 -0.006678 -0.017405 -0.000582 -0.006856 -0.017374 -0.000575 -0.007031 -0.017331 -0.000565 -0.007204 -0.017277 -0.000551 -0.007374 -0.017210 -0.000535 -0.007539 -0.017133 -0.000516 -0.007698 -0.017044 -0.000495 -0.007852 -0.016945 -0.000471 -0.007998 -0.016836 -0.000445 -0.008137 -0.016718 -0.000416 -0.008268 -0.016591 -0.000385 -0.008389 -0.016456 -0.000353 -0.008501 -0.016314 -0.000318 -0.008603 -0.016164 -0.000282 -0.008694 -0.016009 -0.000244 -0.008774 -0.015849 -0.000206 -0.008842 -0.015685 -0.000166 -0.008899 -0.015516 -0.000125 -0.008943 -0.015346 -0.000084 -0.008975 -0.015173 -0.000042 -0.008994 -0.017460 -0.000408 -0.006678 -0.017441 -0.000405 -0.006856 -0.017410 -0.000400 -0.007031 -0.017366 -0.000393 -0.007204 -0.017311 -0.000384 -0.007374 -0.017243 -0.000373 -0.007539 -0.017165 -0.000359 -0.007698 -0.017075 -0.000345 -0.007852 -0.016974 -0.000328 -0.007998 -0.016864 -0.000309 -0.008137 -0.016744 -0.000290 -0.008268 -0.016615 -0.000268 -0.008389 -0.016478 -0.000245 -0.008501 -0.016333 -0.000221 -0.008603 -0.016182 -0.000196 -0.008694 -0.016025 -0.000170 -0.008774 -0.015862 -0.000143 -0.008842 -0.015695 -0.000115 -0.008899 -0.015524 -0.000087 -0.008943 -0.015351 -0.000058 -0.008975 -0.015176 -0.000029 -0.008994 -0.017483 -0.000228 -0.006678 -0.017464 -0.000226 -0.006856 -0.017433 -0.000223 -0.007031 -0.017389 -0.000219 -0.007204 -0.017333 -0.000214 -0.007374 -0.017265 -0.000208 -0.007539 -0.017185 -0.000200 -0.007698 -0.017094 -0.000192 -0.007852 -0.016993 -0.000183 -0.007998 -0.016881 -0.000173 -0.008137 -0.016760 -0.000162 -0.008268 -0.016630 -0.000150 -0.008389 -0.016492 -0.000137 -0.008501 -0.016346 -0.000123 -0.008603 -0.016193 -0.000109 -0.008694 -0.016034 -0.000095 -0.008774 -0.015870 -0.000080 -0.008842 -0.015701 -0.000064 -0.008899 -0.015529 -0.000049 -0.008943 -0.015354 -0.000033 -0.008975 -0.015178 -0.000016 -0.008994 -0.017493 -0.000046 -0.006678 -0.017474 -0.000046 -0.006856 -0.017442 -0.000045 -0.007031 -0.017398 -0.000044 -0.007204 -0.017342 -0.000043 -0.007374 -0.017274 -0.000042 -0.007539 -0.017194 -0.000040 -0.007698 -0.017103 -0.000039 -0.007852 -0.017001 -0.000037 -0.007998 -0.016889 -0.000035 -0.008137 -0.016767 -0.000033 -0.008268 -0.016637 -0.000030 -0.008389 -0.016498 -0.000028 -0.008501 -0.016351 -0.000025 -0.008603 -0.016198 -0.000022 -0.008694 -0.016038 -0.000019 -0.008774 -0.015874 -0.000016 -0.008842 -0.015704 -0.000013 -0.008899 -0.015531 -0.000010 -0.008943 -0.015356 -0.000007 -0.008975 -0.015178 -0.000003 -0.008994 -0.017490 0.000136 -0.006678 -0.017471 0.000135 -0.006856 -0.017439 0.000133 -0.007031 -0.017395 0.000131 -0.007204 -0.017339 0.000128 -0.007374 -0.017271 0.000124 -0.007539 -0.017191 0.000120 -0.007698 -0.017100 0.000115 -0.007852 -0.016998 0.000109 -0.007998 -0.016887 0.000103 -0.008137 -0.016765 0.000097 -0.008268 -0.016635 0.000089 -0.008389 -0.016496 0.000082 -0.008501 -0.016350 0.000074 -0.008603 -0.016196 0.000065 -0.008694 -0.016037 0.000057 -0.008774 -0.015872 0.000048 -0.008842 -0.015703 0.000038 -0.008899 -0.015531 0.000029 -0.008943 -0.015355 0.000019 -0.008975 -0.015178 0.000010 -0.008994 -0.017473 0.000318 -0.006678 -0.017454 0.000315 -0.006856 -0.017423 0.000311 -0.007031 -0.017379 0.000305 -0.007204 -0.017323 0.000298 -0.007374 -0.017256 0.000290 -0.007539 -0.017176 0.000279 -0.007698 -0.017086 0.000268 -0.007852 -0.016985 0.000255 -0.007998 -0.016874 0.000241 -0.008137 -0.016753 0.000225 -0.008268 -0.016624 0.000208 -0.008389 -0.016486 0.000191 -0.008501 -0.016341 0.000172 -0.008603 -0.016188 0.000153 -0.008694 -0.016030 0.000132 -0.008774 -0.015867 0.000111 -0.008842 -0.015699 0.000090 -0.008899 -0.015527 0.000068 -0.008943 -0.015353 0.000045 -0.008975 -0.015177 0.000023 -0.008994 -0.017444 0.000497 -0.006678 -0.017425 0.000493 -0.006856 -0.017394 0.000487 -0.007031 -0.017351 0.000478 -0.007204 -0.017295 0.000467 -0.007374 -0.017228 0.000453 -0.007539 -0.017150 0.000438 -0.007698 -0.017061 0.000419 -0.007852 -0.016961 0.000399 -0.007998 -0.016851 0.000377 -0.008137 -0.016732 0.000352 -0.008268 -0.016604 0.000326 -0.008389 -0.016468 0.000299 -0.008501 -0.016324 0.000270 -0.008603 -0.016174 0.000239 -0.008694 -0.016018 0.000207 -0.008774 -0.015856 0.000174 -0.008842 -0.015690 0.000140 -0.008899 -0.015521 0.000106 -0.008943 -0.015349 0.000071 -0.008975 -0.015175 0.000036 -0.008994 -0.017401 0.000674 -0.006678 -0.017382 0.000669 -0.006856 -0.017352 0.000661 -0.007031 -0.017309 0.000649 -0.007204 -0.017255 0.000633 -0.007374 -0.017189 0.000615 -0.007539 -0.017112 0.000593 -0.007698 -0.017025 0.000569 -0.007852 -0.016927 0.000541 -0.007998 -0.016819 0.000511 -0.008137 -0.016702 0.000478 -0.008268 -0.016576 0.000443 -0.008389 -0.016442 0.000405 -0.008501 -0.016301 0.000365 -0.008603 -0.016153 0.000324 -0.008694 -0.016000 0.000281 -0.008774 -0.015841 0.000236 -0.008842 -0.015678 0.000190 -0.008899 -0.015512 0.000144 -0.008943 -0.015343 0.000096 -0.008975 -0.015172 0.000048 -0.008994 -0.017345 0.000848 -0.006678 -0.017327 0.000841 -0.006856 -0.017297 0.000830 -0.007031 -0.017256 0.000815 -0.007204 -0.017203 0.000796 -0.007374 -0.017139 0.000773 -0.007539 -0.017064 0.000746 -0.007698 -0.016978 0.000715 -0.007852 -0.016882 0.000680 -0.007998 -0.016777 0.000642 -0.008137 -0.016662 0.000601 -0.008268 -0.016540 0.000557 -0.008389 -0.016409 0.000509 -0.008501 -0.016271 0.000459 -0.008603 -0.016127 0.000407 -0.008694 -0.015977 0.000353 -0.008774 -0.015822 0.000297 -0.008842 -0.015662 0.000239 -0.008899 -0.015500 0.000181 -0.008943 -0.015335 0.000121 -0.008975 -0.015168 0.000061 -0.008994 -0.017277 0.001017 -0.006678 -0.017260 0.001009 -0.006856 -0.017231 0.000996 -0.007031 -0.017190 0.000978 -0.007204 -0.017139 0.000955 -0.007374 -0.017076 0.000927 -0.007539 -0.017004 0.000895 -0.007698 -0.016920 0.000857 -0.007852 -0.016827 0.000816 -0.007998 -0.016725 0.000770 -0.008137 -0.016614 0.000721 -0.008268 -0.016495 0.000667 -0.008389 -0.016368 0.000611 -0.008501 -0.016234 0.000551 -0.008603 -0.016094 0.000488 -0.008694 -0.015948 0.000423 -0.008774 -0.015798 0.000356 -0.008842 -0.015643 0.000287 -0.008899 -0.015485 0.000217 -0.008943 -0.015325 0.000145 -0.008975 -0.015163 0.000073 -0.008994 -0.017197 0.001180 -0.006678 -0.017180 0.001171 -0.006856 -0.017152 0.001156 -0.007031 -0.017113 0.001135 -0.007204 -0.017063 0.001109 -0.007374 -0.017003 0.001076 -0.007539 -0.016933 0.001038 -0.007698 -0.016853 0.000995 -0.007852 -0.016763 0.000947 -0.007998 -0.016664 0.000894 -0.008137 -0.016557 0.000837 -0.008268 -0.016442 0.000775 -0.008389 -0.016320 0.000709 -0.008501 -0.016191 0.000640 -0.008603 -0.016055 0.000567 -0.008694 -0.015915 0.000491 -0.008774 -0.015770 0.000413 -0.008842 -0.015620 0.000333 -0.008899 -0.015468 0.000251 -0.008943 -0.015313 0.000168 -0.008975 -0.015157 0.000084 -0.008994 -0.017105 0.001337 -0.006678 -0.017089 0.001327 -0.006856 -0.017062 0.001310 -0.007031 -0.017025 0.001286 -0.007204 -0.016977 0.001256 -0.007374 -0.016919 0.001220 -0.007539 -0.016852 0.001177 -0.007698 -0.016775 0.001128 -0.007852 -0.016689 0.001073 -0.007998 -0.016595 0.001013 -0.008137 -0.016492 0.000948 -0.008268 -0.016382 0.000878 -0.008389 -0.016265 0.000803 -0.008501 -0.016141 0.000725 -0.008603 -0.016011 0.000643 -0.008694 -0.015877 0.000557 -0.008774 -0.015737 0.000469 -0.008842 -0.015594 0.000378 -0.008899 -0.015449 0.000285 -0.008943 -0.015300 0.000191 -0.008975 -0.015151 0.000096 -0.008994 -0.017001 0.001487 -0.006678 -0.016986 0.001476 -0.006856 -0.016961 0.001457 -0.007031 -0.016925 0.001431 -0.007204 -0.016880 0.001397 -0.007374 -0.016825 0.001356 -0.007539 -0.016761 0.001309 -0.007698 -0.016688 0.001254 -0.007852 -0.016606 0.001194 -0.007998 -0.016516 0.001127 -0.008137 -0.016419 0.001054 -0.008268 -0.016314 0.000977 -0.008389 -0.016202 0.000894 -0.008501 -0.016085 0.000806 -0.008603 -0.015962 0.000715 -0.008694 -0.015834 0.000619 -0.008774 -0.015701 0.000521 -0.008842 -0.015565 0.000420 -0.008899 -0.015427 0.000317 -0.008943 -0.015286 0.000212 -0.008975 -0.015143 0.000106 -0.008994 -0.016888 0.001630 -0.006678 -0.016873 0.001617 -0.006856 -0.016849 0.001596 -0.007031 -0.016816 0.001568 -0.007204 -0.016773 0.001531 -0.007374 -0.016721 0.001486 -0.007539 -0.016661 0.001434 -0.007698 -0.016592 0.001374 -0.007852 -0.016515 0.001308 -0.007998 -0.016430 0.001235 -0.008137 -0.016338 0.001155 -0.008268 -0.016239 0.001070 -0.008389 -0.016134 0.000979 -0.008501 -0.016023 0.000883 -0.008603 -0.015907 0.000783 -0.008694 -0.015786 0.000679 -0.008774 -0.015661 0.000571 -0.008842 -0.015533 0.000460 -0.008899 -0.015402 0.000347 -0.008943 -0.015269 0.000233 -0.008975 -0.015135 0.000117 -0.008994 -0.016764 0.001763 -0.006678 -0.016750 0.001749 -0.006856 -0.016728 0.001727 -0.007031 -0.016696 0.001696 -0.007204 -0.016657 0.001656 -0.007374 -0.016608 0.001608 -0.007539 -0.016552 0.001551 -0.007698 -0.016487 0.001487 -0.007852 -0.016415 0.001415 -0.007998 -0.016336 0.001336 -0.008137 -0.016250 0.001250 -0.008268 -0.016158 0.001157 -0.008389 -0.016060 0.001059 -0.008501 -0.015956 0.000956 -0.008603 -0.015847 0.000847 -0.008694 -0.015734 0.000734 -0.008774 -0.015618 0.000618 -0.008842 -0.015498 0.000498 -0.008899 -0.015376 0.000376 -0.008943 -0.015252 0.000252 -0.008975 -0.015126 0.000126 -0.008994 -0.016630 0.001887 -0.006678 -0.016618 0.001873 -0.006856 -0.016597 0.001849 -0.007031 -0.016568 0.001815 -0.007204 -0.016531 0.001773 -0.007374 -0.016487 0.001721 -0.007539 -0.016434 0.001660 -0.007698 -0.016375 0.001592 -0.007852 -0.016308 0.001514 -0.007998 -0.016235 0.001430 -0.008137 -0.016156 0.001338 -0.008268 -0.016070 0.001239 -0.008389 -0.015979 0.001134 -0.008501 -0.015884 0.001023 -0.008603 -0.015783 0.000907 -0.008694 -0.015679 0.000786 -0.008774 -0.015571 0.000661 -0.008842 -0.015460 0.000533 -0.008899 -0.015347 0.000402 -0.008943 -0.015233 0.000269 -0.008975 -0.015117 0.000135 -0.008994 -0.016488 0.002001 -0.006678 -0.016477 0.001986 -0.006856 -0.016458 0.001960 -0.007031 -0.016431 0.001925 -0.007204 -0.016398 0.001880 -0.007374 -0.016357 0.001825 -0.007539 -0.016309 0.001761 -0.007698 -0.016255 0.001688 -0.007852 -0.016194 0.001606 -0.007998 -0.016127 0.001516 -0.008137 -0.016055 0.001419 -0.008268 -0.015977 0.001314 -0.008389 -0.015894 0.001202 -0.008501 -0.015807 0.001085 -0.008603 -0.015715 0.000961 -0.008694 -0.015620 0.000833 -0.008774 -0.015521 0.000701 -0.008842 -0.015420 0.000565 -0.008899 -0.015317 0.000426 -0.008943 -0.015212 0.000286 -0.008975 -0.015106 0.000143 -0.008994 -0.016338 0.002104 -0.006678 -0.016328 0.002088 -0.006856 -0.016311 0.002061 -0.007031 -0.016287 0.002024 -0.007204 -0.016257 0.001977 -0.007374 -0.016220 0.001919 -0.007539 -0.016177 0.001852 -0.007698 -0.016129 0.001775 -0.007852 -0.016074 0.001689 -0.007998 -0.016014 0.001594 -0.008137 -0.015949 0.001492 -0.008268 -0.015878 0.001382 -0.008389 -0.015804 0.001264 -0.008501 -0.015725 0.001141 -0.008603 -0.015643 0.001011 -0.008694 -0.015557 0.000876 -0.008774 -0.015469 0.000737 -0.008842 -0.015378 0.000594 -0.008899 -0.015285 0.000448 -0.008943 -0.015191 0.000300 -0.008975 -0.015096 0.000150 -0.008994 -0.016181 0.002196 -0.006678 -0.016172 0.002180 -0.006856 -0.016157 0.002152 -0.007031 -0.016136 0.002113 -0.007204 -0.016109 0.002063 -0.007374 -0.016077 0.002003 -0.007539 -0.016039 0.001933 -0.007698 -0.015996 0.001852 -0.007852 -0.015948 0.001763 -0.007998 -0.015895 0.001664 -0.008137 -0.015837 0.001557 -0.008268 -0.015775 0.001442 -0.008389 -0.015709 0.001320 -0.008501 -0.015640 0.001190 -0.008603 -0.015567 0.001055 -0.008694 -0.015492 0.000915 -0.008774 -0.015414 0.000769 -0.008842 -0.015334 0.000620 -0.008899 -0.015252 0.000468 -0.008943 -0.015168 0.000313 -0.008975 -0.015084 0.000157 -0.008994 -0.016017 0.002277 -0.006678 -0.016010 0.002259 -0.006856 -0.015997 0.002230 -0.007031 -0.015979 0.002190 -0.007204 -0.015956 0.002139 -0.007374 -0.015928 0.002076 -0.007539 -0.015895 0.002003 -0.007698 -0.015858 0.001920 -0.007852 -0.015817 0.001827 -0.007998 -0.015771 0.001725 -0.008137 -0.015721 0.001614 -0.008268 -0.015668 0.001495 -0.008389 -0.015611 0.001368 -0.008501 -0.015551 0.001234 -0.008603 -0.015489 0.001094 -0.008694 -0.015424 0.000948 -0.008774 -0.015356 0.000798 -0.008842 -0.015287 0.000643 -0.008899 -0.015217 0.000485 -0.008943 -0.015145 0.000325 -0.008975 -0.015073 0.000163 -0.008994 -0.015849 0.002345 -0.006678 -0.015842 0.002327 -0.006856 -0.015831 0.002297 -0.007031 -0.015816 0.002256 -0.007204 -0.015797 0.002203 -0.007374 -0.015774 0.002138 -0.007539 -0.015747 0.002063 -0.007698 -0.015716 0.001978 -0.007852 -0.015681 0.001882 -0.007998 -0.015643 0.001777 -0.008137 -0.015602 0.001662 -0.008268 -0.015557 0.001539 -0.008389 -0.015510 0.001409 -0.008501 -0.015460 0.001271 -0.008603 -0.015408 0.001127 -0.008694 -0.015353 0.000977 -0.008774 -0.015297 0.000822 -0.008842 -0.015240 0.000662 -0.008899 -0.015181 0.000500 -0.008943 -0.015121 0.000335 -0.008975 -0.015061 0.000168 -0.008994 -0.015675 0.002401 -0.006678 -0.015670 0.002382 -0.006856 -0.015661 0.002352 -0.007031 -0.015649 0.002309 -0.007204 -0.015634 0.002255 -0.007374 -0.015616 0.002189 -0.007539 -0.015594 0.002112 -0.007698 -0.015569 0.002025 -0.007852 -0.015542 0.001927 -0.007998 -0.015511 0.001819 -0.008137 -0.015479 0.001702 -0.008268 -0.015443 0.001576 -0.008389 -0.015406 0.001442 -0.008501 -0.015366 0.001301 -0.008603 -0.015324 0.001153 -0.008694 -0.015281 0.001000 -0.008774 -0.015237 0.000841 -0.008842 -0.015191 0.000678 -0.008899 -0.015144 0.000512 -0.008943 -0.015096 0.000343 -0.008975 -0.015048 0.000172 -0.008994 -0.015498 0.002443 -0.006678 -0.015494 0.002425 -0.006856 -0.015488 0.002394 -0.007031 -0.015479 0.002350 -0.007204 -0.015468 0.002295 -0.007374 -0.015454 0.002228 -0.007539 -0.015438 0.002150 -0.007698 -0.015420 0.002061 -0.007852 -0.015400 0.001961 -0.007998 -0.015377 0.001851 -0.008137 -0.015353 0.001732 -0.008268 -0.015327 0.001604 -0.008389 -0.015299 0.001468 -0.008501 -0.015270 0.001324 -0.008603 -0.015239 0.001174 -0.008694 -0.015207 0.001018 -0.008774 -0.015174 0.000856 -0.008842 -0.015141 0.000690 -0.008899 -0.015106 0.000521 -0.008943 -0.015071 0.000349 -0.008975 -0.015036 0.000175 -0.008994 -0.015318 0.002473 -0.006678 -0.015316 0.002454 -0.006856 -0.015312 0.002423 -0.007031 -0.015306 0.002379 -0.007204 -0.015299 0.002323 -0.007374 -0.015290 0.002255 -0.007539 -0.015280 0.002176 -0.007698 -0.015269 0.002086 -0.007852 -0.015256 0.001985 -0.007998 -0.015241 0.001874 -0.008137 -0.015226 0.001753 -0.008268 -0.015209 0.001624 -0.008389 -0.015191 0.001486 -0.008501 -0.015173 0.001341 -0.008603 -0.015153 0.001188 -0.008694 -0.015133 0.001030 -0.008774 -0.015112 0.000867 -0.008842 -0.015090 0.000699 -0.008899 -0.015068 0.000527 -0.008943 -0.015045 0.000353 -0.008975 -0.015023 0.000177 -0.008994 -0.015137 0.002490 -0.006678 -0.015136 0.002471 -0.006856 -0.015134 0.002439 -0.007031 -0.015132 0.002395 -0.007204 -0.015129 0.002339 -0.007374 -0.015125 0.002271 -0.007539 -0.015121 0.002191 -0.007698 -0.015116 0.002100 -0.007852 -0.015110 0.001998 -0.007998 -0.015104 0.001887 -0.008137 -0.015097 0.001765 -0.008268 -0.015090 0.001635 -0.008389 -0.015082 0.001496 -0.008501 -0.015074 0.001350 -0.008603 -0.015066 0.001196 -0.008694 -0.015057 0.001037 -0.008774 -0.015048 0.000872 -0.008842 -0.015039 0.000703 -0.008899 -0.015029 0.000531 -0.008943 -0.015020 0.000355 -0.008975 -0.015010 0.000178 -0.008994 -0.014955 0.002493 -0.006678 -0.014955 0.002474 -0.006856 -0.014956 0.002442 -0.007031 -0.014957 0.002398 -0.007204 -0.014958 0.002342 -0.007374 -0.014959 0.002274 -0.007539 -0.014960 0.002194 -0.007698 -0.014962 0.002103 -0.007852 -0.014964 0.002001 -0.007998 -0.014966 0.001889 -0.008137 -0.014968 0.001767 -0.008268 -0.014970 0.001637 -0.008389 -0.014973 0.001498 -0.008501 -0.014976 0.001351 -0.008603 -0.014978 0.001198 -0.008694 -0.014981 0.001038 -0.008774 -0.014984 0.000874 -0.008842 -0.014987 0.000704 -0.008899 -0.014990 0.000531 -0.008943 -0.014994 0.000356 -0.008975 -0.014997 0.000178 -0.008994 -0.014773 0.002483 -0.006678 -0.014775 0.002464 -0.006856 -0.014778 0.002433 -0.007031 -0.014782 0.002389 -0.007204 -0.014787 0.002333 -0.007374 -0.014793 0.002265 -0.007539 -0.014800 0.002185 -0.007698 -0.014809 0.002094 -0.007852 -0.014818 0.001993 -0.007998 -0.014828 0.001882 -0.008137 -0.014839 0.001760 -0.008268 -0.014851 0.001630 -0.008389 -0.014864 0.001492 -0.008501 -0.014877 0.001346 -0.008603 -0.014891 0.001193 -0.008694 -0.014905 0.001034 -0.008774 -0.014920 0.000870 -0.008842 -0.014936 0.000701 -0.008899 -0.014952 0.000529 -0.008943 -0.014968 0.000354 -0.008975 -0.014984 0.000178 -0.008994 -0.014592 0.002460 -0.006678 -0.014595 0.002441 -0.006856 -0.014601 0.002410 -0.007031 -0.014608 0.002366 -0.007204 -0.014617 0.002311 -0.007374 -0.014628 0.002243 -0.007539 -0.014641 0.002165 -0.007698 -0.014656 0.002075 -0.007852 -0.014673 0.001974 -0.007998 -0.014691 0.001864 -0.008137 -0.014711 0.001744 -0.008268 -0.014732 0.001615 -0.008389 -0.014755 0.001478 -0.008501 -0.014779 0.001333 -0.008603 -0.014804 0.001182 -0.008694 -0.014830 0.001025 -0.008774 -0.014857 0.000862 -0.008842 -0.014885 0.000695 -0.008899 -0.014913 0.000524 -0.008943 -0.014942 0.000351 -0.008975 -0.014971 0.000176 -0.008994 -0.014414 0.002424 -0.006678 -0.014418 0.002405 -0.006856 -0.014426 0.002374 -0.007031 -0.014436 0.002332 -0.007204 -0.014449 0.002277 -0.007374 -0.014465 0.002210 -0.007539 -0.014484 0.002133 -0.007698 -0.014506 0.002044 -0.007852 -0.014530 0.001945 -0.007998 -0.014556 0.001836 -0.008137 -0.014584 0.001718 -0.008268 -0.014615 0.001591 -0.008389 -0.014648 0.001456 -0.008501 -0.014682 0.001314 -0.008603 -0.014718 0.001165 -0.008694 -0.014756 0.001009 -0.008774 -0.014795 0.000849 -0.008842 -0.014834 0.000685 -0.008899 -0.014875 0.000517 -0.008943 -0.014916 0.000346 -0.008975 -0.014958 0.000173 -0.008994 -0.014238 0.002374 -0.006678 -0.014244 0.002356 -0.006856 -0.014254 0.002326 -0.007031 -0.014267 0.002284 -0.007204 -0.014285 0.002230 -0.007374 -0.014306 0.002165 -0.007539 -0.014330 0.002089 -0.007698 -0.014358 0.002003 -0.007852 -0.014389 0.001906 -0.007998 -0.014423 0.001799 -0.008137 -0.014460 0.001683 -0.008268 -0.014500 0.001559 -0.008389 -0.014542 0.001427 -0.008501 -0.014587 0.001287 -0.008603 -0.014634 0.001141 -0.008694 -0.014683 0.000989 -0.008774 -0.014733 0.000832 -0.008842 -0.014785 0.000671 -0.008899 -0.014838 0.000506 -0.008943 -0.014891 0.000339 -0.008975 -0.014946 0.000170 -0.008994 -0.014067 0.002313 -0.006678 -0.014074 0.002295 -0.006856 -0.014086 0.002266 -0.007031 -0.014103 0.002225 -0.007204 -0.014124 0.002172 -0.007374 -0.014149 0.002109 -0.007539 -0.014179 0.002035 -0.007698 -0.014213 0.001950 -0.007852 -0.014251 0.001856 -0.007998 -0.014293 0.001752 -0.008137 -0.014339 0.001639 -0.008268 -0.014388 0.001518 -0.008389 -0.014440 0.001389 -0.008501 -0.014494 0.001253 -0.008603 -0.014552 0.001111 -0.008694 -0.014611 0.000963 -0.008774 -0.014673 0.000810 -0.008842 -0.014737 0.000653 -0.008899 -0.014801 0.000493 -0.008943 -0.014867 0.000330 -0.008975 -0.014933 0.000165 -0.008994 -0.013901 0.002238 -0.006678 -0.013909 0.002221 -0.006856 -0.013923 0.002193 -0.007031 -0.013943 0.002153 -0.007204 -0.013968 0.002103 -0.007374 -0.013998 0.002041 -0.007539 -0.014033 0.001970 -0.007698 -0.014073 0.001888 -0.007852 -0.014118 0.001796 -0.007998 -0.014167 0.001696 -0.008137 -0.014221 0.001587 -0.008268 -0.014278 0.001470 -0.008389 -0.014340 0.001345 -0.008501 -0.014404 0.001213 -0.008603 -0.014472 0.001075 -0.008694 -0.014542 0.000932 -0.008774 -0.014615 0.000784 -0.008842 -0.014690 0.000632 -0.008899 -0.014766 0.000477 -0.008943 -0.014843 0.000319 -0.008975 -0.014921 0.000160 -0.008994 -0.013587 0.002054 -0.006678 -0.013597 0.002039 -0.006856 -0.013615 0.002013 -0.007031 -0.013640 0.001976 -0.007204 -0.013672 0.001930 -0.007374 -0.013711 0.001874 -0.007539 -0.013756 0.001808 -0.007698 -0.013808 0.001733 -0.007852 -0.013866 0.001649 -0.007998 -0.013929 0.001557 -0.008137 -0.013998 0.001456 -0.008268 -0.014072 0.001349 -0.008389 -0.014151 0.001234 -0.008501 -0.014234 0.001114 -0.008603 -0.014321 0.000987 -0.008694 -0.014411 0.000856 -0.008774 -0.014505 0.000720 -0.008842 -0.014601 0.000580 -0.008899 -0.014699 0.000438 -0.008943 -0.014798 0.000293 -0.008975 -0.014899 0.000147 -0.008994 -0.013440 0.001946 -0.006678 -0.013452 0.001931 -0.006856 -0.013472 0.001906 -0.007031 -0.013500 0.001872 -0.007204 -0.013535 0.001828 -0.007374 -0.013578 0.001774 -0.007539 -0.013628 0.001712 -0.007698 -0.013685 0.001641 -0.007852 -0.013748 0.001562 -0.007998 -0.013818 0.001474 -0.008137 -0.013894 0.001379 -0.008268 -0.013976 0.001277 -0.008389 -0.014063 0.001169 -0.008501 -0.014155 0.001055 -0.008603 -0.014251 0.000935 -0.008694 -0.014351 0.000810 -0.008774 -0.014454 0.000682 -0.008842 -0.014560 0.000550 -0.008899 -0.014668 0.000415 -0.008943 -0.014777 0.000278 -0.008975 -0.014888 0.000139 -0.008994 -0.013303 0.001827 -0.006678 -0.013316 0.001813 -0.006856 -0.013337 0.001790 -0.007031 -0.013367 0.001757 -0.007204 -0.013406 0.001716 -0.007374 -0.013452 0.001666 -0.007539 -0.013506 0.001607 -0.007698 -0.013568 0.001541 -0.007852 -0.013638 0.001466 -0.007998 -0.013714 0.001384 -0.008137 -0.013797 0.001295 -0.008268 -0.013886 0.001199 -0.008389 -0.013980 0.001098 -0.008501 -0.014080 0.000990 -0.008603 -0.014184 0.000878 -0.008694 -0.014293 0.000761 -0.008774 -0.014405 0.000640 -0.008842 -0.014521 0.000516 -0.008899 -0.014638 0.000389 -0.008943 -0.014758 0.000261 -0.008975 -0.014879 0.000131 -0.008994 -0.013174 0.001698 -0.006678 -0.013188 0.001685 -0.006856 -0.013211 0.001663 -0.007031 -0.013243 0.001633 -0.007204 -0.013285 0.001595 -0.007374 -0.013335 0.001548 -0.007539 -0.013393 0.001494 -0.007698 -0.013460 0.001432 -0.007852 -0.013534 0.001363 -0.007998 -0.013616 0.001287 -0.008137 -0.013705 0.001204 -0.008268 -0.013801 0.001115 -0.008389 -0.013903 0.001020 -0.008501 -0.014010 0.000920 -0.008603 -0.014123 0.000816 -0.008694 -0.014239 0.000707 -0.008774 -0.014360 0.000595 -0.008842 -0.014484 0.000480 -0.008899 -0.014611 0.000362 -0.008943 -0.014739 0.000242 -0.008975 -0.014869 0.000121 -0.008994 -0.013055 0.001560 -0.006678 -0.013070 0.001548 -0.006856 -0.013094 0.001528 -0.007031 -0.013129 0.001501 -0.007204 -0.013173 0.001466 -0.007374 -0.013226 0.001423 -0.007539 -0.013288 0.001373 -0.007698 -0.013359 0.001316 -0.007852 -0.013439 0.001252 -0.007998 -0.013526 0.001182 -0.008137 -0.013621 0.001106 -0.008268 -0.013723 0.001024 -0.008389 -0.013831 0.000937 -0.008501 -0.013946 0.000846 -0.008603 -0.014065 0.000750 -0.008694 -0.014190 0.000650 -0.008774 -0.014318 0.000547 -0.008842 -0.014451 0.000441 -0.008899 -0.014585 0.000332 -0.008943 -0.014722 0.000223 -0.008975 -0.014861 0.000112 -0.008994 -0.012946 0.001414 -0.006678 -0.012962 0.001403 -0.006856 -0.012988 0.001385 -0.007031 -0.013024 0.001360 -0.007204 -0.013071 0.001328 -0.007374 -0.013127 0.001290 -0.007539 -0.013193 0.001244 -0.007698 -0.013268 0.001193 -0.007852 -0.013352 0.001135 -0.007998 -0.013444 0.001071 -0.008137 -0.013544 0.001002 -0.008268 -0.013652 0.000928 -0.008389 -0.013766 0.000850 -0.008501 -0.013887 0.000766 -0.008603 -0.014013 0.000679 -0.008694 -0.014145 0.000589 -0.008774 -0.014280 0.000495 -0.008842 -0.014420 0.000399 -0.008899 -0.014562 0.000301 -0.008943 -0.014707 0.000202 -0.008975 -0.014853 0.000101 -0.008994 -0.012848 0.001260 -0.006678 -0.012865 0.001251 -0.006856 -0.012892 0.001235 -0.007031 -0.012930 0.001212 -0.007204 -0.012979 0.001184 -0.007374 -0.013038 0.001149 -0.007539 -0.013107 0.001109 -0.007698 -0.013185 0.001063 -0.007852 -0.013273 0.001011 -0.007998 -0.013370 0.000955 -0.008137 -0.013475 0.000893 -0.008268 -0.013587 0.000827 -0.008389 -0.013707 0.000757 -0.008501 -0.013834 0.000683 -0.008603 -0.013966 0.000606 -0.008694 -0.014104 0.000525 -0.008774 -0.014246 0.000442 -0.008842 -0.014392 0.000356 -0.008899 -0.014541 0.000269 -0.008943 -0.014693 0.000180 -0.008975 -0.014846 0.000090 -0.008994 -0.012762 0.001100 -0.006678 -0.012779 0.001091 -0.006856 -0.012808 0.001077 -0.007031 -0.012847 0.001058 -0.007204 -0.012898 0.001033 -0.007374 -0.012959 0.001003 -0.007539 -0.013031 0.000968 -0.007698 -0.013113 0.000928 -0.007852 -0.013204 0.000883 -0.007998 -0.013304 0.000833 -0.008137 -0.013413 0.000780 -0.008268 -0.013531 0.000722 -0.008389 -0.013655 0.000661 -0.008501 -0.013787 0.000596 -0.008603 -0.013925 0.000528 -0.008694 -0.014068 0.000458 -0.008774 -0.014216 0.000385 -0.008842 -0.014368 0.000311 -0.008899 -0.014523 0.000234 -0.008943 -0.014681 0.000157 -0.008975 -0.014840 0.000079 -0.008994 -0.012688 0.000934 -0.006678 -0.012705 0.000926 -0.006856 -0.012735 0.000915 -0.007031 -0.012776 0.000898 -0.007204 -0.012828 0.000877 -0.007374 -0.012891 0.000851 -0.007539 -0.012965 0.000821 -0.007698 -0.013050 0.000787 -0.007852 -0.013144 0.000749 -0.007998 -0.013248 0.000707 -0.008137 -0.013361 0.000662 -0.008268 -0.013482 0.000613 -0.008389 -0.013611 0.000561 -0.008501 -0.013747 0.000506 -0.008603 -0.013889 0.000449 -0.008694 -0.014037 0.000389 -0.008774 -0.014190 0.000327 -0.008842 -0.014347 0.000264 -0.008899 -0.014507 0.000199 -0.008943 -0.014670 0.000133 -0.008975 -0.014835 0.000067 -0.008994 -0.012626 0.000762 -0.006678 -0.012644 0.000756 -0.006856 -0.012674 0.000747 -0.007031 -0.012716 0.000733 -0.007204 -0.012770 0.000716 -0.007374 -0.012835 0.000695 -0.007539 -0.012911 0.000671 -0.007698 -0.012998 0.000643 -0.007852 -0.013094 0.000612 -0.007998 -0.013201 0.000578 -0.008137 -0.013317 0.000540 -0.008268 -0.013441 0.000500 -0.008389 -0.013574 0.000458 -0.008501 -0.013713 0.000413 -0.008603 -0.013859 0.000366 -0.008694 -0.014011 0.000317 -0.008774 -0.014168 0.000267 -0.008842 -0.014329 0.000215 -0.008899 -0.014494 0.000162 -0.008943 -0.014661 0.000109 -0.008975 -0.014830 0.000055 -0.008994 -0.012576 0.000587 -0.006678 -0.012595 0.000582 -0.006856 -0.012626 0.000575 -0.007031 -0.012669 0.000565 -0.007204 -0.012723 0.000551 -0.007374 -0.012790 0.000535 -0.007539 -0.012867 0.000516 -0.007698 -0.012956 0.000495 -0.007852 -0.013055 0.000471 -0.007998 -0.013164 0.000445 -0.008137 -0.013282 0.000416 -0.008268 -0.013409 0.000385 -0.008389 -0.013544 0.000353 -0.008501 -0.013686 0.000318 -0.008603 -0.013836 0.000282 -0.008694 -0.013991 0.000244 -0.008774 -0.014151 0.000206 -0.008842 -0.014315 0.000166 -0.008899 -0.014484 0.000125 -0.008943 -0.014654 0.000084 -0.008975 -0.014827 0.000042 -0.008994 -0.012540 0.000408 -0.006678 -0.012559 0.000405 -0.006856 -0.012590 0.000400 -0.007031 -0.012634 0.000393 -0.007204 -0.012689 0.000384 -0.007374 -0.012757 0.000373 -0.007539 -0.012835 0.000359 -0.007698 -0.012925 0.000345 -0.007852 -0.013026 0.000328 -0.007998 -0.013136 0.000309 -0.008137 -0.013256 0.000290 -0.008268 -0.013385 0.000268 -0.008389 -0.013522 0.000245 -0.008501 -0.013667 0.000221 -0.008603 -0.013818 0.000196 -0.008694 -0.013975 0.000170 -0.008774 -0.014138 0.000143 -0.008842 -0.014305 0.000115 -0.008899 -0.014476 0.000087 -0.008943 -0.014649 0.000058 -0.008975 -0.014824 0.000029 -0.008994 -0.012517 0.000228 -0.006678 -0.012536 0.000226 -0.006856 -0.012567 0.000223 -0.007031 -0.012611 0.000219 -0.007204 -0.012667 0.000214 -0.007374 -0.012735 0.000208 -0.007539 -0.012815 0.000200 -0.007698 -0.012906 0.000192 -0.007852 -0.013007 0.000183 -0.007998 -0.013119 0.000173 -0.008137 -0.013240 0.000162 -0.008268 -0.013370 0.000150 -0.008389 -0.013508 0.000137 -0.008501 -0.013654 0.000123 -0.008603 -0.013807 0.000109 -0.008694 -0.013966 0.000095 -0.008774 -0.014130 0.000080 -0.008842 -0.014299 0.000064 -0.008899 -0.014471 0.000049 -0.008943 -0.014646 0.000033 -0.008975 -0.014822 0.000016 -0.008994 -0.012507 0.000046 -0.006678 -0.012526 0.000046 -0.006856 -0.012558 0.000045 -0.007031 -0.012602 0.000044 -0.007204 -0.012658 0.000043 -0.007374 -0.012726 0.000042 -0.007539 -0.012806 0.000040 -0.007698 -0.012897 0.000039 -0.007852 -0.012999 0.000037 -0.007998 -0.013111 0.000035 -0.008137 -0.013233 0.000033 -0.008268 -0.013363 0.000030 -0.008389 -0.013502 0.000028 -0.008501 -0.013649 0.000025 -0.008603 -0.013802 0.000022 -0.008694 -0.013962 0.000019 -0.008774 -0.014126 0.000016 -0.008842 -0.014296 0.000013 -0.008899 -0.014469 0.000010 -0.008943 -0.014644 0.000007 -0.008975 -0.014822 0.000003 -0.008994 -0.012510 -0.000136 -0.006678 -0.012529 -0.000135 -0.006856 -0.012561 -0.000133 -0.007031 -0.012605 -0.000131 -0.007204 -0.012661 -0.000128 -0.007374 -0.012729 -0.000124 -0.007539 -0.012809 -0.000120 -0.007698 -0.012900 -0.000115 -0.007852 -0.013002 -0.000109 -0.007998 -0.013113 -0.000103 -0.008137 -0.013235 -0.000097 -0.008268 -0.013365 -0.000089 -0.008389 -0.013504 -0.000082 -0.008501 -0.013650 -0.000074 -0.008603 -0.013804 -0.000065 -0.008694 -0.013963 -0.000057 -0.008774 -0.014128 -0.000048 -0.008842 -0.014297 -0.000038 -0.008899 -0.014469 -0.000029 -0.008943 -0.014645 -0.000019 -0.008975 -0.014822 -0.000010 -0.008994 -0.012527 -0.000318 -0.006678 -0.012546 -0.000315 -0.006856 -0.012577 -0.000311 -0.007031 -0.012621 -0.000305 -0.007204 -0.012677 -0.000298 -0.007374 -0.012744 -0.000290 -0.007539 -0.012824 -0.000279 -0.007698 -0.012914 -0.000268 -0.007852 -0.013015 -0.000255 -0.007998 -0.013126 -0.000241 -0.008137 -0.013247 -0.000225 -0.008268 -0.013376 -0.000208 -0.008389 -0.013514 -0.000191 -0.008501 -0.013659 -0.000172 -0.008603 -0.013812 -0.000153 -0.008694 -0.013970 -0.000132 -0.008774 -0.014133 -0.000111 -0.008842 -0.014301 -0.000090 -0.008899 -0.014473 -0.000068 -0.008943 -0.014647 -0.000045 -0.008975 -0.014823 -0.000023 -0.008994 -0.012556 -0.000497 -0.006678 -0.012575 -0.000493 -0.006856 -0.012606 -0.000487 -0.007031 -0.012649 -0.000478 -0.007204 -0.012705 -0.000467 -0.007374 -0.012772 -0.000453 -0.007539 -0.012850 -0.000438 -0.007698 -0.012939 -0.000419 -0.007852 -0.013039 -0.000399 -0.007998 -0.013149 -0.000377 -0.008137 -0.013268 -0.000352 -0.008268 -0.013396 -0.000326 -0.008389 -0.013532 -0.000299 -0.008501 -0.013676 -0.000270 -0.008603 -0.013826 -0.000239 -0.008694 -0.013982 -0.000207 -0.008774 -0.014144 -0.000174 -0.008842 -0.014310 -0.000140 -0.008899 -0.014479 -0.000106 -0.008943 -0.014651 -0.000071 -0.008975 -0.014825 -0.000036 -0.008994 -0.012599 -0.000674 -0.006678 -0.012618 -0.000669 -0.006856 -0.012648 -0.000661 -0.007031 -0.012691 -0.000649 -0.007204 -0.012745 -0.000633 -0.007374 -0.012811 -0.000615 -0.007539 -0.012888 -0.000593 -0.007698 -0.012975 -0.000569 -0.007852 -0.013073 -0.000541 -0.007998 -0.013181 -0.000511 -0.008137 -0.013298 -0.000478 -0.008268 -0.013424 -0.000443 -0.008389 -0.013558 -0.000405 -0.008501 -0.013699 -0.000365 -0.008603 -0.013847 -0.000324 -0.008694 -0.014000 -0.000281 -0.008774 -0.014159 -0.000236 -0.008842 -0.014322 -0.000190 -0.008899 -0.014488 -0.000144 -0.008943 -0.014657 -0.000096 -0.008975 -0.014828 -0.000048 -0.008994 -0.012655 -0.000848 -0.006678 -0.012673 -0.000841 -0.006856 -0.012703 -0.000830 -0.007031 -0.012744 -0.000815 -0.007204 -0.012797 -0.000796 -0.007374 -0.012861 -0.000773 -0.007539 -0.012936 -0.000746 -0.007698 -0.013022 -0.000715 -0.007852 -0.013118 -0.000680 -0.007998 -0.013223 -0.000642 -0.008137 -0.013338 -0.000601 -0.008268 -0.013460 -0.000557 -0.008389 -0.013591 -0.000509 -0.008501 -0.013729 -0.000459 -0.008603 -0.013873 -0.000407 -0.008694 -0.014023 -0.000353 -0.008774 -0.014178 -0.000297 -0.008842 -0.014338 -0.000239 -0.008899 -0.014500 -0.000181 -0.008943 -0.014665 -0.000121 -0.008975 -0.014832 -0.000061 -0.008994 -0.012723 -0.001017 -0.006678 -0.012740 -0.001009 -0.006856 -0.012769 -0.000996 -0.007031 -0.012810 -0.000978 -0.007204 -0.012861 -0.000955 -0.007374 -0.012924 -0.000927 -0.007539 -0.012996 -0.000895 -0.007698 -0.013080 -0.000857 -0.007852 -0.013173 -0.000816 -0.007998 -0.013275 -0.000770 -0.008137 -0.013386 -0.000721 -0.008268 -0.013505 -0.000667 -0.008389 -0.013632 -0.000611 -0.008501 -0.013766 -0.000551 -0.008603 -0.013906 -0.000488 -0.008694 -0.014052 -0.000423 -0.008774 -0.014202 -0.000356 -0.008842 -0.014357 -0.000287 -0.008899 -0.014515 -0.000217 -0.008943 -0.014675 -0.000145 -0.008975 -0.014837 -0.000073 -0.008994 -0.012803 -0.001180 -0.006678 -0.012820 -0.001171 -0.006856 -0.012848 -0.001156 -0.007031 -0.012887 -0.001135 -0.007204 -0.012937 -0.001109 -0.007374 -0.012997 -0.001076 -0.007539 -0.013067 -0.001038 -0.007698 -0.013147 -0.000995 -0.007852 -0.013237 -0.000947 -0.007998 -0.013336 -0.000894 -0.008137 -0.013443 -0.000837 -0.008268 -0.013558 -0.000775 -0.008389 -0.013680 -0.000709 -0.008501 -0.013809 -0.000640 -0.008603 -0.013945 -0.000567 -0.008694 -0.014085 -0.000491 -0.008774 -0.014230 -0.000413 -0.008842 -0.014380 -0.000333 -0.008899 -0.014532 -0.000251 -0.008943 -0.014687 -0.000168 -0.008975 -0.014843 -0.000084 -0.008994 -0.012895 -0.001337 -0.006678 -0.012911 -0.001327 -0.006856 -0.012938 -0.001310 -0.007031 -0.012975 -0.001286 -0.007204 -0.013023 -0.001256 -0.007374 -0.013081 -0.001220 -0.007539 -0.013148 -0.001177 -0.007698 -0.013225 -0.001128 -0.007852 -0.013311 -0.001073 -0.007998 -0.013405 -0.001013 -0.008137 -0.013508 -0.000948 -0.008268 -0.013618 -0.000878 -0.008389 -0.013735 -0.000803 -0.008501 -0.013859 -0.000725 -0.008603 -0.013989 -0.000643 -0.008694 -0.014123 -0.000557 -0.008774 -0.014263 -0.000469 -0.008842 -0.014406 -0.000378 -0.008899 -0.014551 -0.000285 -0.008943 -0.014700 -0.000191 -0.008975 -0.014849 -0.000096 -0.008994 -0.012999 -0.001487 -0.006678 -0.013014 -0.001476 -0.006856 -0.013039 -0.001457 -0.007031 -0.013075 -0.001431 -0.007204 -0.013120 -0.001397 -0.007374 -0.013175 -0.001356 -0.007539 -0.013239 -0.001309 -0.007698 -0.013312 -0.001254 -0.007852 -0.013394 -0.001194 -0.007998 -0.013484 -0.001127 -0.008137 -0.013581 -0.001054 -0.008268 -0.013686 -0.000977 -0.008389 -0.013798 -0.000894 -0.008501 -0.013915 -0.000806 -0.008603 -0.014038 -0.000715 -0.008694 -0.014166 -0.000619 -0.008774 -0.014299 -0.000521 -0.008842 -0.014435 -0.000420 -0.008899 -0.014573 -0.000317 -0.008943 -0.014714 -0.000212 -0.008975 -0.014857 -0.000106 -0.008994 -0.013112 -0.001630 -0.006678 -0.013127 -0.001617 -0.006856 -0.013151 -0.001596 -0.007031 -0.013184 -0.001568 -0.007204 -0.013227 -0.001531 -0.007374 -0.013279 -0.001486 -0.007539 -0.013339 -0.001434 -0.007698 -0.013408 -0.001374 -0.007852 -0.013485 -0.001308 -0.007998 -0.013570 -0.001235 -0.008137 -0.013662 -0.001155 -0.008268 -0.013761 -0.001070 -0.008389 -0.013866 -0.000979 -0.008501 -0.013977 -0.000883 -0.008603 -0.014093 -0.000783 -0.008694 -0.014214 -0.000679 -0.008774 -0.014339 -0.000571 -0.008842 -0.014467 -0.000460 -0.008899 -0.014598 -0.000347 -0.008943 -0.014731 -0.000233 -0.008975 -0.014865 -0.000117 -0.008994 -0.013236 -0.001763 -0.006678 -0.013250 -0.001749 -0.006856 -0.013272 -0.001727 -0.007031 -0.013304 -0.001696 -0.007204 -0.013343 -0.001656 -0.007374 -0.013392 -0.001608 -0.007539 -0.013448 -0.001551 -0.007698 -0.013513 -0.001487 -0.007852 -0.013585 -0.001415 -0.007998 -0.013664 -0.001336 -0.008137 -0.013750 -0.001250 -0.008268 -0.013842 -0.001157 -0.008389 -0.013940 -0.001059 -0.008501 -0.014044 -0.000956 -0.008603 -0.014153 -0.000847 -0.008694 -0.014266 -0.000734 -0.008774 -0.014382 -0.000618 -0.008842 -0.014502 -0.000498 -0.008899 -0.014624 -0.000376 -0.008943 -0.014748 -0.000252 -0.008975 -0.014874 -0.000126 -0.008994 -0.013370 -0.001887 -0.006678 -0.013382 -0.001873 -0.006856 -0.013403 -0.001849 -0.007031 -0.013432 -0.001815 -0.007204 -0.013469 -0.001773 -0.007374 -0.013513 -0.001721 -0.007539 -0.013566 -0.001660 -0.007698 -0.013625 -0.001592 -0.007852 -0.013692 -0.001514 -0.007998 -0.013765 -0.001430 -0.008137 -0.013844 -0.001338 -0.008268 -0.013930 -0.001239 -0.008389 -0.014021 -0.001134 -0.008501 -0.014116 -0.001023 -0.008603 -0.014217 -0.000907 -0.008694 -0.014321 -0.000786 -0.008774 -0.014429 -0.000661 -0.008842 -0.014540 -0.000533 -0.008899 -0.014653 -0.000402 -0.008943 -0.014767 -0.000269 -0.008975 -0.014883 -0.000135 -0.008994 -0.013512 -0.002001 -0.006678 -0.013523 -0.001986 -0.006856 -0.013542 -0.001960 -0.007031 -0.013569 -0.001925 -0.007204 -0.013602 -0.001880 -0.007374 -0.013643 -0.001825 -0.007539 -0.013691 -0.001761 -0.007698 -0.013745 -0.001688 -0.007852 -0.013806 -0.001606 -0.007998 -0.013873 -0.001516 -0.008137 -0.013945 -0.001419 -0.008268 -0.014023 -0.001314 -0.008389 -0.014106 -0.001202 -0.008501 -0.014193 -0.001085 -0.008603 -0.014285 -0.000961 -0.008694 -0.014380 -0.000833 -0.008774 -0.014479 -0.000701 -0.008842 -0.014580 -0.000565 -0.008899 -0.014683 -0.000426 -0.008943 -0.014788 -0.000286 -0.008975 -0.014894 -0.000143 -0.008994 -0.013662 -0.002104 -0.006678 -0.013672 -0.002088 -0.006856 -0.013689 -0.002061 -0.007031 -0.013713 -0.002024 -0.007204 -0.013743 -0.001977 -0.007374 -0.013780 -0.001919 -0.007539 -0.013823 -0.001852 -0.007698 -0.013871 -0.001775 -0.007852 -0.013926 -0.001689 -0.007998 -0.013986 -0.001594 -0.008137 -0.014051 -0.001492 -0.008268 -0.014122 -0.001382 -0.008389 -0.014196 -0.001264 -0.008501 -0.014275 -0.001141 -0.008603 -0.014357 -0.001011 -0.008694 -0.014443 -0.000876 -0.008774 -0.014531 -0.000737 -0.008842 -0.014622 -0.000594 -0.008899 -0.014715 -0.000448 -0.008943 -0.014809 -0.000300 -0.008975 -0.014904 -0.000150 -0.008994 -0.013819 -0.002196 -0.006678 -0.013828 -0.002180 -0.006856 -0.013843 -0.002152 -0.007031 -0.013864 -0.002113 -0.007204 -0.013891 -0.002063 -0.007374 -0.013923 -0.002003 -0.007539 -0.013961 -0.001933 -0.007698 -0.014004 -0.001852 -0.007852 -0.014052 -0.001763 -0.007998 -0.014105 -0.001664 -0.008137 -0.014163 -0.001557 -0.008268 -0.014225 -0.001442 -0.008389 -0.014291 -0.001320 -0.008501 -0.014360 -0.001190 -0.008603 -0.014433 -0.001055 -0.008694 -0.014508 -0.000915 -0.008774 -0.014586 -0.000769 -0.008842 -0.014666 -0.000620 -0.008899 -0.014748 -0.000468 -0.008943 -0.014832 -0.000313 -0.008975 -0.014916 -0.000157 -0.008994 -0.013983 -0.002277 -0.006678 -0.013990 -0.002259 -0.006856 -0.014003 -0.002230 -0.007031 -0.014021 -0.002190 -0.007204 -0.014044 -0.002139 -0.007374 -0.014072 -0.002076 -0.007539 -0.014105 -0.002003 -0.007698 -0.014142 -0.001920 -0.007852 -0.014183 -0.001827 -0.007998 -0.014229 -0.001725 -0.008137 -0.014279 -0.001614 -0.008268 -0.014332 -0.001495 -0.008389 -0.014389 -0.001368 -0.008501 -0.014449 -0.001234 -0.008603 -0.014511 -0.001094 -0.008694 -0.014576 -0.000948 -0.008774 -0.014644 -0.000798 -0.008842 -0.014713 -0.000643 -0.008899 -0.014783 -0.000485 -0.008943 -0.014855 -0.000325 -0.008975 -0.014927 -0.000163 -0.008994 -0.014151 -0.002345 -0.006678 -0.014158 -0.002327 -0.006856 -0.014169 -0.002297 -0.007031 -0.014184 -0.002256 -0.007204 -0.014203 -0.002203 -0.007374 -0.014226 -0.002138 -0.007539 -0.014253 -0.002063 -0.007698 -0.014284 -0.001978 -0.007852 -0.014319 -0.001882 -0.007998 -0.014357 -0.001777 -0.008137 -0.014398 -0.001662 -0.008268 -0.014443 -0.001539 -0.008389 -0.014490 -0.001409 -0.008501 -0.014540 -0.001271 -0.008603 -0.014592 -0.001127 -0.008694 -0.014647 -0.000977 -0.008774 -0.014703 -0.000822 -0.008842 -0.014760 -0.000662 -0.008899 -0.014819 -0.000500 -0.008943 -0.014879 -0.000335 -0.008975 -0.014939 -0.000168 -0.008994 -0.014325 -0.002401 -0.006678 -0.014330 -0.002382 -0.006856 -0.014339 -0.002352 -0.007031 -0.014351 -0.002309 -0.007204 -0.014366 -0.002255 -0.007374 -0.014384 -0.002189 -0.007539 -0.014406 -0.002112 -0.007698 -0.014431 -0.002025 -0.007852 -0.014458 -0.001927 -0.007998 -0.014489 -0.001819 -0.008137 -0.014521 -0.001702 -0.008268 -0.014557 -0.001576 -0.008389 -0.014594 -0.001442 -0.008501 -0.014634 -0.001301 -0.008603 -0.014676 -0.001153 -0.008694 -0.014719 -0.001000 -0.008774 -0.014763 -0.000841 -0.008842 -0.014809 -0.000678 -0.008899 -0.014856 -0.000512 -0.008943 -0.014904 -0.000343 -0.008975 -0.014952 -0.000172 -0.008994 -0.014502 -0.002443 -0.006678 -0.014506 -0.002425 -0.006856 -0.014512 -0.002394 -0.007031 -0.014521 -0.002350 -0.007204 -0.014532 -0.002295 -0.007374 -0.014546 -0.002228 -0.007539 -0.014562 -0.002150 -0.007698 -0.014580 -0.002061 -0.007852 -0.014600 -0.001961 -0.007998 -0.014623 -0.001851 -0.008137 -0.014647 -0.001732 -0.008268 -0.014673 -0.001604 -0.008389 -0.014701 -0.001468 -0.008501 -0.014730 -0.001324 -0.008603 -0.014761 -0.001174 -0.008694 -0.014793 -0.001018 -0.008774 -0.014826 -0.000856 -0.008842 -0.014859 -0.000690 -0.008899 -0.014894 -0.000521 -0.008943 -0.014929 -0.000349 -0.008975 -0.014964 -0.000175 -0.008994 -0.014682 -0.002473 -0.006678 -0.014684 -0.002454 -0.006856 -0.014688 -0.002423 -0.007031 -0.014694 -0.002379 -0.007204 -0.014701 -0.002323 -0.007374 -0.014710 -0.002255 -0.007539 -0.014720 -0.002176 -0.007698 -0.014731 -0.002086 -0.007852 -0.014744 -0.001985 -0.007998 -0.014759 -0.001874 -0.008137 -0.014774 -0.001753 -0.008268 -0.014791 -0.001624 -0.008389 -0.014809 -0.001486 -0.008501 -0.014827 -0.001341 -0.008603 -0.014847 -0.001188 -0.008694 -0.014867 -0.001030 -0.008774 -0.014888 -0.000867 -0.008842 -0.014910 -0.000699 -0.008899 -0.014932 -0.000527 -0.008943 -0.014955 -0.000353 -0.008975 -0.014977 -0.000177 -0.008994 -0.014863 -0.002490 -0.006678 -0.014864 -0.002471 -0.006856 -0.014866 -0.002439 -0.007031 -0.014868 -0.002395 -0.007204 -0.014871 -0.002339 -0.007374 -0.014875 -0.002271 -0.007539 -0.014879 -0.002191 -0.007698 -0.014884 -0.002100 -0.007852 -0.014890 -0.001998 -0.007998 -0.014896 -0.001887 -0.008137 -0.014903 -0.001765 -0.008268 -0.014910 -0.001635 -0.008389 -0.014918 -0.001496 -0.008501 -0.014926 -0.001350 -0.008603 -0.014934 -0.001196 -0.008694 -0.014943 -0.001037 -0.008774 -0.014952 -0.000872 -0.008842 -0.014961 -0.000703 -0.008899 -0.014971 -0.000531 -0.008943 -0.014980 -0.000355 -0.008975 -0.014990 -0.000178 -0.008994 -0.015045 -0.002493 -0.006678 -0.015045 -0.002474 -0.006856 -0.015044 -0.002442 -0.007031 -0.015043 -0.002398 -0.007204 -0.015042 -0.002342 -0.007374 -0.015041 -0.002274 -0.007539 -0.015040 -0.002194 -0.007698 -0.015038 -0.002103 -0.007852 -0.015036 -0.002001 -0.007998 -0.015034 -0.001889 -0.008137 -0.015032 -0.001767 -0.008268 -0.015030 -0.001637 -0.008389 -0.015027 -0.001498 -0.008501 -0.015024 -0.001351 -0.008603 -0.015022 -0.001198 -0.008694 -0.015019 -0.001038 -0.008774 -0.015016 -0.000874 -0.008842 -0.015013 -0.000704 -0.008899 -0.015010 -0.000531 -0.008943 -0.015006 -0.000356 -0.008975 -0.015003 -0.000178 -0.008994 -0.015227 -0.002483 -0.006678 -0.015225 -0.002464 -0.006856 -0.015222 -0.002433 -0.007031 -0.015218 -0.002389 -0.007204 -0.015213 -0.002333 -0.007374 -0.015207 -0.002265 -0.007539 -0.015200 -0.002185 -0.007698 -0.015191 -0.002094 -0.007852 -0.015182 -0.001993 -0.007998 -0.015172 -0.001882 -0.008137 -0.015161 -0.001760 -0.008268 -0.015149 -0.001630 -0.008389 -0.015136 -0.001492 -0.008501 -0.015123 -0.001346 -0.008603 -0.015109 -0.001193 -0.008694 -0.015095 -0.001034 -0.008774 -0.015080 -0.000870 -0.008842 -0.015064 -0.000701 -0.008899 -0.015048 -0.000529 -0.008943 -0.015032 -0.000354 -0.008975 -0.015016 -0.000178 -0.008994 -0.015408 -0.002460 -0.006678 -0.015405 -0.002441 -0.006856 -0.015399 -0.002410 -0.007031 -0.015392 -0.002366 -0.007204 -0.015383 -0.002311 -0.007374 -0.015372 -0.002243 -0.007539 -0.015359 -0.002165 -0.007698 -0.015344 -0.002075 -0.007852 -0.015327 -0.001974 -0.007998 -0.015309 -0.001864 -0.008137 -0.015289 -0.001744 -0.008268 -0.015268 -0.001615 -0.008389 -0.015245 -0.001478 -0.008501 -0.015221 -0.001333 -0.008603 -0.015196 -0.001182 -0.008694 -0.015170 -0.001025 -0.008774 -0.015143 -0.000862 -0.008842 -0.015115 -0.000695 -0.008899 -0.015087 -0.000524 -0.008943 -0.015058 -0.000351 -0.008975 -0.015029 -0.000176 -0.008994 -0.015586 -0.002424 -0.006678 -0.015582 -0.002405 -0.006856 -0.015574 -0.002374 -0.007031 -0.015564 -0.002332 -0.007204 -0.015551 -0.002277 -0.007374 -0.015535 -0.002210 -0.007539 -0.015516 -0.002133 -0.007698 -0.015494 -0.002044 -0.007852 -0.015470 -0.001945 -0.007998 -0.015444 -0.001836 -0.008137 -0.015416 -0.001718 -0.008268 -0.015385 -0.001591 -0.008389 -0.015352 -0.001456 -0.008501 -0.015318 -0.001314 -0.008603 -0.015282 -0.001165 -0.008694 -0.015244 -0.001009 -0.008774 -0.015205 -0.000849 -0.008842 -0.015166 -0.000685 -0.008899 -0.015125 -0.000517 -0.008943 -0.015084 -0.000346 -0.008975 -0.015042 -0.000173 -0.008994 -0.015762 -0.002374 -0.006678 -0.015756 -0.002356 -0.006856 -0.015746 -0.002326 -0.007031 -0.015733 -0.002284 -0.007204 -0.015715 -0.002230 -0.007374 -0.015694 -0.002165 -0.007539 -0.015670 -0.002089 -0.007698 -0.015642 -0.002003 -0.007852 -0.015611 -0.001906 -0.007998 -0.015577 -0.001799 -0.008137 -0.015540 -0.001683 -0.008268 -0.015500 -0.001559 -0.008389 -0.015458 -0.001427 -0.008501 -0.015413 -0.001287 -0.008603 -0.015366 -0.001141 -0.008694 -0.015317 -0.000989 -0.008774 -0.015267 -0.000832 -0.008842 -0.015215 -0.000671 -0.008899 -0.015162 -0.000506 -0.008943 -0.015109 -0.000339 -0.008975 -0.015054 -0.000170 -0.008994 -0.015933 -0.002313 -0.006678 -0.015926 -0.002295 -0.006856 -0.015914 -0.002266 -0.007031 -0.015897 -0.002225 -0.007204 -0.015876 -0.002172 -0.007374 -0.015851 -0.002109 -0.007539 -0.015821 -0.002035 -0.007698 -0.015787 -0.001950 -0.007852 -0.015749 -0.001856 -0.007998 -0.015707 -0.001752 -0.008137 -0.015661 -0.001639 -0.008268 -0.015612 -0.001518 -0.008389 -0.015560 -0.001389 -0.008501 -0.015506 -0.001253 -0.008603 -0.015448 -0.001111 -0.008694 -0.015389 -0.000963 -0.008774 -0.015327 -0.000810 -0.008842 -0.015263 -0.000653 -0.008899 -0.015199 -0.000493 -0.008943 -0.015133 -0.000330 -0.008975 -0.015067 -0.000165 -0.008994 -0.016099 -0.002238 -0.006678 -0.016091 -0.002221 -0.006856 -0.016077 -0.002193 -0.007031 -0.016057 -0.002153 -0.007204 -0.016032 -0.002103 -0.007374 -0.016002 -0.002041 -0.007539 -0.015967 -0.001970 -0.007698 -0.015927 -0.001888 -0.007852 -0.015882 -0.001796 -0.007998 -0.015833 -0.001696 -0.008137 -0.015779 -0.001587 -0.008268 -0.015722 -0.001470 -0.008389 -0.015660 -0.001345 -0.008501 -0.015596 -0.001213 -0.008603 -0.015528 -0.001075 -0.008694 -0.015458 -0.000932 -0.008774 -0.015385 -0.000784 -0.008842 -0.015310 -0.000632 -0.008899 -0.015234 -0.000477 -0.008943 -0.015157 -0.000319 -0.008975 -0.015079 -0.000160 -0.008994 0.011154 0.006769 -0.001500 0.010769 0.005846 -0.002500 0.009625 0.006294 -0.002500 0.008463 0.006690 -0.002500 0.007285 0.007036 -0.002500 0.006092 0.007329 -0.002500 0.004888 0.007570 -0.002500 0.003674 0.007758 -0.002500 0.002453 0.007892 -0.002500 0.001228 0.007973 -0.002500 -0.000000 0.008000 -0.002500 -0.001228 0.007973 -0.002500 -0.002453 0.007892 -0.002500 -0.003674 0.007758 -0.002500 -0.004888 0.007570 -0.002500 -0.006092 0.007329 -0.002500 -0.007285 0.007036 -0.002500 -0.008463 0.006690 -0.002500 -0.009625 0.006294 -0.002500 -0.010769 0.005846 -0.002500 -0.011154 0.006769 -0.001500 -0.009969 0.007233 -0.001500 -0.008765 0.007644 -0.001500 -0.007545 0.008001 -0.001500 -0.006310 0.008305 -0.001500 -0.005062 0.008555 -0.001500 -0.003805 0.008749 -0.001500 -0.002541 0.008888 -0.001500 -0.001272 0.008972 -0.001500 -0.000000 0.009000 -0.001500 0.001272 0.008972 -0.001500 0.002541 0.008888 -0.001500 0.003805 0.008749 -0.001500 0.005062 0.008555 -0.001500 0.006310 0.008305 -0.001500 0.007545 0.008001 -0.001500 0.008765 0.007644 -0.001500 0.009969 0.007233 -0.001500 0.011769 0.006536 -0.001500 0.012398 0.006344 -0.001500 0.013039 0.006194 -0.001500 0.013688 0.006086 -0.001500 0.014342 0.006022 -0.001500 0.015000 0.006000 -0.001500 0.015000 0.005000 -0.002500 0.014277 0.005024 -0.002500 0.013557 0.005095 -0.002500 0.012843 0.005214 -0.002500 0.012138 0.005379 -0.002500 0.011446 0.005590 -0.002500 0.010081 -0.003436 -0.001500 0.010901 -0.002863 -0.002500 0.011224 -0.003278 -0.002500 0.011589 -0.003656 -0.002500 0.011992 -0.003994 -0.002500 0.012428 -0.004288 -0.002500 0.012893 -0.004534 -0.002500 0.013380 -0.004730 -0.002500 0.013886 -0.004874 -0.002500 0.014404 -0.004964 -0.002500 0.014929 -0.004999 -0.002500 0.015454 -0.004979 -0.002500 0.015974 -0.004904 -0.002500 0.016484 -0.004775 -0.002500 0.016977 -0.004593 -0.002500 0.017448 -0.004360 -0.002500 0.017892 -0.004078 -0.002500 0.018305 -0.003752 -0.002500 0.018680 -0.003384 -0.002500 0.019015 -0.002979 -0.002500 0.019306 -0.002541 -0.002500 0.019549 -0.002075 -0.002500 0.019742 -0.001586 -0.002500 0.019882 -0.001079 -0.002500 0.019968 -0.000561 -0.002500 0.020000 -0.000036 -0.002500 0.019976 0.000489 -0.002500 0.019897 0.001009 -0.002500 0.019764 0.001518 -0.002500 0.019578 0.002010 -0.002500 0.019342 0.002479 -0.002500 0.019058 0.002922 -0.002500 0.018728 0.003331 -0.002500 0.018358 0.003705 -0.002500 0.017950 0.004037 -0.002500 0.017510 0.004324 -0.002500 0.017042 0.004564 -0.002500 0.016552 0.004753 -0.002500 0.016044 0.004890 -0.002500 0.015525 0.004972 -0.002500 0.015572 0.005973 -0.001500 0.016138 0.005891 -0.001500 0.016694 0.005756 -0.001500 0.017235 0.005568 -0.001500 0.017755 0.005330 -0.001500 0.018250 0.005043 -0.001500 0.018716 0.004711 -0.001500 0.019148 0.004335 -0.001500 0.019542 0.003921 -0.001500 0.019895 0.003470 -0.001500 0.020203 0.002988 -0.001500 0.020464 0.002479 -0.001500 0.020675 0.001947 -0.001500 0.020835 0.001397 -0.001500 0.020942 0.000835 -0.001500 0.020994 0.000265 -0.001500 0.020992 -0.000307 -0.001500 0.020936 -0.000876 -0.001500 0.020825 -0.001438 -0.001500 0.020662 -0.001986 -0.001500 0.020447 -0.002517 -0.001500 0.020182 -0.003024 -0.001500 0.019871 -0.003504 -0.001500 0.019515 -0.003952 -0.001500 0.019118 -0.004364 -0.001500 0.018683 -0.004737 -0.001500 0.018215 -0.005066 -0.001500 0.017718 -0.005349 -0.001500 0.017196 -0.005584 -0.001500 0.016654 -0.005768 -0.001500 0.016097 -0.005899 -0.001500 0.015530 -0.005977 -0.001500 0.014958 -0.006000 -0.001500 0.014387 -0.005969 -0.001500 0.013821 -0.005883 -0.001500 0.013266 -0.005744 -0.001500 0.012727 -0.005553 -0.001500 0.012208 -0.005311 -0.001500 0.011715 -0.005021 -0.001500 0.011251 -0.004685 -0.001500 0.010822 -0.004306 -0.001500 0.010431 -0.003889 -0.001500 0.009650 -0.002863 -0.001500 0.009178 -0.002323 -0.001500 0.008669 -0.001817 -0.001500 0.008126 -0.001350 -0.001500 0.007550 -0.000923 -0.001500 0.006944 -0.000538 -0.001500 0.006313 -0.000197 -0.001500 0.005659 0.000097 -0.001500 0.004986 0.000344 -0.001500 0.004297 0.000542 -0.001500 0.003595 0.000690 -0.001500 0.003766 0.001675 -0.002500 0.004538 0.001512 -0.002500 0.005296 0.001295 -0.002500 0.006037 0.001023 -0.002500 0.006756 0.000699 -0.002500 0.007451 0.000325 -0.002500 0.008116 -0.000099 -0.002500 0.008750 -0.000569 -0.002500 0.009348 -0.001083 -0.002500 0.009908 -0.001639 -0.002500 0.010426 -0.002233 -0.002500 -0.003595 0.000690 -0.001500 -0.003766 0.001675 -0.002500 -0.002697 0.001834 -0.002500 -0.001621 0.001940 -0.002500 -0.000541 0.001993 -0.002500 0.000541 0.001993 -0.002500 0.001621 0.001940 -0.002500 0.002697 0.001834 -0.002500 0.002574 0.000842 -0.001500 0.001547 0.000943 -0.001500 0.000516 0.000994 -0.001500 -0.000516 0.000994 -0.001500 -0.001547 0.000943 -0.001500 -0.002574 0.000842 -0.001500 -0.004297 0.000542 -0.001500 -0.004986 0.000344 -0.001500 -0.005659 0.000097 -0.001500 -0.006313 -0.000197 -0.001500 -0.006944 -0.000538 -0.001500 -0.007550 -0.000923 -0.001500 -0.008126 -0.001350 -0.001500 -0.008669 -0.001817 -0.001500 -0.009178 -0.002323 -0.001500 -0.009650 -0.002863 -0.001500 -0.010081 -0.003436 -0.001500 -0.010901 -0.002863 -0.002500 -0.010426 -0.002233 -0.002500 -0.009908 -0.001639 -0.002500 -0.009348 -0.001083 -0.002500 -0.008750 -0.000569 -0.002500 -0.008116 -0.000099 -0.002500 -0.007451 0.000325 -0.002500 -0.006756 0.000699 -0.002500 -0.006037 0.001023 -0.002500 -0.005296 0.001295 -0.002500 -0.004538 0.001512 -0.002500 -0.015000 0.006000 -0.001500 -0.015000 0.005000 -0.002500 -0.015525 0.004972 -0.002500 -0.016044 0.004890 -0.002500 -0.016552 0.004753 -0.002500 -0.017042 0.004564 -0.002500 -0.017510 0.004324 -0.002500 -0.017950 0.004037 -0.002500 -0.018358 0.003705 -0.002500 -0.018728 0.003331 -0.002500 -0.019058 0.002922 -0.002500 -0.019342 0.002479 -0.002500 -0.019578 0.002010 -0.002500 -0.019764 0.001518 -0.002500 -0.019897 0.001009 -0.002500 -0.019976 0.000489 -0.002500 -0.020000 -0.000036 -0.002500 -0.019968 -0.000561 -0.002500 -0.019882 -0.001079 -0.002500 -0.019742 -0.001586 -0.002500 -0.019549 -0.002075 -0.002500 -0.019306 -0.002541 -0.002500 -0.019015 -0.002979 -0.002500 -0.018680 -0.003384 -0.002500 -0.018305 -0.003752 -0.002500 -0.017892 -0.004078 -0.002500 -0.017448 -0.004360 -0.002500 -0.016977 -0.004593 -0.002500 -0.016484 -0.004775 -0.002500 -0.015974 -0.004904 -0.002500 -0.015454 -0.004979 -0.002500 -0.014929 -0.004999 -0.002500 -0.014404 -0.004964 -0.002500 -0.013886 -0.004874 -0.002500 -0.013380 -0.004730 -0.002500 -0.012893 -0.004534 -0.002500 -0.012428 -0.004288 -0.002500 -0.011992 -0.003994 -0.002500 -0.011589 -0.003656 -0.002500 -0.011224 -0.003278 -0.002500 -0.010431 -0.003889 -0.001500 -0.010822 -0.004306 -0.001500 -0.011251 -0.004685 -0.001500 -0.011715 -0.005021 -0.001500 -0.012208 -0.005311 -0.001500 -0.012727 -0.005553 -0.001500 -0.013266 -0.005744 -0.001500 -0.013821 -0.005883 -0.001500 -0.014387 -0.005969 -0.001500 -0.014958 -0.006000 -0.001500 -0.015530 -0.005977 -0.001500 -0.016097 -0.005899 -0.001500 -0.016654 -0.005768 -0.001500 -0.017196 -0.005584 -0.001500 -0.017718 -0.005349 -0.001500 -0.018215 -0.005066 -0.001500 -0.018683 -0.004737 -0.001500 -0.019118 -0.004364 -0.001500 -0.019515 -0.003952 -0.001500 -0.019871 -0.003504 -0.001500 -0.020182 -0.003024 -0.001500 -0.020447 -0.002517 -0.001500 -0.020662 -0.001986 -0.001500 -0.020825 -0.001438 -0.001500 -0.020936 -0.000876 -0.001500 -0.020992 -0.000307 -0.001500 -0.020994 0.000265 -0.001500 -0.020942 0.000835 -0.001500 -0.020835 0.001397 -0.001500 -0.020675 0.001947 -0.001500 -0.020464 0.002479 -0.001500 -0.020203 0.002988 -0.001500 -0.019895 0.003470 -0.001500 -0.019542 0.003921 -0.001500 -0.019148 0.004335 -0.001500 -0.018716 0.004711 -0.001500 -0.018250 0.005043 -0.001500 -0.017755 0.005330 -0.001500 -0.017235 0.005568 -0.001500 -0.016694 0.005756 -0.001500 -0.016138 0.005891 -0.001500 -0.015572 0.005973 -0.001500 -0.014342 0.006022 -0.001500 -0.013688 0.006086 -0.001500 -0.013039 0.006194 -0.001500 -0.012398 0.006344 -0.001500 -0.011769 0.006536 -0.001500 -0.011446 0.005590 -0.002500 -0.012138 0.005379 -0.002500 -0.012843 0.005214 -0.002500 -0.013557 0.005095 -0.002500 -0.014277 0.005024 -0.002500 0.010081 -0.003436 0.001500 0.009650 -0.002863 0.001500 0.009178 -0.002323 0.001500 0.008669 -0.001817 0.001500 0.008126 -0.001350 0.001500 0.007550 -0.000923 0.001500 0.006944 -0.000538 0.001500 0.006313 -0.000197 0.001500 0.005659 0.000097 0.001500 0.004986 0.000344 0.001500 0.004297 0.000542 0.001500 0.003595 0.000690 0.001500 0.015000 0.006000 0.001500 0.015572 0.005973 0.001500 0.016138 0.005891 0.001500 0.016694 0.005756 0.001500 0.017235 0.005568 0.001500 0.017755 0.005330 0.001500 0.018250 0.005043 0.001500 0.018716 0.004711 0.001500 0.019148 0.004335 0.001500 0.019542 0.003921 0.001500 0.019895 0.003470 0.001500 0.020203 0.002988 0.001500 0.020464 0.002479 0.001500 0.020675 0.001947 0.001500 0.020835 0.001397 0.001500 0.020942 0.000835 0.001500 0.020994 0.000265 0.001500 0.020992 -0.000307 0.001500 0.020936 -0.000876 0.001500 0.020825 -0.001438 0.001500 0.020662 -0.001986 0.001500 0.020447 -0.002517 0.001500 0.020182 -0.003024 0.001500 0.019871 -0.003504 0.001500 0.019515 -0.003952 0.001500 0.019118 -0.004364 0.001500 0.018683 -0.004737 0.001500 0.018215 -0.005066 0.001500 0.017718 -0.005349 0.001500 0.017196 -0.005584 0.001500 0.016654 -0.005768 0.001500 0.016097 -0.005899 0.001500 0.015530 -0.005977 0.001500 0.014958 -0.006000 0.001500 0.014387 -0.005969 0.001500 0.013821 -0.005883 0.001500 0.013266 -0.005744 0.001500 0.012727 -0.005553 0.001500 0.012208 -0.005311 0.001500 0.011715 -0.005021 0.001500 0.011251 -0.004685 0.001500 0.010822 -0.004306 0.001500 0.010431 -0.003889 0.001500 0.011154 0.006769 0.001500 0.011769 0.006536 0.001500 0.012398 0.006344 0.001500 0.013039 0.006194 0.001500 0.013688 0.006086 0.001500 0.014342 0.006022 0.001500 -0.011154 0.006769 0.001500 -0.009969 0.007233 0.001500 -0.008765 0.007644 0.001500 -0.007545 0.008001 0.001500 -0.006310 0.008305 0.001500 -0.005062 0.008555 0.001500 -0.003805 0.008749 0.001500 -0.002541 0.008888 0.001500 -0.001272 0.008972 0.001500 0.000000 0.009000 0.001500 0.001272 0.008972 0.001500 0.002541 0.008888 0.001500 0.003805 0.008749 0.001500 0.005062 0.008555 0.001500 0.006310 0.008305 0.001500 0.007545 0.008001 0.001500 0.008765 0.007644 0.001500 0.009969 0.007233 0.001500 0.013300 -0.000000 -0.002500 0.013327 -0.000304 -0.002500 0.013408 -0.000597 -0.002500 0.013541 -0.000872 -0.002500 0.013720 -0.001119 -0.002500 0.013940 -0.001329 -0.002500 0.014194 -0.001497 -0.002500 0.014475 -0.001617 -0.002500 0.014772 -0.001685 -0.002500 0.015076 -0.001698 -0.002500 0.015378 -0.001657 -0.002500 0.015668 -0.001563 -0.002500 0.015937 -0.001419 -0.002500 0.016175 -0.001229 -0.002500 0.016375 -0.000999 -0.002500 0.016532 -0.000738 -0.002500 0.016639 -0.000452 -0.002500 0.016693 -0.000152 -0.002500 0.016693 0.000152 -0.002500 0.016639 0.000452 -0.002500 0.016532 0.000738 -0.002500 0.016375 0.000999 -0.002500 0.016175 0.001229 -0.002500 0.015937 0.001419 -0.002500 0.015668 0.001563 -0.002500 0.015378 0.001657 -0.002500 0.015076 0.001698 -0.002500 0.014772 0.001685 -0.002500 0.014475 0.001617 -0.002500 0.014194 0.001497 -0.002500 0.013940 0.001329 -0.002500 0.013720 0.001119 -0.002500 0.013541 0.000872 -0.002500 0.013408 0.000597 -0.002500 0.013327 0.000304 -0.002500 -0.016700 -0.000000 -0.002500 -0.016673 -0.000304 -0.002500 -0.016592 -0.000597 -0.002500 -0.016459 -0.000872 -0.002500 -0.016280 -0.001119 -0.002500 -0.016060 -0.001329 -0.002500 -0.015806 -0.001497 -0.002500 -0.015525 -0.001617 -0.002500 -0.015228 -0.001685 -0.002500 -0.014924 -0.001698 -0.002500 -0.014622 -0.001657 -0.002500 -0.014332 -0.001563 -0.002500 -0.014063 -0.001419 -0.002500 -0.013825 -0.001229 -0.002500 -0.013625 -0.000999 -0.002500 -0.013468 -0.000738 -0.002500 -0.013361 -0.000452 -0.002500 -0.013307 -0.000152 -0.002500 -0.013307 0.000152 -0.002500 -0.013361 0.000452 -0.002500 -0.013468 0.000738 -0.002500 -0.013625 0.000999 -0.002500 -0.013825 0.001229 -0.002500 -0.014063 0.001419 -0.002500 -0.014332 0.001563 -0.002500 -0.014622 0.001657 -0.002500 -0.014924 0.001698 -0.002500 -0.015228 0.001685 -0.002500 -0.015525 0.001617 -0.002500 -0.015806 0.001497 -0.002500 -0.016060 0.001329 -0.002500 -0.016280 0.001119 -0.002500 -0.016459 0.000872 -0.002500 -0.016592 0.000597 -0.002500 -0.016673 0.000304 -0.002500 -0.010769 0.005846 0.002500 -0.009625 0.006294 0.002500 -0.008463 0.006690 0.002500 -0.007285 0.007036 0.002500 -0.006092 0.007329 0.002500 -0.004888 0.007570 0.002500 -0.003674 0.007758 0.002500 -0.002453 0.007892 0.002500 -0.001228 0.007973 0.002500 0.000000 0.008000 0.002500 0.001228 0.007973 0.002500 0.002453 0.007892 0.002500 0.003674 0.007758 0.002500 0.004888 0.007570 0.002500 0.006092 0.007329 0.002500 0.007285 0.007036 0.002500 0.008463 0.006690 0.002500 0.009625 0.006294 0.002500 0.010769 0.005846 0.002500 -0.011769 0.006536 0.001500 -0.012398 0.006344 0.001500 -0.013039 0.006194 0.001500 -0.013688 0.006086 0.001500 -0.014342 0.006022 0.001500 -0.015000 0.006000 0.001500 -0.015000 0.005000 0.002500 -0.014277 0.005024 0.002500 -0.013557 0.005095 0.002500 -0.012843 0.005214 0.002500 -0.012138 0.005379 0.002500 -0.011446 0.005590 0.002500 -0.010081 -0.003436 0.001500 -0.010901 -0.002863 0.002500 -0.011224 -0.003278 0.002500 -0.011589 -0.003656 0.002500 -0.011992 -0.003994 0.002500 -0.012428 -0.004288 0.002500 -0.012893 -0.004534 0.002500 -0.013380 -0.004730 0.002500 -0.013886 -0.004874 0.002500 -0.014404 -0.004964 0.002500 -0.014929 -0.004999 0.002500 -0.015454 -0.004979 0.002500 -0.015974 -0.004904 0.002500 -0.016484 -0.004775 0.002500 -0.016977 -0.004593 0.002500 -0.017448 -0.004360 0.002500 -0.017892 -0.004078 0.002500 -0.018305 -0.003752 0.002500 -0.018680 -0.003384 0.002500 -0.019015 -0.002979 0.002500 -0.019306 -0.002541 0.002500 -0.019549 -0.002075 0.002500 -0.019742 -0.001586 0.002500 -0.019882 -0.001079 0.002500 -0.019968 -0.000561 0.002500 -0.020000 -0.000036 0.002500 -0.019976 0.000489 0.002500 -0.019897 0.001009 0.002500 -0.019764 0.001518 0.002500 -0.019578 0.002010 0.002500 -0.019342 0.002479 0.002500 -0.019058 0.002922 0.002500 -0.018728 0.003331 0.002500 -0.018358 0.003705 0.002500 -0.017950 0.004037 0.002500 -0.017510 0.004324 0.002500 -0.017042 0.004564 0.002500 -0.016552 0.004753 0.002500 -0.016044 0.004890 0.002500 -0.015525 0.004972 0.002500 -0.015572 0.005973 0.001500 -0.016138 0.005891 0.001500 -0.016694 0.005756 0.001500 -0.017235 0.005568 0.001500 -0.017755 0.005330 0.001500 -0.018250 0.005043 0.001500 -0.018716 0.004711 0.001500 -0.019148 0.004335 0.001500 -0.019542 0.003921 0.001500 -0.019895 0.003470 0.001500 -0.020203 0.002988 0.001500 -0.020464 0.002479 0.001500 -0.020675 0.001947 0.001500 -0.020835 0.001397 0.001500 -0.020942 0.000835 0.001500 -0.020994 0.000265 0.001500 -0.020992 -0.000307 0.001500 -0.020936 -0.000876 0.001500 -0.020825 -0.001438 0.001500 -0.020662 -0.001986 0.001500 -0.020447 -0.002517 0.001500 -0.020182 -0.003024 0.001500 -0.019871 -0.003504 0.001500 -0.019515 -0.003952 0.001500 -0.019118 -0.004364 0.001500 -0.018683 -0.004737 0.001500 -0.018215 -0.005066 0.001500 -0.017718 -0.005349 0.001500 -0.017196 -0.005584 0.001500 -0.016654 -0.005768 0.001500 -0.016097 -0.005899 0.001500 -0.015530 -0.005977 0.001500 -0.014958 -0.006000 0.001500 -0.014387 -0.005969 0.001500 -0.013821 -0.005883 0.001500 -0.013266 -0.005744 0.001500 -0.012727 -0.005553 0.001500 -0.012208 -0.005311 0.001500 -0.011715 -0.005021 0.001500 -0.011251 -0.004685 0.001500 -0.010822 -0.004306 0.001500 -0.010431 -0.003889 0.001500 -0.009650 -0.002863 0.001500 -0.009178 -0.002323 0.001500 -0.008669 -0.001817 0.001500 -0.008126 -0.001350 0.001500 -0.007550 -0.000923 0.001500 -0.006944 -0.000538 0.001500 -0.006313 -0.000197 0.001500 -0.005659 0.000097 0.001500 -0.004986 0.000344 0.001500 -0.004297 0.000542 0.001500 -0.003595 0.000690 0.001500 -0.003766 0.001675 0.002500 -0.004538 0.001512 0.002500 -0.005296 0.001295 0.002500 -0.006037 0.001023 0.002500 -0.006756 0.000699 0.002500 -0.007451 0.000325 0.002500 -0.008116 -0.000099 0.002500 -0.008750 -0.000569 0.002500 -0.009348 -0.001083 0.002500 -0.009908 -0.001639 0.002500 -0.010426 -0.002233 0.002500 0.003766 0.001675 0.002500 0.002697 0.001834 0.002500 0.001621 0.001940 0.002500 0.000541 0.001993 0.002500 -0.000541 0.001993 0.002500 -0.001621 0.001940 0.002500 -0.002697 0.001834 0.002500 -0.002574 0.000842 0.001500 -0.001547 0.000943 0.001500 -0.000516 0.000994 0.001500 0.000516 0.000994 0.001500 0.001547 0.000943 0.001500 0.002574 0.000842 0.001500 0.010901 -0.002863 0.002500 0.010426 -0.002233 0.002500 0.009908 -0.001639 0.002500 0.009348 -0.001083 0.002500 0.008750 -0.000569 0.002500 0.008116 -0.000099 0.002500 0.007451 0.000325 0.002500 0.006756 0.000699 0.002500 0.006037 0.001023 0.002500 0.005296 0.001295 0.002500 0.004538 0.001512 0.002500 0.015000 0.005000 0.002500 0.015525 0.004972 0.002500 0.016044 0.004890 0.002500 0.016552 0.004753 0.002500 0.017042 0.004564 0.002500 0.017510 0.004324 0.002500 0.017950 0.004037 0.002500 0.018358 0.003705 0.002500 0.018728 0.003331 0.002500 0.019058 0.002922 0.002500 0.019342 0.002479 0.002500 0.019578 0.002010 0.002500 0.019764 0.001518 0.002500 0.019897 0.001009 0.002500 0.019976 0.000489 0.002500 0.020000 -0.000036 0.002500 0.019968 -0.000561 0.002500 0.019882 -0.001079 0.002500 0.019742 -0.001586 0.002500 0.019549 -0.002075 0.002500 0.019306 -0.002541 0.002500 0.019015 -0.002979 0.002500 0.018680 -0.003384 0.002500 0.018305 -0.003752 0.002500 0.017892 -0.004078 0.002500 0.017448 -0.004360 0.002500 0.016977 -0.004593 0.002500 0.016484 -0.004775 0.002500 0.015974 -0.004904 0.002500 0.015454 -0.004979 0.002500 0.014929 -0.004999 0.002500 0.014404 -0.004964 0.002500 0.013886 -0.004874 0.002500 0.013380 -0.004730 0.002500 0.012893 -0.004534 0.002500 0.012428 -0.004288 0.002500 0.011992 -0.003994 0.002500 0.011589 -0.003656 0.002500 0.011224 -0.003278 0.002500 0.011446 0.005590 0.002500 0.012138 0.005379 0.002500 0.012843 0.005214 0.002500 0.013557 0.005095 0.002500 0.014277 0.005024 0.002500 0.013300 0.000000 0.002500 0.013327 0.000304 0.002500 0.013408 0.000597 0.002500 0.013541 0.000872 0.002500 0.013720 0.001119 0.002500 0.013940 0.001329 0.002500 0.014194 0.001497 0.002500 0.014475 0.001617 0.002500 0.014772 0.001685 0.002500 0.015076 0.001698 0.002500 0.015378 0.001657 0.002500 0.015668 0.001563 0.002500 0.015937 0.001419 0.002500 0.016175 0.001229 0.002500 0.016375 0.000999 0.002500 0.016532 0.000738 0.002500 0.016639 0.000452 0.002500 0.016693 0.000152 0.002500 0.016693 -0.000152 0.002500 0.016639 -0.000452 0.002500 0.016532 -0.000738 0.002500 0.016375 -0.000999 0.002500 0.016175 -0.001229 0.002500 0.015937 -0.001419 0.002500 0.015668 -0.001563 0.002500 0.015378 -0.001657 0.002500 0.015076 -0.001698 0.002500 0.014772 -0.001685 0.002500 0.014475 -0.001617 0.002500 0.014194 -0.001497 0.002500 0.013940 -0.001329 0.002500 0.013720 -0.001119 0.002500 0.013541 -0.000872 0.002500 0.013408 -0.000597 0.002500 0.013327 -0.000304 0.002500 -0.016700 0.000000 0.002500 -0.016673 0.000304 0.002500 -0.016592 0.000597 0.002500 -0.016459 0.000872 0.002500 -0.016280 0.001119 0.002500 -0.016060 0.001329 0.002500 -0.015806 0.001497 0.002500 -0.015525 0.001617 0.002500 -0.015228 0.001685 0.002500 -0.014924 0.001698 0.002500 -0.014622 0.001657 0.002500 -0.014332 0.001563 0.002500 -0.014063 0.001419 0.002500 -0.013825 0.001229 0.002500 -0.013625 0.000999 0.002500 -0.013468 0.000738 0.002500 -0.013361 0.000452 0.002500 -0.013307 0.000152 0.002500 -0.013307 -0.000152 0.002500 -0.013361 -0.000452 0.002500 -0.013468 -0.000738 0.002500 -0.013625 -0.000999 0.002500 -0.013825 -0.001229 0.002500 -0.014063 -0.001419 0.002500 -0.014332 -0.001563 0.002500 -0.014622 -0.001657 0.002500 -0.014924 -0.001698 0.002500 -0.015228 -0.001685 0.002500 -0.015525 -0.001617 0.002500 -0.015806 -0.001497 0.002500 -0.016060 -0.001329 0.002500 -0.016280 -0.001119 0.002500 -0.016459 -0.000872 0.002500 -0.016592 -0.000597 0.002500 -0.016673 -0.000304 0.002500</float_array>
          <technique_common>
            <accessor source="#left_pivot-mesh-positions-array" count="4517" stride="3">
              <param name="X" type="float"/>
              <param name="Y" type="float"/>
              <param name="Z" type="float"/>
            </accessor>
          </technique_common>
        </source>
        <source id="left_pivot-mesh-normals">
          <float_array id="left_pivot-mesh-normals-array" count="18681">-0.392957 -0.919557 -0.000000 -0.438600 -0.860606 -0.258819 -0.505109 -0.863055 -0.000000 -0.535546 -0.803868 -0.258819 -0.609296 -0.792943 -0.000000 -0.625247 -0.736260 -0.258819 -0.703874 -0.710325 -0.000000 -0.706494 -0.658695 -0.258819 -0.787351 -0.616505 -0.000000 -0.778187 -0.572222 -0.258819 -0.858411 -0.512963 -0.000000 -0.839356 -0.478011 -0.258819 -0.915933 -0.401331 -0.000000 -0.889174 -0.377336 -0.258819 -0.959011 -0.283370 -0.000000 -0.926968 -0.271557 -0.258819 -0.952226 -0.162107 -0.258819 -0.831097 -0.243471 -0.500000 -0.853742 -0.145340 -0.500000 -0.678588 -0.198794 -0.707107 -0.697077 -0.118670 -0.707107 -0.479834 -0.140568 -0.866025 -0.492908 -0.083913 -0.866025 -0.248380 -0.072764 -0.965926 -0.255148 -0.043437 -0.965926 -0.000000 -0.000000 -1.000000 -0.000000 -0.000000 -1.000000 -0.335725 -0.905705 -0.258819 -0.274607 -0.961556 -0.000000 -0.228308 -0.938557 -0.258819 -0.151926 -0.988392 -0.000000 -0.117805 -0.958716 -0.258819 -0.026850 -0.999640 -0.000000 -0.005708 -0.965909 -0.258819 0.098649 -0.995122 -0.000000 0.106465 -0.960041 -0.258819 0.222593 -0.974912 -0.000000 0.217200 -0.941189 -0.258819 0.324996 -0.909610 -0.258819 0.291384 -0.815534 -0.500000 0.384091 -0.776192 -0.500000 0.313609 -0.633758 -0.707107 0.385064 -0.593065 -0.707107 0.272280 -0.419361 -0.866025 0.319124 -0.384915 -0.866025 0.165191 -0.199246 -0.965926 0.187205 -0.178722 -0.965926 -0.000000 -0.000000 -1.000000 -0.000000 -0.000000 -1.000000 0.206688 -0.155780 -0.965926 -0.000000 -0.000000 -1.000000 0.223375 -0.130732 -0.965926 0.237042 -0.103916 -0.965926 0.431528 -0.252555 -0.866025 0.457929 -0.200750 -0.866025 0.610273 -0.357166 -0.707107 0.647611 -0.283903 -0.707107 0.747428 -0.437437 -0.500000 0.793158 -0.347709 -0.500000 0.833648 -0.487898 -0.258819 0.884652 -0.387819 -0.258819 0.893069 -0.449921 0.000000 0.942416 -0.334442 0.000000 0.343027 -0.939325 -0.000000 0.428398 -0.865730 -0.258819 0.471605 -0.726353 -0.500000 0.451310 -0.544352 -0.707107 0.361652 -0.345264 -0.866025 0.458051 -0.888926 -0.000000 0.526006 -0.810142 -0.258819 0.552740 -0.666692 -0.500000 0.511454 -0.488277 -0.707107 0.399290 -0.300944 -0.866025 0.565851 -0.824507 -0.000000 0.616501 -0.743598 -0.258819 0.626401 -0.598015 -0.500000 0.564682 -0.425600 -0.707107 0.664728 -0.747087 -0.000000 0.698659 -0.666999 -0.258819 0.691591 -0.521251 -0.500000 0.753120 -0.657882 -0.000000 0.771370 -0.581380 -0.258819 0.829636 -0.558305 -0.000000 0.923693 -0.282494 -0.258819 0.976902 -0.213689 0.000000 0.950243 -0.173350 -0.258819 0.995981 -0.089566 0.000000 0.963943 -0.061861 -0.258819 0.999353 0.035970 0.000000 0.964607 0.050464 -0.258819 0.986964 0.160939 0.000000 0.952226 0.162107 -0.258819 0.959011 0.283370 0.000000 0.926968 0.271557 -0.258819 0.889174 0.377336 -0.258819 0.797212 0.338309 -0.500000 0.752546 0.428573 -0.500000 0.614451 0.349928 -0.707107 0.569673 0.418896 -0.707107 0.402819 0.296204 -0.866025 0.365709 0.340966 -0.866025 0.189304 0.176497 -0.965926 0.167534 0.197280 -0.965926 -0.000000 -0.000000 -1.000000 -0.000000 -0.000000 -1.000000 0.143499 0.215396 -0.965926 -0.000000 -0.000000 -1.000000 0.117523 0.230599 -0.965926 -0.000000 -0.000000 -1.000000 0.089957 0.242683 -0.965926 -0.000000 -0.000000 -1.000000 0.061175 0.251485 -0.965926 -0.000000 -0.000000 -1.000000 0.031566 0.256887 -0.965926 -0.000000 -0.000000 -1.000000 0.001529 0.258815 -0.965926 -0.000000 -0.000000 -1.000000 -0.028527 0.257242 -0.965926 -0.000000 -0.000000 -1.000000 -0.058198 0.252191 -0.965926 -0.000000 -0.000000 -1.000000 -0.087082 0.243730 -0.965926 -0.000000 -0.000000 -1.000000 -0.114789 0.231971 -0.965926 -0.000000 -0.000000 -1.000000 -0.140943 0.217077 -0.965926 -0.000000 -0.000000 -1.000000 -0.165191 0.199246 -0.965926 -0.000000 -0.000000 -1.000000 -0.187205 0.178722 -0.965926 -0.000000 -0.000000 -1.000000 -0.206688 0.155780 -0.965926 -0.000000 -0.000000 -1.000000 -0.223375 0.130732 -0.965926 -0.237042 0.103916 -0.965926 -0.431528 0.252555 -0.866025 -0.457929 0.200750 -0.866025 -0.610273 0.357166 -0.707107 -0.647611 0.283903 -0.707107 -0.747428 0.437437 -0.500000 -0.793158 0.347709 -0.500000 -0.833648 0.487898 -0.258819 -0.884652 0.387819 -0.258819 -0.893069 0.449921 -0.000000 -0.942416 0.334442 -0.000000 0.915933 0.401331 0.000000 0.839356 0.478011 -0.258819 0.697703 0.513040 -0.500000 0.517190 0.482198 -0.707107 0.323652 0.381116 -0.866025 0.858411 0.512963 0.000000 0.778187 0.572222 -0.258819 0.633425 0.590569 -0.500000 0.457713 0.538979 -0.707107 0.277218 0.416113 -0.866025 0.787351 0.616505 0.000000 0.706494 0.658695 -0.258819 0.560582 0.660113 -0.500000 0.392046 0.588472 -0.707107 0.227037 0.445482 -0.866025 0.703874 0.710325 0.000000 0.625247 0.736260 -0.258819 0.480156 0.720728 -0.500000 0.321077 0.630007 -0.707107 0.173784 0.468828 -0.866025 0.609296 0.792943 0.000000 0.535546 0.803868 -0.258819 0.393238 0.771598 -0.500000 0.245767 0.663022 -0.707107 0.118181 0.485833 -0.866025 0.505109 0.863055 0.000000 0.438600 0.860606 -0.258819 0.301002 0.812034 -0.500000 0.167133 0.687071 -0.707107 0.060980 0.496267 -0.866025 0.392957 0.919557 0.000000 0.335725 0.905705 -0.258819 0.204696 0.841486 -0.500000 0.086239 0.701828 -0.707107 0.002955 0.499992 -0.866025 0.274607 0.961556 0.000000 0.228308 0.938557 -0.258819 0.105621 0.859560 -0.500000 0.004179 0.707094 -0.707107 -0.055110 0.496954 -0.866025 0.151926 0.988392 0.000000 0.117805 0.958716 -0.258819 0.005118 0.866010 -0.500000 -0.077938 0.702799 -0.707107 -0.112431 0.487196 -0.866025 0.026850 0.999640 0.000000 0.005708 0.965909 -0.258819 -0.095455 0.860749 -0.500000 -0.159001 0.688998 -0.707107 -0.168230 0.470849 -0.866025 -0.098649 0.995122 0.000000 -0.106465 0.960041 -0.258819 -0.194736 0.843847 -0.500000 -0.237914 0.665880 -0.707107 -0.221755 0.448134 -0.866025 -0.222593 0.974912 0.000000 -0.217200 0.941189 -0.258819 -0.291384 0.815534 -0.500000 -0.313609 0.633758 -0.707107 -0.272280 0.419361 -0.866025 -0.324996 0.909610 -0.258819 -0.343027 0.939325 0.000000 -0.428398 0.865730 -0.258819 -0.458051 0.888926 0.000000 -0.526006 0.810142 -0.258819 -0.565851 0.824507 0.000000 -0.616501 0.743598 -0.258819 -0.664728 0.747087 0.000000 -0.698659 0.666999 -0.258819 -0.753120 0.657882 0.000000 -0.771370 0.581380 -0.258819 -0.829636 0.558305 0.000000 -0.923693 0.282494 -0.258819 -0.976902 0.213689 -0.000000 -0.950243 0.173350 -0.258819 -0.995981 0.089566 -0.000000 -0.963943 0.061861 -0.258819 -0.999353 -0.035970 -0.000000 -0.964607 -0.050464 -0.258819 -0.986964 -0.160939 -0.000000 -0.000000 -0.000000 -1.000000 0.140943 -0.217077 -0.965926 0.221755 -0.448134 -0.866025 0.237914 -0.665880 -0.707107 0.194736 -0.843847 -0.500000 -0.000000 -0.000000 -1.000000 0.114789 -0.231971 -0.965926 0.168230 -0.470849 -0.866025 0.159001 -0.688998 -0.707107 0.095455 -0.860749 -0.500000 -0.000000 -0.000000 -1.000000 0.087082 -0.243730 -0.965926 0.112431 -0.487196 -0.866025 0.077938 -0.702799 -0.707107 -0.005118 -0.866010 -0.500000 -0.000000 -0.000000 -1.000000 0.058198 -0.252191 -0.965926 0.055110 -0.496954 -0.866025 -0.004179 -0.707094 -0.707107 -0.105621 -0.859560 -0.500000 -0.000000 -0.000000 -1.000000 0.028527 -0.257242 -0.965926 -0.002955 -0.499992 -0.866025 -0.086239 -0.701828 -0.707107 -0.204696 -0.841486 -0.500000 -0.000000 -0.000000 -1.000000 -0.001529 -0.258815 -0.965926 -0.060980 -0.496267 -0.866025 -0.167133 -0.687071 -0.707107 -0.301002 -0.812034 -0.500000 -0.000000 -0.000000 -1.000000 -0.031566 -0.256887 -0.965926 -0.118181 -0.485833 -0.866025 -0.245767 -0.663022 -0.707107 -0.393238 -0.771598 -0.500000 -0.000000 -0.000000 -1.000000 -0.061175 -0.251485 -0.965926 -0.173784 -0.468828 -0.866025 -0.321077 -0.630007 -0.707107 -0.480156 -0.720728 -0.500000 -0.000000 -0.000000 -1.000000 -0.089957 -0.242683 -0.965926 -0.227037 -0.445482 -0.866025 -0.392046 -0.588472 -0.707107 -0.560582 -0.660113 -0.500000 -0.000000 -0.000000 -1.000000 -0.117523 -0.230599 -0.965926 -0.277218 -0.416113 -0.866025 -0.457713 -0.538979 -0.707107 -0.633425 -0.590569 -0.500000 -0.000000 -0.000000 -1.000000 -0.143499 -0.215396 -0.965926 -0.323652 -0.381116 -0.866025 -0.517190 -0.482198 -0.707107 -0.697703 -0.513040 -0.500000 -0.000000 -0.000000 -1.000000 -0.167534 -0.197280 -0.965926 -0.365709 -0.340966 -0.866025 -0.569673 -0.418896 -0.707107 -0.752546 -0.428573 -0.500000 -0.000000 -0.000000 -1.000000 -0.189304 -0.176497 -0.965926 -0.402819 -0.296204 -0.866025 -0.614451 -0.349928 -0.707107 -0.797212 -0.338309 -0.500000 -0.000000 -0.000000 -1.000000 -0.208515 -0.153327 -0.965926 -0.434483 -0.247437 -0.866025 -0.650921 -0.276229 -0.707107 -0.000000 -0.000000 -1.000000 -0.224905 -0.128082 -0.965926 -0.460270 -0.195324 -0.866025 -0.000000 -0.000000 -1.000000 -0.238254 -0.101107 -0.965926 -0.000000 -0.000000 -1.000000 -0.258465 -0.013521 -0.965926 -0.000000 -0.000000 -1.000000 -0.258288 0.016575 -0.965926 -0.000000 -0.000000 -1.000000 -0.254616 0.046449 -0.965926 -0.000000 -0.000000 -1.000000 -0.247503 0.075694 -0.965926 -0.000000 -0.000000 -1.000000 -0.000000 -0.000000 -1.000000 0.208515 0.153327 -0.965926 0.434483 0.247437 -0.866025 0.650921 0.276229 -0.707107 0.831097 0.243471 -0.500000 -0.000000 -0.000000 -1.000000 0.224905 0.128082 -0.965926 0.460270 0.195324 -0.866025 0.678588 0.198794 -0.707107 0.853742 0.145340 -0.500000 -0.000000 -0.000000 -1.000000 0.238254 0.101107 -0.965926 0.479834 0.140568 -0.866025 0.697077 0.118670 -0.707107 0.864843 0.045245 -0.500000 -0.000000 -0.000000 -1.000000 0.248380 0.072764 -0.965926 0.492908 0.083913 -0.866025 0.706141 0.036943 -0.707107 0.864248 -0.055464 -0.500000 -0.000000 -0.000000 -1.000000 0.255148 0.043437 -0.965926 0.499317 0.026122 -0.866025 0.705655 -0.045286 -0.707107 0.851965 -0.155422 -0.500000 -0.000000 -0.000000 -1.000000 0.258465 0.013521 -0.965926 0.498973 -0.032021 -0.866025 0.695627 -0.126901 -0.707107 0.828161 -0.253278 -0.500000 -0.000000 -0.000000 -1.000000 0.258288 -0.016575 -0.965926 0.491882 -0.089732 -0.866025 0.676191 -0.206800 -0.707107 -0.000000 -0.000000 -1.000000 0.254616 -0.046449 -0.965926 0.478139 -0.146230 -0.866025 -0.000000 -0.000000 -1.000000 0.247503 -0.075694 -0.965926 -0.000000 -0.000000 -1.000000 -0.384091 0.776192 -0.500000 -0.385064 0.593065 -0.707107 -0.319124 0.384915 -0.866025 -0.471605 0.726353 -0.500000 -0.552740 0.666692 -0.500000 -0.626401 0.598015 -0.500000 -0.691591 0.521251 -0.500000 -0.451310 0.544352 -0.707107 -0.361652 0.345264 -0.866025 -0.511454 0.488277 -0.707107 -0.564682 0.425600 -0.707107 -0.399290 0.300944 -0.866025 -0.828161 0.253278 -0.500000 -0.851965 0.155422 -0.500000 -0.864248 0.055464 -0.500000 -0.864843 -0.045245 -0.500000 -0.676191 0.206800 -0.707107 -0.695627 0.126901 -0.707107 -0.705655 0.045286 -0.707107 -0.706141 -0.036943 -0.707107 -0.478139 0.146230 -0.866025 -0.491882 0.089732 -0.866025 -0.498973 0.032021 -0.866025 -0.499317 -0.026122 -0.866025 -0.609296 -0.792943 -0.000000 -0.505109 -0.863055 -0.000000 -0.392957 -0.919557 -0.000000 -0.274607 -0.961556 -0.000000 -0.151926 -0.988392 -0.000000 -0.026850 -0.999640 -0.000000 0.098649 -0.995122 -0.000000 0.222593 -0.974912 -0.000000 0.343027 -0.939325 -0.000000 0.458051 -0.888926 -0.000000 0.565851 -0.824507 -0.000000 0.664728 -0.747087 -0.000000 0.753120 -0.657882 -0.000000 0.829636 -0.558305 -0.000000 0.893069 -0.449921 0.000000 0.942416 -0.334442 0.000000 0.976902 -0.213689 0.000000 0.995981 -0.089566 0.000000 0.999353 0.035970 0.000000 0.986964 0.160939 0.000000 0.959011 0.283370 0.000000 0.915933 0.401331 0.000000 0.858411 0.512963 0.000000 0.787351 0.616505 0.000000 0.703874 0.710325 0.000000 0.609296 0.792943 0.000000 0.505109 0.863055 0.000000 0.392957 0.919557 0.000000 0.274607 0.961556 0.000000 0.151926 0.988392 0.000000 0.026850 0.999640 0.000000 -0.098649 0.995122 0.000000 -0.222593 0.974912 0.000000 -0.343027 0.939325 0.000000 -0.458051 0.888926 0.000000 -0.565851 0.824507 0.000000 -0.664728 0.747087 0.000000 -0.753120 0.657882 0.000000 -0.829636 0.558305 0.000000 -0.893069 0.449921 -0.000000 -0.942416 0.334442 -0.000000 -0.976902 0.213689 -0.000000 -0.995981 0.089566 -0.000000 -0.999353 -0.035970 -0.000000 -0.986964 -0.160939 -0.000000 -0.959011 -0.283370 -0.000000 -0.915933 -0.401331 -0.000000 -0.858411 -0.512963 -0.000000 -0.787351 -0.616505 -0.000000 -0.703874 -0.710325 -0.000000 0.392957 0.919557 0.000000 0.392957 0.919557 0.000000 0.505109 0.863055 0.000000 0.505109 0.863055 0.000000 0.609296 0.792943 0.000000 0.609296 0.792943 0.000000 0.703874 0.710325 0.000000 0.703874 0.710325 0.000000 0.787351 0.616505 0.000000 0.787351 0.616505 0.000000 0.858411 0.512963 0.000000 0.858411 0.512963 0.000000 0.915933 0.401331 0.000000 0.915933 0.401331 0.000000 0.959011 0.283370 0.000000 0.959011 0.283370 0.000000 0.986964 0.160939 0.000000 0.986964 0.160939 0.000000 0.999353 0.035970 0.000000 0.999353 0.035970 0.000000 0.995981 -0.089566 0.000000 0.995981 -0.089566 0.000000 0.976902 -0.213689 0.000000 0.976902 -0.213689 0.000000 0.942416 -0.334442 0.000000 0.942416 -0.334442 0.000000 0.893069 -0.449921 0.000000 0.893069 -0.449921 0.000000 0.829636 -0.558305 -0.000000 0.829636 -0.558305 -0.000000 0.753120 -0.657882 -0.000000 0.753120 -0.657882 -0.000000 0.664728 -0.747087 -0.000000 0.664728 -0.747087 -0.000000 0.565851 -0.824507 -0.000000 0.565851 -0.824507 -0.000000 0.458051 -0.888926 -0.000000 0.458051 -0.888926 -0.000000 0.343027 -0.939325 -0.000000 0.343027 -0.939325 -0.000000 0.222593 -0.974912 -0.000000 0.222593 -0.974912 -0.000000 0.098649 -0.995122 -0.000000 0.098649 -0.995122 -0.000000 -0.026850 -0.999640 -0.000000 -0.026850 -0.999640 -0.000000 -0.151926 -0.988392 -0.000000 -0.151926 -0.988392 -0.000000 -0.274607 -0.961556 -0.000000 -0.274607 -0.961556 -0.000000 -0.392957 -0.919557 -0.000000 -0.392957 -0.919557 -0.000000 -0.505109 -0.863055 -0.000000 -0.505109 -0.863055 -0.000000 -0.609296 -0.792943 -0.000000 -0.609296 -0.792943 -0.000000 -0.703874 -0.710325 -0.000000 -0.703874 -0.710325 -0.000000 -0.787351 -0.616505 -0.000000 -0.787351 -0.616505 -0.000000 -0.858411 -0.512963 -0.000000 -0.858411 -0.512963 -0.000000 -0.915933 -0.401331 -0.000000 -0.915933 -0.401331 -0.000000 -0.959011 -0.283370 -0.000000 -0.959011 -0.283370 -0.000000 -0.986964 -0.160939 -0.000000 -0.986964 -0.160939 -0.000000 -0.999353 -0.035970 -0.000000 -0.999353 -0.035970 -0.000000 -0.995981 0.089566 -0.000000 -0.995981 0.089566 -0.000000 -0.976902 0.213689 -0.000000 -0.976902 0.213689 -0.000000 -0.942416 0.334442 -0.000000 -0.942416 0.334442 -0.000000 -0.893069 0.449921 -0.000000 -0.893069 0.449921 -0.000000 -0.829636 0.558305 0.000000 -0.829636 0.558305 0.000000 -0.753120 0.657882 0.000000 -0.753120 0.657882 0.000000 -0.664728 0.747087 0.000000 -0.664728 0.747087 0.000000 -0.565851 0.824507 0.000000 -0.565851 0.824507 0.000000 -0.458051 0.888926 0.000000 -0.458051 0.888926 0.000000 -0.343027 0.939325 0.000000 -0.343027 0.939325 0.000000 -0.222593 0.974912 0.000000 -0.222593 0.974912 0.000000 -0.098649 0.995122 0.000000 -0.098649 0.995122 0.000000 0.026850 0.999640 0.000000 0.026850 0.999640 0.000000 0.151926 0.988392 0.000000 0.151926 0.988392 0.000000 0.274607 0.961556 0.000000 0.274607 0.961556 0.000000 -0.505109 -0.863055 -0.000000 -0.392957 -0.919557 -0.000000 -0.274607 -0.961556 -0.000000 -0.151926 -0.988392 -0.000000 -0.026850 -0.999640 -0.000000 0.098649 -0.995122 -0.000000 0.222593 -0.974912 -0.000000 0.343027 -0.939325 -0.000000 0.458051 -0.888926 -0.000000 0.565851 -0.824507 -0.000000 0.664728 -0.747087 -0.000000 0.753120 -0.657882 -0.000000 0.829636 -0.558305 -0.000000 0.893069 -0.449921 0.000000 0.942416 -0.334442 0.000000 0.976902 -0.213689 0.000000 0.995981 -0.089566 0.000000 0.999353 0.035970 0.000000 0.986964 0.160939 0.000000 0.959011 0.283370 0.000000 0.915933 0.401331 0.000000 0.858411 0.512963 0.000000 0.787351 0.616505 0.000000 0.703874 0.710325 0.000000 0.609296 0.792943 0.000000 0.505109 0.863055 0.000000 0.392957 0.919557 0.000000 0.274607 0.961556 0.000000 0.151926 0.988392 0.000000 0.026850 0.999640 0.000000 -0.098649 0.995122 0.000000 -0.222593 0.974912 0.000000 -0.343027 0.939325 0.000000 -0.458051 0.888926 0.000000 -0.565851 0.824507 0.000000 -0.664728 0.747087 0.000000 -0.753120 0.657882 0.000000 -0.829636 0.558305 0.000000 -0.893069 0.449921 -0.000000 -0.942416 0.334442 -0.000000 -0.976902 0.213689 -0.000000 -0.995981 0.089566 -0.000000 -0.999353 -0.035970 -0.000000 -0.986964 -0.160939 -0.000000 -0.959011 -0.283370 -0.000000 -0.915933 -0.401331 -0.000000 -0.858411 -0.512963 -0.000000 -0.787351 -0.616505 -0.000000 -0.703874 -0.710325 -0.000000 -0.609296 -0.792943 -0.000000 -0.000000 -0.000000 -1.000000 -0.000000 -0.000000 -1.000000 -0.000000 -0.000000 -1.000000 -0.000000 -0.000000 -1.000000 -0.000000 -0.000000 -1.000000 -0.000000 -0.000000 -1.000000 -0.000000 -0.000000 -1.000000 -0.000000 -0.000000 -1.000000 -0.000000 -0.000000 -1.000000 -0.000000 -0.000000 -1.000000 -0.000000 -0.000000 -1.000000 -0.000000 -0.000000 -1.000000 -0.000000 -0.000000 -1.000000 -0.000000 -0.000000 -1.000000 -0.000000 -0.000000 -1.000000 -0.000000 -0.000000 -1.000000 -0.000000 -0.000000 -1.000000 -0.000000 -0.000000 -1.000000 -0.000000 -0.000000 -1.000000 -0.000000 -0.000000 -1.000000 -0.000000 -0.000000 -1.000000 -0.000000 -0.000000 -1.000000 -0.000000 -0.000000 -1.000000 -0.000000 -0.000000 -1.000000 -0.000000 -0.000000 -1.000000 -0.000000 -0.000000 -1.000000 -0.000000 -0.000000 -1.000000 -0.000000 -0.000000 -1.000000 -0.000000 -0.000000 -1.000000 -0.000000 -0.000000 -1.000000 -0.000000 -0.000000 -1.000000 -0.000000 -0.000000 -1.000000 -0.000000 -0.000000 -1.000000 -0.000000 -0.000000 -1.000000 -0.000000 -0.000000 -1.000000 -0.000000 -0.000000 -1.000000 -0.000000 -0.000000 -1.000000 -0.000000 -0.000000 -1.000000 -0.000000 -0.000000 -1.000000 -0.000000 -0.000000 -1.000000 -0.000000 -0.000000 -1.000000 -0.000000 -0.000000 -1.000000 -0.000000 -0.000000 -1.000000 -0.000000 -0.000000 -1.000000 -0.000000 -0.000000 -1.000000 -0.000000 -0.000000 -1.000000 -0.000000 -0.000000 -1.000000 -0.000000 -0.000000 -1.000000 -0.000000 -0.000000 -1.000000 -0.000000 -0.000000 -1.000000 -0.000000 -0.000000 -1.000000 -0.000000 -0.000000 -1.000000 -0.000000 -0.000000 -1.000000 -0.000000 -0.000000 -1.000000 -0.000000 -0.000000 -1.000000 -0.000000 -0.000000 -1.000000 -0.000000 -0.000000 -1.000000 -0.000000 -0.000000 -1.000000 -0.000000 -0.000000 -1.000000 -0.000000 -0.000000 -1.000000 -0.000000 -0.000000 -1.000000 -0.000000 -0.000000 -1.000000 -0.000000 -0.000000 -1.000000 -0.000000 -0.000000 -1.000000 -0.000000 -0.000000 -1.000000 -0.000000 -0.000000 -1.000000 -0.000000 -0.000000 -1.000000 -0.000000 -0.000000 -1.000000 0.277862 0.650225 -0.707107 0.357166 0.610273 -0.707107 0.357166 0.610273 -0.707107 0.430837 0.560695 -0.707107 0.438623 0.554625 -0.707107 0.497714 0.502276 -0.707107 0.511544 0.488183 -0.707107 0.556741 0.435935 -0.707107 0.574507 0.412239 -0.707107 0.606988 0.362719 -0.707107 0.626290 0.328271 -0.707107 0.647662 0.283783 -0.707107 0.665880 0.237914 -0.707107 0.678123 0.200373 -0.707107 0.692512 0.142926 -0.707107 0.697889 0.113801 -0.707107 0.705663 0.045156 -0.707107 0.706649 0.025435 -0.707107 0.705080 -0.053493 -0.707107 0.704264 -0.063333 -0.707107 0.690774 -0.151101 -0.707107 0.690774 -0.151101 -0.707107 0.666389 -0.236486 -0.707107 0.663022 -0.245767 -0.707107 0.631495 -0.318142 -0.707107 0.622366 -0.335650 -0.707107 0.586641 -0.394781 -0.707107 0.569595 -0.419001 -0.707107 0.532536 -0.465194 -0.707107 0.505738 -0.494196 -0.707107 0.470033 -0.528270 -0.707107 0.432038 -0.559771 -0.707107 0.400117 -0.583014 -0.707107 0.349928 -0.614451 -0.707107 0.323891 -0.628566 -0.707107 0.261008 -0.657172 -0.707107 0.242556 -0.664204 -0.707107 0.167007 -0.687102 -0.707107 0.157397 -0.689367 -0.707107 0.069756 -0.703657 -0.707107 0.069756 -0.703657 -0.707107 -0.018986 -0.706851 -0.707107 -0.028853 -0.706518 -0.707107 -0.107429 -0.698898 -0.707107 -0.126901 -0.695627 -0.707107 -0.194177 -0.679923 -0.707107 -0.222478 -0.671196 -0.707107 -0.277862 -0.650225 -0.707107 -0.313726 -0.633700 -0.707107 -0.357166 -0.610273 -0.707107 -0.398866 -0.583871 -0.707107 -0.430837 -0.560695 -0.707107 -0.476244 -0.522677 -0.707107 -0.497714 -0.502276 -0.707107 -0.544352 -0.451310 -0.707107 -0.556741 -0.435935 -0.707107 -0.601865 -0.371159 -0.707107 -0.606988 -0.362719 -0.707107 -0.647662 -0.283783 -0.707107 -0.647662 -0.283783 -0.707107 -0.678123 -0.200373 -0.707107 -0.680855 -0.190884 -0.707107 -0.697889 -0.113801 -0.707107 -0.700795 -0.094270 -0.707107 -0.706649 -0.025435 -0.707107 -0.707094 0.004179 -0.707107 -0.704264 0.063333 -0.707107 -0.699632 0.102547 -0.707107 -0.690774 0.151101 -0.707107 -0.678551 0.198918 -0.707107 -0.666389 0.236486 -0.707107 -0.644263 0.291419 -0.707107 -0.631495 0.318142 -0.707107 -0.597435 0.378247 -0.707107 -0.586641 0.394781 -0.707107 -0.538979 0.457713 -0.707107 -0.532536 0.465194 -0.707107 -0.470033 0.528270 -0.707107 -0.470033 0.528270 -0.707107 -0.400117 0.583014 -0.707107 -0.391938 0.588544 -0.707107 -0.323891 0.628566 -0.707107 -0.306214 0.637364 -0.707107 -0.242556 0.664204 -0.707107 -0.214530 0.673778 -0.707107 -0.157397 0.689367 -0.707107 -0.118670 0.697077 -0.707107 -0.069756 0.703657 -0.707107 -0.020501 0.706810 -0.707107 0.018986 0.706851 -0.707107 0.078068 0.702784 -0.707107 0.107429 0.698898 -0.707107 0.175117 0.685080 -0.707107 0.194177 0.679923 -0.707107 0.268757 0.654041 -0.707107 -0.000000 -0.000000 -1.000000 -0.000000 -0.000000 -1.000000 -0.000000 -0.000000 -1.000000 -0.000000 -0.000000 -1.000000 -0.000000 -0.000000 -1.000000 -0.000000 -0.000000 -1.000000 -0.000000 -0.000000 -1.000000 -0.000000 -0.000000 -1.000000 -0.000000 -0.000000 -1.000000 -0.000000 -0.000000 -1.000000 -0.000000 -0.000000 -1.000000 -0.000000 -0.000000 -1.000000 -0.000000 -0.000000 -1.000000 -0.000000 -0.000000 -1.000000 -0.000000 -0.000000 -1.000000 -0.000000 -0.000000 -1.000000 -0.000000 -0.000000 -1.000000 -0.000000 -0.000000 -1.000000 -0.000000 -0.000000 -1.000000 -0.000000 -0.000000 -1.000000 -0.000000 -0.000000 -1.000000 -0.000000 -0.000000 -1.000000 -0.000000 -0.000000 -1.000000 -0.000000 -0.000000 -1.000000 -0.000000 -0.000000 -1.000000 -0.000000 -0.000000 -1.000000 -0.000000 -0.000000 -1.000000 -0.000000 -0.000000 -1.000000 -0.000000 -0.000000 -1.000000 -0.000000 -0.000000 -1.000000 -0.000000 -0.000000 -1.000000 -0.000000 -0.000000 -1.000000 -0.000000 -0.000000 -1.000000 -0.000000 -0.000000 -1.000000 -0.000000 -0.000000 -1.000000 -0.000000 -0.000000 -1.000000 -0.000000 -0.000000 -1.000000 -0.000000 -0.000000 -1.000000 -0.000000 -0.000000 -1.000000 -0.000000 -0.000000 -1.000000 -0.000000 -0.000000 -1.000000 -0.000000 -0.000000 -1.000000 -0.000000 -0.000000 -1.000000 -0.000000 -0.000000 -1.000000 -0.000000 -0.000000 -1.000000 0.000000 0.000000 1.000000 0.210360 -0.150785 0.965926 0.000000 0.000000 1.000000 0.223375 -0.130732 0.965926 0.234485 -0.109564 0.965926 0.431528 -0.252555 0.866025 0.452990 -0.211661 0.866025 0.610273 -0.357166 0.707107 0.640624 -0.299333 0.707107 0.747428 -0.437437 0.500000 0.784601 -0.366607 0.500000 0.833648 -0.487898 0.258819 0.875108 -0.408898 0.258819 0.863055 -0.505109 -0.000000 0.905979 -0.423322 0.000000 0.195550 -0.169551 0.965926 0.000000 0.000000 1.000000 0.179072 -0.186871 0.965926 0.000000 0.000000 1.000000 0.161066 -0.202596 0.965926 0.000000 0.000000 1.000000 0.141685 -0.216593 0.965926 0.000000 0.000000 1.000000 0.121095 -0.228742 0.965926 0.000000 0.000000 1.000000 0.099474 -0.238940 0.965926 0.000000 0.000000 1.000000 0.077003 -0.247099 0.965926 0.000000 0.000000 1.000000 0.053874 -0.253150 0.965926 0.000000 0.000000 1.000000 0.030287 -0.257041 0.965926 0.000000 0.000000 1.000000 0.006442 -0.258739 0.965926 0.000000 0.000000 1.000000 -0.017459 -0.258229 0.965926 0.000000 0.000000 1.000000 -0.041212 -0.255517 0.965926 0.000000 0.000000 1.000000 -0.064612 -0.250625 0.965926 0.000000 0.000000 1.000000 -0.087461 -0.243594 0.965926 0.000000 0.000000 1.000000 -0.109564 -0.234485 0.965926 0.000000 0.000000 1.000000 -0.130732 -0.223375 0.965926 -0.150785 -0.210360 0.965926 -0.291293 -0.406384 0.866025 -0.327548 -0.377774 0.866025 -0.463222 -0.534252 0.707107 -0.510540 -0.489232 0.707107 -0.625282 -0.599185 0.500000 -0.677900 -0.538936 0.500000 -0.756100 -0.601104 0.258819 -0.808337 -0.528776 0.258819 -0.836852 -0.547429 -0.000000 -0.883792 -0.467879 -0.000000 -0.853678 -0.451937 0.258819 -0.923193 -0.384336 -0.000000 -0.891735 -0.371241 0.258819 -0.954717 -0.297516 -0.000000 -0.922186 -0.287378 0.258819 -0.978096 -0.208157 -0.000000 -0.944768 -0.201063 0.258819 -0.993129 -0.117022 -0.000000 -0.959289 -0.113034 0.258819 -0.999690 -0.024887 -0.000000 -0.965627 -0.024039 0.258819 -0.997722 0.067459 -0.000000 -0.963725 0.065160 0.258819 -0.987242 0.159228 -0.000000 -0.953602 0.153803 0.258819 -0.968339 0.249641 -0.000000 -0.935343 0.241134 0.258819 -0.941174 0.337922 -0.000000 -0.909104 0.326409 0.258819 -0.905979 0.423322 -0.000000 -0.875108 0.408898 0.258819 -0.863055 0.505109 0.000000 -0.833648 0.487898 0.258819 -0.812768 0.582587 0.000000 -0.785074 0.562736 0.258819 -0.755546 0.655095 0.000000 -0.729802 0.632773 0.258819 -0.691879 0.722014 0.000000 -0.668304 0.697411 0.258819 -0.622308 0.782772 0.000000 -0.601104 0.756100 0.258819 -0.547429 0.836852 0.000000 -0.528776 0.808337 0.258819 -0.467879 0.883792 0.000000 -0.451937 0.853678 0.258819 -0.384336 0.923193 0.000000 -0.371241 0.891735 0.258819 -0.297516 0.954717 0.000000 -0.287378 0.922186 0.258819 -0.208157 0.978096 0.000000 -0.201063 0.944768 0.258819 -0.117022 0.993129 0.000000 -0.113034 0.959289 0.258819 -0.024887 0.999690 0.000000 -0.024039 0.965627 0.258819 0.067459 0.997722 0.000000 0.065160 0.963725 0.258819 0.159228 0.987242 0.000000 0.153803 0.953602 0.258819 0.249641 0.968339 0.000000 0.241134 0.935343 0.258819 0.337922 0.941174 0.000000 0.326409 0.909104 0.258819 0.423322 0.905979 0.000000 0.408898 0.875108 0.258819 0.505109 0.863055 0.000000 0.487898 0.833648 0.258819 0.582587 0.812768 0.000000 0.562736 0.785074 0.258819 0.655095 0.755546 0.000000 0.632773 0.729802 0.258819 0.722014 0.691879 0.000000 0.697411 0.668304 0.258819 0.782772 0.622308 0.000000 0.756100 0.601104 0.258819 0.836852 0.547429 0.000000 0.808337 0.528776 0.258819 0.883792 0.467879 0.000000 0.853678 0.451937 0.258819 0.923193 0.384336 0.000000 0.891735 0.371241 0.258819 0.954717 0.297516 0.000000 0.922186 0.287378 0.258819 0.978096 0.208157 0.000000 0.944768 0.201063 0.258819 0.993129 0.117022 0.000000 0.959289 0.113034 0.258819 0.999690 0.024887 0.000000 0.965627 0.024039 0.258819 0.997722 -0.067459 0.000000 0.963725 -0.065160 0.258819 0.987242 -0.159228 0.000000 0.953602 -0.153803 0.258819 0.968339 -0.249641 0.000000 0.935343 -0.241134 0.258819 0.941174 -0.337922 0.000000 0.909104 -0.326409 0.258819 0.000000 0.000000 1.000000 -0.169551 -0.195550 0.965926 -0.361006 -0.345940 0.866025 -0.553503 -0.440039 0.707107 -0.724735 -0.474087 0.500000 0.000000 0.000000 1.000000 -0.186871 -0.179072 0.965926 -0.391386 -0.311154 0.866025 -0.591744 -0.387090 0.707107 -0.765387 -0.405195 0.500000 0.000000 0.000000 1.000000 -0.202596 -0.161066 0.965926 -0.418426 -0.273715 0.866025 -0.624936 -0.330840 0.707107 -0.799509 -0.332845 0.500000 0.000000 0.000000 1.000000 -0.216593 -0.141685 0.965926 -0.441896 -0.233940 0.866025 -0.652796 -0.271767 0.707107 -0.826809 -0.257655 0.500000 0.000000 0.000000 1.000000 -0.228742 -0.121095 0.965926 -0.461596 -0.192169 0.866025 -0.675087 -0.210375 0.707107 -0.847055 -0.180269 0.500000 0.000000 0.000000 1.000000 -0.238940 -0.099474 0.965926 -0.477358 -0.148757 0.866025 -0.691618 -0.147189 0.707107 -0.860075 -0.101343 0.500000 0.000000 0.000000 1.000000 -0.247099 -0.077003 0.965926 -0.489047 -0.104079 0.866025 -0.702248 -0.082747 0.707107 -0.865758 -0.021553 0.500000 0.000000 0.000000 1.000000 -0.253150 -0.053874 0.965926 -0.496565 -0.058510 0.866025 -0.706888 -0.017599 0.707107 -0.864053 0.058420 0.500000 0.000000 0.000000 1.000000 -0.257041 -0.030287 0.965926 -0.499845 -0.012443 0.866025 -0.705496 0.047700 0.707107 -0.854976 0.137897 0.500000 0.000000 0.000000 1.000000 -0.258739 -0.006442 0.965926 -0.498861 0.033730 0.866025 -0.698085 0.112592 0.707107 -0.838605 0.216195 0.500000 0.000000 0.000000 1.000000 -0.258229 0.017459 0.965926 -0.493621 0.079614 0.866025 -0.684718 0.176522 0.707107 -0.815081 0.292650 0.500000 0.000000 0.000000 1.000000 -0.255517 0.041212 0.965926 -0.484169 0.124821 0.866025 -0.665511 0.238947 0.707107 -0.784601 0.366607 0.500000 0.000000 0.000000 1.000000 -0.250625 0.064612 0.965926 -0.470587 0.168961 0.866025 -0.640624 0.299333 0.707107 -0.747428 0.437437 0.500000 0.000000 0.000000 1.000000 -0.243594 0.087461 0.965926 -0.452990 0.211661 0.866025 -0.610273 0.357166 0.707107 -0.703878 0.504536 0.500000 0.000000 0.000000 1.000000 -0.234485 0.109564 0.965926 -0.431528 0.252555 0.866025 -0.574713 0.411952 0.707107 -0.654323 0.567329 0.500000 0.000000 0.000000 1.000000 -0.223375 0.130732 0.965926 -0.406384 0.291293 0.866025 -0.534252 0.463222 0.707107 -0.599185 0.625282 0.500000 -0.210360 0.150785 0.965926 0.000000 0.000000 1.000000 -0.195550 0.169551 0.965926 0.000000 0.000000 1.000000 -0.179072 0.186871 0.965926 0.000000 0.000000 1.000000 -0.161066 0.202596 0.965926 0.000000 0.000000 1.000000 -0.141685 0.216593 0.965926 0.000000 0.000000 1.000000 -0.121095 0.228742 0.965926 0.000000 0.000000 1.000000 -0.099474 0.238940 0.965926 0.000000 0.000000 1.000000 -0.077003 0.247099 0.965926 0.000000 0.000000 1.000000 -0.053874 0.253150 0.965926 0.000000 0.000000 1.000000 -0.030287 0.257041 0.965926 0.000000 0.000000 1.000000 -0.006442 0.258739 0.965926 0.000000 0.000000 1.000000 0.017459 0.258229 0.965926 0.000000 0.000000 1.000000 0.041212 0.255517 0.965926 0.000000 0.000000 1.000000 0.064612 0.250625 0.965926 0.000000 0.000000 1.000000 0.087461 0.243594 0.965926 0.000000 0.000000 1.000000 0.109564 0.234485 0.965926 0.000000 0.000000 1.000000 0.130732 0.223375 0.965926 0.150785 0.210360 0.965926 0.291293 0.406384 0.866025 0.327548 0.377774 0.866025 0.463222 0.534252 0.707107 0.510540 0.489232 0.707107 0.625282 0.599185 0.500000 0.677900 0.538936 0.500000 0.000000 0.000000 1.000000 0.169551 0.195550 0.965926 0.361006 0.345940 0.866025 0.553503 0.440039 0.707107 0.724735 0.474087 0.500000 0.000000 0.000000 1.000000 0.186871 0.179072 0.965926 0.391386 0.311154 0.866025 0.591744 0.387090 0.707107 0.765387 0.405195 0.500000 0.000000 0.000000 1.000000 0.202596 0.161066 0.965926 0.418426 0.273715 0.866025 0.624936 0.330840 0.707107 0.799509 0.332845 0.500000 0.000000 0.000000 1.000000 0.216593 0.141685 0.965926 0.441896 0.233940 0.866025 0.652796 0.271767 0.707107 0.826809 0.257655 0.500000 0.000000 0.000000 1.000000 0.228742 0.121095 0.965926 0.461596 0.192169 0.866025 0.675087 0.210375 0.707107 0.847055 0.180269 0.500000 0.000000 0.000000 1.000000 0.238940 0.099474 0.965926 0.477358 0.148757 0.866025 0.691618 0.147189 0.707107 0.860075 0.101343 0.500000 0.000000 0.000000 1.000000 0.247099 0.077003 0.965926 0.489047 0.104079 0.866025 0.702248 0.082747 0.707107 0.865758 0.021553 0.500000 0.000000 0.000000 1.000000 0.253150 0.053874 0.965926 0.496565 0.058510 0.866025 0.706888 0.017599 0.707107 0.864053 -0.058420 0.500000 0.000000 0.000000 1.000000 0.257041 0.030287 0.965926 0.499845 0.012443 0.866025 0.705496 -0.047700 0.707107 0.854976 -0.137897 0.500000 0.000000 0.000000 1.000000 0.258739 0.006442 0.965926 0.498861 -0.033730 0.866025 0.698085 -0.112592 0.707107 0.838605 -0.216195 0.500000 0.000000 0.000000 1.000000 0.258229 -0.017459 0.965926 0.493621 -0.079614 0.866025 0.684718 -0.176522 0.707107 0.815081 -0.292650 0.500000 0.000000 0.000000 1.000000 0.255517 -0.041212 0.965926 0.484169 -0.124821 0.866025 0.665511 -0.238947 0.707107 0.000000 0.000000 1.000000 0.250625 -0.064612 0.965926 0.470587 -0.168961 0.866025 0.000000 0.000000 1.000000 0.243594 -0.087461 0.965926 0.000000 0.000000 1.000000 -0.423322 -0.905979 -0.000000 -0.408898 -0.875108 0.258819 -0.505109 -0.863055 -0.000000 -0.487898 -0.833648 0.258819 -0.582587 -0.812768 -0.000000 -0.562736 -0.785074 0.258819 -0.655095 -0.755546 -0.000000 -0.632773 -0.729802 0.258819 -0.722014 -0.691879 -0.000000 -0.697411 -0.668304 0.258819 -0.782772 -0.622308 -0.000000 -0.326409 -0.909104 0.258819 -0.337922 -0.941174 -0.000000 -0.241134 -0.935343 0.258819 -0.249641 -0.968339 -0.000000 -0.153803 -0.953602 0.258819 -0.159228 -0.987242 -0.000000 -0.065160 -0.963725 0.258819 -0.067459 -0.997722 -0.000000 0.024039 -0.965627 0.258819 0.024887 -0.999690 -0.000000 0.113034 -0.959289 0.258819 0.117022 -0.993129 -0.000000 0.201063 -0.944768 0.258819 0.208157 -0.978096 -0.000000 0.287378 -0.922186 0.258819 0.297516 -0.954717 -0.000000 0.371241 -0.891735 0.258819 0.384336 -0.923193 -0.000000 0.451937 -0.853678 0.258819 0.467879 -0.883792 -0.000000 0.528776 -0.808337 0.258819 0.547429 -0.836852 -0.000000 0.601104 -0.756100 0.258819 0.622308 -0.782772 -0.000000 0.668304 -0.697411 0.258819 0.691879 -0.722014 -0.000000 0.729802 -0.632773 0.258819 0.755546 -0.655095 -0.000000 0.785074 -0.562736 0.258819 0.812768 -0.582587 -0.000000 0.406384 -0.291293 0.866025 0.377774 -0.327548 0.866025 0.345940 -0.361006 0.866025 0.311154 -0.391386 0.866025 0.273715 -0.418426 0.866025 0.233940 -0.441896 0.866025 0.192169 -0.461596 0.866025 0.148757 -0.477358 0.866025 0.104079 -0.489047 0.866025 0.058510 -0.496565 0.866025 0.012443 -0.499845 0.866025 -0.033730 -0.498861 0.866025 -0.079614 -0.493621 0.866025 -0.124821 -0.484169 0.866025 -0.168961 -0.470587 0.866025 -0.211661 -0.452990 0.866025 -0.252555 -0.431528 0.866025 0.574713 -0.411952 0.707107 0.534252 -0.463222 0.707107 0.489232 -0.510540 0.707107 0.440039 -0.553503 0.707107 0.387090 -0.591744 0.707107 0.330840 -0.624936 0.707107 0.271767 -0.652796 0.707107 0.210375 -0.675087 0.707107 0.147189 -0.691618 0.707107 0.082747 -0.702248 0.707107 0.017599 -0.706888 0.707107 -0.047700 -0.705496 0.707107 -0.112592 -0.698085 0.707107 -0.176522 -0.684718 0.707107 -0.238947 -0.665511 0.707107 -0.299333 -0.640624 0.707107 -0.357166 -0.610273 0.707107 -0.411952 -0.574713 0.707107 0.703878 -0.504536 0.500000 0.654323 -0.567329 0.500000 0.599185 -0.625282 0.500000 0.538936 -0.677900 0.500000 0.474087 -0.724735 0.500000 0.405195 -0.765387 0.500000 0.332845 -0.799509 0.500000 0.257655 -0.826809 0.500000 0.180269 -0.847055 0.500000 0.101343 -0.860075 0.500000 0.021553 -0.865758 0.500000 -0.058420 -0.864053 0.500000 -0.137897 -0.854976 0.500000 -0.216195 -0.838605 0.500000 -0.292650 -0.815081 0.500000 -0.366607 -0.784601 0.500000 -0.437437 -0.747428 0.500000 -0.504536 -0.703878 0.500000 -0.567329 -0.654323 0.500000 -0.377774 0.327548 0.866025 -0.489232 0.510540 0.707107 -0.538936 0.677900 0.500000 -0.345940 0.361006 0.866025 -0.440039 0.553503 0.707107 -0.474087 0.724735 0.500000 -0.311154 0.391386 0.866025 -0.387090 0.591744 0.707107 -0.405195 0.765387 0.500000 -0.273715 0.418426 0.866025 -0.330840 0.624936 0.707107 -0.332845 0.799509 0.500000 -0.233940 0.441896 0.866025 -0.271767 0.652796 0.707107 -0.257655 0.826809 0.500000 -0.192169 0.461596 0.866025 -0.210375 0.675087 0.707107 -0.180269 0.847055 0.500000 -0.148757 0.477358 0.866025 -0.147189 0.691618 0.707107 -0.101343 0.860075 0.500000 -0.104079 0.489047 0.866025 -0.082747 0.702248 0.707107 -0.021553 0.865758 0.500000 -0.058510 0.496565 0.866025 -0.017599 0.706888 0.707107 0.058420 0.864053 0.500000 -0.012443 0.499845 0.866025 0.047700 0.705496 0.707107 0.137897 0.854976 0.500000 0.033730 0.498861 0.866025 0.112592 0.698085 0.707107 0.216195 0.838605 0.500000 0.079614 0.493621 0.866025 0.176522 0.684718 0.707107 0.292650 0.815081 0.500000 0.124821 0.484169 0.866025 0.238947 0.665511 0.707107 0.366607 0.784601 0.500000 0.168961 0.470587 0.866025 0.299333 0.640624 0.707107 0.437437 0.747428 0.500000 0.211661 0.452990 0.866025 0.357166 0.610273 0.707107 0.504536 0.703878 0.500000 0.252555 0.431528 0.866025 0.411952 0.574713 0.707107 0.567329 0.654323 0.500000 0.000000 0.000000 1.000000 0.000000 0.000000 1.000000 0.000000 0.000000 1.000000 0.000000 0.000000 1.000000 0.000000 0.000000 1.000000 0.000000 0.000000 1.000000 -0.582587 -0.812768 -0.000000 -0.505109 -0.863055 -0.000000 -0.423322 -0.905979 -0.000000 -0.337922 -0.941174 -0.000000 -0.249641 -0.968339 -0.000000 -0.159228 -0.987242 -0.000000 -0.067459 -0.997722 -0.000000 0.024887 -0.999690 -0.000000 0.117022 -0.993129 -0.000000 0.208157 -0.978096 -0.000000 0.297516 -0.954717 -0.000000 0.384336 -0.923193 -0.000000 0.467879 -0.883792 -0.000000 0.547429 -0.836852 -0.000000 0.622308 -0.782772 -0.000000 0.691879 -0.722014 -0.000000 0.755546 -0.655095 -0.000000 0.812768 -0.582587 -0.000000 0.863055 -0.505109 -0.000000 0.905979 -0.423322 0.000000 0.941174 -0.337922 0.000000 0.968339 -0.249641 0.000000 0.987242 -0.159228 0.000000 0.997722 -0.067459 0.000000 0.999690 0.024887 0.000000 0.993129 0.117022 0.000000 0.978096 0.208157 0.000000 0.954717 0.297516 0.000000 0.923193 0.384336 0.000000 0.883792 0.467879 0.000000 0.836852 0.547429 0.000000 0.782772 0.622308 0.000000 0.722014 0.691879 0.000000 0.655095 0.755546 0.000000 0.582587 0.812768 0.000000 0.505109 0.863055 0.000000 0.423322 0.905979 0.000000 0.337922 0.941174 0.000000 0.249641 0.968339 0.000000 0.159228 0.987242 0.000000 0.067459 0.997722 0.000000 -0.024887 0.999690 0.000000 -0.117022 0.993129 0.000000 -0.208157 0.978096 0.000000 -0.297516 0.954717 0.000000 -0.384336 0.923193 0.000000 -0.467879 0.883792 0.000000 -0.547429 0.836852 0.000000 -0.622308 0.782772 0.000000 -0.691879 0.722014 0.000000 -0.755546 0.655095 0.000000 -0.812768 0.582587 0.000000 -0.863055 0.505109 0.000000 -0.905979 0.423322 -0.000000 -0.941174 0.337922 -0.000000 -0.968339 0.249641 -0.000000 -0.987242 0.159228 -0.000000 -0.997722 0.067459 -0.000000 -0.999690 -0.024887 -0.000000 -0.993129 -0.117022 -0.000000 -0.978096 -0.208157 -0.000000 -0.954717 -0.297516 -0.000000 -0.923193 -0.384336 -0.000000 -0.883792 -0.467879 -0.000000 -0.836852 -0.547429 -0.000000 -0.782772 -0.622308 -0.000000 -0.722014 -0.691879 -0.000000 -0.655095 -0.755546 -0.000000 0.999982 -0.005910 0.000000 0.999982 -0.005910 0.000000 0.999982 -0.005910 0.000000 0.999982 -0.005910 0.000000 0.999982 -0.005910 0.000000 0.999982 -0.005910 0.000000 0.999982 -0.005910 0.000000 0.999982 -0.005910 0.000000 0.999982 -0.005910 0.000000 0.999982 -0.005910 0.000000 0.999982 -0.005910 0.000000 0.999982 -0.005910 0.000000 0.999982 -0.005910 0.000000 0.494873 -0.868965 -0.000000 0.494873 -0.868965 -0.000000 0.494873 -0.868965 -0.000000 0.494873 -0.868965 -0.000000 0.494873 -0.868965 -0.000000 0.494873 -0.868965 -0.000000 0.494873 -0.868965 -0.000000 0.494873 -0.868965 -0.000000 0.494873 -0.868965 -0.000000 0.494873 -0.868965 -0.000000 0.494873 -0.868965 -0.000000 0.494873 -0.868965 -0.000000 0.494873 -0.868965 -0.000000 -0.505109 -0.863055 -0.000000 -0.505109 -0.863055 -0.000000 -0.505109 -0.863055 -0.000000 -0.505109 -0.863055 -0.000000 -0.505109 -0.863055 -0.000000 -0.505109 -0.863055 -0.000000 -0.505109 -0.863055 -0.000000 -0.505109 -0.863055 -0.000000 -0.505109 -0.863055 -0.000000 -0.505109 -0.863055 -0.000000 -0.505109 -0.863055 -0.000000 -0.505109 -0.863055 -0.000000 -0.505109 -0.863055 -0.000000 -0.999982 0.005910 -0.000000 -0.999982 0.005910 -0.000000 -0.999982 0.005910 -0.000000 -0.999982 0.005910 -0.000000 -0.999982 0.005910 -0.000000 -0.999982 0.005910 -0.000000 -0.999982 0.005910 -0.000000 -0.999982 0.005910 -0.000000 -0.999982 0.005910 -0.000000 -0.999982 0.005910 -0.000000 -0.999982 0.005910 -0.000000 -0.999982 0.005910 -0.000000 -0.999982 0.005910 -0.000000 0.505109 0.863055 0.000000 0.505109 0.863055 0.000000 0.505109 0.863055 0.000000 0.505109 0.863055 0.000000 0.505109 0.863055 0.000000 0.505109 0.863055 0.000000 0.505109 0.863055 0.000000 0.505109 0.863055 0.000000 0.505109 0.863055 0.000000 0.505109 0.863055 0.000000 0.505109 0.863055 0.000000 0.505109 0.863055 0.000000 0.505109 0.863055 0.000000 -0.494873 0.868965 0.000000 -0.494873 0.868965 0.000000 -0.494873 0.868965 0.000000 -0.494873 0.868965 0.000000 -0.494873 0.868965 0.000000 -0.494873 0.868965 0.000000 -0.494873 0.868965 0.000000 -0.494873 0.868965 0.000000 -0.494873 0.868965 0.000000 -0.494873 0.868965 0.000000 -0.494873 0.868965 0.000000 -0.494873 0.868965 0.000000 -0.494873 0.868965 0.000000 0.418040 0.274303 0.866025 0.431814 0.252065 0.866025 0.434483 0.247437 0.866025 0.399656 0.300458 0.866025 0.357237 0.349831 0.866025 0.396035 0.305214 0.866025 0.307854 0.393988 0.866025 0.353753 0.353353 0.866025 0.252555 0.431528 0.866025 0.305664 0.395689 0.866025 0.130060 0.482788 0.866025 0.134836 0.481476 0.866025 0.192743 0.461357 0.866025 0.066239 0.495593 0.866025 0.072158 0.494766 0.866025 0.034431 0.498813 0.866025 0.002955 0.499992 0.866025 -0.028533 0.499185 0.866025 0.008297 0.499931 0.866025 -0.124344 0.484291 0.866025 -0.118783 0.485686 0.866025 -0.060377 0.496341 0.866025 -0.247437 0.434483 0.866025 -0.238095 0.439671 0.866025 -0.187276 0.463603 0.866025 -0.353077 0.354029 0.866025 -0.341833 0.364898 0.866025 -0.303175 0.397599 0.866025 -0.396077 0.305161 0.866025 -0.385689 0.318189 0.866025 -0.414769 0.279225 0.866025 -0.431528 0.252555 0.866025 -0.446574 0.224882 0.866025 -0.423211 0.266256 0.866025 -0.481581 0.134460 0.866025 -0.476907 0.150199 0.866025 -0.460033 0.195883 0.866025 -0.499992 0.002955 0.866025 -0.499409 0.024317 0.866025 -0.495130 0.069615 0.866025 -0.495918 -0.063758 0.866025 -0.498417 -0.039746 0.866025 -0.462315 -0.190432 0.866025 -0.472035 -0.164872 0.866025 -0.483136 -0.128759 0.866025 -0.449201 -0.219588 0.866025 -0.434483 -0.247437 0.866025 -0.418040 -0.274303 0.866025 -0.447076 -0.223881 0.866025 -0.357237 -0.349831 0.866025 -0.375666 -0.329962 0.866025 -0.399656 -0.300458 0.866025 -0.252555 -0.431528 0.866025 -0.279684 -0.414460 0.866025 -0.307854 -0.393988 0.866025 -0.130060 -0.482788 0.866025 -0.165408 -0.471848 0.866025 -0.192743 -0.461357 0.866025 -0.034431 -0.498813 0.866025 -0.040311 -0.498372 0.866025 -0.066239 -0.495593 0.866025 -0.002955 -0.499992 0.866025 0.028533 -0.499185 0.866025 0.023750 -0.499435 0.866025 0.060377 -0.496341 0.866025 0.124344 -0.484291 0.866025 0.087422 -0.492298 0.866025 0.187276 -0.463603 0.866025 0.149658 -0.477077 0.866025 0.247437 -0.434483 0.866025 0.209436 -0.454022 0.866025 0.353077 -0.354029 0.866025 0.317751 -0.386049 0.866025 0.303175 -0.397599 0.866025 0.414769 -0.279225 0.866025 0.405283 -0.292825 0.866025 0.396077 -0.305161 0.866025 0.431528 -0.252555 0.866025 0.446574 -0.224882 0.866025 0.439401 -0.238594 0.866025 0.460033 -0.195883 0.866025 0.481581 -0.134460 0.866025 0.466304 -0.180446 0.866025 0.495130 -0.069615 0.866025 0.485551 -0.119334 0.866025 0.499992 -0.002955 0.866025 0.496824 -0.056263 0.866025 0.495918 0.063758 0.866025 0.499940 0.007730 0.866025 0.483136 0.128759 0.866025 0.494847 0.071598 0.866025 0.462315 0.190432 0.866025 0.481629 0.134290 0.866025 0.449201 0.219588 0.866025 0.460502 0.194777 0.866025 0.195298 0.460281 0.866025 0.364510 -0.342246 0.866025 0.265776 -0.423513 0.866025 -0.103711 -0.489126 0.866025 -0.224388 -0.446823 0.866025 -0.330388 -0.375292 0.866025 -0.414777 -0.279213 0.866025 -0.489243 -0.103155 0.866025 -0.492199 0.087979 0.866025 -0.453785 0.209951 0.866025 -0.292364 0.405615 0.866025 -0.179917 0.466509 0.866025 -0.055700 0.496888 0.866025 0.403268 -0.295592 0.866025 0.419211 -0.272510 0.866025 0.431524 -0.252561 0.866025 0.442887 -0.232057 0.866025 0.455205 -0.206853 0.866025 0.462671 -0.189565 0.866025 0.474062 -0.158952 0.866025 0.478390 -0.145406 0.866025 0.487893 -0.109366 0.866025 0.489904 -0.099971 0.866025 0.496551 -0.058620 0.866025 0.497113 -0.053656 0.866025 0.499948 -0.007254 0.866025 0.499952 -0.006870 0.866025 0.498399 0.039977 0.866025 0.391851 -0.310568 0.866025 0.370738 -0.335490 0.866025 0.361047 -0.345897 0.866025 0.334278 -0.371831 0.866025 0.327071 -0.378186 0.866025 0.294273 -0.404231 0.866025 0.290220 -0.407152 0.866025 0.251151 -0.432347 0.866025 0.250818 -0.432539 0.866025 0.209212 -0.454126 0.866025 0.205365 -0.455879 0.866025 0.165768 -0.471722 0.866025 0.157403 -0.474578 0.866025 0.120867 -0.485171 0.866025 0.107772 -0.488248 0.866025 0.074903 -0.494358 0.866025 0.056998 -0.496741 0.866025 0.028282 -0.499200 0.866025 0.005621 -0.499968 0.866025 -0.018588 -0.499654 0.866025 -0.045816 -0.497896 0.866025 -0.065294 -0.495718 0.866025 -0.096768 -0.490547 0.866025 -0.111428 -0.487425 0.866025 -0.146693 -0.477997 0.866025 -0.156581 -0.474850 0.866025 -0.195064 -0.460380 0.866025 -0.200359 -0.458101 0.866025 -0.241366 -0.437884 0.866025 -0.242376 -0.437326 0.866025 -0.282263 -0.412708 0.866025 -0.285111 -0.410745 0.866025 -0.319669 -0.384463 0.866025 -0.325833 -0.379253 0.866025 -0.354266 -0.352840 0.866025 -0.363101 -0.343740 0.866025 -0.385749 -0.318115 0.866025 -0.396521 -0.304584 0.866025 -0.413843 -0.280595 0.866025 -0.425736 -0.262199 0.866025 -0.438301 -0.240610 0.866025 -0.450440 -0.217035 0.866025 -0.458905 -0.198509 0.866025 -0.470368 -0.169569 0.866025 -0.475478 -0.154664 0.866025 -0.485310 -0.120307 0.866025 -0.487872 -0.109460 0.866025 -0.495108 -0.069770 0.866025 -0.495977 -0.063294 0.866025 -0.499658 -0.018492 0.866025 -0.499725 -0.016572 0.866025 -0.499081 0.030296 0.866025 -0.498912 0.032981 0.866025 -0.494052 0.076898 0.866025 -0.492875 0.084105 0.866025 -0.484680 0.122824 0.866025 -0.481616 0.134337 0.866025 -0.471048 0.167670 0.866025 -0.465250 0.183145 0.866025 -0.453278 0.211043 0.866025 -0.443953 0.230012 0.866025 -0.431524 0.252561 0.866025 -0.417950 0.274440 0.866025 -0.405977 0.291860 0.866025 -0.387517 0.315960 0.866025 -0.376863 0.328594 0.866025 -0.352975 0.354131 0.866025 -0.344438 0.362440 0.866025 -0.314692 0.388546 0.866025 -0.308985 0.393101 0.866025 -0.273074 0.418845 0.866025 -0.270816 0.420307 0.866025 -0.228561 0.444702 0.866025 -0.230268 0.443821 0.866025 -0.187696 0.463433 0.866025 -0.181625 0.465846 0.866025 -0.143475 0.478973 0.866025 -0.132763 0.482052 0.866025 -0.097993 0.490304 0.866025 -0.082495 0.493148 0.866025 -0.051650 0.497325 0.866025 -0.031351 0.499017 0.866025 -0.004852 0.499977 0.866025 0.020124 0.499594 0.866025 0.041987 0.498234 0.866025 0.071386 0.494878 0.866025 0.088459 0.492112 0.866025 0.121892 0.484915 0.866025 0.134152 0.481667 0.866025 0.171106 0.469812 0.866025 0.178666 0.466989 0.866025 0.218505 0.449729 0.866025 0.221611 0.448206 0.866025 0.263588 0.424878 0.866025 0.262608 0.425485 0.866025 0.301297 0.399024 0.866025 0.305877 0.395523 0.866025 0.337338 0.369057 0.866025 0.344925 0.361976 0.866025 0.370415 0.335846 0.866025 0.380315 0.324593 0.866025 0.400236 0.299684 0.866025 0.411674 0.283768 0.866025 0.426541 0.260889 0.866025 0.438669 0.239935 0.866025 0.449097 0.219800 0.866025 0.461015 0.193559 0.866025 0.467705 0.176781 0.866025 0.478474 0.145131 0.866025 0.482205 0.132207 0.866025 0.490860 0.095165 0.866025 0.492466 0.086472 0.866025 0.498044 0.044190 0.866025 0.910411 -0.413706 -0.000000 0.863048 -0.505122 -0.000000 0.863048 -0.505122 -0.000000 0.806536 -0.591185 -0.000000 0.805521 -0.592568 -0.000000 0.741476 -0.670980 -0.000000 0.739167 -0.673522 -0.000000 0.668554 -0.743663 -0.000000 0.664716 -0.747097 -0.000000 0.588547 -0.808463 -0.000000 0.582981 -0.812485 -0.000000 0.502301 -0.864693 -0.000000 0.494860 -0.868972 -0.000000 0.410730 -0.911757 -0.000000 0.401317 -0.915939 -0.000000 0.314805 -0.949156 -0.000000 0.303377 -0.952871 -0.000000 0.215543 -0.976494 -0.000000 0.202113 -0.979363 -0.000000 0.113997 -0.993481 -0.000000 0.098634 -0.995124 -0.000000 0.011242 -0.999937 -0.000000 -0.005925 -0.999982 -0.000000 -0.091632 -0.995793 -0.000000 -0.110418 -0.993885 -0.000000 -0.193535 -0.981093 -0.000000 -0.213704 -0.976899 -0.000000 -0.293386 -0.955994 -0.000000 -0.314646 -0.949209 -0.000000 -0.390128 -0.920761 -0.000000 -0.412143 -0.911119 -0.000000 -0.482733 -0.875767 -0.000000 -0.505122 -0.863048 -0.000000 -0.570222 -0.821491 -0.000000 -0.592568 -0.805521 -0.000000 -0.651666 -0.758506 -0.000000 -0.673522 -0.739167 -0.000000 -0.726203 -0.687481 -0.000000 -0.747097 -0.664716 -0.000000 -0.793041 -0.609168 -0.000000 -0.812485 -0.582981 -0.000000 -0.851473 -0.524398 -0.000000 -0.868972 -0.494860 -0.000000 -0.900880 -0.434069 -0.000000 -0.915939 -0.401317 -0.000000 -0.940736 -0.339139 -0.000000 -0.952871 -0.303377 -0.000000 -0.970620 -0.240615 -0.000000 -0.979363 -0.202113 -0.000000 -0.990216 -0.139539 -0.000000 -0.995124 -0.098634 -0.000000 -0.999316 -0.036984 -0.000000 -0.999982 0.005925 -0.000000 -0.997822 0.065962 -0.000000 -0.993885 0.110418 -0.000000 -0.985751 0.168210 -0.000000 -0.976899 0.213704 -0.000000 -0.963231 0.268674 -0.000000 -0.949209 0.314646 -0.000000 -0.930501 0.366290 -0.000000 -0.911119 0.412143 0.000000 -0.887907 0.460024 0.000000 -0.863048 0.505122 0.000000 -0.835900 0.548881 0.000000 -0.805521 0.592568 0.000000 -0.775033 0.631921 0.000000 -0.739167 0.673522 0.000000 -0.705951 0.708261 0.000000 -0.664716 0.747097 0.000000 -0.629386 0.777093 0.000000 -0.582981 0.812485 0.000000 -0.546148 0.837689 0.000000 -0.494860 0.868972 0.000000 -0.457122 0.889404 0.000000 -0.401317 0.915939 0.000000 -0.363250 0.931692 0.000000 -0.303377 0.952871 0.000000 -0.265526 0.964103 0.000000 -0.202113 0.979363 0.000000 -0.164989 0.986295 0.000000 -0.098634 0.995124 0.000000 -0.062703 0.998032 0.000000 0.005925 0.999982 0.000000 0.040248 0.999190 0.000000 0.110418 0.993885 0.000000 0.142773 0.989756 0.000000 0.213704 0.976899 0.000000 0.243783 0.969830 0.000000 0.314646 0.949209 0.000000 0.342210 0.939624 0.000000 0.412143 0.911119 0.000000 0.437010 0.899457 0.000000 0.505122 0.863048 0.000000 0.527176 0.849755 0.000000 0.592568 0.805521 0.000000 0.611755 0.791048 0.000000 0.673522 0.739167 0.000000 0.689849 0.723953 0.000000 0.747097 0.664716 0.000000 0.760630 0.649185 0.000000 0.812485 0.582981 0.000000 0.823348 0.567536 0.000000 0.868972 0.494860 0.000000 0.877340 0.479870 0.000000 0.915939 0.401317 0.000000 0.922030 0.387118 0.000000 0.952871 0.303377 0.000000 0.956947 0.290262 0.000000 0.979363 0.202113 0.000000 0.981720 0.190329 0.000000 0.995124 0.098634 0.000000 0.996087 0.088379 0.000000 0.999982 -0.005925 0.000000 0.999895 -0.014508 0.000000 0.993885 -0.110418 0.000000 0.993104 -0.117241 0.000000 0.976899 -0.213704 0.000000 0.975785 -0.218731 0.000000 0.949209 -0.314646 0.000000 0.948123 -0.317904 0.000000 0.911119 -0.412143 -0.000000 0.806536 -0.591185 -0.000000 0.863048 -0.505122 -0.000000 0.910411 -0.413706 -0.000000 0.948123 -0.317904 0.000000 0.975785 -0.218731 0.000000 0.993104 -0.117241 0.000000 0.999895 -0.014508 0.000000 0.996087 0.088379 0.000000 0.981720 0.190329 0.000000 0.956947 0.290262 0.000000 0.922030 0.387118 0.000000 0.877340 0.479870 0.000000 0.823348 0.567536 0.000000 0.760630 0.649185 0.000000 0.689849 0.723953 0.000000 0.611755 0.791048 0.000000 0.527176 0.849755 0.000000 0.437010 0.899457 0.000000 0.342210 0.939624 0.000000 0.243783 0.969830 0.000000 0.142773 0.989756 0.000000 0.040248 0.999190 0.000000 -0.062703 0.998032 0.000000 -0.164989 0.986295 0.000000 -0.265526 0.964103 0.000000 -0.363250 0.931692 0.000000 -0.457122 0.889404 0.000000 -0.546148 0.837689 0.000000 -0.629386 0.777093 0.000000 -0.705951 0.708261 0.000000 -0.775033 0.631921 0.000000 -0.835900 0.548881 0.000000 -0.887907 0.460024 0.000000 -0.930501 0.366290 -0.000000 -0.963231 0.268674 -0.000000 -0.985751 0.168210 -0.000000 -0.997822 0.065962 -0.000000 -0.999316 -0.036984 -0.000000 -0.990216 -0.139539 -0.000000 -0.970620 -0.240615 -0.000000 -0.940736 -0.339139 -0.000000 -0.900880 -0.434069 -0.000000 -0.851473 -0.524398 -0.000000 -0.793041 -0.609168 -0.000000 -0.726203 -0.687481 -0.000000 -0.651666 -0.758506 -0.000000 -0.570222 -0.821491 -0.000000 -0.482733 -0.875767 -0.000000 -0.390128 -0.920761 -0.000000 -0.293386 -0.955994 -0.000000 -0.193535 -0.981093 -0.000000 -0.091632 -0.995793 -0.000000 0.011242 -0.999937 -0.000000 0.113997 -0.993481 -0.000000 0.215543 -0.976494 -0.000000 0.314805 -0.949156 -0.000000 0.410730 -0.911757 -0.000000 0.502301 -0.864693 -0.000000 0.588547 -0.808463 -0.000000 0.668554 -0.743663 -0.000000 0.741476 -0.670980 -0.000000 0.000000 0.000000 1.000000 0.000000 0.000000 1.000000 0.000000 0.000000 1.000000 0.000000 0.000000 1.000000 0.000000 0.000000 1.000000 0.000000 0.000000 1.000000 0.000000 0.000000 1.000000 0.000000 0.000000 1.000000 0.000000 0.000000 1.000000 0.000000 0.000000 1.000000 0.000000 0.000000 1.000000 0.000000 0.000000 1.000000 0.000000 0.000000 1.000000 0.000000 0.000000 1.000000 0.000000 0.000000 1.000000 0.000000 0.000000 1.000000 0.000000 0.000000 1.000000 0.000000 0.000000 1.000000 0.000000 0.000000 1.000000 0.000000 0.000000 1.000000 0.000000 0.000000 1.000000 0.000000 0.000000 1.000000 0.000000 0.000000 1.000000 0.000000 0.000000 1.000000 0.000000 0.000000 1.000000 0.000000 0.000000 1.000000 0.000000 0.000000 1.000000 0.000000 0.000000 1.000000 0.000000 0.000000 1.000000 0.000000 0.000000 1.000000 0.000000 0.000000 1.000000 0.000000 0.000000 1.000000 0.000000 0.000000 1.000000 0.000000 0.000000 1.000000 0.000000 0.000000 1.000000 0.000000 0.000000 1.000000 0.000000 0.000000 1.000000 0.000000 0.000000 1.000000 0.000000 0.000000 1.000000 0.000000 0.000000 1.000000 0.000000 0.000000 1.000000 0.000000 0.000000 1.000000 0.000000 0.000000 1.000000 0.000000 0.000000 1.000000 0.000000 0.000000 1.000000 0.000000 0.000000 1.000000 0.000000 0.000000 1.000000 0.000000 0.000000 1.000000 0.000000 0.000000 1.000000 0.000000 0.000000 1.000000 0.000000 0.000000 1.000000 0.000000 0.000000 1.000000 0.000000 0.000000 1.000000 0.000000 0.000000 1.000000 0.000000 0.000000 1.000000 0.000000 0.000000 1.000000 0.000000 0.000000 1.000000 0.000000 0.000000 1.000000 0.000000 0.000000 1.000000 0.000000 0.000000 1.000000 0.000000 0.000000 1.000000 0.000000 0.000000 1.000000 0.000000 0.000000 1.000000 0.000000 0.000000 1.000000 0.000000 0.000000 1.000000 0.000000 0.000000 1.000000 0.000000 0.000000 1.000000 0.000000 0.000000 1.000000 0.000000 0.000000 1.000000 0.000000 0.000000 1.000000 0.000000 0.000000 1.000000 0.000000 0.000000 1.000000 0.000000 0.000000 1.000000 0.000000 0.000000 1.000000 0.000000 0.000000 1.000000 0.000000 0.000000 1.000000 0.000000 0.000000 1.000000 0.000000 0.000000 1.000000 0.000000 0.000000 1.000000 0.000000 0.000000 1.000000 0.000000 0.000000 1.000000 0.000000 0.000000 1.000000 0.000000 0.000000 1.000000 0.000000 0.000000 1.000000 0.000000 0.000000 1.000000 0.000000 0.000000 1.000000 0.000000 0.000000 1.000000 0.000000 0.000000 1.000000 0.000000 0.000000 1.000000 0.000000 0.000000 1.000000 0.000000 0.000000 1.000000 0.000000 0.000000 1.000000 0.000000 0.000000 1.000000 0.000000 0.000000 1.000000 0.000000 0.000000 1.000000 0.000000 0.000000 1.000000 0.000000 0.000000 1.000000 0.000000 0.000000 1.000000 0.000000 0.000000 1.000000 0.000000 0.000000 1.000000 0.000000 0.000000 1.000000 0.000000 0.000000 1.000000 0.000000 0.000000 1.000000 0.000000 0.000000 1.000000 0.000000 0.000000 1.000000 0.000000 0.000000 1.000000 0.000000 0.000000 1.000000 0.000000 0.000000 1.000000 0.000000 0.000000 1.000000 0.000000 0.000000 1.000000 0.000000 0.000000 1.000000 0.000000 0.000000 1.000000 0.000000 0.000000 1.000000 0.000000 0.000000 1.000000 0.000000 0.000000 1.000000 0.000000 0.000000 1.000000 0.000000 0.000000 1.000000 0.000000 0.000000 1.000000 0.000000 0.000000 1.000000 0.000000 0.000000 1.000000 0.000000 0.000000 1.000000 0.000000 0.000000 1.000000 0.000000 0.000000 1.000000 0.000000 0.000000 1.000000 0.000000 0.000000 1.000000 0.000000 0.000000 1.000000 0.000000 0.000000 1.000000 0.000000 0.000000 1.000000 0.000000 0.000000 1.000000 0.000000 0.000000 1.000000 0.000000 0.000000 1.000000 0.000000 0.000000 1.000000 0.000000 0.000000 1.000000 0.000000 0.000000 1.000000 0.000000 0.000000 1.000000 0.000000 0.000000 1.000000 0.000000 0.000000 1.000000 0.000000 0.000000 1.000000 0.000000 0.000000 1.000000 0.000000 0.000000 1.000000 0.000000 0.000000 1.000000 0.000000 0.000000 1.000000 0.000000 0.000000 1.000000 0.000000 0.000000 1.000000 0.000000 0.000000 1.000000 0.000000 0.000000 1.000000 0.000000 0.000000 1.000000 0.000000 0.000000 1.000000 0.000000 0.000000 1.000000 0.000000 0.000000 1.000000 0.000000 0.000000 1.000000 0.000000 0.000000 1.000000 0.000000 0.000000 1.000000 0.000000 0.000000 1.000000 0.000000 0.000000 1.000000 0.000000 0.000000 1.000000 0.000000 0.000000 1.000000 -0.434486 -0.247430 -0.866025 -0.450549 -0.216807 -0.866025 -0.450687 -0.216520 -0.866025 -0.464306 -0.185525 -0.866025 -0.464694 -0.184553 -0.866025 -0.475748 -0.153829 -0.866025 -0.476435 -0.151688 -0.866025 -0.484897 -0.121961 -0.866025 -0.485856 -0.118084 -0.866025 -0.491806 -0.090149 -0.866025 -0.492910 -0.083905 -0.866025 -0.496554 -0.058600 -0.866025 -0.497562 -0.049318 -0.866025 -0.499243 -0.027507 -0.866025 -0.499790 -0.014489 -0.866025 -0.499991 0.002963 -0.866025 -0.499584 0.020410 -0.866025 -0.498882 0.033420 -0.866025 -0.496943 0.055210 -0.866025 -0.495825 0.064480 -0.866025 -0.491881 0.089740 -0.866025 -0.490703 0.095970 -0.866025 -0.484423 0.123833 -0.866025 -0.483419 0.127699 -0.866025 -0.474605 0.157323 -0.866025 -0.473892 0.159456 -0.866025 -0.462474 0.190046 -0.866025 -0.462075 0.191013 -0.866025 -0.448090 0.221845 -0.866025 -0.447948 0.222131 -0.866025 -0.431524 0.252561 -0.866025 -0.220498 0.448754 -0.866025 -0.232116 0.442857 -0.866025 -0.247430 0.434486 -0.866025 -0.262443 0.425587 -0.866025 -0.273443 0.418604 -0.866025 -0.291491 0.406243 -0.866025 -0.299026 0.400729 -0.866025 -0.319119 0.384919 -0.866025 -0.323974 0.380842 -0.866025 -0.345192 0.361722 -0.866025 -0.348071 0.358953 -0.866025 -0.369584 0.336761 -0.866025 -0.371094 0.335095 -0.866025 -0.392174 0.310160 -0.866025 -0.392822 0.309339 -0.866025 -0.412855 0.282047 -0.866025 -0.413035 0.281783 -0.866025 -0.200658 0.457970 -0.866025 -0.192072 0.461637 -0.866025 -0.168223 0.470851 -0.866025 -0.162239 0.472947 -0.866025 -0.134969 0.481439 -0.866025 -0.131119 0.482502 -0.866025 -0.101056 0.489681 -0.866025 -0.098853 0.490130 -0.866025 -0.066652 0.495537 -0.866025 -0.065615 0.495676 -0.866025 -0.031922 0.498980 -0.866025 -0.031603 0.499000 -0.866025 0.002963 0.499991 -0.866025 -0.002963 -0.499991 -0.866025 -0.037514 -0.498591 -0.866025 -0.037832 -0.498567 -0.866025 -0.071484 -0.494863 -0.866025 -0.072519 -0.494713 -0.866025 -0.104654 -0.488925 -0.866025 -0.106852 -0.488449 -0.866025 -0.136826 -0.480914 -0.866025 -0.140664 -0.479806 -0.866025 -0.167832 -0.470991 -0.866025 -0.173791 -0.468825 -0.866025 -0.197528 -0.459328 -0.866025 -0.206071 -0.455560 -0.866025 -0.225800 -0.446110 -0.866025 -0.237347 -0.440075 -0.866025 -0.252561 -0.431524 -0.866025 -0.267467 -0.422446 -0.866025 -0.278384 -0.415334 -0.866025 -0.296284 -0.402760 -0.866025 -0.303753 -0.397157 -0.866025 -0.323658 -0.381111 -0.866025 -0.328464 -0.376976 -0.866025 -0.349454 -0.357606 -0.866025 -0.352300 -0.354802 -0.866025 -0.373548 -0.332358 -0.866025 -0.375040 -0.330675 -0.866025 -0.395822 -0.305491 -0.866025 -0.396460 -0.304662 -0.866025 -0.416168 -0.277135 -0.866025 -0.416345 -0.276870 -0.866025 0.431524 -0.252561 -0.866025 0.413035 -0.281783 -0.866025 0.412855 -0.282047 -0.866025 0.392822 -0.309339 -0.866025 0.392174 -0.310160 -0.866025 0.371094 -0.335095 -0.866025 0.369584 -0.336761 -0.866025 0.348071 -0.358953 -0.866025 0.345192 -0.361722 -0.866025 0.323974 -0.380842 -0.866025 0.319119 -0.384919 -0.866025 0.299026 -0.400729 -0.866025 0.291491 -0.406243 -0.866025 0.273443 -0.418604 -0.866025 0.262443 -0.425587 -0.866025 0.247430 -0.434486 -0.866025 0.232116 -0.442857 -0.866025 0.220498 -0.448754 -0.866025 0.200658 -0.457970 -0.866025 0.192072 -0.461637 -0.866025 0.168223 -0.470851 -0.866025 0.162239 -0.472947 -0.866025 0.134969 -0.481439 -0.866025 0.131119 -0.482502 -0.866025 0.101056 -0.489681 -0.866025 0.098853 -0.490130 -0.866025 0.066652 -0.495537 -0.866025 0.065615 -0.495676 -0.866025 0.031922 -0.498980 -0.866025 0.031603 -0.499000 -0.866025 0.278384 0.415334 -0.866025 0.267467 0.422446 -0.866025 0.252561 0.431524 -0.866025 0.237347 0.440075 -0.866025 0.225800 0.446110 -0.866025 0.206071 0.455560 -0.866025 0.197528 0.459328 -0.866025 0.173791 0.468825 -0.866025 0.167832 0.470991 -0.866025 0.140664 0.479806 -0.866025 0.136826 0.480914 -0.866025 0.106852 0.488449 -0.866025 0.104654 0.488925 -0.866025 0.072519 0.494713 -0.866025 0.071484 0.494863 -0.866025 0.037832 0.498567 -0.866025 0.037514 0.498591 -0.866025 0.296284 0.402760 -0.866025 0.303753 0.397157 -0.866025 0.323658 0.381111 -0.866025 0.328464 0.376976 -0.866025 0.349454 0.357606 -0.866025 0.352300 0.354802 -0.866025 0.373548 0.332358 -0.866025 0.375040 0.330675 -0.866025 0.395822 0.305491 -0.866025 0.396460 0.304662 -0.866025 0.416168 0.277135 -0.866025 0.416345 0.276870 -0.866025 0.434486 0.247430 -0.866025 0.498882 -0.033420 -0.866025 0.499584 -0.020410 -0.866025 0.499991 -0.002963 -0.866025 0.499790 0.014489 -0.866025 0.499243 0.027507 -0.866025 0.497562 0.049318 -0.866025 0.496554 0.058600 -0.866025 0.492910 0.083905 -0.866025 0.491806 0.090149 -0.866025 0.485856 0.118084 -0.866025 0.484897 0.121961 -0.866025 0.476435 0.151688 -0.866025 0.475748 0.153829 -0.866025 0.464694 0.184553 -0.866025 0.464306 0.185525 -0.866025 0.450687 0.216520 -0.866025 0.450549 0.216807 -0.866025 0.496943 -0.055210 -0.866025 0.495825 -0.064480 -0.866025 0.491881 -0.089740 -0.866025 0.490703 -0.095970 -0.866025 0.484423 -0.123833 -0.866025 0.483419 -0.127699 -0.866025 0.474605 -0.157323 -0.866025 0.473892 -0.159456 -0.866025 0.462474 -0.190046 -0.866025 0.462075 -0.191013 -0.866025 0.448090 -0.221845 -0.866025 0.447948 -0.222131 -0.866025 0.002963 0.499991 0.866025 -0.031603 0.499000 0.866025 -0.031922 0.498980 0.866025 -0.065615 0.495676 0.866025 -0.066652 0.495537 0.866025 -0.098853 0.490130 0.866025 -0.101056 0.489681 0.866025 -0.131119 0.482502 0.866025 -0.134969 0.481439 0.866025 -0.162239 0.472947 0.866025 -0.168223 0.470851 0.866025 -0.192072 0.461637 0.866025 -0.200658 0.457970 0.866025 -0.220498 0.448754 0.866025 -0.232116 0.442857 0.866025 -0.247430 0.434486 0.866025 -0.262443 0.425587 0.866025 -0.273443 0.418604 0.866025 -0.291491 0.406243 0.866025 -0.299026 0.400729 0.866025 -0.319119 0.384919 0.866025 -0.323974 0.380842 0.866025 -0.345192 0.361722 0.866025 -0.348071 0.358953 0.866025 -0.369584 0.336761 0.866025 -0.371094 0.335095 0.866025 -0.392174 0.310160 0.866025 -0.392822 0.309339 0.866025 -0.412855 0.282047 0.866025 -0.413035 0.281783 0.866025 -0.431524 0.252561 0.866025 -0.499243 -0.027507 0.866025 -0.499790 -0.014489 0.866025 -0.499991 0.002963 0.866025 -0.499584 0.020410 0.866025 -0.498882 0.033420 0.866025 -0.496943 0.055210 0.866025 -0.495825 0.064480 0.866025 -0.491881 0.089740 0.866025 -0.490703 0.095970 0.866025 -0.484423 0.123833 0.866025 -0.483419 0.127699 0.866025 -0.474605 0.157323 0.866025 -0.473892 0.159456 0.866025 -0.462474 0.190046 0.866025 -0.462075 0.191013 0.866025 -0.448090 0.221845 0.866025 -0.447948 0.222131 0.866025 -0.497562 -0.049318 0.866025 -0.496554 -0.058600 0.866025 -0.492910 -0.083905 0.866025 -0.491806 -0.090149 0.866025 -0.485856 -0.118084 0.866025 -0.484897 -0.121961 0.866025 -0.476435 -0.151688 0.866025 -0.475748 -0.153829 0.866025 -0.464694 -0.184553 0.866025 -0.464306 -0.185525 0.866025 -0.450687 -0.216520 0.866025 -0.450549 -0.216807 0.866025 -0.434486 -0.247430 0.866025 -0.225800 -0.446110 0.866025 -0.237347 -0.440075 0.866025 -0.252561 -0.431524 0.866025 -0.267467 -0.422446 0.866025 -0.278384 -0.415334 0.866025 -0.296284 -0.402760 0.866025 -0.303753 -0.397157 0.866025 -0.323658 -0.381111 0.866025 -0.328464 -0.376976 0.866025 -0.349454 -0.357606 0.866025 -0.352300 -0.354802 0.866025 -0.373548 -0.332358 0.866025 -0.375040 -0.330675 0.866025 -0.395822 -0.305491 0.866025 -0.396460 -0.304662 0.866025 -0.416168 -0.277135 0.866025 -0.416345 -0.276870 0.866025 -0.206071 -0.455560 0.866025 -0.197528 -0.459328 0.866025 -0.173791 -0.468825 0.866025 -0.167832 -0.470991 0.866025 -0.140664 -0.479806 0.866025 -0.136826 -0.480914 0.866025 -0.106852 -0.488449 0.866025 -0.104654 -0.488925 0.866025 -0.072519 -0.494713 0.866025 -0.071484 -0.494863 0.866025 -0.037832 -0.498567 0.866025 -0.037514 -0.498591 0.866025 -0.002963 -0.499991 0.866025 0.434486 0.247430 0.866025 0.416345 0.276870 0.866025 0.416168 0.277135 0.866025 0.396460 0.304662 0.866025 0.395822 0.305491 0.866025 0.375040 0.330675 0.866025 0.373548 0.332358 0.866025 0.352300 0.354802 0.866025 0.349454 0.357606 0.866025 0.328464 0.376976 0.866025 0.323658 0.381111 0.866025 0.303753 0.397157 0.866025 0.296284 0.402760 0.866025 0.278384 0.415334 0.866025 0.267467 0.422446 0.866025 0.252561 0.431524 0.866025 0.237347 0.440075 0.866025 0.225800 0.446110 0.866025 0.206071 0.455560 0.866025 0.197528 0.459328 0.866025 0.173791 0.468825 0.866025 0.167832 0.470991 0.866025 0.140664 0.479806 0.866025 0.136826 0.480914 0.866025 0.106852 0.488449 0.866025 0.104654 0.488925 0.866025 0.072519 0.494713 0.866025 0.071484 0.494863 0.866025 0.037832 0.498567 0.866025 0.037514 0.498591 0.866025 0.273443 -0.418604 0.866025 0.262443 -0.425587 0.866025 0.247430 -0.434486 0.866025 0.232116 -0.442857 0.866025 0.220498 -0.448754 0.866025 0.200658 -0.457970 0.866025 0.192072 -0.461637 0.866025 0.168223 -0.470851 0.866025 0.162239 -0.472947 0.866025 0.134969 -0.481439 0.866025 0.131119 -0.482502 0.866025 0.101056 -0.489681 0.866025 0.098853 -0.490130 0.866025 0.066652 -0.495537 0.866025 0.065615 -0.495676 0.866025 0.031922 -0.498980 0.866025 0.031603 -0.499000 0.866025 0.291491 -0.406243 0.866025 0.299026 -0.400729 0.866025 0.319119 -0.384919 0.866025 0.323974 -0.380842 0.866025 0.345192 -0.361722 0.866025 0.348071 -0.358953 0.866025 0.369584 -0.336761 0.866025 0.371094 -0.335095 0.866025 0.392174 -0.310160 0.866025 0.392822 -0.309339 0.866025 0.412855 -0.282047 0.866025 0.413035 -0.281783 0.866025 0.431524 -0.252561 0.866025 0.499243 0.027507 0.866025 0.499790 0.014489 0.866025 0.499991 -0.002963 0.866025 0.499584 -0.020410 0.866025 0.498882 -0.033420 0.866025 0.496943 -0.055210 0.866025 0.495825 -0.064480 0.866025 0.491881 -0.089740 0.866025 0.490703 -0.095970 0.866025 0.484423 -0.123833 0.866025 0.483419 -0.127699 0.866025 0.474605 -0.157323 0.866025 0.473892 -0.159456 0.866025 0.462474 -0.190046 0.866025 0.462075 -0.191013 0.866025 0.448090 -0.221845 0.866025 0.447948 -0.222131 0.866025 0.497562 0.049318 0.866025 0.496554 0.058600 0.866025 0.492910 0.083905 0.866025 0.491806 0.090149 0.866025 0.485856 0.118084 0.866025 0.484897 0.121961 0.866025 0.476435 0.151688 0.866025 0.475748 0.153829 0.866025 0.464694 0.184553 0.866025 0.464306 0.185525 0.866025 0.450687 0.216520 0.866025 0.450549 0.216807 0.866025 0.868972 0.494860 0.000000 0.868972 0.494860 0.000000 0.868972 0.494860 0.000000 0.868972 0.494860 0.000000 0.868972 0.494860 0.000000 0.868972 0.494860 0.000000 0.868972 0.494860 0.000000 0.868972 0.494860 0.000000 0.868972 0.494860 0.000000 0.868972 0.494860 0.000000 0.868972 0.494860 0.000000 0.868972 0.494860 0.000000 0.868972 0.494860 0.000000 0.868972 0.494860 0.000000 0.868972 0.494860 0.000000 0.868972 0.494860 0.000000 0.868972 0.494860 0.000000 0.868972 0.494860 0.000000 0.868972 0.494860 0.000000 0.868972 0.494860 0.000000 0.868972 0.494860 0.000000 0.868972 0.494860 0.000000 0.868972 0.494860 0.000000 0.868972 0.494860 0.000000 0.868972 0.494860 0.000000 0.868972 0.494860 0.000000 0.868972 0.494860 0.000000 0.868972 0.494860 0.000000 0.868972 0.494860 0.000000 0.868972 0.494860 0.000000 0.868972 0.494860 0.000000 0.868972 0.494860 0.000000 0.868972 0.494860 0.000000 0.868972 0.494860 0.000000 0.005925 0.999982 0.000000 0.005925 0.999982 0.000000 0.005925 0.999982 0.000000 0.005925 0.999982 0.000000 0.005925 0.999982 0.000000 0.005925 0.999982 0.000000 0.005925 0.999982 0.000000 0.005925 0.999982 0.000000 0.005925 0.999982 0.000000 0.005925 0.999982 0.000000 0.005925 0.999982 0.000000 0.005925 0.999982 0.000000 0.005925 0.999982 0.000000 0.005925 0.999982 0.000000 0.005925 0.999982 0.000000 0.005925 0.999982 0.000000 0.005925 0.999982 0.000000 0.005925 0.999982 0.000000 0.005925 0.999982 0.000000 0.005925 0.999982 0.000000 0.005925 0.999982 0.000000 0.005925 0.999982 0.000000 0.005925 0.999982 0.000000 0.005925 0.999982 0.000000 0.005925 0.999982 0.000000 0.005925 0.999982 0.000000 0.005925 0.999982 0.000000 0.005925 0.999982 0.000000 0.005925 0.999982 0.000000 0.005925 0.999982 0.000000 0.005925 0.999982 0.000000 0.005925 0.999982 0.000000 0.005925 0.999982 0.000000 0.005925 0.999982 0.000000 -0.863048 0.505122 0.000000 -0.863048 0.505122 0.000000 -0.863048 0.505122 0.000000 -0.863048 0.505122 0.000000 -0.863048 0.505122 0.000000 -0.863048 0.505122 0.000000 -0.863048 0.505122 0.000000 -0.863048 0.505122 0.000000 -0.863048 0.505122 0.000000 -0.863048 0.505122 0.000000 -0.863048 0.505122 0.000000 -0.863048 0.505122 0.000000 -0.863048 0.505122 0.000000 -0.863048 0.505122 0.000000 -0.863048 0.505122 0.000000 -0.863048 0.505122 0.000000 -0.863048 0.505122 0.000000 -0.863048 0.505122 0.000000 -0.863048 0.505122 0.000000 -0.863048 0.505122 0.000000 -0.863048 0.505122 0.000000 -0.863048 0.505122 0.000000 -0.863048 0.505122 0.000000 -0.863048 0.505122 0.000000 -0.863048 0.505122 0.000000 -0.863048 0.505122 0.000000 -0.863048 0.505122 0.000000 -0.863048 0.505122 0.000000 -0.863048 0.505122 0.000000 -0.863048 0.505122 0.000000 -0.863048 0.505122 0.000000 -0.863048 0.505122 0.000000 -0.863048 0.505122 0.000000 -0.863048 0.505122 0.000000 0.403268 -0.295592 0.866025 0.431524 -0.252561 0.866025 0.431524 -0.252561 0.866025 0.455205 -0.206853 0.866025 0.474062 -0.158952 0.866025 0.455560 -0.206071 0.866025 0.487893 -0.109366 0.866025 0.474605 -0.157323 0.866025 0.496551 -0.058620 0.866025 0.488449 -0.106852 0.866025 0.499948 -0.007254 0.866025 0.496943 -0.055210 0.866025 0.498044 0.044190 0.866025 0.499991 -0.002963 0.866025 0.490860 0.095165 0.866025 0.497562 0.049318 0.866025 0.478474 0.145131 0.866025 0.489681 0.101056 0.866025 0.461015 0.193559 0.866025 0.476435 0.151688 0.866025 0.438669 0.239935 0.866025 0.457970 0.200658 0.866025 0.411674 0.283768 0.866025 0.434486 0.247430 0.866025 0.380315 0.324593 0.866025 0.406243 0.291491 0.866025 0.344925 0.361976 0.866025 0.373548 0.332358 0.866025 0.305877 0.395523 0.866025 0.336761 0.369584 0.866025 0.263588 0.424878 0.866025 0.296284 0.402760 0.866025 0.218505 0.449729 0.866025 0.252561 0.431524 0.866025 0.171106 0.469812 0.866025 0.206071 0.455560 0.866025 0.121892 0.484915 0.866025 0.157323 0.474605 0.866025 0.071386 0.494878 0.866025 0.106852 0.488449 0.866025 0.020124 0.499594 0.866025 0.055210 0.496943 0.866025 -0.031351 0.499017 0.866025 0.002963 0.499991 0.866025 -0.082495 0.493148 0.866025 -0.049318 0.497562 0.866025 -0.132763 0.482052 0.866025 -0.101056 0.489681 0.866025 -0.181625 0.465846 0.866025 -0.151688 0.476435 0.866025 -0.228561 0.444702 0.866025 -0.200658 0.457970 0.866025 -0.273074 0.418845 0.866025 -0.247430 0.434486 0.866025 -0.314692 0.388546 0.866025 -0.291491 0.406243 0.866025 -0.352975 0.354131 0.866025 -0.332358 0.373548 0.866025 -0.387517 0.315960 0.866025 -0.369584 0.336761 0.866025 -0.417950 0.274440 0.866025 -0.402760 0.296284 0.866025 -0.443953 0.230012 0.866025 -0.431524 0.252561 0.866025 -0.465250 0.183145 0.866025 -0.455560 0.206071 0.866025 -0.481616 0.134337 0.866025 -0.474605 0.157323 0.866025 -0.492875 0.084105 0.866025 -0.488449 0.106852 0.866025 -0.498912 0.032981 0.866025 -0.496943 0.055210 0.866025 -0.499658 -0.018492 0.866025 -0.499991 0.002963 0.866025 -0.495108 -0.069770 0.866025 -0.497562 -0.049318 0.866025 -0.485310 -0.120307 0.866025 -0.489681 -0.101056 0.866025 -0.470368 -0.169569 0.866025 -0.476435 -0.151688 0.866025 -0.450440 -0.217035 0.866025 -0.457970 -0.200658 0.866025 -0.425736 -0.262199 0.866025 -0.434486 -0.247430 0.866025 -0.396521 -0.304584 0.866025 -0.406243 -0.291491 0.866025 -0.363101 -0.343740 0.866025 -0.373548 -0.332358 0.866025 -0.325833 -0.379253 0.866025 -0.336761 -0.369584 0.866025 -0.285111 -0.410745 0.866025 -0.296284 -0.402760 0.866025 -0.241366 -0.437884 0.866025 -0.252561 -0.431524 0.866025 -0.195064 -0.460380 0.866025 -0.206071 -0.455560 0.866025 -0.146693 -0.477997 0.866025 -0.157323 -0.474605 0.866025 -0.096768 -0.490547 0.866025 -0.106852 -0.488449 0.866025 -0.045816 -0.497896 0.866025 -0.055210 -0.496943 0.866025 0.005621 -0.499968 0.866025 -0.002963 -0.499991 0.866025 0.056998 -0.496741 0.866025 0.049318 -0.497562 0.866025 0.107772 -0.488248 0.866025 0.101056 -0.489681 0.866025 0.157403 -0.474578 0.866025 0.151688 -0.476435 0.866025 0.205365 -0.455879 0.866025 0.200658 -0.457970 0.866025 0.251151 -0.432347 0.866025 0.247430 -0.434486 0.866025 0.294273 -0.404231 0.866025 0.291491 -0.406243 0.866025 0.334278 -0.371831 0.866025 0.332358 -0.373548 0.866025 0.370738 -0.335490 0.866025 0.369584 -0.336761 0.866025 0.402760 -0.296284 0.866025 -0.566773 -0.823874 -0.000000 -0.566773 -0.823874 -0.000000 -0.505122 -0.863048 -0.000000 -0.505122 -0.863048 -0.000000 -0.440776 -0.897617 -0.000000 -0.440776 -0.897617 -0.000000 -0.374079 -0.927397 -0.000000 -0.374079 -0.927397 -0.000000 -0.305385 -0.952229 -0.000000 -0.305385 -0.952229 -0.000000 -0.235062 -0.971981 -0.000000 -0.235062 -0.971981 -0.000000 -0.163485 -0.986546 -0.000000 -0.163485 -0.986546 -0.000000 -0.091035 -0.995848 -0.000000 -0.091035 -0.995848 -0.000000 -0.018100 -0.999836 -0.000000 -0.018100 -0.999836 -0.000000 0.054931 -0.998490 -0.000000 0.054931 -0.998490 -0.000000 0.127670 -0.991816 -0.000000 0.127670 -0.991816 -0.000000 0.199727 -0.979852 -0.000000 0.199727 -0.979852 -0.000000 0.270718 -0.962658 -0.000000 0.270718 -0.962658 -0.000000 0.340266 -0.940329 -0.000000 0.340266 -0.940329 -0.000000 0.407998 -0.912983 -0.000000 0.407998 -0.912983 -0.000000 0.473553 -0.880765 -0.000000 0.473553 -0.880765 -0.000000 0.536582 -0.843848 -0.000000 0.536582 -0.843848 -0.000000 0.596747 -0.802430 -0.000000 0.596747 -0.802430 -0.000000 0.653729 -0.756729 -0.000000 0.653729 -0.756729 -0.000000 0.707223 -0.706991 -0.000000 0.707223 -0.706991 -0.000000 0.756943 -0.653482 -0.000000 0.756943 -0.653482 -0.000000 0.802625 -0.596484 -0.000000 0.802625 -0.596484 -0.000000 0.844024 -0.536306 -0.000000 0.844024 -0.536306 -0.000000 0.880920 -0.473265 -0.000000 0.880920 -0.473265 -0.000000 0.913116 -0.407700 -0.000000 0.913116 -0.407700 -0.000000 0.940441 -0.339959 0.000000 0.940441 -0.339959 0.000000 0.962747 -0.270404 0.000000 0.962747 -0.270404 0.000000 0.979917 -0.199407 0.000000 0.979917 -0.199407 0.000000 0.991858 -0.127345 0.000000 0.991858 -0.127345 0.000000 0.998508 -0.054605 0.000000 0.998508 -0.054605 0.000000 0.999830 0.018427 0.000000 0.999830 0.018427 0.000000 0.995818 0.091361 0.000000 0.995818 0.091361 0.000000 0.986492 0.163808 0.000000 0.986492 0.163808 0.000000 0.971903 0.235380 0.000000 0.971903 0.235380 0.000000 0.952129 0.305696 0.000000 0.952129 0.305696 0.000000 0.927275 0.374381 0.000000 0.927275 0.374381 0.000000 0.897473 0.441070 0.000000 0.897473 0.441070 0.000000 0.862883 0.505404 0.000000 0.862883 0.505404 0.000000 0.823689 0.567042 0.000000 0.823689 0.567042 0.000000 0.780100 0.625655 0.000000 0.780100 0.625655 0.000000 0.732349 0.680930 0.000000 0.732349 0.680930 0.000000 0.680690 0.732571 0.000000 0.680690 0.732571 0.000000 0.625400 0.780304 0.000000 0.625400 0.780304 0.000000 0.566773 0.823874 0.000000 0.566773 0.823874 0.000000 0.505122 0.863048 0.000000 0.505122 0.863048 0.000000 0.440776 0.897617 0.000000 0.440776 0.897617 0.000000 0.374079 0.927397 0.000000 0.374079 0.927397 0.000000 0.305385 0.952229 0.000000 0.305385 0.952229 0.000000 0.235062 0.971981 0.000000 0.235062 0.971981 0.000000 0.163485 0.986546 0.000000 0.163485 0.986546 0.000000 0.091035 0.995848 0.000000 0.091035 0.995848 0.000000 0.018100 0.999836 0.000000 0.018100 0.999836 0.000000 -0.054931 0.998490 0.000000 -0.054931 0.998490 0.000000 -0.127670 0.991816 0.000000 -0.127670 0.991816 0.000000 -0.199727 0.979852 0.000000 -0.199727 0.979852 0.000000 -0.270718 0.962658 0.000000 -0.270718 0.962658 0.000000 -0.340266 0.940329 0.000000 -0.340266 0.940329 0.000000 -0.407998 0.912983 0.000000 -0.407998 0.912983 0.000000 -0.473553 0.880765 0.000000 -0.473553 0.880765 0.000000 -0.536582 0.843848 0.000000 -0.536582 0.843848 0.000000 -0.596747 0.802430 0.000000 -0.596747 0.802430 0.000000 -0.653729 0.756729 0.000000 -0.653729 0.756729 0.000000 -0.707223 0.706991 0.000000 -0.707223 0.706991 0.000000 -0.756943 0.653482 0.000000 -0.756943 0.653482 0.000000 -0.802625 0.596484 0.000000 -0.802625 0.596484 0.000000 -0.844024 0.536306 0.000000 -0.844024 0.536306 0.000000 -0.880920 0.473265 0.000000 -0.880920 0.473265 0.000000 -0.913116 0.407700 0.000000 -0.913116 0.407700 0.000000 -0.940441 0.339959 -0.000000 -0.940441 0.339959 -0.000000 -0.962747 0.270404 -0.000000 -0.962747 0.270404 -0.000000 -0.979917 0.199407 -0.000000 -0.979917 0.199407 -0.000000 -0.991858 0.127345 -0.000000 -0.991858 0.127345 -0.000000 -0.998508 0.054605 -0.000000 -0.998508 0.054605 -0.000000 -0.999830 -0.018427 -0.000000 -0.999830 -0.018427 -0.000000 -0.995818 -0.091361 -0.000000 -0.995818 -0.091361 -0.000000 -0.986492 -0.163808 -0.000000 -0.986492 -0.163808 -0.000000 -0.971903 -0.235380 -0.000000 -0.971903 -0.235380 -0.000000 -0.952129 -0.305696 -0.000000 -0.952129 -0.305696 -0.000000 -0.927275 -0.374381 -0.000000 -0.927275 -0.374381 -0.000000 -0.897473 -0.441070 -0.000000 -0.897473 -0.441070 -0.000000 -0.862883 -0.505404 -0.000000 -0.862883 -0.505404 -0.000000 -0.823689 -0.567042 -0.000000 -0.823689 -0.567042 -0.000000 -0.780100 -0.625655 -0.000000 -0.780100 -0.625655 -0.000000 -0.732349 -0.680930 -0.000000 -0.732349 -0.680930 -0.000000 -0.680690 -0.732571 -0.000000 -0.680690 -0.732571 -0.000000 -0.625400 -0.780304 -0.000000 -0.625400 -0.780304 -0.000000 -0.565329 -0.821775 -0.071339 -0.503835 -0.860849 -0.071339 -0.439653 -0.895330 -0.071339 -0.373126 -0.925034 -0.071339 -0.304607 -0.949803 -0.071339 -0.234463 -0.969504 -0.071339 -0.163068 -0.984032 -0.071339 -0.090804 -0.993310 -0.071339 -0.018055 -0.997289 -0.071339 0.054791 -0.995946 -0.071339 0.127345 -0.989290 -0.071339 0.199218 -0.977356 -0.071339 0.270029 -0.960206 -0.071339 0.339399 -0.937933 -0.071339 0.406959 -0.910657 -0.071339 0.472346 -0.878521 -0.071339 0.535214 -0.841698 -0.071339 0.595226 -0.800385 -0.071339 0.652063 -0.754801 -0.071339 0.705421 -0.705190 -0.071339 0.755014 -0.651816 -0.071339 0.800579 -0.594965 -0.071339 0.841874 -0.534939 -0.071339 0.878676 -0.472059 -0.071339 0.910790 -0.406660 -0.071339 0.938044 -0.339092 -0.071339 0.960294 -0.269715 -0.071339 0.977420 -0.198898 -0.071339 0.989331 -0.127021 -0.071339 0.995964 -0.054466 -0.071339 0.997283 0.018381 -0.071339 0.993281 0.091128 -0.071339 0.983979 0.163390 -0.071339 0.969427 0.234780 -0.071339 0.949704 0.304918 -0.071339 0.924913 0.373428 -0.071339 0.895186 0.439946 -0.071339 0.860684 0.504117 -0.071339 0.821590 0.565598 -0.071339 0.778112 0.624061 -0.071339 0.730483 0.679195 -0.071339 0.678956 0.730705 -0.071339 0.623807 0.778316 -0.071339 0.565329 0.821775 -0.071339 0.503835 0.860849 -0.071339 0.439653 0.895330 -0.071339 0.373126 0.925034 -0.071339 0.304607 0.949803 -0.071339 0.234463 0.969504 -0.071339 0.163068 0.984032 -0.071339 0.090804 0.993310 -0.071339 0.018055 0.997289 -0.071339 -0.054791 0.995946 -0.071339 -0.127345 0.989290 -0.071339 -0.199218 0.977356 -0.071339 -0.270029 0.960206 -0.071339 -0.339399 0.937933 -0.071339 -0.406959 0.910657 -0.071339 -0.472346 0.878521 -0.071339 -0.535214 0.841698 -0.071339 -0.595226 0.800385 -0.071339 -0.652063 0.754801 -0.071339 -0.705421 0.705190 -0.071339 -0.755014 0.651816 -0.071339 -0.800579 0.594965 -0.071339 -0.841874 0.534939 -0.071339 -0.878676 0.472059 -0.071339 -0.910790 0.406660 -0.071339 -0.938044 0.339092 -0.071339 -0.960294 0.269715 -0.071339 -0.977420 0.198898 -0.071339 -0.989331 0.127021 -0.071339 -0.995964 0.054466 -0.071339 -0.997283 -0.018381 -0.071339 -0.993281 -0.091128 -0.071339 -0.983979 -0.163390 -0.071339 -0.969427 -0.234780 -0.071339 -0.949704 -0.304918 -0.071339 -0.924913 -0.373428 -0.071339 -0.895186 -0.439946 -0.071339 -0.860684 -0.504117 -0.071339 -0.821590 -0.565598 -0.071339 -0.778112 -0.624061 -0.071339 -0.730483 -0.679195 -0.071339 -0.678956 -0.730705 -0.071339 -0.623807 -0.778316 -0.071339 0.036035 0.061569 -0.997452 -0.000000 -0.000000 -1.000000 0.031445 0.064035 -0.997452 0.026687 0.066160 -0.997452 0.021786 0.067931 -0.997452 0.016769 0.069340 -0.997452 0.011663 0.070380 -0.997452 0.006495 0.071043 -0.997452 0.001291 0.071327 -0.997452 -0.003919 0.071232 -0.997452 -0.009108 0.070756 -0.997452 -0.014249 0.069901 -0.997452 -0.019312 0.068675 -0.997452 -0.024274 0.067083 -0.997452 -0.029106 0.065131 -0.997452 -0.033783 0.062833 -0.997452 -0.038279 0.060199 -0.997452 -0.042572 0.057245 -0.997452 -0.046636 0.053984 -0.997452 -0.050452 0.050436 -0.997452 -0.054000 0.046619 -0.997452 -0.057259 0.042552 -0.997452 -0.060213 0.038259 -0.997452 -0.062844 0.033763 -0.997452 -0.065141 0.029085 -0.997452 -0.067091 0.024252 -0.997452 -0.068681 0.019290 -0.997452 -0.069906 0.014225 -0.997452 -0.070759 0.009085 -0.997452 -0.071233 0.003896 -0.997452 -0.071327 -0.001314 -0.997452 -0.071040 -0.006518 -0.997452 -0.070376 -0.011686 -0.997452 -0.069335 -0.016792 -0.997452 -0.067924 -0.021808 -0.997452 -0.066151 -0.026708 -0.997452 -0.064025 -0.031466 -0.997452 -0.061557 -0.036055 -0.997452 -0.058761 -0.040453 -0.997452 -0.055652 -0.044634 -0.997452 -0.052245 -0.048576 -0.997452 -0.048559 -0.052261 -0.997452 -0.044616 -0.055666 -0.997452 -0.040433 -0.058775 -0.997452 -0.036035 -0.061569 -0.997452 -0.031445 -0.064035 -0.997452 -0.026687 -0.066160 -0.997452 -0.021786 -0.067931 -0.997452 -0.016769 -0.069340 -0.997452 -0.011663 -0.070380 -0.997452 -0.006495 -0.071043 -0.997452 -0.001291 -0.071327 -0.997452 0.003919 -0.071232 -0.997452 0.009108 -0.070756 -0.997452 0.014249 -0.069901 -0.997452 0.019312 -0.068675 -0.997452 0.024274 -0.067083 -0.997452 0.029106 -0.065131 -0.997452 0.033783 -0.062833 -0.997452 0.038279 -0.060199 -0.997452 0.042572 -0.057245 -0.997452 0.046636 -0.053984 -0.997452 0.050452 -0.050436 -0.997452 0.054000 -0.046619 -0.997452 0.057259 -0.042552 -0.997452 0.060213 -0.038259 -0.997452 0.062844 -0.033763 -0.997452 0.065141 -0.029085 -0.997452 0.067091 -0.024252 -0.997452 0.068681 -0.019290 -0.997452 0.069906 -0.014225 -0.997452 0.070759 -0.009085 -0.997452 0.071233 -0.003896 -0.997452 0.071327 0.001314 -0.997452 0.071040 0.006518 -0.997452 0.070376 0.011686 -0.997452 0.069335 0.016792 -0.997452 0.067924 0.021808 -0.997452 0.066151 0.026708 -0.997452 0.064025 0.031466 -0.997452 0.061557 0.036055 -0.997452 0.058761 0.040453 -0.997452 0.055652 0.044634 -0.997452 0.052245 0.048576 -0.997452 0.048559 0.052261 -0.997452 0.044616 0.055666 -0.997452 0.040433 0.058775 -0.997452 0.499981 0.854263 -0.142315 0.436290 0.888480 -0.142315 0.370271 0.917957 -0.142315 0.302277 0.942537 -0.142315 0.232669 0.962087 -0.142315 0.161821 0.976504 -0.142315 0.090109 0.985711 -0.142315 0.017917 0.989659 -0.142315 -0.054372 0.988327 -0.142315 -0.126370 0.981721 -0.142315 -0.197694 0.969877 -0.142315 -0.267963 0.952860 -0.142315 -0.336802 0.930758 -0.142315 -0.403846 0.903690 -0.142315 -0.468733 0.871801 -0.142315 -0.531120 0.835259 -0.142315 -0.590673 0.794262 -0.142315 -0.647074 0.749026 -0.142315 -0.700024 0.699795 -0.142315 -0.749238 0.646829 -0.142315 -0.794455 0.590413 -0.142315 -0.835433 0.530846 -0.142315 -0.871953 0.468448 -0.142315 -0.903822 0.403549 -0.142315 -0.930868 0.336498 -0.142315 -0.952948 0.267652 -0.142315 -0.969942 0.197377 -0.142315 -0.981763 0.126049 -0.142315 -0.988345 0.054049 -0.142315 -0.989654 -0.018240 -0.142315 -0.985682 -0.090431 -0.142315 -0.976451 -0.162140 -0.142315 -0.962011 -0.232984 -0.142315 -0.942437 -0.302585 -0.142315 -0.917836 -0.370571 -0.142315 -0.888338 -0.436580 -0.142315 -0.854099 -0.500260 -0.142315 -0.815304 -0.561271 -0.142315 -0.772159 -0.619287 -0.142315 -0.724895 -0.673999 -0.142315 -0.673762 -0.725115 -0.142315 -0.619034 -0.772362 -0.142315 -0.561004 -0.815488 -0.142315 -0.499981 -0.854263 -0.142315 -0.436290 -0.888480 -0.142315 -0.370271 -0.917957 -0.142315 -0.302277 -0.942537 -0.142315 -0.232669 -0.962087 -0.142315 -0.161821 -0.976504 -0.142315 -0.090109 -0.985711 -0.142315 -0.017917 -0.989659 -0.142315 0.054372 -0.988327 -0.142315 0.126370 -0.981721 -0.142315 0.197694 -0.969877 -0.142315 0.267963 -0.952860 -0.142315 0.336802 -0.930758 -0.142315 0.403846 -0.903690 -0.142315 0.468733 -0.871801 -0.142315 0.531120 -0.835259 -0.142315 0.590673 -0.794262 -0.142315 0.647074 -0.749026 -0.142315 0.700024 -0.699795 -0.142315 0.749238 -0.646829 -0.142315 0.794455 -0.590413 -0.142315 0.835433 -0.530846 -0.142315 0.871953 -0.468448 -0.142315 0.903822 -0.403549 -0.142315 0.930868 -0.336498 -0.142315 0.952948 -0.267652 -0.142315 0.969942 -0.197377 -0.142315 0.981763 -0.126049 -0.142315 0.988345 -0.054049 -0.142315 0.989654 0.018240 -0.142315 0.985682 0.090431 -0.142315 0.976451 0.162140 -0.142315 0.962011 0.232984 -0.142315 0.942437 0.302585 -0.142315 0.917836 0.370571 -0.142315 0.888338 0.436580 -0.142315 0.854099 0.500260 -0.142315 0.815304 0.561271 -0.142315 0.772159 0.619287 -0.142315 0.724895 0.673999 -0.142315 0.673762 0.725115 -0.142315 0.619034 0.772362 -0.142315 0.561004 0.815488 -0.142315 0.493579 0.843325 -0.212565 0.430703 0.877103 -0.212565 0.365530 0.906203 -0.212565 0.298406 0.930467 -0.212565 0.229690 0.949767 -0.212565 0.159749 0.964000 -0.212565 0.088955 0.973090 -0.212565 0.017687 0.976986 -0.212565 -0.053676 0.975671 -0.212565 -0.124752 0.969150 -0.212565 -0.195162 0.957459 -0.212565 -0.264532 0.940658 -0.212565 -0.332490 0.918839 -0.212565 -0.398674 0.892119 -0.212565 -0.462731 0.860637 -0.212565 -0.524319 0.824564 -0.212565 -0.583109 0.784091 -0.212565 -0.638789 0.739436 -0.212565 -0.691060 0.690834 -0.212565 -0.739644 0.638547 -0.212565 -0.784282 0.582853 -0.212565 -0.824736 0.524049 -0.212565 -0.860788 0.462450 -0.212565 -0.892249 0.398382 -0.212565 -0.918949 0.332190 -0.212565 -0.940745 0.264225 -0.212565 -0.957523 0.194849 -0.212565 -0.969191 0.124435 -0.212565 -0.975689 0.053357 -0.212565 -0.976981 -0.018006 -0.212565 -0.973061 -0.089273 -0.212565 -0.963948 -0.160064 -0.212565 -0.949692 -0.230001 -0.212565 -0.930370 -0.298711 -0.212565 -0.906083 -0.365826 -0.212565 -0.876962 -0.430990 -0.212565 -0.843163 -0.493854 -0.212565 -0.804865 -0.554084 -0.212565 -0.762272 -0.611357 -0.212565 -0.715612 -0.665368 -0.212565 -0.665134 -0.715829 -0.212565 -0.611108 -0.762472 -0.212565 -0.553820 -0.805046 -0.212565 -0.493579 -0.843325 -0.212565 -0.430703 -0.877103 -0.212565 -0.365530 -0.906203 -0.212565 -0.298406 -0.930467 -0.212565 -0.229690 -0.949767 -0.212565 -0.159749 -0.964000 -0.212565 -0.088955 -0.973090 -0.212565 -0.017687 -0.976986 -0.212565 0.053676 -0.975671 -0.212565 0.124752 -0.969150 -0.212565 0.195162 -0.957459 -0.212565 0.264532 -0.940658 -0.212565 0.332490 -0.918839 -0.212565 0.398674 -0.892119 -0.212565 0.462731 -0.860637 -0.212565 0.524319 -0.824564 -0.212565 0.583109 -0.784091 -0.212565 0.638789 -0.739436 -0.212565 0.691060 -0.690834 -0.212565 0.739644 -0.638547 -0.212565 0.784282 -0.582853 -0.212565 0.824736 -0.524049 -0.212565 0.860788 -0.462450 -0.212565 0.892249 -0.398382 -0.212565 0.918949 -0.332190 -0.212565 0.940745 -0.264225 -0.212565 0.957523 -0.194849 -0.212565 0.969191 -0.124435 -0.212565 0.975689 -0.053357 -0.212565 0.976981 0.018006 -0.212565 0.973061 0.089273 -0.212565 0.963948 0.160064 -0.212565 0.949692 0.230001 -0.212565 0.930370 0.298711 -0.212565 0.906083 0.365826 -0.212565 0.876962 0.430990 -0.212565 0.843163 0.493854 -0.212565 0.804865 0.554084 -0.212565 0.762272 0.611357 -0.212565 0.715612 0.665368 -0.212565 0.665134 0.715829 -0.212565 0.611108 0.762472 -0.212565 0.553820 0.805046 -0.212565 0.484661 0.828088 -0.281733 0.422922 0.861257 -0.281733 0.358926 0.889831 -0.281733 0.293015 0.913657 -0.281733 0.225540 0.932608 -0.281733 0.156862 0.946584 -0.281733 0.087348 0.955509 -0.281733 0.017367 0.959336 -0.281733 -0.052706 0.958044 -0.281733 -0.122498 0.951641 -0.281733 -0.191637 0.940161 -0.281733 -0.259753 0.923664 -0.281733 -0.326483 0.902240 -0.281733 -0.391471 0.876001 -0.281733 -0.454371 0.845089 -0.281733 -0.514846 0.809667 -0.281733 -0.572575 0.769925 -0.281733 -0.627248 0.726076 -0.281733 -0.678575 0.678353 -0.281733 -0.726281 0.627010 -0.281733 -0.770113 0.572323 -0.281733 -0.809835 0.514582 -0.281733 -0.845237 0.454094 -0.281733 -0.876129 0.391185 -0.281733 -0.902345 0.326188 -0.281733 -0.923749 0.259451 -0.281733 -0.940223 0.191330 -0.281733 -0.951681 0.122187 -0.281733 -0.958062 0.052393 -0.281733 -0.959331 -0.017681 -0.281733 -0.955481 -0.087661 -0.281733 -0.946533 -0.157172 -0.281733 -0.932534 -0.225845 -0.281733 -0.913562 -0.293314 -0.281733 -0.889713 -0.359216 -0.281733 -0.861119 -0.423203 -0.281733 -0.827930 -0.484932 -0.281733 -0.790323 -0.544073 -0.281733 -0.748501 -0.600312 -0.281733 -0.702683 -0.653347 -0.281733 -0.653118 -0.702897 -0.281733 -0.600067 -0.748697 -0.281733 -0.543814 -0.790501 -0.281733 -0.484661 -0.828088 -0.281733 -0.422922 -0.861257 -0.281733 -0.358926 -0.889831 -0.281733 -0.293015 -0.913657 -0.281733 -0.225540 -0.932608 -0.281733 -0.156862 -0.946584 -0.281733 -0.087348 -0.955509 -0.281733 -0.017367 -0.959336 -0.281733 0.052706 -0.958044 -0.281733 0.122498 -0.951641 -0.281733 0.191637 -0.940161 -0.281733 0.259753 -0.923664 -0.281733 0.326483 -0.902240 -0.281733 0.391471 -0.876001 -0.281733 0.454371 -0.845089 -0.281733 0.514846 -0.809667 -0.281733 0.572575 -0.769925 -0.281733 0.627248 -0.726076 -0.281733 0.678575 -0.678353 -0.281733 0.726281 -0.627010 -0.281733 0.770113 -0.572323 -0.281733 0.809835 -0.514582 -0.281733 0.845237 -0.454094 -0.281733 0.876129 -0.391185 -0.281733 0.902345 -0.326188 -0.281733 0.923749 -0.259451 -0.281733 0.940223 -0.191330 -0.281733 0.951681 -0.122187 -0.281733 0.958062 -0.052393 -0.281733 0.959331 0.017681 -0.281733 0.955481 0.087661 -0.281733 0.946533 0.157172 -0.281733 0.932534 0.225845 -0.281733 0.913562 0.293314 -0.281733 0.889713 0.359216 -0.281733 0.861119 0.423203 -0.281733 0.827930 0.484932 -0.281733 0.790323 0.544073 -0.281733 0.748501 0.600312 -0.281733 0.702683 0.653347 -0.281733 0.653118 0.702897 -0.281733 0.600067 0.748697 -0.281733 0.543814 0.790501 -0.281733 0.473274 0.808633 -0.349464 0.412985 0.841022 -0.349464 0.350493 0.868924 -0.349464 0.286131 0.892191 -0.349464 0.220242 0.910697 -0.349464 0.153178 0.924344 -0.349464 0.085295 0.933059 -0.349464 0.016959 0.936796 -0.349464 -0.051468 0.935535 -0.349464 -0.119620 0.929282 -0.349464 -0.187134 0.918072 -0.349464 -0.253649 0.901963 -0.349464 -0.318813 0.881041 -0.349464 -0.382274 0.855420 -0.349464 -0.443696 0.825233 -0.349464 -0.502750 0.790644 -0.349464 -0.559122 0.751836 -0.349464 -0.612510 0.709017 -0.349464 -0.662632 0.662416 -0.349464 -0.709217 0.612279 -0.349464 -0.752019 0.558876 -0.349464 -0.790808 0.502491 -0.349464 -0.825378 0.443426 -0.349464 -0.855544 0.381994 -0.349464 -0.881145 0.318524 -0.349464 -0.902046 0.253355 -0.349464 -0.918133 0.186833 -0.349464 -0.929321 0.119317 -0.349464 -0.935552 0.051162 -0.349464 -0.936791 -0.017266 -0.349464 -0.933032 -0.085601 -0.349464 -0.924294 -0.153479 -0.349464 -0.910625 -0.220540 -0.349464 -0.892097 -0.286422 -0.349464 -0.868809 -0.350777 -0.349464 -0.840887 -0.413260 -0.349464 -0.808477 -0.473538 -0.349464 -0.771755 -0.531290 -0.349464 -0.730914 -0.586208 -0.349464 -0.686174 -0.637997 -0.349464 -0.637772 -0.686383 -0.349464 -0.585969 -0.731106 -0.349464 -0.531038 -0.771928 -0.349464 -0.473274 -0.808633 -0.349464 -0.412985 -0.841022 -0.349464 -0.350493 -0.868924 -0.349464 -0.286131 -0.892191 -0.349464 -0.220242 -0.910697 -0.349464 -0.153178 -0.924344 -0.349464 -0.085295 -0.933059 -0.349464 -0.016959 -0.936796 -0.349464 0.051468 -0.935535 -0.349464 0.119620 -0.929282 -0.349464 0.187134 -0.918072 -0.349464 0.253649 -0.901963 -0.349464 0.318813 -0.881041 -0.349464 0.382274 -0.855420 -0.349464 0.443696 -0.825233 -0.349464 0.502750 -0.790644 -0.349464 0.559122 -0.751836 -0.349464 0.612510 -0.709017 -0.349464 0.662632 -0.662416 -0.349464 0.709217 -0.612279 -0.349464 0.752019 -0.558876 -0.349464 0.790808 -0.502491 -0.349464 0.825378 -0.443426 -0.349464 0.855544 -0.381994 -0.349464 0.881145 -0.318524 -0.349464 0.902046 -0.253355 -0.349464 0.918133 -0.186833 -0.349464 0.929321 -0.119317 -0.349464 0.935552 -0.051162 -0.349464 0.936791 0.017266 -0.349464 0.933032 0.085601 -0.349464 0.924294 0.153479 -0.349464 0.910625 0.220540 -0.349464 0.892097 0.286422 -0.349464 0.868809 0.350777 -0.349464 0.840887 0.413260 -0.349464 0.808477 0.473538 -0.349464 0.771755 0.531290 -0.349464 0.730914 0.586208 -0.349464 0.686174 0.637997 -0.349464 0.637772 0.686383 -0.349464 0.585969 0.731106 -0.349464 0.531038 0.771928 -0.349464 0.459475 0.785056 -0.415415 0.400944 0.816501 -0.415415 0.340274 0.843589 -0.415415 0.277788 0.866178 -0.415415 0.213820 0.884144 -0.415415 0.148711 0.897394 -0.415415 0.082809 0.905855 -0.415415 0.016465 0.909483 -0.415415 -0.049967 0.908259 -0.415415 -0.116132 0.902189 -0.415415 -0.181678 0.891305 -0.415415 -0.246254 0.875665 -0.415415 -0.309517 0.855353 -0.415415 -0.371128 0.830478 -0.415415 -0.430759 0.801173 -0.415415 -0.488092 0.767591 -0.415415 -0.542820 0.729915 -0.415415 -0.594653 0.688345 -0.415415 -0.643312 0.643101 -0.415415 -0.688539 0.594428 -0.415415 -0.730093 0.542582 -0.415415 -0.767751 0.487841 -0.415415 -0.801313 0.430497 -0.415415 -0.830600 0.370856 -0.415415 -0.855455 0.309237 -0.415415 -0.875745 0.245968 -0.415415 -0.891364 0.181387 -0.415415 -0.902226 0.115838 -0.415415 -0.908275 0.049670 -0.415415 -0.909478 -0.016762 -0.415415 -0.905827 -0.083105 -0.415415 -0.897345 -0.149005 -0.415415 -0.884074 -0.214109 -0.415415 -0.866088 -0.278071 -0.415415 -0.843479 -0.340550 -0.415415 -0.816370 -0.401211 -0.415415 -0.784905 -0.459732 -0.415415 -0.749253 -0.515801 -0.415415 -0.709604 -0.569116 -0.415415 -0.666168 -0.619395 -0.415415 -0.619177 -0.666371 -0.415415 -0.568883 -0.709790 -0.415415 -0.515555 -0.749422 -0.415415 -0.459475 -0.785056 -0.415415 -0.400944 -0.816501 -0.415415 -0.340274 -0.843589 -0.415415 -0.277788 -0.866178 -0.415415 -0.213820 -0.884144 -0.415415 -0.148711 -0.897394 -0.415415 -0.082809 -0.905855 -0.415415 -0.016465 -0.909483 -0.415415 0.049967 -0.908259 -0.415415 0.116132 -0.902189 -0.415415 0.181678 -0.891305 -0.415415 0.246254 -0.875665 -0.415415 0.309517 -0.855353 -0.415415 0.371128 -0.830478 -0.415415 0.430759 -0.801173 -0.415415 0.488092 -0.767591 -0.415415 0.542820 -0.729915 -0.415415 0.594653 -0.688345 -0.415415 0.643312 -0.643101 -0.415415 0.688539 -0.594428 -0.415415 0.730093 -0.542582 -0.415415 0.767751 -0.487841 -0.415415 0.801313 -0.430497 -0.415415 0.830600 -0.370856 -0.415415 0.855455 -0.309237 -0.415415 0.875745 -0.245968 -0.415415 0.891364 -0.181387 -0.415415 0.902226 -0.115838 -0.415415 0.908275 -0.049670 -0.415415 0.909478 0.016762 -0.415415 0.905827 0.083105 -0.415415 0.897345 0.149005 -0.415415 0.884074 0.214109 -0.415415 0.866088 0.278071 -0.415415 0.843479 0.340550 -0.415415 0.816370 0.401211 -0.415415 0.784905 0.459732 -0.415415 0.749253 0.515801 -0.415415 0.709604 0.569116 -0.415415 0.666168 0.619395 -0.415415 0.619177 0.666371 -0.415415 0.568883 0.709790 -0.415415 0.515555 0.749422 -0.415415 0.443335 0.757479 -0.479249 0.386861 0.787820 -0.479249 0.328321 0.813957 -0.479249 0.268030 0.835751 -0.479249 0.206309 0.853087 -0.479249 0.143487 0.865870 -0.479249 0.079900 0.874035 -0.479249 0.015886 0.877535 -0.479249 -0.048212 0.876354 -0.479249 -0.112053 0.870497 -0.479249 -0.175296 0.859995 -0.479249 -0.237604 0.844905 -0.479249 -0.298644 0.825307 -0.479249 -0.358091 0.801305 -0.479249 -0.415628 0.773029 -0.479249 -0.470946 0.740628 -0.479249 -0.523753 0.704275 -0.479249 -0.573764 0.664165 -0.479249 -0.620714 0.620511 -0.479249 -0.664352 0.573547 -0.479249 -0.704447 0.523522 -0.479249 -0.740781 0.470704 -0.479249 -0.773165 0.415374 -0.479249 -0.801423 0.357829 -0.479249 -0.825405 0.298374 -0.479249 -0.844983 0.237328 -0.479249 -0.860052 0.175015 -0.479249 -0.870534 0.111769 -0.479249 -0.876370 0.047925 -0.479249 -0.877530 -0.016173 -0.479249 -0.874008 -0.080186 -0.479249 -0.865823 -0.143771 -0.479249 -0.853019 -0.206588 -0.479249 -0.835664 -0.268303 -0.479249 -0.813849 -0.328587 -0.479249 -0.787693 -0.387117 -0.479249 -0.757334 -0.443582 -0.479249 -0.722934 -0.497681 -0.479249 -0.684677 -0.549124 -0.479249 -0.642768 -0.597638 -0.479249 -0.597428 -0.642962 -0.479249 -0.548901 -0.684857 -0.479249 -0.497445 -0.723097 -0.479249 -0.443335 -0.757479 -0.479249 -0.386861 -0.787820 -0.479249 -0.328321 -0.813957 -0.479249 -0.268030 -0.835751 -0.479249 -0.206309 -0.853087 -0.479249 -0.143487 -0.865870 -0.479249 -0.079900 -0.874035 -0.479249 -0.015886 -0.877535 -0.479249 0.048212 -0.876354 -0.479249 0.112053 -0.870497 -0.479249 0.175296 -0.859995 -0.479249 0.237604 -0.844905 -0.479249 0.298644 -0.825307 -0.479249 0.358091 -0.801305 -0.479249 0.415628 -0.773029 -0.479249 0.470946 -0.740628 -0.479249 0.523753 -0.704275 -0.479249 0.573764 -0.664165 -0.479249 0.620714 -0.620511 -0.479249 0.664352 -0.573547 -0.479249 0.704447 -0.523522 -0.479249 0.740781 -0.470704 -0.479249 0.773165 -0.415374 -0.479249 0.801423 -0.357829 -0.479249 0.825405 -0.298374 -0.479249 0.844983 -0.237328 -0.479249 0.860052 -0.175015 -0.479249 0.870534 -0.111769 -0.479249 0.876370 -0.047925 -0.479249 0.877530 0.016173 -0.479249 0.874008 0.080186 -0.479249 0.865823 0.143771 -0.479249 0.853019 0.206588 -0.479249 0.835664 0.268303 -0.479249 0.813849 0.328587 -0.479249 0.787693 0.387117 -0.479249 0.757334 0.443582 -0.479249 0.722934 0.497681 -0.479249 0.684677 0.549124 -0.479249 0.642768 0.597638 -0.479249 0.597428 0.642962 -0.479249 0.548901 0.684857 -0.479249 0.497445 0.723097 -0.479249 0.424936 0.726042 -0.540641 0.370804 0.755123 -0.540641 0.314696 0.780176 -0.540641 0.256906 0.801066 -0.540641 0.197747 0.817682 -0.540641 0.137532 0.829935 -0.540641 0.076584 0.837761 -0.540641 0.015228 0.841116 -0.540641 -0.046211 0.839984 -0.540641 -0.107403 0.834369 -0.540641 -0.168021 0.824303 -0.540641 -0.227743 0.809839 -0.540641 -0.286250 0.791055 -0.540641 -0.343230 0.768050 -0.540641 -0.398378 0.740947 -0.540641 -0.451401 0.709891 -0.540641 -0.502015 0.675046 -0.540641 -0.549952 0.636601 -0.540641 -0.594953 0.594759 -0.540641 -0.636781 0.549744 -0.540641 -0.675211 0.501795 -0.540641 -0.710038 0.451169 -0.540641 -0.741077 0.398136 -0.540641 -0.768162 0.342979 -0.540641 -0.791149 0.285991 -0.540641 -0.809914 0.227478 -0.540641 -0.824359 0.167752 -0.540641 -0.834404 0.107130 -0.540641 -0.839998 0.045936 -0.540641 -0.841111 -0.015502 -0.540641 -0.837735 -0.076858 -0.540641 -0.829890 -0.137804 -0.540641 -0.817617 -0.198014 -0.540641 -0.800982 -0.257168 -0.540641 -0.780073 -0.314950 -0.540641 -0.755003 -0.371052 -0.540641 -0.725903 -0.425174 -0.540641 -0.692931 -0.477027 -0.540641 -0.656262 -0.526334 -0.540641 -0.616091 -0.572835 -0.540641 -0.572633 -0.616278 -0.540641 -0.526120 -0.656434 -0.540641 -0.476800 -0.693086 -0.540641 -0.424936 -0.726042 -0.540641 -0.370804 -0.755123 -0.540641 -0.314696 -0.780176 -0.540641 -0.256906 -0.801066 -0.540641 -0.197747 -0.817682 -0.540641 -0.137532 -0.829935 -0.540641 -0.076584 -0.837761 -0.540641 -0.015228 -0.841116 -0.540641 0.046211 -0.839984 -0.540641 0.107403 -0.834369 -0.540641 0.168021 -0.824303 -0.540641 0.227743 -0.809839 -0.540641 0.286250 -0.791055 -0.540641 0.343230 -0.768050 -0.540641 0.398378 -0.740947 -0.540641 0.451401 -0.709891 -0.540641 0.502015 -0.675046 -0.540641 0.549952 -0.636601 -0.540641 0.594953 -0.594759 -0.540641 0.636781 -0.549744 -0.540641 0.675211 -0.501795 -0.540641 0.710038 -0.451169 -0.540641 0.741077 -0.398136 -0.540641 0.768162 -0.342979 -0.540641 0.791149 -0.285991 -0.540641 0.809914 -0.227478 -0.540641 0.824359 -0.167752 -0.540641 0.834404 -0.107130 -0.540641 0.839998 -0.045936 -0.540641 0.841111 0.015502 -0.540641 0.837735 0.076858 -0.540641 0.829890 0.137804 -0.540641 0.817617 0.198014 -0.540641 0.800982 0.257168 -0.540641 0.780073 0.314950 -0.540641 0.755003 0.371052 -0.540641 0.725903 0.425174 -0.540641 0.692931 0.477027 -0.540641 0.656262 0.526334 -0.540641 0.616091 0.572835 -0.540641 0.572633 0.616278 -0.540641 0.526120 0.656434 -0.540641 0.476800 0.693086 -0.540641 0.404371 0.690905 -0.599278 0.352860 0.718580 -0.599278 0.299465 0.742420 -0.599278 0.244473 0.762299 -0.599278 0.188177 0.778110 -0.599278 0.130876 0.789770 -0.599278 0.072878 0.797217 -0.599278 0.014491 0.800410 -0.599278 -0.043975 0.799333 -0.599278 -0.102205 0.793991 -0.599278 -0.159889 0.784412 -0.599278 -0.216721 0.770648 -0.599278 -0.272397 0.752773 -0.599278 -0.326619 0.730880 -0.599278 -0.379098 0.705089 -0.599278 -0.429556 0.675535 -0.599278 -0.477721 0.642377 -0.599278 -0.523337 0.605793 -0.599278 -0.566161 0.565976 -0.599278 -0.605964 0.523139 -0.599278 -0.642534 0.477511 -0.599278 -0.675676 0.429334 -0.599278 -0.705213 0.378868 -0.599278 -0.730987 0.326381 -0.599278 -0.752862 0.272151 -0.599278 -0.770719 0.216469 -0.599278 -0.784464 0.159633 -0.599278 -0.794023 0.101946 -0.599278 -0.799347 0.043713 -0.599278 -0.800405 -0.014752 -0.599278 -0.797193 -0.073138 -0.599278 -0.789728 -0.131135 -0.599278 -0.778048 -0.188432 -0.599278 -0.762218 -0.244723 -0.599278 -0.742322 -0.299708 -0.599278 -0.718464 -0.353095 -0.599278 -0.690773 -0.404598 -0.599278 -0.659397 -0.453941 -0.599278 -0.624502 -0.500862 -0.599278 -0.586275 -0.545113 -0.599278 -0.544921 -0.586453 -0.599278 -0.500659 -0.624665 -0.599278 -0.453726 -0.659545 -0.599278 -0.404371 -0.690905 -0.599278 -0.352860 -0.718580 -0.599278 -0.299465 -0.742420 -0.599278 -0.244473 -0.762299 -0.599278 -0.188177 -0.778110 -0.599278 -0.130876 -0.789770 -0.599278 -0.072878 -0.797217 -0.599278 -0.014491 -0.800410 -0.599278 0.043975 -0.799333 -0.599278 0.102205 -0.793991 -0.599278 0.159889 -0.784412 -0.599278 0.216721 -0.770648 -0.599278 0.272397 -0.752773 -0.599278 0.326619 -0.730880 -0.599278 0.379098 -0.705089 -0.599278 0.429556 -0.675535 -0.599278 0.477721 -0.642377 -0.599278 0.523337 -0.605793 -0.599278 0.566161 -0.565976 -0.599278 0.605964 -0.523139 -0.599278 0.642534 -0.477511 -0.599278 0.675676 -0.429334 -0.599278 0.705213 -0.378868 -0.599278 0.730987 -0.326381 -0.599278 0.752862 -0.272151 -0.599278 0.770719 -0.216469 -0.599278 0.784464 -0.159633 -0.599278 0.794023 -0.101946 -0.599278 0.799347 -0.043713 -0.599278 0.800405 0.014752 -0.599278 0.797193 0.073138 -0.599278 0.789728 0.131135 -0.599278 0.778048 0.188432 -0.599278 0.762218 0.244723 -0.599278 0.742322 0.299708 -0.599278 0.718464 0.353095 -0.599278 0.690773 0.404598 -0.599278 0.659397 0.453941 -0.599278 0.624502 0.500862 -0.599278 0.586275 0.545113 -0.599278 0.544921 0.586453 -0.599278 0.500659 0.624665 -0.599278 0.453726 0.659545 -0.599278 0.381746 0.652248 -0.654861 0.333116 0.678373 -0.654861 0.282710 0.700880 -0.654861 0.230794 0.719647 -0.654861 0.177648 0.734574 -0.654861 0.123554 0.745581 -0.654861 0.068800 0.752611 -0.654861 0.013680 0.755626 -0.654861 -0.041514 0.754608 -0.654861 -0.096486 0.749565 -0.654861 -0.150944 0.740522 -0.654861 -0.204596 0.727529 -0.654861 -0.257156 0.710654 -0.654861 -0.308344 0.689987 -0.654861 -0.357888 0.665638 -0.654861 -0.405521 0.637738 -0.654861 -0.450991 0.606435 -0.654861 -0.494055 0.571898 -0.654861 -0.534483 0.534308 -0.654861 -0.572059 0.493868 -0.654861 -0.606583 0.450793 -0.654861 -0.637870 0.405313 -0.654861 -0.665755 0.357669 -0.654861 -0.690087 0.308119 -0.654861 -0.710737 0.256923 -0.654861 -0.727595 0.204358 -0.654861 -0.740571 0.150701 -0.654861 -0.749596 0.096241 -0.654861 -0.754622 0.041267 -0.654861 -0.755621 -0.013926 -0.654861 -0.752589 -0.069047 -0.654861 -0.745542 -0.123798 -0.654861 -0.734516 -0.177888 -0.654861 -0.719571 -0.231030 -0.654861 -0.700787 -0.282939 -0.654861 -0.678264 -0.333338 -0.654861 -0.652123 -0.381959 -0.654861 -0.622502 -0.428542 -0.654861 -0.589560 -0.472838 -0.654861 -0.553472 -0.514612 -0.654861 -0.514432 -0.553640 -0.654861 -0.472646 -0.589715 -0.654861 -0.428338 -0.622642 -0.654861 -0.381746 -0.652248 -0.654861 -0.333116 -0.678373 -0.654861 -0.282710 -0.700880 -0.654861 -0.230794 -0.719647 -0.654861 -0.177648 -0.734574 -0.654861 -0.123554 -0.745581 -0.654861 -0.068800 -0.752611 -0.654861 -0.013680 -0.755626 -0.654861 0.041514 -0.754608 -0.654861 0.096486 -0.749565 -0.654861 0.150944 -0.740522 -0.654861 0.204596 -0.727529 -0.654861 0.257156 -0.710654 -0.654861 0.308344 -0.689987 -0.654861 0.357888 -0.665638 -0.654861 0.405521 -0.637738 -0.654861 0.450991 -0.606435 -0.654861 0.494055 -0.571898 -0.654861 0.534483 -0.534308 -0.654861 0.572059 -0.493868 -0.654861 0.606583 -0.450793 -0.654861 0.637870 -0.405313 -0.654861 0.665755 -0.357669 -0.654861 0.690087 -0.308119 -0.654861 0.710737 -0.256923 -0.654861 0.727595 -0.204358 -0.654861 0.740571 -0.150701 -0.654861 0.749596 -0.096241 -0.654861 0.754622 -0.041267 -0.654861 0.755621 0.013926 -0.654861 0.752589 0.069047 -0.654861 0.745542 0.123798 -0.654861 0.734516 0.177888 -0.654861 0.719571 0.231030 -0.654861 0.700787 0.282939 -0.654861 0.678264 0.333338 -0.654861 0.652123 0.381959 -0.654861 0.622502 0.428542 -0.654861 0.589560 0.472838 -0.654861 0.553472 0.514612 -0.654861 0.514432 0.553640 -0.654861 0.472646 0.589715 -0.654861 0.428338 0.622642 -0.654861 0.357176 0.610267 -0.707107 0.311676 0.634710 -0.707107 0.264513 0.655769 -0.707107 0.215940 0.673327 -0.707107 0.166214 0.687294 -0.707107 0.115602 0.697593 -0.707107 0.064372 0.704171 -0.707107 0.012799 0.706991 -0.707107 -0.038842 0.706040 -0.707107 -0.090276 0.701321 -0.707107 -0.141229 0.692859 -0.707107 -0.191427 0.680703 -0.707107 -0.240605 0.664913 -0.707107 -0.288499 0.645576 -0.707107 -0.334852 0.622795 -0.707107 -0.379421 0.596691 -0.707107 -0.421964 0.567403 -0.707107 -0.462256 0.535088 -0.707107 -0.500081 0.499918 -0.707107 -0.535240 0.462082 -0.707107 -0.567541 0.421778 -0.707107 -0.596815 0.379225 -0.707107 -0.622905 0.334649 -0.707107 -0.645671 0.288287 -0.707107 -0.664992 0.240387 -0.707107 -0.680765 0.191204 -0.707107 -0.692906 0.141002 -0.707107 -0.701350 0.090047 -0.707107 -0.706052 0.038611 -0.707107 -0.706986 -0.013030 -0.707107 -0.704150 -0.064602 -0.707107 -0.697556 -0.115829 -0.707107 -0.687240 -0.166439 -0.707107 -0.673257 -0.216159 -0.707107 -0.655682 -0.264728 -0.707107 -0.634610 -0.311884 -0.707107 -0.610150 -0.357375 -0.707107 -0.582436 -0.400960 -0.707107 -0.551613 -0.442405 -0.707107 -0.517849 -0.481490 -0.707107 -0.481321 -0.518006 -0.707107 -0.442225 -0.551758 -0.707107 -0.400769 -0.582567 -0.707107 -0.357176 -0.610267 -0.707107 -0.311676 -0.634710 -0.707107 -0.264513 -0.655769 -0.707107 -0.215940 -0.673327 -0.707107 -0.166214 -0.687294 -0.707107 -0.115602 -0.697593 -0.707107 -0.064372 -0.704171 -0.707107 -0.012799 -0.706991 -0.707107 0.038842 -0.706040 -0.707107 0.090276 -0.701321 -0.707107 0.141229 -0.692859 -0.707107 0.191427 -0.680703 -0.707107 0.240605 -0.664913 -0.707107 0.288499 -0.645576 -0.707107 0.334852 -0.622795 -0.707107 0.379421 -0.596691 -0.707107 0.421964 -0.567403 -0.707107 0.462256 -0.535088 -0.707107 0.500081 -0.499918 -0.707107 0.535240 -0.462082 -0.707107 0.567541 -0.421778 -0.707107 0.596815 -0.379225 -0.707107 0.622905 -0.334649 -0.707107 0.645671 -0.288287 -0.707107 0.664992 -0.240387 -0.707107 0.680765 -0.191204 -0.707107 0.692906 -0.141002 -0.707107 0.701350 -0.090047 -0.707107 0.706052 -0.038611 -0.707107 0.706986 0.013030 -0.707107 0.704150 0.064602 -0.707107 0.697556 0.115829 -0.707107 0.687240 0.166439 -0.707107 0.673257 0.216159 -0.707107 0.655682 0.264728 -0.707107 0.634610 0.311884 -0.707107 0.610150 0.357375 -0.707107 0.582436 0.400960 -0.707107 0.551613 0.442405 -0.707107 0.517849 0.481490 -0.707107 0.481321 0.518006 -0.707107 0.442225 0.551758 -0.707107 0.400769 0.582567 -0.707107 0.330785 0.565176 -0.755750 0.288647 0.587814 -0.755750 0.244970 0.607316 -0.755750 0.199985 0.623577 -0.755750 0.153933 0.636512 -0.755750 0.107060 0.646049 -0.755750 0.059615 0.652141 -0.755750 0.011853 0.654754 -0.755750 -0.035972 0.653872 -0.755750 -0.083606 0.649502 -0.755750 -0.130793 0.641666 -0.755750 -0.177283 0.630408 -0.755750 -0.222827 0.615785 -0.755750 -0.267182 0.597877 -0.755750 -0.310112 0.576778 -0.755750 -0.351386 0.552603 -0.755750 -0.390787 0.525480 -0.755750 -0.428101 0.495552 -0.755750 -0.463132 0.462981 -0.755750 -0.495692 0.427940 -0.755750 -0.525607 0.390614 -0.755750 -0.552718 0.351206 -0.755750 -0.576880 0.309923 -0.755750 -0.597964 0.266986 -0.755750 -0.615858 0.222626 -0.755750 -0.630465 0.177077 -0.755750 -0.641709 0.130583 -0.755750 -0.649529 0.083394 -0.755750 -0.653883 0.035758 -0.755750 -0.654750 -0.012067 -0.755750 -0.652123 -0.059829 -0.755750 -0.646015 -0.107271 -0.755750 -0.636462 -0.154141 -0.755750 -0.623512 -0.200188 -0.755750 -0.607236 -0.245168 -0.755750 -0.587719 -0.288839 -0.755750 -0.565068 -0.330969 -0.755750 -0.539401 -0.371333 -0.755750 -0.510856 -0.409717 -0.755750 -0.479587 -0.445914 -0.755750 -0.445757 -0.479733 -0.755750 -0.409550 -0.510991 -0.755750 -0.371158 -0.539523 -0.755750 -0.330785 -0.565176 -0.755750 -0.288647 -0.587814 -0.755750 -0.244970 -0.607316 -0.755750 -0.199985 -0.623577 -0.755750 -0.153933 -0.636512 -0.755750 -0.107060 -0.646049 -0.755750 -0.059615 -0.652141 -0.755750 -0.011853 -0.654754 -0.755750 0.035972 -0.653872 -0.755750 0.083606 -0.649502 -0.755750 0.130793 -0.641666 -0.755750 0.177283 -0.630408 -0.755750 0.222827 -0.615785 -0.755750 0.267182 -0.597877 -0.755750 0.310112 -0.576778 -0.755750 0.351386 -0.552603 -0.755750 0.390787 -0.525480 -0.755750 0.428101 -0.495552 -0.755750 0.463132 -0.462981 -0.755750 0.495692 -0.427940 -0.755750 0.525607 -0.390614 -0.755750 0.552718 -0.351206 -0.755750 0.576880 -0.309923 -0.755750 0.597964 -0.266986 -0.755750 0.615858 -0.222626 -0.755750 0.630465 -0.177077 -0.755750 0.641709 -0.130583 -0.755750 0.649529 -0.083394 -0.755750 0.653883 -0.035758 -0.755750 0.654750 0.012067 -0.755750 0.652123 0.059829 -0.755750 0.646015 0.107271 -0.755750 0.636462 0.154141 -0.755750 0.623512 0.200188 -0.755750 0.607236 0.245168 -0.755750 0.587719 0.288839 -0.755750 0.565068 0.330969 -0.755750 0.539401 0.371333 -0.755750 0.510856 0.409717 -0.755750 0.479587 0.445914 -0.755750 0.445757 0.479733 -0.755750 0.409550 0.510991 -0.755750 0.371158 0.539523 -0.755750 0.302709 0.517206 -0.800541 0.264148 0.537922 -0.800541 0.224176 0.555768 -0.800541 0.183010 0.570649 -0.800541 0.140868 0.582486 -0.800541 0.097973 0.591215 -0.800541 0.054556 0.596789 -0.800541 0.010848 0.599180 -0.800541 -0.032919 0.598373 -0.800541 -0.076510 0.594374 -0.800541 -0.119692 0.587203 -0.800541 -0.162236 0.576900 -0.800541 -0.203914 0.563518 -0.800541 -0.244504 0.547130 -0.800541 -0.283789 0.527823 -0.800541 -0.321561 0.505700 -0.800541 -0.357617 0.480878 -0.800541 -0.391765 0.453491 -0.800541 -0.423822 0.423684 -0.800541 -0.453619 0.391617 -0.800541 -0.480995 0.357460 -0.800541 -0.505805 0.321396 -0.800541 -0.527916 0.283617 -0.800541 -0.547211 0.244325 -0.800541 -0.563585 0.203730 -0.800541 -0.576952 0.162047 -0.800541 -0.587242 0.119500 -0.800541 -0.594399 0.076316 -0.800541 -0.598384 0.032723 -0.800541 -0.599176 -0.011043 -0.800541 -0.596771 -0.054751 -0.800541 -0.591183 -0.098166 -0.800541 -0.582440 -0.141058 -0.800541 -0.570589 -0.183197 -0.800541 -0.555695 -0.224358 -0.800541 -0.537835 -0.264323 -0.800541 -0.517106 -0.302878 -0.800541 -0.493618 -0.339816 -0.800541 -0.467496 -0.374941 -0.800541 -0.438880 -0.408066 -0.800541 -0.407922 -0.439013 -0.800541 -0.374789 -0.467618 -0.800541 -0.339654 -0.493729 -0.800541 -0.302709 -0.517206 -0.800541 -0.264148 -0.537922 -0.800541 -0.224176 -0.555768 -0.800541 -0.183010 -0.570649 -0.800541 -0.140868 -0.582486 -0.800541 -0.097973 -0.591215 -0.800541 -0.054556 -0.596789 -0.800541 -0.010848 -0.599180 -0.800541 0.032919 -0.598373 -0.800541 0.076510 -0.594374 -0.800541 0.119692 -0.587203 -0.800541 0.162236 -0.576900 -0.800541 0.203914 -0.563518 -0.800541 0.244504 -0.547130 -0.800541 0.283789 -0.527823 -0.800541 0.321561 -0.505700 -0.800541 0.357617 -0.480878 -0.800541 0.391765 -0.453491 -0.800541 0.423822 -0.423684 -0.800541 0.453619 -0.391617 -0.800541 0.480995 -0.357460 -0.800541 0.505805 -0.321396 -0.800541 0.527916 -0.283617 -0.800541 0.547211 -0.244325 -0.800541 0.563585 -0.203730 -0.800541 0.576952 -0.162047 -0.800541 0.587242 -0.119500 -0.800541 0.594399 -0.076316 -0.800541 0.598384 -0.032723 -0.800541 0.599176 0.011043 -0.800541 0.596771 0.054751 -0.800541 0.591183 0.098166 -0.800541 0.582440 0.141058 -0.800541 0.570589 0.183197 -0.800541 0.555695 0.224358 -0.800541 0.537835 0.264323 -0.800541 0.517106 0.302878 -0.800541 0.493618 0.339816 -0.800541 0.467496 0.374941 -0.800541 0.438880 0.408066 -0.800541 0.407922 0.439013 -0.800541 0.374789 0.467618 -0.800541 0.339654 0.493729 -0.800541 0.273090 0.466599 -0.841254 0.238302 0.485289 -0.841254 0.202242 0.501388 -0.841254 0.165103 0.514814 -0.841254 0.127084 0.525492 -0.841254 0.088386 0.533367 -0.841254 0.049217 0.538396 -0.841254 0.009786 0.540553 -0.841254 -0.029698 0.539824 -0.841254 -0.069023 0.536216 -0.841254 -0.107981 0.529748 -0.841254 -0.146361 0.520453 -0.841254 -0.183962 0.508380 -0.841254 -0.220581 0.493596 -0.841254 -0.256022 0.476178 -0.841254 -0.290098 0.456219 -0.841254 -0.322626 0.433826 -0.841254 -0.353433 0.409118 -0.841254 -0.382353 0.382228 -0.841254 -0.409235 0.353299 -0.841254 -0.433931 0.322484 -0.841254 -0.456314 0.289948 -0.841254 -0.476261 0.255867 -0.841254 -0.493668 0.220418 -0.841254 -0.508441 0.183796 -0.841254 -0.520500 0.146191 -0.841254 -0.529783 0.107808 -0.841254 -0.536239 0.068848 -0.841254 -0.539835 0.029522 -0.841254 -0.540549 -0.009963 -0.841254 -0.538380 -0.049394 -0.841254 -0.533338 -0.088561 -0.841254 -0.525451 -0.127256 -0.841254 -0.514760 -0.165272 -0.841254 -0.501322 -0.202406 -0.841254 -0.485210 -0.238460 -0.841254 -0.466510 -0.273243 -0.841254 -0.445320 -0.306566 -0.841254 -0.421754 -0.338254 -0.841254 -0.395938 -0.368139 -0.841254 -0.368009 -0.396057 -0.841254 -0.338117 -0.421864 -0.841254 -0.306421 -0.445420 -0.841254 -0.273090 -0.466599 -0.841254 -0.238302 -0.485289 -0.841254 -0.202242 -0.501388 -0.841254 -0.165103 -0.514814 -0.841254 -0.127084 -0.525492 -0.841254 -0.088386 -0.533367 -0.841254 -0.049217 -0.538396 -0.841254 -0.009786 -0.540553 -0.841254 0.029698 -0.539824 -0.841254 0.069023 -0.536216 -0.841254 0.107981 -0.529748 -0.841254 0.146361 -0.520453 -0.841254 0.183962 -0.508380 -0.841254 0.220581 -0.493596 -0.841254 0.256022 -0.476178 -0.841254 0.290098 -0.456219 -0.841254 0.322626 -0.433826 -0.841254 0.353433 -0.409118 -0.841254 0.382353 -0.382228 -0.841254 0.409235 -0.353299 -0.841254 0.433931 -0.322484 -0.841254 0.456314 -0.289948 -0.841254 0.476261 -0.255867 -0.841254 0.493668 -0.220418 -0.841254 0.508441 -0.183796 -0.841254 0.520500 -0.146191 -0.841254 0.529783 -0.107808 -0.841254 0.536239 -0.068848 -0.841254 0.539835 -0.029522 -0.841254 0.540549 0.009963 -0.841254 0.538380 0.049394 -0.841254 0.533338 0.088561 -0.841254 0.525451 0.127256 -0.841254 0.514760 0.165272 -0.841254 0.501322 0.202406 -0.841254 0.485210 0.238460 -0.841254 0.466510 0.273243 -0.841254 0.445320 0.306566 -0.841254 0.421754 0.338254 -0.841254 0.395938 0.368139 -0.841254 0.368009 0.396057 -0.841254 0.338117 0.421864 -0.841254 0.306421 0.445420 -0.841254 0.242079 0.413615 -0.877679 0.211241 0.430182 -0.877679 0.179277 0.444454 -0.877679 0.146355 0.456354 -0.877679 0.112653 0.465820 -0.877679 0.078350 0.472801 -0.877679 0.043629 0.477259 -0.877679 0.008675 0.479171 -0.877679 -0.026325 0.478526 -0.877679 -0.061185 0.475327 -0.877679 -0.095719 0.469593 -0.877679 -0.129742 0.461353 -0.877679 -0.163072 0.450652 -0.877679 -0.195533 0.437546 -0.877679 -0.226950 0.422106 -0.877679 -0.257156 0.404413 -0.877679 -0.285990 0.384564 -0.877679 -0.313299 0.362661 -0.877679 -0.338936 0.338825 -0.877679 -0.362764 0.313180 -0.877679 -0.384657 0.285865 -0.877679 -0.404497 0.257024 -0.877679 -0.422180 0.226812 -0.877679 -0.437610 0.195390 -0.877679 -0.450705 0.162925 -0.877679 -0.461396 0.129591 -0.877679 -0.469624 0.095565 -0.877679 -0.475347 0.061030 -0.877679 -0.478534 0.026169 -0.877679 -0.479168 -0.008831 -0.877679 -0.477244 -0.043785 -0.877679 -0.472775 -0.078505 -0.877679 -0.465784 -0.112805 -0.877679 -0.456307 -0.146504 -0.877679 -0.444395 -0.179422 -0.877679 -0.430113 -0.211383 -0.877679 -0.413536 -0.242215 -0.877679 -0.394751 -0.271755 -0.877679 -0.373862 -0.299844 -0.877679 -0.350977 -0.326335 -0.877679 -0.326220 -0.351084 -0.877679 -0.299722 -0.373960 -0.877679 -0.271625 -0.394840 -0.877679 -0.242079 -0.413615 -0.877679 -0.211241 -0.430182 -0.877679 -0.179277 -0.444454 -0.877679 -0.146355 -0.456354 -0.877679 -0.112653 -0.465820 -0.877679 -0.078350 -0.472801 -0.877679 -0.043629 -0.477259 -0.877679 -0.008675 -0.479171 -0.877679 0.026325 -0.478526 -0.877679 0.061185 -0.475327 -0.877679 0.095719 -0.469593 -0.877679 0.129742 -0.461353 -0.877679 0.163072 -0.450652 -0.877679 0.195533 -0.437546 -0.877679 0.226950 -0.422106 -0.877679 0.257156 -0.404413 -0.877679 0.285990 -0.384564 -0.877679 0.313299 -0.362661 -0.877679 0.338936 -0.338825 -0.877679 0.362764 -0.313180 -0.877679 0.384657 -0.285865 -0.877679 0.404497 -0.257024 -0.877679 0.422180 -0.226812 -0.877679 0.437610 -0.195390 -0.877679 0.450705 -0.162925 -0.877679 0.461396 -0.129591 -0.877679 0.469624 -0.095565 -0.877679 0.475347 -0.061030 -0.877679 0.478534 -0.026169 -0.877679 0.479168 0.008831 -0.877679 0.477244 0.043785 -0.877679 0.472775 0.078505 -0.877679 0.465784 0.112805 -0.877679 0.456307 0.146504 -0.877679 0.444395 0.179422 -0.877679 0.430113 0.211383 -0.877679 0.413536 0.242215 -0.877679 0.394751 0.271755 -0.877679 0.373862 0.299844 -0.877679 0.350977 0.326335 -0.877679 0.326220 0.351084 -0.877679 0.299722 0.373960 -0.877679 0.271625 0.394840 -0.877679 0.209835 0.358523 -0.909632 0.183106 0.372884 -0.909632 0.155398 0.385255 -0.909632 0.126862 0.395571 -0.909632 0.097648 0.403776 -0.909632 0.067914 0.409826 -0.909632 0.037817 0.413690 -0.909632 0.007519 0.415347 -0.909632 -0.022820 0.414788 -0.909632 -0.053036 0.412016 -0.909632 -0.082969 0.407045 -0.909632 -0.112461 0.399903 -0.909632 -0.141352 0.390627 -0.909632 -0.169489 0.379267 -0.909632 -0.196721 0.365883 -0.909632 -0.222904 0.350547 -0.909632 -0.247898 0.333342 -0.909632 -0.271569 0.314356 -0.909632 -0.293791 0.293694 -0.909632 -0.314445 0.271466 -0.909632 -0.333423 0.247788 -0.909632 -0.350620 0.222790 -0.909632 -0.365948 0.196601 -0.909632 -0.379322 0.169365 -0.909632 -0.390673 0.141224 -0.909632 -0.399939 0.112330 -0.909632 -0.407072 0.082837 -0.909632 -0.412033 0.052901 -0.909632 -0.414795 0.022684 -0.909632 -0.415344 -0.007655 -0.909632 -0.413678 -0.037953 -0.909632 -0.409804 -0.068048 -0.909632 -0.403744 -0.097780 -0.909632 -0.395529 -0.126991 -0.909632 -0.385204 -0.155524 -0.909632 -0.372824 -0.183227 -0.909632 -0.358455 -0.209952 -0.909632 -0.342173 -0.235558 -0.909632 -0.324065 -0.259906 -0.909632 -0.304229 -0.282869 -0.909632 -0.282769 -0.304321 -0.909632 -0.259801 -0.324150 -0.909632 -0.235446 -0.342250 -0.909632 -0.209835 -0.358523 -0.909632 -0.183106 -0.372884 -0.909632 -0.155398 -0.385255 -0.909632 -0.126862 -0.395571 -0.909632 -0.097648 -0.403776 -0.909632 -0.067914 -0.409826 -0.909632 -0.037817 -0.413690 -0.909632 -0.007519 -0.415347 -0.909632 0.022820 -0.414788 -0.909632 0.053036 -0.412016 -0.909632 0.082969 -0.407045 -0.909632 0.112461 -0.399903 -0.909632 0.141352 -0.390627 -0.909632 0.169489 -0.379267 -0.909632 0.196721 -0.365883 -0.909632 0.222904 -0.350547 -0.909632 0.247898 -0.333342 -0.909632 0.271569 -0.314356 -0.909632 0.293791 -0.293694 -0.909632 0.314445 -0.271466 -0.909632 0.333423 -0.247788 -0.909632 0.350620 -0.222790 -0.909632 0.365948 -0.196601 -0.909632 0.379322 -0.169365 -0.909632 0.390673 -0.141224 -0.909632 0.399939 -0.112330 -0.909632 0.407072 -0.082837 -0.909632 0.412033 -0.052901 -0.909632 0.414795 -0.022684 -0.909632 0.415344 0.007655 -0.909632 0.413678 0.037953 -0.909632 0.409804 0.068048 -0.909632 0.403744 0.097780 -0.909632 0.395529 0.126991 -0.909632 0.385204 0.155524 -0.909632 0.372824 0.183227 -0.909632 0.358455 0.209952 -0.909632 0.342173 0.235558 -0.909632 0.324065 0.259906 -0.909632 0.304229 0.282869 -0.909632 0.282769 0.304321 -0.909632 0.259801 0.324150 -0.909632 0.235446 0.342250 -0.909632 0.176522 0.301604 -0.936950 0.154036 0.313685 -0.936950 0.130727 0.324092 -0.936950 0.106721 0.332770 -0.936950 0.082146 0.339672 -0.936950 0.057132 0.344762 -0.936950 0.031814 0.348013 -0.936950 0.006326 0.349407 -0.936950 -0.019197 0.348936 -0.936950 -0.044616 0.346605 -0.936950 -0.069798 0.342423 -0.936950 -0.094606 0.336414 -0.936950 -0.118911 0.328612 -0.936950 -0.142581 0.319055 -0.936950 -0.165490 0.307796 -0.936950 -0.187516 0.294895 -0.936950 -0.208542 0.280420 -0.936950 -0.228455 0.264450 -0.936950 -0.247149 0.247068 -0.936950 -0.264524 0.228369 -0.936950 -0.280489 0.208450 -0.936950 -0.294956 0.187419 -0.936950 -0.307850 0.165389 -0.936950 -0.319101 0.142477 -0.936950 -0.328650 0.118803 -0.936950 -0.336446 0.094497 -0.936950 -0.342446 0.069686 -0.936950 -0.346619 0.044503 -0.936950 -0.348943 0.019082 -0.936950 -0.349405 -0.006440 -0.936950 -0.348003 -0.031927 -0.936950 -0.344744 -0.057245 -0.936950 -0.339645 -0.082257 -0.936950 -0.332735 -0.106830 -0.936950 -0.324049 -0.130833 -0.936950 -0.313634 -0.154138 -0.936950 -0.301547 -0.176621 -0.936950 -0.287849 -0.198162 -0.936950 -0.272616 -0.218644 -0.936950 -0.255929 -0.237961 -0.936950 -0.237877 -0.256008 -0.936950 -0.218555 -0.272689 -0.936950 -0.198067 -0.287915 -0.936950 -0.176522 -0.301604 -0.936950 -0.154036 -0.313685 -0.936950 -0.130727 -0.324092 -0.936950 -0.106721 -0.332770 -0.936950 -0.082146 -0.339672 -0.936950 -0.057132 -0.344762 -0.936950 -0.031814 -0.348013 -0.936950 -0.006326 -0.349407 -0.936950 0.019197 -0.348936 -0.936950 0.044616 -0.346605 -0.936950 0.069798 -0.342423 -0.936950 0.094606 -0.336414 -0.936950 0.118911 -0.328612 -0.936950 0.142581 -0.319055 -0.936950 0.165490 -0.307796 -0.936950 0.187516 -0.294895 -0.936950 0.208542 -0.280420 -0.936950 0.228455 -0.264450 -0.936950 0.247149 -0.247068 -0.936950 0.264524 -0.228369 -0.936950 0.280489 -0.208450 -0.936950 0.294956 -0.187419 -0.936950 0.307850 -0.165389 -0.936950 0.319101 -0.142477 -0.936950 0.328650 -0.118803 -0.936950 0.336446 -0.094497 -0.936950 0.342446 -0.069686 -0.936950 0.346619 -0.044503 -0.936950 0.348943 -0.019082 -0.936950 0.349405 0.006440 -0.936950 0.348003 0.031927 -0.936950 0.344744 0.057245 -0.936950 0.339645 0.082257 -0.936950 0.332735 0.106830 -0.936950 0.324049 0.130833 -0.936950 0.313634 0.154138 -0.936950 0.301547 0.176621 -0.936950 0.287849 0.198162 -0.936950 0.272616 0.218644 -0.936950 0.255929 0.237961 -0.936950 0.237877 0.256008 -0.936950 0.218555 0.272689 -0.936950 0.198067 0.287915 -0.936950 0.142310 0.243149 -0.959493 0.124181 0.252888 -0.959493 0.105390 0.261278 -0.959493 0.086037 0.268274 -0.959493 0.066224 0.273838 -0.959493 0.046059 0.277943 -0.959493 0.025648 0.280562 -0.959493 0.005100 0.281687 -0.959493 -0.015476 0.281307 -0.959493 -0.035969 0.279427 -0.959493 -0.056269 0.276056 -0.959493 -0.076270 0.271212 -0.959493 -0.095864 0.264922 -0.959493 -0.114946 0.257217 -0.959493 -0.133415 0.248140 -0.959493 -0.151173 0.237740 -0.959493 -0.168123 0.226070 -0.959493 -0.184177 0.213195 -0.959493 -0.199248 0.199183 -0.959493 -0.213255 0.184107 -0.959493 -0.226125 0.168049 -0.959493 -0.237790 0.151095 -0.959493 -0.248184 0.133335 -0.959493 -0.257254 0.114862 -0.959493 -0.264953 0.095777 -0.959493 -0.271238 0.076181 -0.959493 -0.276075 0.056179 -0.959493 -0.279438 0.035877 -0.959493 -0.281313 0.015384 -0.959493 -0.281685 -0.005192 -0.959493 -0.280554 -0.025740 -0.959493 -0.277927 -0.046150 -0.959493 -0.273816 -0.066314 -0.959493 -0.268246 -0.086125 -0.959493 -0.261244 -0.105475 -0.959493 -0.252847 -0.124263 -0.959493 -0.243102 -0.142389 -0.959493 -0.232060 -0.159754 -0.959493 -0.219780 -0.176267 -0.959493 -0.206326 -0.191840 -0.959493 -0.191772 -0.206389 -0.959493 -0.176196 -0.219837 -0.959493 -0.159678 -0.232112 -0.959493 -0.142310 -0.243149 -0.959493 -0.124181 -0.252888 -0.959493 -0.105390 -0.261278 -0.959493 -0.086037 -0.268274 -0.959493 -0.066224 -0.273838 -0.959493 -0.046059 -0.277943 -0.959493 -0.025648 -0.280562 -0.959493 -0.005100 -0.281687 -0.959493 0.015476 -0.281307 -0.959493 0.035969 -0.279427 -0.959493 0.056269 -0.276056 -0.959493 0.076270 -0.271212 -0.959493 0.095864 -0.264922 -0.959493 0.114946 -0.257217 -0.959493 0.133415 -0.248140 -0.959493 0.151173 -0.237740 -0.959493 0.168123 -0.226070 -0.959493 0.184177 -0.213195 -0.959493 0.199248 -0.199183 -0.959493 0.213255 -0.184107 -0.959493 0.226125 -0.168049 -0.959493 0.237790 -0.151095 -0.959493 0.248184 -0.133335 -0.959493 0.257254 -0.114862 -0.959493 0.264953 -0.095777 -0.959493 0.271238 -0.076181 -0.959493 0.276075 -0.056179 -0.959493 0.279438 -0.035877 -0.959493 0.281313 -0.015384 -0.959493 0.281685 0.005192 -0.959493 0.280554 0.025740 -0.959493 0.277927 0.046150 -0.959493 0.273816 0.066314 -0.959493 0.268246 0.086125 -0.959493 0.261244 0.105475 -0.959493 0.252847 0.124263 -0.959493 0.243102 0.142389 -0.959493 0.232060 0.159754 -0.959493 0.219780 0.176267 -0.959493 0.206326 0.191840 -0.959493 0.191772 0.206389 -0.959493 0.176196 0.219837 -0.959493 0.159678 0.232112 -0.959493 0.107371 0.183454 -0.977147 0.093694 0.190802 -0.977147 0.079516 0.197132 -0.977147 0.064914 0.202411 -0.977147 0.049966 0.206610 -0.977147 0.034751 0.209705 -0.977147 0.019351 0.211683 -0.977147 0.003848 0.212530 -0.977147 -0.011677 0.212245 -0.977147 -0.027138 0.210826 -0.977147 -0.042455 0.208283 -0.977147 -0.057545 0.204627 -0.977147 -0.072329 0.199881 -0.977147 -0.086726 0.194068 -0.977147 -0.100661 0.187220 -0.977147 -0.114058 0.179373 -0.977147 -0.126848 0.170569 -0.977147 -0.138960 0.160854 -0.977147 -0.150330 0.150282 -0.977147 -0.160899 0.138907 -0.977147 -0.170610 0.126792 -0.977147 -0.179410 0.113999 -0.977147 -0.187252 0.100600 -0.977147 -0.194097 0.086662 -0.977147 -0.199905 0.072263 -0.977147 -0.204646 0.057478 -0.977147 -0.208296 0.042387 -0.977147 -0.210835 0.027070 -0.977147 -0.212248 0.011607 -0.977147 -0.212529 -0.003917 -0.977147 -0.211676 -0.019420 -0.977147 -0.209694 -0.034819 -0.977147 -0.206592 -0.050034 -0.977147 -0.202390 -0.064981 -0.977147 -0.197106 -0.079581 -0.977147 -0.190772 -0.093756 -0.977147 -0.183418 -0.107431 -0.977147 -0.175088 -0.120534 -0.977147 -0.165822 -0.132992 -0.977147 -0.155672 -0.144742 -0.977147 -0.144691 -0.155719 -0.977147 -0.132939 -0.165865 -0.977147 -0.120476 -0.175127 -0.977147 -0.107371 -0.183454 -0.977147 -0.093694 -0.190802 -0.977147 -0.079516 -0.197132 -0.977147 -0.064914 -0.202411 -0.977147 -0.049966 -0.206610 -0.977147 -0.034751 -0.209705 -0.977147 -0.019351 -0.211683 -0.977147 -0.003848 -0.212530 -0.977147 0.011677 -0.212245 -0.977147 0.027138 -0.210826 -0.977147 0.042455 -0.208283 -0.977147 0.057545 -0.204627 -0.977147 0.072329 -0.199881 -0.977147 0.086726 -0.194068 -0.977147 0.100661 -0.187220 -0.977147 0.114058 -0.179373 -0.977147 0.126848 -0.170569 -0.977147 0.138960 -0.160854 -0.977147 0.150330 -0.150282 -0.977147 0.160899 -0.138907 -0.977147 0.170610 -0.126792 -0.977147 0.179410 -0.113999 -0.977147 0.187252 -0.100600 -0.977147 0.194097 -0.086662 -0.977147 0.199905 -0.072263 -0.977147 0.204646 -0.057478 -0.977147 0.208296 -0.042387 -0.977147 0.210835 -0.027070 -0.977147 0.212248 -0.011607 -0.977147 0.212529 0.003917 -0.977147 0.211676 0.019420 -0.977147 0.209694 0.034819 -0.977147 0.206592 0.050034 -0.977147 0.202390 0.064981 -0.977147 0.197106 0.079581 -0.977147 0.190772 0.093756 -0.977147 0.183418 0.107431 -0.977147 0.175088 0.120534 -0.977147 0.165822 0.132992 -0.977147 0.155672 0.144742 -0.977147 0.144691 0.155719 -0.977147 0.132939 0.165865 -0.977147 0.120476 0.175127 -0.977147 0.071886 0.122825 -0.989821 0.062729 0.127744 -0.989821 0.053237 0.131982 -0.989821 0.043460 0.135516 -0.989821 0.033453 0.138328 -0.989821 0.023266 0.140400 -0.989821 0.012956 0.141724 -0.989821 0.002577 0.142292 -0.989821 -0.007818 0.142100 -0.989821 -0.018169 0.141150 -0.989821 -0.028424 0.139447 -0.989821 -0.038527 0.137001 -0.989821 -0.048425 0.133823 -0.989821 -0.058064 0.129931 -0.989821 -0.067393 0.125346 -0.989821 -0.076364 0.120092 -0.989821 -0.084926 0.114198 -0.989821 -0.093035 0.107694 -0.989821 -0.100648 0.100615 -0.989821 -0.107724 0.093001 -0.989821 -0.114225 0.084888 -0.989821 -0.120117 0.076325 -0.989821 -0.125368 0.067352 -0.989821 -0.129950 0.058022 -0.989821 -0.133839 0.048381 -0.989821 -0.137013 0.038483 -0.989821 -0.139457 0.028378 -0.989821 -0.141156 0.018123 -0.989821 -0.142103 0.007772 -0.989821 -0.142291 -0.002623 -0.989821 -0.141719 -0.013002 -0.989821 -0.140393 -0.023312 -0.989821 -0.138316 -0.033498 -0.989821 -0.135502 -0.043505 -0.989821 -0.131965 -0.053280 -0.989821 -0.127724 -0.062770 -0.989821 -0.122801 -0.071927 -0.989821 -0.117223 -0.080699 -0.989821 -0.111019 -0.089040 -0.989821 -0.104224 -0.096906 -0.989821 -0.096873 -0.104255 -0.989821 -0.089003 -0.111049 -0.989821 -0.080660 -0.117249 -0.989821 -0.071886 -0.122825 -0.989821 -0.062729 -0.127744 -0.989821 -0.053237 -0.131982 -0.989821 -0.043460 -0.135516 -0.989821 -0.033453 -0.138328 -0.989821 -0.023266 -0.140400 -0.989821 -0.012956 -0.141724 -0.989821 -0.002577 -0.142292 -0.989821 0.007818 -0.142100 -0.989821 0.018169 -0.141150 -0.989821 0.028424 -0.139447 -0.989821 0.038527 -0.137001 -0.989821 0.048425 -0.133823 -0.989821 0.058064 -0.129931 -0.989821 0.067393 -0.125346 -0.989821 0.076364 -0.120092 -0.989821 0.084926 -0.114198 -0.989821 0.093035 -0.107694 -0.989821 0.100648 -0.100615 -0.989821 0.107724 -0.093001 -0.989821 0.114225 -0.084888 -0.989821 0.120117 -0.076325 -0.989821 0.125368 -0.067352 -0.989821 0.129950 -0.058022 -0.989821 0.133839 -0.048381 -0.989821 0.137013 -0.038483 -0.989821 0.139457 -0.028378 -0.989821 0.141156 -0.018123 -0.989821 0.142103 -0.007772 -0.989821 0.142291 0.002623 -0.989821 0.141719 0.013002 -0.989821 0.140393 0.023312 -0.989821 0.138316 0.033498 -0.989821 0.135502 0.043505 -0.989821 0.131965 0.053280 -0.989821 0.127724 0.062770 -0.989821 0.122801 0.071927 -0.989821 0.117223 0.080699 -0.989821 0.111019 0.089040 -0.989821 0.104224 0.096906 -0.989821 0.096873 0.104255 -0.989821 0.089003 0.111049 -0.989821 0.080660 0.117249 -0.989821 -0.005925 -0.999982 -0.000000 -0.005925 -0.999982 -0.000000 -0.005925 -0.999982 -0.000000 -0.005925 -0.999982 -0.000000 -0.005925 -0.999982 -0.000000 -0.005925 -0.999982 -0.000000 -0.005925 -0.999982 -0.000000 -0.005925 -0.999982 -0.000000 -0.005925 -0.999982 -0.000000 -0.005925 -0.999982 -0.000000 -0.005925 -0.999982 -0.000000 -0.005925 -0.999982 -0.000000 -0.005925 -0.999982 -0.000000 -0.005925 -0.999982 -0.000000 -0.005925 -0.999982 -0.000000 -0.005925 -0.999982 -0.000000 -0.005925 -0.999982 -0.000000 -0.005925 -0.999982 -0.000000 -0.005925 -0.999982 -0.000000 -0.005925 -0.999982 -0.000000 -0.005925 -0.999982 -0.000000 -0.005925 -0.999982 -0.000000 -0.005925 -0.999982 -0.000000 -0.005925 -0.999982 -0.000000 -0.005925 -0.999982 -0.000000 -0.005925 -0.999982 -0.000000 -0.005925 -0.999982 -0.000000 -0.005925 -0.999982 -0.000000 -0.005925 -0.999982 -0.000000 -0.005925 -0.999982 -0.000000 -0.005925 -0.999982 -0.000000 -0.005925 -0.999982 -0.000000 -0.005925 -0.999982 -0.000000 -0.005925 -0.999982 -0.000000 0.863048 -0.505122 -0.000000 0.863048 -0.505122 -0.000000 0.863048 -0.505122 -0.000000 0.863048 -0.505122 -0.000000 0.863048 -0.505122 -0.000000 0.863048 -0.505122 -0.000000 0.863048 -0.505122 -0.000000 0.863048 -0.505122 -0.000000 0.863048 -0.505122 -0.000000 0.863048 -0.505122 -0.000000 0.863048 -0.505122 -0.000000 0.863048 -0.505122 -0.000000 0.863048 -0.505122 -0.000000 0.863048 -0.505122 -0.000000 0.863048 -0.505122 -0.000000 0.863048 -0.505122 -0.000000 0.863048 -0.505122 -0.000000 0.863048 -0.505122 -0.000000 0.863048 -0.505122 -0.000000 0.863048 -0.505122 -0.000000 0.863048 -0.505122 -0.000000 0.863048 -0.505122 -0.000000 0.863048 -0.505122 -0.000000 0.863048 -0.505122 -0.000000 0.863048 -0.505122 -0.000000 0.863048 -0.505122 -0.000000 0.863048 -0.505122 -0.000000 0.863048 -0.505122 -0.000000 0.863048 -0.505122 -0.000000 0.863048 -0.505122 -0.000000 0.863048 -0.505122 -0.000000 0.863048 -0.505122 -0.000000 0.863048 -0.505122 -0.000000 0.863048 -0.505122 -0.000000 -0.868972 -0.494860 -0.000000 -0.868972 -0.494860 -0.000000 -0.868972 -0.494860 -0.000000 -0.868972 -0.494860 -0.000000 -0.868972 -0.494860 -0.000000 -0.868972 -0.494860 -0.000000 -0.868972 -0.494860 -0.000000 -0.868972 -0.494860 -0.000000 -0.868972 -0.494860 -0.000000 -0.868972 -0.494860 -0.000000 -0.868972 -0.494860 -0.000000 -0.868972 -0.494860 -0.000000 -0.868972 -0.494860 -0.000000 -0.868972 -0.494860 -0.000000 -0.868972 -0.494860 -0.000000 -0.868972 -0.494860 -0.000000 -0.868972 -0.494860 -0.000000 -0.868972 -0.494860 -0.000000 -0.868972 -0.494860 -0.000000 -0.868972 -0.494860 -0.000000 -0.868972 -0.494860 -0.000000 -0.868972 -0.494860 -0.000000 -0.868972 -0.494860 -0.000000 -0.868972 -0.494860 -0.000000 -0.868972 -0.494860 -0.000000 -0.868972 -0.494860 -0.000000 -0.868972 -0.494860 -0.000000 -0.868972 -0.494860 -0.000000 -0.868972 -0.494860 -0.000000 -0.868972 -0.494860 -0.000000 -0.868972 -0.494860 -0.000000 -0.868972 -0.494860 -0.000000 -0.868972 -0.494860 -0.000000 -0.868972 -0.494860 -0.000000 -0.000000 -0.000000 -1.000000 -0.000000 -0.000000 -1.000000 -0.000000 -0.000000 -1.000000 -0.000000 -0.000000 -1.000000 -0.000000 -0.000000 -1.000000 -0.000000 -0.000000 -1.000000 -0.000000 -0.000000 -1.000000 -0.000000 -0.000000 -1.000000 -0.000000 -0.000000 -1.000000 -0.000000 -0.000000 -1.000000 -0.000000 -0.000000 -1.000000 -0.000000 -0.000000 -1.000000 -0.000000 -0.000000 -1.000000 -0.000000 -0.000000 -1.000000 -0.000000 -0.000000 -1.000000 -0.000000 -0.000000 -1.000000 -0.000000 -0.000000 -1.000000 -0.000000 -0.000000 -1.000000 -0.000000 -0.000000 -1.000000 -0.000000 -0.000000 -1.000000 -0.000000 -0.000000 -1.000000 -0.000000 -0.000000 -1.000000 -0.000000 -0.000000 -1.000000 -0.000000 -0.000000 -1.000000 -0.000000 -0.000000 -1.000000 -0.000000 -0.000000 -1.000000 -0.000000 -0.000000 -1.000000 -0.000000 -0.000000 -1.000000 -0.000000 -0.000000 -1.000000 -0.000000 -0.000000 -1.000000 -0.000000 -0.000000 -1.000000 -0.000000 -0.000000 -1.000000 -0.000000 -0.000000 -1.000000 -0.000000 -0.000000 -1.000000 -0.000000 -0.000000 -1.000000 -0.000000 -0.000000 -1.000000 -0.000000 -0.000000 -1.000000 -0.000000 -0.000000 -1.000000 -0.000000 -0.000000 -1.000000 -0.000000 -0.000000 -1.000000 -0.000000 -0.000000 -1.000000 -0.000000 -0.000000 -1.000000 -0.000000 -0.000000 -1.000000 -0.000000 -0.000000 -1.000000 -0.000000 -0.000000 -1.000000 -0.000000 -0.000000 -1.000000 -0.000000 -0.000000 -1.000000 -0.000000 -0.000000 -1.000000 -0.000000 -0.000000 -1.000000 -0.000000 -0.000000 -1.000000 -0.000000 -0.000000 -1.000000 -0.000000 -0.000000 -1.000000 -0.000000 -0.000000 -1.000000 -0.000000 -0.000000 -1.000000 -0.000000 -0.000000 -1.000000 -0.000000 -0.000000 -1.000000 -0.000000 -0.000000 -1.000000 -0.000000 -0.000000 -1.000000 -0.000000 -0.000000 -1.000000 -0.000000 -0.000000 -1.000000 -0.000000 -0.000000 -1.000000 -0.000000 -0.000000 -1.000000 -0.000000 -0.000000 -1.000000 -0.000000 -0.000000 -1.000000 -0.000000 -0.000000 -1.000000 -0.000000 -0.000000 -1.000000 -0.000000 -0.000000 -1.000000 -0.000000 -0.000000 -1.000000 -0.000000 -0.000000 -1.000000 -0.000000 -0.000000 -1.000000 -0.000000 -0.000000 -1.000000 -0.000000 -0.000000 -1.000000 -0.000000 -0.000000 -1.000000 -0.000000 -0.000000 -1.000000 -0.000000 -0.000000 -1.000000 -0.000000 -0.000000 -1.000000 -0.000000 -0.000000 -1.000000 -0.000000 -0.000000 -1.000000 -0.000000 -0.000000 -1.000000 -0.000000 -0.000000 -1.000000 -0.000000 -0.000000 -1.000000 -0.000000 -0.000000 -1.000000 -0.000000 -0.000000 -1.000000 -0.000000 -0.000000 -1.000000 -0.000000 -0.000000 -1.000000 -0.000000 -0.000000 -1.000000 -0.000000 -0.000000 -1.000000 -0.000000 -0.000000 -1.000000 -0.000000 -0.000000 -1.000000 -0.000000 -0.000000 -1.000000 -0.000000 -0.000000 -1.000000 -0.000000 -0.000000 -1.000000 -0.000000 -0.000000 -1.000000 -0.000000 -0.000000 -1.000000 -0.000000 -0.000000 -1.000000 -0.000000 -0.000000 -1.000000 -0.000000 -0.000000 -1.000000 -0.000000 -0.000000 -1.000000 -0.000000 -0.000000 -1.000000 -0.000000 -0.000000 -1.000000 -0.000000 -0.000000 -1.000000 -0.000000 -0.000000 -1.000000 -0.000000 -0.000000 -1.000000 -0.000000 -0.000000 -1.000000 -0.000000 -0.000000 -1.000000 -0.000000 -0.000000 -1.000000 -0.000000 -0.000000 -1.000000 -0.000000 -0.000000 -1.000000 -0.000000 -0.000000 -1.000000 -0.000000 -0.000000 -1.000000 -0.000000 -0.000000 -1.000000 -0.000000 -0.000000 -1.000000 -0.000000 -0.000000 -1.000000 -0.000000 -0.000000 -1.000000 -0.000000 -0.000000 -1.000000 -0.000000 -0.000000 -1.000000 -0.000000 -0.000000 -1.000000 -0.000000 -0.000000 -1.000000 -0.000000 -0.000000 -1.000000 -0.000000 -0.000000 -1.000000 -0.000000 -0.000000 -1.000000 -0.000000 -0.000000 -1.000000 -0.000000 -0.000000 -1.000000 -0.000000 -0.000000 -1.000000 -0.000000 -0.000000 -1.000000 -0.000000 -0.000000 -1.000000 -0.000000 -0.000000 -1.000000 -0.000000 -0.000000 -1.000000 -0.000000 -0.000000 -1.000000 -0.000000 -0.000000 -1.000000 -0.000000 -0.000000 -1.000000 -0.000000 -0.000000 -1.000000 -0.000000 -0.000000 -1.000000 -0.000000 -0.000000 -1.000000 -0.000000 -0.000000 -1.000000 -0.000000 -0.000000 -1.000000 -0.000000 -0.000000 -1.000000 -0.000000 -0.000000 -1.000000 -0.000000 -0.000000 -1.000000 -0.000000 -0.000000 -1.000000 -0.000000 -0.000000 -1.000000 -0.000000 -0.000000 -1.000000 -0.000000 -0.000000 -1.000000 -0.000000 -0.000000 -1.000000 -0.000000 -0.000000 -1.000000 -0.000000 -0.000000 -1.000000 -0.000000 -0.000000 -1.000000 -0.000000 -0.000000 -1.000000 -0.000000 -0.000000 -1.000000 -0.000000 -0.000000 -1.000000 -0.000000 -0.000000 -1.000000 -0.000000 -0.000000 -1.000000 -0.000000 -0.000000 -1.000000 -0.000000 -0.000000 -1.000000 -0.000000 -0.000000 -1.000000 -0.000000 -0.000000 -1.000000 -0.000000 -0.000000 -1.000000 -0.000000 -0.000000 -1.000000 -0.000000 -0.000000 -1.000000 -0.000000 -0.000000 -1.000000 -0.000000 -0.000000 -1.000000 -0.000000 -0.000000 -1.000000 -0.000000 -0.000000 -1.000000 -0.000000 -0.000000 -1.000000 -0.000000 -0.000000 -1.000000 -0.000000 -0.000000 -1.000000 -0.000000 -0.000000 -1.000000 -0.000000 -0.000000 -1.000000 -0.000000 -0.000000 -1.000000 -0.000000 -0.000000 -1.000000 -0.000000 -0.000000 -1.000000 -0.000000 -0.000000 -1.000000 -0.000000 -0.000000 -1.000000 -0.000000 -0.000000 -1.000000 -0.000000 -0.000000 -1.000000 -0.000000 -0.000000 -1.000000 0.271964 0.652714 -0.707107 0.271964 0.652714 -0.707107 0.243080 0.664012 -0.707107 0.243080 0.664012 -0.707107 0.213728 0.674033 -0.707107 0.213728 0.674033 -0.707107 0.183965 0.682757 -0.707107 0.183965 0.682757 -0.707107 0.153848 0.690167 -0.707107 0.153848 0.690167 -0.707107 0.123435 0.696250 -0.707107 0.123435 0.696250 -0.707107 0.092785 0.700993 -0.707107 0.092785 0.700993 -0.707107 0.061956 0.704387 -0.707107 0.061956 0.704387 -0.707107 0.031008 0.706427 -0.707107 0.031008 0.706427 -0.707107 -0.000000 0.707107 -0.707107 -0.000000 0.707107 -0.707107 -0.031008 0.706427 -0.707107 -0.031008 0.706427 -0.707107 -0.061956 0.704387 -0.707107 -0.061956 0.704387 -0.707107 -0.092785 0.700993 -0.707107 -0.092785 0.700993 -0.707107 -0.123435 0.696250 -0.707107 -0.123435 0.696250 -0.707107 -0.153848 0.690167 -0.707107 -0.153848 0.690167 -0.707107 -0.183965 0.682757 -0.707107 -0.183965 0.682757 -0.707107 -0.213728 0.674033 -0.707107 -0.213728 0.674033 -0.707107 -0.243080 0.664012 -0.707107 -0.243080 0.664012 -0.707107 -0.271964 0.652714 -0.707107 -0.271964 0.652714 -0.707107 0.228459 0.669183 -0.707107 0.228459 0.669183 -0.707107 0.183965 0.682757 -0.707107 0.183965 0.682757 -0.707107 0.138675 0.693375 -0.707107 0.138675 0.693375 -0.707107 0.092785 0.700993 -0.707107 0.092785 0.700993 -0.707107 0.046493 0.705577 -0.707107 0.046493 0.705577 -0.707107 -0.000000 0.707107 -0.707107 -0.000000 0.707107 -0.707107 -0.579686 -0.404925 -0.707107 -0.579686 -0.404925 -0.707107 -0.538474 -0.458307 -0.707107 -0.533964 -0.463555 -0.707107 -0.492364 -0.507521 -0.707107 -0.482337 -0.517060 -0.707107 -0.441775 -0.552118 -0.707107 -0.425379 -0.564848 -0.707107 -0.387168 -0.591693 -0.707107 -0.363717 -0.606391 -0.707107 -0.329039 -0.625886 -0.707107 -0.298034 -0.641230 -0.707107 -0.267917 -0.654386 -0.707107 -0.229055 -0.668980 -0.707107 -0.204358 -0.676933 -0.707107 -0.157545 -0.689333 -0.707107 -0.138940 -0.693322 -0.707107 -0.084292 -0.702065 -0.707107 -0.072258 -0.703405 -0.707107 -0.010108 -0.707035 -0.707107 -0.004919 -0.707090 -0.707107 0.064188 -0.704187 -0.707107 0.062465 -0.704342 -0.707107 0.129281 -0.695188 -0.707107 0.137775 -0.693555 -0.707107 0.194921 -0.679710 -0.707107 0.209838 -0.675254 -0.707107 0.258787 -0.658049 -0.707107 0.279581 -0.649488 -0.707107 0.320300 -0.630403 -0.707107 0.346233 -0.616541 -0.707107 0.378899 -0.597022 -0.707107 0.409058 -0.576777 -0.707107 0.434052 -0.558211 -0.707107 0.467359 -0.530637 -0.707107 0.485256 -0.514321 -0.707107 0.520494 -0.478629 -0.707107 0.532046 -0.465754 -0.707107 0.567874 -0.421330 -0.707107 0.573997 -0.412950 -0.707107 0.608975 -0.359373 -0.707107 0.610726 -0.356389 -0.707107 0.643344 -0.293443 -0.707107 0.641900 -0.296587 -0.707107 0.667236 -0.234087 -0.707107 0.670600 -0.224268 -0.707107 0.686501 -0.169457 -0.707107 0.690441 -0.152614 -0.707107 0.699523 -0.103287 -0.707107 0.702649 -0.079272 -0.707107 0.706181 -0.036176 -0.707107 0.707089 -0.005054 -0.707107 0.706415 0.031263 -0.707107 0.703711 0.069220 -0.707107 0.700224 0.098418 -0.707107 0.692552 0.142728 -0.707107 0.687664 0.164678 -0.707107 0.673737 0.214659 -0.707107 0.668848 0.229440 -0.707107 0.647473 0.284216 -0.707107 0.643948 0.292115 -0.707107 0.614050 0.350631 -0.707107 0.613191 0.352133 -0.707107 0.576855 0.408947 -0.707107 0.573839 0.413170 -0.707107 0.535273 0.462042 -0.707107 0.527283 0.471140 -0.707107 0.488822 0.510934 -0.707107 0.474897 0.523902 -0.707107 0.437924 0.555178 -0.707107 0.417261 0.570871 -0.707107 0.383043 0.594372 -0.707107 0.355011 0.611528 -0.707107 0.324677 0.628160 -0.707107 0.288837 0.645425 -0.707107 0.263358 0.656233 -0.707107 0.219469 0.672185 -0.707107 0.199644 0.678338 -0.707107 0.147675 0.691514 -0.707107 0.134114 0.694272 -0.707107 0.074248 0.703198 -0.707107 0.067363 0.703891 -0.707107 -0.549176 -0.445428 -0.707107 -0.549176 -0.445428 -0.707107 -0.515841 -0.483640 -0.707107 -0.515841 -0.483640 -0.707107 -0.479854 -0.519366 -0.707107 -0.479854 -0.519366 -0.707107 -0.441398 -0.552420 -0.707107 -0.441398 -0.552420 -0.707107 -0.400673 -0.582633 -0.707107 -0.400673 -0.582633 -0.707107 -0.357887 -0.609850 -0.707107 -0.357887 -0.609850 -0.707107 -0.313261 -0.633930 -0.707107 -0.313261 -0.633930 -0.707107 -0.267023 -0.654751 -0.707107 -0.267023 -0.654751 -0.707107 -0.219413 -0.672204 -0.707107 -0.219413 -0.672204 -0.707107 -0.170674 -0.686200 -0.707107 -0.170674 -0.686200 -0.707107 -0.121057 -0.696667 -0.707107 -0.121057 -0.696667 -0.707107 0.121057 -0.696667 -0.707107 0.121057 -0.696667 -0.707107 0.086679 -0.701774 -0.707107 0.086679 -0.701774 -0.707107 0.052091 -0.705185 -0.707107 0.052091 -0.705185 -0.707107 0.017378 -0.706893 -0.707107 0.017378 -0.706893 -0.707107 -0.017378 -0.706893 -0.707107 -0.017378 -0.706893 -0.707107 -0.052091 -0.705185 -0.707107 -0.052091 -0.705185 -0.707107 -0.086679 -0.701774 -0.707107 -0.086679 -0.701774 -0.707107 0.170674 -0.686200 -0.707107 0.170674 -0.686200 -0.707107 0.219413 -0.672204 -0.707107 0.219413 -0.672204 -0.707107 0.267023 -0.654751 -0.707107 0.267023 -0.654751 -0.707107 0.313261 -0.633930 -0.707107 0.313261 -0.633930 -0.707107 0.357887 -0.609850 -0.707107 0.357887 -0.609850 -0.707107 0.400673 -0.582633 -0.707107 0.400673 -0.582633 -0.707107 0.441398 -0.552420 -0.707107 0.441398 -0.552420 -0.707107 0.479854 -0.519366 -0.707107 0.479854 -0.519366 -0.707107 0.515841 -0.483640 -0.707107 0.515841 -0.483640 -0.707107 0.549176 -0.445428 -0.707107 0.549176 -0.445428 -0.707107 0.579686 -0.404925 -0.707107 0.579686 -0.404925 -0.707107 -0.000000 0.707107 -0.707107 -0.000000 0.707107 -0.707107 -0.067363 0.703891 -0.707107 -0.074248 0.703198 -0.707107 -0.134114 0.694272 -0.707107 -0.147675 0.691514 -0.707107 -0.199644 0.678338 -0.707107 -0.219469 0.672185 -0.707107 -0.263358 0.656233 -0.707107 -0.288837 0.645425 -0.707107 -0.324677 0.628160 -0.707107 -0.355011 0.611528 -0.707107 -0.383043 0.594372 -0.707107 -0.417261 0.570871 -0.707107 -0.437924 0.555178 -0.707107 -0.474897 0.523902 -0.707107 -0.488822 0.510934 -0.707107 -0.527283 0.471140 -0.707107 -0.535273 0.462042 -0.707107 -0.573839 0.413170 -0.707107 -0.576855 0.408947 -0.707107 -0.614050 0.350631 -0.707107 -0.613191 0.352133 -0.707107 -0.643948 0.292115 -0.707107 -0.647473 0.284216 -0.707107 -0.668848 0.229440 -0.707107 -0.673737 0.214659 -0.707107 -0.687664 0.164678 -0.707107 -0.692552 0.142728 -0.707107 -0.700224 0.098418 -0.707107 -0.703711 0.069220 -0.707107 -0.706415 0.031263 -0.707107 -0.707089 -0.005054 -0.707107 -0.706181 -0.036176 -0.707107 -0.702649 -0.079272 -0.707107 -0.699523 -0.103287 -0.707107 -0.690441 -0.152614 -0.707107 -0.686501 -0.169457 -0.707107 -0.670600 -0.224268 -0.707107 -0.667236 -0.234087 -0.707107 -0.643344 -0.293443 -0.707107 -0.641900 -0.296587 -0.707107 -0.608975 -0.359373 -0.707107 -0.610726 -0.356389 -0.707107 -0.573997 -0.412950 -0.707107 -0.567874 -0.421330 -0.707107 -0.532046 -0.465754 -0.707107 -0.520494 -0.478629 -0.707107 -0.485256 -0.514321 -0.707107 -0.467359 -0.530637 -0.707107 -0.434052 -0.558211 -0.707107 -0.409058 -0.576777 -0.707107 -0.378899 -0.597022 -0.707107 -0.346233 -0.616541 -0.707107 -0.320300 -0.630403 -0.707107 -0.279581 -0.649488 -0.707107 -0.258787 -0.658049 -0.707107 -0.209838 -0.675254 -0.707107 -0.194921 -0.679710 -0.707107 -0.137775 -0.693555 -0.707107 -0.129281 -0.695188 -0.707107 -0.064188 -0.704187 -0.707107 -0.062465 -0.704342 -0.707107 0.004919 -0.707090 -0.707107 0.010108 -0.707035 -0.707107 0.072258 -0.703405 -0.707107 0.084292 -0.702065 -0.707107 0.138940 -0.693322 -0.707107 0.157545 -0.689333 -0.707107 0.204358 -0.676933 -0.707107 0.229055 -0.668980 -0.707107 0.267917 -0.654386 -0.707107 0.298034 -0.641230 -0.707107 0.329039 -0.625886 -0.707107 0.363717 -0.606391 -0.707107 0.387168 -0.591693 -0.707107 0.425379 -0.564848 -0.707107 0.441775 -0.552118 -0.707107 0.482337 -0.517060 -0.707107 0.492364 -0.507521 -0.707107 0.533964 -0.463555 -0.707107 0.538474 -0.458307 -0.707107 -0.046493 0.705577 -0.707107 -0.046493 0.705577 -0.707107 -0.092785 0.700993 -0.707107 -0.092785 0.700993 -0.707107 -0.138675 0.693375 -0.707107 -0.138675 0.693375 -0.707107 -0.183965 0.682757 -0.707107 -0.183965 0.682757 -0.707107 -0.228459 0.669183 -0.707107 -0.228459 0.669183 -0.707107 -0.171200 -0.985236 -0.000000 -0.171200 -0.985236 -0.000000 -0.241369 -0.970433 -0.000000 -0.241369 -0.970433 -0.000000 -0.310296 -0.950640 -0.000000 -0.310296 -0.950640 -0.000000 -0.377628 -0.925957 -0.000000 -0.377628 -0.925957 -0.000000 -0.443018 -0.896513 -0.000000 -0.443018 -0.896513 -0.000000 -0.506129 -0.862458 -0.000000 -0.506129 -0.862458 -0.000000 -0.566637 -0.823967 -0.000000 -0.566637 -0.823967 -0.000000 -0.624231 -0.781239 -0.000000 -0.624231 -0.781239 -0.000000 -0.678615 -0.734494 -0.000000 -0.678615 -0.734494 -0.000000 -0.729509 -0.683971 -0.000000 -0.729509 -0.683971 -0.000000 -0.776652 -0.629930 -0.000000 -0.776652 -0.629930 -0.000000 -0.819800 -0.572650 -0.000000 -0.819800 -0.572650 -0.000000 -0.761517 -0.648145 -0.000000 -0.761517 -0.648145 -0.000000 -0.696308 -0.717743 -0.000000 -0.696308 -0.717743 -0.000000 -0.624764 -0.780813 -0.000000 -0.624764 -0.780813 -0.000000 -0.547538 -0.836781 -0.000000 -0.547538 -0.836781 -0.000000 -0.465331 -0.885137 -0.000000 -0.465331 -0.885137 -0.000000 -0.378891 -0.925441 -0.000000 -0.378891 -0.925441 -0.000000 -0.289005 -0.957328 -0.000000 -0.289005 -0.957328 -0.000000 -0.196490 -0.980506 -0.000000 -0.196490 -0.980506 -0.000000 -0.102188 -0.994765 -0.000000 -0.102188 -0.994765 -0.000000 -0.006956 -0.999976 -0.000000 -0.006956 -0.999976 -0.000000 0.088339 -0.996090 -0.000000 0.088339 -0.996090 -0.000000 0.182831 -0.983144 -0.000000 0.182831 -0.983144 -0.000000 0.275660 -0.961255 -0.000000 0.275660 -0.961255 -0.000000 0.365981 -0.930622 -0.000000 0.365981 -0.930622 -0.000000 0.452973 -0.891524 -0.000000 0.452973 -0.891524 -0.000000 0.535844 -0.844317 -0.000000 0.535844 -0.844317 -0.000000 0.613842 -0.789429 -0.000000 0.613842 -0.789429 -0.000000 0.686256 -0.727360 -0.000000 0.686256 -0.727360 -0.000000 0.752427 -0.658676 -0.000000 0.752427 -0.658676 -0.000000 0.811754 -0.583999 -0.000000 0.811754 -0.583999 -0.000000 0.863697 -0.504011 -0.000000 0.863697 -0.504011 -0.000000 0.907784 -0.419437 -0.000000 0.907784 -0.419437 -0.000000 0.943614 -0.331049 0.000000 0.943614 -0.331049 0.000000 0.970860 -0.239649 0.000000 0.970860 -0.239649 0.000000 0.989274 -0.146069 0.000000 0.989274 -0.146069 0.000000 0.998690 -0.051161 0.000000 0.998690 -0.051161 0.000000 0.999022 0.044213 0.000000 0.999022 0.044213 0.000000 0.990266 0.139185 0.000000 0.990266 0.139185 0.000000 0.972503 0.232890 0.000000 0.972503 0.232890 0.000000 0.945894 0.324477 0.000000 0.945894 0.324477 0.000000 0.910680 0.413113 0.000000 0.910680 0.413113 0.000000 0.867182 0.497991 0.000000 0.867182 0.497991 0.000000 0.815797 0.578339 0.000000 0.815797 0.578339 0.000000 0.756991 0.653426 0.000000 0.756991 0.653426 0.000000 0.691298 0.722569 0.000000 0.691298 0.722569 0.000000 0.619318 0.785140 0.000000 0.619318 0.785140 0.000000 0.541704 0.840569 0.000000 0.541704 0.840569 0.000000 0.459163 0.888352 0.000000 0.459163 0.888352 0.000000 0.372445 0.928054 0.000000 0.372445 0.928054 0.000000 0.282339 0.959315 0.000000 0.282339 0.959315 0.000000 0.189665 0.981849 0.000000 0.189665 0.981849 0.000000 0.095266 0.995452 0.000000 0.095266 0.995452 0.000000 -0.000000 1.000000 0.000000 -0.000000 1.000000 0.000000 0.065751 0.997836 0.000000 0.065751 0.997836 0.000000 0.131218 0.991354 0.000000 0.131218 0.991354 0.000000 0.196116 0.980581 0.000000 0.196116 0.980581 0.000000 0.260166 0.965564 0.000000 0.260166 0.965564 0.000000 0.323090 0.946368 0.000000 0.323090 0.946368 0.000000 0.384615 0.923077 0.000000 0.384615 0.923077 0.000000 0.343767 0.939055 0.000000 0.343767 0.939055 0.000000 0.302257 0.953226 0.000000 0.302257 0.953226 0.000000 0.260166 0.965564 0.000000 0.260166 0.965564 0.000000 0.217574 0.976044 0.000000 0.217574 0.976044 0.000000 0.174564 0.984646 0.000000 0.174564 0.984646 0.000000 0.131218 0.991354 0.000000 0.131218 0.991354 0.000000 0.087619 0.996154 0.000000 0.087619 0.996154 0.000000 0.043852 0.999038 0.000000 0.043852 0.999038 0.000000 -0.000000 1.000000 0.000000 -0.000000 1.000000 0.000000 -0.043852 0.999038 0.000000 -0.043852 0.999038 0.000000 -0.087619 0.996154 0.000000 -0.087619 0.996154 0.000000 -0.131218 0.991354 0.000000 -0.131218 0.991354 0.000000 -0.174564 0.984646 0.000000 -0.174564 0.984646 0.000000 -0.217574 0.976044 0.000000 -0.217574 0.976044 0.000000 -0.260166 0.965564 0.000000 -0.260166 0.965564 0.000000 -0.302257 0.953226 0.000000 -0.302257 0.953226 0.000000 -0.343767 0.939055 0.000000 -0.343767 0.939055 0.000000 -0.384615 0.923077 0.000000 -0.384615 0.923077 0.000000 -0.000000 -0.000000 -1.000000 -0.000000 -0.000000 -1.000000 -0.000000 -0.000000 -1.000000 -0.000000 -0.000000 -1.000000 -0.000000 -0.000000 -1.000000 -0.000000 -0.000000 -1.000000 -0.000000 -0.000000 -1.000000 -0.000000 -0.000000 -1.000000 -0.000000 -0.000000 -1.000000 -0.000000 -0.000000 -1.000000 -0.000000 -0.000000 -1.000000 -0.000000 -0.000000 -1.000000 -0.000000 -0.000000 -1.000000 -0.000000 -0.000000 -1.000000 -0.000000 -0.000000 -1.000000 -0.000000 -0.000000 -1.000000 -0.000000 -0.000000 -1.000000 -0.000000 -0.000000 -1.000000 -0.000000 -0.000000 -1.000000 -0.000000 -0.000000 -1.000000 -0.000000 -0.000000 -1.000000 -0.000000 -0.000000 -1.000000 -0.000000 -0.000000 -1.000000 -0.000000 -0.000000 -1.000000 -0.000000 -0.000000 -1.000000 -0.000000 -0.000000 -1.000000 -0.000000 -0.000000 -1.000000 -0.000000 -0.000000 -1.000000 -0.000000 -0.000000 -1.000000 -0.000000 -0.000000 -1.000000 -0.000000 -0.000000 -1.000000 -0.000000 -0.000000 -1.000000 -0.000000 -0.000000 -1.000000 -0.000000 -0.000000 -1.000000 -0.000000 -0.000000 -1.000000 -0.000000 -0.000000 -1.000000 -0.000000 -0.000000 -1.000000 -0.000000 -0.000000 -1.000000 -0.000000 -0.000000 -1.000000 -0.000000 -0.000000 -1.000000 -0.000000 -0.000000 -1.000000 -0.000000 -0.000000 -1.000000 -0.000000 -0.000000 -1.000000 -0.000000 -0.000000 -1.000000 -0.000000 -0.000000 -1.000000 -0.000000 -0.000000 -1.000000 -0.000000 -0.000000 -1.000000 -0.000000 -0.000000 -1.000000 -0.000000 -0.000000 -1.000000 -0.000000 -0.000000 -1.000000 -0.000000 -0.000000 -1.000000 -0.000000 -0.000000 -1.000000 -0.000000 -0.000000 -1.000000 -0.000000 -0.000000 -1.000000 -0.000000 -0.000000 -1.000000 -0.000000 -0.000000 -1.000000 -0.000000 -0.000000 -1.000000 -0.000000 -0.000000 -1.000000 -0.000000 -0.000000 -1.000000 -0.000000 -0.000000 -1.000000 -0.000000 -0.000000 -1.000000 -0.000000 -0.000000 -1.000000 -0.000000 -0.000000 -1.000000 -0.000000 -0.000000 -1.000000 -0.000000 -0.000000 -1.000000 -0.000000 -0.000000 -1.000000 -0.000000 -0.000000 -1.000000 -0.000000 -0.000000 -1.000000 -0.000000 -0.000000 -1.000000 -0.000000 -0.000000 -1.000000 -0.000000 -0.000000 -1.000000 -0.000000 -0.000000 -1.000000 -0.000000 -0.000000 -1.000000 -0.000000 -0.000000 -1.000000 -0.000000 -0.000000 -1.000000 -0.000000 -0.000000 -1.000000 -0.000000 -0.000000 -1.000000 -0.000000 -0.000000 -1.000000 -0.000000 -0.000000 -1.000000 -0.000000 -0.000000 -1.000000 -0.000000 -0.000000 -1.000000 -0.000000 -0.000000 -1.000000 -0.000000 -0.000000 -1.000000 -0.000000 -0.000000 -1.000000 -0.000000 -0.000000 -1.000000 -0.000000 -0.000000 -1.000000 -0.000000 -0.000000 -1.000000 -0.000000 -0.000000 -1.000000 -0.000000 -0.000000 -1.000000 -0.000000 -0.000000 -1.000000 -0.000000 -0.000000 -1.000000 -0.000000 -0.000000 -1.000000 -0.000000 -0.000000 -1.000000 -0.000000 -0.000000 -1.000000 -0.000000 -0.000000 -1.000000 -0.000000 -0.000000 -1.000000 -0.000000 -0.000000 -1.000000 -0.000000 -0.000000 -1.000000 -0.000000 -0.000000 -1.000000 -0.000000 -0.000000 -1.000000 -0.000000 -0.000000 -1.000000 -0.000000 -0.000000 -1.000000 -0.000000 -0.000000 -1.000000 -0.000000 -0.000000 -1.000000 -0.000000 -0.000000 -1.000000 -0.000000 -0.000000 -1.000000 -0.000000 -0.000000 -1.000000 -0.000000 -0.000000 -1.000000 -0.000000 -0.000000 -1.000000 -0.000000 -0.000000 -1.000000 -0.000000 -0.000000 -1.000000 -0.000000 -0.000000 -1.000000 -0.000000 -0.000000 -1.000000 -0.000000 -0.000000 -1.000000 -0.000000 -0.000000 -1.000000 -0.000000 -0.000000 -1.000000 -0.000000 -0.000000 -1.000000 -0.000000 -0.000000 -1.000000 -0.000000 -0.000000 -1.000000 -0.000000 -0.000000 -1.000000 -0.000000 -0.000000 -1.000000 -0.000000 -0.000000 -1.000000 -0.000000 -0.000000 -1.000000 -0.000000 -0.000000 -1.000000 -0.000000 -0.000000 -1.000000 -0.000000 -0.000000 -1.000000 -0.000000 -0.000000 -1.000000 -0.000000 -0.000000 -1.000000 -0.000000 -0.000000 -1.000000 -0.000000 -0.000000 -1.000000 -0.000000 -0.000000 -1.000000 -0.000000 -0.000000 -1.000000 -0.000000 -0.000000 -1.000000 -0.000000 -0.000000 -1.000000 -0.000000 -0.000000 -1.000000 -0.000000 -0.000000 -1.000000 -0.000000 -0.000000 -1.000000 -0.000000 -0.000000 -1.000000 -0.000000 -0.000000 -1.000000 -0.000000 -0.000000 -1.000000 -0.000000 -0.000000 -1.000000 -0.000000 -0.000000 -1.000000 -0.000000 -0.000000 -1.000000 -0.000000 -0.000000 -1.000000 -0.000000 -0.000000 -1.000000 -0.000000 -0.000000 -1.000000 -0.000000 -0.000000 -1.000000 -0.000000 -0.000000 -1.000000 -0.000000 -0.000000 -1.000000 -0.000000 -0.000000 -1.000000 -0.000000 -0.000000 -1.000000 -0.000000 -0.000000 -1.000000 -0.000000 -0.000000 -1.000000 -0.000000 -0.000000 -1.000000 -0.000000 -0.000000 -1.000000 -0.000000 -0.000000 -1.000000 -0.000000 -0.000000 -1.000000 -0.000000 -0.000000 -1.000000 -0.000000 -0.000000 -1.000000 -0.000000 -0.000000 -1.000000 -0.000000 -0.000000 -1.000000 -0.000000 -0.000000 -1.000000 -0.000000 -0.000000 -1.000000 -0.000000 -0.000000 -1.000000 -0.000000 -0.000000 -1.000000 -0.000000 -0.000000 -1.000000 -0.000000 -0.000000 -1.000000 -0.000000 -0.000000 -1.000000 -0.000000 -0.000000 -1.000000 -0.000000 -0.000000 -1.000000 -0.000000 -0.000000 -1.000000 -0.000000 -0.000000 -1.000000 -0.000000 -0.000000 -1.000000 -0.000000 -0.000000 -1.000000 -0.000000 -0.000000 -1.000000 -0.000000 -0.000000 -1.000000 -0.000000 -0.000000 -1.000000 -0.000000 -0.000000 -1.000000 -0.000000 -0.000000 -1.000000 -0.000000 -0.000000 -1.000000 -0.000000 -0.000000 -1.000000 -0.000000 -0.000000 -1.000000 -0.000000 -0.000000 -1.000000 -0.000000 -0.000000 -1.000000 -0.000000 -0.000000 -1.000000 -0.000000 -0.000000 -1.000000 -0.000000 -0.000000 -1.000000 -0.000000 -0.000000 -1.000000 -0.000000 -0.000000 -1.000000 -0.000000 -0.000000 -1.000000 -0.000000 -0.000000 -1.000000 -0.000000 -0.000000 -1.000000 -0.000000 -0.000000 -1.000000 -0.000000 -0.000000 -1.000000 -0.000000 -0.000000 -1.000000 -0.000000 -0.000000 -1.000000 -0.000000 -0.000000 -1.000000 -0.000000 -0.000000 -1.000000 -0.000000 -0.000000 -1.000000 -0.000000 -0.000000 -1.000000 -0.000000 -0.000000 -1.000000 -0.000000 -0.000000 -1.000000 -0.000000 -0.000000 -1.000000 -0.000000 -0.000000 -1.000000 -0.000000 -0.000000 -1.000000 -0.000000 -0.000000 -1.000000 -0.000000 -0.000000 -1.000000 -0.271964 0.652714 0.707107 -0.271964 0.652714 0.707107 -0.243080 0.664012 0.707107 -0.243080 0.664012 0.707107 -0.213728 0.674033 0.707107 -0.213728 0.674033 0.707107 -0.183965 0.682757 0.707107 -0.183965 0.682757 0.707107 -0.153848 0.690167 0.707107 -0.153848 0.690167 0.707107 -0.123435 0.696250 0.707107 -0.123435 0.696250 0.707107 -0.092785 0.700993 0.707107 -0.092785 0.700993 0.707107 -0.061956 0.704387 0.707107 -0.061956 0.704387 0.707107 -0.031008 0.706427 0.707107 -0.031008 0.706427 0.707107 0.000000 0.707107 0.707107 0.000000 0.707107 0.707107 0.031008 0.706427 0.707107 0.031008 0.706427 0.707107 0.061956 0.704387 0.707107 0.061956 0.704387 0.707107 0.092785 0.700993 0.707107 0.092785 0.700993 0.707107 0.123435 0.696250 0.707107 0.123435 0.696250 0.707107 0.153848 0.690167 0.707107 0.153848 0.690167 0.707107 0.183965 0.682757 0.707107 0.183965 0.682757 0.707107 0.213728 0.674033 0.707107 0.213728 0.674033 0.707107 0.243080 0.664012 0.707107 0.243080 0.664012 0.707107 0.271964 0.652714 0.707107 0.271964 0.652714 0.707107 -0.228459 0.669183 0.707107 -0.228459 0.669183 0.707107 -0.183965 0.682757 0.707107 -0.183965 0.682757 0.707107 -0.138675 0.693375 0.707107 -0.138675 0.693375 0.707107 -0.092785 0.700993 0.707107 -0.092785 0.700993 0.707107 -0.046493 0.705577 0.707107 -0.046493 0.705577 0.707107 0.000000 0.707107 0.707107 0.000000 0.707107 0.707107 0.579686 -0.404925 0.707107 0.579686 -0.404925 0.707107 0.538474 -0.458307 0.707107 0.533964 -0.463555 0.707107 0.492364 -0.507521 0.707107 0.482337 -0.517060 0.707107 0.441775 -0.552118 0.707107 0.425379 -0.564848 0.707107 0.387168 -0.591693 0.707107 0.363717 -0.606391 0.707107 0.329039 -0.625886 0.707107 0.298034 -0.641230 0.707107 0.267917 -0.654386 0.707107 0.229055 -0.668980 0.707107 0.204358 -0.676933 0.707107 0.157545 -0.689333 0.707107 0.138940 -0.693322 0.707107 0.084292 -0.702065 0.707107 0.072258 -0.703405 0.707107 0.010108 -0.707035 0.707107 0.004919 -0.707090 0.707107 -0.064188 -0.704187 0.707107 -0.062465 -0.704342 0.707107 -0.129281 -0.695188 0.707107 -0.137775 -0.693555 0.707107 -0.194921 -0.679710 0.707107 -0.209838 -0.675254 0.707107 -0.258787 -0.658049 0.707107 -0.279581 -0.649488 0.707107 -0.320300 -0.630403 0.707107 -0.346233 -0.616541 0.707107 -0.378899 -0.597022 0.707107 -0.409058 -0.576777 0.707107 -0.434052 -0.558211 0.707107 -0.467359 -0.530637 0.707107 -0.485256 -0.514321 0.707107 -0.520494 -0.478629 0.707107 -0.532046 -0.465754 0.707107 -0.567874 -0.421330 0.707107 -0.573997 -0.412950 0.707107 -0.608975 -0.359373 0.707107 -0.610726 -0.356389 0.707107 -0.643344 -0.293443 0.707107 -0.641900 -0.296587 0.707107 -0.667236 -0.234087 0.707107 -0.670600 -0.224268 0.707107 -0.686501 -0.169457 0.707107 -0.690441 -0.152614 0.707107 -0.699523 -0.103287 0.707107 -0.702649 -0.079272 0.707107 -0.706181 -0.036176 0.707107 -0.707089 -0.005054 0.707107 -0.706415 0.031263 0.707107 -0.703711 0.069220 0.707107 -0.700224 0.098418 0.707107 -0.692552 0.142728 0.707107 -0.687664 0.164678 0.707107 -0.673737 0.214659 0.707107 -0.668848 0.229440 0.707107 -0.647473 0.284216 0.707107 -0.643948 0.292115 0.707107 -0.614050 0.350631 0.707107 -0.613191 0.352133 0.707107 -0.576855 0.408947 0.707107 -0.573839 0.413170 0.707107 -0.535273 0.462042 0.707107 -0.527283 0.471140 0.707107 -0.488822 0.510934 0.707107 -0.474897 0.523902 0.707107 -0.437924 0.555178 0.707107 -0.417261 0.570871 0.707107 -0.383043 0.594372 0.707107 -0.355011 0.611528 0.707107 -0.324677 0.628160 0.707107 -0.288837 0.645425 0.707107 -0.263358 0.656233 0.707107 -0.219469 0.672185 0.707107 -0.199644 0.678338 0.707107 -0.147675 0.691514 0.707107 -0.134114 0.694272 0.707107 -0.074248 0.703198 0.707107 -0.067363 0.703891 0.707107 0.549176 -0.445428 0.707107 0.549176 -0.445428 0.707107 0.515841 -0.483640 0.707107 0.515841 -0.483640 0.707107 0.479854 -0.519366 0.707107 0.479854 -0.519366 0.707107 0.441398 -0.552420 0.707107 0.441398 -0.552420 0.707107 0.400673 -0.582633 0.707107 0.400673 -0.582633 0.707107 0.357887 -0.609850 0.707107 0.357887 -0.609850 0.707107 0.313261 -0.633930 0.707107 0.313261 -0.633930 0.707107 0.267023 -0.654751 0.707107 0.267023 -0.654751 0.707107 0.219413 -0.672204 0.707107 0.219413 -0.672204 0.707107 0.170674 -0.686200 0.707107 0.170674 -0.686200 0.707107 0.121057 -0.696667 0.707107 0.121057 -0.696667 0.707107 -0.121057 -0.696667 0.707107 -0.121057 -0.696667 0.707107 -0.086679 -0.701774 0.707107 -0.086679 -0.701774 0.707107 -0.052091 -0.705185 0.707107 -0.052091 -0.705185 0.707107 -0.017378 -0.706893 0.707107 -0.017378 -0.706893 0.707107 0.017378 -0.706893 0.707107 0.017378 -0.706893 0.707107 0.052091 -0.705185 0.707107 0.052091 -0.705185 0.707107 0.086679 -0.701774 0.707107 0.086679 -0.701774 0.707107 -0.170674 -0.686200 0.707107 -0.170674 -0.686200 0.707107 -0.219413 -0.672204 0.707107 -0.219413 -0.672204 0.707107 -0.267023 -0.654751 0.707107 -0.267023 -0.654751 0.707107 -0.313261 -0.633930 0.707107 -0.313261 -0.633930 0.707107 -0.357887 -0.609850 0.707107 -0.357887 -0.609850 0.707107 -0.400673 -0.582633 0.707107 -0.400673 -0.582633 0.707107 -0.441398 -0.552420 0.707107 -0.441398 -0.552420 0.707107 -0.479854 -0.519366 0.707107 -0.479854 -0.519366 0.707107 -0.515841 -0.483640 0.707107 -0.515841 -0.483640 0.707107 -0.549176 -0.445428 0.707107 -0.549176 -0.445428 0.707107 -0.579686 -0.404925 0.707107 -0.579686 -0.404925 0.707107 0.000000 0.707107 0.707107 0.000000 0.707107 0.707107 0.067363 0.703891 0.707107 0.074248 0.703198 0.707107 0.134114 0.694272 0.707107 0.147675 0.691514 0.707107 0.199644 0.678338 0.707107 0.219469 0.672185 0.707107 0.263358 0.656233 0.707107 0.288837 0.645425 0.707107 0.324677 0.628160 0.707107 0.355011 0.611528 0.707107 0.383043 0.594372 0.707107 0.417261 0.570871 0.707107 0.437924 0.555178 0.707107 0.474897 0.523902 0.707107 0.488822 0.510934 0.707107 0.527283 0.471140 0.707107 0.535273 0.462042 0.707107 0.573839 0.413170 0.707107 0.576855 0.408947 0.707107 0.614050 0.350631 0.707107 0.613191 0.352133 0.707107 0.643948 0.292115 0.707107 0.647473 0.284216 0.707107 0.668848 0.229440 0.707107 0.673737 0.214659 0.707107 0.687664 0.164678 0.707107 0.692552 0.142728 0.707107 0.700224 0.098418 0.707107 0.703711 0.069220 0.707107 0.706415 0.031263 0.707107 0.707089 -0.005054 0.707107 0.706181 -0.036176 0.707107 0.702649 -0.079272 0.707107 0.699523 -0.103287 0.707107 0.690441 -0.152614 0.707107 0.686501 -0.169457 0.707107 0.670600 -0.224268 0.707107 0.667236 -0.234087 0.707107 0.643344 -0.293443 0.707107 0.641900 -0.296587 0.707107 0.608975 -0.359373 0.707107 0.610726 -0.356389 0.707107 0.573997 -0.412950 0.707107 0.567874 -0.421330 0.707107 0.532046 -0.465754 0.707107 0.520494 -0.478629 0.707107 0.485256 -0.514321 0.707107 0.467359 -0.530637 0.707107 0.434052 -0.558211 0.707107 0.409058 -0.576777 0.707107 0.378899 -0.597022 0.707107 0.346233 -0.616541 0.707107 0.320300 -0.630403 0.707107 0.279581 -0.649488 0.707107 0.258787 -0.658049 0.707107 0.209838 -0.675254 0.707107 0.194921 -0.679710 0.707107 0.137775 -0.693555 0.707107 0.129281 -0.695188 0.707107 0.064188 -0.704187 0.707107 0.062465 -0.704342 0.707107 -0.004919 -0.707090 0.707107 -0.010108 -0.707035 0.707107 -0.072258 -0.703405 0.707107 -0.084292 -0.702065 0.707107 -0.138940 -0.693322 0.707107 -0.157545 -0.689333 0.707107 -0.204358 -0.676933 0.707107 -0.229055 -0.668980 0.707107 -0.267917 -0.654386 0.707107 -0.298034 -0.641230 0.707107 -0.329039 -0.625886 0.707107 -0.363717 -0.606391 0.707107 -0.387168 -0.591693 0.707107 -0.425379 -0.564848 0.707107 -0.441775 -0.552118 0.707107 -0.482337 -0.517060 0.707107 -0.492364 -0.507521 0.707107 -0.533964 -0.463555 0.707107 -0.538474 -0.458307 0.707107 0.046493 0.705577 0.707107 0.046493 0.705577 0.707107 0.092785 0.700993 0.707107 0.092785 0.700993 0.707107 0.138675 0.693375 0.707107 0.138675 0.693375 0.707107 0.183965 0.682757 0.707107 0.183965 0.682757 0.707107 0.228459 0.669183 0.707107 0.228459 0.669183 0.707107 0.819800 -0.572650 -0.000000 0.819800 -0.572650 -0.000000 0.776652 -0.629930 -0.000000 0.776652 -0.629930 -0.000000 0.729509 -0.683971 -0.000000 0.729509 -0.683971 -0.000000 0.678615 -0.734494 -0.000000 0.678615 -0.734494 -0.000000 0.624231 -0.781239 -0.000000 0.624231 -0.781239 -0.000000 0.566637 -0.823967 -0.000000 0.566637 -0.823967 -0.000000 0.506129 -0.862458 -0.000000 0.506129 -0.862458 -0.000000 0.443018 -0.896513 -0.000000 0.443018 -0.896513 -0.000000 0.377628 -0.925957 -0.000000 0.377628 -0.925957 -0.000000 0.310296 -0.950640 -0.000000 0.310296 -0.950640 -0.000000 0.241369 -0.970433 -0.000000 0.241369 -0.970433 -0.000000 0.171200 -0.985236 -0.000000 0.171200 -0.985236 -0.000000 -0.000000 1.000000 0.000000 -0.000000 1.000000 0.000000 -0.095266 0.995452 0.000000 -0.095266 0.995452 0.000000 -0.189665 0.981849 0.000000 -0.189665 0.981849 0.000000 -0.282339 0.959315 0.000000 -0.282339 0.959315 0.000000 -0.372445 0.928054 0.000000 -0.372445 0.928054 0.000000 -0.459163 0.888352 0.000000 -0.459163 0.888352 0.000000 -0.541704 0.840569 0.000000 -0.541704 0.840569 0.000000 -0.619318 0.785140 0.000000 -0.619318 0.785140 0.000000 -0.691298 0.722569 0.000000 -0.691298 0.722569 0.000000 -0.756991 0.653426 0.000000 -0.756991 0.653426 0.000000 -0.815797 0.578339 0.000000 -0.815797 0.578339 0.000000 -0.867182 0.497991 0.000000 -0.867182 0.497991 0.000000 -0.910680 0.413113 0.000000 -0.910680 0.413113 0.000000 -0.945894 0.324477 -0.000000 -0.945894 0.324477 -0.000000 -0.972503 0.232890 -0.000000 -0.972503 0.232890 -0.000000 -0.990266 0.139185 -0.000000 -0.990266 0.139185 -0.000000 -0.999022 0.044213 -0.000000 -0.999022 0.044213 -0.000000 -0.998690 -0.051161 -0.000000 -0.998690 -0.051161 -0.000000 -0.989274 -0.146069 -0.000000 -0.989274 -0.146069 -0.000000 -0.970860 -0.239649 -0.000000 -0.970860 -0.239649 -0.000000 -0.943614 -0.331049 -0.000000 -0.943614 -0.331049 -0.000000 -0.907784 -0.419437 -0.000000 -0.907784 -0.419437 -0.000000 -0.863697 -0.504011 -0.000000 -0.863697 -0.504011 -0.000000 -0.811754 -0.583999 -0.000000 -0.811754 -0.583999 -0.000000 -0.752427 -0.658676 -0.000000 -0.752427 -0.658676 -0.000000 -0.686256 -0.727360 -0.000000 -0.686256 -0.727360 -0.000000 -0.613842 -0.789429 -0.000000 -0.613842 -0.789429 -0.000000 -0.535844 -0.844317 -0.000000 -0.535844 -0.844317 -0.000000 -0.452973 -0.891524 -0.000000 -0.452973 -0.891524 -0.000000 -0.365981 -0.930622 -0.000000 -0.365981 -0.930622 -0.000000 -0.275660 -0.961255 -0.000000 -0.275660 -0.961255 -0.000000 -0.182831 -0.983144 -0.000000 -0.182831 -0.983144 -0.000000 -0.088339 -0.996090 -0.000000 -0.088339 -0.996090 -0.000000 0.006956 -0.999976 -0.000000 0.006956 -0.999976 -0.000000 0.102188 -0.994765 -0.000000 0.102188 -0.994765 -0.000000 0.196490 -0.980506 -0.000000 0.196490 -0.980506 -0.000000 0.289005 -0.957328 -0.000000 0.289005 -0.957328 -0.000000 0.378891 -0.925441 -0.000000 0.378891 -0.925441 -0.000000 0.465331 -0.885137 -0.000000 0.465331 -0.885137 -0.000000 0.547538 -0.836781 -0.000000 0.547538 -0.836781 -0.000000 0.624764 -0.780813 -0.000000 0.624764 -0.780813 -0.000000 0.696308 -0.717743 -0.000000 0.696308 -0.717743 -0.000000 0.761517 -0.648145 -0.000000 0.761517 -0.648145 -0.000000 -0.323090 0.946368 0.000000 -0.323090 0.946368 0.000000 -0.260166 0.965564 0.000000 -0.260166 0.965564 0.000000 -0.196116 0.980581 0.000000 -0.196116 0.980581 0.000000 -0.131218 0.991354 0.000000 -0.131218 0.991354 0.000000 -0.065751 0.997836 0.000000 -0.065751 0.997836 0.000000 0.000000 0.000000 1.000000 0.000000 0.000000 1.000000 0.000000 0.000000 1.000000 0.000000 0.000000 1.000000 0.000000 0.000000 1.000000 0.000000 0.000000 1.000000 0.000000 0.000000 1.000000 0.000000 0.000000 1.000000 0.000000 0.000000 1.000000 0.000000 0.000000 1.000000 0.000000 0.000000 1.000000 0.000000 0.000000 1.000000 0.000000 0.000000 1.000000 0.000000 0.000000 1.000000 0.000000 0.000000 1.000000 0.000000 0.000000 1.000000 0.000000 0.000000 1.000000 0.000000 0.000000 1.000000 0.000000 0.000000 1.000000 0.000000 0.000000 1.000000 0.000000 0.000000 1.000000 0.000000 0.000000 1.000000 0.000000 0.000000 1.000000 0.000000 0.000000 1.000000 0.000000 0.000000 1.000000 0.000000 0.000000 1.000000 0.000000 0.000000 1.000000 0.000000 0.000000 1.000000 0.000000 0.000000 1.000000 0.000000 0.000000 1.000000 0.000000 0.000000 1.000000 0.000000 0.000000 1.000000 0.000000 0.000000 1.000000 0.000000 0.000000 1.000000 0.000000 0.000000 1.000000 0.000000 0.000000 1.000000 0.000000 0.000000 1.000000 0.000000 0.000000 1.000000 0.000000 0.000000 1.000000 0.000000 0.000000 1.000000 0.000000 0.000000 1.000000 0.000000 0.000000 1.000000 0.000000 0.000000 1.000000 0.000000 0.000000 1.000000 0.000000 0.000000 1.000000 0.000000 0.000000 1.000000 0.000000 0.000000 1.000000 0.000000 0.000000 1.000000 0.000000 0.000000 1.000000 0.000000 0.000000 1.000000 0.000000 0.000000 1.000000 0.000000 0.000000 1.000000 0.000000 0.000000 1.000000 0.000000 0.000000 1.000000 0.000000 0.000000 1.000000 0.000000 0.000000 1.000000 0.000000 0.000000 1.000000 0.000000 0.000000 1.000000 0.000000 0.000000 1.000000 0.000000 0.000000 1.000000 0.000000 0.000000 1.000000 0.000000 0.000000 1.000000 0.000000 0.000000 1.000000 0.000000 0.000000 1.000000 0.000000 0.000000 1.000000 0.000000 0.000000 1.000000 0.000000 0.000000 1.000000 0.000000 0.000000 1.000000 0.000000 0.000000 1.000000 0.000000 0.000000 1.000000 0.000000 0.000000 1.000000 0.000000 0.000000 1.000000 0.000000 0.000000 1.000000 0.000000 0.000000 1.000000 0.000000 0.000000 1.000000 0.000000 0.000000 1.000000 0.000000 0.000000 1.000000 0.000000 0.000000 1.000000 0.000000 0.000000 1.000000 0.000000 0.000000 1.000000 0.000000 0.000000 1.000000 0.000000 0.000000 1.000000 0.000000 0.000000 1.000000 0.000000 0.000000 1.000000 0.000000 0.000000 1.000000 0.000000 0.000000 1.000000 0.000000 0.000000 1.000000 0.000000 0.000000 1.000000 0.000000 0.000000 1.000000 0.000000 0.000000 1.000000 0.000000 0.000000 1.000000 0.000000 0.000000 1.000000 0.000000 0.000000 1.000000 0.000000 0.000000 1.000000 0.000000 0.000000 1.000000 0.000000 0.000000 1.000000 0.000000 0.000000 1.000000 0.000000 0.000000 1.000000 0.000000 0.000000 1.000000 0.000000 0.000000 1.000000 0.000000 0.000000 1.000000 0.000000 0.000000 1.000000 0.000000 0.000000 1.000000 0.000000 0.000000 1.000000 0.000000 0.000000 1.000000 0.000000 0.000000 1.000000 0.000000 0.000000 1.000000 0.000000 0.000000 1.000000 0.000000 0.000000 1.000000 0.000000 0.000000 1.000000 0.000000 0.000000 1.000000 0.000000 0.000000 1.000000 0.000000 0.000000 1.000000 0.000000 0.000000 1.000000 0.000000 0.000000 1.000000 0.000000 0.000000 1.000000 0.000000 0.000000 1.000000 0.000000 0.000000 1.000000 0.000000 0.000000 1.000000 0.000000 0.000000 1.000000 0.000000 0.000000 1.000000 0.000000 0.000000 1.000000 0.000000 0.000000 1.000000 0.000000 0.000000 1.000000 0.000000 0.000000 1.000000 0.000000 0.000000 1.000000 0.000000 0.000000 1.000000 0.000000 0.000000 1.000000 0.000000 0.000000 1.000000 0.000000 0.000000 1.000000 0.000000 0.000000 1.000000 0.000000 0.000000 1.000000 0.000000 0.000000 1.000000 0.000000 0.000000 1.000000 0.000000 0.000000 1.000000 0.000000 0.000000 1.000000 0.000000 0.000000 1.000000 0.000000 0.000000 1.000000 0.000000 0.000000 1.000000 0.000000 0.000000 1.000000 0.000000 0.000000 1.000000 0.000000 0.000000 1.000000 0.000000 0.000000 1.000000 0.000000 0.000000 1.000000 0.000000 0.000000 1.000000 0.000000 0.000000 1.000000 0.000000 0.000000 1.000000 0.000000 0.000000 1.000000 0.000000 0.000000 1.000000 0.000000 0.000000 1.000000 0.000000 0.000000 1.000000 0.000000 0.000000 1.000000 0.000000 0.000000 1.000000 0.000000 0.000000 1.000000 0.000000 0.000000 1.000000 0.000000 0.000000 1.000000 0.000000 0.000000 1.000000 0.000000 0.000000 1.000000 0.000000 0.000000 1.000000 0.000000 0.000000 1.000000 0.000000 0.000000 1.000000 0.000000 0.000000 1.000000 0.000000 0.000000 1.000000 0.000000 0.000000 1.000000 0.000000 0.000000 1.000000 0.000000 0.000000 1.000000 0.000000 0.000000 1.000000 0.000000 0.000000 1.000000 0.000000 0.000000 1.000000 0.000000 0.000000 1.000000 0.000000 0.000000 1.000000 0.000000 0.000000 1.000000 0.000000 0.000000 1.000000 0.000000 0.000000 1.000000 0.000000 0.000000 1.000000 0.000000 0.000000 1.000000 0.000000 0.000000 1.000000 0.000000 0.000000 1.000000 0.000000 0.000000 1.000000 0.000000 0.000000 1.000000 0.000000 0.000000 1.000000 0.000000 0.000000 1.000000 0.000000 0.000000 1.000000 0.000000 0.000000 1.000000 0.000000 0.000000 1.000000 0.000000 0.000000 1.000000 0.000000 0.000000 1.000000 0.000000 0.000000 1.000000 0.000000 0.000000 1.000000 0.000000 0.000000 1.000000 0.000000 0.000000 1.000000 0.000000 0.000000 1.000000 0.000000 0.000000 1.000000 0.000000 0.000000 1.000000 0.000000 0.000000 1.000000 0.000000 0.000000 1.000000 0.000000 0.000000 1.000000 0.000000 0.000000 1.000000 0.000000 0.000000 1.000000 0.000000 0.000000 1.000000 0.000000 0.000000 1.000000 0.000000 0.000000 1.000000 0.000000 0.000000 1.000000 0.000000 0.000000 1.000000 0.000000 0.000000 1.000000 0.000000 0.000000 1.000000 0.000000 0.000000 1.000000 0.122582 -0.992458 -0.000000 0.122582 -0.992458 -0.000000 0.073668 -0.997283 -0.000000 0.073668 -0.997283 -0.000000 0.024576 -0.999698 -0.000000 0.024576 -0.999698 -0.000000 -0.024576 -0.999698 -0.000000 -0.024576 -0.999698 -0.000000 -0.073668 -0.997283 -0.000000 -0.073668 -0.997283 -0.000000 -0.122582 -0.992458 -0.000000 -0.122582 -0.992458 -0.000000 0.983930 -0.178557 0.000000 0.983930 -0.178557 0.000000 1.000000 -0.000000 0.000000 1.000000 -0.000000 0.000000 0.983930 0.178557 0.000000 0.983930 0.178557 0.000000 0.936235 0.351375 0.000000 0.936235 0.351375 0.000000 0.858449 0.512899 0.000000 0.858449 0.512899 0.000000 0.753071 0.657939 0.000000 0.753071 0.657939 0.000000 0.623490 0.781831 0.000000 0.623490 0.781831 0.000000 0.473869 0.880596 0.000000 0.473869 0.880596 0.000000 0.309017 0.951057 0.000000 0.309017 0.951057 0.000000 0.134233 0.990950 0.000000 0.134233 0.990950 0.000000 -0.044865 0.998993 0.000000 -0.044865 0.998993 0.000000 -0.222521 0.974928 0.000000 -0.222521 0.974928 0.000000 -0.393025 0.919528 0.000000 -0.393025 0.919528 0.000000 -0.550897 0.834573 0.000000 -0.550897 0.834573 0.000000 -0.691063 0.722795 0.000000 -0.691063 0.722795 0.000000 -0.809017 0.587785 0.000000 -0.809017 0.587785 0.000000 -0.900969 0.433884 0.000000 -0.900969 0.433884 0.000000 -0.963963 0.266037 -0.000000 -0.963963 0.266037 -0.000000 -0.995974 0.089639 -0.000000 -0.995974 0.089639 -0.000000 -0.995974 -0.089639 -0.000000 -0.995974 -0.089639 -0.000000 -0.963963 -0.266037 -0.000000 -0.963963 -0.266037 -0.000000 -0.900969 -0.433884 -0.000000 -0.900969 -0.433884 -0.000000 -0.809017 -0.587785 -0.000000 -0.809017 -0.587785 -0.000000 -0.691063 -0.722795 -0.000000 -0.691063 -0.722795 -0.000000 -0.550897 -0.834573 -0.000000 -0.550897 -0.834573 -0.000000 -0.393025 -0.919528 -0.000000 -0.393025 -0.919528 -0.000000 -0.222521 -0.974928 -0.000000 -0.222521 -0.974928 -0.000000 -0.044865 -0.998993 -0.000000 -0.044865 -0.998993 -0.000000 0.134233 -0.990950 -0.000000 0.134233 -0.990950 -0.000000 0.309017 -0.951057 -0.000000 0.309017 -0.951057 -0.000000 0.473869 -0.880596 -0.000000 0.473869 -0.880596 -0.000000 0.623490 -0.781831 -0.000000 0.623490 -0.781831 -0.000000 0.753071 -0.657939 -0.000000 0.753071 -0.657939 -0.000000 0.858449 -0.512899 -0.000000 0.858449 -0.512899 -0.000000 0.936235 -0.351375 0.000000 0.936235 -0.351375 0.000000 0.983930 -0.178557 0.000000 0.983930 -0.178557 0.000000 1.000000 -0.000000 0.000000 1.000000 -0.000000 0.000000 0.983930 0.178557 0.000000 0.983930 0.178557 0.000000 0.936235 0.351375 0.000000 0.936235 0.351375 0.000000 0.858449 0.512899 0.000000 0.858449 0.512899 0.000000 0.753071 0.657939 0.000000 0.753071 0.657939 0.000000 0.623490 0.781831 0.000000 0.623490 0.781831 0.000000 0.473869 0.880596 0.000000 0.473869 0.880596 0.000000 0.309017 0.951057 0.000000 0.309017 0.951057 0.000000 0.134233 0.990950 0.000000 0.134233 0.990950 0.000000 -0.044865 0.998993 0.000000 -0.044865 0.998993 0.000000 -0.222521 0.974928 0.000000 -0.222521 0.974928 0.000000 -0.393025 0.919528 0.000000 -0.393025 0.919528 0.000000 -0.550897 0.834573 0.000000 -0.550897 0.834573 0.000000 -0.691063 0.722795 0.000000 -0.691063 0.722795 0.000000 -0.809017 0.587785 0.000000 -0.809017 0.587785 0.000000 -0.900969 0.433884 0.000000 -0.900969 0.433884 0.000000 -0.963963 0.266037 -0.000000 -0.963963 0.266037 -0.000000 -0.995974 0.089639 -0.000000 -0.995974 0.089639 -0.000000 -0.995974 -0.089639 -0.000000 -0.995974 -0.089639 -0.000000 -0.963963 -0.266037 -0.000000 -0.963963 -0.266037 -0.000000 -0.900969 -0.433884 -0.000000 -0.900969 -0.433884 -0.000000 -0.809017 -0.587785 -0.000000 -0.809017 -0.587785 -0.000000 -0.691063 -0.722795 -0.000000 -0.691063 -0.722795 -0.000000 -0.550897 -0.834573 -0.000000 -0.550897 -0.834573 -0.000000 -0.393025 -0.919528 -0.000000 -0.393025 -0.919528 -0.000000 -0.222521 -0.974928 -0.000000 -0.222521 -0.974928 -0.000000 -0.044865 -0.998993 -0.000000 -0.044865 -0.998993 -0.000000 0.134233 -0.990950 -0.000000 0.134233 -0.990950 -0.000000 0.309017 -0.951057 -0.000000 0.309017 -0.951057 -0.000000 0.473869 -0.880596 -0.000000 0.473869 -0.880596 -0.000000 0.623490 -0.781831 -0.000000 0.623490 -0.781831 -0.000000 0.753071 -0.657939 -0.000000 0.753071 -0.657939 -0.000000 0.858449 -0.512899 -0.000000 0.858449 -0.512899 -0.000000 0.936235 -0.351375 0.000000 0.936235 -0.351375 0.000000</float_array>
          <technique_common>
            <accessor source="#left_pivot-mesh-normals-array" count="6227" stride="3">
              <param name="X" type="float"/>
              <param name="Y" type="float"/>
              <param name="Z" type="float"/>
            </accessor>
          </technique_common>
        </source>
        <vertices id="left_pivot-mesh-vertices">
          <input semantic="POSITION" source="#left_pivot-mesh-positions"/>
        </vertices>
        <triangles material="AS_1420_1973_M3_x_14__Opaque_190_188_186_" count="2444">
          <input semantic="VERTEX" source="#left_pivot-mesh-vertices" offset="0"/>
          <input semantic="NORMAL" source="#left_pivot-mesh-normals" offset="1"/>
          <p>1 0 111 1 0 2 0 2 111 1 120 3 0 2 120 3 49 4 49 4 120 3 367 5 49 4 367 5 48 6 48 6 367 5 362 7 48 6 362 7 47 8 47 8 362 7 357 9 47 8 357 9 46 10 46 10 357 9 352 11 46 10 352 11 45 12 45 12 352 11 342 13 45 12 342 13 44 14 44 14 342 13 351 15 44 14 351 15 108 16 108 16 351 15 350 17 108 16 350 17 338 18 338 18 350 17 349 19 338 18 349 19 339 20 339 20 349 19 348 21 339 20 348 21 340 22 340 22 348 21 347 23 340 22 347 23 341 24 341 24 347 23 70 25 341 24 70 25 71 26 111 1 1 0 121 27 121 27 1 0 2 28 121 27 2 28 126 29 126 29 2 28 3 30 126 29 3 30 131 31 131 31 3 30 4 32 131 31 4 32 136 33 136 33 4 32 5 34 136 33 5 34 141 35 141 35 5 34 6 36 141 35 6 36 146 37 146 37 6 36 107 38 146 37 107 38 159 39 159 39 107 38 152 40 159 39 152 40 153 41 153 41 152 40 162 42 153 41 162 42 163 43 163 43 162 42 168 44 163 43 168 44 169 45 169 45 168 44 174 46 169 45 174 46 52 47 52 47 174 46 51 48 51 48 174 46 179 49 51 48 179 49 50 50 50 50 179 49 106 51 50 50 106 51 184 52 184 52 106 51 105 53 184 52 105 53 183 54 183 54 105 53 104 55 183 54 104 55 182 56 182 56 104 55 103 57 182 56 103 57 181 58 181 58 103 57 102 59 181 58 102 59 180 60 180 60 102 59 13 61 180 60 13 61 14 62 6 36 7 63 107 38 107 38 7 63 151 64 107 38 151 64 152 40 152 40 151 64 161 65 152 40 161 65 162 42 162 42 161 65 167 66 162 42 167 66 168 44 168 44 167 66 173 67 168 44 173 67 174 46 174 46 173 67 179 49 7 63 8 68 151 64 151 64 8 68 160 69 151 64 160 69 161 65 161 65 160 69 166 70 161 65 166 70 167 66 167 66 166 70 172 71 167 66 172 71 173 67 173 67 172 71 178 72 173 67 178 72 179 49 179 49 178 72 106 51 8 68 9 73 160 69 160 69 9 73 165 74 160 69 165 74 166 70 166 70 165 74 171 75 166 70 171 75 172 71 172 71 171 75 177 76 172 71 177 76 178 72 178 72 177 76 105 53 178 72 105 53 106 51 9 73 10 77 165 74 165 74 10 77 170 78 165 74 170 78 171 75 171 75 170 78 176 79 171 75 176 79 177 76 177 76 176 79 104 55 177 76 104 55 105 53 10 77 11 80 170 78 170 78 11 80 175 81 170 78 175 81 176 79 176 79 175 81 103 57 176 79 103 57 104 55 11 80 12 82 175 81 175 81 12 82 102 59 175 81 102 59 103 57 12 82 13 61 102 59 180 60 14 62 185 83 185 83 14 62 15 84 185 83 15 84 190 85 190 85 15 84 16 86 190 85 16 86 195 87 195 87 16 86 17 88 195 87 17 88 200 89 200 89 17 88 18 90 200 89 18 90 110 91 110 91 18 90 19 92 110 91 19 92 218 93 218 93 19 92 209 94 218 93 209 94 210 95 210 95 209 94 220 96 210 95 220 96 221 97 221 97 220 96 226 98 221 97 226 98 227 99 227 99 226 98 232 100 227 99 232 100 233 101 233 101 232 100 238 102 233 101 238 102 91 103 91 103 238 102 90 104 90 104 238 102 243 105 90 104 243 105 89 106 89 106 243 105 248 107 89 106 248 107 88 108 88 108 248 107 253 109 88 108 253 109 87 110 87 110 253 109 258 111 87 110 258 111 86 112 86 112 258 111 263 113 86 112 263 113 85 114 85 114 263 113 268 115 85 114 268 115 84 116 84 116 268 115 273 117 84 116 273 117 83 118 83 118 273 117 278 119 83 118 278 119 82 120 82 120 278 119 284 121 82 120 284 121 81 122 81 122 284 121 283 123 81 122 283 123 80 124 80 124 283 123 292 125 80 124 292 125 79 126 79 126 292 125 297 127 79 126 297 127 78 128 78 128 297 127 302 129 78 128 302 129 77 130 77 130 302 129 307 131 77 130 307 131 76 132 76 132 307 131 312 133 76 132 312 133 317 134 317 134 312 133 311 135 317 134 311 135 316 136 316 136 311 135 310 137 316 136 310 137 315 138 315 138 310 137 309 139 315 138 309 139 314 140 314 140 309 139 308 141 314 140 308 141 313 142 313 142 308 141 38 143 313 142 38 143 39 144 19 92 20 145 209 94 209 94 20 145 219 146 209 94 219 146 220 96 220 96 219 146 225 147 220 96 225 147 226 98 226 98 225 147 231 148 226 98 231 148 232 100 232 100 231 148 237 149 232 100 237 149 238 102 238 102 237 149 243 105 20 145 21 150 219 146 219 146 21 150 224 151 219 146 224 151 225 147 225 147 224 151 230 152 225 147 230 152 231 148 231 148 230 152 236 153 231 148 236 153 237 149 237 149 236 153 242 154 237 149 242 154 243 105 243 105 242 154 248 107 21 150 22 155 224 151 224 151 22 155 229 156 224 151 229 156 230 152 230 152 229 156 235 157 230 152 235 157 236 153 236 153 235 157 241 158 236 153 241 158 242 154 242 154 241 158 247 159 242 154 247 159 248 107 248 107 247 159 253 109 22 155 23 160 229 156 229 156 23 160 234 161 229 156 234 161 235 157 235 157 234 161 240 162 235 157 240 162 241 158 241 158 240 162 246 163 241 158 246 163 247 159 247 159 246 163 252 164 247 159 252 164 253 109 253 109 252 164 258 111 23 160 24 165 234 161 234 161 24 165 239 166 234 161 239 166 240 162 240 162 239 166 245 167 240 162 245 167 246 163 246 163 245 167 251 168 246 163 251 168 252 164 252 164 251 168 257 169 252 164 257 169 258 111 258 111 257 169 263 113 24 165 25 170 239 166 239 166 25 170 244 171 239 166 244 171 245 167 245 167 244 171 250 172 245 167 250 172 251 168 251 168 250 172 256 173 251 168 256 173 257 169 257 169 256 173 262 174 257 169 262 174 263 113 263 113 262 174 268 115 25 170 26 175 244 171 244 171 26 175 249 176 244 171 249 176 250 172 250 172 249 176 255 177 250 172 255 177 256 173 256 173 255 177 261 178 256 173 261 178 262 174 262 174 261 178 267 179 262 174 267 179 268 115 268 115 267 179 273 117 26 175 27 180 249 176 249 176 27 180 254 181 249 176 254 181 255 177 255 177 254 181 260 182 255 177 260 182 261 178 261 178 260 182 266 183 261 178 266 183 267 179 267 179 266 183 272 184 267 179 272 184 273 117 273 117 272 184 278 119 27 180 28 185 254 181 254 181 28 185 259 186 254 181 259 186 260 182 260 182 259 186 265 187 260 182 265 187 266 183 266 183 265 187 271 188 266 183 271 188 272 184 272 184 271 188 277 189 272 184 277 189 278 119 278 119 277 189 284 121 28 185 29 190 259 186 259 186 29 190 264 191 259 186 264 191 265 187 265 187 264 191 270 192 265 187 270 192 271 188 271 188 270 192 276 193 271 188 276 193 277 189 277 189 276 193 285 194 277 189 285 194 284 121 284 121 285 194 283 123 29 190 30 195 264 191 264 191 30 195 269 196 264 191 269 196 270 192 270 192 269 196 275 197 270 192 275 197 276 193 276 193 275 197 286 198 276 193 286 198 285 194 285 194 286 198 282 199 285 194 282 199 283 123 283 123 282 199 292 125 30 195 31 200 269 196 269 196 31 200 274 201 269 196 274 201 275 197 275 197 274 201 287 202 275 197 287 202 286 198 286 198 287 202 281 203 286 198 281 203 282 199 282 199 281 203 291 204 282 199 291 204 292 125 292 125 291 204 297 127 274 201 31 200 109 205 109 205 31 200 32 206 109 205 32 206 279 207 279 207 32 206 33 208 279 207 33 208 288 209 288 209 33 208 34 210 288 209 34 210 293 211 293 211 34 210 35 212 293 211 35 212 298 213 298 213 35 212 36 214 298 213 36 214 303 215 303 215 36 214 37 216 303 215 37 216 308 141 308 141 37 216 38 143 313 142 39 144 318 217 318 217 39 144 40 218 318 217 40 218 323 219 323 219 40 218 41 220 323 219 41 220 328 221 328 221 41 220 42 222 328 221 42 222 333 223 333 223 42 222 43 224 333 223 43 224 108 16 108 16 43 224 44 14 52 47 53 225 169 45 169 45 53 225 164 226 169 45 164 226 163 43 163 43 164 226 154 227 163 43 154 227 153 41 153 41 154 227 158 228 153 41 158 228 159 39 159 39 158 228 147 229 159 39 147 229 146 37 146 37 147 229 141 35 53 225 54 230 164 226 164 226 54 230 155 231 164 226 155 231 154 227 154 227 155 231 157 232 154 227 157 232 158 228 158 228 157 232 148 233 158 228 148 233 147 229 147 229 148 233 142 234 147 229 142 234 141 35 141 35 142 234 136 33 54 230 55 235 155 231 155 231 55 235 156 236 155 231 156 236 157 232 157 232 156 236 149 237 157 232 149 237 148 233 148 233 149 237 143 238 148 233 143 238 142 234 142 234 143 238 137 239 142 234 137 239 136 33 136 33 137 239 131 31 55 235 56 240 156 236 156 236 56 240 150 241 156 236 150 241 149 237 149 237 150 241 144 242 149 237 144 242 143 238 143 238 144 242 138 243 143 238 138 243 137 239 137 239 138 243 132 244 137 239 132 244 131 31 131 31 132 244 126 29 56 240 57 245 150 241 150 241 57 245 145 246 150 241 145 246 144 242 144 242 145 246 139 247 144 242 139 247 138 243 138 243 139 247 133 248 138 243 133 248 132 244 132 244 133 248 127 249 132 244 127 249 126 29 126 29 127 249 121 27 57 245 58 250 145 246 145 246 58 250 140 251 145 246 140 251 139 247 139 247 140 251 134 252 139 247 134 252 133 248 133 248 134 252 128 253 133 248 128 253 127 249 127 249 128 253 122 254 127 249 122 254 121 27 121 27 122 254 111 1 58 250 59 255 140 251 140 251 59 255 135 256 140 251 135 256 134 252 134 252 135 256 129 257 134 252 129 257 128 253 128 253 129 257 123 258 128 253 123 258 122 254 122 254 123 258 112 259 122 254 112 259 111 1 111 1 112 259 120 3 59 255 60 260 135 256 135 256 60 260 130 261 135 256 130 261 129 257 129 257 130 261 124 262 129 257 124 262 123 258 123 258 124 262 113 263 123 258 113 263 112 259 112 259 113 263 119 264 112 259 119 264 120 3 120 3 119 264 367 5 60 260 61 265 130 261 130 261 61 265 125 266 130 261 125 266 124 262 124 262 125 266 114 267 124 262 114 267 113 263 113 263 114 267 118 268 113 263 118 268 119 264 119 264 118 268 368 269 119 264 368 269 367 5 367 5 368 269 362 7 61 265 62 270 125 266 125 266 62 270 115 271 125 266 115 271 114 267 114 267 115 271 117 272 114 267 117 272 118 268 118 268 117 272 369 273 118 268 369 273 368 269 368 269 369 273 363 274 368 269 363 274 362 7 362 7 363 274 357 9 62 270 63 275 115 271 115 271 63 275 116 276 115 271 116 276 117 272 117 272 116 276 370 277 117 272 370 277 369 273 369 273 370 277 364 278 369 273 364 278 363 274 363 274 364 278 358 279 363 274 358 279 357 9 357 9 358 279 352 11 63 275 64 280 116 276 116 276 64 280 371 281 116 276 371 281 370 277 370 277 371 281 365 282 370 277 365 282 364 278 364 278 365 282 359 283 364 278 359 283 358 279 358 279 359 283 353 284 358 279 353 284 352 11 352 11 353 284 342 13 64 280 65 285 371 281 371 281 65 285 366 286 371 281 366 286 365 282 365 282 366 286 360 287 365 282 360 287 359 283 359 283 360 287 354 288 359 283 354 288 353 284 353 284 354 288 343 289 353 284 343 289 342 13 342 13 343 289 351 15 65 285 66 290 366 286 366 286 66 290 361 291 366 286 361 291 360 287 360 287 361 291 355 292 360 287 355 292 354 288 354 288 355 292 344 293 354 288 344 293 343 289 343 289 344 293 350 17 343 289 350 17 351 15 66 290 67 294 361 291 361 291 67 294 356 295 361 291 356 295 355 292 355 292 356 295 345 296 355 292 345 296 344 293 344 293 345 296 349 19 344 293 349 19 350 17 67 294 68 297 356 295 356 295 68 297 346 298 356 295 346 298 345 296 345 296 346 298 348 21 345 296 348 21 349 19 68 297 69 299 346 298 346 298 69 299 347 23 346 298 347 23 348 21 69 299 70 25 347 23 341 24 71 26 337 300 337 300 71 26 72 301 337 300 72 301 332 302 332 302 72 301 73 303 332 302 73 303 327 304 327 304 73 303 74 305 327 304 74 305 322 306 322 306 74 305 75 307 322 306 75 307 317 134 317 134 75 307 76 132 91 103 92 308 233 101 233 101 92 308 228 309 233 101 228 309 227 99 227 99 228 309 222 310 227 99 222 310 221 97 221 97 222 310 211 311 221 97 211 311 210 95 210 95 211 311 217 312 210 95 217 312 218 93 218 93 217 312 110 91 92 308 93 313 228 309 228 309 93 313 223 314 228 309 223 314 222 310 222 310 223 314 212 315 222 310 212 315 211 311 211 311 212 315 216 316 211 311 216 316 217 312 217 312 216 316 205 317 217 312 205 317 110 91 110 91 205 317 200 89 93 313 94 318 223 314 223 314 94 318 213 319 223 314 213 319 212 315 212 315 213 319 215 320 212 315 215 320 216 316 216 316 215 320 206 321 216 316 206 321 205 317 205 317 206 321 201 322 205 317 201 322 200 89 200 89 201 322 195 87 94 318 95 323 213 319 213 319 95 323 214 324 213 319 214 324 215 320 215 320 214 324 207 325 215 320 207 325 206 321 206 321 207 325 202 326 206 321 202 326 201 322 201 322 202 326 196 327 201 322 196 327 195 87 195 87 196 327 190 85 95 323 96 328 214 324 214 324 96 328 208 329 214 324 208 329 207 325 207 325 208 329 203 330 207 325 203 330 202 326 202 326 203 330 197 331 202 326 197 331 196 327 196 327 197 331 191 332 196 327 191 332 190 85 190 85 191 332 185 83 96 328 97 333 208 329 208 329 97 333 204 334 208 329 204 334 203 330 203 330 204 334 198 335 203 330 198 335 197 331 197 331 198 335 192 336 197 331 192 336 191 332 191 332 192 336 186 337 191 332 186 337 185 83 185 83 186 337 180 60 97 333 98 338 204 334 204 334 98 338 199 339 204 334 199 339 198 335 198 335 199 339 193 340 198 335 193 340 192 336 192 336 193 340 187 341 192 336 187 341 186 337 186 337 187 341 181 58 186 337 181 58 180 60 98 338 99 342 199 339 199 339 99 342 194 343 199 339 194 343 193 340 193 340 194 343 188 344 193 340 188 344 187 341 187 341 188 344 182 56 187 341 182 56 181 58 99 342 100 345 194 343 194 343 100 345 189 346 194 343 189 346 188 344 188 344 189 346 183 54 188 344 183 54 182 56 100 345 101 347 189 346 189 346 101 347 184 52 189 346 184 52 183 54 101 347 50 50 184 52 279 207 280 348 109 205 109 205 280 348 287 202 109 205 287 202 274 201 287 202 280 348 281 203 281 203 280 348 290 349 281 203 290 349 291 204 291 204 290 349 296 350 291 204 296 350 297 127 297 127 296 350 302 129 280 348 279 207 289 351 289 351 279 207 288 209 289 351 288 209 294 352 294 352 288 209 293 211 294 352 293 211 299 353 299 353 293 211 298 213 299 353 298 213 304 354 304 354 298 213 303 215 304 354 303 215 309 139 309 139 303 215 308 141 280 348 289 351 290 349 290 349 289 351 295 355 290 349 295 355 296 350 296 350 295 355 301 356 296 350 301 356 302 129 302 129 301 356 307 131 295 355 289 351 294 352 295 355 294 352 300 357 300 357 294 352 299 353 300 357 299 353 305 358 305 358 299 353 304 354 305 358 304 354 310 137 310 137 304 354 309 139 295 355 300 357 301 356 301 356 300 357 306 359 301 356 306 359 307 131 307 131 306 359 312 133 306 359 300 357 305 358 310 137 311 135 305 358 305 358 311 135 306 359 311 135 312 133 306 359 314 140 313 142 319 360 319 360 313 142 318 217 319 360 318 217 324 361 324 361 318 217 323 219 324 361 323 219 329 362 329 362 323 219 328 221 329 362 328 221 334 363 334 363 328 221 333 223 334 363 333 223 338 18 338 18 333 223 108 16 315 138 314 140 320 364 320 364 314 140 319 360 320 364 319 360 325 365 325 365 319 360 324 361 325 365 324 361 330 366 330 366 324 361 329 362 330 366 329 362 335 367 335 367 329 362 334 363 335 367 334 363 339 20 339 20 334 363 338 18 322 306 317 134 316 136 316 136 315 138 321 368 321 368 315 138 320 364 321 368 320 364 326 369 326 369 320 364 325 365 326 369 325 365 331 370 331 370 325 365 330 366 331 370 330 366 336 371 336 371 330 366 335 367 336 371 335 367 340 22 340 22 335 367 339 20 327 304 322 306 321 368 321 368 322 306 316 136 327 304 321 368 326 369 332 302 327 304 326 369 332 302 326 369 331 370 337 300 332 302 331 370 337 300 331 370 336 371 341 24 337 300 336 371 341 24 336 371 340 22 49 4 425 372 0 2 0 2 425 372 422 373 0 2 422 373 1 0 1 0 422 373 569 374 1 0 569 374 2 28 2 28 569 374 566 375 2 28 566 375 3 30 3 30 566 375 563 376 3 30 563 376 4 32 4 32 563 376 560 377 4 32 560 377 5 34 5 34 560 377 557 378 5 34 557 378 6 36 6 36 557 378 554 379 6 36 554 379 7 63 7 63 554 379 551 380 7 63 551 380 8 68 8 68 551 380 548 381 8 68 548 381 9 73 9 73 548 381 545 382 9 73 545 382 10 77 10 77 545 382 542 383 10 77 542 383 11 80 11 80 542 383 539 384 11 80 539 384 12 82 12 82 539 384 536 385 12 82 536 385 13 61 13 61 536 385 533 386 13 61 533 386 14 62 14 62 533 386 530 387 14 62 530 387 15 84 15 84 530 387 527 388 15 84 527 388 16 86 16 86 527 388 524 389 16 86 524 389 17 88 17 88 524 389 521 390 17 88 521 390 18 90 18 90 521 390 518 391 18 90 518 391 19 92 19 92 518 391 515 392 19 92 515 392 20 145 20 145 515 392 512 393 20 145 512 393 21 150 21 150 512 393 509 394 21 150 509 394 22 155 22 155 509 394 506 395 22 155 506 395 23 160 23 160 506 395 503 396 23 160 503 396 24 165 24 165 503 396 500 397 24 165 500 397 25 170 25 170 500 397 497 398 25 170 497 398 26 175 26 175 497 398 494 399 26 175 494 399 27 180 27 180 494 399 491 400 27 180 491 400 28 185 28 185 491 400 488 401 28 185 488 401 29 190 29 190 488 401 485 402 29 190 485 402 30 195 30 195 485 402 482 403 30 195 482 403 31 200 31 200 482 403 479 404 31 200 479 404 32 206 32 206 479 404 476 405 32 206 476 405 33 208 33 208 476 405 473 406 33 208 473 406 34 210 34 210 473 406 470 407 34 210 470 407 35 212 35 212 470 407 467 408 35 212 467 408 36 214 36 214 467 408 464 409 36 214 464 409 37 216 37 216 464 409 461 410 37 216 461 410 38 143 38 143 461 410 458 411 38 143 458 411 39 144 39 144 458 411 455 412 39 144 455 412 40 218 40 218 455 412 452 413 40 218 452 413 41 220 41 220 452 413 449 414 41 220 449 414 42 222 42 222 449 414 446 415 42 222 446 415 43 224 43 224 446 415 443 416 43 224 443 416 44 14 44 14 443 416 440 417 44 14 440 417 45 12 45 12 440 417 437 418 45 12 437 418 46 10 46 10 437 418 434 419 46 10 434 419 47 8 47 8 434 419 431 420 47 8 431 420 48 6 48 6 431 420 428 421 48 6 428 421 49 4 49 4 428 421 425 372 373 422 496 423 372 424 372 424 496 423 499 425 372 424 499 425 421 426 421 426 499 425 502 427 421 426 502 427 420 428 420 428 502 427 505 429 420 428 505 429 419 430 419 430 505 429 508 431 419 430 508 431 418 432 418 432 508 431 511 433 418 432 511 433 417 434 417 434 511 433 514 435 417 434 514 435 416 436 416 436 514 435 517 437 416 436 517 437 415 438 415 438 517 437 520 439 415 438 520 439 414 440 414 440 520 439 523 441 414 440 523 441 413 442 413 442 523 441 526 443 413 442 526 443 412 444 412 444 526 443 529 445 412 444 529 445 411 446 411 446 529 445 532 447 411 446 532 447 410 448 410 448 532 447 535 449 410 448 535 449 409 450 409 450 535 449 538 451 409 450 538 451 408 452 408 452 538 451 541 453 408 452 541 453 407 454 407 454 541 453 544 455 407 454 544 455 406 456 406 456 544 455 547 457 406 456 547 457 405 458 405 458 547 457 550 459 405 458 550 459 404 460 404 460 550 459 553 461 404 460 553 461 403 462 403 462 553 461 556 463 403 462 556 463 402 464 402 464 556 463 559 465 402 464 559 465 401 466 401 466 559 465 562 467 401 466 562 467 400 468 400 468 562 467 565 469 400 468 565 469 399 470 399 470 565 469 568 471 399 470 568 471 398 472 398 472 568 471 571 473 398 472 571 473 397 474 397 474 571 473 424 475 397 474 424 475 396 476 396 476 424 475 427 477 396 476 427 477 395 478 395 478 427 477 430 479 395 478 430 479 394 480 394 480 430 479 433 481 394 480 433 481 393 482 393 482 433 481 436 483 393 482 436 483 392 484 392 484 436 483 439 485 392 484 439 485 391 486 391 486 439 485 442 487 391 486 442 487 390 488 390 488 442 487 445 489 390 488 445 489 389 490 389 490 445 489 448 491 389 490 448 491 388 492 388 492 448 491 451 493 388 492 451 493 387 494 387 494 451 493 454 495 387 494 454 495 386 496 386 496 454 495 457 497 386 496 457 497 385 498 385 498 457 497 460 499 385 498 460 499 384 500 384 500 460 499 463 501 384 500 463 501 383 502 383 502 463 501 466 503 383 502 466 503 382 504 382 504 466 503 469 505 382 504 469 505 381 506 381 506 469 505 472 507 381 506 472 507 380 508 380 508 472 507 475 509 380 508 475 509 379 510 379 510 475 509 478 511 379 510 478 511 378 512 378 512 478 511 481 513 378 512 481 513 377 514 377 514 481 513 484 515 377 514 484 515 376 516 376 516 484 515 487 517 376 516 487 517 375 518 375 518 487 517 490 519 375 518 490 519 374 520 374 520 490 519 493 521 374 520 493 521 373 422 373 422 493 521 496 423 422 373 423 522 569 374 569 374 423 522 570 523 569 374 570 523 566 375 566 375 570 523 567 524 566 375 567 524 563 376 563 376 567 524 564 525 563 376 564 525 560 377 560 377 564 525 561 526 560 377 561 526 557 378 557 378 561 526 558 527 557 378 558 527 554 379 554 379 558 527 555 528 554 379 555 528 551 380 551 380 555 528 552 529 551 380 552 529 548 381 548 381 552 529 549 530 548 381 549 530 545 382 545 382 549 530 546 531 545 382 546 531 542 383 542 383 546 531 543 532 542 383 543 532 539 384 539 384 543 532 540 533 539 384 540 533 536 385 536 385 540 533 537 534 536 385 537 534 533 386 533 386 537 534 534 535 533 386 534 535 530 387 530 387 534 535 531 536 530 387 531 536 527 388 527 388 531 536 528 537 527 388 528 537 524 389 524 389 528 537 525 538 524 389 525 538 521 390 521 390 525 538 522 539 521 390 522 539 518 391 518 391 522 539 519 540 518 391 519 540 515 392 515 392 519 540 516 541 515 392 516 541 512 393 512 393 516 541 513 542 512 393 513 542 509 394 509 394 513 542 510 543 509 394 510 543 506 395 506 395 510 543 507 544 506 395 507 544 503 396 503 396 507 544 504 545 503 396 504 545 500 397 500 397 504 545 501 546 500 397 501 546 497 398 497 398 501 546 498 547 497 398 498 547 494 399 494 399 498 547 495 548 494 399 495 548 491 400 491 400 495 548 492 549 491 400 492 549 488 401 488 401 492 549 489 550 488 401 489 550 485 402 485 402 489 550 486 551 485 402 486 551 482 403 482 403 486 551 483 552 482 403 483 552 479 404 479 404 483 552 480 553 479 404 480 553 476 405 476 405 480 553 477 554 476 405 477 554 473 406 473 406 477 554 474 555 473 406 474 555 470 407 470 407 474 555 471 556 470 407 471 556 467 408 467 408 471 556 468 557 467 408 468 557 464 409 464 409 468 557 465 558 464 409 465 558 461 410 461 410 465 558 462 559 461 410 462 559 458 411 458 411 462 559 459 560 458 411 459 560 455 412 455 412 459 560 456 561 455 412 456 561 452 413 452 413 456 561 453 562 452 413 453 562 449 414 449 414 453 562 450 563 449 414 450 563 446 415 446 415 450 563 447 564 446 415 447 564 443 416 443 416 447 564 444 565 443 416 444 565 440 417 440 417 444 565 441 566 440 417 441 566 437 418 437 418 441 566 438 567 437 418 438 567 434 419 434 419 438 567 435 568 434 419 435 568 431 420 431 420 435 568 432 569 431 420 432 569 428 421 428 421 432 569 429 570 428 421 429 570 425 372 425 372 429 570 426 571 425 372 426 571 422 373 422 373 426 571 423 522 423 522 424 475 570 523 570 523 424 475 571 473 570 523 571 473 567 524 567 524 571 473 568 471 567 524 568 471 564 525 564 525 568 471 565 469 564 525 565 469 561 526 561 526 565 469 562 467 561 526 562 467 558 527 558 527 562 467 559 465 558 527 559 465 555 528 555 528 559 465 556 463 555 528 556 463 552 529 552 529 556 463 553 461 552 529 553 461 549 530 549 530 553 461 550 459 549 530 550 459 546 531 546 531 550 459 547 457 546 531 547 457 543 532 543 532 547 457 544 455 543 532 544 455 540 533 540 533 544 455 541 453 540 533 541 453 537 534 537 534 541 453 538 451 537 534 538 451 534 535 534 535 538 451 535 449 534 535 535 449 531 536 531 536 535 449 532 447 531 536 532 447 528 537 528 537 532 447 529 445 528 537 529 445 525 538 525 538 529 445 526 443 525 538 526 443 522 539 522 539 526 443 523 441 522 539 523 441 519 540 519 540 523 441 520 439 519 540 520 439 516 541 516 541 520 439 517 437 516 541 517 437 513 542 513 542 517 437 514 435 513 542 514 435 510 543 510 543 514 435 511 433 510 543 511 433 507 544 507 544 511 433 508 431 507 544 508 431 504 545 504 545 508 431 505 429 504 545 505 429 501 546 501 546 505 429 502 427 501 546 502 427 498 547 498 547 502 427 499 425 498 547 499 425 495 548 495 548 499 425 496 423 495 548 496 423 492 549 492 549 496 423 493 521 492 549 493 521 489 550 489 550 493 521 490 519 489 550 490 519 486 551 486 551 490 519 487 517 486 551 487 517 483 552 483 552 487 517 484 515 483 552 484 515 480 553 480 553 484 515 481 513 480 553 481 513 477 554 477 554 481 513 478 511 477 554 478 511 474 555 474 555 478 511 475 509 474 555 475 509 471 556 471 556 475 509 472 507 471 556 472 507 468 557 468 557 472 507 469 505 468 557 469 505 465 558 465 558 469 505 466 503 465 558 466 503 462 559 462 559 466 503 463 501 462 559 463 501 459 560 459 560 463 501 460 499 459 560 460 499 456 561 456 561 460 499 457 497 456 561 457 497 453 562 453 562 457 497 454 495 453 562 454 495 450 563 450 563 454 495 451 493 450 563 451 493 447 564 447 564 451 493 448 491 447 564 448 491 444 565 444 565 448 491 445 489 444 565 445 489 441 566 441 566 445 489 442 487 441 566 442 487 438 567 438 567 442 487 439 485 438 567 439 485 435 568 435 568 439 485 436 483 435 568 436 483 432 569 432 569 436 483 433 481 432 569 433 481 429 570 429 570 433 481 430 479 429 570 430 479 426 571 426 571 430 479 427 477 426 571 427 477 423 522 423 522 427 477 424 475 639 572 572 573 63 275 63 275 572 573 573 574 63 275 573 574 64 280 64 280 573 574 574 575 64 280 574 575 65 285 65 285 574 575 575 576 65 285 575 576 66 290 66 290 575 576 576 577 66 290 576 577 577 578 66 290 577 578 67 294 67 294 577 578 578 579 67 294 578 579 68 297 68 297 578 579 579 580 68 297 579 580 69 299 69 299 579 580 580 581 69 299 580 581 581 582 69 299 581 582 70 25 70 25 581 582 582 583 70 25 582 583 71 26 71 26 582 583 583 584 71 26 583 584 72 301 72 301 583 584 584 585 72 301 584 585 73 303 73 303 584 585 585 586 73 303 585 586 586 587 73 303 586 587 74 305 74 305 586 587 587 588 74 305 587 588 75 307 75 307 587 588 588 589 75 307 588 589 76 132 76 132 588 589 589 590 76 132 589 590 590 591 76 132 590 591 77 130 77 130 590 591 591 592 77 130 591 592 78 128 78 128 591 592 592 593 78 128 592 593 79 126 79 126 592 593 593 594 79 126 593 594 594 595 79 126 594 595 80 124 80 124 594 595 595 596 80 124 595 596 81 122 81 122 595 596 596 597 81 122 596 597 82 120 82 120 596 597 597 598 82 120 597 598 83 118 83 118 597 598 598 599 83 118 598 599 599 600 83 118 599 600 84 116 84 116 599 600 600 601 84 116 600 601 85 114 85 114 600 601 601 602 85 114 601 602 86 112 86 112 601 602 602 603 86 112 602 603 603 604 86 112 603 604 87 110 87 110 603 604 604 605 87 110 604 605 88 108 88 108 604 605 605 606 88 108 605 606 89 106 89 106 605 606 606 607 89 106 606 607 607 608 89 106 607 608 90 104 90 104 607 608 608 609 90 104 608 609 91 103 91 103 608 609 609 610 91 103 609 610 92 308 92 308 609 610 610 611 92 308 610 611 611 612 92 308 611 612 93 313 93 313 611 612 612 613 93 313 612 613 94 318 94 318 612 613 613 614 94 318 613 614 95 323 95 323 613 614 614 615 95 323 614 615 615 616 95 323 615 616 96 328 96 328 615 616 616 617 96 328 616 617 97 333 97 333 616 617 617 618 97 333 617 618 98 338 98 338 617 618 618 619 98 338 618 619 99 342 99 342 618 619 619 620 99 342 619 620 620 621 99 342 620 621 100 345 100 345 620 621 621 622 100 345 621 622 101 347 101 347 621 622 622 623 101 347 622 623 50 50 50 50 622 623 623 624 50 50 623 624 624 625 50 50 624 625 51 48 51 48 624 625 625 626 51 48 625 626 52 47 52 47 625 626 626 627 52 47 626 627 53 225 53 225 626 627 627 628 53 225 627 628 628 629 53 225 628 629 54 230 54 230 628 629 629 630 54 230 629 630 55 235 55 235 629 630 630 631 55 235 630 631 56 240 56 240 630 631 631 632 56 240 631 632 57 245 57 245 631 632 632 633 57 245 632 633 633 634 57 245 633 634 58 250 58 250 633 634 634 635 58 250 634 635 59 255 59 255 634 635 635 636 59 255 635 636 60 260 60 260 635 636 636 637 60 260 636 637 637 638 60 260 637 638 61 265 61 265 637 638 638 639 61 265 638 639 62 270 62 270 638 639 639 572 62 270 639 572 63 275 373 640 372 641 640 642 640 642 372 641 421 643 640 642 421 643 684 644 684 644 421 643 420 645 684 644 420 645 683 646 683 646 420 645 419 647 683 646 419 647 682 648 682 648 419 647 418 649 682 648 418 649 681 650 681 650 418 649 417 651 681 650 417 651 680 652 680 652 417 651 416 653 680 652 416 653 679 654 679 654 416 653 415 655 679 654 415 655 678 656 678 656 415 655 414 657 678 656 414 657 677 658 677 658 414 657 413 659 677 658 413 659 676 660 676 660 413 659 412 661 676 660 412 661 411 662 676 660 411 662 675 663 675 663 411 662 410 664 675 663 410 664 674 665 674 665 410 664 409 666 674 665 409 666 673 667 673 667 409 666 408 668 673 667 408 668 672 669 672 669 408 668 407 670 672 669 407 670 671 671 671 671 407 670 406 672 671 671 406 672 670 673 670 673 406 672 405 674 670 673 405 674 669 675 669 675 405 674 404 676 669 675 404 676 668 677 668 677 404 676 403 678 668 677 403 678 667 679 667 679 403 678 402 680 667 679 402 680 401 681 667 679 401 681 666 682 666 682 401 681 400 683 666 682 400 683 665 684 665 684 400 683 399 685 665 684 399 685 664 686 664 686 399 685 398 687 664 686 398 687 663 688 663 688 398 687 397 689 663 688 397 689 662 690 662 690 397 689 396 691 662 690 396 691 661 692 661 692 396 691 395 693 661 692 395 693 660 694 660 694 395 693 394 695 660 694 394 695 659 696 659 696 394 695 393 697 659 696 393 697 658 698 658 698 393 697 392 699 658 698 392 699 391 700 658 698 391 700 657 701 657 701 391 700 390 702 657 701 390 702 656 703 656 703 390 702 389 704 656 703 389 704 655 705 655 705 389 704 388 706 655 705 388 706 654 707 654 707 388 706 387 708 654 707 387 708 653 709 653 709 387 708 386 710 653 709 386 710 652 711 652 711 386 710 385 712 652 711 385 712 651 713 651 713 385 712 384 714 651 713 384 714 650 715 650 715 384 714 383 716 650 715 383 716 649 717 649 717 383 716 382 718 649 717 382 718 381 719 649 717 381 719 648 720 648 720 381 719 380 721 648 720 380 721 647 722 647 722 380 721 379 723 647 722 379 723 646 724 646 724 379 723 378 725 646 724 378 725 645 726 645 726 378 725 377 727 645 726 377 727 644 728 644 728 377 727 376 729 644 728 376 729 643 730 643 730 376 729 375 731 643 730 375 731 642 732 642 732 375 731 374 733 642 732 374 733 641 734 641 734 374 733 373 640 641 734 373 640 640 642 640 735 684 736 641 737 641 737 684 736 642 738 642 738 684 736 683 739 642 738 683 739 643 740 643 740 683 739 682 741 643 740 682 741 644 742 644 742 682 741 681 743 644 742 681 743 645 744 645 744 681 743 680 745 645 744 680 745 646 746 646 746 680 745 679 747 646 746 679 747 647 748 647 748 679 747 678 749 647 748 678 749 648 750 648 750 678 749 677 751 648 750 677 751 649 752 649 752 677 751 676 753 649 752 676 753 650 754 650 754 676 753 675 755 650 754 675 755 651 756 651 756 675 755 674 757 651 756 674 757 652 758 652 758 674 757 673 759 652 758 673 759 653 760 653 760 673 759 672 761 653 760 672 761 654 762 654 762 672 761 671 763 654 762 671 763 655 764 655 764 671 763 670 765 655 764 670 765 656 766 656 766 670 765 669 767 656 766 669 767 657 768 657 768 669 767 668 769 657 768 668 769 658 770 658 770 668 769 667 771 658 770 667 771 659 772 659 772 667 771 666 773 659 772 666 773 660 774 660 774 666 773 665 775 660 774 665 775 661 776 661 776 665 775 664 777 661 776 664 777 662 778 662 778 664 777 663 779 686 780 822 781 685 782 685 782 822 781 817 783 685 782 817 783 1152 784 1152 784 817 783 818 785 1152 784 818 785 1153 786 1153 786 818 785 819 787 1153 786 819 787 1154 788 1154 788 819 787 820 789 1154 788 820 789 1155 790 1155 790 820 789 821 791 1155 790 821 791 1156 792 1156 792 821 791 766 793 1156 792 766 793 767 794 822 781 686 780 827 795 827 795 686 780 687 796 827 795 687 796 832 797 832 797 687 796 688 798 832 797 688 798 837 799 837 799 688 798 689 800 837 799 689 800 842 801 842 801 689 800 690 802 842 801 690 802 847 803 847 803 690 802 691 804 847 803 691 804 852 805 852 805 691 804 692 806 852 805 692 806 857 807 857 807 692 806 693 808 857 807 693 808 862 809 862 809 693 808 694 810 862 809 694 810 867 811 867 811 694 810 695 812 867 811 695 812 872 813 872 813 695 812 696 814 872 813 696 814 877 815 877 815 696 814 697 816 877 815 697 816 882 817 882 817 697 816 698 818 882 817 698 818 887 819 887 819 698 818 699 820 887 819 699 820 892 821 892 821 699 820 700 822 892 821 700 822 897 823 897 823 700 822 701 824 897 823 701 824 911 825 911 825 701 824 902 826 911 825 902 826 903 827 903 827 902 826 913 828 903 827 913 828 914 829 914 829 913 828 919 830 914 829 919 830 920 831 920 831 919 830 925 832 920 831 925 832 926 833 926 833 925 832 931 834 926 833 931 834 812 835 812 835 931 834 811 836 811 836 931 834 936 837 811 836 936 837 810 838 810 838 936 837 941 839 810 838 941 839 809 840 809 840 941 839 946 841 809 840 946 841 808 842 808 842 946 841 951 843 808 842 951 843 807 844 807 844 951 843 956 845 807 844 956 845 806 846 806 846 956 845 961 847 806 846 961 847 805 848 805 848 961 847 966 849 805 848 966 849 804 850 804 850 966 849 971 851 804 850 971 851 803 852 803 852 971 851 976 853 803 852 976 853 802 854 802 854 976 853 981 855 802 854 981 855 801 856 801 856 981 855 986 857 801 856 986 857 800 858 800 858 986 857 992 859 800 858 992 859 799 860 799 860 992 859 991 861 799 860 991 861 798 862 798 862 991 861 1001 863 798 862 1001 863 797 864 797 864 1001 863 1006 865 797 864 1006 865 796 866 796 866 1006 865 1011 867 796 866 1011 867 795 868 795 868 1011 867 1016 869 795 868 1016 869 794 870 794 870 1016 869 1021 871 794 870 1021 871 793 872 793 872 1021 871 1026 873 793 872 1026 873 792 874 792 874 1026 873 1031 875 792 874 1031 875 791 876 791 876 1031 875 1036 877 791 876 1036 877 790 878 790 878 1036 877 1041 879 790 878 1041 879 789 880 789 880 1041 879 1046 881 789 880 1046 881 788 882 788 882 1046 881 1051 883 788 882 1051 883 787 884 787 884 1051 883 1056 885 787 884 1056 885 786 886 786 886 1056 885 1061 887 786 886 1061 887 785 888 785 888 1061 887 1066 889 785 888 1066 889 784 890 784 890 1066 889 1071 891 784 890 1071 891 783 892 783 892 1071 891 1077 893 783 892 1077 893 782 894 782 894 1077 893 1076 895 782 894 1076 895 781 896 781 896 1076 895 1086 897 781 896 1086 897 780 898 780 898 1086 897 1091 899 780 898 1091 899 779 900 779 900 1091 899 1096 901 779 900 1096 901 778 902 778 902 1096 901 1101 903 778 902 1101 903 777 904 777 904 1101 903 1106 905 777 904 1106 905 776 906 776 906 1106 905 1111 907 776 906 1111 907 775 908 775 908 1111 907 1116 909 775 908 1116 909 774 910 774 910 1116 909 1121 911 774 910 1121 911 773 912 773 912 1121 911 1126 913 773 912 1126 913 772 914 772 914 1126 913 1131 915 772 914 1131 915 771 916 771 916 1131 915 1136 917 771 916 1136 917 770 918 770 918 1136 917 1141 919 770 918 1141 919 769 920 769 920 1141 919 1146 921 769 920 1146 921 768 922 768 922 1146 921 1151 923 768 922 1151 923 767 794 767 794 1151 923 1156 792 701 824 702 924 902 826 902 826 702 924 912 925 902 826 912 925 913 828 913 828 912 925 918 926 913 828 918 926 919 830 919 830 918 926 924 927 919 830 924 927 925 832 925 832 924 927 930 928 925 832 930 928 931 834 931 834 930 928 936 837 702 924 703 929 912 925 912 925 703 929 917 930 912 925 917 930 918 926 918 926 917 930 923 931 918 926 923 931 924 927 924 927 923 931 929 932 924 927 929 932 930 928 930 928 929 932 935 933 930 928 935 933 936 837 936 837 935 933 941 839 703 929 704 934 917 930 917 930 704 934 922 935 917 930 922 935 923 931 923 931 922 935 928 936 923 931 928 936 929 932 929 932 928 936 934 937 929 932 934 937 935 933 935 933 934 937 940 938 935 933 940 938 941 839 941 839 940 938 946 841 704 934 705 939 922 935 922 935 705 939 927 940 922 935 927 940 928 936 928 936 927 940 933 941 928 936 933 941 934 937 934 937 933 941 939 942 934 937 939 942 940 938 940 938 939 942 945 943 940 938 945 943 946 841 946 841 945 943 951 843 705 939 706 944 927 940 927 940 706 944 932 945 927 940 932 945 933 941 933 941 932 945 938 946 933 941 938 946 939 942 939 942 938 946 944 947 939 942 944 947 945 943 945 943 944 947 950 948 945 943 950 948 951 843 951 843 950 948 956 845 706 944 707 949 932 945 932 945 707 949 937 950 932 945 937 950 938 946 938 946 937 950 943 951 938 946 943 951 944 947 944 947 943 951 949 952 944 947 949 952 950 948 950 948 949 952 955 953 950 948 955 953 956 845 956 845 955 953 961 847 707 949 708 954 937 950 937 950 708 954 942 955 937 950 942 955 943 951 943 951 942 955 948 956 943 951 948 956 949 952 949 952 948 956 954 957 949 952 954 957 955 953 955 953 954 957 960 958 955 953 960 958 961 847 961 847 960 958 966 849 708 954 709 959 942 955 942 955 709 959 947 960 942 955 947 960 948 956 948 956 947 960 953 961 948 956 953 961 954 957 954 957 953 961 959 962 954 957 959 962 960 958 960 958 959 962 965 963 960 958 965 963 966 849 966 849 965 963 971 851 709 959 710 964 947 960 947 960 710 964 952 965 947 960 952 965 953 961 953 961 952 965 958 966 953 961 958 966 959 962 959 962 958 966 964 967 959 962 964 967 965 963 965 963 964 967 970 968 965 963 970 968 971 851 971 851 970 968 976 853 710 964 711 969 952 965 952 965 711 969 957 970 952 965 957 970 958 966 958 966 957 970 963 971 958 966 963 971 964 967 964 967 963 971 969 972 964 967 969 972 970 968 970 968 969 972 975 973 970 968 975 973 976 853 976 853 975 973 981 855 711 969 712 974 957 970 957 970 712 974 962 975 957 970 962 975 963 971 963 971 962 975 968 976 963 971 968 976 969 972 969 972 968 976 974 977 969 972 974 977 975 973 975 973 974 977 980 978 975 973 980 978 981 855 981 855 980 978 986 857 712 974 713 979 962 975 962 975 713 979 967 980 962 975 967 980 968 976 968 976 967 980 973 981 968 976 973 981 974 977 974 977 973 981 979 982 974 977 979 982 980 978 980 978 979 982 985 983 980 978 985 983 986 857 986 857 985 983 992 859 713 979 714 984 967 980 967 980 714 984 972 985 967 980 972 985 973 981 973 981 972 985 978 986 973 981 978 986 979 982 979 982 978 986 984 987 979 982 984 987 985 983 985 983 984 987 993 988 985 983 993 988 992 859 992 859 993 988 991 861 714 984 715 989 972 985 972 985 715 989 977 990 972 985 977 990 978 986 978 986 977 990 983 991 978 986 983 991 984 987 984 987 983 991 994 992 984 987 994 992 993 988 993 988 994 992 990 993 993 988 990 993 991 861 991 861 990 993 1001 863 715 989 716 994 977 990 977 990 716 994 982 995 977 990 982 995 983 991 983 991 982 995 995 996 983 991 995 996 994 992 994 992 995 996 989 997 994 992 989 997 990 993 990 993 989 997 1000 998 990 993 1000 998 1001 863 1001 863 1000 998 1006 865 716 994 717 999 982 995 982 995 717 999 996 1000 982 995 996 1000 995 996 995 996 996 1000 988 1001 995 996 988 1001 989 997 989 997 988 1001 999 1002 989 997 999 1002 1000 998 1000 998 999 1002 1005 1003 1000 998 1005 1003 1006 865 1006 865 1005 1003 1011 867 996 1000 717 999 987 1004 987 1004 717 999 718 1005 987 1004 718 1005 997 1006 997 1006 718 1005 719 1007 997 1006 719 1007 1002 1008 1002 1008 719 1007 720 1009 1002 1008 720 1009 1007 1010 1007 1010 720 1009 721 1011 1007 1010 721 1011 1012 1012 1012 1012 721 1011 722 1013 1012 1012 722 1013 1017 1014 1017 1014 722 1013 723 1015 1017 1014 723 1015 1022 1016 1022 1016 723 1015 724 1017 1022 1016 724 1017 1027 1018 1027 1018 724 1017 725 1019 1027 1018 725 1019 1032 1020 1032 1020 725 1019 726 1021 1032 1020 726 1021 1037 1022 1037 1022 726 1021 727 1023 1037 1022 727 1023 1042 1024 1042 1024 727 1023 728 1025 1042 1024 728 1025 1047 1026 1047 1026 728 1025 729 1027 1047 1026 729 1027 1052 1028 1052 1028 729 1027 730 1029 1052 1028 730 1029 1057 1030 1057 1030 730 1029 731 1031 1057 1030 731 1031 1062 1032 1062 1032 731 1031 732 1033 1062 1032 732 1033 1067 1034 1067 1034 732 1033 733 1035 1067 1034 733 1035 1081 1036 1081 1036 733 1035 1072 1037 1081 1036 1072 1037 1073 1038 1073 1038 1072 1037 1083 1039 1073 1038 1083 1039 1084 1040 1084 1040 1083 1039 1089 1041 1084 1040 1089 1041 1090 1042 1090 1042 1089 1041 1095 1043 1090 1042 1095 1043 1096 901 1096 901 1095 1043 1101 903 733 1035 734 1044 1072 1037 1072 1037 734 1044 1082 1045 1072 1037 1082 1045 1083 1039 1083 1039 1082 1045 1088 1046 1083 1039 1088 1046 1089 1041 1089 1041 1088 1046 1094 1047 1089 1041 1094 1047 1095 1043 1095 1043 1094 1047 1100 1048 1095 1043 1100 1048 1101 903 1101 903 1100 1048 1106 905 734 1044 735 1049 1082 1045 1082 1045 735 1049 1087 1050 1082 1045 1087 1050 1088 1046 1088 1046 1087 1050 1093 1051 1088 1046 1093 1051 1094 1047 1094 1047 1093 1051 1099 1052 1094 1047 1099 1052 1100 1048 1100 1048 1099 1052 1105 1053 1100 1048 1105 1053 1106 905 1106 905 1105 1053 1111 907 735 1049 736 1054 1087 1050 1087 1050 736 1054 1092 1055 1087 1050 1092 1055 1093 1051 1093 1051 1092 1055 1098 1056 1093 1051 1098 1056 1099 1052 1099 1052 1098 1056 1104 1057 1099 1052 1104 1057 1105 1053 1105 1053 1104 1057 1110 1058 1105 1053 1110 1058 1111 907 1111 907 1110 1058 1116 909 736 1054 737 1059 1092 1055 1092 1055 737 1059 1097 1060 1092 1055 1097 1060 1098 1056 1098 1056 1097 1060 1103 1061 1098 1056 1103 1061 1104 1057 1104 1057 1103 1061 1109 1062 1104 1057 1109 1062 1110 1058 1110 1058 1109 1062 1115 1063 1110 1058 1115 1063 1116 909 1116 909 1115 1063 1121 911 737 1059 738 1064 1097 1060 1097 1060 738 1064 1102 1065 1097 1060 1102 1065 1103 1061 1103 1061 1102 1065 1108 1066 1103 1061 1108 1066 1109 1062 1109 1062 1108 1066 1114 1067 1109 1062 1114 1067 1115 1063 1115 1063 1114 1067 1120 1068 1115 1063 1120 1068 1121 911 1121 911 1120 1068 1126 913 738 1064 739 1069 1102 1065 1102 1065 739 1069 1107 1070 1102 1065 1107 1070 1108 1066 1108 1066 1107 1070 1113 1071 1108 1066 1113 1071 1114 1067 1114 1067 1113 1071 1119 1072 1114 1067 1119 1072 1120 1068 1120 1068 1119 1072 1125 1073 1120 1068 1125 1073 1126 913 1126 913 1125 1073 1131 915 739 1069 740 1074 1107 1070 1107 1070 740 1074 1112 1075 1107 1070 1112 1075 1113 1071 1113 1071 1112 1075 1118 1076 1113 1071 1118 1076 1119 1072 1119 1072 1118 1076 1124 1077 1119 1072 1124 1077 1125 1073 1125 1073 1124 1077 1130 1078 1125 1073 1130 1078 1131 915 1131 915 1130 1078 1136 917 740 1074 741 1079 1112 1075 1112 1075 741 1079 1117 1080 1112 1075 1117 1080 1118 1076 1118 1076 1117 1080 1123 1081 1118 1076 1123 1081 1124 1077 1124 1077 1123 1081 1129 1082 1124 1077 1129 1082 1130 1078 1130 1078 1129 1082 1135 1083 1130 1078 1135 1083 1136 917 1136 917 1135 1083 1141 919 741 1079 742 1084 1117 1080 1117 1080 742 1084 1122 1085 1117 1080 1122 1085 1123 1081 1123 1081 1122 1085 1128 1086 1123 1081 1128 1086 1129 1082 1129 1082 1128 1086 1134 1087 1129 1082 1134 1087 1135 1083 1135 1083 1134 1087 1140 1088 1135 1083 1140 1088 1141 919 1141 919 1140 1088 1146 921 742 1084 743 1089 1122 1085 1122 1085 743 1089 1127 1090 1122 1085 1127 1090 1128 1086 1128 1086 1127 1090 1133 1091 1128 1086 1133 1091 1134 1087 1134 1087 1133 1091 1139 1092 1134 1087 1139 1092 1140 1088 1140 1088 1139 1092 1145 1093 1140 1088 1145 1093 1146 921 1146 921 1145 1093 1151 923 743 1089 744 1094 1127 1090 1127 1090 744 1094 1132 1095 1127 1090 1132 1095 1133 1091 1133 1091 1132 1095 1138 1096 1133 1091 1138 1096 1139 1092 1139 1092 1138 1096 1144 1097 1139 1092 1144 1097 1145 1093 1145 1093 1144 1097 1150 1098 1145 1093 1150 1098 1151 923 1151 923 1150 1098 1156 792 744 1094 745 1099 1132 1095 1132 1095 745 1099 1137 1100 1132 1095 1137 1100 1138 1096 1138 1096 1137 1100 1143 1101 1138 1096 1143 1101 1144 1097 1144 1097 1143 1101 1149 1102 1144 1097 1149 1102 1150 1098 1150 1098 1149 1102 1155 790 1150 1098 1155 790 1156 792 745 1099 746 1103 1137 1100 1137 1100 746 1103 1142 1104 1137 1100 1142 1104 1143 1101 1143 1101 1142 1104 1148 1105 1143 1101 1148 1105 1149 1102 1149 1102 1148 1105 1154 788 1149 1102 1154 788 1155 790 746 1103 747 1106 1142 1104 1142 1104 747 1106 1147 1107 1142 1104 1147 1107 1148 1105 1148 1105 1147 1107 1153 786 1148 1105 1153 786 1154 788 747 1106 748 1108 1147 1107 1147 1107 748 1108 1152 784 1147 1107 1152 784 1153 786 748 1108 685 782 1152 784 750 1109 901 1110 749 1111 749 1111 901 1110 907 1112 749 1111 907 1112 816 1113 816 1113 907 1112 906 1114 816 1113 906 1114 815 1115 815 1115 906 1114 916 1116 815 1115 916 1116 814 1117 814 1117 916 1116 921 1118 814 1117 921 1118 813 1119 813 1119 921 1118 926 833 813 1119 926 833 812 835 901 1110 750 1109 896 1120 896 1120 750 1109 751 1121 896 1120 751 1121 891 1122 891 1122 751 1121 752 1123 891 1122 752 1123 886 1124 886 1124 752 1123 753 1125 886 1124 753 1125 881 1126 881 1126 753 1125 754 1127 881 1126 754 1127 876 1128 876 1128 754 1127 755 1129 876 1128 755 1129 871 1130 871 1130 755 1129 756 1131 871 1130 756 1131 866 1132 866 1132 756 1131 757 1133 866 1132 757 1133 861 1134 861 1134 757 1133 758 1135 861 1134 758 1135 856 1136 856 1136 758 1135 759 1137 856 1136 759 1137 851 1138 851 1138 759 1137 760 1139 851 1138 760 1139 846 1140 846 1140 760 1139 761 1141 846 1140 761 1141 841 1142 841 1142 761 1141 762 1143 841 1142 762 1143 836 1144 836 1144 762 1143 763 1145 836 1144 763 1145 831 1146 831 1146 763 1145 764 1147 831 1146 764 1147 826 1148 826 1148 764 1147 765 1149 826 1148 765 1149 821 791 821 791 765 1149 766 793 818 785 817 783 823 1150 823 1150 817 783 822 781 823 1150 822 781 828 1151 828 1151 822 781 827 795 828 1151 827 795 833 1152 833 1152 827 795 832 797 833 1152 832 797 838 1153 838 1153 832 797 837 799 838 1153 837 799 843 1154 843 1154 837 799 842 801 843 1154 842 801 848 1155 848 1155 842 801 847 803 848 1155 847 803 853 1156 853 1156 847 803 852 805 853 1156 852 805 858 1157 858 1157 852 805 857 807 858 1157 857 807 863 1158 863 1158 857 807 862 809 863 1158 862 809 868 1159 868 1159 862 809 867 811 868 1159 867 811 873 1160 873 1160 867 811 872 813 873 1160 872 813 878 1161 878 1161 872 813 877 815 878 1161 877 815 883 1162 883 1162 877 815 882 817 883 1162 882 817 888 1163 888 1163 882 817 887 819 888 1163 887 819 893 1164 893 1164 887 819 892 821 893 1164 892 821 898 1165 898 1165 892 821 897 823 898 1165 897 823 910 1166 910 1166 897 823 911 825 910 1166 911 825 903 827 819 787 818 785 824 1167 824 1167 818 785 823 1150 824 1167 823 1150 829 1168 829 1168 823 1150 828 1151 829 1168 828 1151 834 1169 834 1169 828 1151 833 1152 834 1169 833 1152 839 1170 839 1170 833 1152 838 1153 839 1170 838 1153 844 1171 844 1171 838 1153 843 1154 844 1171 843 1154 849 1172 849 1172 843 1154 848 1155 849 1172 848 1155 854 1173 854 1173 848 1155 853 1156 854 1173 853 1156 859 1174 859 1174 853 1156 858 1157 859 1174 858 1157 864 1175 864 1175 858 1157 863 1158 864 1175 863 1158 869 1176 869 1176 863 1158 868 1159 869 1176 868 1159 874 1177 874 1177 868 1159 873 1160 874 1177 873 1160 879 1178 879 1178 873 1160 878 1161 879 1178 878 1161 884 1179 884 1179 878 1161 883 1162 884 1179 883 1162 889 1180 889 1180 883 1162 888 1163 889 1180 888 1163 894 1181 894 1181 888 1163 893 1164 894 1181 893 1164 899 1182 899 1182 893 1164 898 1165 899 1182 898 1165 909 1183 909 1183 898 1165 910 1166 909 1183 910 1166 904 1184 904 1184 910 1166 903 827 904 1184 903 827 914 829 826 1148 821 791 820 789 820 789 819 787 825 1185 825 1185 819 787 824 1167 825 1185 824 1167 830 1186 830 1186 824 1167 829 1168 830 1186 829 1168 835 1187 835 1187 829 1168 834 1169 835 1187 834 1169 840 1188 840 1188 834 1169 839 1170 840 1188 839 1170 845 1189 845 1189 839 1170 844 1171 845 1189 844 1171 850 1190 850 1190 844 1171 849 1172 850 1190 849 1172 855 1191 855 1191 849 1172 854 1173 855 1191 854 1173 860 1192 860 1192 854 1173 859 1174 860 1192 859 1174 865 1193 865 1193 859 1174 864 1175 865 1193 864 1175 870 1194 870 1194 864 1175 869 1176 870 1194 869 1176 875 1195 875 1195 869 1176 874 1177 875 1195 874 1177 880 1196 880 1196 874 1177 879 1178 880 1196 879 1178 885 1197 885 1197 879 1178 884 1179 885 1197 884 1179 890 1198 890 1198 884 1179 889 1180 890 1198 889 1180 895 1199 895 1199 889 1180 894 1181 895 1199 894 1181 900 1200 900 1200 894 1181 899 1182 900 1200 899 1182 908 1201 908 1201 899 1182 909 1183 908 1201 909 1183 905 1202 905 1202 909 1183 904 1184 905 1202 904 1184 915 1203 915 1203 904 1184 914 829 915 1203 914 829 920 831 831 1146 826 1148 825 1185 825 1185 826 1148 820 789 831 1146 825 1185 830 1186 836 1144 831 1146 830 1186 836 1144 830 1186 835 1187 841 1142 836 1144 835 1187 841 1142 835 1187 840 1188 846 1140 841 1142 840 1188 846 1140 840 1188 845 1189 851 1138 846 1140 845 1189 851 1138 845 1189 850 1190 856 1136 851 1138 850 1190 856 1136 850 1190 855 1191 861 1134 856 1136 855 1191 861 1134 855 1191 860 1192 866 1132 861 1134 860 1192 866 1132 860 1192 865 1193 871 1130 866 1132 865 1193 871 1130 865 1193 870 1194 876 1128 871 1130 870 1194 876 1128 870 1194 875 1195 881 1126 876 1128 875 1195 881 1126 875 1195 880 1196 886 1124 881 1126 880 1196 886 1124 880 1196 885 1197 891 1122 886 1124 885 1197 891 1122 885 1197 890 1198 896 1120 891 1122 890 1198 896 1120 890 1198 895 1199 901 1110 896 1120 895 1199 901 1110 895 1199 900 1200 907 1112 901 1110 900 1200 907 1112 900 1200 908 1201 907 1112 908 1201 906 1114 906 1114 908 1201 905 1202 906 1114 905 1202 916 1116 916 1116 905 1202 915 1203 916 1116 915 1203 921 1118 921 1118 915 1203 920 831 921 1118 920 831 926 833 996 1000 987 1004 988 1001 988 1001 987 1004 998 1204 988 1001 998 1204 999 1002 999 1002 998 1204 1004 1205 999 1002 1004 1205 1005 1003 1005 1003 1004 1205 1010 1206 1005 1003 1010 1206 1011 867 1011 867 1010 1206 1016 869 987 1004 997 1006 998 1204 998 1204 997 1006 1003 1207 998 1204 1003 1207 1004 1205 1004 1205 1003 1207 1009 1208 1004 1205 1009 1208 1010 1206 1010 1206 1009 1208 1015 1209 1010 1206 1015 1209 1016 869 1016 869 1015 1209 1021 871 997 1006 1002 1008 1003 1207 1003 1207 1002 1008 1008 1210 1003 1207 1008 1210 1009 1208 1009 1208 1008 1210 1014 1211 1009 1208 1014 1211 1015 1209 1015 1209 1014 1211 1020 1212 1015 1209 1020 1212 1021 871 1021 871 1020 1212 1026 873 1002 1008 1007 1010 1008 1210 1008 1210 1007 1010 1013 1213 1008 1210 1013 1213 1014 1211 1014 1211 1013 1213 1019 1214 1014 1211 1019 1214 1020 1212 1020 1212 1019 1214 1025 1215 1020 1212 1025 1215 1026 873 1026 873 1025 1215 1031 875 1007 1010 1012 1012 1013 1213 1013 1213 1012 1012 1018 1216 1013 1213 1018 1216 1019 1214 1019 1214 1018 1216 1024 1217 1019 1214 1024 1217 1025 1215 1025 1215 1024 1217 1030 1218 1025 1215 1030 1218 1031 875 1031 875 1030 1218 1036 877 1012 1012 1017 1014 1018 1216 1018 1216 1017 1014 1023 1219 1018 1216 1023 1219 1024 1217 1024 1217 1023 1219 1029 1220 1024 1217 1029 1220 1030 1218 1030 1218 1029 1220 1035 1221 1030 1218 1035 1221 1036 877 1036 877 1035 1221 1041 879 1017 1014 1022 1016 1023 1219 1023 1219 1022 1016 1028 1222 1023 1219 1028 1222 1029 1220 1029 1220 1028 1222 1034 1223 1029 1220 1034 1223 1035 1221 1035 1221 1034 1223 1040 1224 1035 1221 1040 1224 1041 879 1041 879 1040 1224 1046 881 1022 1016 1027 1018 1028 1222 1028 1222 1027 1018 1033 1225 1028 1222 1033 1225 1034 1223 1034 1223 1033 1225 1039 1226 1034 1223 1039 1226 1040 1224 1040 1224 1039 1226 1045 1227 1040 1224 1045 1227 1046 881 1046 881 1045 1227 1051 883 1027 1018 1032 1020 1033 1225 1033 1225 1032 1020 1038 1228 1033 1225 1038 1228 1039 1226 1039 1226 1038 1228 1044 1229 1039 1226 1044 1229 1045 1227 1045 1227 1044 1229 1050 1230 1045 1227 1050 1230 1051 883 1051 883 1050 1230 1056 885 1032 1020 1037 1022 1038 1228 1038 1228 1037 1022 1043 1231 1038 1228 1043 1231 1044 1229 1044 1229 1043 1231 1049 1232 1044 1229 1049 1232 1050 1230 1050 1230 1049 1232 1055 1233 1050 1230 1055 1233 1056 885 1056 885 1055 1233 1061 887 1037 1022 1042 1024 1043 1231 1043 1231 1042 1024 1048 1234 1043 1231 1048 1234 1049 1232 1049 1232 1048 1234 1054 1235 1049 1232 1054 1235 1055 1233 1055 1233 1054 1235 1060 1236 1055 1233 1060 1236 1061 887 1061 887 1060 1236 1066 889 1042 1024 1047 1026 1048 1234 1048 1234 1047 1026 1053 1237 1048 1234 1053 1237 1054 1235 1054 1235 1053 1237 1059 1238 1054 1235 1059 1238 1060 1236 1060 1236 1059 1238 1065 1239 1060 1236 1065 1239 1066 889 1066 889 1065 1239 1071 891 1047 1026 1052 1028 1053 1237 1053 1237 1052 1028 1058 1240 1053 1237 1058 1240 1059 1238 1059 1238 1058 1240 1064 1241 1059 1238 1064 1241 1065 1239 1065 1239 1064 1241 1070 1242 1065 1239 1070 1242 1071 891 1071 891 1070 1242 1077 893 1052 1028 1057 1030 1058 1240 1058 1240 1057 1030 1063 1243 1058 1240 1063 1243 1064 1241 1064 1241 1063 1243 1069 1244 1064 1241 1069 1244 1070 1242 1070 1242 1069 1244 1078 1245 1070 1242 1078 1245 1077 893 1077 893 1078 1245 1076 895 1057 1030 1062 1032 1063 1243 1063 1243 1062 1032 1068 1246 1063 1243 1068 1246 1069 1244 1069 1244 1068 1246 1079 1247 1069 1244 1079 1247 1078 1245 1078 1245 1079 1247 1075 1248 1078 1245 1075 1248 1076 895 1076 895 1075 1248 1086 897 1062 1032 1067 1034 1068 1246 1068 1246 1067 1034 1080 1249 1068 1246 1080 1249 1079 1247 1079 1247 1080 1249 1074 1250 1079 1247 1074 1250 1075 1248 1075 1248 1074 1250 1085 1251 1075 1248 1085 1251 1086 897 1086 897 1085 1251 1091 899 1081 1036 1073 1038 1080 1249 1080 1249 1073 1038 1074 1250 1085 1251 1074 1250 1084 1040 1084 1040 1074 1250 1073 1038 1067 1034 1081 1036 1080 1249 1091 899 1085 1251 1090 1042 1090 1042 1085 1251 1084 1040 1096 901 1091 899 1090 1042 686 780 685 782 1159 1252 1159 1252 685 782 748 1108 1159 1252 748 1108 747 1106 747 1106 746 1103 1159 1252 1159 1252 746 1103 745 1099 1159 1252 745 1099 744 1094 1159 1252 744 1094 1158 1253 1158 1253 744 1094 743 1089 1158 1253 743 1089 742 1084 742 1084 741 1079 1158 1253 1158 1253 741 1079 740 1074 1158 1253 740 1074 739 1069 739 1069 738 1064 1158 1253 1158 1253 738 1064 737 1059 1158 1253 737 1059 736 1054 736 1054 735 1049 1158 1253 1158 1253 735 1049 734 1044 1158 1253 734 1044 733 1035 1158 1253 733 1035 1157 1254 1157 1254 733 1035 732 1033 1157 1254 732 1033 731 1031 731 1031 730 1029 1157 1254 1157 1254 730 1029 729 1027 1157 1254 729 1027 728 1025 728 1025 727 1023 1157 1254 1157 1254 727 1023 726 1021 1157 1254 726 1021 725 1019 725 1019 724 1017 1157 1254 1157 1254 724 1017 723 1015 1157 1254 723 1015 722 1013 1157 1254 722 1013 1162 1255 1162 1255 722 1013 721 1011 1162 1255 721 1011 720 1009 720 1009 719 1007 1162 1255 1162 1255 719 1007 718 1005 1162 1255 718 1005 717 999 717 999 716 994 1162 1255 1162 1255 716 994 715 989 1162 1255 715 989 714 984 714 984 713 979 1162 1255 1162 1255 713 979 712 974 1162 1255 712 974 1161 1256 1161 1256 712 974 711 969 1161 1256 711 969 710 964 710 964 709 959 1161 1256 1161 1256 709 959 708 954 1161 1256 708 954 707 949 707 949 706 944 1161 1256 1161 1256 706 944 705 939 1161 1256 705 939 704 934 704 934 703 929 1161 1256 1161 1256 703 929 702 924 1161 1256 702 924 701 824 1161 1256 701 824 1160 1257 1160 1257 701 824 700 822 1160 1257 700 822 699 820 699 820 698 818 1160 1257 1160 1257 698 818 697 816 1160 1257 697 816 696 814 696 814 695 812 1160 1257 1160 1257 695 812 694 810 1160 1257 694 810 693 808 693 808 692 806 1160 1257 1160 1257 692 806 691 804 1160 1257 691 804 690 802 1160 1257 690 802 1159 1252 1159 1252 690 802 689 800 1159 1252 689 800 688 798 688 798 687 796 1159 1252 1159 1252 687 796 686 780 816 1113 573 1258 749 1111 749 1111 573 1258 572 1259 749 1111 572 1259 750 1109 750 1109 572 1259 639 1260 750 1109 639 1260 751 1121 751 1121 639 1260 638 1261 751 1121 638 1261 752 1123 752 1123 638 1261 637 1262 752 1123 637 1262 753 1125 753 1125 637 1262 636 1263 753 1125 636 1263 754 1127 754 1127 636 1263 635 1264 754 1127 635 1264 755 1129 755 1129 635 1264 634 1265 755 1129 634 1265 756 1131 756 1131 634 1265 633 1266 756 1131 633 1266 757 1133 757 1133 633 1266 632 1267 757 1133 632 1267 758 1135 758 1135 632 1267 631 1268 758 1135 631 1268 759 1137 759 1137 631 1268 630 1269 759 1137 630 1269 760 1139 760 1139 630 1269 629 1270 760 1139 629 1270 761 1141 761 1141 629 1270 628 1271 761 1141 628 1271 762 1143 762 1143 628 1271 627 1272 762 1143 627 1272 763 1145 763 1145 627 1272 626 1273 763 1145 626 1273 764 1147 764 1147 626 1273 625 1274 764 1147 625 1274 765 1149 765 1149 625 1274 624 1275 765 1149 624 1275 766 793 766 793 624 1275 623 1276 766 793 623 1276 767 794 767 794 623 1276 622 1277 767 794 622 1277 768 922 768 922 622 1277 621 1278 768 922 621 1278 769 920 769 920 621 1278 620 1279 769 920 620 1279 770 918 770 918 620 1279 619 1280 770 918 619 1280 771 916 771 916 619 1280 618 1281 771 916 618 1281 772 914 772 914 618 1281 617 1282 772 914 617 1282 773 912 773 912 617 1282 616 1283 773 912 616 1283 774 910 774 910 616 1283 615 1284 774 910 615 1284 775 908 775 908 615 1284 614 1285 775 908 614 1285 776 906 776 906 614 1285 613 1286 776 906 613 1286 777 904 777 904 613 1286 612 1287 777 904 612 1287 778 902 778 902 612 1287 611 1288 778 902 611 1288 779 900 779 900 611 1288 610 1289 779 900 610 1289 780 898 780 898 610 1289 609 1290 780 898 609 1290 781 896 781 896 609 1290 608 1291 781 896 608 1291 782 894 782 894 608 1291 607 1292 782 894 607 1292 783 892 783 892 607 1292 606 1293 783 892 606 1293 784 890 784 890 606 1293 605 1294 784 890 605 1294 785 888 785 888 605 1294 604 1295 785 888 604 1295 786 886 786 886 604 1295 603 1296 786 886 603 1296 787 884 787 884 603 1296 602 1297 787 884 602 1297 788 882 788 882 602 1297 601 1298 788 882 601 1298 789 880 789 880 601 1298 600 1299 789 880 600 1299 790 878 790 878 600 1299 599 1300 790 878 599 1300 791 876 791 876 599 1300 598 1301 791 876 598 1301 792 874 792 874 598 1301 597 1302 792 874 597 1302 793 872 793 872 597 1302 596 1303 793 872 596 1303 794 870 794 870 596 1303 595 1304 794 870 595 1304 795 868 795 868 595 1304 594 1305 795 868 594 1305 796 866 796 866 594 1305 593 1306 796 866 593 1306 797 864 797 864 593 1306 592 1307 797 864 592 1307 798 862 798 862 592 1307 591 1308 798 862 591 1308 799 860 799 860 591 1308 590 1309 799 860 590 1309 800 858 800 858 590 1309 589 1310 800 858 589 1310 801 856 801 856 589 1310 588 1311 801 856 588 1311 802 854 802 854 588 1311 587 1312 802 854 587 1312 803 852 803 852 587 1312 586 1313 803 852 586 1313 804 850 804 850 586 1313 585 1314 804 850 585 1314 805 848 805 848 585 1314 584 1315 805 848 584 1315 806 846 806 846 584 1315 583 1316 806 846 583 1316 807 844 807 844 583 1316 582 1317 807 844 582 1317 808 842 808 842 582 1317 581 1318 808 842 581 1318 809 840 809 840 581 1318 580 1319 809 840 580 1319 810 838 810 838 580 1319 579 1320 810 838 579 1320 811 836 811 836 579 1320 578 1321 811 836 578 1321 812 835 812 835 578 1321 577 1322 812 835 577 1322 813 1119 813 1119 577 1322 576 1323 813 1119 576 1323 814 1117 814 1117 576 1323 575 1324 814 1117 575 1324 815 1115 815 1115 575 1324 574 1325 815 1115 574 1325 816 1113 816 1113 574 1325 573 1258 1163 1326 1164 1327 1161 1328 1161 1328 1164 1327 1165 1329 1161 1328 1165 1329 1166 1330 1166 1330 1167 1331 1161 1328 1161 1328 1167 1331 1168 1332 1161 1328 1168 1332 1162 1333 1162 1333 1168 1332 1169 1334 1162 1333 1169 1334 1170 1335 1170 1335 1171 1336 1162 1333 1162 1333 1171 1336 1172 1337 1162 1333 1172 1337 1173 1338 1173 1339 1174 1340 1162 1341 1162 1341 1174 1340 1175 1342 1162 1341 1175 1342 1176 1343 1176 1343 1177 1344 1162 1341 1162 1341 1177 1344 1178 1345 1162 1341 1178 1345 1157 1346 1157 1346 1178 1345 1179 1347 1157 1346 1179 1347 1180 1348 1180 1348 1181 1349 1157 1346 1157 1346 1181 1349 1182 1350 1157 1346 1182 1350 1183 1351 1183 1352 1184 1353 1157 1354 1157 1354 1184 1353 1185 1355 1157 1354 1185 1355 1186 1356 1186 1356 1187 1357 1157 1354 1157 1354 1187 1357 1188 1358 1157 1354 1188 1358 1158 1359 1158 1359 1188 1358 1189 1360 1158 1359 1189 1360 1190 1361 1190 1361 1191 1362 1158 1359 1158 1359 1191 1362 1192 1363 1158 1359 1192 1363 1193 1364 1193 1365 1194 1366 1158 1367 1158 1367 1194 1366 1195 1368 1158 1367 1195 1368 1196 1369 1196 1369 1197 1370 1158 1367 1158 1367 1197 1370 1198 1371 1158 1367 1198 1371 1159 1372 1159 1372 1198 1371 1199 1373 1159 1372 1199 1373 1200 1374 1200 1374 1201 1375 1159 1372 1159 1372 1201 1375 1202 1376 1159 1372 1202 1376 1203 1377 1204 1378 1205 1379 1160 1380 1160 1380 1205 1379 1206 1381 1160 1380 1206 1381 1207 1382 1207 1382 1208 1383 1160 1380 1160 1380 1208 1383 1209 1384 1160 1380 1209 1384 1161 1385 1161 1385 1209 1384 1210 1386 1161 1385 1210 1386 1211 1387 1211 1387 1212 1388 1161 1385 1161 1385 1212 1388 1213 1389 1161 1385 1213 1389 1163 1390 1203 1391 1214 1392 1159 1393 1159 1393 1214 1392 1215 1394 1159 1393 1215 1394 1216 1395 1216 1395 1217 1396 1159 1393 1159 1393 1217 1396 1218 1397 1159 1393 1218 1397 1160 1398 1160 1398 1218 1397 1219 1399 1160 1398 1219 1399 1220 1400 1220 1400 1221 1401 1160 1398 1160 1398 1221 1401 1222 1402 1160 1398 1222 1402 1204 1403 1213 1404 1223 1405 1163 1406 1213 1404 1212 1407 1223 1405 1212 1407 1211 1408 1223 1409 1211 1408 1210 1410 1223 1411 1210 1410 1209 1412 1223 1413 1207 1414 1223 1415 1208 1416 1207 1414 1206 1417 1223 1418 1223 1418 1206 1417 1205 1419 1204 1420 1222 1421 1205 1419 1205 1419 1222 1421 1223 1422 1220 1423 1223 1424 1221 1425 1218 1426 1223 1427 1219 1428 1216 1429 1223 1430 1217 1431 1216 1429 1215 1432 1223 1433 1223 1433 1215 1432 1214 1434 1203 1435 1202 1436 1214 1434 1214 1434 1202 1436 1223 1437 1200 1438 1223 1439 1201 1440 1198 1441 1223 1442 1199 1443 1197 1444 1223 1445 1198 1441 1195 1446 1223 1447 1196 1448 1195 1446 1194 1449 1223 1447 1193 1450 1192 1451 1194 1449 1194 1449 1192 1451 1223 1452 1190 1453 1223 1454 1191 1455 1188 1456 1223 1457 1189 1458 1186 1459 1223 1460 1187 1461 1184 1462 1223 1463 1185 1464 1184 1462 1183 1465 1223 1463 1183 1465 1182 1466 1223 1467 1223 1467 1182 1466 1181 1468 1181 1468 1180 1469 1223 1470 1180 1469 1179 1471 1223 1472 1179 1471 1178 1473 1223 1474 1176 1475 1223 1476 1177 1477 1174 1478 1223 1479 1175 1480 1174 1478 1173 1481 1223 1479 1173 1481 1172 1482 1223 1483 1223 1483 1172 1482 1171 1484 1171 1484 1170 1485 1223 1486 1170 1485 1169 1487 1223 1488 1169 1487 1168 1489 1223 1490 1168 1489 1167 1491 1223 1492 1167 1491 1166 1493 1223 1494 1166 1493 1165 1495 1223 1496 1165 1495 1164 1497 1223 1498 1223 1498 1164 1497 1163 1406 1208 1416 1223 1499 1209 1412 1175 1480 1223 1500 1176 1475 1177 1477 1223 1501 1178 1473 1185 1464 1223 1502 1186 1459 1187 1461 1223 1503 1188 1456 1189 1458 1223 1504 1190 1453 1191 1455 1223 1505 1192 1451 1196 1448 1223 1506 1197 1444 1199 1443 1223 1507 1200 1438 1201 1440 1223 1508 1202 1436 1217 1431 1223 1509 1218 1426 1219 1428 1223 1510 1220 1423 1221 1425 1223 1511 1222 1421</p>
        </triangles>
        <triangles material="UN_5721_M3_0_5__Opaque_190_188_186_" count="5174">
          <input semantic="VERTEX" source="#left_pivot-mesh-vertices" offset="0"/>
          <input semantic="NORMAL" source="#left_pivot-mesh-normals" offset="1"/>
          <p>1225 1512 1318 1513 1224 1514 1224 1514 1318 1513 1319 1515 1224 1514 1319 1515 1284 1516 1284 1516 1319 1515 1320 1517 1284 1516 1320 1517 1283 1518 1283 1518 1320 1517 1321 1519 1283 1518 1321 1519 1282 1520 1282 1520 1321 1519 1322 1521 1282 1520 1322 1521 1281 1522 1281 1522 1322 1521 1323 1523 1281 1522 1323 1523 1280 1524 1280 1524 1323 1523 1324 1525 1280 1524 1324 1525 1325 1526 1318 1513 1225 1512 1317 1527 1317 1527 1225 1512 1226 1528 1317 1527 1226 1528 1316 1529 1316 1529 1226 1528 1227 1530 1316 1529 1227 1530 1315 1531 1315 1531 1227 1530 1228 1532 1315 1531 1228 1532 1314 1533 1314 1533 1228 1532 1229 1534 1314 1533 1229 1534 1313 1535 1313 1535 1229 1534 1312 1536 1312 1536 1229 1534 1230 1537 1312 1536 1230 1537 1311 1538 1311 1538 1230 1537 1231 1539 1311 1538 1231 1539 1310 1540 1310 1540 1231 1539 1232 1541 1310 1540 1232 1541 1309 1542 1309 1542 1232 1541 1233 1543 1309 1542 1233 1543 1308 1544 1308 1544 1233 1543 1234 1545 1308 1544 1234 1545 1307 1546 1307 1546 1234 1545 1235 1547 1307 1546 1235 1547 1306 1548 1306 1548 1235 1547 1236 1549 1306 1548 1236 1549 1305 1550 1305 1550 1236 1549 1237 1551 1305 1550 1237 1551 1304 1552 1304 1552 1237 1551 1238 1553 1304 1552 1238 1553 1303 1554 1303 1554 1238 1553 1239 1555 1303 1554 1239 1555 1302 1556 1302 1556 1239 1555 1301 1557 1301 1557 1239 1555 1240 1558 1301 1557 1240 1558 1300 1559 1300 1559 1240 1558 1241 1560 1300 1559 1241 1560 1299 1561 1299 1561 1241 1560 1242 1562 1299 1561 1242 1562 1298 1563 1298 1563 1242 1562 1243 1564 1298 1563 1243 1564 1297 1565 1297 1565 1243 1564 1244 1566 1297 1565 1244 1566 1296 1567 1296 1567 1244 1566 1245 1568 1296 1567 1245 1568 1295 1569 1295 1569 1245 1568 1246 1570 1295 1569 1246 1570 1294 1571 1294 1571 1246 1570 1247 1572 1294 1571 1247 1572 1293 1573 1293 1573 1247 1572 1248 1574 1293 1573 1248 1574 1292 1575 1292 1575 1248 1574 1249 1576 1292 1575 1249 1576 1291 1577 1291 1577 1249 1576 1290 1578 1290 1578 1249 1576 1250 1579 1290 1578 1250 1579 1289 1580 1289 1580 1250 1579 1251 1581 1289 1580 1251 1581 1288 1582 1288 1582 1251 1581 1252 1583 1288 1582 1252 1583 1287 1584 1287 1584 1252 1583 1253 1585 1287 1584 1253 1585 1286 1586 1286 1586 1253 1585 1254 1587 1286 1586 1254 1587 1285 1588 1285 1588 1254 1587 1255 1589 1285 1588 1255 1589 1351 1590 1351 1590 1255 1589 1256 1591 1351 1590 1256 1591 1350 1592 1350 1592 1256 1591 1257 1593 1350 1592 1257 1593 1349 1594 1349 1594 1257 1593 1258 1595 1349 1594 1258 1595 1348 1596 1348 1596 1258 1595 1259 1597 1348 1596 1259 1597 1347 1598 1347 1598 1259 1597 1260 1599 1347 1598 1260 1599 1346 1600 1346 1600 1260 1599 1345 1601 1345 1601 1260 1599 1261 1602 1345 1601 1261 1602 1344 1603 1344 1603 1261 1602 1262 1604 1344 1603 1262 1604 1343 1605 1343 1605 1262 1604 1263 1606 1343 1605 1263 1606 1342 1607 1342 1607 1263 1606 1264 1608 1342 1607 1264 1608 1341 1609 1341 1609 1264 1608 1265 1610 1341 1609 1265 1610 1340 1611 1340 1611 1265 1610 1266 1612 1340 1611 1266 1612 1339 1613 1339 1613 1266 1612 1267 1614 1339 1613 1267 1614 1338 1615 1338 1615 1267 1614 1268 1616 1338 1615 1268 1616 1337 1617 1337 1617 1268 1616 1269 1618 1337 1617 1269 1618 1336 1619 1336 1619 1269 1618 1270 1620 1336 1619 1270 1620 1335 1621 1335 1621 1270 1620 1334 1622 1334 1622 1270 1620 1271 1623 1334 1622 1271 1623 1333 1624 1333 1624 1271 1623 1272 1625 1333 1624 1272 1625 1332 1626 1332 1626 1272 1625 1273 1627 1332 1626 1273 1627 1331 1628 1331 1628 1273 1627 1274 1629 1331 1628 1274 1629 1330 1630 1330 1630 1274 1629 1275 1631 1330 1630 1275 1631 1329 1632 1329 1632 1275 1631 1276 1633 1329 1632 1276 1633 1328 1634 1328 1634 1276 1633 1277 1635 1328 1634 1277 1635 1327 1636 1327 1636 1277 1635 1278 1637 1327 1636 1278 1637 1326 1638 1326 1638 1278 1637 1279 1639 1326 1638 1279 1639 1325 1526 1325 1526 1279 1639 1280 1524 1412 1640 1352 1641 1413 1642 1413 1642 1352 1641 1353 1643 1413 1642 1353 1643 1414 1644 1414 1644 1353 1643 1354 1645 1414 1644 1354 1645 1415 1646 1415 1646 1354 1645 1355 1647 1415 1646 1355 1647 1416 1648 1416 1648 1355 1647 1356 1649 1416 1648 1356 1649 1417 1650 1417 1650 1356 1649 1357 1651 1417 1650 1357 1651 1418 1652 1418 1652 1357 1651 1358 1653 1418 1652 1358 1653 1419 1654 1419 1654 1358 1653 1359 1655 1419 1654 1359 1655 1420 1656 1420 1656 1359 1655 1360 1657 1420 1656 1360 1657 1421 1658 1421 1658 1360 1657 1361 1659 1421 1658 1361 1659 1422 1660 1422 1660 1361 1659 1362 1661 1422 1660 1362 1661 1423 1662 1423 1662 1362 1661 1363 1663 1423 1662 1363 1663 1424 1664 1424 1664 1363 1663 1364 1665 1424 1664 1364 1665 1425 1666 1425 1666 1364 1665 1365 1667 1425 1666 1365 1667 1426 1668 1426 1668 1365 1667 1366 1669 1426 1668 1366 1669 1427 1670 1427 1670 1366 1669 1367 1671 1427 1670 1367 1671 1428 1672 1428 1672 1367 1671 1368 1673 1428 1672 1368 1673 1429 1674 1429 1674 1368 1673 1369 1675 1429 1674 1369 1675 1430 1676 1430 1676 1369 1675 1370 1677 1430 1676 1370 1677 1431 1678 1431 1678 1370 1677 1371 1679 1431 1678 1371 1679 1432 1680 1432 1680 1371 1679 1372 1681 1432 1680 1372 1681 1433 1682 1433 1682 1372 1681 1373 1683 1433 1682 1373 1683 1434 1684 1434 1684 1373 1683 1374 1685 1434 1684 1374 1685 1435 1686 1435 1686 1374 1685 1375 1687 1435 1686 1375 1687 1436 1688 1436 1688 1375 1687 1376 1689 1436 1688 1376 1689 1437 1690 1437 1690 1376 1689 1377 1691 1437 1690 1377 1691 1438 1692 1438 1692 1377 1691 1378 1693 1438 1692 1378 1693 1439 1694 1439 1694 1378 1693 1379 1695 1439 1694 1379 1695 1440 1696 1440 1696 1379 1695 1380 1697 1440 1696 1380 1697 1441 1698 1441 1698 1380 1697 1381 1699 1441 1698 1381 1699 1442 1700 1442 1700 1381 1699 1382 1701 1442 1700 1382 1701 1443 1702 1443 1702 1382 1701 1383 1703 1443 1702 1383 1703 1444 1704 1444 1704 1383 1703 1384 1705 1444 1704 1384 1705 1445 1706 1445 1706 1384 1705 1385 1707 1445 1706 1385 1707 1446 1708 1446 1708 1385 1707 1386 1709 1446 1708 1386 1709 1447 1710 1447 1710 1386 1709 1387 1711 1447 1710 1387 1711 1448 1712 1448 1712 1387 1711 1388 1713 1448 1712 1388 1713 1449 1714 1449 1714 1388 1713 1389 1715 1449 1714 1389 1715 1450 1716 1450 1716 1389 1715 1390 1717 1450 1716 1390 1717 1451 1718 1451 1718 1390 1717 1391 1719 1451 1718 1391 1719 1452 1720 1452 1720 1391 1719 1392 1721 1452 1720 1392 1721 1453 1722 1453 1722 1392 1721 1393 1723 1453 1722 1393 1723 1454 1724 1454 1724 1393 1723 1394 1725 1454 1724 1394 1725 1455 1726 1455 1726 1394 1725 1395 1727 1455 1726 1395 1727 1456 1728 1456 1728 1395 1727 1396 1729 1456 1728 1396 1729 1457 1730 1457 1730 1396 1729 1397 1731 1457 1730 1397 1731 1458 1732 1458 1732 1397 1731 1398 1733 1458 1732 1398 1733 1459 1734 1459 1734 1398 1733 1399 1735 1459 1734 1399 1735 1460 1736 1460 1736 1399 1735 1400 1737 1460 1736 1400 1737 1461 1738 1461 1738 1400 1737 1401 1739 1461 1738 1401 1739 1462 1740 1462 1740 1401 1739 1402 1741 1462 1740 1402 1741 1463 1742 1463 1742 1402 1741 1403 1743 1463 1742 1403 1743 1464 1744 1464 1744 1403 1743 1404 1745 1464 1744 1404 1745 1465 1746 1465 1746 1404 1745 1405 1747 1465 1746 1405 1747 1466 1748 1466 1748 1405 1747 1406 1749 1466 1748 1406 1749 1467 1750 1467 1750 1406 1749 1407 1751 1467 1750 1407 1751 1468 1752 1468 1752 1407 1751 1408 1753 1468 1752 1408 1753 1469 1754 1469 1754 1408 1753 1409 1755 1469 1754 1409 1755 1470 1756 1470 1756 1409 1755 1410 1757 1470 1756 1410 1757 1471 1758 1471 1758 1410 1757 1411 1759 1471 1758 1411 1759 1472 1760 1472 1760 1411 1759 1412 1640 1472 1760 1412 1640 1413 1642 1225 1761 1224 1762 1413 1642 1413 1642 1224 1762 1284 1763 1413 1642 1284 1763 1472 1760 1472 1760 1284 1763 1283 1764 1472 1760 1283 1764 1471 1758 1471 1758 1283 1764 1282 1765 1471 1758 1282 1765 1470 1756 1470 1756 1282 1765 1281 1766 1470 1756 1281 1766 1469 1754 1469 1754 1281 1766 1280 1767 1469 1754 1280 1767 1468 1752 1468 1752 1280 1767 1279 1768 1468 1752 1279 1768 1467 1750 1467 1750 1279 1768 1278 1769 1467 1750 1278 1769 1466 1748 1466 1748 1278 1769 1277 1770 1466 1748 1277 1770 1465 1746 1465 1746 1277 1770 1276 1771 1465 1746 1276 1771 1464 1744 1464 1744 1276 1771 1275 1772 1464 1744 1275 1772 1463 1742 1463 1742 1275 1772 1274 1773 1463 1742 1274 1773 1462 1740 1462 1740 1274 1773 1273 1774 1462 1740 1273 1774 1461 1738 1461 1738 1273 1774 1272 1775 1461 1738 1272 1775 1460 1736 1460 1736 1272 1775 1271 1776 1460 1736 1271 1776 1459 1734 1459 1734 1271 1776 1270 1777 1459 1734 1270 1777 1458 1732 1458 1732 1270 1777 1269 1778 1458 1732 1269 1778 1457 1730 1457 1730 1269 1778 1268 1779 1457 1730 1268 1779 1456 1728 1456 1728 1268 1779 1267 1780 1456 1728 1267 1780 1455 1726 1455 1726 1267 1780 1266 1781 1455 1726 1266 1781 1454 1724 1454 1724 1266 1781 1265 1782 1454 1724 1265 1782 1453 1722 1453 1722 1265 1782 1264 1783 1453 1722 1264 1783 1452 1720 1452 1720 1264 1783 1263 1784 1452 1720 1263 1784 1451 1718 1451 1718 1263 1784 1262 1785 1451 1718 1262 1785 1450 1716 1450 1716 1262 1785 1261 1786 1450 1716 1261 1786 1449 1714 1449 1714 1261 1786 1260 1787 1449 1714 1260 1787 1448 1712 1448 1712 1260 1787 1259 1788 1448 1712 1259 1788 1447 1710 1447 1710 1259 1788 1258 1789 1447 1710 1258 1789 1446 1708 1446 1708 1258 1789 1257 1790 1446 1708 1257 1790 1445 1706 1445 1706 1257 1790 1256 1791 1445 1706 1256 1791 1444 1704 1444 1704 1256 1791 1255 1792 1444 1704 1255 1792 1443 1702 1443 1702 1255 1792 1254 1793 1443 1702 1254 1793 1442 1700 1442 1700 1254 1793 1253 1794 1442 1700 1253 1794 1441 1698 1441 1698 1253 1794 1252 1795 1441 1698 1252 1795 1440 1696 1440 1696 1252 1795 1251 1796 1440 1696 1251 1796 1439 1694 1439 1694 1251 1796 1250 1797 1439 1694 1250 1797 1438 1692 1438 1692 1250 1797 1249 1798 1438 1692 1249 1798 1437 1690 1437 1690 1249 1798 1248 1799 1437 1690 1248 1799 1436 1688 1436 1688 1248 1799 1247 1800 1436 1688 1247 1800 1435 1686 1435 1686 1247 1800 1246 1801 1435 1686 1246 1801 1434 1684 1434 1684 1246 1801 1245 1802 1434 1684 1245 1802 1433 1682 1433 1682 1245 1802 1244 1803 1433 1682 1244 1803 1432 1680 1432 1680 1244 1803 1243 1804 1432 1680 1243 1804 1431 1678 1431 1678 1243 1804 1242 1805 1431 1678 1242 1805 1430 1676 1430 1676 1242 1805 1241 1806 1430 1676 1241 1806 1429 1674 1429 1674 1241 1806 1240 1807 1429 1674 1240 1807 1428 1672 1428 1672 1240 1807 1239 1808 1428 1672 1239 1808 1427 1670 1427 1670 1239 1808 1238 1809 1427 1670 1238 1809 1426 1668 1426 1668 1238 1809 1237 1810 1426 1668 1237 1810 1425 1666 1425 1666 1237 1810 1236 1811 1425 1666 1236 1811 1424 1664 1424 1664 1236 1811 1235 1812 1424 1664 1235 1812 1423 1662 1423 1662 1235 1812 1234 1813 1423 1662 1234 1813 1422 1660 1422 1660 1234 1813 1233 1814 1422 1660 1233 1814 1421 1658 1421 1658 1233 1814 1232 1815 1421 1658 1232 1815 1420 1656 1420 1656 1232 1815 1231 1816 1420 1656 1231 1816 1419 1654 1419 1654 1231 1816 1230 1817 1419 1654 1230 1817 1418 1652 1418 1652 1230 1817 1229 1818 1418 1652 1229 1818 1417 1650 1417 1650 1229 1818 1228 1819 1417 1650 1228 1819 1416 1648 1416 1648 1228 1819 1227 1820 1416 1648 1227 1820 1415 1646 1415 1646 1227 1820 1226 1821 1415 1646 1226 1821 1414 1644 1414 1644 1226 1821 1225 1761 1414 1644 1225 1761 1413 1642 1474 1822 1319 1823 1473 1824 1473 1824 1319 1823 1318 1825 1473 1824 1318 1825 1562 1826 1562 1826 1318 1825 1317 1827 1562 1826 1317 1827 1561 1828 1561 1828 1317 1827 1560 1829 1560 1829 1317 1827 1316 1830 1560 1829 1316 1830 1559 1831 1559 1831 1316 1830 1315 1832 1559 1831 1315 1832 1558 1833 1558 1833 1315 1832 1314 1834 1558 1833 1314 1834 1557 1835 1557 1835 1314 1834 1556 1836 1556 1836 1314 1834 1313 1837 1556 1836 1313 1837 1555 1838 1555 1838 1313 1837 1312 1839 1555 1838 1312 1839 1554 1840 1554 1840 1312 1839 1311 1841 1554 1840 1311 1841 1553 1842 1553 1842 1311 1841 1552 1843 1552 1843 1311 1841 1310 1844 1552 1843 1310 1844 1551 1845 1551 1845 1310 1844 1309 1846 1551 1845 1309 1846 1550 1847 1550 1847 1309 1846 1308 1848 1550 1847 1308 1848 1549 1849 1549 1849 1308 1848 1548 1850 1548 1850 1308 1848 1307 1851 1548 1850 1307 1851 1547 1852 1547 1852 1307 1851 1306 1853 1547 1852 1306 1853 1546 1854 1546 1854 1306 1853 1305 1855 1546 1854 1305 1855 1545 1856 1545 1856 1305 1855 1544 1857 1544 1857 1305 1855 1304 1858 1544 1857 1304 1858 1543 1859 1543 1859 1304 1858 1303 1860 1543 1859 1303 1860 1542 1861 1542 1861 1303 1860 1302 1862 1542 1861 1302 1862 1541 1863 1541 1863 1302 1862 1540 1864 1540 1864 1302 1862 1301 1865 1540 1864 1301 1865 1539 1866 1539 1866 1301 1865 1300 1867 1539 1866 1300 1867 1538 1868 1538 1868 1300 1867 1537 1869 1537 1869 1300 1867 1299 1870 1537 1869 1299 1870 1536 1871 1536 1871 1299 1870 1298 1872 1536 1871 1298 1872 1535 1873 1535 1873 1298 1872 1297 1874 1535 1873 1297 1874 1534 1875 1534 1875 1297 1874 1533 1876 1533 1876 1297 1874 1296 1877 1533 1876 1296 1877 1532 1878 1532 1878 1296 1877 1295 1879 1532 1878 1295 1879 1531 1880 1531 1880 1295 1879 1294 1881 1531 1880 1294 1881 1530 1882 1530 1882 1294 1881 1529 1883 1529 1883 1294 1881 1293 1884 1529 1883 1293 1884 1528 1885 1528 1885 1293 1884 1292 1886 1528 1885 1292 1886 1527 1887 1527 1887 1292 1886 1291 1888 1527 1887 1291 1888 1526 1889 1526 1889 1291 1888 1525 1890 1525 1890 1291 1888 1290 1891 1525 1890 1290 1891 1524 1892 1524 1892 1290 1891 1289 1893 1524 1892 1289 1893 1523 1894 1523 1894 1289 1893 1288 1895 1523 1894 1288 1895 1522 1896 1522 1896 1288 1895 1521 1897 1521 1897 1288 1895 1287 1898 1521 1897 1287 1898 1520 1899 1520 1899 1287 1898 1286 1900 1520 1899 1286 1900 1519 1901 1519 1901 1286 1900 1285 1902 1519 1901 1285 1902 1518 1903 1518 1903 1285 1902 1517 1904 1517 1904 1285 1902 1351 1905 1517 1904 1351 1905 1516 1906 1516 1906 1351 1905 1350 1907 1516 1906 1350 1907 1515 1908 1515 1908 1350 1907 1349 1909 1515 1908 1349 1909 1514 1910 1514 1910 1349 1909 1513 1911 1513 1911 1349 1909 1348 1912 1513 1911 1348 1912 1512 1913 1512 1913 1348 1912 1347 1914 1512 1913 1347 1914 1511 1915 1511 1915 1347 1914 1346 1916 1511 1915 1346 1916 1510 1917 1510 1917 1346 1916 1509 1918 1509 1918 1346 1916 1345 1919 1509 1918 1345 1919 1508 1920 1508 1920 1345 1919 1344 1921 1508 1920 1344 1921 1507 1922 1507 1922 1344 1921 1343 1923 1507 1922 1343 1923 1506 1924 1506 1924 1343 1923 1505 1925 1505 1925 1343 1923 1342 1926 1505 1925 1342 1926 1504 1927 1504 1927 1342 1926 1341 1928 1504 1927 1341 1928 1503 1929 1503 1929 1341 1928 1340 1930 1503 1929 1340 1930 1502 1931 1502 1931 1340 1930 1501 1932 1501 1932 1340 1930 1339 1933 1501 1932 1339 1933 1500 1934 1500 1934 1339 1933 1338 1935 1500 1934 1338 1935 1499 1936 1499 1936 1338 1935 1337 1937 1499 1936 1337 1937 1498 1938 1498 1938 1337 1937 1497 1939 1497 1939 1337 1937 1336 1940 1497 1939 1336 1940 1496 1941 1496 1941 1336 1940 1335 1942 1496 1941 1335 1942 1495 1943 1495 1943 1335 1942 1494 1944 1494 1944 1335 1942 1334 1945 1494 1944 1334 1945 1493 1946 1493 1946 1334 1945 1333 1947 1493 1946 1333 1947 1492 1948 1492 1948 1333 1947 1332 1949 1492 1948 1332 1949 1491 1950 1491 1950 1332 1949 1490 1951 1490 1951 1332 1949 1331 1952 1490 1951 1331 1952 1489 1953 1489 1953 1331 1952 1330 1954 1489 1953 1330 1954 1488 1955 1488 1955 1330 1954 1329 1956 1488 1955 1329 1956 1487 1957 1487 1957 1329 1956 1486 1958 1486 1958 1329 1956 1328 1959 1486 1958 1328 1959 1485 1960 1485 1960 1328 1959 1327 1961 1485 1960 1327 1961 1484 1962 1484 1962 1327 1961 1326 1963 1484 1962 1326 1963 1483 1964 1483 1964 1326 1963 1482 1965 1482 1965 1326 1963 1325 1966 1482 1965 1325 1966 1481 1967 1481 1967 1325 1966 1324 1968 1481 1967 1324 1968 1480 1969 1480 1969 1324 1968 1323 1970 1480 1969 1323 1970 1479 1971 1479 1971 1323 1970 1478 1972 1478 1972 1323 1970 1322 1973 1478 1972 1322 1973 1477 1974 1477 1974 1322 1973 1321 1975 1477 1974 1321 1975 1476 1976 1476 1976 1321 1975 1320 1977 1476 1976 1320 1977 1475 1978 1475 1978 1320 1977 1474 1822 1474 1822 1320 1977 1319 1823 1563 1979 1564 1980 1593 1981 1593 1981 1564 1980 1565 1982 1593 1981 1565 1982 1592 1983 1592 1983 1565 1982 1566 1984 1592 1983 1566 1984 1591 1985 1591 1985 1566 1984 1567 1986 1591 1985 1567 1986 1590 1987 1590 1987 1567 1986 1568 1988 1590 1987 1568 1988 1589 1989 1589 1989 1568 1988 1569 1990 1589 1989 1569 1990 1588 1991 1588 1991 1569 1990 1570 1992 1588 1991 1570 1992 1587 1993 1587 1993 1570 1992 1571 1994 1587 1993 1571 1994 1586 1995 1586 1995 1571 1994 1572 1996 1586 1995 1572 1996 1585 1997 1585 1997 1572 1996 1573 1998 1585 1997 1573 1998 1584 1999 1584 1999 1573 1998 1574 2000 1584 1999 1574 2000 1583 2001 1583 2001 1574 2000 1575 2002 1583 2001 1575 2002 1582 2003 1582 2003 1575 2002 1576 2004 1582 2003 1576 2004 1581 2005 1581 2005 1576 2004 1577 2006 1581 2005 1577 2006 1580 2007 1580 2007 1577 2006 1578 2008 1580 2007 1578 2008 1579 2009 1595 2010 1609 2011 1594 2012 1594 2012 1609 2011 1610 2013 1594 2012 1610 2013 1623 2014 1623 2014 1610 2013 1611 2015 1623 2014 1611 2015 1622 2016 1622 2016 1611 2015 1612 2017 1622 2016 1612 2017 1621 2018 1621 2018 1612 2017 1613 2019 1621 2018 1613 2019 1620 2020 1620 2020 1613 2019 1614 2021 1620 2020 1614 2021 1619 2022 1619 2022 1614 2021 1615 2023 1619 2022 1615 2023 1618 2024 1618 2024 1615 2023 1616 2025 1618 2024 1616 2025 1617 2026 1617 2026 1616 2025 1579 2009 1609 2011 1595 2010 1608 2027 1608 2027 1595 2010 1596 2028 1608 2027 1596 2028 1607 2029 1607 2029 1596 2028 1597 2030 1607 2029 1597 2030 1606 2031 1606 2031 1597 2030 1598 2032 1606 2031 1598 2032 1605 2033 1605 2033 1598 2032 1599 2034 1605 2033 1599 2034 1604 2035 1604 2035 1599 2034 1600 2036 1604 2035 1600 2036 1603 2037 1603 2037 1600 2036 1601 2038 1603 2037 1601 2038 1602 2039 1624 2040 1625 2041 1653 2042 1653 2042 1625 2041 1626 2043 1653 2042 1626 2043 1652 2044 1652 2044 1626 2043 1627 2045 1652 2044 1627 2045 1651 2046 1651 2046 1627 2045 1628 2047 1651 2046 1628 2047 1650 2048 1650 2048 1628 2047 1629 2049 1650 2048 1629 2049 1649 2050 1649 2050 1629 2049 1630 2051 1649 2050 1630 2051 1648 2052 1648 2052 1630 2051 1631 2053 1648 2052 1631 2053 1647 2054 1647 2054 1631 2053 1632 2055 1647 2054 1632 2055 1646 2056 1646 2056 1632 2055 1633 2057 1646 2056 1633 2057 1645 2058 1645 2058 1633 2057 1634 2059 1645 2058 1634 2059 1644 2060 1644 2060 1634 2059 1635 2061 1644 2060 1635 2061 1643 2062 1643 2062 1635 2061 1636 2063 1643 2062 1636 2063 1642 2064 1642 2064 1636 2063 1637 2065 1642 2064 1637 2065 1641 2066 1641 2066 1637 2065 1638 2067 1641 2066 1638 2067 1640 2068 1640 2068 1638 2067 1639 2069 1640 2068 1639 2069 1563 1979 1654 2070 1655 2071 1683 2072 1683 2072 1655 2071 1656 2073 1683 2072 1656 2073 1682 2074 1682 2074 1656 2073 1657 2075 1682 2074 1657 2075 1681 2076 1681 2076 1657 2075 1658 2077 1681 2076 1658 2077 1680 2078 1680 2078 1658 2077 1659 2079 1680 2078 1659 2079 1679 2080 1679 2080 1659 2079 1660 2081 1679 2080 1660 2081 1678 2082 1678 2082 1660 2081 1661 2083 1678 2082 1661 2083 1677 2084 1677 2084 1661 2083 1662 2085 1677 2084 1662 2085 1676 2086 1676 2086 1662 2085 1663 2087 1676 2086 1663 2087 1675 2088 1675 2088 1663 2087 1664 2089 1675 2088 1664 2089 1674 2090 1674 2090 1664 2089 1665 2091 1674 2090 1665 2091 1673 2092 1673 2092 1665 2091 1666 2093 1673 2092 1666 2093 1672 2094 1672 2094 1666 2093 1667 2095 1672 2094 1667 2095 1671 2096 1671 2096 1667 2095 1668 2097 1671 2096 1668 2097 1670 2098 1670 2098 1668 2097 1669 2099 1670 2098 1669 2099 1624 2040 1685 2100 1699 2101 1684 2102 1684 2102 1699 2101 1700 2103 1684 2102 1700 2103 1713 2104 1713 2104 1700 2103 1701 2105 1713 2104 1701 2105 1712 2106 1712 2106 1701 2105 1702 2107 1712 2106 1702 2107 1711 2108 1711 2108 1702 2107 1703 2109 1711 2108 1703 2109 1710 2110 1710 2110 1703 2109 1704 2111 1710 2110 1704 2111 1709 2112 1709 2112 1704 2111 1705 2113 1709 2112 1705 2113 1708 2114 1708 2114 1705 2113 1706 2115 1708 2114 1706 2115 1707 2116 1707 2116 1706 2115 1602 2039 1699 2101 1685 2100 1698 2117 1698 2117 1685 2100 1686 2118 1698 2117 1686 2118 1697 2119 1697 2119 1686 2118 1687 2120 1697 2119 1687 2120 1696 2121 1696 2121 1687 2120 1688 2122 1696 2121 1688 2122 1695 2123 1695 2123 1688 2122 1689 2124 1695 2123 1689 2124 1694 2125 1694 2125 1689 2124 1690 2126 1694 2125 1690 2126 1693 2127 1693 2127 1690 2126 1691 2128 1693 2127 1691 2128 1692 2129 1715 2130 1728 2131 1714 2132 1714 2132 1728 2131 1729 2133 1714 2132 1729 2133 1742 2134 1742 2134 1729 2133 1730 2135 1742 2134 1730 2135 1741 2136 1741 2136 1730 2135 1731 2137 1741 2136 1731 2137 1740 2138 1740 2138 1731 2137 1732 2139 1740 2138 1732 2139 1739 2140 1739 2140 1732 2139 1733 2141 1739 2140 1733 2141 1738 2142 1738 2142 1733 2141 1734 2143 1738 2142 1734 2143 1737 2144 1737 2144 1734 2143 1735 2145 1737 2144 1735 2145 1736 2146 1736 2146 1735 2145 1692 2129 1728 2131 1715 2130 1727 2147 1727 2147 1715 2130 1716 2148 1727 2147 1716 2148 1726 2149 1726 2149 1716 2148 1717 2150 1726 2149 1717 2150 1725 2151 1725 2151 1717 2150 1718 2152 1725 2151 1718 2152 1724 2153 1724 2153 1718 2152 1719 2154 1724 2153 1719 2154 1723 2155 1723 2155 1719 2154 1720 2156 1723 2155 1720 2156 1722 2157 1722 2157 1720 2156 1721 2158 1722 2157 1721 2158 1654 2070 1548 2159 1743 2160 1549 2161 1549 2161 1743 2160 1744 2162 1549 2161 1744 2162 1550 2163 1550 2163 1744 2162 1745 2164 1550 2163 1745 2164 1551 2165 1551 2165 1745 2164 1746 2166 1551 2165 1746 2166 1552 2167 1552 2167 1746 2166 1747 2168 1552 2167 1747 2168 1553 2169 1553 2169 1747 2168 1748 2170 1553 2169 1748 2170 1554 2171 1554 2171 1748 2170 1749 2172 1554 2171 1749 2172 1555 2173 1555 2173 1749 2172 1750 2174 1555 2173 1750 2174 1556 2175 1556 2175 1750 2174 1751 2176 1556 2175 1751 2176 1557 2177 1557 2177 1751 2176 1752 2178 1557 2177 1752 2178 1558 2179 1558 2179 1752 2178 1753 2180 1558 2179 1753 2180 1559 2181 1559 2181 1753 2180 1754 2182 1559 2181 1754 2182 1560 2183 1560 2183 1754 2182 1755 2184 1560 2183 1755 2184 1561 2185 1561 2185 1755 2184 1756 2186 1561 2185 1756 2186 1562 2187 1562 2187 1756 2186 1757 2188 1562 2187 1757 2188 1473 2189 1759 2190 1481 2191 1758 2192 1758 2192 1481 2191 1480 2193 1758 2192 1480 2193 1772 2194 1772 2194 1480 2193 1479 2195 1772 2194 1479 2195 1771 2196 1771 2196 1479 2195 1478 2197 1771 2196 1478 2197 1770 2198 1770 2198 1478 2197 1477 2199 1770 2198 1477 2199 1769 2200 1769 2200 1477 2199 1476 2201 1769 2200 1476 2201 1768 2202 1768 2202 1476 2201 1475 2203 1768 2202 1475 2203 1767 2204 1767 2204 1475 2203 1474 2205 1767 2204 1474 2205 1766 2206 1766 2206 1474 2205 1473 2189 1481 2191 1759 2190 1482 2207 1482 2207 1759 2190 1760 2208 1482 2207 1760 2208 1483 2209 1483 2209 1760 2208 1761 2210 1483 2209 1761 2210 1484 2211 1484 2211 1761 2210 1762 2212 1484 2211 1762 2212 1485 2213 1485 2213 1762 2212 1763 2214 1485 2213 1763 2214 1486 2215 1486 2215 1763 2214 1764 2216 1486 2215 1764 2216 1487 2217 1487 2217 1764 2216 1765 2218 1487 2217 1765 2218 1488 2219 1774 2220 1496 2221 1773 2222 1773 2222 1496 2221 1495 2223 1773 2222 1495 2223 1787 2224 1787 2224 1495 2223 1494 2225 1787 2224 1494 2225 1786 2226 1786 2226 1494 2225 1493 2227 1786 2226 1493 2227 1785 2228 1785 2228 1493 2227 1492 2229 1785 2228 1492 2229 1784 2230 1784 2230 1492 2229 1491 2231 1784 2230 1491 2231 1783 2232 1783 2232 1491 2231 1490 2233 1783 2232 1490 2233 1782 2234 1782 2234 1490 2233 1489 2235 1782 2234 1489 2235 1781 2236 1781 2236 1489 2235 1488 2219 1496 2221 1774 2220 1497 2237 1497 2237 1774 2220 1775 2238 1497 2237 1775 2238 1498 2239 1498 2239 1775 2238 1776 2240 1498 2239 1776 2240 1499 2241 1499 2241 1776 2240 1777 2242 1499 2241 1777 2242 1500 2243 1500 2243 1777 2242 1778 2244 1500 2243 1778 2244 1501 2245 1501 2245 1778 2244 1779 2246 1501 2245 1779 2246 1502 2247 1502 2247 1779 2246 1780 2248 1502 2247 1780 2248 1503 2249 1533 2250 1788 2251 1534 2252 1534 2252 1788 2251 1789 2253 1534 2252 1789 2253 1535 2254 1535 2254 1789 2253 1790 2255 1535 2254 1790 2255 1536 2256 1536 2256 1790 2255 1791 2257 1536 2256 1791 2257 1537 2258 1537 2258 1791 2257 1792 2259 1537 2258 1792 2259 1538 2260 1538 2260 1792 2259 1793 2261 1538 2260 1793 2261 1539 2262 1539 2262 1793 2261 1794 2263 1539 2262 1794 2263 1540 2264 1540 2264 1794 2263 1795 2265 1540 2264 1795 2265 1541 2266 1541 2266 1795 2265 1796 2267 1541 2266 1796 2267 1542 2268 1542 2268 1796 2267 1797 2269 1542 2268 1797 2269 1543 2270 1543 2270 1797 2269 1798 2271 1543 2270 1798 2271 1544 2272 1544 2272 1798 2271 1799 2273 1544 2272 1799 2273 1545 2274 1545 2274 1799 2273 1800 2275 1545 2274 1800 2275 1546 2276 1546 2276 1800 2275 1801 2277 1546 2276 1801 2277 1547 2278 1547 2278 1801 2277 1802 2279 1547 2278 1802 2279 1548 2159 1804 2280 1511 2281 1803 2282 1803 2282 1511 2281 1510 2283 1803 2282 1510 2283 1817 2284 1817 2284 1510 2283 1509 2285 1817 2284 1509 2285 1816 2286 1816 2286 1509 2285 1508 2287 1816 2286 1508 2287 1815 2288 1815 2288 1508 2287 1507 2289 1815 2288 1507 2289 1814 2290 1814 2290 1507 2289 1506 2291 1814 2290 1506 2291 1813 2292 1813 2292 1506 2291 1505 2293 1813 2292 1505 2293 1812 2294 1812 2294 1505 2293 1504 2295 1812 2294 1504 2295 1811 2296 1811 2296 1504 2295 1503 2249 1511 2281 1804 2280 1512 2297 1512 2297 1804 2280 1805 2298 1512 2297 1805 2298 1513 2299 1513 2299 1805 2298 1806 2300 1513 2299 1806 2300 1514 2301 1514 2301 1806 2300 1807 2302 1514 2301 1807 2302 1515 2303 1515 2303 1807 2302 1808 2304 1515 2303 1808 2304 1516 2305 1516 2305 1808 2304 1809 2306 1516 2305 1809 2306 1517 2307 1517 2307 1809 2306 1810 2308 1517 2307 1810 2308 1518 2309 1819 2310 1526 2311 1818 2312 1818 2312 1526 2311 1525 2313 1818 2312 1525 2313 1832 2314 1832 2314 1525 2313 1524 2315 1832 2314 1524 2315 1831 2316 1831 2316 1524 2315 1523 2317 1831 2316 1523 2317 1830 2318 1830 2318 1523 2317 1522 2319 1830 2318 1522 2319 1829 2320 1829 2320 1522 2319 1521 2321 1829 2320 1521 2321 1828 2322 1828 2322 1521 2321 1520 2323 1828 2322 1520 2323 1827 2324 1827 2324 1520 2323 1519 2325 1827 2324 1519 2325 1826 2326 1826 2326 1519 2325 1518 2309 1526 2311 1819 2310 1527 2327 1527 2327 1819 2310 1820 2328 1527 2327 1820 2328 1528 2329 1528 2329 1820 2328 1821 2330 1528 2329 1821 2330 1529 2331 1529 2331 1821 2330 1822 2332 1529 2331 1822 2332 1530 2333 1530 2333 1822 2332 1823 2334 1530 2333 1823 2334 1531 2335 1531 2335 1823 2334 1824 2336 1531 2335 1824 2336 1532 2337 1532 2337 1824 2336 1825 2338 1532 2337 1825 2338 1533 2250 1714 2339 1742 2340 1818 2341 1818 2341 1742 2340 1819 2342 1819 2342 1742 2340 1741 2343 1819 2342 1741 2343 1820 2344 1820 2344 1741 2343 1740 2345 1820 2344 1740 2345 1821 2346 1821 2346 1740 2345 1739 2347 1821 2346 1739 2347 1822 2348 1822 2348 1739 2347 1738 2349 1822 2348 1738 2349 1823 2350 1823 2350 1738 2349 1737 2351 1823 2350 1737 2351 1824 2352 1824 2352 1737 2351 1736 2353 1824 2352 1736 2353 1825 2354 1825 2354 1736 2353 1692 2355 1825 2354 1692 2355 1533 2356 1533 2356 1692 2355 1788 2357 1788 2357 1692 2355 1691 2358 1788 2357 1691 2358 1789 2359 1789 2359 1691 2358 1690 2360 1789 2359 1690 2360 1790 2361 1790 2361 1690 2360 1689 2362 1790 2361 1689 2362 1791 2363 1791 2363 1689 2362 1688 2364 1791 2363 1688 2364 1792 2365 1792 2365 1688 2364 1687 2366 1792 2365 1687 2366 1793 2367 1793 2367 1687 2366 1686 2368 1793 2367 1686 2368 1794 2369 1794 2369 1686 2368 1685 2370 1794 2369 1685 2370 1795 2371 1795 2371 1685 2370 1684 2372 1795 2373 1684 2374 1796 2375 1796 2375 1684 2374 1713 2376 1796 2375 1713 2376 1797 2377 1797 2377 1713 2376 1712 2378 1797 2377 1712 2378 1798 2379 1798 2379 1712 2378 1711 2380 1798 2379 1711 2380 1799 2381 1799 2381 1711 2380 1710 2382 1799 2381 1710 2382 1800 2383 1800 2383 1710 2382 1709 2384 1800 2383 1709 2384 1801 2385 1801 2385 1709 2384 1708 2386 1801 2385 1708 2386 1802 2387 1802 2387 1708 2386 1707 2388 1802 2387 1707 2388 1548 2389 1548 2389 1707 2388 1602 2390 1548 2389 1602 2390 1743 2391 1743 2391 1602 2390 1601 2392 1743 2391 1601 2392 1744 2393 1744 2393 1601 2392 1600 2394 1744 2393 1600 2394 1745 2395 1745 2395 1600 2394 1599 2396 1745 2395 1599 2396 1746 2397 1746 2397 1599 2396 1598 2398 1746 2397 1598 2398 1747 2399 1747 2399 1598 2398 1597 2400 1747 2399 1597 2400 1748 2401 1748 2401 1597 2400 1596 2402 1748 2401 1596 2402 1749 2403 1749 2403 1596 2402 1595 2404 1749 2403 1595 2404 1750 2405 1750 2405 1595 2404 1594 2406 1750 2407 1594 2408 1751 2409 1751 2409 1594 2408 1623 2410 1751 2409 1623 2410 1752 2411 1752 2411 1623 2410 1622 2412 1752 2411 1622 2412 1753 2413 1753 2413 1622 2412 1621 2414 1753 2413 1621 2414 1754 2415 1754 2415 1621 2414 1620 2416 1754 2415 1620 2416 1755 2417 1755 2417 1620 2416 1619 2418 1755 2417 1619 2418 1756 2419 1756 2419 1619 2418 1618 2420 1756 2419 1618 2420 1757 2421 1757 2421 1618 2420 1617 2422 1757 2421 1617 2422 1473 2423 1473 2423 1617 2422 1579 2424 1473 2423 1579 2424 1766 2425 1766 2425 1579 2424 1578 2426 1766 2425 1578 2426 1767 2427 1767 2427 1578 2426 1577 2428 1767 2427 1577 2428 1768 2429 1768 2429 1577 2428 1576 2430 1768 2429 1576 2430 1769 2431 1769 2431 1576 2430 1575 2432 1769 2431 1575 2432 1770 2433 1770 2433 1575 2432 1574 2434 1770 2433 1574 2434 1771 2435 1771 2435 1574 2434 1573 2436 1771 2435 1573 2436 1772 2437 1772 2437 1573 2436 1572 2438 1772 2437 1572 2438 1758 2439 1758 2439 1572 2438 1571 2440 1353 2441 1352 2442 1833 2443 1833 2443 1352 2442 1412 2444 1412 2444 1411 2445 1833 2446 1411 2445 1410 2447 1833 2448 1410 2447 1409 2449 1833 2450 1409 2449 1408 2451 1833 2452 1408 2451 1407 2453 1833 2454 1407 2453 1406 2455 1833 2456 1406 2455 1405 2457 1833 2458 1405 2457 1404 2459 1833 2460 1404 2459 1403 2461 1833 2462 1403 2461 1402 2463 1833 2464 1402 2463 1401 2465 1833 2466 1401 2465 1400 2467 1833 2468 1400 2467 1399 2469 1833 2470 1399 2469 1398 2471 1833 2472 1398 2471 1397 2473 1833 2474 1397 2473 1396 2475 1833 2476 1396 2475 1395 2477 1833 2478 1395 2477 1394 2479 1833 2480 1394 2479 1393 2481 1833 2482 1393 2481 1392 2483 1833 2484 1392 2483 1391 2485 1833 2486 1391 2485 1390 2487 1833 2488 1390 2487 1389 2489 1833 2490 1389 2489 1388 2491 1833 2492 1388 2491 1387 2493 1833 2494 1387 2493 1386 2495 1833 2496 1386 2495 1385 2497 1833 2498 1385 2497 1384 2499 1833 2500 1384 2499 1383 2501 1833 2502 1383 2501 1382 2503 1833 2504 1382 2503 1381 2505 1833 2506 1381 2505 1380 2507 1833 2508 1380 2507 1379 2509 1833 2510 1379 2509 1378 2511 1833 2512 1378 2511 1377 2513 1833 2514 1377 2513 1376 2515 1833 2516 1376 2515 1375 2517 1833 2518 1375 2517 1374 2519 1833 2520 1374 2519 1373 2521 1833 2522 1373 2521 1372 2523 1833 2524 1372 2523 1371 2525 1833 2526 1371 2525 1370 2527 1833 2528 1370 2527 1369 2529 1833 2530 1369 2529 1368 2531 1833 2532 1368 2531 1367 2533 1833 2534 1367 2533 1366 2535 1833 2536 1366 2535 1365 2537 1833 2538 1365 2537 1364 2539 1833 2540 1364 2539 1363 2541 1833 2542 1363 2541 1362 2543 1833 2544 1362 2543 1361 2545 1833 2546 1361 2545 1360 2547 1833 2548 1360 2547 1359 2549 1833 2550 1359 2549 1358 2551 1833 2552 1358 2551 1357 2553 1833 2554 1357 2553 1356 2555 1833 2556 1356 2555 1355 2557 1833 2558 1355 2557 1354 2559 1833 2560 1354 2559 1353 2441 1833 2561 1835 2562 2005 2563 1834 2564 1834 2564 2005 2563 1920 2565 1834 2564 1920 2565 1919 2566 1919 2566 1920 2565 1921 2567 1919 2566 1921 2567 1918 2568 1918 2568 1921 2567 1922 2569 1918 2568 1922 2569 1917 2570 1917 2570 1922 2569 1923 2571 1917 2570 1923 2571 1916 2572 1916 2572 1923 2571 1924 2573 1916 2572 1924 2573 1915 2574 1915 2574 1924 2573 1925 2575 1915 2574 1925 2575 1914 2576 1914 2576 1925 2575 1926 2577 1914 2576 1926 2577 1913 2578 1913 2578 1926 2577 1927 2579 1913 2578 1927 2579 1912 2580 1912 2580 1927 2579 1928 2581 1912 2580 1928 2581 1911 2582 1911 2582 1928 2581 1929 2583 1911 2582 1929 2583 1910 2584 1910 2584 1929 2583 1930 2585 1910 2584 1930 2585 1909 2586 1909 2586 1930 2585 1931 2587 1909 2586 1931 2587 1908 2588 1908 2588 1931 2587 1932 2589 1908 2588 1932 2589 1907 2590 1907 2590 1932 2589 1933 2591 1907 2590 1933 2591 1906 2592 1906 2592 1933 2591 1934 2593 1906 2592 1934 2593 1905 2594 1905 2594 1934 2593 1935 2595 1905 2594 1935 2595 1904 2596 1904 2596 1935 2595 1936 2597 1904 2596 1936 2597 1903 2598 1903 2598 1936 2597 1937 2599 1903 2598 1937 2599 1902 2600 1902 2600 1937 2599 1938 2601 1902 2600 1938 2601 1901 2602 1901 2602 1938 2601 1939 2603 1901 2602 1939 2603 1900 2604 1900 2604 1939 2603 1940 2605 1900 2604 1940 2605 1899 2606 1899 2606 1940 2605 1941 2607 1899 2606 1941 2607 1898 2608 1898 2608 1941 2607 1942 2609 1898 2608 1942 2609 1897 2610 1897 2610 1942 2609 1943 2611 1897 2610 1943 2611 1896 2612 1896 2612 1943 2611 1944 2613 1896 2612 1944 2613 1895 2614 1895 2614 1944 2613 1945 2615 1895 2614 1945 2615 1894 2616 1894 2616 1945 2615 1946 2617 1894 2616 1946 2617 1893 2618 1893 2618 1946 2617 1947 2619 1893 2618 1947 2619 1892 2620 1892 2620 1947 2619 1948 2621 1892 2620 1948 2621 1891 2622 1891 2622 1948 2621 1949 2623 1891 2622 1949 2623 1890 2624 1890 2624 1949 2623 1950 2625 1890 2624 1950 2625 1889 2626 1889 2626 1950 2625 1951 2627 1889 2626 1951 2627 1888 2628 1888 2628 1951 2627 1952 2629 1888 2628 1952 2629 1887 2630 1887 2630 1952 2629 1953 2631 1887 2630 1953 2631 1886 2632 1886 2632 1953 2631 1954 2633 1886 2632 1954 2633 1885 2634 1885 2634 1954 2633 1955 2635 1885 2634 1955 2635 1884 2636 1884 2636 1955 2635 1956 2637 1884 2636 1956 2637 1883 2638 1883 2638 1956 2637 1957 2639 1883 2638 1957 2639 1882 2640 1882 2640 1957 2639 1958 2641 1882 2640 1958 2641 1881 2642 1881 2642 1958 2641 1959 2643 1881 2642 1959 2643 1880 2644 1880 2644 1959 2643 1960 2645 1880 2644 1960 2645 1879 2646 1879 2646 1960 2645 1961 2647 1879 2646 1961 2647 1878 2648 1878 2648 1961 2647 1962 2649 1878 2648 1962 2649 1877 2650 1877 2650 1962 2649 1963 2651 1877 2650 1963 2651 1876 2652 1876 2652 1963 2651 1964 2653 1876 2652 1964 2653 1875 2654 1875 2654 1964 2653 1965 2655 1875 2654 1965 2655 1874 2656 1874 2656 1965 2655 1966 2657 1874 2656 1966 2657 1873 2658 1873 2658 1966 2657 1967 2659 1873 2658 1967 2659 1872 2660 1872 2660 1967 2659 1968 2661 1872 2660 1968 2661 1871 2662 1871 2662 1968 2661 1969 2663 1871 2662 1969 2663 1870 2664 1870 2664 1969 2663 1970 2665 1870 2664 1970 2665 1869 2666 1869 2666 1970 2665 1971 2667 1869 2666 1971 2667 1868 2668 1868 2668 1971 2667 1972 2669 1868 2668 1972 2669 1867 2670 1867 2670 1972 2669 1973 2671 1867 2670 1973 2671 1866 2672 1866 2672 1973 2671 1974 2673 1866 2672 1974 2673 1865 2674 1865 2674 1974 2673 1975 2675 1865 2674 1975 2675 1864 2676 1864 2676 1975 2675 1976 2677 1864 2676 1976 2677 1863 2678 1863 2678 1976 2677 1977 2679 1863 2678 1977 2679 1862 2680 1862 2680 1977 2679 1978 2681 1862 2680 1978 2681 1861 2682 1861 2682 1978 2681 1979 2683 1861 2682 1979 2683 1860 2684 1860 2684 1979 2683 1980 2685 1860 2684 1980 2685 1859 2686 1859 2686 1980 2685 1981 2687 1859 2686 1981 2687 1858 2688 1858 2688 1981 2687 1982 2689 1858 2688 1982 2689 1857 2690 1857 2690 1982 2689 1983 2691 1857 2690 1983 2691 1856 2692 1856 2692 1983 2691 1984 2693 1856 2692 1984 2693 1855 2694 1855 2694 1984 2693 1985 2695 1855 2694 1985 2695 1854 2696 1854 2696 1985 2695 1986 2697 1854 2696 1986 2697 1853 2698 1853 2698 1986 2697 1987 2699 1853 2698 1987 2699 1852 2700 1852 2700 1987 2699 1988 2701 1852 2700 1988 2701 1851 2702 1851 2702 1988 2701 1989 2703 1851 2702 1989 2703 1850 2704 1850 2704 1989 2703 1990 2705 1850 2704 1990 2705 1849 2706 1849 2706 1990 2705 1991 2707 1849 2706 1991 2707 1848 2708 1848 2708 1991 2707 1992 2709 1848 2708 1992 2709 1847 2710 1847 2710 1992 2709 1993 2711 1847 2710 1993 2711 1846 2712 1846 2712 1993 2711 1994 2713 1846 2712 1994 2713 1845 2714 1845 2714 1994 2713 1995 2715 1845 2714 1995 2715 1844 2716 1844 2716 1995 2715 1996 2717 1844 2716 1996 2717 1843 2718 1843 2718 1996 2717 1997 2719 1843 2718 1997 2719 1842 2720 1842 2720 1997 2719 1998 2721 1842 2720 1998 2721 1841 2722 1841 2722 1998 2721 1999 2723 1841 2722 1999 2723 1840 2724 1840 2724 1999 2723 2000 2725 1840 2724 2000 2725 1839 2726 1839 2726 2000 2725 2001 2727 1839 2726 2001 2727 1838 2728 1838 2728 2001 2727 2002 2729 1838 2728 2002 2729 1837 2730 1837 2730 2002 2729 2003 2731 1837 2730 2003 2731 1836 2732 1836 2732 2003 2731 2004 2733 1836 2732 2004 2733 1835 2562 1835 2562 2004 2733 2005 2563 2005 2563 2028 2734 1920 2565 1920 2565 2028 2734 2069 2735 1920 2565 2069 2735 1921 2567 1921 2567 2069 2735 3792 2736 1921 2567 3792 2736 1922 2569 1922 2569 3792 2736 3771 2737 1922 2569 3771 2737 1923 2571 1923 2571 3771 2737 3750 2738 1923 2571 3750 2738 1924 2573 1924 2573 3750 2738 3729 2739 1924 2573 3729 2739 1925 2575 1925 2575 3729 2739 3708 2740 1925 2575 3708 2740 1926 2577 1926 2577 3708 2740 3687 2741 1926 2577 3687 2741 1927 2579 1927 2579 3687 2741 3666 2742 1927 2579 3666 2742 1928 2581 1928 2581 3666 2742 3645 2743 1928 2581 3645 2743 1929 2583 1929 2583 3645 2743 3624 2744 1929 2583 3624 2744 1930 2585 1930 2585 3624 2744 3603 2745 1930 2585 3603 2745 1931 2587 1931 2587 3603 2745 3582 2746 1931 2587 3582 2746 1932 2589 1932 2589 3582 2746 3561 2747 1932 2589 3561 2747 1933 2591 1933 2591 3561 2747 3540 2748 1933 2591 3540 2748 1934 2593 1934 2593 3540 2748 3519 2749 1934 2593 3519 2749 1935 2595 1935 2595 3519 2749 3498 2750 1935 2595 3498 2750 1936 2597 1936 2597 3498 2750 3477 2751 1936 2597 3477 2751 1937 2599 1937 2599 3477 2751 3456 2752 1937 2599 3456 2752 1938 2601 1938 2601 3456 2752 3435 2753 1938 2601 3435 2753 1939 2603 1939 2603 3435 2753 3414 2754 1939 2603 3414 2754 1940 2605 1940 2605 3414 2754 3393 2755 1940 2605 3393 2755 1941 2607 1941 2607 3393 2755 3372 2756 1941 2607 3372 2756 1942 2609 1942 2609 3372 2756 3351 2757 1942 2609 3351 2757 1943 2611 1943 2611 3351 2757 3330 2758 1943 2611 3330 2758 1944 2613 1944 2613 3330 2758 3309 2759 1944 2613 3309 2759 1945 2615 1945 2615 3309 2759 3288 2760 1945 2615 3288 2760 1946 2617 1946 2617 3288 2760 3267 2761 1946 2617 3267 2761 1947 2619 1947 2619 3267 2761 3246 2762 1947 2619 3246 2762 1948 2621 1948 2621 3246 2762 3225 2763 1948 2621 3225 2763 1949 2623 1949 2623 3225 2763 3204 2764 1949 2623 3204 2764 1950 2625 1950 2625 3204 2764 3183 2765 1950 2625 3183 2765 1951 2627 1951 2627 3183 2765 3162 2766 1951 2627 3162 2766 1952 2629 1952 2629 3162 2766 3141 2767 1952 2629 3141 2767 1953 2631 1953 2631 3141 2767 3120 2768 1953 2631 3120 2768 1954 2633 1954 2633 3120 2768 3099 2769 1954 2633 3099 2769 1955 2635 1955 2635 3099 2769 3078 2770 1955 2635 3078 2770 1956 2637 1956 2637 3078 2770 3057 2771 1956 2637 3057 2771 1957 2639 1957 2639 3057 2771 3036 2772 1957 2639 3036 2772 1958 2641 1958 2641 3036 2772 3015 2773 1958 2641 3015 2773 1959 2643 1959 2643 3015 2773 2994 2774 1959 2643 2994 2774 1960 2645 1960 2645 2994 2774 2973 2775 1960 2645 2973 2775 1961 2647 1961 2647 2973 2775 2952 2776 1961 2647 2952 2776 1962 2649 1962 2649 2952 2776 2931 2777 1962 2649 2931 2777 1963 2651 1963 2651 2931 2777 2007 2778 1963 2651 2007 2778 1964 2653 1964 2653 2007 2778 2910 2779 1964 2653 2910 2779 1965 2655 1965 2655 2910 2779 2889 2780 1965 2655 2889 2780 1966 2657 1966 2657 2889 2780 2868 2781 1966 2657 2868 2781 1967 2659 1967 2659 2868 2781 2847 2782 1967 2659 2847 2782 1968 2661 1968 2661 2847 2782 2826 2783 1968 2661 2826 2783 1969 2663 1969 2663 2826 2783 2805 2784 1969 2663 2805 2784 1970 2665 1970 2665 2805 2784 2784 2785 1970 2665 2784 2785 1971 2667 1971 2667 2784 2785 2763 2786 1971 2667 2763 2786 1972 2669 1972 2669 2763 2786 2742 2787 1972 2669 2742 2787 1973 2671 1973 2671 2742 2787 2721 2788 1973 2671 2721 2788 1974 2673 1974 2673 2721 2788 2700 2789 1974 2673 2700 2789 1975 2675 1975 2675 2700 2789 2679 2790 1975 2675 2679 2790 1976 2677 1976 2677 2679 2790 2658 2791 1976 2677 2658 2791 1977 2679 1977 2679 2658 2791 2637 2792 1977 2679 2637 2792 1978 2681 1978 2681 2637 2792 2616 2793 1978 2681 2616 2793 1979 2683 1979 2683 2616 2793 2595 2794 1979 2683 2595 2794 1980 2685 1980 2685 2595 2794 2574 2795 1980 2685 2574 2795 1981 2687 1981 2687 2574 2795 2553 2796 1981 2687 2553 2796 1982 2689 1982 2689 2553 2796 2532 2797 1982 2689 2532 2797 1983 2691 1983 2691 2532 2797 2511 2798 1983 2691 2511 2798 1984 2693 1984 2693 2511 2798 2490 2799 1984 2693 2490 2799 1985 2695 1985 2695 2490 2799 2469 2800 1985 2695 2469 2800 1986 2697 1986 2697 2469 2800 2448 2801 1986 2697 2448 2801 1987 2699 1987 2699 2448 2801 2427 2802 1987 2699 2427 2802 1988 2701 1988 2701 2427 2802 2406 2803 1988 2701 2406 2803 1989 2703 1989 2703 2406 2803 2385 2804 1989 2703 2385 2804 1990 2705 1990 2705 2385 2804 2364 2805 1990 2705 2364 2805 1991 2707 1991 2707 2364 2805 2343 2806 1991 2707 2343 2806 1992 2709 1992 2709 2343 2806 2322 2807 1992 2709 2322 2807 1993 2711 1993 2711 2322 2807 2301 2808 1993 2711 2301 2808 1994 2713 1994 2713 2301 2808 2280 2809 1994 2713 2280 2809 1995 2715 1995 2715 2280 2809 2259 2810 1995 2715 2259 2810 1996 2717 1996 2717 2259 2810 2238 2811 1996 2717 2238 2811 1997 2719 1997 2719 2238 2811 2217 2812 1997 2719 2217 2812 1998 2721 1998 2721 2217 2812 2196 2813 1998 2721 2196 2813 1999 2723 1999 2723 2196 2813 2175 2814 1999 2723 2175 2814 2000 2725 2000 2725 2175 2814 2154 2815 2000 2725 2154 2815 2001 2727 2001 2727 2154 2815 2133 2816 2001 2727 2133 2816 2002 2729 2002 2729 2133 2816 2112 2817 2002 2729 2112 2817 2003 2731 2003 2731 2112 2817 2091 2818 2003 2731 2091 2818 2004 2733 2004 2733 2091 2818 2070 2819 2004 2733 2070 2819 2005 2563 2005 2563 2070 2819 2028 2734 2027 2820 2006 2821 2930 2822 2930 2822 2006 2821 2909 2823 2909 2823 2006 2821 2888 2824 2888 2824 2006 2821 2867 2825 2867 2825 2006 2821 2846 2826 2846 2826 2006 2821 2825 2827 2825 2827 2006 2821 2804 2828 2804 2828 2006 2821 2783 2829 2783 2829 2006 2821 2762 2830 2762 2830 2006 2821 2741 2831 2741 2831 2006 2821 2720 2832 2720 2832 2006 2821 2699 2833 2699 2833 2006 2821 2678 2834 2678 2834 2006 2821 2657 2835 2657 2835 2006 2821 2636 2836 2636 2836 2006 2821 2615 2837 2615 2837 2006 2821 2594 2838 2594 2838 2006 2821 2573 2839 2573 2839 2006 2821 2552 2840 2552 2840 2006 2821 2531 2841 2531 2841 2006 2821 2510 2842 2510 2842 2006 2821 2489 2843 2489 2843 2006 2821 2468 2844 2468 2844 2006 2821 2447 2845 2447 2845 2006 2821 2426 2846 2426 2846 2006 2821 2405 2847 2405 2847 2006 2821 2384 2848 2384 2848 2006 2821 2363 2849 2363 2849 2006 2821 2342 2850 2321 2851 2006 2821 2300 2852 2300 2852 2006 2821 2279 2853 2279 2853 2006 2821 2258 2854 2258 2854 2006 2821 2237 2855 2237 2855 2006 2821 2216 2856 2216 2856 2006 2821 2195 2857 2195 2857 2006 2821 2174 2858 2174 2858 2006 2821 2153 2859 2153 2859 2006 2821 2132 2860 2132 2860 2006 2821 2111 2861 2111 2861 2006 2821 2090 2862 2090 2862 2006 2821 2048 2863 2048 2863 2006 2821 2049 2864 2049 2864 2006 2821 3812 2865 3812 2865 2006 2821 3791 2866 3791 2866 2006 2821 3770 2867 3770 2867 2006 2821 3749 2868 3749 2868 2006 2821 3728 2869 3728 2869 2006 2821 3707 2870 3707 2870 2006 2821 3686 2871 3686 2871 2006 2821 3665 2872 3665 2872 2006 2821 3644 2873 3644 2873 2006 2821 3623 2874 3623 2874 2006 2821 3602 2875 3602 2875 2006 2821 3581 2876 3581 2876 2006 2821 3560 2877 3560 2877 2006 2821 3539 2878 3539 2878 2006 2821 3518 2879 3497 2880 2006 2821 3476 2881 3476 2881 2006 2821 3455 2882 3455 2882 2006 2821 3434 2883 3434 2883 2006 2821 3413 2884 3413 2884 2006 2821 3392 2885 3392 2885 2006 2821 3371 2886 3371 2886 2006 2821 3350 2887 3350 2887 2006 2821 3329 2888 3329 2888 2006 2821 3308 2889 3308 2889 2006 2821 3287 2890 3287 2890 2006 2821 3266 2891 3266 2891 2006 2821 3245 2892 3245 2892 2006 2821 3224 2893 3224 2893 2006 2821 3203 2894 3203 2894 2006 2821 3182 2895 3182 2895 2006 2821 3161 2896 3161 2896 2006 2821 3140 2897 3140 2897 2006 2821 3119 2898 3119 2898 2006 2821 3098 2899 3098 2899 2006 2821 3077 2900 3077 2900 2006 2821 3056 2901 3056 2901 2006 2821 3035 2902 3035 2902 2006 2821 3014 2903 3014 2903 2006 2821 2993 2904 2993 2904 2006 2821 2972 2905 2972 2905 2006 2821 2951 2906 2951 2906 2006 2821 2027 2820 2007 2778 2008 2907 2910 2779 2910 2779 2008 2907 2911 2908 2910 2779 2911 2908 2889 2780 2889 2780 2911 2908 2890 2909 2889 2780 2890 2909 2868 2781 2868 2781 2890 2909 2869 2910 2868 2781 2869 2910 2847 2782 2847 2782 2869 2910 2848 2911 2847 2782 2848 2911 2826 2783 2826 2783 2848 2911 2827 2912 2826 2783 2827 2912 2805 2784 2805 2784 2827 2912 2806 2913 2805 2784 2806 2913 2784 2785 2784 2785 2806 2913 2785 2914 2784 2785 2785 2914 2763 2786 2763 2786 2785 2914 2764 2915 2763 2786 2764 2915 2742 2787 2742 2787 2764 2915 2743 2916 2742 2787 2743 2916 2721 2788 2721 2788 2743 2916 2722 2917 2721 2788 2722 2917 2700 2789 2700 2789 2722 2917 2701 2918 2700 2789 2701 2918 2679 2790 2679 2790 2701 2918 2680 2919 2679 2790 2680 2919 2658 2791 2658 2791 2680 2919 2659 2920 2658 2791 2659 2920 2637 2792 2637 2792 2659 2920 2638 2921 2637 2792 2638 2921 2616 2793 2616 2793 2638 2921 2617 2922 2616 2793 2617 2922 2595 2794 2595 2794 2617 2922 2596 2923 2595 2794 2596 2923 2574 2795 2574 2795 2596 2923 2575 2924 2574 2795 2575 2924 2553 2796 2553 2796 2575 2924 2554 2925 2553 2796 2554 2925 2532 2797 2532 2797 2554 2925 2533 2926 2532 2797 2533 2926 2511 2798 2511 2798 2533 2926 2512 2927 2511 2798 2512 2927 2490 2799 2490 2799 2512 2927 2491 2928 2490 2799 2491 2928 2469 2800 2469 2800 2491 2928 2470 2929 2469 2800 2470 2929 2448 2801 2448 2801 2470 2929 2449 2930 2448 2801 2449 2930 2427 2802 2427 2802 2449 2930 2428 2931 2427 2802 2428 2931 2406 2803 2406 2803 2428 2931 2407 2932 2406 2803 2407 2932 2385 2804 2385 2804 2407 2932 2386 2933 2385 2804 2386 2933 2364 2805 2364 2805 2386 2933 2365 2934 2364 2805 2365 2934 2343 2806 2343 2806 2365 2934 2344 2935 2343 2806 2344 2935 2322 2807 2322 2807 2344 2935 2323 2936 2322 2807 2323 2936 2301 2808 2301 2808 2323 2936 2302 2937 2301 2808 2302 2937 2280 2809 2280 2809 2302 2937 2281 2938 2280 2809 2281 2938 2259 2810 2259 2810 2281 2938 2260 2939 2259 2810 2260 2939 2238 2811 2238 2811 2260 2939 2239 2940 2238 2811 2239 2940 2217 2812 2217 2812 2239 2940 2218 2941 2217 2812 2218 2941 2196 2813 2196 2813 2218 2941 2197 2942 2196 2813 2197 2942 2175 2814 2175 2814 2197 2942 2176 2943 2175 2814 2176 2943 2154 2815 2154 2815 2176 2943 2155 2944 2154 2815 2155 2944 2133 2816 2133 2816 2155 2944 2134 2945 2133 2816 2134 2945 2112 2817 2112 2817 2134 2945 2113 2946 2112 2817 2113 2946 2091 2818 2091 2818 2113 2946 2092 2947 2091 2818 2092 2947 2070 2819 2070 2819 2092 2947 2071 2948 2070 2819 2071 2948 2028 2734 2028 2734 2071 2948 2029 2949 2028 2734 2029 2949 2069 2735 2069 2735 2029 2949 2068 2950 2069 2735 2068 2950 3792 2736 3792 2736 2068 2950 3793 2951 3792 2736 3793 2951 3771 2737 3771 2737 3793 2951 3772 2952 3771 2737 3772 2952 3750 2738 3750 2738 3772 2952 3751 2953 3750 2738 3751 2953 3729 2739 3729 2739 3751 2953 3730 2954 3729 2739 3730 2954 3708 2740 3708 2740 3730 2954 3709 2955 3708 2740 3709 2955 3687 2741 3687 2741 3709 2955 3688 2956 3687 2741 3688 2956 3666 2742 3666 2742 3688 2956 3667 2957 3666 2742 3667 2957 3645 2743 3645 2743 3667 2957 3646 2958 3645 2743 3646 2958 3624 2744 3624 2744 3646 2958 3625 2959 3624 2744 3625 2959 3603 2745 3603 2745 3625 2959 3604 2960 3603 2745 3604 2960 3582 2746 3582 2746 3604 2960 3583 2961 3582 2746 3583 2961 3561 2747 3561 2747 3583 2961 3562 2962 3561 2747 3562 2962 3540 2748 3540 2748 3562 2962 3541 2963 3540 2748 3541 2963 3519 2749 3519 2749 3541 2963 3520 2964 3519 2749 3520 2964 3498 2750 3498 2750 3520 2964 3499 2965 3498 2750 3499 2965 3477 2751 3477 2751 3499 2965 3478 2966 3477 2751 3478 2966 3456 2752 3456 2752 3478 2966 3457 2967 3456 2752 3457 2967 3435 2753 3435 2753 3457 2967 3436 2968 3435 2753 3436 2968 3414 2754 3414 2754 3436 2968 3415 2969 3414 2754 3415 2969 3393 2755 3393 2755 3415 2969 3394 2970 3393 2755 3394 2970 3372 2756 3372 2756 3394 2970 3373 2971 3372 2756 3373 2971 3351 2757 3351 2757 3373 2971 3352 2972 3351 2757 3352 2972 3330 2758 3330 2758 3352 2972 3331 2973 3330 2758 3331 2973 3309 2759 3309 2759 3331 2973 3310 2974 3309 2759 3310 2974 3288 2760 3288 2760 3310 2974 3289 2975 3288 2760 3289 2975 3267 2761 3267 2761 3289 2975 3268 2976 3267 2761 3268 2976 3246 2762 3246 2762 3268 2976 3247 2977 3246 2762 3247 2977 3225 2763 3225 2763 3247 2977 3226 2978 3225 2763 3226 2978 3204 2764 3204 2764 3226 2978 3205 2979 3204 2764 3205 2979 3183 2765 3183 2765 3205 2979 3184 2980 3183 2765 3184 2980 3162 2766 3162 2766 3184 2980 3163 2981 3162 2766 3163 2981 3141 2767 3141 2767 3163 2981 3142 2982 3141 2767 3142 2982 3120 2768 3120 2768 3142 2982 3121 2983 3120 2768 3121 2983 3099 2769 3099 2769 3121 2983 3100 2984 3099 2769 3100 2984 3078 2770 3078 2770 3100 2984 3079 2985 3078 2770 3079 2985 3057 2771 3057 2771 3079 2985 3058 2986 3057 2771 3058 2986 3036 2772 3036 2772 3058 2986 3037 2987 3036 2772 3037 2987 3015 2773 3015 2773 3037 2987 3016 2988 3015 2773 3016 2988 2994 2774 2994 2774 3016 2988 2995 2989 2994 2774 2995 2989 2973 2775 2973 2775 2995 2989 2974 2990 2973 2775 2974 2990 2952 2776 2952 2776 2974 2990 2953 2991 2952 2776 2953 2991 2931 2777 2931 2777 2953 2991 2932 2992 2931 2777 2932 2992 2007 2778 2007 2778 2932 2992 2008 2907 2008 2907 2009 2993 2911 2908 2911 2908 2009 2993 2912 2994 2911 2908 2912 2994 2890 2909 2890 2909 2912 2994 2891 2995 2890 2909 2891 2995 2869 2910 2869 2910 2891 2995 2870 2996 2869 2910 2870 2996 2848 2911 2848 2911 2870 2996 2849 2997 2848 2911 2849 2997 2827 2912 2827 2912 2849 2997 2828 2998 2827 2912 2828 2998 2806 2913 2806 2913 2828 2998 2807 2999 2806 2913 2807 2999 2785 2914 2785 2914 2807 2999 2786 3000 2785 2914 2786 3000 2764 2915 2764 2915 2786 3000 2765 3001 2764 2915 2765 3001 2743 2916 2743 2916 2765 3001 2744 3002 2743 2916 2744 3002 2722 2917 2722 2917 2744 3002 2723 3003 2722 2917 2723 3003 2701 2918 2701 2918 2723 3003 2702 3004 2701 2918 2702 3004 2680 2919 2680 2919 2702 3004 2681 3005 2680 2919 2681 3005 2659 2920 2659 2920 2681 3005 2660 3006 2659 2920 2660 3006 2638 2921 2638 2921 2660 3006 2639 3007 2638 2921 2639 3007 2617 2922 2617 2922 2639 3007 2618 3008 2617 2922 2618 3008 2596 2923 2596 2923 2618 3008 2597 3009 2596 2923 2597 3009 2575 2924 2575 2924 2597 3009 2576 3010 2575 2924 2576 3010 2554 2925 2554 2925 2576 3010 2555 3011 2554 2925 2555 3011 2533 2926 2533 2926 2555 3011 2534 3012 2533 2926 2534 3012 2512 2927 2512 2927 2534 3012 2513 3013 2512 2927 2513 3013 2491 2928 2491 2928 2513 3013 2492 3014 2491 2928 2492 3014 2470 2929 2470 2929 2492 3014 2471 3015 2470 2929 2471 3015 2449 2930 2449 2930 2471 3015 2450 3016 2449 2930 2450 3016 2428 2931 2428 2931 2450 3016 2429 3017 2428 2931 2429 3017 2407 2932 2407 2932 2429 3017 2408 3018 2407 2932 2408 3018 2386 2933 2386 2933 2408 3018 2387 3019 2386 2933 2387 3019 2365 2934 2365 2934 2387 3019 2366 3020 2365 2934 2366 3020 2344 2935 2344 2935 2366 3020 2345 3021 2344 2935 2345 3021 2323 2936 2323 2936 2345 3021 2324 3022 2323 2936 2324 3022 2302 2937 2302 2937 2324 3022 2303 3023 2302 2937 2303 3023 2281 2938 2281 2938 2303 3023 2282 3024 2281 2938 2282 3024 2260 2939 2260 2939 2282 3024 2261 3025 2260 2939 2261 3025 2239 2940 2239 2940 2261 3025 2240 3026 2239 2940 2240 3026 2218 2941 2218 2941 2240 3026 2219 3027 2218 2941 2219 3027 2197 2942 2197 2942 2219 3027 2198 3028 2197 2942 2198 3028 2176 2943 2176 2943 2198 3028 2177 3029 2176 2943 2177 3029 2155 2944 2155 2944 2177 3029 2156 3030 2155 2944 2156 3030 2134 2945 2134 2945 2156 3030 2135 3031 2134 2945 2135 3031 2113 2946 2113 2946 2135 3031 2114 3032 2113 2946 2114 3032 2092 2947 2092 2947 2114 3032 2093 3033 2092 2947 2093 3033 2071 2948 2071 2948 2093 3033 2072 3034 2071 2948 2072 3034 2029 2949 2029 2949 2072 3034 2030 3035 2029 2949 2030 3035 2068 2950 2068 2950 2030 3035 2067 3036 2068 2950 2067 3036 3793 2951 3793 2951 2067 3036 3794 3037 3793 2951 3794 3037 3772 2952 3772 2952 3794 3037 3773 3038 3772 2952 3773 3038 3751 2953 3751 2953 3773 3038 3752 3039 3751 2953 3752 3039 3730 2954 3730 2954 3752 3039 3731 3040 3730 2954 3731 3040 3709 2955 3709 2955 3731 3040 3710 3041 3709 2955 3710 3041 3688 2956 3688 2956 3710 3041 3689 3042 3688 2956 3689 3042 3667 2957 3667 2957 3689 3042 3668 3043 3667 2957 3668 3043 3646 2958 3646 2958 3668 3043 3647 3044 3646 2958 3647 3044 3625 2959 3625 2959 3647 3044 3626 3045 3625 2959 3626 3045 3604 2960 3604 2960 3626 3045 3605 3046 3604 2960 3605 3046 3583 2961 3583 2961 3605 3046 3584 3047 3583 2961 3584 3047 3562 2962 3562 2962 3584 3047 3563 3048 3562 2962 3563 3048 3541 2963 3541 2963 3563 3048 3542 3049 3541 2963 3542 3049 3520 2964 3520 2964 3542 3049 3521 3050 3520 2964 3521 3050 3499 2965 3499 2965 3521 3050 3500 3051 3499 2965 3500 3051 3478 2966 3478 2966 3500 3051 3479 3052 3478 2966 3479 3052 3457 2967 3457 2967 3479 3052 3458 3053 3457 2967 3458 3053 3436 2968 3436 2968 3458 3053 3437 3054 3436 2968 3437 3054 3415 2969 3415 2969 3437 3054 3416 3055 3415 2969 3416 3055 3394 2970 3394 2970 3416 3055 3395 3056 3394 2970 3395 3056 3373 2971 3373 2971 3395 3056 3374 3057 3373 2971 3374 3057 3352 2972 3352 2972 3374 3057 3353 3058 3352 2972 3353 3058 3331 2973 3331 2973 3353 3058 3332 3059 3331 2973 3332 3059 3310 2974 3310 2974 3332 3059 3311 3060 3310 2974 3311 3060 3289 2975 3289 2975 3311 3060 3290 3061 3289 2975 3290 3061 3268 2976 3268 2976 3290 3061 3269 3062 3268 2976 3269 3062 3247 2977 3247 2977 3269 3062 3248 3063 3247 2977 3248 3063 3226 2978 3226 2978 3248 3063 3227 3064 3226 2978 3227 3064 3205 2979 3205 2979 3227 3064 3206 3065 3205 2979 3206 3065 3184 2980 3184 2980 3206 3065 3185 3066 3184 2980 3185 3066 3163 2981 3163 2981 3185 3066 3164 3067 3163 2981 3164 3067 3142 2982 3142 2982 3164 3067 3143 3068 3142 2982 3143 3068 3121 2983 3121 2983 3143 3068 3122 3069 3121 2983 3122 3069 3100 2984 3100 2984 3122 3069 3101 3070 3100 2984 3101 3070 3079 2985 3079 2985 3101 3070 3080 3071 3079 2985 3080 3071 3058 2986 3058 2986 3080 3071 3059 3072 3058 2986 3059 3072 3037 2987 3037 2987 3059 3072 3038 3073 3037 2987 3038 3073 3016 2988 3016 2988 3038 3073 3017 3074 3016 2988 3017 3074 2995 2989 2995 2989 3017 3074 2996 3075 2995 2989 2996 3075 2974 2990 2974 2990 2996 3075 2975 3076 2974 2990 2975 3076 2953 2991 2953 2991 2975 3076 2954 3077 2953 2991 2954 3077 2932 2992 2932 2992 2954 3077 2933 3078 2932 2992 2933 3078 2008 2907 2008 2907 2933 3078 2009 2993 2009 2993 2010 3079 2912 2994 2912 2994 2010 3079 2913 3080 2912 2994 2913 3080 2891 2995 2891 2995 2913 3080 2892 3081 2891 2995 2892 3081 2870 2996 2870 2996 2892 3081 2871 3082 2870 2996 2871 3082 2849 2997 2849 2997 2871 3082 2850 3083 2849 2997 2850 3083 2828 2998 2828 2998 2850 3083 2829 3084 2828 2998 2829 3084 2807 2999 2807 2999 2829 3084 2808 3085 2807 2999 2808 3085 2786 3000 2786 3000 2808 3085 2787 3086 2786 3000 2787 3086 2765 3001 2765 3001 2787 3086 2766 3087 2765 3001 2766 3087 2744 3002 2744 3002 2766 3087 2745 3088 2744 3002 2745 3088 2723 3003 2723 3003 2745 3088 2724 3089 2723 3003 2724 3089 2702 3004 2702 3004 2724 3089 2703 3090 2702 3004 2703 3090 2681 3005 2681 3005 2703 3090 2682 3091 2681 3005 2682 3091 2660 3006 2660 3006 2682 3091 2661 3092 2660 3006 2661 3092 2639 3007 2639 3007 2661 3092 2640 3093 2639 3007 2640 3093 2618 3008 2618 3008 2640 3093 2619 3094 2618 3008 2619 3094 2597 3009 2597 3009 2619 3094 2598 3095 2597 3009 2598 3095 2576 3010 2576 3010 2598 3095 2577 3096 2576 3010 2577 3096 2555 3011 2555 3011 2577 3096 2556 3097 2555 3011 2556 3097 2534 3012 2534 3012 2556 3097 2535 3098 2534 3012 2535 3098 2513 3013 2513 3013 2535 3098 2514 3099 2513 3013 2514 3099 2492 3014 2492 3014 2514 3099 2493 3100 2492 3014 2493 3100 2471 3015 2471 3015 2493 3100 2472 3101 2471 3015 2472 3101 2450 3016 2450 3016 2472 3101 2451 3102 2450 3016 2451 3102 2429 3017 2429 3017 2451 3102 2430 3103 2429 3017 2430 3103 2408 3018 2408 3018 2430 3103 2409 3104 2408 3018 2409 3104 2387 3019 2387 3019 2409 3104 2388 3105 2387 3019 2388 3105 2366 3020 2366 3020 2388 3105 2367 3106 2366 3020 2367 3106 2345 3021 2345 3021 2367 3106 2346 3107 2345 3021 2346 3107 2324 3022 2324 3022 2346 3107 2325 3108 2324 3022 2325 3108 2303 3023 2303 3023 2325 3108 2304 3109 2303 3023 2304 3109 2282 3024 2282 3024 2304 3109 2283 3110 2282 3024 2283 3110 2261 3025 2261 3025 2283 3110 2262 3111 2261 3025 2262 3111 2240 3026 2240 3026 2262 3111 2241 3112 2240 3026 2241 3112 2219 3027 2219 3027 2241 3112 2220 3113 2219 3027 2220 3113 2198 3028 2198 3028 2220 3113 2199 3114 2198 3028 2199 3114 2177 3029 2177 3029 2199 3114 2178 3115 2177 3029 2178 3115 2156 3030 2156 3030 2178 3115 2157 3116 2156 3030 2157 3116 2135 3031 2135 3031 2157 3116 2136 3117 2135 3031 2136 3117 2114 3032 2114 3032 2136 3117 2115 3118 2114 3032 2115 3118 2093 3033 2093 3033 2115 3118 2094 3119 2093 3033 2094 3119 2072 3034 2072 3034 2094 3119 2073 3120 2072 3034 2073 3120 2030 3035 2030 3035 2073 3120 2031 3121 2030 3035 2031 3121 2067 3036 2067 3036 2031 3121 2066 3122 2067 3036 2066 3122 3794 3037 3794 3037 2066 3122 3795 3123 3794 3037 3795 3123 3773 3038 3773 3038 3795 3123 3774 3124 3773 3038 3774 3124 3752 3039 3752 3039 3774 3124 3753 3125 3752 3039 3753 3125 3731 3040 3731 3040 3753 3125 3732 3126 3731 3040 3732 3126 3710 3041 3710 3041 3732 3126 3711 3127 3710 3041 3711 3127 3689 3042 3689 3042 3711 3127 3690 3128 3689 3042 3690 3128 3668 3043 3668 3043 3690 3128 3669 3129 3668 3043 3669 3129 3647 3044 3647 3044 3669 3129 3648 3130 3647 3044 3648 3130 3626 3045 3626 3045 3648 3130 3627 3131 3626 3045 3627 3131 3605 3046 3605 3046 3627 3131 3606 3132 3605 3046 3606 3132 3584 3047 3584 3047 3606 3132 3585 3133 3584 3047 3585 3133 3563 3048 3563 3048 3585 3133 3564 3134 3563 3048 3564 3134 3542 3049 3542 3049 3564 3134 3543 3135 3542 3049 3543 3135 3521 3050 3521 3050 3543 3135 3522 3136 3521 3050 3522 3136 3500 3051 3500 3051 3522 3136 3501 3137 3500 3051 3501 3137 3479 3052 3479 3052 3501 3137 3480 3138 3479 3052 3480 3138 3458 3053 3458 3053 3480 3138 3459 3139 3458 3053 3459 3139 3437 3054 3437 3054 3459 3139 3438 3140 3437 3054 3438 3140 3416 3055 3416 3055 3438 3140 3417 3141 3416 3055 3417 3141 3395 3056 3395 3056 3417 3141 3396 3142 3395 3056 3396 3142 3374 3057 3374 3057 3396 3142 3375 3143 3374 3057 3375 3143 3353 3058 3353 3058 3375 3143 3354 3144 3353 3058 3354 3144 3332 3059 3332 3059 3354 3144 3333 3145 3332 3059 3333 3145 3311 3060 3311 3060 3333 3145 3312 3146 3311 3060 3312 3146 3290 3061 3290 3061 3312 3146 3291 3147 3290 3061 3291 3147 3269 3062 3269 3062 3291 3147 3270 3148 3269 3062 3270 3148 3248 3063 3248 3063 3270 3148 3249 3149 3248 3063 3249 3149 3227 3064 3227 3064 3249 3149 3228 3150 3227 3064 3228 3150 3206 3065 3206 3065 3228 3150 3207 3151 3206 3065 3207 3151 3185 3066 3185 3066 3207 3151 3186 3152 3185 3066 3186 3152 3164 3067 3164 3067 3186 3152 3165 3153 3164 3067 3165 3153 3143 3068 3143 3068 3165 3153 3144 3154 3143 3068 3144 3154 3122 3069 3122 3069 3144 3154 3123 3155 3122 3069 3123 3155 3101 3070 3101 3070 3123 3155 3102 3156 3101 3070 3102 3156 3080 3071 3080 3071 3102 3156 3081 3157 3080 3071 3081 3157 3059 3072 3059 3072 3081 3157 3060 3158 3059 3072 3060 3158 3038 3073 3038 3073 3060 3158 3039 3159 3038 3073 3039 3159 3017 3074 3017 3074 3039 3159 3018 3160 3017 3074 3018 3160 2996 3075 2996 3075 3018 3160 2997 3161 2996 3075 2997 3161 2975 3076 2975 3076 2997 3161 2976 3162 2975 3076 2976 3162 2954 3077 2954 3077 2976 3162 2955 3163 2954 3077 2955 3163 2933 3078 2933 3078 2955 3163 2934 3164 2933 3078 2934 3164 2009 2993 2009 2993 2934 3164 2010 3079 2010 3079 2011 3165 2913 3080 2913 3080 2011 3165 2914 3166 2913 3080 2914 3166 2892 3081 2892 3081 2914 3166 2893 3167 2892 3081 2893 3167 2871 3082 2871 3082 2893 3167 2872 3168 2871 3082 2872 3168 2850 3083 2850 3083 2872 3168 2851 3169 2850 3083 2851 3169 2829 3084 2829 3084 2851 3169 2830 3170 2829 3084 2830 3170 2808 3085 2808 3085 2830 3170 2809 3171 2808 3085 2809 3171 2787 3086 2787 3086 2809 3171 2788 3172 2787 3086 2788 3172 2766 3087 2766 3087 2788 3172 2767 3173 2766 3087 2767 3173 2745 3088 2745 3088 2767 3173 2746 3174 2745 3088 2746 3174 2724 3089 2724 3089 2746 3174 2725 3175 2724 3089 2725 3175 2703 3090 2703 3090 2725 3175 2704 3176 2703 3090 2704 3176 2682 3091 2682 3091 2704 3176 2683 3177 2682 3091 2683 3177 2661 3092 2661 3092 2683 3177 2662 3178 2661 3092 2662 3178 2640 3093 2640 3093 2662 3178 2641 3179 2640 3093 2641 3179 2619 3094 2619 3094 2641 3179 2620 3180 2619 3094 2620 3180 2598 3095 2598 3095 2620 3180 2599 3181 2598 3095 2599 3181 2577 3096 2577 3096 2599 3181 2578 3182 2577 3096 2578 3182 2556 3097 2556 3097 2578 3182 2557 3183 2556 3097 2557 3183 2535 3098 2535 3098 2557 3183 2536 3184 2535 3098 2536 3184 2514 3099 2514 3099 2536 3184 2515 3185 2514 3099 2515 3185 2493 3100 2493 3100 2515 3185 2494 3186 2493 3100 2494 3186 2472 3101 2472 3101 2494 3186 2473 3187 2472 3101 2473 3187 2451 3102 2451 3102 2473 3187 2452 3188 2451 3102 2452 3188 2430 3103 2430 3103 2452 3188 2431 3189 2430 3103 2431 3189 2409 3104 2409 3104 2431 3189 2410 3190 2409 3104 2410 3190 2388 3105 2388 3105 2410 3190 2389 3191 2388 3105 2389 3191 2367 3106 2367 3106 2389 3191 2368 3192 2367 3106 2368 3192 2346 3107 2346 3107 2368 3192 2347 3193 2346 3107 2347 3193 2325 3108 2325 3108 2347 3193 2326 3194 2325 3108 2326 3194 2304 3109 2304 3109 2326 3194 2305 3195 2304 3109 2305 3195 2283 3110 2283 3110 2305 3195 2284 3196 2283 3110 2284 3196 2262 3111 2262 3111 2284 3196 2263 3197 2262 3111 2263 3197 2241 3112 2241 3112 2263 3197 2242 3198 2241 3112 2242 3198 2220 3113 2220 3113 2242 3198 2221 3199 2220 3113 2221 3199 2199 3114 2199 3114 2221 3199 2200 3200 2199 3114 2200 3200 2178 3115 2178 3115 2200 3200 2179 3201 2178 3115 2179 3201 2157 3116 2157 3116 2179 3201 2158 3202 2157 3116 2158 3202 2136 3117 2136 3117 2158 3202 2137 3203 2136 3117 2137 3203 2115 3118 2115 3118 2137 3203 2116 3204 2115 3118 2116 3204 2094 3119 2094 3119 2116 3204 2095 3205 2094 3119 2095 3205 2073 3120 2073 3120 2095 3205 2074 3206 2073 3120 2074 3206 2031 3121 2031 3121 2074 3206 2032 3207 2031 3121 2032 3207 2066 3122 2066 3122 2032 3207 2065 3208 2066 3122 2065 3208 3795 3123 3795 3123 2065 3208 3796 3209 3795 3123 3796 3209 3774 3124 3774 3124 3796 3209 3775 3210 3774 3124 3775 3210 3753 3125 3753 3125 3775 3210 3754 3211 3753 3125 3754 3211 3732 3126 3732 3126 3754 3211 3733 3212 3732 3126 3733 3212 3711 3127 3711 3127 3733 3212 3712 3213 3711 3127 3712 3213 3690 3128 3690 3128 3712 3213 3691 3214 3690 3128 3691 3214 3669 3129 3669 3129 3691 3214 3670 3215 3669 3129 3670 3215 3648 3130 3648 3130 3670 3215 3649 3216 3648 3130 3649 3216 3627 3131 3627 3131 3649 3216 3628 3217 3627 3131 3628 3217 3606 3132 3606 3132 3628 3217 3607 3218 3606 3132 3607 3218 3585 3133 3585 3133 3607 3218 3586 3219 3585 3133 3586 3219 3564 3134 3564 3134 3586 3219 3565 3220 3564 3134 3565 3220 3543 3135 3543 3135 3565 3220 3544 3221 3543 3135 3544 3221 3522 3136 3522 3136 3544 3221 3523 3222 3522 3136 3523 3222 3501 3137 3501 3137 3523 3222 3502 3223 3501 3137 3502 3223 3480 3138 3480 3138 3502 3223 3481 3224 3480 3138 3481 3224 3459 3139 3459 3139 3481 3224 3460 3225 3459 3139 3460 3225 3438 3140 3438 3140 3460 3225 3439 3226 3438 3140 3439 3226 3417 3141 3417 3141 3439 3226 3418 3227 3417 3141 3418 3227 3396 3142 3396 3142 3418 3227 3397 3228 3396 3142 3397 3228 3375 3143 3375 3143 3397 3228 3376 3229 3375 3143 3376 3229 3354 3144 3354 3144 3376 3229 3355 3230 3354 3144 3355 3230 3333 3145 3333 3145 3355 3230 3334 3231 3333 3145 3334 3231 3312 3146 3312 3146 3334 3231 3313 3232 3312 3146 3313 3232 3291 3147 3291 3147 3313 3232 3292 3233 3291 3147 3292 3233 3270 3148 3270 3148 3292 3233 3271 3234 3270 3148 3271 3234 3249 3149 3249 3149 3271 3234 3250 3235 3249 3149 3250 3235 3228 3150 3228 3150 3250 3235 3229 3236 3228 3150 3229 3236 3207 3151 3207 3151 3229 3236 3208 3237 3207 3151 3208 3237 3186 3152 3186 3152 3208 3237 3187 3238 3186 3152 3187 3238 3165 3153 3165 3153 3187 3238 3166 3239 3165 3153 3166 3239 3144 3154 3144 3154 3166 3239 3145 3240 3144 3154 3145 3240 3123 3155 3123 3155 3145 3240 3124 3241 3123 3155 3124 3241 3102 3156 3102 3156 3124 3241 3103 3242 3102 3156 3103 3242 3081 3157 3081 3157 3103 3242 3082 3243 3081 3157 3082 3243 3060 3158 3060 3158 3082 3243 3061 3244 3060 3158 3061 3244 3039 3159 3039 3159 3061 3244 3040 3245 3039 3159 3040 3245 3018 3160 3018 3160 3040 3245 3019 3246 3018 3160 3019 3246 2997 3161 2997 3161 3019 3246 2998 3247 2997 3161 2998 3247 2976 3162 2976 3162 2998 3247 2977 3248 2976 3162 2977 3248 2955 3163 2955 3163 2977 3248 2956 3249 2955 3163 2956 3249 2934 3164 2934 3164 2956 3249 2935 3250 2934 3164 2935 3250 2010 3079 2010 3079 2935 3250 2011 3165 2011 3165 2012 3251 2914 3166 2914 3166 2012 3251 2915 3252 2914 3166 2915 3252 2893 3167 2893 3167 2915 3252 2894 3253 2893 3167 2894 3253 2872 3168 2872 3168 2894 3253 2873 3254 2872 3168 2873 3254 2851 3169 2851 3169 2873 3254 2852 3255 2851 3169 2852 3255 2830 3170 2830 3170 2852 3255 2831 3256 2830 3170 2831 3256 2809 3171 2809 3171 2831 3256 2810 3257 2809 3171 2810 3257 2788 3172 2788 3172 2810 3257 2789 3258 2788 3172 2789 3258 2767 3173 2767 3173 2789 3258 2768 3259 2767 3173 2768 3259 2746 3174 2746 3174 2768 3259 2747 3260 2746 3174 2747 3260 2725 3175 2725 3175 2747 3260 2726 3261 2725 3175 2726 3261 2704 3176 2704 3176 2726 3261 2705 3262 2704 3176 2705 3262 2683 3177 2683 3177 2705 3262 2684 3263 2683 3177 2684 3263 2662 3178 2662 3178 2684 3263 2663 3264 2662 3178 2663 3264 2641 3179 2641 3179 2663 3264 2642 3265 2641 3179 2642 3265 2620 3180 2620 3180 2642 3265 2621 3266 2620 3180 2621 3266 2599 3181 2599 3181 2621 3266 2600 3267 2599 3181 2600 3267 2578 3182 2578 3182 2600 3267 2579 3268 2578 3182 2579 3268 2557 3183 2557 3183 2579 3268 2558 3269 2557 3183 2558 3269 2536 3184 2536 3184 2558 3269 2537 3270 2536 3184 2537 3270 2515 3185 2515 3185 2537 3270 2516 3271 2515 3185 2516 3271 2494 3186 2494 3186 2516 3271 2495 3272 2494 3186 2495 3272 2473 3187 2473 3187 2495 3272 2474 3273 2473 3187 2474 3273 2452 3188 2452 3188 2474 3273 2453 3274 2452 3188 2453 3274 2431 3189 2431 3189 2453 3274 2432 3275 2431 3189 2432 3275 2410 3190 2410 3190 2432 3275 2411 3276 2410 3190 2411 3276 2389 3191 2389 3191 2411 3276 2390 3277 2389 3191 2390 3277 2368 3192 2368 3192 2390 3277 2369 3278 2368 3192 2369 3278 2347 3193 2347 3193 2369 3278 2348 3279 2347 3193 2348 3279 2326 3194 2326 3194 2348 3279 2327 3280 2326 3194 2327 3280 2305 3195 2305 3195 2327 3280 2306 3281 2305 3195 2306 3281 2284 3196 2284 3196 2306 3281 2285 3282 2284 3196 2285 3282 2263 3197 2263 3197 2285 3282 2264 3283 2263 3197 2264 3283 2242 3198 2242 3198 2264 3283 2243 3284 2242 3198 2243 3284 2221 3199 2221 3199 2243 3284 2222 3285 2221 3199 2222 3285 2200 3200 2200 3200 2222 3285 2201 3286 2200 3200 2201 3286 2179 3201 2179 3201 2201 3286 2180 3287 2179 3201 2180 3287 2158 3202 2158 3202 2180 3287 2159 3288 2158 3202 2159 3288 2137 3203 2137 3203 2159 3288 2138 3289 2137 3203 2138 3289 2116 3204 2116 3204 2138 3289 2117 3290 2116 3204 2117 3290 2095 3205 2095 3205 2117 3290 2096 3291 2095 3205 2096 3291 2074 3206 2074 3206 2096 3291 2075 3292 2074 3206 2075 3292 2032 3207 2032 3207 2075 3292 2033 3293 2032 3207 2033 3293 2065 3208 2065 3208 2033 3293 2064 3294 2065 3208 2064 3294 3796 3209 3796 3209 2064 3294 3797 3295 3796 3209 3797 3295 3775 3210 3775 3210 3797 3295 3776 3296 3775 3210 3776 3296 3754 3211 3754 3211 3776 3296 3755 3297 3754 3211 3755 3297 3733 3212 3733 3212 3755 3297 3734 3298 3733 3212 3734 3298 3712 3213 3712 3213 3734 3298 3713 3299 3712 3213 3713 3299 3691 3214 3691 3214 3713 3299 3692 3300 3691 3214 3692 3300 3670 3215 3670 3215 3692 3300 3671 3301 3670 3215 3671 3301 3649 3216 3649 3216 3671 3301 3650 3302 3649 3216 3650 3302 3628 3217 3628 3217 3650 3302 3629 3303 3628 3217 3629 3303 3607 3218 3607 3218 3629 3303 3608 3304 3607 3218 3608 3304 3586 3219 3586 3219 3608 3304 3587 3305 3586 3219 3587 3305 3565 3220 3565 3220 3587 3305 3566 3306 3565 3220 3566 3306 3544 3221 3544 3221 3566 3306 3545 3307 3544 3221 3545 3307 3523 3222 3523 3222 3545 3307 3524 3308 3523 3222 3524 3308 3502 3223 3502 3223 3524 3308 3503 3309 3502 3223 3503 3309 3481 3224 3481 3224 3503 3309 3482 3310 3481 3224 3482 3310 3460 3225 3460 3225 3482 3310 3461 3311 3460 3225 3461 3311 3439 3226 3439 3226 3461 3311 3440 3312 3439 3226 3440 3312 3418 3227 3418 3227 3440 3312 3419 3313 3418 3227 3419 3313 3397 3228 3397 3228 3419 3313 3398 3314 3397 3228 3398 3314 3376 3229 3376 3229 3398 3314 3377 3315 3376 3229 3377 3315 3355 3230 3355 3230 3377 3315 3356 3316 3355 3230 3356 3316 3334 3231 3334 3231 3356 3316 3335 3317 3334 3231 3335 3317 3313 3232 3313 3232 3335 3317 3314 3318 3313 3232 3314 3318 3292 3233 3292 3233 3314 3318 3293 3319 3292 3233 3293 3319 3271 3234 3271 3234 3293 3319 3272 3320 3271 3234 3272 3320 3250 3235 3250 3235 3272 3320 3251 3321 3250 3235 3251 3321 3229 3236 3229 3236 3251 3321 3230 3322 3229 3236 3230 3322 3208 3237 3208 3237 3230 3322 3209 3323 3208 3237 3209 3323 3187 3238 3187 3238 3209 3323 3188 3324 3187 3238 3188 3324 3166 3239 3166 3239 3188 3324 3167 3325 3166 3239 3167 3325 3145 3240 3145 3240 3167 3325 3146 3326 3145 3240 3146 3326 3124 3241 3124 3241 3146 3326 3125 3327 3124 3241 3125 3327 3103 3242 3103 3242 3125 3327 3104 3328 3103 3242 3104 3328 3082 3243 3082 3243 3104 3328 3083 3329 3082 3243 3083 3329 3061 3244 3061 3244 3083 3329 3062 3330 3061 3244 3062 3330 3040 3245 3040 3245 3062 3330 3041 3331 3040 3245 3041 3331 3019 3246 3019 3246 3041 3331 3020 3332 3019 3246 3020 3332 2998 3247 2998 3247 3020 3332 2999 3333 2998 3247 2999 3333 2977 3248 2977 3248 2999 3333 2978 3334 2977 3248 2978 3334 2956 3249 2956 3249 2978 3334 2957 3335 2956 3249 2957 3335 2935 3250 2935 3250 2957 3335 2936 3336 2935 3250 2936 3336 2011 3165 2011 3165 2936 3336 2012 3251 2012 3251 2013 3337 2915 3252 2915 3252 2013 3337 2916 3338 2915 3252 2916 3338 2894 3253 2894 3253 2916 3338 2895 3339 2894 3253 2895 3339 2873 3254 2873 3254 2895 3339 2874 3340 2873 3254 2874 3340 2852 3255 2852 3255 2874 3340 2853 3341 2852 3255 2853 3341 2831 3256 2831 3256 2853 3341 2832 3342 2831 3256 2832 3342 2810 3257 2810 3257 2832 3342 2811 3343 2810 3257 2811 3343 2789 3258 2789 3258 2811 3343 2790 3344 2789 3258 2790 3344 2768 3259 2768 3259 2790 3344 2769 3345 2768 3259 2769 3345 2747 3260 2747 3260 2769 3345 2748 3346 2747 3260 2748 3346 2726 3261 2726 3261 2748 3346 2727 3347 2726 3261 2727 3347 2705 3262 2705 3262 2727 3347 2706 3348 2705 3262 2706 3348 2684 3263 2684 3263 2706 3348 2685 3349 2684 3263 2685 3349 2663 3264 2663 3264 2685 3349 2664 3350 2663 3264 2664 3350 2642 3265 2642 3265 2664 3350 2643 3351 2642 3265 2643 3351 2621 3266 2621 3266 2643 3351 2622 3352 2621 3266 2622 3352 2600 3267 2600 3267 2622 3352 2601 3353 2600 3267 2601 3353 2579 3268 2579 3268 2601 3353 2580 3354 2579 3268 2580 3354 2558 3269 2558 3269 2580 3354 2559 3355 2558 3269 2559 3355 2537 3270 2537 3270 2559 3355 2538 3356 2537 3270 2538 3356 2516 3271 2516 3271 2538 3356 2517 3357 2516 3271 2517 3357 2495 3272 2495 3272 2517 3357 2496 3358 2495 3272 2496 3358 2474 3273 2474 3273 2496 3358 2475 3359 2474 3273 2475 3359 2453 3274 2453 3274 2475 3359 2454 3360 2453 3274 2454 3360 2432 3275 2432 3275 2454 3360 2433 3361 2432 3275 2433 3361 2411 3276 2411 3276 2433 3361 2412 3362 2411 3276 2412 3362 2390 3277 2390 3277 2412 3362 2391 3363 2390 3277 2391 3363 2369 3278 2369 3278 2391 3363 2370 3364 2369 3278 2370 3364 2348 3279 2348 3279 2370 3364 2349 3365 2348 3279 2349 3365 2327 3280 2327 3280 2349 3365 2328 3366 2327 3280 2328 3366 2306 3281 2306 3281 2328 3366 2307 3367 2306 3281 2307 3367 2285 3282 2285 3282 2307 3367 2286 3368 2285 3282 2286 3368 2264 3283 2264 3283 2286 3368 2265 3369 2264 3283 2265 3369 2243 3284 2243 3284 2265 3369 2244 3370 2243 3284 2244 3370 2222 3285 2222 3285 2244 3370 2223 3371 2222 3285 2223 3371 2201 3286 2201 3286 2223 3371 2202 3372 2201 3286 2202 3372 2180 3287 2180 3287 2202 3372 2181 3373 2180 3287 2181 3373 2159 3288 2159 3288 2181 3373 2160 3374 2159 3288 2160 3374 2138 3289 2138 3289 2160 3374 2139 3375 2138 3289 2139 3375 2117 3290 2117 3290 2139 3375 2118 3376 2117 3290 2118 3376 2096 3291 2096 3291 2118 3376 2097 3377 2096 3291 2097 3377 2075 3292 2075 3292 2097 3377 2076 3378 2075 3292 2076 3378 2033 3293 2033 3293 2076 3378 2034 3379 2033 3293 2034 3379 2064 3294 2064 3294 2034 3379 2063 3380 2064 3294 2063 3380 3797 3295 3797 3295 2063 3380 3798 3381 3797 3295 3798 3381 3776 3296 3776 3296 3798 3381 3777 3382 3776 3296 3777 3382 3755 3297 3755 3297 3777 3382 3756 3383 3755 3297 3756 3383 3734 3298 3734 3298 3756 3383 3735 3384 3734 3298 3735 3384 3713 3299 3713 3299 3735 3384 3714 3385 3713 3299 3714 3385 3692 3300 3692 3300 3714 3385 3693 3386 3692 3300 3693 3386 3671 3301 3671 3301 3693 3386 3672 3387 3671 3301 3672 3387 3650 3302 3650 3302 3672 3387 3651 3388 3650 3302 3651 3388 3629 3303 3629 3303 3651 3388 3630 3389 3629 3303 3630 3389 3608 3304 3608 3304 3630 3389 3609 3390 3608 3304 3609 3390 3587 3305 3587 3305 3609 3390 3588 3391 3587 3305 3588 3391 3566 3306 3566 3306 3588 3391 3567 3392 3566 3306 3567 3392 3545 3307 3545 3307 3567 3392 3546 3393 3545 3307 3546 3393 3524 3308 3524 3308 3546 3393 3525 3394 3524 3308 3525 3394 3503 3309 3503 3309 3525 3394 3504 3395 3503 3309 3504 3395 3482 3310 3482 3310 3504 3395 3483 3396 3482 3310 3483 3396 3461 3311 3461 3311 3483 3396 3462 3397 3461 3311 3462 3397 3440 3312 3440 3312 3462 3397 3441 3398 3440 3312 3441 3398 3419 3313 3419 3313 3441 3398 3420 3399 3419 3313 3420 3399 3398 3314 3398 3314 3420 3399 3399 3400 3398 3314 3399 3400 3377 3315 3377 3315 3399 3400 3378 3401 3377 3315 3378 3401 3356 3316 3356 3316 3378 3401 3357 3402 3356 3316 3357 3402 3335 3317 3335 3317 3357 3402 3336 3403 3335 3317 3336 3403 3314 3318 3314 3318 3336 3403 3315 3404 3314 3318 3315 3404 3293 3319 3293 3319 3315 3404 3294 3405 3293 3319 3294 3405 3272 3320 3272 3320 3294 3405 3273 3406 3272 3320 3273 3406 3251 3321 3251 3321 3273 3406 3252 3407 3251 3321 3252 3407 3230 3322 3230 3322 3252 3407 3231 3408 3230 3322 3231 3408 3209 3323 3209 3323 3231 3408 3210 3409 3209 3323 3210 3409 3188 3324 3188 3324 3210 3409 3189 3410 3188 3324 3189 3410 3167 3325 3167 3325 3189 3410 3168 3411 3167 3325 3168 3411 3146 3326 3146 3326 3168 3411 3147 3412 3146 3326 3147 3412 3125 3327 3125 3327 3147 3412 3126 3413 3125 3327 3126 3413 3104 3328 3104 3328 3126 3413 3105 3414 3104 3328 3105 3414 3083 3329 3083 3329 3105 3414 3084 3415 3083 3329 3084 3415 3062 3330 3062 3330 3084 3415 3063 3416 3062 3330 3063 3416 3041 3331 3041 3331 3063 3416 3042 3417 3041 3331 3042 3417 3020 3332 3020 3332 3042 3417 3021 3418 3020 3332 3021 3418 2999 3333 2999 3333 3021 3418 3000 3419 2999 3333 3000 3419 2978 3334 2978 3334 3000 3419 2979 3420 2978 3334 2979 3420 2957 3335 2957 3335 2979 3420 2958 3421 2957 3335 2958 3421 2936 3336 2936 3336 2958 3421 2937 3422 2936 3336 2937 3422 2012 3251 2012 3251 2937 3422 2013 3337 2013 3337 2014 3423 2916 3338 2916 3338 2014 3423 2917 3424 2916 3338 2917 3424 2895 3339 2895 3339 2917 3424 2896 3425 2895 3339 2896 3425 2874 3340 2874 3340 2896 3425 2875 3426 2874 3340 2875 3426 2853 3341 2853 3341 2875 3426 2854 3427 2853 3341 2854 3427 2832 3342 2832 3342 2854 3427 2833 3428 2832 3342 2833 3428 2811 3343 2811 3343 2833 3428 2812 3429 2811 3343 2812 3429 2790 3344 2790 3344 2812 3429 2791 3430 2790 3344 2791 3430 2769 3345 2769 3345 2791 3430 2770 3431 2769 3345 2770 3431 2748 3346 2748 3346 2770 3431 2749 3432 2748 3346 2749 3432 2727 3347 2727 3347 2749 3432 2728 3433 2727 3347 2728 3433 2706 3348 2706 3348 2728 3433 2707 3434 2706 3348 2707 3434 2685 3349 2685 3349 2707 3434 2686 3435 2685 3349 2686 3435 2664 3350 2664 3350 2686 3435 2665 3436 2664 3350 2665 3436 2643 3351 2643 3351 2665 3436 2644 3437 2643 3351 2644 3437 2622 3352 2622 3352 2644 3437 2623 3438 2622 3352 2623 3438 2601 3353 2601 3353 2623 3438 2602 3439 2601 3353 2602 3439 2580 3354 2580 3354 2602 3439 2581 3440 2580 3354 2581 3440 2559 3355 2559 3355 2581 3440 2560 3441 2559 3355 2560 3441 2538 3356 2538 3356 2560 3441 2539 3442 2538 3356 2539 3442 2517 3357 2517 3357 2539 3442 2518 3443 2517 3357 2518 3443 2496 3358 2496 3358 2518 3443 2497 3444 2496 3358 2497 3444 2475 3359 2475 3359 2497 3444 2476 3445 2475 3359 2476 3445 2454 3360 2454 3360 2476 3445 2455 3446 2454 3360 2455 3446 2433 3361 2433 3361 2455 3446 2434 3447 2433 3361 2434 3447 2412 3362 2412 3362 2434 3447 2413 3448 2412 3362 2413 3448 2391 3363 2391 3363 2413 3448 2392 3449 2391 3363 2392 3449 2370 3364 2370 3364 2392 3449 2371 3450 2370 3364 2371 3450 2349 3365 2349 3365 2371 3450 2350 3451 2349 3365 2350 3451 2328 3366 2328 3366 2350 3451 2329 3452 2328 3366 2329 3452 2307 3367 2307 3367 2329 3452 2308 3453 2307 3367 2308 3453 2286 3368 2286 3368 2308 3453 2287 3454 2286 3368 2287 3454 2265 3369 2265 3369 2287 3454 2266 3455 2265 3369 2266 3455 2244 3370 2244 3370 2266 3455 2245 3456 2244 3370 2245 3456 2223 3371 2223 3371 2245 3456 2224 3457 2223 3371 2224 3457 2202 3372 2202 3372 2224 3457 2203 3458 2202 3372 2203 3458 2181 3373 2181 3373 2203 3458 2182 3459 2181 3373 2182 3459 2160 3374 2160 3374 2182 3459 2161 3460 2160 3374 2161 3460 2139 3375 2139 3375 2161 3460 2140 3461 2139 3375 2140 3461 2118 3376 2118 3376 2140 3461 2119 3462 2118 3376 2119 3462 2097 3377 2097 3377 2119 3462 2098 3463 2097 3377 2098 3463 2076 3378 2076 3378 2098 3463 2077 3464 2076 3378 2077 3464 2034 3379 2034 3379 2077 3464 2035 3465 2034 3379 2035 3465 2063 3380 2063 3380 2035 3465 2062 3466 2063 3380 2062 3466 3798 3381 3798 3381 2062 3466 3799 3467 3798 3381 3799 3467 3777 3382 3777 3382 3799 3467 3778 3468 3777 3382 3778 3468 3756 3383 3756 3383 3778 3468 3757 3469 3756 3383 3757 3469 3735 3384 3735 3384 3757 3469 3736 3470 3735 3384 3736 3470 3714 3385 3714 3385 3736 3470 3715 3471 3714 3385 3715 3471 3693 3386 3693 3386 3715 3471 3694 3472 3693 3386 3694 3472 3672 3387 3672 3387 3694 3472 3673 3473 3672 3387 3673 3473 3651 3388 3651 3388 3673 3473 3652 3474 3651 3388 3652 3474 3630 3389 3630 3389 3652 3474 3631 3475 3630 3389 3631 3475 3609 3390 3609 3390 3631 3475 3610 3476 3609 3390 3610 3476 3588 3391 3588 3391 3610 3476 3589 3477 3588 3391 3589 3477 3567 3392 3567 3392 3589 3477 3568 3478 3567 3392 3568 3478 3546 3393 3546 3393 3568 3478 3547 3479 3546 3393 3547 3479 3525 3394 3525 3394 3547 3479 3526 3480 3525 3394 3526 3480 3504 3395 3504 3395 3526 3480 3505 3481 3504 3395 3505 3481 3483 3396 3483 3396 3505 3481 3484 3482 3483 3396 3484 3482 3462 3397 3462 3397 3484 3482 3463 3483 3462 3397 3463 3483 3441 3398 3441 3398 3463 3483 3442 3484 3441 3398 3442 3484 3420 3399 3420 3399 3442 3484 3421 3485 3420 3399 3421 3485 3399 3400 3399 3400 3421 3485 3400 3486 3399 3400 3400 3486 3378 3401 3378 3401 3400 3486 3379 3487 3378 3401 3379 3487 3357 3402 3357 3402 3379 3487 3358 3488 3357 3402 3358 3488 3336 3403 3336 3403 3358 3488 3337 3489 3336 3403 3337 3489 3315 3404 3315 3404 3337 3489 3316 3490 3315 3404 3316 3490 3294 3405 3294 3405 3316 3490 3295 3491 3294 3405 3295 3491 3273 3406 3273 3406 3295 3491 3274 3492 3273 3406 3274 3492 3252 3407 3252 3407 3274 3492 3253 3493 3252 3407 3253 3493 3231 3408 3231 3408 3253 3493 3232 3494 3231 3408 3232 3494 3210 3409 3210 3409 3232 3494 3211 3495 3210 3409 3211 3495 3189 3410 3189 3410 3211 3495 3190 3496 3189 3410 3190 3496 3168 3411 3168 3411 3190 3496 3169 3497 3168 3411 3169 3497 3147 3412 3147 3412 3169 3497 3148 3498 3147 3412 3148 3498 3126 3413 3126 3413 3148 3498 3127 3499 3126 3413 3127 3499 3105 3414 3105 3414 3127 3499 3106 3500 3105 3414 3106 3500 3084 3415 3084 3415 3106 3500 3085 3501 3084 3415 3085 3501 3063 3416 3063 3416 3085 3501 3064 3502 3063 3416 3064 3502 3042 3417 3042 3417 3064 3502 3043 3503 3042 3417 3043 3503 3021 3418 3021 3418 3043 3503 3022 3504 3021 3418 3022 3504 3000 3419 3000 3419 3022 3504 3001 3505 3000 3419 3001 3505 2979 3420 2979 3420 3001 3505 2980 3506 2979 3420 2980 3506 2958 3421 2958 3421 2980 3506 2959 3507 2958 3421 2959 3507 2937 3422 2937 3422 2959 3507 2938 3508 2937 3422 2938 3508 2013 3337 2013 3337 2938 3508 2014 3423 2014 3423 2015 3509 2917 3424 2917 3424 2015 3509 2918 3510 2917 3424 2918 3510 2896 3425 2896 3425 2918 3510 2897 3511 2896 3425 2897 3511 2875 3426 2875 3426 2897 3511 2876 3512 2875 3426 2876 3512 2854 3427 2854 3427 2876 3512 2855 3513 2854 3427 2855 3513 2833 3428 2833 3428 2855 3513 2834 3514 2833 3428 2834 3514 2812 3429 2812 3429 2834 3514 2813 3515 2812 3429 2813 3515 2791 3430 2791 3430 2813 3515 2792 3516 2791 3430 2792 3516 2770 3431 2770 3431 2792 3516 2771 3517 2770 3431 2771 3517 2749 3432 2749 3432 2771 3517 2750 3518 2749 3432 2750 3518 2728 3433 2728 3433 2750 3518 2729 3519 2728 3433 2729 3519 2707 3434 2707 3434 2729 3519 2708 3520 2707 3434 2708 3520 2686 3435 2686 3435 2708 3520 2687 3521 2686 3435 2687 3521 2665 3436 2665 3436 2687 3521 2666 3522 2665 3436 2666 3522 2644 3437 2644 3437 2666 3522 2645 3523 2644 3437 2645 3523 2623 3438 2623 3438 2645 3523 2624 3524 2623 3438 2624 3524 2602 3439 2602 3439 2624 3524 2603 3525 2602 3439 2603 3525 2581 3440 2581 3440 2603 3525 2582 3526 2581 3440 2582 3526 2560 3441 2560 3441 2582 3526 2561 3527 2560 3441 2561 3527 2539 3442 2539 3442 2561 3527 2540 3528 2539 3442 2540 3528 2518 3443 2518 3443 2540 3528 2519 3529 2518 3443 2519 3529 2497 3444 2497 3444 2519 3529 2498 3530 2497 3444 2498 3530 2476 3445 2476 3445 2498 3530 2477 3531 2476 3445 2477 3531 2455 3446 2455 3446 2477 3531 2456 3532 2455 3446 2456 3532 2434 3447 2434 3447 2456 3532 2435 3533 2434 3447 2435 3533 2413 3448 2413 3448 2435 3533 2414 3534 2413 3448 2414 3534 2392 3449 2392 3449 2414 3534 2393 3535 2392 3449 2393 3535 2371 3450 2371 3450 2393 3535 2372 3536 2371 3450 2372 3536 2350 3451 2350 3451 2372 3536 2351 3537 2350 3451 2351 3537 2329 3452 2329 3452 2351 3537 2330 3538 2329 3452 2330 3538 2308 3453 2308 3453 2330 3538 2309 3539 2308 3453 2309 3539 2287 3454 2287 3454 2309 3539 2288 3540 2287 3454 2288 3540 2266 3455 2266 3455 2288 3540 2267 3541 2266 3455 2267 3541 2245 3456 2245 3456 2267 3541 2246 3542 2245 3456 2246 3542 2224 3457 2224 3457 2246 3542 2225 3543 2224 3457 2225 3543 2203 3458 2203 3458 2225 3543 2204 3544 2203 3458 2204 3544 2182 3459 2182 3459 2204 3544 2183 3545 2182 3459 2183 3545 2161 3460 2161 3460 2183 3545 2162 3546 2161 3460 2162 3546 2140 3461 2140 3461 2162 3546 2141 3547 2140 3461 2141 3547 2119 3462 2119 3462 2141 3547 2120 3548 2119 3462 2120 3548 2098 3463 2098 3463 2120 3548 2099 3549 2098 3463 2099 3549 2077 3464 2077 3464 2099 3549 2078 3550 2077 3464 2078 3550 2035 3465 2035 3465 2078 3550 2036 3551 2035 3465 2036 3551 2062 3466 2062 3466 2036 3551 2061 3552 2062 3466 2061 3552 3799 3467 3799 3467 2061 3552 3800 3553 3799 3467 3800 3553 3778 3468 3778 3468 3800 3553 3779 3554 3778 3468 3779 3554 3757 3469 3757 3469 3779 3554 3758 3555 3757 3469 3758 3555 3736 3470 3736 3470 3758 3555 3737 3556 3736 3470 3737 3556 3715 3471 3715 3471 3737 3556 3716 3557 3715 3471 3716 3557 3694 3472 3694 3472 3716 3557 3695 3558 3694 3472 3695 3558 3673 3473 3673 3473 3695 3558 3674 3559 3673 3473 3674 3559 3652 3474 3652 3474 3674 3559 3653 3560 3652 3474 3653 3560 3631 3475 3631 3475 3653 3560 3632 3561 3631 3475 3632 3561 3610 3476 3610 3476 3632 3561 3611 3562 3610 3476 3611 3562 3589 3477 3589 3477 3611 3562 3590 3563 3589 3477 3590 3563 3568 3478 3568 3478 3590 3563 3569 3564 3568 3478 3569 3564 3547 3479 3547 3479 3569 3564 3548 3565 3547 3479 3548 3565 3526 3480 3526 3480 3548 3565 3527 3566 3526 3480 3527 3566 3505 3481 3505 3481 3527 3566 3506 3567 3505 3481 3506 3567 3484 3482 3484 3482 3506 3567 3485 3568 3484 3482 3485 3568 3463 3483 3463 3483 3485 3568 3464 3569 3463 3483 3464 3569 3442 3484 3442 3484 3464 3569 3443 3570 3442 3484 3443 3570 3421 3485 3421 3485 3443 3570 3422 3571 3421 3485 3422 3571 3400 3486 3400 3486 3422 3571 3401 3572 3400 3486 3401 3572 3379 3487 3379 3487 3401 3572 3380 3573 3379 3487 3380 3573 3358 3488 3358 3488 3380 3573 3359 3574 3358 3488 3359 3574 3337 3489 3337 3489 3359 3574 3338 3575 3337 3489 3338 3575 3316 3490 3316 3490 3338 3575 3317 3576 3316 3490 3317 3576 3295 3491 3295 3491 3317 3576 3296 3577 3295 3491 3296 3577 3274 3492 3274 3492 3296 3577 3275 3578 3274 3492 3275 3578 3253 3493 3253 3493 3275 3578 3254 3579 3253 3493 3254 3579 3232 3494 3232 3494 3254 3579 3233 3580 3232 3494 3233 3580 3211 3495 3211 3495 3233 3580 3212 3581 3211 3495 3212 3581 3190 3496 3190 3496 3212 3581 3191 3582 3190 3496 3191 3582 3169 3497 3169 3497 3191 3582 3170 3583 3169 3497 3170 3583 3148 3498 3148 3498 3170 3583 3149 3584 3148 3498 3149 3584 3127 3499 3127 3499 3149 3584 3128 3585 3127 3499 3128 3585 3106 3500 3106 3500 3128 3585 3107 3586 3106 3500 3107 3586 3085 3501 3085 3501 3107 3586 3086 3587 3085 3501 3086 3587 3064 3502 3064 3502 3086 3587 3065 3588 3064 3502 3065 3588 3043 3503 3043 3503 3065 3588 3044 3589 3043 3503 3044 3589 3022 3504 3022 3504 3044 3589 3023 3590 3022 3504 3023 3590 3001 3505 3001 3505 3023 3590 3002 3591 3001 3505 3002 3591 2980 3506 2980 3506 3002 3591 2981 3592 2980 3506 2981 3592 2959 3507 2959 3507 2981 3592 2960 3593 2959 3507 2960 3593 2938 3508 2938 3508 2960 3593 2939 3594 2938 3508 2939 3594 2014 3423 2014 3423 2939 3594 2015 3509 2015 3509 2016 3595 2918 3510 2918 3510 2016 3595 2919 3596 2918 3510 2919 3596 2897 3511 2897 3511 2919 3596 2898 3597 2897 3511 2898 3597 2876 3512 2876 3512 2898 3597 2877 3598 2876 3512 2877 3598 2855 3513 2855 3513 2877 3598 2856 3599 2855 3513 2856 3599 2834 3514 2834 3514 2856 3599 2835 3600 2834 3514 2835 3600 2813 3515 2813 3515 2835 3600 2814 3601 2813 3515 2814 3601 2792 3516 2792 3516 2814 3601 2793 3602 2792 3516 2793 3602 2771 3517 2771 3517 2793 3602 2772 3603 2771 3517 2772 3603 2750 3518 2750 3518 2772 3603 2751 3604 2750 3518 2751 3604 2729 3519 2729 3519 2751 3604 2730 3605 2729 3519 2730 3605 2708 3520 2708 3520 2730 3605 2709 3606 2708 3520 2709 3606 2687 3521 2687 3521 2709 3606 2688 3607 2687 3521 2688 3607 2666 3522 2666 3522 2688 3607 2667 3608 2666 3522 2667 3608 2645 3523 2645 3523 2667 3608 2646 3609 2645 3523 2646 3609 2624 3524 2624 3524 2646 3609 2625 3610 2624 3524 2625 3610 2603 3525 2603 3525 2625 3610 2604 3611 2603 3525 2604 3611 2582 3526 2582 3526 2604 3611 2583 3612 2582 3526 2583 3612 2561 3527 2561 3527 2583 3612 2562 3613 2561 3527 2562 3613 2540 3528 2540 3528 2562 3613 2541 3614 2540 3528 2541 3614 2519 3529 2519 3529 2541 3614 2520 3615 2519 3529 2520 3615 2498 3530 2498 3530 2520 3615 2499 3616 2498 3530 2499 3616 2477 3531 2477 3531 2499 3616 2478 3617 2477 3531 2478 3617 2456 3532 2456 3532 2478 3617 2457 3618 2456 3532 2457 3618 2435 3533 2435 3533 2457 3618 2436 3619 2435 3533 2436 3619 2414 3534 2414 3534 2436 3619 2415 3620 2414 3534 2415 3620 2393 3535 2393 3535 2415 3620 2394 3621 2393 3535 2394 3621 2372 3536 2372 3536 2394 3621 2373 3622 2372 3536 2373 3622 2351 3537 2351 3537 2373 3622 2352 3623 2351 3537 2352 3623 2330 3538 2330 3538 2352 3623 2331 3624 2330 3538 2331 3624 2309 3539 2309 3539 2331 3624 2310 3625 2309 3539 2310 3625 2288 3540 2288 3540 2310 3625 2289 3626 2288 3540 2289 3626 2267 3541 2267 3541 2289 3626 2268 3627 2267 3541 2268 3627 2246 3542 2246 3542 2268 3627 2247 3628 2246 3542 2247 3628 2225 3543 2225 3543 2247 3628 2226 3629 2225 3543 2226 3629 2204 3544 2204 3544 2226 3629 2205 3630 2204 3544 2205 3630 2183 3545 2183 3545 2205 3630 2184 3631 2183 3545 2184 3631 2162 3546 2162 3546 2184 3631 2163 3632 2162 3546 2163 3632 2141 3547 2141 3547 2163 3632 2142 3633 2141 3547 2142 3633 2120 3548 2120 3548 2142 3633 2121 3634 2120 3548 2121 3634 2099 3549 2099 3549 2121 3634 2100 3635 2099 3549 2100 3635 2078 3550 2078 3550 2100 3635 2079 3636 2078 3550 2079 3636 2036 3551 2036 3551 2079 3636 2037 3637 2036 3551 2037 3637 2061 3552 2061 3552 2037 3637 2060 3638 2061 3552 2060 3638 3800 3553 3800 3553 2060 3638 3801 3639 3800 3553 3801 3639 3779 3554 3779 3554 3801 3639 3780 3640 3779 3554 3780 3640 3758 3555 3758 3555 3780 3640 3759 3641 3758 3555 3759 3641 3737 3556 3737 3556 3759 3641 3738 3642 3737 3556 3738 3642 3716 3557 3716 3557 3738 3642 3717 3643 3716 3557 3717 3643 3695 3558 3695 3558 3717 3643 3696 3644 3695 3558 3696 3644 3674 3559 3674 3559 3696 3644 3675 3645 3674 3559 3675 3645 3653 3560 3653 3560 3675 3645 3654 3646 3653 3560 3654 3646 3632 3561 3632 3561 3654 3646 3633 3647 3632 3561 3633 3647 3611 3562 3611 3562 3633 3647 3612 3648 3611 3562 3612 3648 3590 3563 3590 3563 3612 3648 3591 3649 3590 3563 3591 3649 3569 3564 3569 3564 3591 3649 3570 3650 3569 3564 3570 3650 3548 3565 3548 3565 3570 3650 3549 3651 3548 3565 3549 3651 3527 3566 3527 3566 3549 3651 3528 3652 3527 3566 3528 3652 3506 3567 3506 3567 3528 3652 3507 3653 3506 3567 3507 3653 3485 3568 3485 3568 3507 3653 3486 3654 3485 3568 3486 3654 3464 3569 3464 3569 3486 3654 3465 3655 3464 3569 3465 3655 3443 3570 3443 3570 3465 3655 3444 3656 3443 3570 3444 3656 3422 3571 3422 3571 3444 3656 3423 3657 3422 3571 3423 3657 3401 3572 3401 3572 3423 3657 3402 3658 3401 3572 3402 3658 3380 3573 3380 3573 3402 3658 3381 3659 3380 3573 3381 3659 3359 3574 3359 3574 3381 3659 3360 3660 3359 3574 3360 3660 3338 3575 3338 3575 3360 3660 3339 3661 3338 3575 3339 3661 3317 3576 3317 3576 3339 3661 3318 3662 3317 3576 3318 3662 3296 3577 3296 3577 3318 3662 3297 3663 3296 3577 3297 3663 3275 3578 3275 3578 3297 3663 3276 3664 3275 3578 3276 3664 3254 3579 3254 3579 3276 3664 3255 3665 3254 3579 3255 3665 3233 3580 3233 3580 3255 3665 3234 3666 3233 3580 3234 3666 3212 3581 3212 3581 3234 3666 3213 3667 3212 3581 3213 3667 3191 3582 3191 3582 3213 3667 3192 3668 3191 3582 3192 3668 3170 3583 3170 3583 3192 3668 3171 3669 3170 3583 3171 3669 3149 3584 3149 3584 3171 3669 3150 3670 3149 3584 3150 3670 3128 3585 3128 3585 3150 3670 3129 3671 3128 3585 3129 3671 3107 3586 3107 3586 3129 3671 3108 3672 3107 3586 3108 3672 3086 3587 3086 3587 3108 3672 3087 3673 3086 3587 3087 3673 3065 3588 3065 3588 3087 3673 3066 3674 3065 3588 3066 3674 3044 3589 3044 3589 3066 3674 3045 3675 3044 3589 3045 3675 3023 3590 3023 3590 3045 3675 3024 3676 3023 3590 3024 3676 3002 3591 3002 3591 3024 3676 3003 3677 3002 3591 3003 3677 2981 3592 2981 3592 3003 3677 2982 3678 2981 3592 2982 3678 2960 3593 2960 3593 2982 3678 2961 3679 2960 3593 2961 3679 2939 3594 2939 3594 2961 3679 2940 3680 2939 3594 2940 3680 2015 3509 2015 3509 2940 3680 2016 3595 2016 3595 2017 3681 2919 3596 2919 3596 2017 3681 2920 3682 2919 3596 2920 3682 2898 3597 2898 3597 2920 3682 2899 3683 2898 3597 2899 3683 2877 3598 2877 3598 2899 3683 2878 3684 2877 3598 2878 3684 2856 3599 2856 3599 2878 3684 2857 3685 2856 3599 2857 3685 2835 3600 2835 3600 2857 3685 2836 3686 2835 3600 2836 3686 2814 3601 2814 3601 2836 3686 2815 3687 2814 3601 2815 3687 2793 3602 2793 3602 2815 3687 2794 3688 2793 3602 2794 3688 2772 3603 2772 3603 2794 3688 2773 3689 2772 3603 2773 3689 2751 3604 2751 3604 2773 3689 2752 3690 2751 3604 2752 3690 2730 3605 2730 3605 2752 3690 2731 3691 2730 3605 2731 3691 2709 3606 2709 3606 2731 3691 2710 3692 2709 3606 2710 3692 2688 3607 2688 3607 2710 3692 2689 3693 2688 3607 2689 3693 2667 3608 2667 3608 2689 3693 2668 3694 2667 3608 2668 3694 2646 3609 2646 3609 2668 3694 2647 3695 2646 3609 2647 3695 2625 3610 2625 3610 2647 3695 2626 3696 2625 3610 2626 3696 2604 3611 2604 3611 2626 3696 2605 3697 2604 3611 2605 3697 2583 3612 2583 3612 2605 3697 2584 3698 2583 3612 2584 3698 2562 3613 2562 3613 2584 3698 2563 3699 2562 3613 2563 3699 2541 3614 2541 3614 2563 3699 2542 3700 2541 3614 2542 3700 2520 3615 2520 3615 2542 3700 2521 3701 2520 3615 2521 3701 2499 3616 2499 3616 2521 3701 2500 3702 2499 3616 2500 3702 2478 3617 2478 3617 2500 3702 2479 3703 2478 3617 2479 3703 2457 3618 2457 3618 2479 3703 2458 3704 2457 3618 2458 3704 2436 3619 2436 3619 2458 3704 2437 3705 2436 3619 2437 3705 2415 3620 2415 3620 2437 3705 2416 3706 2415 3620 2416 3706 2394 3621 2394 3621 2416 3706 2395 3707 2394 3621 2395 3707 2373 3622 2373 3622 2395 3707 2374 3708 2373 3622 2374 3708 2352 3623 2352 3623 2374 3708 2353 3709 2352 3623 2353 3709 2331 3624 2331 3624 2353 3709 2332 3710 2331 3624 2332 3710 2310 3625 2310 3625 2332 3710 2311 3711 2310 3625 2311 3711 2289 3626 2289 3626 2311 3711 2290 3712 2289 3626 2290 3712 2268 3627 2268 3627 2290 3712 2269 3713 2268 3627 2269 3713 2247 3628 2247 3628 2269 3713 2248 3714 2247 3628 2248 3714 2226 3629 2226 3629 2248 3714 2227 3715 2226 3629 2227 3715 2205 3630 2205 3630 2227 3715 2206 3716 2205 3630 2206 3716 2184 3631 2184 3631 2206 3716 2185 3717 2184 3631 2185 3717 2163 3632 2163 3632 2185 3717 2164 3718 2163 3632 2164 3718 2142 3633 2142 3633 2164 3718 2143 3719 2142 3633 2143 3719 2121 3634 2121 3634 2143 3719 2122 3720 2121 3634 2122 3720 2100 3635 2100 3635 2122 3720 2101 3721 2100 3635 2101 3721 2079 3636 2079 3636 2101 3721 2080 3722 2079 3636 2080 3722 2037 3637 2037 3637 2080 3722 2038 3723 2037 3637 2038 3723 2060 3638 2060 3638 2038 3723 2059 3724 2060 3638 2059 3724 3801 3639 3801 3639 2059 3724 3802 3725 3801 3639 3802 3725 3780 3640 3780 3640 3802 3725 3781 3726 3780 3640 3781 3726 3759 3641 3759 3641 3781 3726 3760 3727 3759 3641 3760 3727 3738 3642 3738 3642 3760 3727 3739 3728 3738 3642 3739 3728 3717 3643 3717 3643 3739 3728 3718 3729 3717 3643 3718 3729 3696 3644 3696 3644 3718 3729 3697 3730 3696 3644 3697 3730 3675 3645 3675 3645 3697 3730 3676 3731 3675 3645 3676 3731 3654 3646 3654 3646 3676 3731 3655 3732 3654 3646 3655 3732 3633 3647 3633 3647 3655 3732 3634 3733 3633 3647 3634 3733 3612 3648 3612 3648 3634 3733 3613 3734 3612 3648 3613 3734 3591 3649 3591 3649 3613 3734 3592 3735 3591 3649 3592 3735 3570 3650 3570 3650 3592 3735 3571 3736 3570 3650 3571 3736 3549 3651 3549 3651 3571 3736 3550 3737 3549 3651 3550 3737 3528 3652 3528 3652 3550 3737 3529 3738 3528 3652 3529 3738 3507 3653 3507 3653 3529 3738 3508 3739 3507 3653 3508 3739 3486 3654 3486 3654 3508 3739 3487 3740 3486 3654 3487 3740 3465 3655 3465 3655 3487 3740 3466 3741 3465 3655 3466 3741 3444 3656 3444 3656 3466 3741 3445 3742 3444 3656 3445 3742 3423 3657 3423 3657 3445 3742 3424 3743 3423 3657 3424 3743 3402 3658 3402 3658 3424 3743 3403 3744 3402 3658 3403 3744 3381 3659 3381 3659 3403 3744 3382 3745 3381 3659 3382 3745 3360 3660 3360 3660 3382 3745 3361 3746 3360 3660 3361 3746 3339 3661 3339 3661 3361 3746 3340 3747 3339 3661 3340 3747 3318 3662 3318 3662 3340 3747 3319 3748 3318 3662 3319 3748 3297 3663 3297 3663 3319 3748 3298 3749 3297 3663 3298 3749 3276 3664 3276 3664 3298 3749 3277 3750 3276 3664 3277 3750 3255 3665 3255 3665 3277 3750 3256 3751 3255 3665 3256 3751 3234 3666 3234 3666 3256 3751 3235 3752 3234 3666 3235 3752 3213 3667 3213 3667 3235 3752 3214 3753 3213 3667 3214 3753 3192 3668 3192 3668 3214 3753 3193 3754 3192 3668 3193 3754 3171 3669 3171 3669 3193 3754 3172 3755 3171 3669 3172 3755 3150 3670 3150 3670 3172 3755 3151 3756 3150 3670 3151 3756 3129 3671 3129 3671 3151 3756 3130 3757 3129 3671 3130 3757 3108 3672 3108 3672 3130 3757 3109 3758 3108 3672 3109 3758 3087 3673 3087 3673 3109 3758 3088 3759 3087 3673 3088 3759 3066 3674 3066 3674 3088 3759 3067 3760 3066 3674 3067 3760 3045 3675 3045 3675 3067 3760 3046 3761 3045 3675 3046 3761 3024 3676 3024 3676 3046 3761 3025 3762 3024 3676 3025 3762 3003 3677 3003 3677 3025 3762 3004 3763 3003 3677 3004 3763 2982 3678 2982 3678 3004 3763 2983 3764 2982 3678 2983 3764 2961 3679 2961 3679 2983 3764 2962 3765 2961 3679 2962 3765 2940 3680 2940 3680 2962 3765 2941 3766 2940 3680 2941 3766 2016 3595 2016 3595 2941 3766 2017 3681 2017 3681 2018 3767 2920 3682 2920 3682 2018 3767 2921 3768 2920 3682 2921 3768 2899 3683 2899 3683 2921 3768 2900 3769 2899 3683 2900 3769 2878 3684 2878 3684 2900 3769 2879 3770 2878 3684 2879 3770 2857 3685 2857 3685 2879 3770 2858 3771 2857 3685 2858 3771 2836 3686 2836 3686 2858 3771 2837 3772 2836 3686 2837 3772 2815 3687 2815 3687 2837 3772 2816 3773 2815 3687 2816 3773 2794 3688 2794 3688 2816 3773 2795 3774 2794 3688 2795 3774 2773 3689 2773 3689 2795 3774 2774 3775 2773 3689 2774 3775 2752 3690 2752 3690 2774 3775 2753 3776 2752 3690 2753 3776 2731 3691 2731 3691 2753 3776 2732 3777 2731 3691 2732 3777 2710 3692 2710 3692 2732 3777 2711 3778 2710 3692 2711 3778 2689 3693 2689 3693 2711 3778 2690 3779 2689 3693 2690 3779 2668 3694 2668 3694 2690 3779 2669 3780 2668 3694 2669 3780 2647 3695 2647 3695 2669 3780 2648 3781 2647 3695 2648 3781 2626 3696 2626 3696 2648 3781 2627 3782 2626 3696 2627 3782 2605 3697 2605 3697 2627 3782 2606 3783 2605 3697 2606 3783 2584 3698 2584 3698 2606 3783 2585 3784 2584 3698 2585 3784 2563 3699 2563 3699 2585 3784 2564 3785 2563 3699 2564 3785 2542 3700 2542 3700 2564 3785 2543 3786 2542 3700 2543 3786 2521 3701 2521 3701 2543 3786 2522 3787 2521 3701 2522 3787 2500 3702 2500 3702 2522 3787 2501 3788 2500 3702 2501 3788 2479 3703 2479 3703 2501 3788 2480 3789 2479 3703 2480 3789 2458 3704 2458 3704 2480 3789 2459 3790 2458 3704 2459 3790 2437 3705 2437 3705 2459 3790 2438 3791 2437 3705 2438 3791 2416 3706 2416 3706 2438 3791 2417 3792 2416 3706 2417 3792 2395 3707 2395 3707 2417 3792 2396 3793 2395 3707 2396 3793 2374 3708 2374 3708 2396 3793 2375 3794 2374 3708 2375 3794 2353 3709 2353 3709 2375 3794 2354 3795 2353 3709 2354 3795 2332 3710 2332 3710 2354 3795 2333 3796 2332 3710 2333 3796 2311 3711 2311 3711 2333 3796 2312 3797 2311 3711 2312 3797 2290 3712 2290 3712 2312 3797 2291 3798 2290 3712 2291 3798 2269 3713 2269 3713 2291 3798 2270 3799 2269 3713 2270 3799 2248 3714 2248 3714 2270 3799 2249 3800 2248 3714 2249 3800 2227 3715 2227 3715 2249 3800 2228 3801 2227 3715 2228 3801 2206 3716 2206 3716 2228 3801 2207 3802 2206 3716 2207 3802 2185 3717 2185 3717 2207 3802 2186 3803 2185 3717 2186 3803 2164 3718 2164 3718 2186 3803 2165 3804 2164 3718 2165 3804 2143 3719 2143 3719 2165 3804 2144 3805 2143 3719 2144 3805 2122 3720 2122 3720 2144 3805 2123 3806 2122 3720 2123 3806 2101 3721 2101 3721 2123 3806 2102 3807 2101 3721 2102 3807 2080 3722 2080 3722 2102 3807 2081 3808 2080 3722 2081 3808 2038 3723 2038 3723 2081 3808 2039 3809 2038 3723 2039 3809 2059 3724 2059 3724 2039 3809 2058 3810 2059 3724 2058 3810 3802 3725 3802 3725 2058 3810 3803 3811 3802 3725 3803 3811 3781 3726 3781 3726 3803 3811 3782 3812 3781 3726 3782 3812 3760 3727 3760 3727 3782 3812 3761 3813 3760 3727 3761 3813 3739 3728 3739 3728 3761 3813 3740 3814 3739 3728 3740 3814 3718 3729 3718 3729 3740 3814 3719 3815 3718 3729 3719 3815 3697 3730 3697 3730 3719 3815 3698 3816 3697 3730 3698 3816 3676 3731 3676 3731 3698 3816 3677 3817 3676 3731 3677 3817 3655 3732 3655 3732 3677 3817 3656 3818 3655 3732 3656 3818 3634 3733 3634 3733 3656 3818 3635 3819 3634 3733 3635 3819 3613 3734 3613 3734 3635 3819 3614 3820 3613 3734 3614 3820 3592 3735 3592 3735 3614 3820 3593 3821 3592 3735 3593 3821 3571 3736 3571 3736 3593 3821 3572 3822 3571 3736 3572 3822 3550 3737 3550 3737 3572 3822 3551 3823 3550 3737 3551 3823 3529 3738 3529 3738 3551 3823 3530 3824 3529 3738 3530 3824 3508 3739 3508 3739 3530 3824 3509 3825 3508 3739 3509 3825 3487 3740 3487 3740 3509 3825 3488 3826 3487 3740 3488 3826 3466 3741 3466 3741 3488 3826 3467 3827 3466 3741 3467 3827 3445 3742 3445 3742 3467 3827 3446 3828 3445 3742 3446 3828 3424 3743 3424 3743 3446 3828 3425 3829 3424 3743 3425 3829 3403 3744 3403 3744 3425 3829 3404 3830 3403 3744 3404 3830 3382 3745 3382 3745 3404 3830 3383 3831 3382 3745 3383 3831 3361 3746 3361 3746 3383 3831 3362 3832 3361 3746 3362 3832 3340 3747 3340 3747 3362 3832 3341 3833 3340 3747 3341 3833 3319 3748 3319 3748 3341 3833 3320 3834 3319 3748 3320 3834 3298 3749 3298 3749 3320 3834 3299 3835 3298 3749 3299 3835 3277 3750 3277 3750 3299 3835 3278 3836 3277 3750 3278 3836 3256 3751 3256 3751 3278 3836 3257 3837 3256 3751 3257 3837 3235 3752 3235 3752 3257 3837 3236 3838 3235 3752 3236 3838 3214 3753 3214 3753 3236 3838 3215 3839 3214 3753 3215 3839 3193 3754 3193 3754 3215 3839 3194 3840 3193 3754 3194 3840 3172 3755 3172 3755 3194 3840 3173 3841 3172 3755 3173 3841 3151 3756 3151 3756 3173 3841 3152 3842 3151 3756 3152 3842 3130 3757 3130 3757 3152 3842 3131 3843 3130 3757 3131 3843 3109 3758 3109 3758 3131 3843 3110 3844 3109 3758 3110 3844 3088 3759 3088 3759 3110 3844 3089 3845 3088 3759 3089 3845 3067 3760 3067 3760 3089 3845 3068 3846 3067 3760 3068 3846 3046 3761 3046 3761 3068 3846 3047 3847 3046 3761 3047 3847 3025 3762 3025 3762 3047 3847 3026 3848 3025 3762 3026 3848 3004 3763 3004 3763 3026 3848 3005 3849 3004 3763 3005 3849 2983 3764 2983 3764 3005 3849 2984 3850 2983 3764 2984 3850 2962 3765 2962 3765 2984 3850 2963 3851 2962 3765 2963 3851 2941 3766 2941 3766 2963 3851 2942 3852 2941 3766 2942 3852 2017 3681 2017 3681 2942 3852 2018 3767 2018 3767 2019 3853 2921 3768 2921 3768 2019 3853 2922 3854 2921 3768 2922 3854 2900 3769 2900 3769 2922 3854 2901 3855 2900 3769 2901 3855 2879 3770 2879 3770 2901 3855 2880 3856 2879 3770 2880 3856 2858 3771 2858 3771 2880 3856 2859 3857 2858 3771 2859 3857 2837 3772 2837 3772 2859 3857 2838 3858 2837 3772 2838 3858 2816 3773 2816 3773 2838 3858 2817 3859 2816 3773 2817 3859 2795 3774 2795 3774 2817 3859 2796 3860 2795 3774 2796 3860 2774 3775 2774 3775 2796 3860 2775 3861 2774 3775 2775 3861 2753 3776 2753 3776 2775 3861 2754 3862 2753 3776 2754 3862 2732 3777 2732 3777 2754 3862 2733 3863 2732 3777 2733 3863 2711 3778 2711 3778 2733 3863 2712 3864 2711 3778 2712 3864 2690 3779 2690 3779 2712 3864 2691 3865 2690 3779 2691 3865 2669 3780 2669 3780 2691 3865 2670 3866 2669 3780 2670 3866 2648 3781 2648 3781 2670 3866 2649 3867 2648 3781 2649 3867 2627 3782 2627 3782 2649 3867 2628 3868 2627 3782 2628 3868 2606 3783 2606 3783 2628 3868 2607 3869 2606 3783 2607 3869 2585 3784 2585 3784 2607 3869 2586 3870 2585 3784 2586 3870 2564 3785 2564 3785 2586 3870 2565 3871 2564 3785 2565 3871 2543 3786 2543 3786 2565 3871 2544 3872 2543 3786 2544 3872 2522 3787 2522 3787 2544 3872 2523 3873 2522 3787 2523 3873 2501 3788 2501 3788 2523 3873 2502 3874 2501 3788 2502 3874 2480 3789 2480 3789 2502 3874 2481 3875 2480 3789 2481 3875 2459 3790 2459 3790 2481 3875 2460 3876 2459 3790 2460 3876 2438 3791 2438 3791 2460 3876 2439 3877 2438 3791 2439 3877 2417 3792 2417 3792 2439 3877 2418 3878 2417 3792 2418 3878 2396 3793 2396 3793 2418 3878 2397 3879 2396 3793 2397 3879 2375 3794 2375 3794 2397 3879 2376 3880 2375 3794 2376 3880 2354 3795 2354 3795 2376 3880 2355 3881 2354 3795 2355 3881 2333 3796 2333 3796 2355 3881 2334 3882 2333 3796 2334 3882 2312 3797 2312 3797 2334 3882 2313 3883 2312 3797 2313 3883 2291 3798 2291 3798 2313 3883 2292 3884 2291 3798 2292 3884 2270 3799 2270 3799 2292 3884 2271 3885 2270 3799 2271 3885 2249 3800 2249 3800 2271 3885 2250 3886 2249 3800 2250 3886 2228 3801 2228 3801 2250 3886 2229 3887 2228 3801 2229 3887 2207 3802 2207 3802 2229 3887 2208 3888 2207 3802 2208 3888 2186 3803 2186 3803 2208 3888 2187 3889 2186 3803 2187 3889 2165 3804 2165 3804 2187 3889 2166 3890 2165 3804 2166 3890 2144 3805 2144 3805 2166 3890 2145 3891 2144 3805 2145 3891 2123 3806 2123 3806 2145 3891 2124 3892 2123 3806 2124 3892 2102 3807 2102 3807 2124 3892 2103 3893 2102 3807 2103 3893 2081 3808 2081 3808 2103 3893 2082 3894 2081 3808 2082 3894 2039 3809 2039 3809 2082 3894 2040 3895 2039 3809 2040 3895 2058 3810 2058 3810 2040 3895 2057 3896 2058 3810 2057 3896 3803 3811 3803 3811 2057 3896 3804 3897 3803 3811 3804 3897 3782 3812 3782 3812 3804 3897 3783 3898 3782 3812 3783 3898 3761 3813 3761 3813 3783 3898 3762 3899 3761 3813 3762 3899 3740 3814 3740 3814 3762 3899 3741 3900 3740 3814 3741 3900 3719 3815 3719 3815 3741 3900 3720 3901 3719 3815 3720 3901 3698 3816 3698 3816 3720 3901 3699 3902 3698 3816 3699 3902 3677 3817 3677 3817 3699 3902 3678 3903 3677 3817 3678 3903 3656 3818 3656 3818 3678 3903 3657 3904 3656 3818 3657 3904 3635 3819 3635 3819 3657 3904 3636 3905 3635 3819 3636 3905 3614 3820 3614 3820 3636 3905 3615 3906 3614 3820 3615 3906 3593 3821 3593 3821 3615 3906 3594 3907 3593 3821 3594 3907 3572 3822 3572 3822 3594 3907 3573 3908 3572 3822 3573 3908 3551 3823 3551 3823 3573 3908 3552 3909 3551 3823 3552 3909 3530 3824 3530 3824 3552 3909 3531 3910 3530 3824 3531 3910 3509 3825 3509 3825 3531 3910 3510 3911 3509 3825 3510 3911 3488 3826 3488 3826 3510 3911 3489 3912 3488 3826 3489 3912 3467 3827 3467 3827 3489 3912 3468 3913 3467 3827 3468 3913 3446 3828 3446 3828 3468 3913 3447 3914 3446 3828 3447 3914 3425 3829 3425 3829 3447 3914 3426 3915 3425 3829 3426 3915 3404 3830 3404 3830 3426 3915 3405 3916 3404 3830 3405 3916 3383 3831 3383 3831 3405 3916 3384 3917 3383 3831 3384 3917 3362 3832 3362 3832 3384 3917 3363 3918 3362 3832 3363 3918 3341 3833 3341 3833 3363 3918 3342 3919 3341 3833 3342 3919 3320 3834 3320 3834 3342 3919 3321 3920 3320 3834 3321 3920 3299 3835 3299 3835 3321 3920 3300 3921 3299 3835 3300 3921 3278 3836 3278 3836 3300 3921 3279 3922 3278 3836 3279 3922 3257 3837 3257 3837 3279 3922 3258 3923 3257 3837 3258 3923 3236 3838 3236 3838 3258 3923 3237 3924 3236 3838 3237 3924 3215 3839 3215 3839 3237 3924 3216 3925 3215 3839 3216 3925 3194 3840 3194 3840 3216 3925 3195 3926 3194 3840 3195 3926 3173 3841 3173 3841 3195 3926 3174 3927 3173 3841 3174 3927 3152 3842 3152 3842 3174 3927 3153 3928 3152 3842 3153 3928 3131 3843 3131 3843 3153 3928 3132 3929 3131 3843 3132 3929 3110 3844 3110 3844 3132 3929 3111 3930 3110 3844 3111 3930 3089 3845 3089 3845 3111 3930 3090 3931 3089 3845 3090 3931 3068 3846 3068 3846 3090 3931 3069 3932 3068 3846 3069 3932 3047 3847 3047 3847 3069 3932 3048 3933 3047 3847 3048 3933 3026 3848 3026 3848 3048 3933 3027 3934 3026 3848 3027 3934 3005 3849 3005 3849 3027 3934 3006 3935 3005 3849 3006 3935 2984 3850 2984 3850 3006 3935 2985 3936 2984 3850 2985 3936 2963 3851 2963 3851 2985 3936 2964 3937 2963 3851 2964 3937 2942 3852 2942 3852 2964 3937 2943 3938 2942 3852 2943 3938 2018 3767 2018 3767 2943 3938 2019 3853 2019 3853 2020 3939 2922 3854 2922 3854 2020 3939 2923 3940 2922 3854 2923 3940 2901 3855 2901 3855 2923 3940 2902 3941 2901 3855 2902 3941 2880 3856 2880 3856 2902 3941 2881 3942 2880 3856 2881 3942 2859 3857 2859 3857 2881 3942 2860 3943 2859 3857 2860 3943 2838 3858 2838 3858 2860 3943 2839 3944 2838 3858 2839 3944 2817 3859 2817 3859 2839 3944 2818 3945 2817 3859 2818 3945 2796 3860 2796 3860 2818 3945 2797 3946 2796 3860 2797 3946 2775 3861 2775 3861 2797 3946 2776 3947 2775 3861 2776 3947 2754 3862 2754 3862 2776 3947 2755 3948 2754 3862 2755 3948 2733 3863 2733 3863 2755 3948 2734 3949 2733 3863 2734 3949 2712 3864 2712 3864 2734 3949 2713 3950 2712 3864 2713 3950 2691 3865 2691 3865 2713 3950 2692 3951 2691 3865 2692 3951 2670 3866 2670 3866 2692 3951 2671 3952 2670 3866 2671 3952 2649 3867 2649 3867 2671 3952 2650 3953 2649 3867 2650 3953 2628 3868 2628 3868 2650 3953 2629 3954 2628 3868 2629 3954 2607 3869 2607 3869 2629 3954 2608 3955 2607 3869 2608 3955 2586 3870 2586 3870 2608 3955 2587 3956 2586 3870 2587 3956 2565 3871 2565 3871 2587 3956 2566 3957 2565 3871 2566 3957 2544 3872 2544 3872 2566 3957 2545 3958 2544 3872 2545 3958 2523 3873 2523 3873 2545 3958 2524 3959 2523 3873 2524 3959 2502 3874 2502 3874 2524 3959 2503 3960 2502 3874 2503 3960 2481 3875 2481 3875 2503 3960 2482 3961 2481 3875 2482 3961 2460 3876 2460 3876 2482 3961 2461 3962 2460 3876 2461 3962 2439 3877 2439 3877 2461 3962 2440 3963 2439 3877 2440 3963 2418 3878 2418 3878 2440 3963 2419 3964 2418 3878 2419 3964 2397 3879 2397 3879 2419 3964 2398 3965 2397 3879 2398 3965 2376 3880 2376 3880 2398 3965 2377 3966 2376 3880 2377 3966 2355 3881 2355 3881 2377 3966 2356 3967 2355 3881 2356 3967 2334 3882 2334 3882 2356 3967 2335 3968 2334 3882 2335 3968 2313 3883 2313 3883 2335 3968 2314 3969 2313 3883 2314 3969 2292 3884 2292 3884 2314 3969 2293 3970 2292 3884 2293 3970 2271 3885 2271 3885 2293 3970 2272 3971 2271 3885 2272 3971 2250 3886 2250 3886 2272 3971 2251 3972 2250 3886 2251 3972 2229 3887 2229 3887 2251 3972 2230 3973 2229 3887 2230 3973 2208 3888 2208 3888 2230 3973 2209 3974 2208 3888 2209 3974 2187 3889 2187 3889 2209 3974 2188 3975 2187 3889 2188 3975 2166 3890 2166 3890 2188 3975 2167 3976 2166 3890 2167 3976 2145 3891 2145 3891 2167 3976 2146 3977 2145 3891 2146 3977 2124 3892 2124 3892 2146 3977 2125 3978 2124 3892 2125 3978 2103 3893 2103 3893 2125 3978 2104 3979 2103 3893 2104 3979 2082 3894 2082 3894 2104 3979 2083 3980 2082 3894 2083 3980 2040 3895 2040 3895 2083 3980 2041 3981 2040 3895 2041 3981 2057 3896 2057 3896 2041 3981 2056 3982 2057 3896 2056 3982 3804 3897 3804 3897 2056 3982 3805 3983 3804 3897 3805 3983 3783 3898 3783 3898 3805 3983 3784 3984 3783 3898 3784 3984 3762 3899 3762 3899 3784 3984 3763 3985 3762 3899 3763 3985 3741 3900 3741 3900 3763 3985 3742 3986 3741 3900 3742 3986 3720 3901 3720 3901 3742 3986 3721 3987 3720 3901 3721 3987 3699 3902 3699 3902 3721 3987 3700 3988 3699 3902 3700 3988 3678 3903 3678 3903 3700 3988 3679 3989 3678 3903 3679 3989 3657 3904 3657 3904 3679 3989 3658 3990 3657 3904 3658 3990 3636 3905 3636 3905 3658 3990 3637 3991 3636 3905 3637 3991 3615 3906 3615 3906 3637 3991 3616 3992 3615 3906 3616 3992 3594 3907 3594 3907 3616 3992 3595 3993 3594 3907 3595 3993 3573 3908 3573 3908 3595 3993 3574 3994 3573 3908 3574 3994 3552 3909 3552 3909 3574 3994 3553 3995 3552 3909 3553 3995 3531 3910 3531 3910 3553 3995 3532 3996 3531 3910 3532 3996 3510 3911 3510 3911 3532 3996 3511 3997 3510 3911 3511 3997 3489 3912 3489 3912 3511 3997 3490 3998 3489 3912 3490 3998 3468 3913 3468 3913 3490 3998 3469 3999 3468 3913 3469 3999 3447 3914 3447 3914 3469 3999 3448 4000 3447 3914 3448 4000 3426 3915 3426 3915 3448 4000 3427 4001 3426 3915 3427 4001 3405 3916 3405 3916 3427 4001 3406 4002 3405 3916 3406 4002 3384 3917 3384 3917 3406 4002 3385 4003 3384 3917 3385 4003 3363 3918 3363 3918 3385 4003 3364 4004 3363 3918 3364 4004 3342 3919 3342 3919 3364 4004 3343 4005 3342 3919 3343 4005 3321 3920 3321 3920 3343 4005 3322 4006 3321 3920 3322 4006 3300 3921 3300 3921 3322 4006 3301 4007 3300 3921 3301 4007 3279 3922 3279 3922 3301 4007 3280 4008 3279 3922 3280 4008 3258 3923 3258 3923 3280 4008 3259 4009 3258 3923 3259 4009 3237 3924 3237 3924 3259 4009 3238 4010 3237 3924 3238 4010 3216 3925 3216 3925 3238 4010 3217 4011 3216 3925 3217 4011 3195 3926 3195 3926 3217 4011 3196 4012 3195 3926 3196 4012 3174 3927 3174 3927 3196 4012 3175 4013 3174 3927 3175 4013 3153 3928 3153 3928 3175 4013 3154 4014 3153 3928 3154 4014 3132 3929 3132 3929 3154 4014 3133 4015 3132 3929 3133 4015 3111 3930 3111 3930 3133 4015 3112 4016 3111 3930 3112 4016 3090 3931 3090 3931 3112 4016 3091 4017 3090 3931 3091 4017 3069 3932 3069 3932 3091 4017 3070 4018 3069 3932 3070 4018 3048 3933 3048 3933 3070 4018 3049 4019 3048 3933 3049 4019 3027 3934 3027 3934 3049 4019 3028 4020 3027 3934 3028 4020 3006 3935 3006 3935 3028 4020 3007 4021 3006 3935 3007 4021 2985 3936 2985 3936 3007 4021 2986 4022 2985 3936 2986 4022 2964 3937 2964 3937 2986 4022 2965 4023 2964 3937 2965 4023 2943 3938 2943 3938 2965 4023 2944 4024 2943 3938 2944 4024 2019 3853 2019 3853 2944 4024 2020 3939 2020 3939 2021 4025 2923 3940 2923 3940 2021 4025 2924 4026 2923 3940 2924 4026 2902 3941 2902 3941 2924 4026 2903 4027 2902 3941 2903 4027 2881 3942 2881 3942 2903 4027 2882 4028 2881 3942 2882 4028 2860 3943 2860 3943 2882 4028 2861 4029 2860 3943 2861 4029 2839 3944 2839 3944 2861 4029 2840 4030 2839 3944 2840 4030 2818 3945 2818 3945 2840 4030 2819 4031 2818 3945 2819 4031 2797 3946 2797 3946 2819 4031 2798 4032 2797 3946 2798 4032 2776 3947 2776 3947 2798 4032 2777 4033 2776 3947 2777 4033 2755 3948 2755 3948 2777 4033 2756 4034 2755 3948 2756 4034 2734 3949 2734 3949 2756 4034 2735 4035 2734 3949 2735 4035 2713 3950 2713 3950 2735 4035 2714 4036 2713 3950 2714 4036 2692 3951 2692 3951 2714 4036 2693 4037 2692 3951 2693 4037 2671 3952 2671 3952 2693 4037 2672 4038 2671 3952 2672 4038 2650 3953 2650 3953 2672 4038 2651 4039 2650 3953 2651 4039 2629 3954 2629 3954 2651 4039 2630 4040 2629 3954 2630 4040 2608 3955 2608 3955 2630 4040 2609 4041 2608 3955 2609 4041 2587 3956 2587 3956 2609 4041 2588 4042 2587 3956 2588 4042 2566 3957 2566 3957 2588 4042 2567 4043 2566 3957 2567 4043 2545 3958 2545 3958 2567 4043 2546 4044 2545 3958 2546 4044 2524 3959 2524 3959 2546 4044 2525 4045 2524 3959 2525 4045 2503 3960 2503 3960 2525 4045 2504 4046 2503 3960 2504 4046 2482 3961 2482 3961 2504 4046 2483 4047 2482 3961 2483 4047 2461 3962 2461 3962 2483 4047 2462 4048 2461 3962 2462 4048 2440 3963 2440 3963 2462 4048 2441 4049 2440 3963 2441 4049 2419 3964 2419 3964 2441 4049 2420 4050 2419 3964 2420 4050 2398 3965 2398 3965 2420 4050 2399 4051 2398 3965 2399 4051 2377 3966 2377 3966 2399 4051 2378 4052 2377 3966 2378 4052 2356 3967 2356 3967 2378 4052 2357 4053 2356 3967 2357 4053 2335 3968 2335 3968 2357 4053 2336 4054 2335 3968 2336 4054 2314 3969 2314 3969 2336 4054 2315 4055 2314 3969 2315 4055 2293 3970 2293 3970 2315 4055 2294 4056 2293 3970 2294 4056 2272 3971 2272 3971 2294 4056 2273 4057 2272 3971 2273 4057 2251 3972 2251 3972 2273 4057 2252 4058 2251 3972 2252 4058 2230 3973 2230 3973 2252 4058 2231 4059 2230 3973 2231 4059 2209 3974 2209 3974 2231 4059 2210 4060 2209 3974 2210 4060 2188 3975 2188 3975 2210 4060 2189 4061 2188 3975 2189 4061 2167 3976 2167 3976 2189 4061 2168 4062 2167 3976 2168 4062 2146 3977 2146 3977 2168 4062 2147 4063 2146 3977 2147 4063 2125 3978 2125 3978 2147 4063 2126 4064 2125 3978 2126 4064 2104 3979 2104 3979 2126 4064 2105 4065 2104 3979 2105 4065 2083 3980 2083 3980 2105 4065 2084 4066 2083 3980 2084 4066 2041 3981 2041 3981 2084 4066 2042 4067 2041 3981 2042 4067 2056 3982 2056 3982 2042 4067 2055 4068 2056 3982 2055 4068 3805 3983 3805 3983 2055 4068 3806 4069 3805 3983 3806 4069 3784 3984 3784 3984 3806 4069 3785 4070 3784 3984 3785 4070 3763 3985 3763 3985 3785 4070 3764 4071 3763 3985 3764 4071 3742 3986 3742 3986 3764 4071 3743 4072 3742 3986 3743 4072 3721 3987 3721 3987 3743 4072 3722 4073 3721 3987 3722 4073 3700 3988 3700 3988 3722 4073 3701 4074 3700 3988 3701 4074 3679 3989 3679 3989 3701 4074 3680 4075 3679 3989 3680 4075 3658 3990 3658 3990 3680 4075 3659 4076 3658 3990 3659 4076 3637 3991 3637 3991 3659 4076 3638 4077 3637 3991 3638 4077 3616 3992 3616 3992 3638 4077 3617 4078 3616 3992 3617 4078 3595 3993 3595 3993 3617 4078 3596 4079 3595 3993 3596 4079 3574 3994 3574 3994 3596 4079 3575 4080 3574 3994 3575 4080 3553 3995 3553 3995 3575 4080 3554 4081 3553 3995 3554 4081 3532 3996 3532 3996 3554 4081 3533 4082 3532 3996 3533 4082 3511 3997 3511 3997 3533 4082 3512 4083 3511 3997 3512 4083 3490 3998 3490 3998 3512 4083 3491 4084 3490 3998 3491 4084 3469 3999 3469 3999 3491 4084 3470 4085 3469 3999 3470 4085 3448 4000 3448 4000 3470 4085 3449 4086 3448 4000 3449 4086 3427 4001 3427 4001 3449 4086 3428 4087 3427 4001 3428 4087 3406 4002 3406 4002 3428 4087 3407 4088 3406 4002 3407 4088 3385 4003 3385 4003 3407 4088 3386 4089 3385 4003 3386 4089 3364 4004 3364 4004 3386 4089 3365 4090 3364 4004 3365 4090 3343 4005 3343 4005 3365 4090 3344 4091 3343 4005 3344 4091 3322 4006 3322 4006 3344 4091 3323 4092 3322 4006 3323 4092 3301 4007 3301 4007 3323 4092 3302 4093 3301 4007 3302 4093 3280 4008 3280 4008 3302 4093 3281 4094 3280 4008 3281 4094 3259 4009 3259 4009 3281 4094 3260 4095 3259 4009 3260 4095 3238 4010 3238 4010 3260 4095 3239 4096 3238 4010 3239 4096 3217 4011 3217 4011 3239 4096 3218 4097 3217 4011 3218 4097 3196 4012 3196 4012 3218 4097 3197 4098 3196 4012 3197 4098 3175 4013 3175 4013 3197 4098 3176 4099 3175 4013 3176 4099 3154 4014 3154 4014 3176 4099 3155 4100 3154 4014 3155 4100 3133 4015 3133 4015 3155 4100 3134 4101 3133 4015 3134 4101 3112 4016 3112 4016 3134 4101 3113 4102 3112 4016 3113 4102 3091 4017 3091 4017 3113 4102 3092 4103 3091 4017 3092 4103 3070 4018 3070 4018 3092 4103 3071 4104 3070 4018 3071 4104 3049 4019 3049 4019 3071 4104 3050 4105 3049 4019 3050 4105 3028 4020 3028 4020 3050 4105 3029 4106 3028 4020 3029 4106 3007 4021 3007 4021 3029 4106 3008 4107 3007 4021 3008 4107 2986 4022 2986 4022 3008 4107 2987 4108 2986 4022 2987 4108 2965 4023 2965 4023 2987 4108 2966 4109 2965 4023 2966 4109 2944 4024 2944 4024 2966 4109 2945 4110 2944 4024 2945 4110 2020 3939 2020 3939 2945 4110 2021 4025 2021 4025 2022 4111 2924 4026 2924 4026 2022 4111 2925 4112 2924 4026 2925 4112 2903 4027 2903 4027 2925 4112 2904 4113 2903 4027 2904 4113 2882 4028 2882 4028 2904 4113 2883 4114 2882 4028 2883 4114 2861 4029 2861 4029 2883 4114 2862 4115 2861 4029 2862 4115 2840 4030 2840 4030 2862 4115 2841 4116 2840 4030 2841 4116 2819 4031 2819 4031 2841 4116 2820 4117 2819 4031 2820 4117 2798 4032 2798 4032 2820 4117 2799 4118 2798 4032 2799 4118 2777 4033 2777 4033 2799 4118 2778 4119 2777 4033 2778 4119 2756 4034 2756 4034 2778 4119 2757 4120 2756 4034 2757 4120 2735 4035 2735 4035 2757 4120 2736 4121 2735 4035 2736 4121 2714 4036 2714 4036 2736 4121 2715 4122 2714 4036 2715 4122 2693 4037 2693 4037 2715 4122 2694 4123 2693 4037 2694 4123 2672 4038 2672 4038 2694 4123 2673 4124 2672 4038 2673 4124 2651 4039 2651 4039 2673 4124 2652 4125 2651 4039 2652 4125 2630 4040 2630 4040 2652 4125 2631 4126 2630 4040 2631 4126 2609 4041 2609 4041 2631 4126 2610 4127 2609 4041 2610 4127 2588 4042 2588 4042 2610 4127 2589 4128 2588 4042 2589 4128 2567 4043 2567 4043 2589 4128 2568 4129 2567 4043 2568 4129 2546 4044 2546 4044 2568 4129 2547 4130 2546 4044 2547 4130 2525 4045 2525 4045 2547 4130 2526 4131 2525 4045 2526 4131 2504 4046 2504 4046 2526 4131 2505 4132 2504 4046 2505 4132 2483 4047 2483 4047 2505 4132 2484 4133 2483 4047 2484 4133 2462 4048 2462 4048 2484 4133 2463 4134 2462 4048 2463 4134 2441 4049 2441 4049 2463 4134 2442 4135 2441 4049 2442 4135 2420 4050 2420 4050 2442 4135 2421 4136 2420 4050 2421 4136 2399 4051 2399 4051 2421 4136 2400 4137 2399 4051 2400 4137 2378 4052 2378 4052 2400 4137 2379 4138 2378 4052 2379 4138 2357 4053 2357 4053 2379 4138 2358 4139 2357 4053 2358 4139 2336 4054 2336 4054 2358 4139 2337 4140 2336 4054 2337 4140 2315 4055 2315 4055 2337 4140 2316 4141 2315 4055 2316 4141 2294 4056 2294 4056 2316 4141 2295 4142 2294 4056 2295 4142 2273 4057 2273 4057 2295 4142 2274 4143 2273 4057 2274 4143 2252 4058 2252 4058 2274 4143 2253 4144 2252 4058 2253 4144 2231 4059 2231 4059 2253 4144 2232 4145 2231 4059 2232 4145 2210 4060 2210 4060 2232 4145 2211 4146 2210 4060 2211 4146 2189 4061 2189 4061 2211 4146 2190 4147 2189 4061 2190 4147 2168 4062 2168 4062 2190 4147 2169 4148 2168 4062 2169 4148 2147 4063 2147 4063 2169 4148 2148 4149 2147 4063 2148 4149 2126 4064 2126 4064 2148 4149 2127 4150 2126 4064 2127 4150 2105 4065 2105 4065 2127 4150 2106 4151 2105 4065 2106 4151 2084 4066 2084 4066 2106 4151 2085 4152 2084 4066 2085 4152 2042 4067 2042 4067 2085 4152 2043 4153 2042 4067 2043 4153 2055 4068 2055 4068 2043 4153 2054 4154 2055 4068 2054 4154 3806 4069 3806 4069 2054 4154 3807 4155 3806 4069 3807 4155 3785 4070 3785 4070 3807 4155 3786 4156 3785 4070 3786 4156 3764 4071 3764 4071 3786 4156 3765 4157 3764 4071 3765 4157 3743 4072 3743 4072 3765 4157 3744 4158 3743 4072 3744 4158 3722 4073 3722 4073 3744 4158 3723 4159 3722 4073 3723 4159 3701 4074 3701 4074 3723 4159 3702 4160 3701 4074 3702 4160 3680 4075 3680 4075 3702 4160 3681 4161 3680 4075 3681 4161 3659 4076 3659 4076 3681 4161 3660 4162 3659 4076 3660 4162 3638 4077 3638 4077 3660 4162 3639 4163 3638 4077 3639 4163 3617 4078 3617 4078 3639 4163 3618 4164 3617 4078 3618 4164 3596 4079 3596 4079 3618 4164 3597 4165 3596 4079 3597 4165 3575 4080 3575 4080 3597 4165 3576 4166 3575 4080 3576 4166 3554 4081 3554 4081 3576 4166 3555 4167 3554 4081 3555 4167 3533 4082 3533 4082 3555 4167 3534 4168 3533 4082 3534 4168 3512 4083 3512 4083 3534 4168 3513 4169 3512 4083 3513 4169 3491 4084 3491 4084 3513 4169 3492 4170 3491 4084 3492 4170 3470 4085 3470 4085 3492 4170 3471 4171 3470 4085 3471 4171 3449 4086 3449 4086 3471 4171 3450 4172 3449 4086 3450 4172 3428 4087 3428 4087 3450 4172 3429 4173 3428 4087 3429 4173 3407 4088 3407 4088 3429 4173 3408 4174 3407 4088 3408 4174 3386 4089 3386 4089 3408 4174 3387 4175 3386 4089 3387 4175 3365 4090 3365 4090 3387 4175 3366 4176 3365 4090 3366 4176 3344 4091 3344 4091 3366 4176 3345 4177 3344 4091 3345 4177 3323 4092 3323 4092 3345 4177 3324 4178 3323 4092 3324 4178 3302 4093 3302 4093 3324 4178 3303 4179 3302 4093 3303 4179 3281 4094 3281 4094 3303 4179 3282 4180 3281 4094 3282 4180 3260 4095 3260 4095 3282 4180 3261 4181 3260 4095 3261 4181 3239 4096 3239 4096 3261 4181 3240 4182 3239 4096 3240 4182 3218 4097 3218 4097 3240 4182 3219 4183 3218 4097 3219 4183 3197 4098 3197 4098 3219 4183 3198 4184 3197 4098 3198 4184 3176 4099 3176 4099 3198 4184 3177 4185 3176 4099 3177 4185 3155 4100 3155 4100 3177 4185 3156 4186 3155 4100 3156 4186 3134 4101 3134 4101 3156 4186 3135 4187 3134 4101 3135 4187 3113 4102 3113 4102 3135 4187 3114 4188 3113 4102 3114 4188 3092 4103 3092 4103 3114 4188 3093 4189 3092 4103 3093 4189 3071 4104 3071 4104 3093 4189 3072 4190 3071 4104 3072 4190 3050 4105 3050 4105 3072 4190 3051 4191 3050 4105 3051 4191 3029 4106 3029 4106 3051 4191 3030 4192 3029 4106 3030 4192 3008 4107 3008 4107 3030 4192 3009 4193 3008 4107 3009 4193 2987 4108 2987 4108 3009 4193 2988 4194 2987 4108 2988 4194 2966 4109 2966 4109 2988 4194 2967 4195 2966 4109 2967 4195 2945 4110 2945 4110 2967 4195 2946 4196 2945 4110 2946 4196 2021 4025 2021 4025 2946 4196 2022 4111 2022 4111 2023 4197 2925 4112 2925 4112 2023 4197 2926 4198 2925 4112 2926 4198 2904 4113 2904 4113 2926 4198 2905 4199 2904 4113 2905 4199 2883 4114 2883 4114 2905 4199 2884 4200 2883 4114 2884 4200 2862 4115 2862 4115 2884 4200 2863 4201 2862 4115 2863 4201 2841 4116 2841 4116 2863 4201 2842 4202 2841 4116 2842 4202 2820 4117 2820 4117 2842 4202 2821 4203 2820 4117 2821 4203 2799 4118 2799 4118 2821 4203 2800 4204 2799 4118 2800 4204 2778 4119 2778 4119 2800 4204 2779 4205 2778 4119 2779 4205 2757 4120 2757 4120 2779 4205 2758 4206 2757 4120 2758 4206 2736 4121 2736 4121 2758 4206 2737 4207 2736 4121 2737 4207 2715 4122 2715 4122 2737 4207 2716 4208 2715 4122 2716 4208 2694 4123 2694 4123 2716 4208 2695 4209 2694 4123 2695 4209 2673 4124 2673 4124 2695 4209 2674 4210 2673 4124 2674 4210 2652 4125 2652 4125 2674 4210 2653 4211 2652 4125 2653 4211 2631 4126 2631 4126 2653 4211 2632 4212 2631 4126 2632 4212 2610 4127 2610 4127 2632 4212 2611 4213 2610 4127 2611 4213 2589 4128 2589 4128 2611 4213 2590 4214 2589 4128 2590 4214 2568 4129 2568 4129 2590 4214 2569 4215 2568 4129 2569 4215 2547 4130 2547 4130 2569 4215 2548 4216 2547 4130 2548 4216 2526 4131 2526 4131 2548 4216 2527 4217 2526 4131 2527 4217 2505 4132 2505 4132 2527 4217 2506 4218 2505 4132 2506 4218 2484 4133 2484 4133 2506 4218 2485 4219 2484 4133 2485 4219 2463 4134 2463 4134 2485 4219 2464 4220 2463 4134 2464 4220 2442 4135 2442 4135 2464 4220 2443 4221 2442 4135 2443 4221 2421 4136 2421 4136 2443 4221 2422 4222 2421 4136 2422 4222 2400 4137 2400 4137 2422 4222 2401 4223 2400 4137 2401 4223 2379 4138 2379 4138 2401 4223 2380 4224 2379 4138 2380 4224 2358 4139 2358 4139 2380 4224 2359 4225 2358 4139 2359 4225 2337 4140 2337 4140 2359 4225 2338 4226 2337 4140 2338 4226 2316 4141 2316 4141 2338 4226 2317 4227 2316 4141 2317 4227 2295 4142 2295 4142 2317 4227 2296 4228 2295 4142 2296 4228 2274 4143 2274 4143 2296 4228 2275 4229 2274 4143 2275 4229 2253 4144 2253 4144 2275 4229 2254 4230 2253 4144 2254 4230 2232 4145 2232 4145 2254 4230 2233 4231 2232 4145 2233 4231 2211 4146 2211 4146 2233 4231 2212 4232 2211 4146 2212 4232 2190 4147 2190 4147 2212 4232 2191 4233 2190 4147 2191 4233 2169 4148 2169 4148 2191 4233 2170 4234 2169 4148 2170 4234 2148 4149 2148 4149 2170 4234 2149 4235 2148 4149 2149 4235 2127 4150 2127 4150 2149 4235 2128 4236 2127 4150 2128 4236 2106 4151 2106 4151 2128 4236 2107 4237 2106 4151 2107 4237 2085 4152 2085 4152 2107 4237 2086 4238 2085 4152 2086 4238 2043 4153 2043 4153 2086 4238 2044 4239 2043 4153 2044 4239 2054 4154 2054 4154 2044 4239 2053 4240 2054 4154 2053 4240 3807 4155 3807 4155 2053 4240 3808 4241 3807 4155 3808 4241 3786 4156 3786 4156 3808 4241 3787 4242 3786 4156 3787 4242 3765 4157 3765 4157 3787 4242 3766 4243 3765 4157 3766 4243 3744 4158 3744 4158 3766 4243 3745 4244 3744 4158 3745 4244 3723 4159 3723 4159 3745 4244 3724 4245 3723 4159 3724 4245 3702 4160 3702 4160 3724 4245 3703 4246 3702 4160 3703 4246 3681 4161 3681 4161 3703 4246 3682 4247 3681 4161 3682 4247 3660 4162 3660 4162 3682 4247 3661 4248 3660 4162 3661 4248 3639 4163 3639 4163 3661 4248 3640 4249 3639 4163 3640 4249 3618 4164 3618 4164 3640 4249 3619 4250 3618 4164 3619 4250 3597 4165 3597 4165 3619 4250 3598 4251 3597 4165 3598 4251 3576 4166 3576 4166 3598 4251 3577 4252 3576 4166 3577 4252 3555 4167 3555 4167 3577 4252 3556 4253 3555 4167 3556 4253 3534 4168 3534 4168 3556 4253 3535 4254 3534 4168 3535 4254 3513 4169 3513 4169 3535 4254 3514 4255 3513 4169 3514 4255 3492 4170 3492 4170 3514 4255 3493 4256 3492 4170 3493 4256 3471 4171 3471 4171 3493 4256 3472 4257 3471 4171 3472 4257 3450 4172 3450 4172 3472 4257 3451 4258 3450 4172 3451 4258 3429 4173 3429 4173 3451 4258 3430 4259 3429 4173 3430 4259 3408 4174 3408 4174 3430 4259 3409 4260 3408 4174 3409 4260 3387 4175 3387 4175 3409 4260 3388 4261 3387 4175 3388 4261 3366 4176 3366 4176 3388 4261 3367 4262 3366 4176 3367 4262 3345 4177 3345 4177 3367 4262 3346 4263 3345 4177 3346 4263 3324 4178 3324 4178 3346 4263 3325 4264 3324 4178 3325 4264 3303 4179 3303 4179 3325 4264 3304 4265 3303 4179 3304 4265 3282 4180 3282 4180 3304 4265 3283 4266 3282 4180 3283 4266 3261 4181 3261 4181 3283 4266 3262 4267 3261 4181 3262 4267 3240 4182 3240 4182 3262 4267 3241 4268 3240 4182 3241 4268 3219 4183 3219 4183 3241 4268 3220 4269 3219 4183 3220 4269 3198 4184 3198 4184 3220 4269 3199 4270 3198 4184 3199 4270 3177 4185 3177 4185 3199 4270 3178 4271 3177 4185 3178 4271 3156 4186 3156 4186 3178 4271 3157 4272 3156 4186 3157 4272 3135 4187 3135 4187 3157 4272 3136 4273 3135 4187 3136 4273 3114 4188 3114 4188 3136 4273 3115 4274 3114 4188 3115 4274 3093 4189 3093 4189 3115 4274 3094 4275 3093 4189 3094 4275 3072 4190 3072 4190 3094 4275 3073 4276 3072 4190 3073 4276 3051 4191 3051 4191 3073 4276 3052 4277 3051 4191 3052 4277 3030 4192 3030 4192 3052 4277 3031 4278 3030 4192 3031 4278 3009 4193 3009 4193 3031 4278 3010 4279 3009 4193 3010 4279 2988 4194 2988 4194 3010 4279 2989 4280 2988 4194 2989 4280 2967 4195 2967 4195 2989 4280 2968 4281 2967 4195 2968 4281 2946 4196 2946 4196 2968 4281 2947 4282 2946 4196 2947 4282 2022 4111 2022 4111 2947 4282 2023 4197 2023 4197 2024 4283 2926 4198 2926 4198 2024 4283 2927 4284 2926 4198 2927 4284 2905 4199 2905 4199 2927 4284 2906 4285 2905 4199 2906 4285 2884 4200 2884 4200 2906 4285 2885 4286 2884 4200 2885 4286 2863 4201 2863 4201 2885 4286 2864 4287 2863 4201 2864 4287 2842 4202 2842 4202 2864 4287 2843 4288 2842 4202 2843 4288 2821 4203 2821 4203 2843 4288 2822 4289 2821 4203 2822 4289 2800 4204 2800 4204 2822 4289 2801 4290 2800 4204 2801 4290 2779 4205 2779 4205 2801 4290 2780 4291 2779 4205 2780 4291 2758 4206 2758 4206 2780 4291 2759 4292 2758 4206 2759 4292 2737 4207 2737 4207 2759 4292 2738 4293 2737 4207 2738 4293 2716 4208 2716 4208 2738 4293 2717 4294 2716 4208 2717 4294 2695 4209 2695 4209 2717 4294 2696 4295 2695 4209 2696 4295 2674 4210 2674 4210 2696 4295 2675 4296 2674 4210 2675 4296 2653 4211 2653 4211 2675 4296 2654 4297 2653 4211 2654 4297 2632 4212 2632 4212 2654 4297 2633 4298 2632 4212 2633 4298 2611 4213 2611 4213 2633 4298 2612 4299 2611 4213 2612 4299 2590 4214 2590 4214 2612 4299 2591 4300 2590 4214 2591 4300 2569 4215 2569 4215 2591 4300 2570 4301 2569 4215 2570 4301 2548 4216 2548 4216 2570 4301 2549 4302 2548 4216 2549 4302 2527 4217 2527 4217 2549 4302 2528 4303 2527 4217 2528 4303 2506 4218 2506 4218 2528 4303 2507 4304 2506 4218 2507 4304 2485 4219 2485 4219 2507 4304 2486 4305 2485 4219 2486 4305 2464 4220 2464 4220 2486 4305 2465 4306 2464 4220 2465 4306 2443 4221 2443 4221 2465 4306 2444 4307 2443 4221 2444 4307 2422 4222 2422 4222 2444 4307 2423 4308 2422 4222 2423 4308 2401 4223 2401 4223 2423 4308 2402 4309 2401 4223 2402 4309 2380 4224 2380 4224 2402 4309 2381 4310 2380 4224 2381 4310 2359 4225 2359 4225 2381 4310 2360 4311 2359 4225 2360 4311 2338 4226 2338 4226 2360 4311 2339 4312 2338 4226 2339 4312 2317 4227 2317 4227 2339 4312 2318 4313 2317 4227 2318 4313 2296 4228 2296 4228 2318 4313 2297 4314 2296 4228 2297 4314 2275 4229 2275 4229 2297 4314 2276 4315 2275 4229 2276 4315 2254 4230 2254 4230 2276 4315 2255 4316 2254 4230 2255 4316 2233 4231 2233 4231 2255 4316 2234 4317 2233 4231 2234 4317 2212 4232 2212 4232 2234 4317 2213 4318 2212 4232 2213 4318 2191 4233 2191 4233 2213 4318 2192 4319 2191 4233 2192 4319 2170 4234 2170 4234 2192 4319 2171 4320 2170 4234 2171 4320 2149 4235 2149 4235 2171 4320 2150 4321 2149 4235 2150 4321 2128 4236 2128 4236 2150 4321 2129 4322 2128 4236 2129 4322 2107 4237 2107 4237 2129 4322 2108 4323 2107 4237 2108 4323 2086 4238 2086 4238 2108 4323 2087 4324 2086 4238 2087 4324 2044 4239 2044 4239 2087 4324 2045 4325 2044 4239 2045 4325 2053 4240 2053 4240 2045 4325 2052 4326 2053 4240 2052 4326 3808 4241 3808 4241 2052 4326 3809 4327 3808 4241 3809 4327 3787 4242 3787 4242 3809 4327 3788 4328 3787 4242 3788 4328 3766 4243 3766 4243 3788 4328 3767 4329 3766 4243 3767 4329 3745 4244 3745 4244 3767 4329 3746 4330 3745 4244 3746 4330 3724 4245 3724 4245 3746 4330 3725 4331 3724 4245 3725 4331 3703 4246 3703 4246 3725 4331 3704 4332 3703 4246 3704 4332 3682 4247 3682 4247 3704 4332 3683 4333 3682 4247 3683 4333 3661 4248 3661 4248 3683 4333 3662 4334 3661 4248 3662 4334 3640 4249 3640 4249 3662 4334 3641 4335 3640 4249 3641 4335 3619 4250 3619 4250 3641 4335 3620 4336 3619 4250 3620 4336 3598 4251 3598 4251 3620 4336 3599 4337 3598 4251 3599 4337 3577 4252 3577 4252 3599 4337 3578 4338 3577 4252 3578 4338 3556 4253 3556 4253 3578 4338 3557 4339 3556 4253 3557 4339 3535 4254 3535 4254 3557 4339 3536 4340 3535 4254 3536 4340 3514 4255 3514 4255 3536 4340 3515 4341 3514 4255 3515 4341 3493 4256 3493 4256 3515 4341 3494 4342 3493 4256 3494 4342 3472 4257 3472 4257 3494 4342 3473 4343 3472 4257 3473 4343 3451 4258 3451 4258 3473 4343 3452 4344 3451 4258 3452 4344 3430 4259 3430 4259 3452 4344 3431 4345 3430 4259 3431 4345 3409 4260 3409 4260 3431 4345 3410 4346 3409 4260 3410 4346 3388 4261 3388 4261 3410 4346 3389 4347 3388 4261 3389 4347 3367 4262 3367 4262 3389 4347 3368 4348 3367 4262 3368 4348 3346 4263 3346 4263 3368 4348 3347 4349 3346 4263 3347 4349 3325 4264 3325 4264 3347 4349 3326 4350 3325 4264 3326 4350 3304 4265 3304 4265 3326 4350 3305 4351 3304 4265 3305 4351 3283 4266 3283 4266 3305 4351 3284 4352 3283 4266 3284 4352 3262 4267 3262 4267 3284 4352 3263 4353 3262 4267 3263 4353 3241 4268 3241 4268 3263 4353 3242 4354 3241 4268 3242 4354 3220 4269 3220 4269 3242 4354 3221 4355 3220 4269 3221 4355 3199 4270 3199 4270 3221 4355 3200 4356 3199 4270 3200 4356 3178 4271 3178 4271 3200 4356 3179 4357 3178 4271 3179 4357 3157 4272 3157 4272 3179 4357 3158 4358 3157 4272 3158 4358 3136 4273 3136 4273 3158 4358 3137 4359 3136 4273 3137 4359 3115 4274 3115 4274 3137 4359 3116 4360 3115 4274 3116 4360 3094 4275 3094 4275 3116 4360 3095 4361 3094 4275 3095 4361 3073 4276 3073 4276 3095 4361 3074 4362 3073 4276 3074 4362 3052 4277 3052 4277 3074 4362 3053 4363 3052 4277 3053 4363 3031 4278 3031 4278 3053 4363 3032 4364 3031 4278 3032 4364 3010 4279 3010 4279 3032 4364 3011 4365 3010 4279 3011 4365 2989 4280 2989 4280 3011 4365 2990 4366 2989 4280 2990 4366 2968 4281 2968 4281 2990 4366 2969 4367 2968 4281 2969 4367 2947 4282 2947 4282 2969 4367 2948 4368 2947 4282 2948 4368 2023 4197 2023 4197 2948 4368 2024 4283 2024 4283 2025 4369 2927 4284 2927 4284 2025 4369 2928 4370 2927 4284 2928 4370 2906 4285 2906 4285 2928 4370 2907 4371 2906 4285 2907 4371 2885 4286 2885 4286 2907 4371 2886 4372 2885 4286 2886 4372 2864 4287 2864 4287 2886 4372 2865 4373 2864 4287 2865 4373 2843 4288 2843 4288 2865 4373 2844 4374 2843 4288 2844 4374 2822 4289 2822 4289 2844 4374 2823 4375 2822 4289 2823 4375 2801 4290 2801 4290 2823 4375 2802 4376 2801 4290 2802 4376 2780 4291 2780 4291 2802 4376 2781 4377 2780 4291 2781 4377 2759 4292 2759 4292 2781 4377 2760 4378 2759 4292 2760 4378 2738 4293 2738 4293 2760 4378 2739 4379 2738 4293 2739 4379 2717 4294 2717 4294 2739 4379 2718 4380 2717 4294 2718 4380 2696 4295 2696 4295 2718 4380 2697 4381 2696 4295 2697 4381 2675 4296 2675 4296 2697 4381 2676 4382 2675 4296 2676 4382 2654 4297 2654 4297 2676 4382 2655 4383 2654 4297 2655 4383 2633 4298 2633 4298 2655 4383 2634 4384 2633 4298 2634 4384 2612 4299 2612 4299 2634 4384 2613 4385 2612 4299 2613 4385 2591 4300 2591 4300 2613 4385 2592 4386 2591 4300 2592 4386 2570 4301 2570 4301 2592 4386 2571 4387 2570 4301 2571 4387 2549 4302 2549 4302 2571 4387 2550 4388 2549 4302 2550 4388 2528 4303 2528 4303 2550 4388 2529 4389 2528 4303 2529 4389 2507 4304 2507 4304 2529 4389 2508 4390 2507 4304 2508 4390 2486 4305 2486 4305 2508 4390 2487 4391 2486 4305 2487 4391 2465 4306 2465 4306 2487 4391 2466 4392 2465 4306 2466 4392 2444 4307 2444 4307 2466 4392 2445 4393 2444 4307 2445 4393 2423 4308 2423 4308 2445 4393 2424 4394 2423 4308 2424 4394 2402 4309 2402 4309 2424 4394 2403 4395 2402 4309 2403 4395 2381 4310 2381 4310 2403 4395 2382 4396 2381 4310 2382 4396 2360 4311 2360 4311 2382 4396 2361 4397 2360 4311 2361 4397 2339 4312 2339 4312 2361 4397 2340 4398 2339 4312 2340 4398 2318 4313 2318 4313 2340 4398 2319 4399 2318 4313 2319 4399 2297 4314 2297 4314 2319 4399 2298 4400 2297 4314 2298 4400 2276 4315 2276 4315 2298 4400 2277 4401 2276 4315 2277 4401 2255 4316 2255 4316 2277 4401 2256 4402 2255 4316 2256 4402 2234 4317 2234 4317 2256 4402 2235 4403 2234 4317 2235 4403 2213 4318 2213 4318 2235 4403 2214 4404 2213 4318 2214 4404 2192 4319 2192 4319 2214 4404 2193 4405 2192 4319 2193 4405 2171 4320 2171 4320 2193 4405 2172 4406 2171 4320 2172 4406 2150 4321 2150 4321 2172 4406 2151 4407 2150 4321 2151 4407 2129 4322 2129 4322 2151 4407 2130 4408 2129 4322 2130 4408 2108 4323 2108 4323 2130 4408 2109 4409 2108 4323 2109 4409 2087 4324 2087 4324 2109 4409 2088 4410 2087 4324 2088 4410 2045 4325 2045 4325 2088 4410 2046 4411 2045 4325 2046 4411 2052 4326 2052 4326 2046 4411 2051 4412 2052 4326 2051 4412 3809 4327 3809 4327 2051 4412 3810 4413 3809 4327 3810 4413 3788 4328 3788 4328 3810 4413 3789 4414 3788 4328 3789 4414 3767 4329 3767 4329 3789 4414 3768 4415 3767 4329 3768 4415 3746 4330 3746 4330 3768 4415 3747 4416 3746 4330 3747 4416 3725 4331 3725 4331 3747 4416 3726 4417 3725 4331 3726 4417 3704 4332 3704 4332 3726 4417 3705 4418 3704 4332 3705 4418 3683 4333 3683 4333 3705 4418 3684 4419 3683 4333 3684 4419 3662 4334 3662 4334 3684 4419 3663 4420 3662 4334 3663 4420 3641 4335 3641 4335 3663 4420 3642 4421 3641 4335 3642 4421 3620 4336 3620 4336 3642 4421 3621 4422 3620 4336 3621 4422 3599 4337 3599 4337 3621 4422 3600 4423 3599 4337 3600 4423 3578 4338 3578 4338 3600 4423 3579 4424 3578 4338 3579 4424 3557 4339 3557 4339 3579 4424 3558 4425 3557 4339 3558 4425 3536 4340 3536 4340 3558 4425 3537 4426 3536 4340 3537 4426 3515 4341 3515 4341 3537 4426 3516 4427 3515 4341 3516 4427 3494 4342 3494 4342 3516 4427 3495 4428 3494 4342 3495 4428 3473 4343 3473 4343 3495 4428 3474 4429 3473 4343 3474 4429 3452 4344 3452 4344 3474 4429 3453 4430 3452 4344 3453 4430 3431 4345 3431 4345 3453 4430 3432 4431 3431 4345 3432 4431 3410 4346 3410 4346 3432 4431 3411 4432 3410 4346 3411 4432 3389 4347 3389 4347 3411 4432 3390 4433 3389 4347 3390 4433 3368 4348 3368 4348 3390 4433 3369 4434 3368 4348 3369 4434 3347 4349 3347 4349 3369 4434 3348 4435 3347 4349 3348 4435 3326 4350 3326 4350 3348 4435 3327 4436 3326 4350 3327 4436 3305 4351 3305 4351 3327 4436 3306 4437 3305 4351 3306 4437 3284 4352 3284 4352 3306 4437 3285 4438 3284 4352 3285 4438 3263 4353 3263 4353 3285 4438 3264 4439 3263 4353 3264 4439 3242 4354 3242 4354 3264 4439 3243 4440 3242 4354 3243 4440 3221 4355 3221 4355 3243 4440 3222 4441 3221 4355 3222 4441 3200 4356 3200 4356 3222 4441 3201 4442 3200 4356 3201 4442 3179 4357 3179 4357 3201 4442 3180 4443 3179 4357 3180 4443 3158 4358 3158 4358 3180 4443 3159 4444 3158 4358 3159 4444 3137 4359 3137 4359 3159 4444 3138 4445 3137 4359 3138 4445 3116 4360 3116 4360 3138 4445 3117 4446 3116 4360 3117 4446 3095 4361 3095 4361 3117 4446 3096 4447 3095 4361 3096 4447 3074 4362 3074 4362 3096 4447 3075 4448 3074 4362 3075 4448 3053 4363 3053 4363 3075 4448 3054 4449 3053 4363 3054 4449 3032 4364 3032 4364 3054 4449 3033 4450 3032 4364 3033 4450 3011 4365 3011 4365 3033 4450 3012 4451 3011 4365 3012 4451 2990 4366 2990 4366 3012 4451 2991 4452 2990 4366 2991 4452 2969 4367 2969 4367 2991 4452 2970 4453 2969 4367 2970 4453 2948 4368 2948 4368 2970 4453 2949 4454 2948 4368 2949 4454 2024 4283 2024 4283 2949 4454 2025 4369 2025 4369 2026 4455 2928 4370 2928 4370 2026 4455 2929 4456 2928 4370 2929 4456 2907 4371 2907 4371 2929 4456 2908 4457 2907 4371 2908 4457 2886 4372 2886 4372 2908 4457 2887 4458 2886 4372 2887 4458 2865 4373 2865 4373 2887 4458 2866 4459 2865 4373 2866 4459 2844 4374 2844 4374 2866 4459 2845 4460 2844 4374 2845 4460 2823 4375 2823 4375 2845 4460 2824 4461 2823 4375 2824 4461 2802 4376 2802 4376 2824 4461 2803 4462 2802 4376 2803 4462 2781 4377 2781 4377 2803 4462 2782 4463 2781 4377 2782 4463 2760 4378 2760 4378 2782 4463 2761 4464 2760 4378 2761 4464 2739 4379 2739 4379 2761 4464 2740 4465 2739 4379 2740 4465 2718 4380 2718 4380 2740 4465 2719 4466 2718 4380 2719 4466 2697 4381 2697 4381 2719 4466 2698 4467 2697 4381 2698 4467 2676 4382 2676 4382 2698 4467 2677 4468 2676 4382 2677 4468 2655 4383 2655 4383 2677 4468 2656 4469 2655 4383 2656 4469 2634 4384 2634 4384 2656 4469 2635 4470 2634 4384 2635 4470 2613 4385 2613 4385 2635 4470 2614 4471 2613 4385 2614 4471 2592 4386 2592 4386 2614 4471 2593 4472 2592 4386 2593 4472 2571 4387 2571 4387 2593 4472 2572 4473 2571 4387 2572 4473 2550 4388 2550 4388 2572 4473 2551 4474 2550 4388 2551 4474 2529 4389 2529 4389 2551 4474 2530 4475 2529 4389 2530 4475 2508 4390 2508 4390 2530 4475 2509 4476 2508 4390 2509 4476 2487 4391 2487 4391 2509 4476 2488 4477 2487 4391 2488 4477 2466 4392 2466 4392 2488 4477 2467 4478 2466 4392 2467 4478 2445 4393 2445 4393 2467 4478 2446 4479 2445 4393 2446 4479 2424 4394 2424 4394 2446 4479 2425 4480 2424 4394 2425 4480 2403 4395 2403 4395 2425 4480 2404 4481 2403 4395 2404 4481 2382 4396 2382 4396 2404 4481 2383 4482 2382 4396 2383 4482 2361 4397 2361 4397 2383 4482 2362 4483 2361 4397 2362 4483 2340 4398 2340 4398 2362 4483 2341 4484 2340 4398 2341 4484 2319 4399 2319 4399 2341 4484 2320 4485 2319 4399 2320 4485 2298 4400 2298 4400 2320 4485 2299 4486 2298 4400 2299 4486 2277 4401 2277 4401 2299 4486 2278 4487 2277 4401 2278 4487 2256 4402 2256 4402 2278 4487 2257 4488 2256 4402 2257 4488 2235 4403 2235 4403 2257 4488 2236 4489 2235 4403 2236 4489 2214 4404 2214 4404 2236 4489 2215 4490 2214 4404 2215 4490 2193 4405 2193 4405 2215 4490 2194 4491 2193 4405 2194 4491 2172 4406 2172 4406 2194 4491 2173 4492 2172 4406 2173 4492 2151 4407 2151 4407 2173 4492 2152 4493 2151 4407 2152 4493 2130 4408 2130 4408 2152 4493 2131 4494 2130 4408 2131 4494 2109 4409 2109 4409 2131 4494 2110 4495 2109 4409 2110 4495 2088 4410 2088 4410 2110 4495 2089 4496 2088 4410 2089 4496 2046 4411 2046 4411 2089 4496 2047 4497 2046 4411 2047 4497 2051 4412 2051 4412 2047 4497 2050 4498 2051 4412 2050 4498 3810 4413 3810 4413 2050 4498 3811 4499 3810 4413 3811 4499 3789 4414 3789 4414 3811 4499 3790 4500 3789 4414 3790 4500 3768 4415 3768 4415 3790 4500 3769 4501 3768 4415 3769 4501 3747 4416 3747 4416 3769 4501 3748 4502 3747 4416 3748 4502 3726 4417 3726 4417 3748 4502 3727 4503 3726 4417 3727 4503 3705 4418 3705 4418 3727 4503 3706 4504 3705 4418 3706 4504 3684 4419 3684 4419 3706 4504 3685 4505 3684 4419 3685 4505 3663 4420 3663 4420 3685 4505 3664 4506 3663 4420 3664 4506 3642 4421 3642 4421 3664 4506 3643 4507 3642 4421 3643 4507 3621 4422 3621 4422 3643 4507 3622 4508 3621 4422 3622 4508 3600 4423 3600 4423 3622 4508 3601 4509 3600 4423 3601 4509 3579 4424 3579 4424 3601 4509 3580 4510 3579 4424 3580 4510 3558 4425 3558 4425 3580 4510 3559 4511 3558 4425 3559 4511 3537 4426 3537 4426 3559 4511 3538 4512 3537 4426 3538 4512 3516 4427 3516 4427 3538 4512 3517 4513 3516 4427 3517 4513 3495 4428 3495 4428 3517 4513 3496 4514 3495 4428 3496 4514 3474 4429 3474 4429 3496 4514 3475 4515 3474 4429 3475 4515 3453 4430 3453 4430 3475 4515 3454 4516 3453 4430 3454 4516 3432 4431 3432 4431 3454 4516 3433 4517 3432 4431 3433 4517 3411 4432 3411 4432 3433 4517 3412 4518 3411 4432 3412 4518 3390 4433 3390 4433 3412 4518 3391 4519 3390 4433 3391 4519 3369 4434 3369 4434 3391 4519 3370 4520 3369 4434 3370 4520 3348 4435 3348 4435 3370 4520 3349 4521 3348 4435 3349 4521 3327 4436 3327 4436 3349 4521 3328 4522 3327 4436 3328 4522 3306 4437 3306 4437 3328 4522 3307 4523 3306 4437 3307 4523 3285 4438 3285 4438 3307 4523 3286 4524 3285 4438 3286 4524 3264 4439 3264 4439 3286 4524 3265 4525 3264 4439 3265 4525 3243 4440 3243 4440 3265 4525 3244 4526 3243 4440 3244 4526 3222 4441 3222 4441 3244 4526 3223 4527 3222 4441 3223 4527 3201 4442 3201 4442 3223 4527 3202 4528 3201 4442 3202 4528 3180 4443 3180 4443 3202 4528 3181 4529 3180 4443 3181 4529 3159 4444 3159 4444 3181 4529 3160 4530 3159 4444 3160 4530 3138 4445 3138 4445 3160 4530 3139 4531 3138 4445 3139 4531 3117 4446 3117 4446 3139 4531 3118 4532 3117 4446 3118 4532 3096 4447 3096 4447 3118 4532 3097 4533 3096 4447 3097 4533 3075 4448 3075 4448 3097 4533 3076 4534 3075 4448 3076 4534 3054 4449 3054 4449 3076 4534 3055 4535 3054 4449 3055 4535 3033 4450 3033 4450 3055 4535 3034 4536 3033 4450 3034 4536 3012 4451 3012 4451 3034 4536 3013 4537 3012 4451 3013 4537 2991 4452 2991 4452 3013 4537 2992 4538 2991 4452 2992 4538 2970 4453 2970 4453 2992 4538 2971 4539 2970 4453 2971 4539 2949 4454 2949 4454 2971 4539 2950 4540 2949 4454 2950 4540 2025 4369 2025 4369 2950 4540 2026 4455 2026 4455 2027 2820 2929 4456 2929 4456 2027 2820 2930 2822 2929 4456 2930 2822 2908 4457 2908 4457 2930 2822 2909 2823 2908 4457 2909 2823 2887 4458 2887 4458 2909 2823 2888 2824 2887 4458 2888 2824 2866 4459 2866 4459 2888 2824 2867 2825 2866 4459 2867 2825 2845 4460 2845 4460 2867 2825 2846 2826 2845 4460 2846 2826 2824 4461 2824 4461 2846 2826 2825 2827 2824 4461 2825 2827 2803 4462 2803 4462 2825 2827 2804 2828 2803 4462 2804 2828 2782 4463 2782 4463 2804 2828 2783 2829 2782 4463 2783 2829 2761 4464 2761 4464 2783 2829 2762 2830 2761 4464 2762 2830 2740 4465 2740 4465 2762 2830 2741 2831 2740 4465 2741 2831 2719 4466 2719 4466 2741 2831 2720 2832 2719 4466 2720 2832 2698 4467 2698 4467 2720 2832 2699 2833 2698 4467 2699 2833 2677 4468 2677 4468 2699 2833 2678 2834 2677 4468 2678 2834 2656 4469 2656 4469 2678 2834 2657 2835 2656 4469 2657 2835 2635 4470 2635 4470 2657 2835 2636 2836 2635 4470 2636 2836 2614 4471 2614 4471 2636 2836 2615 2837 2614 4471 2615 2837 2593 4472 2593 4472 2615 2837 2594 2838 2593 4472 2594 2838 2572 4473 2572 4473 2594 2838 2573 2839 2572 4473 2573 2839 2551 4474 2551 4474 2573 2839 2552 2840 2551 4474 2552 2840 2530 4475 2530 4475 2552 2840 2531 2841 2530 4475 2531 2841 2509 4476 2509 4476 2531 2841 2510 2842 2509 4476 2510 2842 2488 4477 2488 4477 2510 2842 2489 2843 2488 4477 2489 2843 2467 4478 2467 4478 2489 2843 2468 2844 2467 4478 2468 2844 2446 4479 2446 4479 2468 2844 2447 2845 2446 4479 2447 2845 2425 4480 2425 4480 2447 2845 2426 2846 2425 4480 2426 2846 2404 4481 2404 4481 2426 2846 2405 2847 2404 4481 2405 2847 2383 4482 2383 4482 2405 2847 2384 2848 2383 4482 2384 2848 2362 4483 2362 4483 2384 2848 2363 2849 2362 4483 2363 2849 2341 4484 2341 4484 2363 2849 2342 2850 2341 4484 2342 2850 2320 4485 2320 4485 2342 2850 2321 2851 2320 4485 2321 2851 2299 4486 2299 4486 2321 2851 2300 2852 2299 4486 2300 2852 2278 4487 2278 4487 2300 2852 2279 2853 2278 4487 2279 2853 2257 4488 2257 4488 2279 2853 2258 2854 2257 4488 2258 2854 2236 4489 2236 4489 2258 2854 2237 2855 2236 4489 2237 2855 2215 4490 2215 4490 2237 2855 2216 2856 2215 4490 2216 2856 2194 4491 2194 4491 2216 2856 2195 2857 2194 4491 2195 2857 2173 4492 2173 4492 2195 2857 2174 2858 2173 4492 2174 2858 2152 4493 2152 4493 2174 2858 2153 2859 2152 4493 2153 2859 2131 4494 2131 4494 2153 2859 2132 2860 2131 4494 2132 2860 2110 4495 2110 4495 2132 2860 2111 2861 2110 4495 2111 2861 2089 4496 2089 4496 2111 2861 2090 2862 2089 4496 2090 2862 2047 4497 2047 4497 2090 2862 2048 2863 2047 4497 2048 2863 2050 4498 2050 4498 2048 2863 2049 2864 2050 4498 2049 2864 3811 4499 3811 4499 2049 2864 3812 2865 3811 4499 3812 2865 3790 4500 3790 4500 3812 2865 3791 2866 3790 4500 3791 2866 3769 4501 3769 4501 3791 2866 3770 2867 3769 4501 3770 2867 3748 4502 3748 4502 3770 2867 3749 2868 3748 4502 3749 2868 3727 4503 3727 4503 3749 2868 3728 2869 3727 4503 3728 2869 3706 4504 3706 4504 3728 2869 3707 2870 3706 4504 3707 2870 3685 4505 3685 4505 3707 2870 3686 2871 3685 4505 3686 2871 3664 4506 3664 4506 3686 2871 3665 2872 3664 4506 3665 2872 3643 4507 3643 4507 3665 2872 3644 2873 3643 4507 3644 2873 3622 4508 3622 4508 3644 2873 3623 2874 3622 4508 3623 2874 3601 4509 3601 4509 3623 2874 3602 2875 3601 4509 3602 2875 3580 4510 3580 4510 3602 2875 3581 2876 3580 4510 3581 2876 3559 4511 3559 4511 3581 2876 3560 2877 3559 4511 3560 2877 3538 4512 3538 4512 3560 2877 3539 2878 3538 4512 3539 2878 3517 4513 3517 4513 3539 2878 3518 2879 3517 4513 3518 2879 3496 4514 3496 4514 3518 2879 3497 2880 3496 4514 3497 2880 3475 4515 3475 4515 3497 2880 3476 2881 3475 4515 3476 2881 3454 4516 3454 4516 3476 2881 3455 2882 3454 4516 3455 2882 3433 4517 3433 4517 3455 2882 3434 2883 3433 4517 3434 2883 3412 4518 3412 4518 3434 2883 3413 2884 3412 4518 3413 2884 3391 4519 3391 4519 3413 2884 3392 2885 3391 4519 3392 2885 3370 4520 3370 4520 3392 2885 3371 2886 3370 4520 3371 2886 3349 4521 3349 4521 3371 2886 3350 2887 3349 4521 3350 2887 3328 4522 3328 4522 3350 2887 3329 2888 3328 4522 3329 2888 3307 4523 3307 4523 3329 2888 3308 2889 3307 4523 3308 2889 3286 4524 3286 4524 3308 2889 3287 2890 3286 4524 3287 2890 3265 4525 3265 4525 3287 2890 3266 2891 3265 4525 3266 2891 3244 4526 3244 4526 3266 2891 3245 2892 3244 4526 3245 2892 3223 4527 3223 4527 3245 2892 3224 2893 3223 4527 3224 2893 3202 4528 3202 4528 3224 2893 3203 2894 3202 4528 3203 2894 3181 4529 3181 4529 3203 2894 3182 2895 3181 4529 3182 2895 3160 4530 3160 4530 3182 2895 3161 2896 3160 4530 3161 2896 3139 4531 3139 4531 3161 2896 3140 2897 3139 4531 3140 2897 3118 4532 3118 4532 3140 2897 3119 2898 3118 4532 3119 2898 3097 4533 3097 4533 3119 2898 3098 2899 3097 4533 3098 2899 3076 4534 3076 4534 3098 2899 3077 2900 3076 4534 3077 2900 3055 4535 3055 4535 3077 2900 3056 2901 3055 4535 3056 2901 3034 4536 3034 4536 3056 2901 3035 2902 3034 4536 3035 2902 3013 4537 3013 4537 3035 2902 3014 2903 3013 4537 3014 2903 2992 4538 2992 4538 3014 2903 2993 2904 2992 4538 2993 2904 2971 4539 2971 4539 2993 2904 2972 2905 2971 4539 2972 2905 2950 4540 2950 4540 2972 2905 2951 2906 2950 4540 2951 2906 2026 4455 2026 4455 2951 2906 2027 2820 2006 2821 2321 2851 2342 2850 2006 2821 3497 2880 3518 2879 1669 4541 1811 4542 1624 4543 1624 4543 1811 4542 1503 4544 1624 4543 1503 4544 1625 4545 1625 4545 1503 4544 1780 4546 1625 4545 1780 4546 1626 4547 1626 4547 1780 4546 1779 4548 1626 4547 1779 4548 1627 4549 1627 4549 1779 4548 1778 4550 1627 4549 1778 4550 1628 4551 1628 4551 1778 4550 1777 4552 1628 4551 1777 4552 1629 4553 1629 4553 1777 4552 1776 4554 1629 4553 1776 4554 1630 4555 1630 4555 1776 4554 1775 4556 1630 4555 1775 4556 1631 4557 1631 4557 1775 4556 1774 4558 1631 4557 1774 4558 1632 4559 1632 4559 1774 4558 1773 4560 1811 4542 1669 4541 1812 4561 1812 4561 1669 4541 1668 4562 1812 4561 1668 4562 1813 4563 1813 4563 1668 4562 1667 4564 1813 4563 1667 4564 1814 4565 1814 4565 1667 4564 1666 4566 1814 4565 1666 4566 1815 4567 1815 4567 1666 4566 1665 4568 1815 4567 1665 4568 1816 4569 1816 4569 1665 4568 1664 4570 1816 4569 1664 4570 1817 4571 1817 4571 1664 4570 1663 4572 1817 4571 1663 4572 1803 4573 1803 4573 1663 4572 1662 4574 1721 4575 1826 4576 1654 4577 1654 4577 1826 4576 1518 4578 1654 4577 1518 4578 1655 4579 1655 4579 1518 4578 1810 4580 1655 4579 1810 4580 1656 4581 1656 4581 1810 4580 1809 4582 1656 4581 1809 4582 1657 4583 1657 4583 1809 4582 1808 4584 1657 4583 1808 4584 1658 4585 1658 4585 1808 4584 1807 4586 1658 4585 1807 4586 1659 4587 1659 4587 1807 4586 1806 4588 1659 4587 1806 4588 1660 4589 1660 4589 1806 4588 1805 4590 1660 4589 1805 4590 1661 4591 1661 4591 1805 4590 1804 4592 1661 4591 1804 4592 1662 4593 1662 4593 1804 4592 1803 4594 1826 4576 1721 4575 1827 4595 1827 4595 1721 4575 1720 4596 1827 4595 1720 4596 1828 4597 1828 4597 1720 4596 1719 4598 1828 4597 1719 4598 1829 4599 1829 4599 1719 4598 1718 4600 1829 4599 1718 4600 1830 4601 1830 4601 1718 4600 1717 4602 1830 4601 1717 4602 1831 4603 1831 4603 1717 4602 1716 4604 1831 4603 1716 4604 1832 4605 1832 4605 1716 4604 1715 4606 1832 4605 1715 4606 1818 4607 1818 4607 1715 4606 1714 4608 1639 4609 1781 4610 1563 4611 1563 4611 1781 4610 1488 4612 1563 4611 1488 4612 1765 4613 1781 4610 1639 4609 1782 4614 1782 4614 1639 4609 1638 4615 1782 4614 1638 4615 1783 4616 1783 4616 1638 4615 1637 4617 1783 4616 1637 4617 1784 4618 1784 4618 1637 4617 1636 4619 1784 4618 1636 4619 1785 4620 1785 4620 1636 4619 1635 4621 1785 4620 1635 4621 1786 4622 1786 4622 1635 4621 1634 4623 1786 4622 1634 4623 1787 4624 1787 4624 1634 4623 1633 4625 1787 4624 1633 4625 1773 4626 1773 4626 1633 4625 1632 4627 1563 4611 1765 4613 1564 4628 1564 4628 1765 4613 1764 4629 1564 4628 1764 4629 1565 4630 1565 4630 1764 4629 1763 4631 1565 4630 1763 4631 1566 4632 1566 4632 1763 4631 1762 4633 1566 4632 1762 4633 1567 4634 1567 4634 1762 4633 1761 4635 1567 4634 1761 4635 1568 4636 1568 4636 1761 4635 1760 4637 1568 4636 1760 4637 1569 4638 1569 4638 1760 4637 1759 4639 1569 4638 1759 4639 1570 4640 1570 4640 1759 4639 1758 4641 1570 4640 1758 4641 1571 4642 1616 4643 1856 4644 1579 4645 1579 4645 1856 4644 1855 4646 1579 4645 1855 4646 1580 4647 1580 4647 1855 4646 1854 4648 1580 4647 1854 4648 1581 4649 1581 4649 1854 4648 1853 4650 1581 4649 1853 4650 1582 4651 1582 4651 1853 4650 1852 4652 1582 4651 1852 4652 1583 4653 1583 4653 1852 4652 1851 4654 1583 4653 1851 4654 1584 4655 1584 4655 1851 4654 1850 4656 1584 4655 1850 4656 1585 4657 1585 4657 1850 4656 1849 4658 1585 4657 1849 4658 1586 4659 1586 4659 1849 4658 1848 4660 1586 4659 1848 4660 1587 4661 1587 4661 1848 4660 1847 4662 1587 4661 1847 4662 1588 4663 1588 4663 1847 4662 1846 4664 1588 4663 1846 4664 1589 4665 1589 4665 1846 4664 1845 4666 1589 4665 1845 4666 1590 4667 1590 4667 1845 4666 1591 4668 1591 4668 1845 4666 1844 4669 1591 4668 1844 4669 1592 4670 1592 4670 1844 4669 1843 4671 1592 4670 1843 4671 1593 4672 1593 4672 1843 4671 1842 4673 1593 4672 1842 4673 1563 4674 1563 4674 1842 4673 1841 4675 1563 4674 1841 4675 1640 4676 1640 4676 1841 4675 1840 4677 1640 4676 1840 4677 1641 4678 1641 4678 1840 4677 1839 4679 1641 4678 1839 4679 1642 4680 1642 4680 1839 4679 1838 4681 1642 4680 1838 4681 1643 4682 1643 4682 1838 4681 1837 4683 1643 4682 1837 4683 1644 4684 1644 4684 1837 4683 1836 4685 1644 4684 1836 4685 1645 4686 1645 4686 1836 4685 1835 4687 1645 4686 1835 4687 1646 4688 1646 4688 1835 4687 1834 4689 1646 4688 1834 4689 1647 4690 1647 4690 1834 4689 1919 4691 1647 4690 1919 4691 1648 4692 1648 4692 1919 4691 1918 4693 1648 4692 1918 4693 1649 4694 1649 4694 1918 4693 1917 4695 1649 4694 1917 4695 1650 4696 1650 4696 1917 4695 1916 4697 1650 4696 1916 4697 1651 4698 1651 4698 1916 4697 1915 4699 1651 4698 1915 4699 1652 4700 1652 4700 1915 4699 1914 4701 1652 4700 1914 4701 1653 4702 1653 4702 1914 4701 1913 4703 1653 4702 1913 4703 1624 4704 1624 4704 1913 4703 1912 4705 1624 4704 1912 4705 1670 4706 1670 4706 1912 4705 1911 4707 1670 4706 1911 4707 1671 4708 1671 4708 1911 4707 1910 4709 1671 4708 1910 4709 1672 4710 1672 4710 1910 4709 1909 4711 1672 4710 1909 4711 1673 4712 1673 4712 1909 4711 1674 4713 1674 4713 1909 4711 1908 4714 1674 4713 1908 4714 1675 4715 1675 4715 1908 4714 1907 4716 1675 4715 1907 4716 1676 4717 1676 4717 1907 4716 1906 4718 1676 4717 1906 4718 1677 4719 1677 4719 1906 4718 1905 4720 1677 4719 1905 4720 1678 4721 1678 4721 1905 4720 1904 4722 1678 4721 1904 4722 1679 4723 1679 4723 1904 4722 1903 4724 1679 4723 1903 4724 1680 4725 1680 4725 1903 4724 1902 4726 1680 4725 1902 4726 1681 4727 1681 4727 1902 4726 1901 4728 1681 4727 1901 4728 1682 4729 1682 4729 1901 4728 1900 4730 1682 4729 1900 4730 1683 4731 1683 4731 1900 4730 1899 4732 1683 4731 1899 4732 1654 4733 1654 4733 1899 4732 1898 4734 1654 4733 1898 4734 1722 4735 1722 4735 1898 4734 1897 4736 1722 4735 1897 4736 1723 4737 1723 4737 1897 4736 1896 4738 1723 4737 1896 4738 1724 4739 1724 4739 1896 4738 1895 4740 1724 4739 1895 4740 1725 4741 1725 4741 1895 4740 1894 4742 1725 4741 1894 4742 1726 4743 1726 4743 1894 4742 1893 4744 1726 4743 1893 4744 1727 4745 1727 4745 1893 4744 1892 4746 1727 4745 1892 4746 1728 4747 1728 4747 1892 4746 1891 4748 1728 4747 1891 4748 1729 4749 1729 4749 1891 4748 1890 4750 1729 4749 1890 4750 1730 4751 1730 4751 1890 4750 1889 4752 1730 4751 1889 4752 1731 4753 1731 4753 1889 4752 1888 4754 1731 4753 1888 4754 1732 4755 1732 4755 1888 4754 1733 4756 1733 4756 1888 4754 1887 4757 1733 4756 1887 4757 1734 4758 1734 4758 1887 4757 1886 4759 1734 4758 1886 4759 1735 4760 1735 4760 1886 4759 1885 4761 1735 4760 1885 4761 1692 4762 1692 4762 1885 4761 1884 4763 1692 4762 1884 4763 1693 4764 1693 4764 1884 4763 1883 4765 1693 4764 1883 4765 1694 4766 1694 4766 1883 4765 1882 4767 1694 4766 1882 4767 1695 4768 1695 4768 1882 4767 1881 4769 1695 4768 1881 4769 1696 4770 1696 4770 1881 4769 1880 4771 1696 4770 1880 4771 1697 4772 1697 4772 1880 4771 1879 4773 1697 4772 1879 4773 1698 4774 1698 4774 1879 4773 1878 4775 1698 4774 1878 4775 1699 4776 1699 4776 1878 4775 1877 4777 1699 4776 1877 4777 1700 4778 1700 4778 1877 4777 1876 4779 1700 4778 1876 4779 1701 4780 1701 4780 1876 4779 1875 4781 1701 4780 1875 4781 1702 4782 1702 4782 1875 4781 1874 4783 1702 4782 1874 4783 1703 4784 1703 4784 1874 4783 1873 4785 1703 4784 1873 4785 1704 4786 1704 4786 1873 4785 1872 4787 1704 4786 1872 4787 1705 4788 1705 4788 1872 4787 1871 4789 1705 4788 1871 4789 1706 4790 1706 4790 1871 4789 1870 4791 1706 4790 1870 4791 1602 4792 1602 4792 1870 4791 1869 4793 1602 4792 1869 4793 1603 4794 1603 4794 1869 4793 1868 4795 1603 4794 1868 4795 1604 4796 1604 4796 1868 4795 1867 4797 1604 4796 1867 4797 1605 4798 1605 4798 1867 4797 1866 4799 1605 4798 1866 4799 1606 4800 1606 4800 1866 4799 1607 4801 1607 4801 1866 4799 1865 4802 1607 4801 1865 4802 1608 4803 1608 4803 1865 4802 1864 4804 1608 4803 1864 4804 1609 4805 1609 4805 1864 4804 1863 4806 1609 4805 1863 4806 1610 4807 1610 4807 1863 4806 1862 4808 1610 4807 1862 4808 1611 4809 1611 4809 1862 4808 1861 4810 1611 4809 1861 4810 1612 4811 1612 4811 1861 4810 1860 4812 1612 4811 1860 4812 1613 4813 1613 4813 1860 4812 1859 4814 1613 4813 1859 4814 1614 4815 1614 4815 1859 4814 1858 4816 1614 4815 1858 4816 1615 4817 1615 4817 1858 4816 1857 4818 1615 4817 1857 4818 1616 4643 1616 4643 1857 4818 1856 4644</p>
        </triangles>
        <triangles material="leva__Opaque_224_223_219_" count="1412">
          <input semantic="VERTEX" source="#left_pivot-mesh-vertices" offset="0"/>
          <input semantic="NORMAL" source="#left_pivot-mesh-normals" offset="1"/>
          <p>3813 4819 3814 4820 3850 4821 3850 4821 3814 4820 3815 4822 3850 4821 3815 4822 3849 4823 3849 4823 3815 4822 3816 4824 3849 4823 3816 4824 3848 4825 3848 4825 3816 4824 3817 4826 3848 4825 3817 4826 3847 4827 3847 4827 3817 4826 3818 4828 3847 4827 3818 4828 3846 4829 3846 4829 3818 4828 3819 4830 3846 4829 3819 4830 3845 4831 3845 4831 3819 4830 3820 4832 3845 4831 3820 4832 3844 4833 3844 4833 3820 4832 3821 4834 3844 4833 3821 4834 3843 4835 3843 4835 3821 4834 3822 4836 3843 4835 3822 4836 3842 4837 3842 4837 3822 4836 3823 4838 3842 4837 3823 4838 3841 4839 3841 4839 3823 4838 3824 4840 3841 4839 3824 4840 3840 4841 3840 4841 3824 4840 3825 4842 3840 4841 3825 4842 3839 4843 3839 4843 3825 4842 3826 4844 3839 4843 3826 4844 3838 4845 3838 4845 3826 4844 3827 4846 3838 4845 3827 4846 3837 4847 3837 4847 3827 4846 3828 4848 3837 4847 3828 4848 3836 4849 3836 4849 3828 4848 3829 4850 3836 4849 3829 4850 3835 4851 3835 4851 3829 4850 3830 4852 3835 4851 3830 4852 3834 4853 3834 4853 3830 4852 3831 4854 3834 4853 3831 4854 3833 4855 3833 4855 3831 4854 3832 4856 3814 4820 3813 4819 3862 4857 3862 4857 3813 4819 3851 4858 3862 4857 3851 4858 3861 4859 3861 4859 3851 4858 3852 4860 3861 4859 3852 4860 3860 4861 3860 4861 3852 4860 3853 4862 3860 4861 3853 4862 3859 4863 3859 4863 3853 4862 3854 4864 3859 4863 3854 4864 3858 4865 3858 4865 3854 4864 3855 4866 3858 4865 3855 4866 3857 4867 3857 4867 3855 4866 3856 4868 3863 4869 3864 4870 3944 4871 3944 4871 3864 4870 3865 4872 3944 4871 3865 4872 3943 4873 3943 4873 3865 4872 3866 4874 3943 4873 3866 4874 3942 4875 3942 4875 3866 4874 3867 4876 3942 4875 3867 4876 3941 4877 3941 4877 3867 4876 3868 4878 3941 4877 3868 4878 3940 4879 3940 4879 3868 4878 3869 4880 3940 4879 3869 4880 3939 4881 3939 4881 3869 4880 3870 4882 3939 4881 3870 4882 3938 4883 3938 4883 3870 4882 3871 4884 3938 4883 3871 4884 3937 4885 3937 4885 3871 4884 3872 4886 3937 4885 3872 4886 3936 4887 3936 4887 3872 4886 3873 4888 3936 4887 3873 4888 3935 4889 3935 4889 3873 4888 3874 4890 3935 4889 3874 4890 3934 4891 3934 4891 3874 4890 3933 4892 3933 4892 3874 4890 3875 4893 3933 4892 3875 4893 3932 4894 3932 4894 3875 4893 3876 4895 3932 4894 3876 4895 3931 4896 3931 4896 3876 4895 3877 4897 3931 4896 3877 4897 3930 4898 3930 4898 3877 4897 3878 4899 3930 4898 3878 4899 3929 4900 3929 4900 3878 4899 3879 4901 3929 4900 3879 4901 3928 4902 3928 4902 3879 4901 3880 4903 3928 4902 3880 4903 3927 4904 3927 4904 3880 4903 3881 4905 3927 4904 3881 4905 3926 4906 3926 4906 3881 4905 3882 4907 3926 4906 3882 4907 3925 4908 3925 4908 3882 4907 3883 4909 3925 4908 3883 4909 3924 4910 3924 4910 3883 4909 3884 4911 3924 4910 3884 4911 3923 4912 3923 4912 3884 4911 3922 4913 3922 4913 3884 4911 3885 4914 3922 4913 3885 4914 3921 4915 3921 4915 3885 4914 3886 4916 3921 4915 3886 4916 3920 4917 3920 4917 3886 4916 3887 4918 3920 4917 3887 4918 3919 4919 3919 4919 3887 4918 3888 4920 3919 4919 3888 4920 3918 4921 3918 4921 3888 4920 3889 4922 3918 4921 3889 4922 3917 4923 3917 4923 3889 4922 3890 4924 3917 4923 3890 4924 3916 4925 3916 4925 3890 4924 3891 4926 3916 4925 3891 4926 3915 4927 3915 4927 3891 4926 3892 4928 3915 4927 3892 4928 3914 4929 3914 4929 3892 4928 3893 4930 3914 4929 3893 4930 3913 4931 3913 4931 3893 4930 3912 4932 3912 4932 3893 4930 3894 4933 3912 4932 3894 4933 3911 4934 3911 4934 3894 4933 3895 4935 3911 4934 3895 4935 3910 4936 3910 4936 3895 4935 3896 4937 3910 4936 3896 4937 3909 4938 3909 4938 3896 4937 3897 4939 3909 4938 3897 4939 3908 4940 3908 4940 3897 4939 3898 4941 3908 4940 3898 4941 3907 4942 3907 4942 3898 4941 3899 4943 3907 4942 3899 4943 3906 4944 3906 4944 3899 4943 3900 4945 3906 4944 3900 4945 3905 4946 3905 4946 3900 4945 3901 4947 3905 4946 3901 4947 3904 4948 3904 4948 3901 4947 3902 4949 3904 4948 3902 4949 3903 4950 3903 4950 3902 4949 3857 4867 3903 4950 3857 4867 3856 4868 3864 4870 3863 4869 3966 4951 3966 4951 3863 4869 3945 4952 3966 4951 3945 4952 3965 4953 3965 4953 3945 4952 3946 4954 3965 4953 3946 4954 3964 4955 3964 4955 3946 4954 3947 4956 3964 4955 3947 4956 3963 4957 3963 4957 3947 4956 3948 4958 3963 4957 3948 4958 3962 4959 3962 4959 3948 4958 3949 4960 3962 4959 3949 4960 3961 4961 3961 4961 3949 4960 3950 4962 3961 4961 3950 4962 3960 4963 3960 4963 3950 4962 3951 4964 3960 4963 3951 4964 3959 4965 3959 4965 3951 4964 3952 4966 3959 4965 3952 4966 3958 4967 3958 4967 3952 4966 3953 4968 3958 4967 3953 4968 3957 4969 3957 4969 3953 4968 3954 4970 3957 4969 3954 4970 3956 4971 3956 4971 3954 4970 3955 4972 3967 4973 3968 4974 3980 4975 3980 4975 3968 4974 3969 4976 3980 4975 3969 4976 3979 4977 3979 4977 3969 4976 3970 4978 3979 4977 3970 4978 3978 4979 3978 4979 3970 4978 3971 4980 3978 4979 3971 4980 3977 4981 3977 4981 3971 4980 3972 4982 3977 4981 3972 4982 3976 4983 3976 4983 3972 4982 3973 4984 3976 4983 3973 4984 3975 4985 3975 4985 3973 4984 3974 4986 3975 4985 3974 4986 3955 4972 3955 4972 3974 4986 3956 4971 3968 4974 3967 4973 4002 4987 4002 4987 3967 4973 3981 4988 4002 4987 3981 4988 4001 4989 4001 4989 3981 4988 3982 4990 4001 4989 3982 4990 4000 4991 4000 4991 3982 4990 3983 4992 4000 4991 3983 4992 3999 4993 3999 4993 3983 4992 3984 4994 3999 4993 3984 4994 3998 4995 3998 4995 3984 4994 3985 4996 3998 4995 3985 4996 3997 4997 3997 4997 3985 4996 3986 4998 3997 4997 3986 4998 3996 4999 3996 4999 3986 4998 3987 5000 3996 4999 3987 5000 3995 5001 3995 5001 3987 5000 3988 5002 3995 5001 3988 5002 3994 5003 3994 5003 3988 5002 3989 5004 3994 5003 3989 5004 3993 5005 3993 5005 3989 5004 3990 5006 3993 5005 3990 5006 3992 5007 3992 5007 3990 5006 3991 5008 4003 5009 4004 5010 4084 5011 4084 5011 4004 5010 4005 5012 4084 5011 4005 5012 4083 5013 4083 5013 4005 5012 4006 5014 4083 5013 4006 5014 4082 5015 4082 5015 4006 5014 4007 5016 4082 5015 4007 5016 4081 5017 4081 5017 4007 5016 4008 5018 4081 5017 4008 5018 4080 5019 4080 5019 4008 5018 4009 5020 4080 5019 4009 5020 4079 5021 4079 5021 4009 5020 4010 5022 4079 5021 4010 5022 4078 5023 4078 5023 4010 5022 4011 5024 4078 5023 4011 5024 4077 5025 4077 5025 4011 5024 4012 5026 4077 5025 4012 5026 4076 5027 4076 5027 4012 5026 4013 5028 4076 5027 4013 5028 4075 5029 4075 5029 4013 5028 4014 5030 4075 5029 4014 5030 4074 5031 4074 5031 4014 5030 4073 5032 4073 5032 4014 5030 4015 5033 4073 5032 4015 5033 4072 5034 4072 5034 4015 5033 4016 5035 4072 5034 4016 5035 4071 5036 4071 5036 4016 5035 4017 5037 4071 5036 4017 5037 4070 5038 4070 5038 4017 5037 4018 5039 4070 5038 4018 5039 4069 5040 4069 5040 4018 5039 4019 5041 4069 5040 4019 5041 4068 5042 4068 5042 4019 5041 4020 5043 4068 5042 4020 5043 4067 5044 4067 5044 4020 5043 4021 5045 4067 5044 4021 5045 4066 5046 4066 5046 4021 5045 4022 5047 4066 5046 4022 5047 4065 5048 4065 5048 4022 5047 4023 5049 4065 5048 4023 5049 4064 5050 4064 5050 4023 5049 4024 5051 4064 5050 4024 5051 4063 5052 4063 5052 4024 5051 4062 5053 4062 5053 4024 5051 4025 5054 4062 5053 4025 5054 4061 5055 4061 5055 4025 5054 4026 5056 4061 5055 4026 5056 4060 5057 4060 5057 4026 5056 4027 5058 4060 5057 4027 5058 4059 5059 4059 5059 4027 5058 4028 5060 4059 5059 4028 5060 4058 5061 4058 5061 4028 5060 4029 5062 4058 5061 4029 5062 4057 5063 4057 5063 4029 5062 4030 5064 4057 5063 4030 5064 4056 5065 4056 5065 4030 5064 4031 5066 4056 5065 4031 5066 4055 5067 4055 5067 4031 5066 4032 5068 4055 5067 4032 5068 4054 5069 4054 5069 4032 5068 4033 5070 4054 5069 4033 5070 4053 5071 4053 5071 4033 5070 4052 5072 4052 5072 4033 5070 4034 5073 4052 5072 4034 5073 4051 5074 4051 5074 4034 5073 4035 5075 4051 5074 4035 5075 4050 5076 4050 5076 4035 5075 4036 5077 4050 5076 4036 5077 4049 5078 4049 5078 4036 5077 4037 5079 4049 5078 4037 5079 4048 5080 4048 5080 4037 5079 4038 5081 4048 5080 4038 5081 4047 5082 4047 5082 4038 5081 4039 5083 4047 5082 4039 5083 4046 5084 4046 5084 4039 5083 4040 5085 4046 5084 4040 5085 4045 5086 4045 5086 4040 5085 4041 5087 4045 5086 4041 5087 4044 5088 4044 5088 4041 5087 4042 5089 4044 5088 4042 5089 4043 5090 4043 5090 4042 5089 3992 5007 4043 5090 3992 5007 3991 5008 4004 5010 4003 5009 4094 5091 4094 5091 4003 5009 4085 5092 4094 5091 4085 5092 4093 5093 4093 5093 4085 5092 4086 5094 4093 5093 4086 5094 4092 5095 4092 5095 4086 5094 4087 5096 4092 5095 4087 5096 4091 5097 4091 5097 4087 5096 4088 5098 4091 5097 4088 5098 4090 5099 4090 5099 4088 5098 4089 5100 4090 5099 4089 5100 3832 4856 3832 4856 4089 5100 3833 4855 4106 5101 3955 5102 4105 5103 4105 5103 3955 5102 3954 5104 4105 5103 3954 5104 4104 5105 4104 5105 3954 5104 3953 5106 4104 5105 3953 5106 4103 5107 4103 5107 3953 5106 3952 5108 4103 5107 3952 5108 4102 5109 4102 5109 3952 5108 3951 5110 4102 5109 3951 5110 4101 5111 4101 5111 3951 5110 3950 5112 4101 5111 3950 5112 4100 5113 4100 5113 3950 5112 3949 5114 4100 5113 3949 5114 4099 5115 4099 5115 3949 5114 3948 5116 4099 5115 3948 5116 4098 5117 4098 5117 3948 5116 3947 5118 4098 5117 3947 5118 4097 5119 4097 5119 3947 5118 3946 5120 4097 5119 3946 5120 4096 5121 4096 5121 3946 5120 3945 5122 4096 5121 3945 5122 4095 5123 4095 5123 3945 5122 3863 5124 4095 5123 3863 5124 4149 5125 4149 5125 3863 5124 3944 5126 4149 5125 3944 5126 4148 5127 4148 5127 3944 5126 3943 5128 4148 5127 3943 5128 4147 5129 4147 5129 3943 5128 3942 5130 4147 5129 3942 5130 4146 5131 4146 5131 3942 5130 3941 5132 4146 5131 3941 5132 4145 5133 4145 5133 3941 5132 3940 5134 4145 5133 3940 5134 4144 5135 4144 5135 3940 5134 3939 5136 4144 5135 3939 5136 4143 5137 4143 5137 3939 5136 3938 5138 4143 5137 3938 5138 4142 5139 4142 5139 3938 5138 3937 5140 4142 5139 3937 5140 4141 5141 4141 5141 3937 5140 3936 5142 4141 5141 3936 5142 4140 5143 4140 5143 3936 5142 3935 5144 4140 5143 3935 5144 4139 5145 4139 5145 3935 5144 3934 5146 4139 5145 3934 5146 4138 5147 4138 5147 3934 5146 3933 5148 4138 5147 3933 5148 4137 5149 4137 5149 3933 5148 3932 5150 4137 5149 3932 5150 4136 5151 4136 5151 3932 5150 3931 5152 4136 5151 3931 5152 4135 5153 4135 5153 3931 5152 3930 5154 4135 5153 3930 5154 4134 5155 4134 5155 3930 5154 3929 5156 4134 5155 3929 5156 4133 5157 4133 5157 3929 5156 3928 5158 4133 5157 3928 5158 4132 5159 4132 5159 3928 5158 3927 5160 4132 5159 3927 5160 4131 5161 4131 5161 3927 5160 3926 5162 4131 5161 3926 5162 4130 5163 4130 5163 3926 5162 3925 5164 4130 5163 3925 5164 4129 5165 4129 5165 3925 5164 3924 5166 4129 5165 3924 5166 4128 5167 4128 5167 3924 5166 3923 5168 4128 5167 3923 5168 4127 5169 4127 5169 3923 5168 3922 5170 4127 5169 3922 5170 4126 5171 4126 5171 3922 5170 3921 5172 4126 5171 3921 5172 4125 5173 4125 5173 3921 5172 3920 5174 4125 5173 3920 5174 4124 5175 4124 5175 3920 5174 3919 5176 4124 5175 3919 5176 4123 5177 4123 5177 3919 5176 3918 5178 4123 5177 3918 5178 4122 5179 4122 5179 3918 5178 3917 5180 4122 5179 3917 5180 4121 5181 4121 5181 3917 5180 3916 5182 4121 5181 3916 5182 4120 5183 4120 5183 3916 5182 3915 5184 4120 5183 3915 5184 4119 5185 4119 5185 3915 5184 3914 5186 4119 5185 3914 5186 4118 5187 4118 5187 3914 5186 3913 5188 4118 5187 3913 5188 4117 5189 4117 5189 3913 5188 3912 5190 4117 5189 3912 5190 4116 5191 4116 5191 3912 5190 3911 5192 4116 5191 3911 5192 4115 5193 4115 5193 3911 5192 3910 5194 4115 5193 3910 5194 4114 5195 4114 5195 3910 5194 3909 5196 4114 5195 3909 5196 4113 5197 4113 5197 3909 5196 3908 5198 4113 5197 3908 5198 4112 5199 4112 5199 3908 5198 3907 5200 4112 5199 3907 5200 4111 5201 4111 5201 3907 5200 3906 5202 4111 5201 3906 5202 4110 5203 4110 5203 3906 5202 3905 5204 4110 5203 3905 5204 4109 5205 4109 5205 3905 5204 3904 5206 4109 5205 3904 5206 4108 5207 4108 5207 3904 5206 3903 5208 4108 5207 3903 5208 4107 5209 4107 5209 3903 5208 3856 5210 4107 5209 3856 5210 4155 5211 4155 5211 3856 5210 3855 5212 4155 5211 3855 5212 4154 5213 4154 5213 3855 5212 3854 5214 4154 5213 3854 5214 4153 5215 4153 5215 3854 5214 3853 5216 4153 5215 3853 5216 4152 5217 4152 5217 3853 5216 3852 5218 4152 5217 3852 5218 4151 5219 4151 5219 3852 5218 3851 5220 4151 5219 3851 5220 4150 5221 4150 5221 3851 5220 3813 5222 4150 5221 3813 5222 4173 5223 4173 5223 3813 5222 3850 5224 4173 5223 3850 5224 4172 5225 4172 5225 3850 5224 3849 5226 4172 5225 3849 5226 4171 5227 4171 5227 3849 5226 3848 5228 4171 5227 3848 5228 4170 5229 4170 5229 3848 5228 3847 5230 4170 5229 3847 5230 4169 5231 4169 5231 3847 5230 3846 5232 4169 5231 3846 5232 4168 5233 4168 5233 3846 5232 3845 5234 4168 5233 3845 5234 4167 5235 4167 5235 3845 5234 3844 5236 4167 5235 3844 5236 4166 5237 4166 5237 3844 5236 3843 5238 4166 5237 3843 5238 4165 5239 4165 5239 3843 5238 3842 5240 4165 5239 3842 5240 4164 5241 4164 5241 3842 5240 3841 5242 4164 5241 3841 5242 4163 5243 4163 5243 3841 5242 3840 5244 4163 5243 3840 5244 4162 5245 4162 5245 3840 5244 3839 5246 4162 5245 3839 5246 4161 5247 4161 5247 3839 5246 3838 5248 4161 5247 3838 5248 4160 5249 4160 5249 3838 5248 3837 5250 4160 5249 3837 5250 4159 5251 4159 5251 3837 5250 3836 5252 4159 5251 3836 5252 4158 5253 4158 5253 3836 5252 3835 5254 4158 5253 3835 5254 4157 5255 4157 5255 3835 5254 3834 5256 4157 5255 3834 5256 4156 5257 4156 5257 3834 5256 3833 5258 3831 5259 3970 5260 3832 5261 3832 5261 3970 5260 3969 5262 3832 5261 3969 5262 4090 5263 4090 5263 3969 5262 3968 5264 4090 5263 3968 5264 4091 5265 4091 5265 3968 5264 4002 5266 4091 5265 4002 5266 4092 5267 4092 5267 4002 5266 4233 5268 4092 5267 4233 5268 4234 5269 3831 5259 3830 5270 3970 5260 3970 5260 3830 5270 3971 5271 3971 5271 3830 5270 3829 5272 3971 5271 3829 5272 3828 5273 3828 5273 3827 5274 3971 5271 3971 5271 3827 5274 3826 5275 3971 5271 3826 5275 3825 5276 3825 5276 3824 5277 3971 5271 3971 5271 3824 5277 3823 5278 3971 5271 3823 5278 3822 5279 3971 5271 3822 5279 3972 5280 3972 5280 3822 5279 3821 5281 3972 5280 3821 5281 3820 5282 3820 5282 3819 5283 3972 5280 3972 5280 3819 5283 3818 5284 3972 5280 3818 5284 3817 5285 3817 5285 3816 5286 3972 5280 3972 5280 3816 5286 3973 5287 3973 5287 3816 5286 3815 5288 3973 5287 3815 5288 3814 5289 3973 5287 3814 5289 3974 5290 3974 5290 3814 5289 3862 5291 3974 5290 3862 5291 3956 5292 3956 5292 3862 5291 3861 5293 3956 5292 3861 5293 3957 5294 3957 5294 3861 5293 3860 5295 3957 5294 3860 5295 4202 5296 4202 5296 3860 5295 3859 5297 4202 5296 3859 5297 4201 5298 4201 5298 3859 5297 3858 5299 4201 5298 3858 5299 3897 5300 3897 5300 3858 5299 3898 5301 3898 5301 3858 5299 3899 5302 3899 5302 3858 5299 3857 5303 3899 5302 3857 5303 3900 5304 3900 5304 3857 5303 3901 5305 3901 5305 3857 5303 3902 5306 3897 5300 3896 5307 4201 5298 4201 5298 3896 5307 4200 5308 4200 5308 3896 5307 3895 5309 4200 5308 3895 5309 3894 5310 4200 5308 3894 5310 4199 5311 4199 5311 3894 5310 3893 5312 4199 5311 3893 5312 4198 5313 4198 5313 3893 5312 3892 5314 4198 5313 3892 5314 4197 5315 4197 5315 3892 5314 3891 5316 4197 5315 3891 5316 4196 5317 4196 5317 3891 5316 4195 5318 4195 5318 3891 5316 3890 5319 4195 5318 3890 5319 4194 5320 4194 5320 3890 5319 3889 5321 4194 5320 3889 5321 4193 5322 4193 5322 3889 5321 4192 5323 4192 5323 3889 5321 3888 5324 4192 5323 3888 5324 4191 5325 4191 5325 3888 5324 3887 5326 4191 5325 3887 5326 4190 5327 4190 5327 3887 5326 4189 5328 4189 5328 3887 5326 3886 5329 4189 5328 3886 5329 4188 5330 4188 5330 3886 5329 3885 5331 4188 5330 3885 5331 4187 5332 4187 5332 3885 5331 4186 5333 4186 5333 3885 5331 3884 5334 4186 5333 3884 5334 4185 5335 4185 5335 3884 5334 4184 5336 4184 5336 3884 5334 3883 5337 4184 5336 3883 5337 3882 5338 4184 5336 3882 5338 4183 5339 4183 5339 3882 5338 3881 5340 4183 5339 3881 5340 3865 5341 3865 5341 3881 5340 3866 5342 3866 5342 3881 5340 3880 5343 3866 5342 3880 5343 3867 5344 3867 5344 3880 5343 3879 5345 3867 5344 3879 5345 3868 5346 3868 5346 3879 5345 3878 5347 3868 5346 3878 5347 3869 5348 3869 5348 3878 5347 3877 5349 3869 5348 3877 5349 3870 5350 3870 5350 3877 5349 3876 5351 3870 5350 3876 5351 3871 5352 3871 5352 3876 5351 3875 5353 3871 5352 3875 5353 3872 5354 3872 5354 3875 5353 3874 5355 3872 5354 3874 5355 3873 5356 4183 5339 3865 5341 4182 5357 4182 5357 3865 5341 3864 5358 4182 5357 3864 5358 4181 5359 4181 5359 3864 5358 3966 5360 4181 5359 3966 5360 4180 5361 4180 5361 3966 5360 3965 5362 4180 5361 3965 5362 4179 5363 4179 5363 3965 5362 4178 5364 4178 5364 3965 5362 3964 5365 4178 5364 3964 5365 4177 5366 4177 5366 3964 5365 4176 5367 4176 5367 3964 5365 3963 5368 4176 5367 3963 5368 4175 5369 4175 5369 3963 5368 4174 5370 4174 5370 3963 5368 3962 5371 4174 5370 3962 5371 4208 5372 4208 5372 3962 5371 3961 5373 4208 5372 3961 5373 4207 5374 4207 5374 3961 5373 4206 5375 4206 5375 3961 5373 3960 5376 4206 5375 3960 5376 4205 5377 4205 5377 3960 5376 3959 5378 4205 5377 3959 5378 4204 5379 4204 5379 3959 5378 4203 5380 4203 5380 3959 5378 3958 5381 4203 5380 3958 5381 4202 5296 4202 5296 3958 5381 3957 5294 4002 5266 4001 5382 4233 5268 4233 5268 4001 5382 4232 5383 4232 5383 4001 5382 4000 5384 4232 5383 4000 5384 4231 5385 4231 5385 4000 5384 3999 5386 4231 5385 3999 5386 4230 5387 4230 5387 3999 5386 4229 5388 4229 5388 3999 5386 3998 5389 4229 5388 3998 5389 4228 5390 4228 5390 3998 5389 3997 5391 4228 5390 3997 5391 4227 5392 4227 5392 3997 5391 4226 5393 4226 5393 3997 5391 3996 5394 4226 5393 3996 5394 4225 5395 4225 5395 3996 5394 3995 5396 4225 5395 3995 5396 4224 5397 4224 5397 3995 5396 4223 5398 4223 5398 3995 5396 3994 5399 4223 5398 3994 5399 4222 5400 4222 5400 3994 5399 4221 5401 4221 5401 3994 5399 3993 5402 4221 5401 3993 5402 4220 5403 4220 5403 3993 5402 4219 5404 4219 5404 3993 5402 3992 5405 4219 5404 3992 5405 4218 5406 4218 5406 3992 5405 4042 5407 4218 5406 4042 5407 4026 5408 4026 5408 4042 5407 4041 5409 4026 5408 4041 5409 4027 5410 4027 5410 4041 5409 4040 5411 4027 5410 4040 5411 4028 5412 4028 5412 4040 5411 4039 5413 4028 5412 4039 5413 4029 5414 4029 5414 4039 5413 4038 5415 4029 5414 4038 5415 4030 5416 4030 5416 4038 5415 4037 5417 4030 5416 4037 5417 4031 5418 4031 5418 4037 5417 4036 5419 4031 5418 4036 5419 4032 5420 4032 5420 4036 5419 4035 5421 4032 5420 4035 5421 4033 5422 4033 5422 4035 5421 4034 5423 4026 5408 4025 5424 4218 5406 4218 5406 4025 5424 4217 5425 4217 5425 4025 5424 4024 5426 4217 5425 4024 5426 4216 5427 4216 5427 4024 5426 4023 5428 4216 5427 4023 5428 4215 5429 4215 5429 4023 5428 4022 5430 4215 5429 4022 5430 4214 5431 4214 5431 4022 5430 4213 5432 4213 5432 4022 5430 4021 5433 4213 5432 4021 5433 4212 5434 4212 5434 4021 5433 4211 5435 4211 5435 4021 5433 4020 5436 4211 5435 4020 5436 4210 5437 4210 5437 4020 5436 4019 5438 4210 5437 4019 5438 4209 5439 4209 5439 4019 5438 4243 5440 4243 5440 4019 5438 4018 5441 4243 5440 4018 5441 4242 5442 4242 5442 4018 5441 4017 5443 4242 5442 4017 5443 4241 5444 4241 5444 4017 5443 4240 5445 4240 5445 4017 5443 4016 5446 4240 5445 4016 5446 4239 5447 4239 5447 4016 5446 4015 5448 4239 5447 4015 5448 4238 5449 4238 5449 4015 5448 4237 5450 4237 5450 4015 5448 4014 5451 4237 5450 4014 5451 4236 5452 4236 5452 4014 5451 4013 5453 4236 5452 4013 5453 4235 5454 4235 5454 4013 5453 4012 5455 4235 5454 4012 5455 4011 5456 4011 5456 4010 5457 4235 5454 4235 5454 4010 5457 4094 5458 4235 5454 4094 5458 4234 5269 4234 5269 4094 5458 4093 5459 4234 5269 4093 5459 4092 5267 4010 5457 4009 5460 4094 5458 4094 5458 4009 5460 4008 5461 4094 5458 4008 5461 4004 5462 4004 5462 4008 5461 4007 5463 4004 5462 4007 5463 4006 5464 4006 5464 4005 5465 4004 5462 4156 5466 4244 5467 4157 5468 4157 5468 4244 5467 4245 5469 4157 5468 4245 5469 4158 5470 4158 5470 4245 5469 4246 5471 4158 5470 4246 5471 4159 5472 4159 5472 4246 5471 4247 5473 4159 5472 4247 5473 4160 5474 4160 5474 4247 5473 4248 5475 4160 5474 4248 5475 4161 5476 4161 5476 4248 5475 4249 5477 4161 5476 4249 5477 4162 5478 4162 5478 4249 5477 4250 5479 4162 5478 4250 5479 4163 5480 4163 5480 4250 5479 4251 5481 4163 5480 4251 5481 4164 5482 4164 5482 4251 5481 4252 5483 4164 5482 4252 5483 4165 5484 4165 5484 4252 5483 4253 5485 4165 5484 4253 5485 4166 5486 4166 5486 4253 5485 4254 5487 4166 5486 4254 5487 4167 5488 4167 5488 4254 5487 4255 5489 4167 5488 4255 5489 4168 5490 4168 5490 4255 5489 4256 5491 4168 5490 4256 5491 4169 5492 4169 5492 4256 5491 4257 5493 4169 5492 4257 5493 4170 5494 4170 5494 4257 5493 4258 5495 4170 5494 4258 5495 4171 5496 4171 5496 4258 5495 4259 5497 4171 5496 4259 5497 4172 5498 4172 5498 4259 5497 4260 5499 4172 5498 4260 5499 4173 5500 4173 5500 4260 5499 4261 5501 4173 5500 4261 5501 4150 5502 4150 5502 4261 5501 4262 5503 4244 5467 4156 5466 4274 5504 4274 5504 4156 5466 4263 5505 4274 5504 4263 5505 4273 5506 4273 5506 4263 5505 4264 5507 4273 5506 4264 5507 4272 5508 4272 5508 4264 5507 4265 5509 4272 5508 4265 5509 4271 5510 4271 5510 4265 5509 4266 5511 4271 5510 4266 5511 4270 5512 4270 5512 4266 5511 4267 5513 4270 5512 4267 5513 4269 5514 4269 5514 4267 5513 4268 5515 4275 5516 4276 5517 4356 5518 4356 5518 4276 5517 4277 5519 4356 5518 4277 5519 4355 5520 4355 5520 4277 5519 4278 5521 4355 5520 4278 5521 4354 5522 4354 5522 4278 5521 4279 5523 4354 5522 4279 5523 4353 5524 4353 5524 4279 5523 4280 5525 4353 5524 4280 5525 4352 5526 4352 5526 4280 5525 4281 5527 4352 5526 4281 5527 4351 5528 4351 5528 4281 5527 4282 5529 4351 5528 4282 5529 4350 5530 4350 5530 4282 5529 4283 5531 4350 5530 4283 5531 4349 5532 4349 5532 4283 5531 4284 5533 4349 5532 4284 5533 4348 5534 4348 5534 4284 5533 4285 5535 4348 5534 4285 5535 4347 5536 4347 5536 4285 5535 4286 5537 4347 5536 4286 5537 4346 5538 4346 5538 4286 5537 4345 5539 4345 5539 4286 5537 4287 5540 4345 5539 4287 5540 4344 5541 4344 5541 4287 5540 4288 5542 4344 5541 4288 5542 4343 5543 4343 5543 4288 5542 4289 5544 4343 5543 4289 5544 4342 5545 4342 5545 4289 5544 4290 5546 4342 5545 4290 5546 4341 5547 4341 5547 4290 5546 4291 5548 4341 5547 4291 5548 4340 5549 4340 5549 4291 5548 4292 5550 4340 5549 4292 5550 4339 5551 4339 5551 4292 5550 4293 5552 4339 5551 4293 5552 4338 5553 4338 5553 4293 5552 4294 5554 4338 5553 4294 5554 4337 5555 4337 5555 4294 5554 4295 5556 4337 5555 4295 5556 4336 5557 4336 5557 4295 5556 4296 5558 4336 5557 4296 5558 4335 5559 4335 5559 4296 5558 4334 5560 4334 5560 4296 5558 4297 5561 4334 5560 4297 5561 4333 5562 4333 5562 4297 5561 4298 5563 4333 5562 4298 5563 4332 5564 4332 5564 4298 5563 4299 5565 4332 5564 4299 5565 4331 5566 4331 5566 4299 5565 4300 5567 4331 5566 4300 5567 4330 5568 4330 5568 4300 5567 4301 5569 4330 5568 4301 5569 4329 5570 4329 5570 4301 5569 4302 5571 4329 5570 4302 5571 4328 5572 4328 5572 4302 5571 4303 5573 4328 5572 4303 5573 4327 5574 4327 5574 4303 5573 4304 5575 4327 5574 4304 5575 4326 5576 4326 5576 4304 5575 4305 5577 4326 5576 4305 5577 4325 5578 4325 5578 4305 5577 4324 5579 4324 5579 4305 5577 4306 5580 4324 5579 4306 5580 4323 5581 4323 5581 4306 5580 4307 5582 4323 5581 4307 5582 4322 5583 4322 5583 4307 5582 4308 5584 4322 5583 4308 5584 4321 5585 4321 5585 4308 5584 4309 5586 4321 5585 4309 5586 4320 5587 4320 5587 4309 5586 4310 5588 4320 5587 4310 5588 4319 5589 4319 5589 4310 5588 4311 5590 4319 5589 4311 5590 4318 5591 4318 5591 4311 5590 4312 5592 4318 5591 4312 5592 4317 5593 4317 5593 4312 5592 4313 5594 4317 5593 4313 5594 4316 5595 4316 5595 4313 5594 4314 5596 4316 5595 4314 5596 4315 5597 4315 5597 4314 5596 4269 5514 4315 5597 4269 5514 4268 5515 4276 5517 4275 5516 4378 5598 4378 5598 4275 5516 4357 5599 4378 5598 4357 5599 4377 5600 4377 5600 4357 5599 4358 5601 4377 5600 4358 5601 4376 5602 4376 5602 4358 5601 4359 5603 4376 5602 4359 5603 4375 5604 4375 5604 4359 5603 4360 5605 4375 5604 4360 5605 4374 5606 4374 5606 4360 5605 4361 5607 4374 5606 4361 5607 4373 5608 4373 5608 4361 5607 4362 5609 4373 5608 4362 5609 4372 5610 4372 5610 4362 5609 4363 5611 4372 5610 4363 5611 4371 5612 4371 5612 4363 5611 4364 5613 4371 5612 4364 5613 4370 5614 4370 5614 4364 5613 4365 5615 4370 5614 4365 5615 4369 5616 4369 5616 4365 5615 4366 5617 4369 5616 4366 5617 4368 5618 4368 5618 4366 5617 4367 5619 4106 5620 4379 5621 4391 5622 4391 5622 4379 5621 4380 5623 4391 5622 4380 5623 4390 5624 4390 5624 4380 5623 4381 5625 4390 5624 4381 5625 4389 5626 4389 5626 4381 5625 4382 5627 4389 5626 4382 5627 4388 5628 4388 5628 4382 5627 4383 5629 4388 5628 4383 5629 4387 5630 4387 5630 4383 5629 4384 5631 4387 5630 4384 5631 4386 5632 4386 5632 4384 5631 4385 5633 4386 5632 4385 5633 4367 5619 4367 5619 4385 5633 4368 5618 4379 5621 4106 5620 4402 5634 4402 5634 4106 5620 4105 5635 4402 5634 4105 5635 4401 5636 4401 5636 4105 5635 4104 5637 4401 5636 4104 5637 4400 5638 4400 5638 4104 5637 4103 5639 4400 5638 4103 5639 4399 5640 4399 5640 4103 5639 4102 5641 4399 5640 4102 5641 4398 5642 4398 5642 4102 5641 4101 5643 4398 5642 4101 5643 4397 5644 4397 5644 4101 5643 4100 5645 4397 5644 4100 5645 4396 5646 4396 5646 4100 5645 4099 5647 4396 5646 4099 5647 4395 5648 4395 5648 4099 5647 4098 5649 4395 5648 4098 5649 4394 5650 4394 5650 4098 5649 4097 5651 4394 5650 4097 5651 4393 5652 4393 5652 4097 5651 4096 5653 4393 5652 4096 5653 4392 5654 4392 5654 4096 5653 4095 5655 4107 5656 4403 5657 4108 5658 4108 5658 4403 5657 4404 5659 4108 5658 4404 5659 4109 5660 4109 5660 4404 5659 4405 5661 4109 5660 4405 5661 4110 5662 4110 5662 4405 5661 4406 5663 4110 5662 4406 5663 4111 5664 4111 5664 4406 5663 4407 5665 4111 5664 4407 5665 4112 5666 4112 5666 4407 5665 4408 5667 4112 5666 4408 5667 4113 5668 4113 5668 4408 5667 4409 5669 4113 5668 4409 5669 4114 5670 4114 5670 4409 5669 4410 5671 4114 5670 4410 5671 4115 5672 4115 5672 4410 5671 4411 5673 4115 5672 4411 5673 4116 5674 4116 5674 4411 5673 4412 5675 4116 5674 4412 5675 4117 5676 4117 5676 4412 5675 4413 5677 4117 5676 4413 5677 4118 5678 4118 5678 4413 5677 4119 5679 4119 5679 4413 5677 4414 5680 4119 5679 4414 5680 4120 5681 4120 5681 4414 5680 4415 5682 4120 5681 4415 5682 4121 5683 4121 5683 4415 5682 4416 5684 4121 5683 4416 5684 4122 5685 4122 5685 4416 5684 4417 5686 4122 5685 4417 5686 4123 5687 4123 5687 4417 5686 4418 5688 4123 5687 4418 5688 4124 5689 4124 5689 4418 5688 4419 5690 4124 5689 4419 5690 4125 5691 4125 5691 4419 5690 4420 5692 4125 5691 4420 5692 4126 5693 4126 5693 4420 5692 4421 5694 4126 5693 4421 5694 4127 5695 4127 5695 4421 5694 4422 5696 4127 5695 4422 5696 4128 5697 4128 5697 4422 5696 4423 5698 4128 5697 4423 5698 4129 5699 4129 5699 4423 5698 4130 5700 4130 5700 4423 5698 4424 5701 4130 5700 4424 5701 4131 5702 4131 5702 4424 5701 4425 5703 4131 5702 4425 5703 4132 5704 4132 5704 4425 5703 4426 5705 4132 5704 4426 5705 4133 5706 4133 5706 4426 5705 4427 5707 4133 5706 4427 5707 4134 5708 4134 5708 4427 5707 4428 5709 4134 5708 4428 5709 4135 5710 4135 5710 4428 5709 4429 5711 4135 5710 4429 5711 4136 5712 4136 5712 4429 5711 4430 5713 4136 5712 4430 5713 4137 5714 4137 5714 4430 5713 4431 5715 4137 5714 4431 5715 4138 5716 4138 5716 4431 5715 4432 5717 4138 5716 4432 5717 4139 5718 4139 5718 4432 5717 4140 5719 4140 5719 4432 5717 4433 5720 4140 5719 4433 5720 4141 5721 4141 5721 4433 5720 4434 5722 4141 5721 4434 5722 4142 5723 4142 5723 4434 5722 4435 5724 4142 5723 4435 5724 4143 5725 4143 5725 4435 5724 4436 5726 4143 5725 4436 5726 4144 5727 4144 5727 4436 5726 4437 5728 4144 5727 4437 5728 4145 5729 4145 5729 4437 5728 4438 5730 4145 5729 4438 5730 4146 5731 4146 5731 4438 5730 4439 5732 4146 5731 4439 5732 4147 5733 4147 5733 4439 5732 4440 5734 4147 5733 4440 5734 4148 5735 4148 5735 4440 5734 4441 5736 4148 5735 4441 5736 4149 5737 4149 5737 4441 5736 4392 5654 4149 5737 4392 5654 4095 5655 4403 5657 4107 5656 4446 5738 4446 5738 4107 5656 4155 5739 4446 5738 4155 5739 4445 5740 4445 5740 4155 5739 4154 5741 4445 5740 4154 5741 4444 5742 4444 5742 4154 5741 4153 5743 4444 5742 4153 5743 4443 5744 4443 5744 4153 5743 4152 5745 4443 5744 4152 5745 4442 5746 4442 5746 4152 5745 4151 5747 4442 5746 4151 5747 4262 5503 4262 5503 4151 5747 4150 5502 4275 5748 3991 5749 4357 5750 4357 5750 3991 5749 3990 5751 4357 5750 3990 5751 4358 5752 4358 5752 3990 5751 3989 5753 4358 5752 3989 5753 4359 5754 4359 5754 3989 5753 3988 5755 4359 5754 3988 5755 4360 5756 4360 5756 3988 5755 3987 5757 4360 5756 3987 5757 4361 5758 4361 5758 3987 5757 3986 5759 4361 5758 3986 5759 4362 5760 4362 5760 3986 5759 3985 5761 4362 5760 3985 5761 4363 5762 4363 5762 3985 5761 3984 5763 4363 5762 3984 5763 4364 5764 4364 5764 3984 5763 3983 5765 4364 5764 3983 5765 4365 5766 4365 5766 3983 5765 3982 5767 4365 5766 3982 5767 4366 5768 4366 5768 3982 5767 3981 5769 4366 5768 3981 5769 4367 5770 4367 5770 3981 5769 3967 5771 4268 5772 4003 5773 4315 5774 4315 5774 4003 5773 4084 5775 4315 5774 4084 5775 4316 5776 4316 5776 4084 5775 4083 5777 4316 5776 4083 5777 4317 5778 4317 5778 4083 5777 4082 5779 4317 5778 4082 5779 4318 5780 4318 5780 4082 5779 4081 5781 4318 5780 4081 5781 4319 5782 4319 5782 4081 5781 4080 5783 4319 5782 4080 5783 4320 5784 4320 5784 4080 5783 4079 5785 4320 5784 4079 5785 4321 5786 4321 5786 4079 5785 4078 5787 4321 5786 4078 5787 4322 5788 4322 5788 4078 5787 4077 5789 4322 5788 4077 5789 4323 5790 4323 5790 4077 5789 4076 5791 4323 5790 4076 5791 4324 5792 4324 5792 4076 5791 4075 5793 4324 5792 4075 5793 4325 5794 4325 5794 4075 5793 4074 5795 4325 5794 4074 5795 4326 5796 4326 5796 4074 5795 4073 5797 4326 5796 4073 5797 4327 5798 4327 5798 4073 5797 4072 5799 4327 5798 4072 5799 4328 5800 4328 5800 4072 5799 4071 5801 4328 5800 4071 5801 4329 5802 4329 5802 4071 5801 4070 5803 4329 5802 4070 5803 4330 5804 4330 5804 4070 5803 4069 5805 4330 5804 4069 5805 4331 5806 4331 5806 4069 5805 4068 5807 4331 5806 4068 5807 4332 5808 4332 5808 4068 5807 4067 5809 4332 5808 4067 5809 4333 5810 4333 5810 4067 5809 4066 5811 4333 5810 4066 5811 4334 5812 4334 5812 4066 5811 4065 5813 4334 5812 4065 5813 4335 5814 4335 5814 4065 5813 4064 5815 4335 5814 4064 5815 4336 5816 4336 5816 4064 5815 4063 5817 4336 5816 4063 5817 4337 5818 4337 5818 4063 5817 4062 5819 4337 5818 4062 5819 4338 5820 4338 5820 4062 5819 4061 5821 4338 5820 4061 5821 4339 5822 4339 5822 4061 5821 4060 5823 4339 5822 4060 5823 4340 5824 4340 5824 4060 5823 4059 5825 4340 5824 4059 5825 4341 5826 4341 5826 4059 5825 4058 5827 4341 5826 4058 5827 4342 5828 4342 5828 4058 5827 4057 5829 4342 5828 4057 5829 4343 5830 4343 5830 4057 5829 4056 5831 4343 5830 4056 5831 4344 5832 4344 5832 4056 5831 4055 5833 4344 5832 4055 5833 4345 5834 4345 5834 4055 5833 4054 5835 4345 5834 4054 5835 4346 5836 4346 5836 4054 5835 4053 5837 4346 5836 4053 5837 4347 5838 4347 5838 4053 5837 4052 5839 4347 5838 4052 5839 4348 5840 4348 5840 4052 5839 4051 5841 4348 5840 4051 5841 4349 5842 4349 5842 4051 5841 4050 5843 4349 5842 4050 5843 4350 5844 4350 5844 4050 5843 4049 5845 4350 5844 4049 5845 4351 5846 4351 5846 4049 5845 4048 5847 4351 5846 4048 5847 4352 5848 4352 5848 4048 5847 4047 5849 4352 5848 4047 5849 4353 5850 4353 5850 4047 5849 4046 5851 4353 5850 4046 5851 4354 5852 4354 5852 4046 5851 4045 5853 4354 5852 4045 5853 4355 5854 4355 5854 4045 5853 4044 5855 4355 5854 4044 5855 4356 5856 4356 5856 4044 5855 4043 5857 4356 5856 4043 5857 4275 5748 4275 5748 4043 5857 3991 5749 4156 5257 3833 5258 4263 5858 4263 5858 3833 5258 4089 5859 4263 5858 4089 5859 4264 5860 4264 5860 4089 5859 4088 5861 4264 5860 4088 5861 4265 5862 4265 5862 4088 5861 4087 5863 4265 5862 4087 5863 4266 5864 4266 5864 4087 5863 4086 5865 4266 5864 4086 5865 4267 5866 4267 5866 4086 5865 4085 5867 4267 5866 4085 5867 4268 5772 4268 5772 4085 5867 4003 5773 4261 5868 4381 5869 4262 5870 4262 5870 4381 5869 4380 5871 4262 5870 4380 5871 4442 5872 4442 5872 4380 5871 4379 5873 4442 5872 4379 5873 4443 5874 4443 5874 4379 5873 4402 5875 4443 5874 4402 5875 4444 5876 4444 5876 4402 5875 4454 5877 4444 5876 4454 5877 4445 5878 4445 5878 4454 5877 4455 5879 4445 5878 4455 5879 4446 5880 4446 5880 4455 5879 4409 5881 4446 5880 4409 5881 4408 5882 4261 5868 4260 5883 4381 5869 4381 5869 4260 5883 4382 5884 4382 5884 4260 5883 4259 5885 4382 5884 4259 5885 4258 5886 4258 5886 4257 5887 4382 5884 4382 5884 4257 5887 4256 5888 4382 5884 4256 5888 4255 5889 4255 5889 4254 5890 4382 5884 4382 5884 4254 5890 4253 5891 4382 5884 4253 5891 4252 5892 4382 5884 4252 5892 4383 5893 4383 5893 4252 5892 4251 5894 4383 5893 4251 5894 4250 5895 4250 5895 4249 5896 4383 5893 4383 5893 4249 5896 4248 5897 4383 5893 4248 5897 4247 5898 4247 5898 4246 5899 4383 5893 4383 5893 4246 5899 4384 5900 4384 5900 4246 5899 4245 5901 4384 5900 4245 5901 4244 5902 4384 5900 4244 5902 4385 5903 4385 5903 4244 5902 4274 5904 4385 5903 4274 5904 4368 5905 4368 5905 4274 5904 4273 5906 4368 5905 4273 5906 4369 5907 4369 5907 4273 5906 4272 5908 4369 5907 4272 5908 4493 5909 4493 5909 4272 5908 4492 5910 4492 5910 4272 5908 4271 5911 4492 5910 4271 5911 4270 5912 4269 5913 4311 5914 4270 5912 4270 5912 4311 5914 4310 5915 4270 5912 4310 5915 4309 5916 4314 5917 4313 5918 4269 5913 4269 5913 4313 5918 4312 5919 4269 5913 4312 5919 4311 5914 4270 5912 4309 5916 4491 5920 4491 5920 4309 5916 4308 5921 4491 5920 4308 5921 4307 5922 4307 5922 4306 5923 4491 5920 4491 5920 4306 5923 4490 5924 4490 5924 4306 5923 4305 5925 4490 5924 4305 5925 4489 5926 4489 5926 4305 5925 4304 5927 4489 5926 4304 5927 4488 5928 4488 5928 4304 5927 4487 5929 4487 5929 4304 5927 4303 5930 4487 5929 4303 5930 4486 5931 4486 5931 4303 5930 4302 5932 4486 5931 4302 5932 4485 5933 4485 5933 4302 5932 4484 5934 4484 5934 4302 5932 4301 5935 4484 5934 4301 5935 4483 5936 4483 5936 4301 5935 4300 5937 4483 5936 4300 5937 4482 5938 4482 5938 4300 5937 4516 5939 4516 5939 4300 5937 4299 5940 4516 5939 4299 5940 4515 5941 4515 5941 4299 5940 4298 5942 4515 5941 4298 5942 4514 5943 4514 5943 4298 5942 4513 5944 4513 5944 4298 5942 4297 5945 4513 5944 4297 5945 4512 5946 4512 5946 4297 5945 4511 5947 4511 5947 4297 5945 4296 5948 4511 5947 4296 5948 4510 5949 4510 5949 4296 5948 4295 5950 4510 5949 4295 5950 4509 5951 4509 5951 4295 5950 4294 5952 4509 5951 4294 5952 4508 5953 4508 5953 4294 5952 4293 5954 4508 5953 4293 5954 4277 5955 4277 5955 4293 5954 4278 5956 4278 5956 4293 5954 4292 5957 4278 5956 4292 5957 4279 5958 4279 5958 4292 5957 4291 5959 4279 5958 4291 5959 4280 5960 4280 5960 4291 5959 4290 5961 4280 5960 4290 5961 4281 5962 4281 5962 4290 5961 4289 5963 4281 5962 4289 5963 4282 5964 4282 5964 4289 5963 4288 5965 4282 5964 4288 5965 4283 5966 4283 5966 4288 5965 4287 5967 4283 5966 4287 5967 4284 5968 4284 5968 4287 5967 4286 5969 4284 5968 4286 5969 4285 5970 4277 5955 4276 5971 4508 5953 4508 5953 4276 5971 4507 5972 4507 5972 4276 5971 4378 5973 4507 5972 4378 5973 4506 5974 4506 5974 4378 5973 4505 5975 4505 5975 4378 5973 4377 5976 4505 5975 4377 5976 4504 5977 4504 5977 4377 5976 4503 5978 4503 5978 4377 5976 4376 5979 4503 5978 4376 5979 4502 5980 4502 5980 4376 5979 4501 5981 4501 5981 4376 5979 4375 5982 4501 5981 4375 5982 4500 5983 4500 5983 4375 5982 4374 5984 4500 5983 4374 5984 4499 5985 4499 5985 4374 5984 4498 5986 4498 5986 4374 5984 4373 5987 4498 5986 4373 5987 4497 5988 4497 5988 4373 5987 4372 5989 4497 5988 4372 5989 4496 5990 4496 5990 4372 5989 4495 5991 4495 5991 4372 5989 4371 5992 4495 5991 4371 5992 4494 5993 4494 5993 4371 5992 4370 5994 4494 5993 4370 5994 4493 5909 4493 5909 4370 5994 4369 5907 4402 5875 4401 5995 4454 5877 4454 5877 4401 5995 4453 5996 4453 5996 4401 5995 4400 5997 4453 5996 4400 5997 4452 5998 4452 5998 4400 5997 4451 5999 4451 5999 4400 5997 4399 6000 4451 5999 4399 6000 4450 6001 4450 6001 4399 6000 4398 6002 4450 6001 4398 6002 4449 6003 4449 6003 4398 6002 4448 6004 4448 6004 4398 6002 4397 6005 4448 6004 4397 6005 4447 6006 4447 6006 4397 6005 4396 6007 4447 6006 4396 6007 4481 6008 4481 6008 4396 6007 4480 6009 4480 6009 4396 6007 4395 6010 4480 6009 4395 6010 4479 6011 4479 6011 4395 6010 4478 6012 4478 6012 4395 6010 4394 6013 4478 6012 4394 6013 4477 6014 4477 6014 4394 6013 4476 6015 4476 6015 4394 6013 4393 6016 4476 6015 4393 6016 4475 6017 4475 6017 4393 6016 4392 6018 4475 6017 4392 6018 4474 6019 4474 6019 4392 6018 4441 6020 4474 6019 4441 6020 4473 6021 4473 6021 4441 6020 4425 6022 4473 6021 4425 6022 4424 6023 4441 6020 4440 6024 4425 6022 4425 6022 4440 6024 4426 6025 4426 6025 4440 6024 4439 6026 4426 6025 4439 6026 4427 6027 4427 6027 4439 6026 4438 6028 4427 6027 4438 6028 4428 6029 4428 6029 4438 6028 4437 6030 4428 6029 4437 6030 4429 6031 4429 6031 4437 6030 4436 6032 4429 6031 4436 6032 4430 6033 4430 6033 4436 6032 4435 6034 4430 6033 4435 6034 4431 6035 4431 6035 4435 6034 4434 6036 4431 6035 4434 6036 4432 6037 4432 6037 4434 6036 4433 6038 4473 6021 4424 6023 4472 6039 4472 6039 4424 6023 4423 6040 4472 6039 4423 6040 4422 6041 4421 6042 4470 6043 4422 6041 4422 6041 4470 6043 4471 6044 4422 6041 4471 6044 4472 6039 4420 6045 4468 6046 4421 6042 4421 6042 4468 6046 4469 6047 4421 6042 4469 6047 4470 6043 4468 6046 4420 6045 4467 6048 4467 6048 4420 6045 4419 6049 4467 6048 4419 6049 4466 6050 4466 6050 4419 6049 4465 6051 4465 6051 4419 6049 4418 6052 4465 6051 4418 6052 4464 6053 4464 6053 4418 6052 4417 6054 4464 6053 4417 6054 4463 6055 4463 6055 4417 6054 4462 6056 4462 6056 4417 6054 4416 6057 4462 6056 4416 6057 4461 6058 4461 6058 4416 6057 4415 6059 4461 6058 4415 6059 4460 6060 4460 6060 4415 6059 4459 6061 4459 6061 4415 6059 4414 6062 4459 6061 4414 6062 4458 6063 4458 6063 4414 6062 4413 6064 4458 6063 4413 6064 4457 6065 4457 6065 4413 6064 4412 6066 4457 6065 4412 6066 4456 6067 4456 6067 4412 6066 4411 6068 4456 6067 4411 6068 4410 6069 4456 6067 4410 6069 4455 5879 4455 5879 4410 6069 4409 5881 4408 5882 4407 6070 4446 5880 4446 5880 4407 6070 4403 6071 4403 6071 4407 6070 4406 6072 4403 6071 4406 6072 4405 6073 4405 6073 4404 6074 4403 6071 4491 5920 4492 5910 4270 5912 4367 5770 3967 5771 4386 6075 4386 6075 3967 5771 3980 6076 4386 6075 3980 6076 4387 6077 4387 6077 3980 6076 3979 6078 4387 6077 3979 6078 4388 6079 4388 6079 3979 6078 3978 6080 4388 6079 3978 6080 4389 6081 4389 6081 3978 6080 3977 6082 4389 6081 3977 6082 4390 6083 4390 6083 3977 6082 3976 6084 4390 6083 3976 6084 4391 6085 4391 6085 3976 6084 3975 6086 4391 6085 3975 6086 4106 5101 4106 5101 3975 6086 3955 5102 4208 6087 4448 6088 4174 6089 4174 6089 4448 6088 4447 6090 4174 6089 4447 6090 4175 6091 4175 6091 4447 6090 4481 6092 4175 6091 4481 6092 4176 6093 4176 6093 4481 6092 4480 6094 4176 6093 4480 6094 4177 6095 4177 6095 4480 6094 4479 6096 4177 6095 4479 6096 4178 6097 4178 6097 4479 6096 4478 6098 4178 6097 4478 6098 4179 6099 4179 6099 4478 6098 4477 6100 4179 6099 4477 6100 4180 6101 4180 6101 4477 6100 4476 6102 4180 6101 4476 6102 4181 6103 4181 6103 4476 6102 4475 6104 4181 6103 4475 6104 4182 6105 4182 6105 4475 6104 4474 6106 4182 6105 4474 6106 4183 6107 4183 6107 4474 6106 4473 6108 4183 6107 4473 6108 4184 6109 4184 6109 4473 6108 4472 6110 4184 6109 4472 6110 4185 6111 4185 6111 4472 6110 4471 6112 4185 6111 4471 6112 4186 6113 4186 6113 4471 6112 4470 6114 4186 6113 4470 6114 4187 6115 4187 6115 4470 6114 4469 6116 4187 6115 4469 6116 4188 6117 4188 6117 4469 6116 4468 6118 4188 6117 4468 6118 4189 6119 4189 6119 4468 6118 4467 6120 4189 6119 4467 6120 4190 6121 4190 6121 4467 6120 4466 6122 4190 6121 4466 6122 4191 6123 4191 6123 4466 6122 4465 6124 4191 6123 4465 6124 4192 6125 4192 6125 4465 6124 4464 6126 4192 6125 4464 6126 4193 6127 4193 6127 4464 6126 4463 6128 4193 6127 4463 6128 4194 6129 4194 6129 4463 6128 4462 6130 4194 6129 4462 6130 4195 6131 4195 6131 4462 6130 4461 6132 4195 6131 4461 6132 4196 6133 4196 6133 4461 6132 4460 6134 4196 6133 4460 6134 4197 6135 4197 6135 4460 6134 4459 6136 4197 6135 4459 6136 4198 6137 4198 6137 4459 6136 4458 6138 4198 6137 4458 6138 4199 6139 4199 6139 4458 6138 4457 6140 4199 6139 4457 6140 4200 6141 4200 6141 4457 6140 4456 6142 4200 6141 4456 6142 4201 6143 4201 6143 4456 6142 4455 6144 4201 6143 4455 6144 4202 6145 4202 6145 4455 6144 4454 6146 4202 6145 4454 6146 4203 6147 4203 6147 4454 6146 4453 6148 4203 6147 4453 6148 4204 6149 4204 6149 4453 6148 4452 6150 4204 6149 4452 6150 4205 6151 4205 6151 4452 6150 4451 6152 4205 6151 4451 6152 4206 6153 4206 6153 4451 6152 4450 6154 4206 6153 4450 6154 4207 6155 4207 6155 4450 6154 4449 6156 4207 6155 4449 6156 4208 6087 4208 6087 4449 6156 4448 6088 4243 6157 4483 6158 4209 6159 4209 6159 4483 6158 4482 6160 4209 6159 4482 6160 4210 6161 4210 6161 4482 6160 4516 6162 4210 6161 4516 6162 4211 6163 4211 6163 4516 6162 4515 6164 4211 6163 4515 6164 4212 6165 4212 6165 4515 6164 4514 6166 4212 6165 4514 6166 4213 6167 4213 6167 4514 6166 4513 6168 4213 6167 4513 6168 4214 6169 4214 6169 4513 6168 4512 6170 4214 6169 4512 6170 4215 6171 4215 6171 4512 6170 4511 6172 4215 6171 4511 6172 4216 6173 4216 6173 4511 6172 4510 6174 4216 6173 4510 6174 4217 6175 4217 6175 4510 6174 4509 6176 4217 6175 4509 6176 4218 6177 4218 6177 4509 6176 4508 6178 4218 6177 4508 6178 4219 6179 4219 6179 4508 6178 4507 6180 4219 6179 4507 6180 4220 6181 4220 6181 4507 6180 4506 6182 4220 6181 4506 6182 4221 6183 4221 6183 4506 6182 4505 6184 4221 6183 4505 6184 4222 6185 4222 6185 4505 6184 4504 6186 4222 6185 4504 6186 4223 6187 4223 6187 4504 6186 4503 6188 4223 6187 4503 6188 4224 6189 4224 6189 4503 6188 4502 6190 4224 6189 4502 6190 4225 6191 4225 6191 4502 6190 4501 6192 4225 6191 4501 6192 4226 6193 4226 6193 4501 6192 4500 6194 4226 6193 4500 6194 4227 6195 4227 6195 4500 6194 4499 6196 4227 6195 4499 6196 4228 6197 4228 6197 4499 6196 4498 6198 4228 6197 4498 6198 4229 6199 4229 6199 4498 6198 4497 6200 4229 6199 4497 6200 4230 6201 4230 6201 4497 6200 4496 6202 4230 6201 4496 6202 4231 6203 4231 6203 4496 6202 4495 6204 4231 6203 4495 6204 4232 6205 4232 6205 4495 6204 4494 6206 4232 6205 4494 6206 4233 6207 4233 6207 4494 6206 4493 6208 4233 6207 4493 6208 4234 6209 4234 6209 4493 6208 4492 6210 4234 6209 4492 6210 4235 6211 4235 6211 4492 6210 4491 6212 4235 6211 4491 6212 4236 6213 4236 6213 4491 6212 4490 6214 4236 6213 4490 6214 4237 6215 4237 6215 4490 6214 4489 6216 4237 6215 4489 6216 4238 6217 4238 6217 4489 6216 4488 6218 4238 6217 4488 6218 4239 6219 4239 6219 4488 6218 4487 6220 4239 6219 4487 6220 4240 6221 4240 6221 4487 6220 4486 6222 4240 6221 4486 6222 4241 6223 4241 6223 4486 6222 4485 6224 4241 6223 4485 6224 4242 6225 4242 6225 4485 6224 4484 6226 4242 6225 4484 6226 4243 6157 4243 6157 4484 6226 4483 6158</p>
        </triangles>
      </mesh>
    </geometry>
  </library_geometries>
  <library_visual_scenes>
    <visual_scene id="Scene" name="Scene">
      <node id="left_pivot-node" name="left_pivot" type="NODE">
        <instance_geometry url="#left_pivot-mesh">
          <bind_material>
            <technique_common>
              <instance_material symbol="AS_1420_1973_M3_x_14__Opaque_190_188_186_" target="#AS_1420_1973_M3_x_14__Opaque_190_188_186_"/>
              <instance_material symbol="UN_5721_M3_0_5__Opaque_190_188_186_" target="#UN_5721_M3_0_5__Opaque_190_188_186_"/>
              <instance_material symbol="leva__Opaque_224_223_219_" target="#leva__Opaque_224_223_219_"/>
            </technique_common>
          </bind_material>
        </instance_geometry>
      </node>
    </visual_scene>
  </library_visual_scenes>
  <scene>
    <instance_visual_scene url="#Scene"/>
  </scene>
</COLLADA>
