<?xml version="1.0" encoding="utf-8"?>
<COLLADA xmlns="http://www.collada.org/2005/11/COLLADASchema" version="1.4.1">
  <asset>
    <contributor>
      <authoring_tool>Fusion URDF/XACRO Exporter</authoring_tool>
    </contributor>
    <created>2026-05-04T15:59:49Z</created>
    <modified>2026-05-04T15:59:49Z</modified>
    <unit name="meter" meter="1.0"/>
    <up_axis>Z_UP</up_axis>
  </asset>
  <library_effects>
    <effect id="Opaque_244_244_244_-effect">
      <profile_COMMON>
        <technique sid="common">
          <lambert>
            <emission><color>0 0 0 1</color></emission>
            <ambient><color>0.0000 0.0000 0.0000 1</color></ambient>
            <diffuse><color>0.9569 0.9569 0.9569 1</color></diffuse>
            <reflective><color>0 0 0 1</color></reflective>
            <transparent opaque="A_ONE"><color>1 1 1 1</color></transparent>
            <transparency><float>1</float></transparency>
          </lambert>
        </technique>
      </profile_COMMON>
    </effect>
    <effect id="Opaque_245_245_246_-effect">
      <profile_COMMON>
        <technique sid="common">
          <lambert>
            <emission><color>0 0 0 1</color></emission>
            <ambient><color>0.0000 0.0000 0.0000 1</color></ambient>
            <diffuse><color>0.9608 0.9608 0.9647 1</color></diffuse>
            <reflective><color>0 0 0 1</color></reflective>
            <transparent opaque="A_ONE"><color>1 1 1 1</color></transparent>
            <transparency><float>1</float></transparency>
          </lambert>
        </technique>
      </profile_COMMON>
    </effect>
    <effect id="Opaque_190_188_186_-effect">
      <profile_COMMON>
        <technique sid="common">
          <lambert>
            <emission><color>0 0 0 1</color></emission>
            <ambient><color>0.0000 0.0000 0.0000 1</color></ambient>
            <diffuse><color>0.7451 0.7373 0.7294 1</color></diffuse>
            <reflective><color>0 0 0 1</color></reflective>
            <transparent opaque="A_ONE"><color>1 1 1 1</color></transparent>
            <transparency><float>1</float></transparency>
          </lambert>
        </technique>
      </profile_COMMON>
    </effect>
  </library_effects>
  <library_materials>
    <material id="Opaque_244_244_244_" name="Opaque(244,244,244)">
      <instance_effect url="#Opaque_244_244_244_-effect"/>
    </material>
    <material id="Opaque_245_245_246_" name="Opaque(245,245,246)">
      <instance_effect url="#Opaque_245_245_246_-effect"/>
    </material>
    <material id="Opaque_190_188_186_" name="Opaque(190,188,186)">
      <instance_effect url="#Opaque_190_188_186_-effect"/>
    </material>
  </library_materials>
  <library_geometries>
    <geometry id="servo_mount-mesh" name="servo_mount">
      <mesh>
        <source id="servo_mount-mesh-positions">
          <float_array id="servo_mount-mesh-positions-array" count="12663">-0.000980 0.031000 -0.001662 -0.000485 0.031500 -0.001736 0.000009 0.032000 -0.001810 0.000998 0.033000 -0.001958 0.000864 0.033000 -0.002580 0.000652 0.033000 -0.003181 0.000366 0.033000 -0.003749 0.000009 0.033000 -0.004277 -0.000411 0.033000 -0.004754 -0.001826 0.031000 -0.003340 -0.001516 0.031000 -0.002977 -0.001268 0.031000 -0.002569 -0.001088 0.031000 -0.002127 -0.003435 0.033000 -0.007778 -0.004849 0.031000 -0.006364 0.002222 0.033000 -0.013435 0.003636 0.031000 -0.014849 0.003071 0.031000 -0.015348 0.002448 0.031000 -0.015771 0.001776 0.031000 -0.016113 0.001067 0.031000 -0.016368 0.000332 0.031000 -0.016533 -0.000418 0.031000 -0.016604 -0.001171 0.031000 -0.016580 -0.001915 0.031000 -0.016462 -0.002639 0.031000 -0.016252 -0.003331 0.031000 -0.015953 -0.003979 0.031000 -0.015569 -0.004574 0.031000 -0.015107 -0.005107 0.031000 -0.014574 -0.005569 0.031000 -0.013979 -0.005953 0.031000 -0.013331 -0.006252 0.031000 -0.012639 -0.006462 0.031000 -0.011915 -0.006580 0.031000 -0.011171 -0.006604 0.031000 -0.010418 -0.006533 0.031000 -0.009668 -0.006368 0.031000 -0.008933 -0.006113 0.031000 -0.008224 -0.005771 0.031000 -0.007552 -0.005348 0.031000 -0.006929 -0.003843 0.033000 -0.008255 -0.004171 0.033000 -0.008791 -0.004411 0.033000 -0.009371 -0.004557 0.033000 -0.009981 -0.004607 0.033000 -0.010607 -0.004557 0.033000 -0.011232 -0.004411 0.033000 -0.011843 -0.004171 0.033000 -0.012423 -0.003843 0.033000 -0.012958 -0.003435 0.033000 -0.013435 -0.002958 0.033000 -0.013843 -0.002423 0.033000 -0.014171 -0.001843 0.033000 -0.014411 -0.001232 0.033000 -0.014557 -0.000607 0.033000 -0.014607 0.000019 0.033000 -0.014557 0.000629 0.033000 -0.014411 0.001209 0.033000 -0.014171 0.001745 0.033000 -0.013843 0.005246 0.033000 -0.010411 0.006660 0.031000 -0.011826 0.008042 0.033000 -0.009002 0.008190 0.032000 -0.009991 0.008264 0.031500 -0.010485 0.008338 0.031000 -0.010980 0.007873 0.031000 -0.011088 0.007431 0.031000 -0.011268 0.007023 0.031000 -0.011516 0.005723 0.033000 -0.009991 0.006251 0.033000 -0.009634 0.006819 0.033000 -0.009348 0.007420 0.033000 -0.009136 0.008269 0.032774 -0.009201 0.008529 0.032572 -0.009382 0.008824 0.032406 -0.009541 0.009155 0.032294 -0.009669 0.009099 0.031647 -0.010314 0.009042 0.031000 -0.010958 0.008689 0.031000 -0.010948 0.008467 0.031500 -0.010461 0.008378 0.032500 -0.009465 0.008423 0.032000 -0.009963 0.008641 0.032500 -0.009449 0.008656 0.032000 -0.009949 0.008672 0.031500 -0.010449 0.008893 0.032000 -0.009948 0.008879 0.031500 -0.010448 0.012695 0.031000 -0.010665 0.012450 0.032000 -0.009695 0.012205 0.033000 -0.008726 0.013046 0.033000 -0.008469 0.013859 0.033000 -0.008131 0.014634 0.033000 -0.007715 0.015365 0.033000 -0.007226 0.016045 0.033000 -0.006667 0.016667 0.033000 -0.006045 0.017226 0.033000 -0.005365 0.017715 0.033000 -0.004634 0.018131 0.033000 -0.003859 0.018469 0.033000 -0.003046 0.018726 0.033000 -0.002205 0.019695 0.032000 -0.002450 0.020665 0.031000 -0.002695 0.020381 0.031000 -0.003639 0.020013 0.031000 -0.004554 0.019565 0.031000 -0.005432 0.019041 0.031000 -0.006266 0.018443 0.031000 -0.007051 0.017778 0.031000 -0.007778 0.017051 0.031000 -0.008443 0.016266 0.031000 -0.009041 0.015432 0.031000 -0.009565 0.014554 0.031000 -0.010013 0.013639 0.031000 -0.010381 0.009581 0.032222 -0.009769 0.010024 0.032200 -0.009800 0.010464 0.032227 -0.009761 0.010888 0.032303 -0.009656 0.011282 0.032424 -0.009489 0.011637 0.032585 -0.009272 0.011945 0.032778 -0.009014 0.011795 0.031000 -0.010852 0.010881 0.031000 -0.010964 0.009960 0.031000 -0.011000 0.009542 0.032000 -0.009989 0.010370 0.032000 -0.009993 0.011204 0.032000 -0.009927 0.009956 0.032000 -0.010000 0.010784 0.032000 -0.009969 0.011623 0.032000 -0.009867 0.019014 0.032778 -0.001945 0.019272 0.032585 -0.001637 0.019489 0.032424 -0.001282 0.019656 0.032303 -0.000888 0.019761 0.032227 -0.000464 0.019800 0.032200 -0.000023 0.019769 0.032222 0.000419 0.019669 0.032294 0.000845 0.020314 0.031647 0.000901 0.020958 0.031000 0.000958 0.021000 0.031000 0.000040 0.020964 0.031000 -0.000881 0.020852 0.031000 -0.001795 0.019788 0.032000 -0.002047 0.019924 0.032000 -0.001230 0.019992 0.032000 -0.000396 0.019864 0.032000 -0.001640 0.019966 0.032000 -0.000818 0.020000 0.032000 0.000026 0.020980 0.031000 0.001662 0.020485 0.031500 0.001736 0.019991 0.032000 0.001810 0.019002 0.033000 0.001958 0.019136 0.033000 0.002580 0.019348 0.033000 0.003181 0.019634 0.033000 0.003749 0.019991 0.033000 0.004277 0.020411 0.033000 0.004754 0.021826 0.031000 0.003340 0.021516 0.031000 0.002977 0.021268 0.031000 0.002569 0.021088 0.031000 0.002127 0.023435 0.033000 0.007778 0.024849 0.031000 0.006364 0.017778 0.033000 0.013435 0.016364 0.031000 0.014849 0.016929 0.031000 0.015348 0.017552 0.031000 0.015771 0.018224 0.031000 0.016113 0.018933 0.031000 0.016368 0.019668 0.031000 0.016533 0.020418 0.031000 0.016604 0.021171 0.031000 0.016580 0.021915 0.031000 0.016462 0.022639 0.031000 0.016252 0.023331 0.031000 0.015953 0.023979 0.031000 0.015569 0.024574 0.031000 0.015107 0.025107 0.031000 0.014574 0.025569 0.031000 0.013979 0.025953 0.031000 0.013331 0.026252 0.031000 0.012639 0.026462 0.031000 0.011915 0.026580 0.031000 0.011171 0.026604 0.031000 0.010418 0.026533 0.031000 0.009668 0.026368 0.031000 0.008933 0.026113 0.031000 0.008224 0.025771 0.031000 0.007552 0.025348 0.031000 0.006929 0.023843 0.033000 0.008255 0.024171 0.033000 0.008791 0.024411 0.033000 0.009371 0.024557 0.033000 0.009981 0.024607 0.033000 0.010607 0.024557 0.033000 0.011232 0.024411 0.033000 0.011843 0.024171 0.033000 0.012423 0.023843 0.033000 0.012958 0.023435 0.033000 0.013435 0.022958 0.033000 0.013843 0.022423 0.033000 0.014171 0.021843 0.033000 0.014411 0.021232 0.033000 0.014557 0.020607 0.033000 0.014607 0.019981 0.033000 0.014557 0.019371 0.033000 0.014411 0.018791 0.033000 0.014171 0.018255 0.033000 0.013843 0.014754 0.033000 0.010411 0.013340 0.031000 0.011826 0.011958 0.033000 0.009002 0.011810 0.032000 0.009991 0.011736 0.031500 0.010485 0.011662 0.031000 0.010980 0.012127 0.031000 0.011088 0.012569 0.031000 0.011268 0.012977 0.031000 0.011516 0.014277 0.033000 0.009991 0.013749 0.033000 0.009634 0.013181 0.033000 0.009348 0.012580 0.033000 0.009136 0.019541 0.032406 0.001176 0.019382 0.032572 0.001471 0.019201 0.032774 0.001731 0.020948 0.031000 0.001311 0.020448 0.031500 0.001119 0.019948 0.032000 0.001105 0.019449 0.032500 0.001354 0.019949 0.032000 0.001339 0.020448 0.031500 0.001324 0.019465 0.032500 0.001620 0.019963 0.032000 0.001575 0.020461 0.031500 0.001531 0.011731 0.032774 0.009201 0.011471 0.032572 0.009382 0.011176 0.032406 0.009541 0.010845 0.032294 0.009669 0.010901 0.031647 0.010314 0.010958 0.031000 0.010958 0.011311 0.031000 0.010948 0.011533 0.031500 0.010461 0.011622 0.032500 0.009465 0.011577 0.032000 0.009963 0.011359 0.032500 0.009449 0.011344 0.032000 0.009949 0.011328 0.031500 0.010449 0.011107 0.032000 0.009948 0.011121 0.031500 0.010448 0.007305 0.031000 0.010665 0.007550 0.032000 0.009695 0.007795 0.033000 0.008726 0.006954 0.033000 0.008469 0.006141 0.033000 0.008131 0.005366 0.033000 0.007715 0.004635 0.033000 0.007226 0.003955 0.033000 0.006667 0.003333 0.033000 0.006045 0.002774 0.033000 0.005365 0.002285 0.033000 0.004634 0.001869 0.033000 0.003859 0.001531 0.033000 0.003046 0.001274 0.033000 0.002205 0.000305 0.032000 0.002450 -0.000665 0.031000 0.002695 -0.000381 0.031000 0.003639 -0.000013 0.031000 0.004554 0.000435 0.031000 0.005432 0.000959 0.031000 0.006266 0.001557 0.031000 0.007051 0.002222 0.031000 0.007778 0.002949 0.031000 0.008443 0.003734 0.031000 0.009041 0.004568 0.031000 0.009565 0.005446 0.031000 0.010013 0.006361 0.031000 0.010381 0.010418 0.032222 0.009769 0.009976 0.032200 0.009800 0.009536 0.032227 0.009761 0.009112 0.032303 0.009656 0.008718 0.032424 0.009489 0.008363 0.032585 0.009272 0.008055 0.032778 0.009014 0.008205 0.031000 0.010852 0.009119 0.031000 0.010964 0.010040 0.031000 0.011000 0.010458 0.032000 0.009989 0.009630 0.032000 0.009993 0.008796 0.032000 0.009927 0.010044 0.032000 0.010000 0.009216 0.032000 0.009969 0.008377 0.032000 0.009867 0.000986 0.032778 0.001945 0.000728 0.032585 0.001637 0.000511 0.032424 0.001282 0.000344 0.032303 0.000888 0.000239 0.032227 0.000464 0.000200 0.032200 0.000023 0.000231 0.032222 -0.000419 0.000331 0.032294 -0.000845 -0.000314 0.031647 -0.000901 -0.000958 0.031000 -0.000958 -0.001000 0.031000 -0.000040 -0.000964 0.031000 0.000881 -0.000852 0.031000 0.001795 0.000212 0.032000 0.002047 0.000076 0.032000 0.001230 0.000008 0.032000 0.000396 0.000136 0.032000 0.001640 0.000034 0.032000 0.000818 0.000000 0.032000 -0.000026 0.000459 0.032406 -0.001176 0.000618 0.032572 -0.001471 0.000799 0.032774 -0.001731 -0.000948 0.031000 -0.001311 -0.000448 0.031500 -0.001119 0.000052 0.032000 -0.001105 0.000551 0.032500 -0.001354 0.000051 0.032000 -0.001339 -0.000448 0.031500 -0.001324 0.000535 0.032500 -0.001620 0.000037 0.032000 -0.001575 -0.000461 0.031500 -0.001531 0.021826 0.027000 0.003340 0.021489 0.027000 0.002940 0.021228 0.027000 0.002487 0.021049 0.027000 0.001996 0.020958 0.027000 0.001481 0.020958 0.027000 0.000958 0.024849 0.027000 0.006364 0.016364 0.027000 0.014849 0.016929 0.027000 0.015348 0.017552 0.027000 0.015771 0.018224 0.027000 0.016113 0.018933 0.027000 0.016368 0.019668 0.027000 0.016533 0.020418 0.027000 0.016604 0.021171 0.027000 0.016580 0.021915 0.027000 0.016462 0.022639 0.027000 0.016252 0.023331 0.027000 0.015953 0.023979 0.027000 0.015569 0.024574 0.027000 0.015107 0.025107 0.027000 0.014574 0.025569 0.027000 0.013979 0.025953 0.027000 0.013331 0.026252 0.027000 0.012639 0.026462 0.027000 0.011915 0.026580 0.027000 0.011171 0.026604 0.027000 0.010418 0.026533 0.027000 0.009668 0.026368 0.027000 0.008933 0.026113 0.027000 0.008224 0.025771 0.027000 0.007552 0.025348 0.027000 0.006929 0.013340 0.027000 0.011826 0.010958 0.027000 0.010958 0.011481 0.027000 0.010958 0.011996 0.027000 0.011049 0.012487 0.027000 0.011228 0.012940 0.027000 0.011489 -0.000958 0.027000 -0.000958 -0.001000 0.027000 0.000051 -0.000949 0.027000 0.001060 -0.000805 0.027000 0.002060 -0.000571 0.027000 0.003042 -0.000247 0.027000 0.003999 0.000163 0.027000 0.004922 0.000656 0.027000 0.005804 0.001227 0.027000 0.006636 0.001873 0.027000 0.007413 0.002587 0.027000 0.008127 0.003364 0.027000 0.008773 0.004196 0.027000 0.009344 0.005078 0.027000 0.009837 0.006001 0.027000 0.010247 0.006958 0.027000 0.010571 0.007940 0.027000 0.010805 0.008940 0.027000 0.010949 0.009949 0.027000 0.011000 0.008020 0.030000 -0.008980 0.008418 0.030000 -0.009310 0.008869 0.030000 -0.009561 0.009359 0.030000 -0.009726 0.009871 0.030000 -0.009797 0.010387 0.030000 -0.009773 0.010890 0.030000 -0.009655 0.011362 0.030000 -0.009446 0.011789 0.030000 -0.009154 0.012154 0.030000 -0.008789 0.012446 0.030000 -0.008362 0.012655 0.030000 -0.007890 0.012773 0.030000 -0.007387 0.012797 0.030000 -0.006871 0.012726 0.030000 -0.006359 0.012561 0.030000 -0.005869 0.012310 0.030000 -0.005418 0.011980 0.030000 -0.005020 0.011582 0.030000 -0.004690 0.011131 0.030000 -0.004439 0.010641 0.030000 -0.004274 0.010129 0.030000 -0.004203 0.009613 0.030000 -0.004227 0.009110 0.030000 -0.004345 0.008638 0.030000 -0.004554 0.008211 0.030000 -0.004846 0.007846 0.030000 -0.005211 0.007554 0.030000 -0.005638 0.007345 0.030000 -0.006110 0.007227 0.030000 -0.006613 0.007203 0.030000 -0.007129 0.007274 0.030000 -0.007641 0.007439 0.030000 -0.008131 0.007690 0.030000 -0.008582 0.007709 0.033000 -0.008610 0.007453 0.033000 -0.008163 0.007283 0.033000 -0.007677 0.007205 0.033000 -0.007168 0.007221 0.033000 -0.006654 0.007332 0.033000 -0.006151 0.007532 0.033000 -0.005677 0.007816 0.033000 -0.005248 0.008174 0.033000 -0.004878 0.008593 0.033000 -0.004579 0.009060 0.033000 -0.004362 0.009559 0.033000 -0.004235 0.010072 0.033000 -0.004201 0.010583 0.033000 -0.004261 0.011075 0.033000 -0.004415 0.011530 0.033000 -0.004655 0.011933 0.033000 -0.004975 0.012271 0.033000 -0.005363 0.012533 0.033000 -0.005806 0.012709 0.033000 -0.006290 0.012793 0.033000 -0.006798 0.012783 0.033000 -0.007312 0.012678 0.033000 -0.007816 0.012484 0.033000 -0.008293 0.001020 0.030000 -0.001980 0.001418 0.030000 -0.002310 0.001869 0.030000 -0.002561 0.002359 0.030000 -0.002726 0.002871 0.030000 -0.002797 0.003387 0.030000 -0.002773 0.003890 0.030000 -0.002655 0.004362 0.030000 -0.002446 0.004789 0.030000 -0.002154 0.005154 0.030000 -0.001789 0.005446 0.030000 -0.001362 0.005655 0.030000 -0.000890 0.005773 0.030000 -0.000387 0.005797 0.030000 0.000129 0.005726 0.030000 0.000641 0.005561 0.030000 0.001131 0.005310 0.030000 0.001582 0.004980 0.030000 0.001980 0.004582 0.030000 0.002310 0.004131 0.030000 0.002561 0.003641 0.030000 0.002726 0.003129 0.030000 0.002797 0.002613 0.030000 0.002773 0.002110 0.030000 0.002655 0.001638 0.030000 0.002446 0.001211 0.030000 0.002154 0.000846 0.030000 0.001789 0.000554 0.030000 0.001362 0.000345 0.030000 0.000890 0.000227 0.030000 0.000387 0.000203 0.030000 -0.000129 0.000274 0.030000 -0.000641 0.000439 0.030000 -0.001131 0.000690 0.030000 -0.001582 0.001707 0.033000 0.002484 0.002184 0.033000 0.002678 0.002688 0.033000 0.002783 0.003202 0.033000 0.002793 0.003710 0.033000 0.002708 0.004194 0.033000 0.002533 0.004637 0.033000 0.002271 0.005025 0.033000 0.001933 0.005345 0.033000 0.001530 0.005585 0.033000 0.001075 0.005739 0.033000 0.000583 0.005799 0.033000 0.000072 0.005765 0.033000 -0.000441 0.005638 0.033000 -0.000940 0.005421 0.033000 -0.001407 0.005122 0.033000 -0.001826 0.004752 0.033000 -0.002184 0.004323 0.033000 -0.002468 0.003849 0.033000 -0.002668 0.003346 0.033000 -0.002779 0.002832 0.033000 -0.002795 0.002323 0.033000 -0.002717 0.001837 0.033000 -0.002547 0.001390 0.033000 -0.002291 0.008869 0.030000 -0.008131 0.009172 0.030000 -0.008369 0.009524 0.030000 -0.008528 0.009903 0.030000 -0.008597 0.010288 0.030000 -0.008574 0.010657 0.030000 -0.008459 0.010987 0.030000 -0.008259 0.011259 0.030000 -0.007987 0.011459 0.030000 -0.007657 0.011574 0.030000 -0.007288 0.011597 0.030000 -0.006903 0.011528 0.030000 -0.006524 0.011369 0.030000 -0.006172 0.011131 0.030000 -0.005869 0.010828 0.030000 -0.005631 0.010476 0.030000 -0.005472 0.010097 0.030000 -0.005403 0.009712 0.030000 -0.005426 0.009343 0.030000 -0.005541 0.009013 0.030000 -0.005741 0.008741 0.030000 -0.006013 0.008541 0.030000 -0.006343 0.008426 0.030000 -0.006712 0.008403 0.030000 -0.007097 0.008472 0.030000 -0.007476 0.008631 0.030000 -0.007828 0.015020 0.030000 -0.001980 0.014690 0.030000 -0.001582 0.014439 0.030000 -0.001131 0.014274 0.030000 -0.000641 0.014203 0.030000 -0.000129 0.014227 0.030000 0.000387 0.014345 0.030000 0.000890 0.014554 0.030000 0.001362 0.014846 0.030000 0.001789 0.015211 0.030000 0.002154 0.015638 0.030000 0.002446 0.016110 0.030000 0.002655 0.016613 0.030000 0.002773 0.017129 0.030000 0.002797 0.017641 0.030000 0.002726 0.018131 0.030000 0.002561 0.018582 0.030000 0.002310 0.018980 0.030000 0.001980 0.019310 0.030000 0.001582 0.019561 0.030000 0.001131 0.019726 0.030000 0.000641 0.019797 0.030000 0.000129 0.019773 0.030000 -0.000387 0.019655 0.030000 -0.000890 0.019446 0.030000 -0.001363 0.019154 0.030000 -0.001789 0.018789 0.030000 -0.002154 0.018362 0.030000 -0.002446 0.017890 0.030000 -0.002655 0.017387 0.030000 -0.002773 0.016871 0.030000 -0.002797 0.016359 0.030000 -0.002726 0.015869 0.030000 -0.002561 0.015418 0.030000 -0.002310 0.015869 0.030000 -0.001131 0.016172 0.030000 -0.001369 0.016524 0.030000 -0.001528 0.016903 0.030000 -0.001597 0.017288 0.030000 -0.001574 0.017657 0.030000 -0.001459 0.017987 0.030000 -0.001259 0.018259 0.030000 -0.000987 0.018459 0.030000 -0.000657 0.018574 0.030000 -0.000288 0.018597 0.030000 0.000097 0.018528 0.030000 0.000476 0.018369 0.030000 0.000828 0.018131 0.030000 0.001131 0.017828 0.030000 0.001369 0.017476 0.030000 0.001528 0.017097 0.030000 0.001597 0.016712 0.030000 0.001574 0.016343 0.030000 0.001459 0.016013 0.030000 0.001259 0.015741 0.030000 0.000987 0.015541 0.030000 0.000657 0.015426 0.030000 0.000288 0.015403 0.030000 -0.000097 0.015472 0.030000 -0.000476 0.015631 0.030000 -0.000828 0.018293 0.033000 -0.002484 0.017816 0.033000 -0.002678 0.017312 0.033000 -0.002783 0.016798 0.033000 -0.002793 0.016290 0.033000 -0.002708 0.015806 0.033000 -0.002533 0.015363 0.033000 -0.002271 0.014975 0.033000 -0.001933 0.014655 0.033000 -0.001530 0.014415 0.033000 -0.001075 0.014261 0.033000 -0.000583 0.014201 0.033000 -0.000072 0.014235 0.033000 0.000441 0.014362 0.033000 0.000940 0.014579 0.033000 0.001407 0.014878 0.033000 0.001826 0.015248 0.033000 0.002184 0.015677 0.033000 0.002468 0.016151 0.033000 0.002668 0.016654 0.033000 0.002779 0.017168 0.033000 0.002795 0.017677 0.033000 0.002717 0.018163 0.033000 0.002547 0.018610 0.033000 0.002291 0.008020 0.030000 0.005020 0.007690 0.030000 0.005418 0.007439 0.030000 0.005869 0.007274 0.030000 0.006359 0.007203 0.030000 0.006871 0.007227 0.030000 0.007387 0.007345 0.030000 0.007890 0.007554 0.030000 0.008362 0.007846 0.030000 0.008789 0.008211 0.030000 0.009154 0.008638 0.030000 0.009446 0.009110 0.030000 0.009655 0.009613 0.030000 0.009773 0.010129 0.030000 0.009797 0.010641 0.030000 0.009726 0.011131 0.030000 0.009561 0.011582 0.030000 0.009310 0.011980 0.030000 0.008980 0.012310 0.030000 0.008582 0.012561 0.030000 0.008131 0.012726 0.030000 0.007641 0.012797 0.030000 0.007129 0.012773 0.030000 0.006613 0.012655 0.030000 0.006110 0.012446 0.030000 0.005638 0.012154 0.030000 0.005211 0.011789 0.030000 0.004846 0.011362 0.030000 0.004554 0.010890 0.030000 0.004345 0.010387 0.030000 0.004227 0.009871 0.030000 0.004203 0.009359 0.030000 0.004274 0.008869 0.030000 0.004439 0.008418 0.030000 0.004690 0.008869 0.030000 0.005869 0.009172 0.030000 0.005631 0.009524 0.030000 0.005472 0.009903 0.030000 0.005403 0.010288 0.030000 0.005426 0.010657 0.030000 0.005541 0.010987 0.030000 0.005741 0.011259 0.030000 0.006013 0.011459 0.030000 0.006343 0.011574 0.030000 0.006712 0.011597 0.030000 0.007097 0.011528 0.030000 0.007476 0.011369 0.030000 0.007828 0.011131 0.030000 0.008131 0.010828 0.030000 0.008369 0.010476 0.030000 0.008528 0.010097 0.030000 0.008597 0.009712 0.030000 0.008574 0.009343 0.030000 0.008459 0.009013 0.030000 0.008259 0.008741 0.030000 0.007987 0.008541 0.030000 0.007657 0.008426 0.030000 0.007288 0.008403 0.030000 0.006903 0.008472 0.030000 0.006524 0.008631 0.030000 0.006172 0.012291 0.033000 0.008610 0.012547 0.033000 0.008163 0.012717 0.033000 0.007677 0.012795 0.033000 0.007168 0.012779 0.033000 0.006654 0.012668 0.033000 0.006151 0.012468 0.033000 0.005677 0.012184 0.033000 0.005248 0.011826 0.033000 0.004878 0.011407 0.033000 0.004579 0.010940 0.033000 0.004362 0.010441 0.033000 0.004235 0.009928 0.033000 0.004201 0.009417 0.033000 0.004261 0.008925 0.033000 0.004415 0.008470 0.033000 0.004655 0.008067 0.033000 0.004975 0.007729 0.033000 0.005363 0.007467 0.033000 0.005806 0.007292 0.033000 0.006290 0.007207 0.033000 0.006798 0.007217 0.033000 0.007312 0.007322 0.033000 0.007816 0.007516 0.033000 0.008293 0.001869 0.030000 -0.001131 0.002172 0.030000 -0.001369 0.002524 0.030000 -0.001528 0.002903 0.030000 -0.001597 0.003288 0.030000 -0.001574 0.003657 0.030000 -0.001459 0.003987 0.030000 -0.001259 0.004259 0.030000 -0.000987 0.004459 0.030000 -0.000657 0.004574 0.030000 -0.000288 0.004597 0.030000 0.000097 0.004528 0.030000 0.000476 0.004369 0.030000 0.000828 0.004131 0.030000 0.001131 0.003828 0.030000 0.001369 0.003476 0.030000 0.001528 0.003097 0.030000 0.001597 0.002712 0.030000 0.001574 0.002343 0.030000 0.001459 0.002013 0.030000 0.001259 0.001741 0.030000 0.000987 0.001541 0.030000 0.000657 0.001426 0.030000 0.000288 0.001403 0.030000 -0.000097 0.001472 0.030000 -0.000476 0.001631 0.030000 -0.000828 0.011945 0.030000 0.001945 0.011541 0.030000 0.002277 0.011083 0.030000 0.002528 0.010585 0.030000 0.002687 0.010065 0.030000 0.002749 0.009544 0.030000 0.002712 0.009039 0.030000 0.002577 0.008569 0.030000 0.002348 0.008150 0.030000 0.002035 0.007799 0.030000 0.001648 0.007526 0.030000 0.001202 0.007344 0.030000 0.000712 0.007257 0.030000 0.000196 0.007269 0.030000 -0.000326 0.007381 0.030000 -0.000837 0.007586 0.030000 -0.001318 0.007879 0.030000 -0.001751 0.008249 0.030000 -0.002121 0.008682 0.030000 -0.002414 0.009163 0.030000 -0.002619 0.009674 0.030000 -0.002731 0.010196 0.030000 -0.002743 0.010712 0.030000 -0.002656 0.011202 0.030000 -0.002474 0.011648 0.030000 -0.002201 0.012035 0.030000 -0.001850 0.012348 0.030000 -0.001431 0.012577 0.030000 -0.000961 0.012712 0.030000 -0.000456 0.012749 0.030000 0.000065 0.012687 0.030000 0.000585 0.012528 0.030000 0.001083 0.012277 0.030000 0.001541 0.010000 0.031652 -0.000000 0.011945 0.027000 0.001945 0.011541 0.027000 0.002277 0.011083 0.027000 0.002528 0.010585 0.027000 0.002687 0.010065 0.027000 0.002749 0.009544 0.027000 0.002712 0.009039 0.027000 0.002577 0.008569 0.027000 0.002348 0.008150 0.027000 0.002035 0.007799 0.027000 0.001648 0.007526 0.027000 0.001202 0.007344 0.027000 0.000712 0.007257 0.027000 0.000196 0.007269 0.027000 -0.000326 0.007381 0.027000 -0.000837 0.007586 0.027000 -0.001318 0.007879 0.027000 -0.001751 0.008249 0.027000 -0.002121 0.008682 0.027000 -0.002414 0.009163 0.027000 -0.002619 0.009674 0.027000 -0.002731 0.010196 0.027000 -0.002743 0.010712 0.027000 -0.002656 0.011202 0.027000 -0.002474 0.011648 0.027000 -0.002201 0.012035 0.027000 -0.001850 0.012348 0.027000 -0.001431 0.012577 0.027000 -0.000961 0.012712 0.027000 -0.000456 0.012749 0.027000 0.000065 0.012687 0.027000 0.000585 0.012528 0.027000 0.001083 0.012277 0.027000 0.001541 -0.001826 0.027000 -0.003340 -0.001489 0.027000 -0.002940 -0.001228 0.027000 -0.002487 -0.001049 0.027000 -0.001996 -0.000958 0.027000 -0.001481 -0.004849 0.027000 -0.006364 0.009042 0.027000 -0.010958 0.008519 0.027000 -0.010958 0.008004 0.027000 -0.011049 0.007513 0.027000 -0.011228 0.007060 0.027000 -0.011489 0.006660 0.027000 -0.011826 0.021000 0.027000 -0.000051 0.020949 0.027000 -0.001060 0.020805 0.027000 -0.002060 0.020571 0.027000 -0.003042 0.020247 0.027000 -0.003999 0.019837 0.027000 -0.004922 0.019344 0.027000 -0.005804 0.018773 0.027000 -0.006636 0.018127 0.027000 -0.007413 0.017413 0.027000 -0.008127 0.016636 0.027000 -0.008773 0.015804 0.027000 -0.009344 0.014922 0.027000 -0.009837 0.013999 0.027000 -0.010247 0.013042 0.027000 -0.010571 0.012060 0.027000 -0.010805 0.011060 0.027000 -0.010949 0.010051 0.027000 -0.011000 -0.001738 0.033000 -0.011738 -0.001976 0.033000 -0.011434 -0.002134 0.033000 -0.011083 -0.002204 0.033000 -0.010703 -0.002180 0.033000 -0.010318 -0.002066 0.033000 -0.009950 -0.001866 0.033000 -0.009620 -0.001593 0.033000 -0.009347 -0.001263 0.033000 -0.009148 -0.000895 0.033000 -0.009033 -0.000510 0.033000 -0.009010 -0.000131 0.033000 -0.009079 0.000221 0.033000 -0.009237 0.000525 0.033000 -0.009475 0.000763 0.033000 -0.009779 0.000921 0.033000 -0.010131 0.000990 0.033000 -0.010510 0.000967 0.033000 -0.010895 0.000852 0.033000 -0.011263 0.000653 0.033000 -0.011593 0.000380 0.033000 -0.011866 0.000050 0.033000 -0.012066 -0.000318 0.033000 -0.012180 -0.000703 0.033000 -0.012204 -0.001083 0.033000 -0.012134 -0.001434 0.033000 -0.011976 -0.001738 0.027000 -0.011738 -0.001434 0.027000 -0.011976 -0.001083 0.027000 -0.012134 -0.000703 0.027000 -0.012204 -0.000318 0.027000 -0.012180 0.000050 0.027000 -0.012066 0.000380 0.027000 -0.011866 0.000653 0.027000 -0.011593 0.000852 0.027000 -0.011263 0.000967 0.027000 -0.010895 0.000990 0.027000 -0.010510 0.000921 0.027000 -0.010131 0.000763 0.027000 -0.009779 0.000525 0.027000 -0.009475 0.000221 0.027000 -0.009237 -0.000131 0.027000 -0.009079 -0.000510 0.027000 -0.009010 -0.000895 0.027000 -0.009033 -0.001263 0.027000 -0.009148 -0.001593 0.027000 -0.009347 -0.001866 0.027000 -0.009620 -0.002066 0.027000 -0.009950 -0.002180 0.027000 -0.010318 -0.002204 0.027000 -0.010703 -0.002134 0.027000 -0.011083 -0.001976 0.027000 -0.011434 0.019475 0.033000 0.009475 0.019237 0.033000 0.009779 0.019079 0.033000 0.010131 0.019010 0.033000 0.010510 0.019033 0.033000 0.010895 0.019148 0.033000 0.011263 0.019347 0.033000 0.011593 0.019620 0.033000 0.011866 0.019950 0.033000 0.012066 0.020318 0.033000 0.012180 0.020703 0.033000 0.012204 0.021083 0.033000 0.012134 0.021434 0.033000 0.011976 0.021738 0.033000 0.011738 0.021976 0.033000 0.011434 0.022134 0.033000 0.011083 0.022204 0.033000 0.010703 0.022180 0.033000 0.010318 0.022066 0.033000 0.009950 0.021866 0.033000 0.009620 0.021593 0.033000 0.009347 0.021263 0.033000 0.009148 0.020895 0.033000 0.009033 0.020510 0.033000 0.009010 0.020131 0.033000 0.009079 0.019779 0.033000 0.009237 0.019475 0.027000 0.009475 0.019779 0.027000 0.009237 0.020131 0.027000 0.009079 0.020510 0.027000 0.009010 0.020895 0.027000 0.009033 0.021263 0.027000 0.009148 0.021593 0.027000 0.009347 0.021866 0.027000 0.009620 0.022066 0.027000 0.009950 0.022180 0.027000 0.010318 0.022204 0.027000 0.010703 0.022134 0.027000 0.011083 0.021976 0.027000 0.011434 0.021738 0.027000 0.011738 0.021434 0.027000 0.011976 0.021083 0.027000 0.012134 0.020703 0.027000 0.012204 0.020318 0.027000 0.012180 0.019950 0.027000 0.012066 0.019620 0.027000 0.011866 0.019347 0.027000 0.011593 0.019148 0.027000 0.011263 0.019033 0.027000 0.010895 0.019010 0.027000 0.010510 0.019079 0.027000 0.010131 0.019237 0.027000 0.009779 0.001869 0.027000 -0.001131 0.002172 0.027000 -0.001369 0.002524 0.027000 -0.001528 0.002903 0.027000 -0.001597 0.003288 0.027000 -0.001574 0.003657 0.027000 -0.001459 0.003987 0.027000 -0.001259 0.004259 0.027000 -0.000987 0.004459 0.027000 -0.000657 0.004574 0.027000 -0.000288 0.004597 0.027000 0.000097 0.004528 0.027000 0.000476 0.004369 0.027000 0.000828 0.004131 0.027000 0.001131 0.003828 0.027000 0.001369 0.003476 0.027000 0.001528 0.003097 0.027000 0.001597 0.002712 0.027000 0.001574 0.002343 0.027000 0.001459 0.002013 0.027000 0.001259 0.001741 0.027000 0.000987 0.001541 0.027000 0.000657 0.001426 0.027000 0.000288 0.001403 0.027000 -0.000097 0.001472 0.027000 -0.000476 0.001631 0.027000 -0.000828 0.008869 0.027000 0.005869 0.009172 0.027000 0.005631 0.009524 0.027000 0.005472 0.009903 0.027000 0.005403 0.010288 0.027000 0.005426 0.010657 0.027000 0.005541 0.010987 0.027000 0.005741 0.011259 0.027000 0.006013 0.011459 0.027000 0.006343 0.011574 0.027000 0.006712 0.011597 0.027000 0.007097 0.011528 0.027000 0.007476 0.011369 0.027000 0.007828 0.011131 0.027000 0.008131 0.010828 0.027000 0.008369 0.010476 0.027000 0.008528 0.010097 0.027000 0.008597 0.009712 0.027000 0.008574 0.009343 0.027000 0.008459 0.009013 0.027000 0.008259 0.008741 0.027000 0.007987 0.008541 0.027000 0.007657 0.008426 0.027000 0.007288 0.008403 0.027000 0.006903 0.008472 0.027000 0.006524 0.008631 0.027000 0.006172 0.015869 0.027000 -0.001131 0.016172 0.027000 -0.001369 0.016524 0.027000 -0.001528 0.016903 0.027000 -0.001597 0.017288 0.027000 -0.001574 0.017657 0.027000 -0.001459 0.017987 0.027000 -0.001259 0.018259 0.027000 -0.000987 0.018459 0.027000 -0.000657 0.018574 0.027000 -0.000288 0.018597 0.027000 0.000097 0.018528 0.027000 0.000476 0.018369 0.027000 0.000828 0.018131 0.027000 0.001131 0.017828 0.027000 0.001369 0.017476 0.027000 0.001528 0.017097 0.027000 0.001597 0.016712 0.027000 0.001574 0.016343 0.027000 0.001459 0.016013 0.027000 0.001259 0.015741 0.027000 0.000987 0.015541 0.027000 0.000657 0.015426 0.027000 0.000288 0.015403 0.027000 -0.000097 0.015472 0.027000 -0.000476 0.015631 0.027000 -0.000828 0.008869 0.027000 -0.008131 0.009172 0.027000 -0.008369 0.009524 0.027000 -0.008528 0.009903 0.027000 -0.008597 0.010288 0.027000 -0.008574 0.010657 0.027000 -0.008459 0.010987 0.027000 -0.008259 0.011259 0.027000 -0.007987 0.011459 0.027000 -0.007657 0.011574 0.027000 -0.007288 0.011597 0.027000 -0.006903 0.011528 0.027000 -0.006524 0.011369 0.027000 -0.006172 0.011131 0.027000 -0.005869 0.010828 0.027000 -0.005631 0.010476 0.027000 -0.005472 0.010097 0.027000 -0.005403 0.009712 0.027000 -0.005426 0.009343 0.027000 -0.005541 0.009013 0.027000 -0.005741 0.008741 0.027000 -0.006013 0.008541 0.027000 -0.006343 0.008426 0.027000 -0.006712 0.008403 0.027000 -0.007097 0.008472 0.027000 -0.007476 0.008631 0.027000 -0.007828 0.003636 0.027000 -0.014849 0.003071 0.027000 -0.015348 0.002448 0.027000 -0.015771 0.001776 0.027000 -0.016113 0.001067 0.027000 -0.016368 0.000332 0.027000 -0.016533 -0.000418 0.027000 -0.016604 -0.001171 0.027000 -0.016580 -0.001915 0.027000 -0.016462 -0.002639 0.027000 -0.016252 -0.003331 0.027000 -0.015953 -0.003979 0.027000 -0.015569 -0.004574 0.027000 -0.015107 -0.005107 0.027000 -0.014574 -0.005569 0.027000 -0.013979 -0.005953 0.027000 -0.013331 -0.006252 0.027000 -0.012639 -0.006462 0.027000 -0.011915 -0.006580 0.027000 -0.011171 -0.006604 0.027000 -0.010418 -0.006533 0.027000 -0.009668 -0.006368 0.027000 -0.008933 -0.006113 0.027000 -0.008224 -0.005771 0.027000 -0.007552 -0.005348 0.027000 -0.006929 0.007108 0.022575 -0.000886 0.007139 0.022575 -0.000983 0.007139 0.024700 -0.000983 0.007108 0.024700 -0.000886 0.007419 0.022575 -0.001577 0.007474 0.022575 -0.001664 0.007474 0.024700 -0.001664 0.007419 0.024700 -0.001577 0.007892 0.022575 -0.002170 0.007967 0.022575 -0.002240 0.007967 0.024700 -0.002240 0.007892 0.024700 -0.002170 0.008498 0.022575 -0.002626 0.008588 0.022575 -0.002675 0.008588 0.024700 -0.002675 0.008498 0.024700 -0.002626 0.009198 0.022575 -0.002917 0.009297 0.022575 -0.002942 0.009297 0.024700 -0.002942 0.009198 0.024700 -0.002917 0.009949 0.022575 -0.003025 0.010051 0.022575 -0.003025 0.010051 0.024700 -0.003025 0.009949 0.024700 -0.003025 0.010703 0.022575 -0.002942 0.010802 0.022575 -0.002917 0.010802 0.024700 -0.002917 0.010703 0.024700 -0.002942 0.011412 0.022575 -0.002675 0.011502 0.022575 -0.002626 0.011502 0.024700 -0.002626 0.011412 0.024700 -0.002675 0.012033 0.022575 -0.002240 0.012108 0.022575 -0.002170 0.012108 0.024700 -0.002170 0.012033 0.024700 -0.002240 0.012526 0.022575 -0.001664 0.012581 0.022575 -0.001577 0.012581 0.024700 -0.001577 0.012526 0.024700 -0.001664 0.012861 0.022575 -0.000983 0.012892 0.022575 -0.000886 0.012892 0.024700 -0.000886 0.012861 0.024700 -0.000983 0.013015 0.022575 -0.000241 0.013022 0.022575 -0.000139 0.013022 0.024700 -0.000139 0.013015 0.024700 -0.000241 0.012981 0.022575 0.000517 0.012961 0.022575 0.000617 0.012961 0.024700 0.000617 0.012981 0.024700 0.000517 0.012758 0.022575 0.001242 0.012715 0.022575 0.001334 0.012715 0.024700 0.001334 0.012758 0.024700 0.001242 0.012363 0.022575 0.001889 0.012298 0.022575 0.001967 0.012298 0.024700 0.001967 0.012363 0.024700 0.001889 0.011819 0.022575 0.002417 0.011736 0.022575 0.002477 0.011736 0.024700 0.002477 0.011819 0.024700 0.002417 0.011161 0.022575 0.002793 0.011066 0.022575 0.002831 0.011066 0.024700 0.002831 0.011161 0.024700 0.002793 0.010430 0.022575 0.002994 0.010328 0.022575 0.003007 0.010328 0.024700 0.003007 0.010430 0.024700 0.002994 0.009672 0.022575 0.003007 0.009570 0.022575 0.002994 0.009570 0.024700 0.002994 0.009672 0.024700 0.003007 0.008934 0.022575 0.002831 0.008839 0.022575 0.002793 0.008839 0.024700 0.002793 0.008934 0.024700 0.002831 0.008264 0.022575 0.002477 0.008181 0.022575 0.002417 0.008181 0.024700 0.002417 0.008264 0.024700 0.002477 0.007702 0.022575 0.001967 0.007637 0.022575 0.001889 0.007637 0.024700 0.001889 0.007702 0.024700 0.001967 0.007285 0.022575 0.001334 0.007242 0.022575 0.001242 0.007242 0.024700 0.001242 0.007285 0.024700 0.001334 0.007039 0.022575 0.000617 0.007019 0.022575 0.000517 0.007019 0.024700 0.000517 0.007039 0.024700 0.000617 0.006978 0.022575 -0.000139 0.006985 0.022575 -0.000241 0.006985 0.024700 -0.000241 0.006978 0.024700 -0.000139 0.010000 0.022500 0.003100 0.009446 0.022500 0.003050 0.008911 0.022500 0.002902 0.008410 0.022500 0.002661 0.007960 0.022500 0.002335 0.007576 0.022500 0.001933 0.007270 0.022500 0.001469 0.007052 0.022500 0.000958 0.006928 0.022500 0.000416 0.006903 0.022500 -0.000139 0.006978 0.022500 -0.000690 0.007149 0.022500 -0.001218 0.007413 0.022500 -0.001708 0.007759 0.022500 -0.002142 0.008178 0.022500 -0.002508 0.008655 0.022500 -0.002793 0.009175 0.022500 -0.002988 0.009722 0.022500 -0.003088 0.010278 0.022500 -0.003088 0.010825 0.022500 -0.002988 0.011345 0.022500 -0.002793 0.011822 0.022500 -0.002508 0.012241 0.022500 -0.002142 0.012587 0.022500 -0.001708 0.012851 0.022500 -0.001218 0.013022 0.022500 -0.000690 0.013097 0.022500 -0.000139 0.013072 0.022500 0.000416 0.012948 0.022500 0.000958 0.012730 0.022500 0.001469 0.012424 0.022500 0.001933 0.012040 0.022500 0.002335 0.011590 0.022500 0.002661 0.011089 0.022500 0.002902 0.010554 0.022500 0.003050 0.009908 0.023000 0.002598 0.009969 0.023000 0.002600 0.010031 0.023000 0.002600 0.010092 0.023000 0.002598 0.010203 0.022803 0.002790 0.010497 0.022803 0.002752 0.010557 0.023000 0.002540 0.010617 0.023000 0.002526 0.010676 0.023000 0.002510 0.010736 0.023000 0.002494 0.010890 0.022803 0.002652 0.011166 0.022803 0.002542 0.011171 0.023000 0.002321 0.011225 0.023000 0.002293 0.011279 0.023000 0.002263 0.011333 0.023000 0.002232 0.011522 0.022803 0.002347 0.011762 0.022803 0.002172 0.011711 0.023000 0.001957 0.011757 0.023000 0.001916 0.011802 0.023000 0.001874 0.011846 0.023000 0.001831 0.012057 0.022803 0.001895 0.012247 0.022803 0.001666 0.012144 0.023000 0.001470 0.012179 0.023000 0.001419 0.012212 0.023000 0.001367 0.012243 0.023000 0.001314 0.012464 0.022803 0.001324 0.012590 0.022803 0.001055 0.012443 0.023000 0.000891 0.012463 0.023000 0.000833 0.012482 0.023000 0.000774 0.012500 0.023000 0.000715 0.012716 0.022803 0.000669 0.012771 0.022803 0.000378 0.012587 0.023000 0.000255 0.012593 0.023000 0.000194 0.012597 0.023000 0.000133 0.012599 0.023000 0.000071 0.012797 0.022803 -0.000027 0.012778 0.022803 -0.000324 0.012570 0.023000 -0.000396 0.012560 0.023000 -0.000457 0.012548 0.023000 -0.000517 0.012535 0.023000 -0.000578 0.012702 0.022803 -0.000722 0.012610 0.022803 -0.001004 0.012390 0.023000 -0.001023 0.012366 0.023000 -0.001079 0.012339 0.023000 -0.001135 0.012312 0.023000 -0.001190 0.012438 0.022803 -0.001371 0.012279 0.022803 -0.001622 0.012061 0.023000 -0.001585 0.012023 0.023000 -0.001633 0.011984 0.023000 -0.001681 0.011943 0.023000 -0.001727 0.012020 0.022803 -0.001934 0.011804 0.022803 -0.002138 0.011602 0.023000 -0.002048 0.011553 0.023000 -0.002085 0.011503 0.023000 -0.002121 0.011453 0.023000 -0.002156 0.011476 0.022803 -0.002376 0.011215 0.022803 -0.002519 0.011042 0.023000 -0.002382 0.010986 0.023000 -0.002406 0.010928 0.023000 -0.002429 0.010871 0.023000 -0.002450 0.010838 0.022803 -0.002668 0.010551 0.022803 -0.002742 0.010417 0.023000 -0.002566 0.010356 0.023000 -0.002575 0.010295 0.023000 -0.002583 0.010234 0.023000 -0.002589 0.010148 0.022803 -0.002793 0.009852 0.022803 -0.002793 0.009766 0.023000 -0.002589 0.009705 0.023000 -0.002583 0.009644 0.023000 -0.002575 0.009583 0.023000 -0.002566 0.009449 0.022803 -0.002742 0.009162 0.022803 -0.002668 0.009129 0.023000 -0.002450 0.009072 0.023000 -0.002429 0.009014 0.023000 -0.002406 0.008958 0.023000 -0.002382 0.008785 0.022803 -0.002519 0.008524 0.022803 -0.002376 0.008547 0.023000 -0.002156 0.008497 0.023000 -0.002121 0.008447 0.023000 -0.002085 0.008398 0.023000 -0.002048 0.008196 0.022803 -0.002138 0.007980 0.022803 -0.001934 0.008057 0.023000 -0.001727 0.008016 0.023000 -0.001681 0.007977 0.023000 -0.001633 0.007939 0.023000 -0.001585 0.007721 0.022803 -0.001622 0.007562 0.022803 -0.001371 0.007688 0.023000 -0.001190 0.007661 0.023000 -0.001135 0.007635 0.023000 -0.001079 0.007610 0.023000 -0.001023 0.007390 0.022803 -0.001004 0.007298 0.022803 -0.000722 0.007465 0.023000 -0.000578 0.007452 0.023000 -0.000517 0.007440 0.023000 -0.000457 0.007430 0.023000 -0.000396 0.007222 0.022803 -0.000324 0.007203 0.022803 -0.000027 0.007401 0.023000 0.000071 0.007403 0.023000 0.000133 0.007407 0.023000 0.000194 0.007413 0.023000 0.000255 0.007229 0.022803 0.000378 0.007284 0.022803 0.000669 0.007500 0.023000 0.000715 0.007518 0.023000 0.000774 0.007537 0.023000 0.000833 0.007557 0.023000 0.000891 0.007410 0.022803 0.001055 0.007536 0.022803 0.001324 0.007757 0.023000 0.001314 0.007788 0.023000 0.001367 0.007821 0.023000 0.001419 0.007856 0.023000 0.001470 0.007753 0.022803 0.001666 0.007943 0.022803 0.001895 0.008154 0.023000 0.001831 0.008198 0.023000 0.001874 0.008243 0.023000 0.001916 0.008289 0.023000 0.001957 0.008238 0.022803 0.002172 0.008478 0.022803 0.002347 0.008667 0.023000 0.002232 0.008721 0.023000 0.002263 0.008775 0.023000 0.002293 0.008829 0.023000 0.002321 0.008834 0.022803 0.002542 0.009110 0.022803 0.002652 0.009264 0.023000 0.002494 0.009324 0.023000 0.002510 0.009383 0.023000 0.002526 0.009443 0.023000 0.002540 0.009503 0.022803 0.002752 0.009797 0.022803 0.002790 0.006900 0.025500 0.000000 0.006950 0.025500 -0.000554 0.007098 0.025500 -0.001089 0.007339 0.025500 -0.001590 0.007665 0.025500 -0.002040 0.008067 0.025500 -0.002424 0.008531 0.025500 -0.002730 0.009042 0.025500 -0.002948 0.009584 0.025500 -0.003072 0.010139 0.025500 -0.003097 0.010690 0.025500 -0.003022 0.011218 0.025500 -0.002851 0.011708 0.025500 -0.002587 0.012142 0.025500 -0.002241 0.012508 0.025500 -0.001822 0.012793 0.025500 -0.001345 0.012988 0.025500 -0.000825 0.013088 0.025500 -0.000278 0.013088 0.025500 0.000278 0.012988 0.025500 0.000825 0.012793 0.025500 0.001345 0.012508 0.025500 0.001822 0.012142 0.025500 0.002241 0.011708 0.025500 0.002587 0.011218 0.025500 0.002851 0.010690 0.025500 0.003022 0.010139 0.025500 0.003097 0.009584 0.025500 0.003072 0.009042 0.025500 0.002948 0.008531 0.025500 0.002730 0.008067 0.025500 0.002424 0.007665 0.025500 0.002040 0.007339 0.025500 0.001590 0.007098 0.025500 0.001089 0.006950 0.025500 0.000554 0.008400 0.025500 0.000000 0.008446 0.025500 0.000383 0.008583 0.025500 0.000744 0.008802 0.025500 0.001061 0.009091 0.025500 0.001317 0.009433 0.025500 0.001496 0.009807 0.025500 0.001588 0.010193 0.025500 0.001588 0.010567 0.025500 0.001496 0.010909 0.025500 0.001317 0.011198 0.025500 0.001061 0.011417 0.025500 0.000744 0.011554 0.025500 0.000383 0.011600 0.025500 -0.000000 0.011554 0.025500 -0.000383 0.011417 0.025500 -0.000744 0.011198 0.025500 -0.001061 0.010909 0.025500 -0.001317 0.010567 0.025500 -0.001496 0.010193 0.025500 -0.001588 0.009807 0.025500 -0.001588 0.009433 0.025500 -0.001496 0.009091 0.025500 -0.001317 0.008802 0.025500 -0.001061 0.008583 0.025500 -0.000744 0.008447 0.025500 -0.000383 0.006900 0.024700 0.000000 0.006950 0.024700 -0.000554 0.007098 0.024700 -0.001089 0.007339 0.024700 -0.001590 0.007665 0.024700 -0.002040 0.008067 0.024700 -0.002424 0.008531 0.024700 -0.002730 0.009042 0.024700 -0.002948 0.009584 0.024700 -0.003072 0.010139 0.024700 -0.003097 0.010690 0.024700 -0.003022 0.011218 0.024700 -0.002851 0.011708 0.024700 -0.002587 0.012142 0.024700 -0.002241 0.012508 0.024700 -0.001822 0.012793 0.024700 -0.001345 0.012988 0.024700 -0.000825 0.013088 0.024700 -0.000278 0.013088 0.024700 0.000278 0.012988 0.024700 0.000825 0.012793 0.024700 0.001345 0.012508 0.024700 0.001822 0.012142 0.024700 0.002241 0.011708 0.024700 0.002587 0.011218 0.024700 0.002851 0.010690 0.024700 0.003022 0.010139 0.024700 0.003097 0.009584 0.024700 0.003072 0.009042 0.024700 0.002948 0.008531 0.024700 0.002730 0.008067 0.024700 0.002424 0.007665 0.024700 0.002040 0.007339 0.024700 0.001590 0.007098 0.024700 0.001089 0.006950 0.024700 0.000554 0.010557 0.024700 0.002540 0.010092 0.024700 0.002598 0.010031 0.024700 0.002600 0.009969 0.024700 0.002600 0.009908 0.024700 0.002598 0.009443 0.024700 0.002540 0.009383 0.024700 0.002526 0.009324 0.024700 0.002510 0.009264 0.024700 0.002494 0.008829 0.024700 0.002321 0.008775 0.024700 0.002293 0.008721 0.024700 0.002263 0.008667 0.024700 0.002232 0.008289 0.024700 0.001957 0.008243 0.024700 0.001916 0.008198 0.024700 0.001874 0.008154 0.024700 0.001831 0.007856 0.024700 0.001470 0.007821 0.024700 0.001419 0.007788 0.024700 0.001367 0.007757 0.024700 0.001314 0.007557 0.024700 0.000891 0.007537 0.024700 0.000833 0.007518 0.024700 0.000774 0.007500 0.024700 0.000715 0.007413 0.024700 0.000255 0.007407 0.024700 0.000194 0.007403 0.024700 0.000133 0.007401 0.024700 0.000071 0.007430 0.024700 -0.000396 0.007440 0.024700 -0.000457 0.007452 0.024700 -0.000517 0.007465 0.024700 -0.000578 0.007610 0.024700 -0.001023 0.007635 0.024700 -0.001079 0.007661 0.024700 -0.001135 0.007688 0.024700 -0.001190 0.007939 0.024700 -0.001585 0.007977 0.024700 -0.001633 0.008016 0.024700 -0.001681 0.008057 0.024700 -0.001727 0.008398 0.024700 -0.002048 0.008447 0.024700 -0.002085 0.008497 0.024700 -0.002121 0.008547 0.024700 -0.002156 0.008958 0.024700 -0.002382 0.009014 0.024700 -0.002406 0.009072 0.024700 -0.002429 0.009129 0.024700 -0.002450 0.009583 0.024700 -0.002566 0.009644 0.024700 -0.002575 0.009705 0.024700 -0.002583 0.009766 0.024700 -0.002589 0.010234 0.024700 -0.002589 0.010295 0.024700 -0.002583 0.010356 0.024700 -0.002575 0.010417 0.024700 -0.002566 0.010871 0.024700 -0.002450 0.010928 0.024700 -0.002429 0.010986 0.024700 -0.002406 0.011042 0.024700 -0.002382 0.011453 0.024700 -0.002156 0.011503 0.024700 -0.002121 0.011553 0.024700 -0.002085 0.011602 0.024700 -0.002048 0.011943 0.024700 -0.001727 0.011984 0.024700 -0.001681 0.012023 0.024700 -0.001633 0.012061 0.024700 -0.001585 0.012312 0.024700 -0.001190 0.012339 0.024700 -0.001135 0.012366 0.024700 -0.001079 0.012390 0.024700 -0.001023 0.012535 0.024700 -0.000578 0.012548 0.024700 -0.000517 0.012560 0.024700 -0.000457 0.012570 0.024700 -0.000396 0.012599 0.024700 0.000071 0.012597 0.024700 0.000133 0.012593 0.024700 0.000194 0.012587 0.024700 0.000255 0.012500 0.024700 0.000715 0.012482 0.024700 0.000774 0.012463 0.024700 0.000833 0.012443 0.024700 0.000891 0.012243 0.024700 0.001314 0.012212 0.024700 0.001367 0.012179 0.024700 0.001419 0.012144 0.024700 0.001470 0.011846 0.024700 0.001831 0.011802 0.024700 0.001874 0.011757 0.024700 0.001916 0.011711 0.024700 0.001957 0.011333 0.024700 0.002232 0.011279 0.024700 0.002263 0.011225 0.024700 0.002293 0.011171 0.024700 0.002321 0.010736 0.024700 0.002494 0.010676 0.024700 0.002510 0.010617 0.024700 0.002526 0.010000 0.022500 0.005100 0.009290 0.022500 0.005050 0.008594 0.022500 0.004902 0.007926 0.022500 0.004659 0.007297 0.022500 0.004325 0.006722 0.022500 0.003907 0.006210 0.022500 0.003413 0.005772 0.022500 0.002852 0.005416 0.022500 0.002236 0.005150 0.022500 0.001576 0.004977 0.022500 0.000886 0.004903 0.022500 0.000178 0.004928 0.022500 -0.000533 0.005051 0.022500 -0.001234 0.005271 0.022500 -0.001911 0.005583 0.022500 -0.002550 0.005981 0.022500 -0.003140 0.006457 0.022500 -0.003669 0.007002 0.022500 -0.004126 0.007606 0.022500 -0.004503 0.008256 0.022500 -0.004792 0.008940 0.022500 -0.004989 0.009644 0.022500 -0.005088 0.010356 0.022500 -0.005088 0.011060 0.022500 -0.004989 0.011744 0.022500 -0.004792 0.012394 0.022500 -0.004503 0.012998 0.022500 -0.004126 0.013543 0.022500 -0.003669 0.014019 0.022500 -0.003140 0.014417 0.022500 -0.002550 0.014729 0.022500 -0.001910 0.014949 0.022500 -0.001234 0.015072 0.022500 -0.000533 0.015097 0.022500 0.000178 0.015023 0.022500 0.000886 0.014850 0.022500 0.001576 0.014584 0.022500 0.002236 0.014228 0.022500 0.002852 0.013790 0.022500 0.003413 0.013278 0.022500 0.003907 0.012703 0.022500 0.004325 0.012074 0.022500 0.004659 0.011406 0.022500 0.004902 0.010710 0.022500 0.005050 0.004700 0.022700 -0.000000 0.004749 0.022700 -0.000722 0.004897 0.022700 -0.001430 0.005139 0.022700 -0.002112 0.005472 0.022700 -0.002754 0.005889 0.022700 -0.003345 0.006382 0.022700 -0.003873 0.006944 0.022700 -0.004330 0.007562 0.022700 -0.004706 0.008225 0.022700 -0.004994 0.008922 0.022700 -0.005189 0.009638 0.022700 -0.005288 0.010362 0.022700 -0.005288 0.011078 0.022700 -0.005189 0.011775 0.022700 -0.004994 0.012438 0.022700 -0.004706 0.013056 0.022700 -0.004330 0.013618 0.022700 -0.003873 0.014111 0.022700 -0.003345 0.014528 0.022700 -0.002754 0.014861 0.022700 -0.002112 0.015103 0.022700 -0.001430 0.015251 0.022700 -0.000722 0.015300 0.022700 0.000000 0.015251 0.022700 0.000722 0.015103 0.022700 0.001430 0.014861 0.022700 0.002112 0.014528 0.022700 0.002754 0.014111 0.022700 0.003345 0.013618 0.022700 0.003873 0.013056 0.022700 0.004330 0.012438 0.022700 0.004706 0.011775 0.022700 0.004994 0.011078 0.022700 0.005189 0.010362 0.022700 0.005288 0.009638 0.022700 0.005288 0.008922 0.022700 0.005189 0.008225 0.022700 0.004994 0.007562 0.022700 0.004706 0.006944 0.022700 0.004330 0.006382 0.022700 0.003873 0.005889 0.022700 0.003345 0.005472 0.022700 0.002754 0.005139 0.022700 0.002112 0.004897 0.022700 0.001430 0.004749 0.022700 0.000722 0.004700 0.024500 -0.000000 0.004749 0.024500 -0.000722 0.004897 0.024500 -0.001430 0.005139 0.024500 -0.002112 0.005472 0.024500 -0.002754 0.005889 0.024500 -0.003345 0.006382 0.024500 -0.003873 0.006944 0.024500 -0.004330 0.007562 0.024500 -0.004706 0.008225 0.024500 -0.004994 0.008922 0.024500 -0.005189 0.009638 0.024500 -0.005288 0.010362 0.024500 -0.005288 0.011078 0.024500 -0.005189 0.011775 0.024500 -0.004994 0.012438 0.024500 -0.004706 0.013056 0.024500 -0.004330 0.013618 0.024500 -0.003873 0.014111 0.024500 -0.003345 0.014528 0.024500 -0.002754 0.014861 0.024500 -0.002112 0.015103 0.024500 -0.001430 0.015251 0.024500 -0.000722 0.015300 0.024500 0.000000 0.015251 0.024500 0.000722 0.015103 0.024500 0.001430 0.014861 0.024500 0.002112 0.014528 0.024500 0.002754 0.014111 0.024500 0.003345 0.013618 0.024500 0.003873 0.013056 0.024500 0.004330 0.012438 0.024500 0.004706 0.011775 0.024500 0.004994 0.011078 0.024500 0.005189 0.010362 0.024500 0.005288 0.009638 0.024500 0.005288 0.008922 0.024500 0.005189 0.008225 0.024500 0.004994 0.007562 0.024500 0.004706 0.006944 0.024500 0.004330 0.006382 0.024500 0.003873 0.005889 0.024500 0.003345 0.005472 0.024500 0.002754 0.005139 0.024500 0.002112 0.004897 0.024500 0.001430 0.004749 0.024500 0.000722 0.010000 0.024500 0.009400 0.009033 0.024500 0.009350 0.008077 0.024500 0.009201 0.007141 0.024500 0.008955 0.006236 0.024500 0.008613 0.005370 0.024500 0.008181 0.004553 0.024500 0.007661 0.003795 0.024500 0.007061 0.003101 0.024500 0.006385 0.002482 0.024500 0.005642 0.001941 0.024500 0.004839 0.001486 0.024500 0.003985 0.001122 0.024500 0.003088 0.000851 0.024500 0.002159 0.000678 0.024500 0.001207 0.000603 0.024500 0.000242 0.000628 0.024500 -0.000725 0.000752 0.024500 -0.001685 0.000975 0.024500 -0.002627 0.001293 0.024500 -0.003541 0.001703 0.024500 -0.004418 0.002201 0.024500 -0.005247 0.002782 0.024500 -0.006022 0.003439 0.024500 -0.006732 0.004166 0.024500 -0.007371 0.004955 0.024500 -0.007931 0.005797 0.024500 -0.008408 0.006684 0.024500 -0.008796 0.007606 0.024500 -0.009090 0.008553 0.024500 -0.009288 0.009516 0.024500 -0.009388 0.010484 0.024500 -0.009388 0.011447 0.024500 -0.009288 0.012394 0.024500 -0.009090 0.013316 0.024500 -0.008796 0.014203 0.024500 -0.008408 0.015045 0.024500 -0.007931 0.015834 0.024500 -0.007371 0.016561 0.024500 -0.006732 0.017218 0.024500 -0.006022 0.017799 0.024500 -0.005247 0.018297 0.024500 -0.004418 0.018707 0.024500 -0.003541 0.019025 0.024500 -0.002627 0.019248 0.024500 -0.001685 0.019372 0.024500 -0.000725 0.019397 0.024500 0.000242 0.019322 0.024500 0.001207 0.019149 0.024500 0.002159 0.018878 0.024500 0.003088 0.018514 0.024500 0.003985 0.018059 0.024500 0.004839 0.017518 0.024500 0.005642 0.016899 0.024500 0.006385 0.016205 0.024500 0.007061 0.015447 0.024500 0.007661 0.014630 0.024500 0.008181 0.013764 0.024500 0.008613 0.012859 0.024500 0.008955 0.011923 0.024500 0.009201 0.010967 0.024500 0.009350 0.011250 0.024500 0.007000 0.011207 0.024500 0.006676 0.011083 0.024500 0.006375 0.010884 0.024500 0.006116 0.010625 0.024500 0.005917 0.010324 0.024500 0.005793 0.010000 0.024500 0.005750 0.009676 0.024500 0.005793 0.009375 0.024500 0.005917 0.009116 0.024500 0.006116 0.008917 0.024500 0.006375 0.008793 0.024500 0.006676 0.008750 0.024500 0.007000 0.008793 0.024500 0.007324 0.008917 0.024500 0.007625 0.009116 0.024500 0.007884 0.009375 0.024500 0.008083 0.009676 0.024500 0.008207 0.010000 0.024500 0.008250 0.010324 0.024500 0.008207 0.010625 0.024500 0.008083 0.010884 0.024500 0.007884 0.011083 0.024500 0.007625 0.011207 0.024500 0.007324 0.017000 0.024500 -0.001250 0.016676 0.024500 -0.001207 0.016375 0.024500 -0.001083 0.016116 0.024500 -0.000884 0.015917 0.024500 -0.000625 0.015793 0.024500 -0.000324 0.015750 0.024500 0.000000 0.015793 0.024500 0.000324 0.015917 0.024500 0.000625 0.016116 0.024500 0.000884 0.016375 0.024500 0.001083 0.016676 0.024500 0.001207 0.017000 0.024500 0.001250 0.017324 0.024500 0.001207 0.017625 0.024500 0.001083 0.017884 0.024500 0.000884 0.018083 0.024500 0.000625 0.018207 0.024500 0.000324 0.018250 0.024500 0.000000 0.018207 0.024500 -0.000324 0.018083 0.024500 -0.000625 0.017884 0.024500 -0.000884 0.017625 0.024500 -0.001083 0.017324 0.024500 -0.001207 0.008750 0.024500 -0.007000 0.008793 0.024500 -0.006676 0.008917 0.024500 -0.006375 0.009116 0.024500 -0.006116 0.009375 0.024500 -0.005917 0.009676 0.024500 -0.005793 0.010000 0.024500 -0.005750 0.010324 0.024500 -0.005793 0.010625 0.024500 -0.005917 0.010884 0.024500 -0.006116 0.011083 0.024500 -0.006375 0.011207 0.024500 -0.006676 0.011250 0.024500 -0.007000 0.011207 0.024500 -0.007324 0.011083 0.024500 -0.007625 0.010884 0.024500 -0.007884 0.010625 0.024500 -0.008083 0.010324 0.024500 -0.008207 0.010000 0.024500 -0.008250 0.009676 0.024500 -0.008207 0.009375 0.024500 -0.008083 0.009116 0.024500 -0.007884 0.008917 0.024500 -0.007625 0.008793 0.024500 -0.007324 0.003000 0.024500 0.001250 0.003324 0.024500 0.001207 0.003625 0.024500 0.001083 0.003884 0.024500 0.000884 0.004083 0.024500 0.000625 0.004207 0.024500 0.000324 0.004250 0.024500 -0.000000 0.004207 0.024500 -0.000324 0.004083 0.024500 -0.000625 0.003884 0.024500 -0.000884 0.003625 0.024500 -0.001083 0.003324 0.024500 -0.001207 0.003000 0.024500 -0.001250 0.002676 0.024500 -0.001207 0.002375 0.024500 -0.001083 0.002116 0.024500 -0.000884 0.001917 0.024500 -0.000625 0.001793 0.024500 -0.000324 0.001750 0.024500 -0.000000 0.001793 0.024500 0.000324 0.001917 0.024500 0.000625 0.002116 0.024500 0.000884 0.002375 0.024500 0.001083 0.002676 0.024500 0.001207 0.011250 0.027000 0.007000 0.011207 0.027000 0.006676 0.011083 0.027000 0.006375 0.010884 0.027000 0.006116 0.010625 0.027000 0.005917 0.010324 0.027000 0.005793 0.010000 0.027000 0.005750 0.009676 0.027000 0.005793 0.009375 0.027000 0.005917 0.009116 0.027000 0.006116 0.008917 0.027000 0.006375 0.008793 0.027000 0.006676 0.008750 0.027000 0.007000 0.008793 0.027000 0.007324 0.008917 0.027000 0.007625 0.009116 0.027000 0.007884 0.009375 0.027000 0.008083 0.009676 0.027000 0.008207 0.010000 0.027000 0.008250 0.010324 0.027000 0.008207 0.010625 0.027000 0.008083 0.010884 0.027000 0.007884 0.011083 0.027000 0.007625 0.011207 0.027000 0.007324 0.010000 0.027000 0.009400 0.010967 0.027000 0.009350 0.011923 0.027000 0.009201 0.012859 0.027000 0.008955 0.013764 0.027000 0.008613 0.014630 0.027000 0.008181 0.015447 0.027000 0.007661 0.016205 0.027000 0.007061 0.016899 0.027000 0.006385 0.017518 0.027000 0.005642 0.018059 0.027000 0.004839 0.018514 0.027000 0.003985 0.018878 0.027000 0.003088 0.019149 0.027000 0.002159 0.019322 0.027000 0.001207 0.019397 0.027000 0.000242 0.019372 0.027000 -0.000725 0.019248 0.027000 -0.001685 0.019025 0.027000 -0.002627 0.018707 0.027000 -0.003541 0.018297 0.027000 -0.004418 0.017799 0.027000 -0.005247 0.017218 0.027000 -0.006022 0.016561 0.027000 -0.006732 0.015834 0.027000 -0.007371 0.015045 0.027000 -0.007931 0.014203 0.027000 -0.008408 0.013316 0.027000 -0.008796 0.012394 0.027000 -0.009090 0.011447 0.027000 -0.009288 0.010484 0.027000 -0.009388 0.009516 0.027000 -0.009388 0.008553 0.027000 -0.009288 0.007606 0.027000 -0.009090 0.006684 0.027000 -0.008796 0.005797 0.027000 -0.008408 0.004955 0.027000 -0.007931 0.004166 0.027000 -0.007371 0.003439 0.027000 -0.006732 0.002782 0.027000 -0.006022 0.002201 0.027000 -0.005247 0.001703 0.027000 -0.004418 0.001293 0.027000 -0.003541 0.000975 0.027000 -0.002627 0.000752 0.027000 -0.001685 0.000628 0.027000 -0.000725 0.000603 0.027000 0.000242 0.000678 0.027000 0.001207 0.000851 0.027000 0.002159 0.001122 0.027000 0.003088 0.001486 0.027000 0.003985 0.001941 0.027000 0.004839 0.002482 0.027000 0.005642 0.003101 0.027000 0.006385 0.003795 0.027000 0.007061 0.004553 0.027000 0.007661 0.005370 0.027000 0.008181 0.006236 0.027000 0.008613 0.007141 0.027000 0.008955 0.008077 0.027000 0.009201 0.009033 0.027000 0.009350 0.017000 0.027000 -0.001250 0.017324 0.027000 -0.001207 0.017625 0.027000 -0.001083 0.017884 0.027000 -0.000884 0.018083 0.027000 -0.000625 0.018207 0.027000 -0.000324 0.018250 0.027000 0.000000 0.018207 0.027000 0.000324 0.018083 0.027000 0.000625 0.017884 0.027000 0.000884 0.017625 0.027000 0.001083 0.017324 0.027000 0.001207 0.017000 0.027000 0.001250 0.016676 0.027000 0.001207 0.016375 0.027000 0.001083 0.016116 0.027000 0.000884 0.015917 0.027000 0.000625 0.015793 0.027000 0.000324 0.015750 0.027000 0.000000 0.015793 0.027000 -0.000324 0.015917 0.027000 -0.000625 0.016116 0.027000 -0.000884 0.016375 0.027000 -0.001083 0.016676 0.027000 -0.001207 0.008750 0.027000 -0.007000 0.008793 0.027000 -0.007324 0.008917 0.027000 -0.007625 0.009116 0.027000 -0.007884 0.009375 0.027000 -0.008083 0.009676 0.027000 -0.008207 0.010000 0.027000 -0.008250 0.010324 0.027000 -0.008207 0.010625 0.027000 -0.008083 0.010884 0.027000 -0.007884 0.011083 0.027000 -0.007625 0.011207 0.027000 -0.007324 0.011250 0.027000 -0.007000 0.011207 0.027000 -0.006676 0.011083 0.027000 -0.006375 0.010884 0.027000 -0.006116 0.010625 0.027000 -0.005917 0.010324 0.027000 -0.005793 0.010000 0.027000 -0.005750 0.009676 0.027000 -0.005793 0.009375 0.027000 -0.005917 0.009116 0.027000 -0.006116 0.008917 0.027000 -0.006375 0.008793 0.027000 -0.006676 0.008400 0.027000 0.000000 0.008447 0.027000 -0.000383 0.008583 0.027000 -0.000744 0.008802 0.027000 -0.001061 0.009091 0.027000 -0.001317 0.009433 0.027000 -0.001496 0.009807 0.027000 -0.001588 0.010193 0.027000 -0.001588 0.010567 0.027000 -0.001496 0.010909 0.027000 -0.001317 0.011198 0.027000 -0.001061 0.011417 0.027000 -0.000744 0.011554 0.027000 -0.000383 0.011600 0.027000 -0.000000 0.011554 0.027000 0.000383 0.011417 0.027000 0.000744 0.011198 0.027000 0.001061 0.010909 0.027000 0.001317 0.010567 0.027000 0.001496 0.010193 0.027000 0.001588 0.009807 0.027000 0.001588 0.009433 0.027000 0.001496 0.009091 0.027000 0.001317 0.008802 0.027000 0.001061 0.008583 0.027000 0.000744 0.008446 0.027000 0.000383 0.003000 0.027000 0.001250 0.002676 0.027000 0.001207 0.002375 0.027000 0.001083 0.002116 0.027000 0.000884 0.001917 0.027000 0.000625 0.001793 0.027000 0.000324 0.001750 0.027000 -0.000000 0.001793 0.027000 -0.000324 0.001917 0.027000 -0.000625 0.002116 0.027000 -0.000884 0.002375 0.027000 -0.001083 0.002676 0.027000 -0.001207 0.003000 0.027000 -0.001250 0.003324 0.027000 -0.001207 0.003625 0.027000 -0.001083 0.003884 0.027000 -0.000884 0.004083 0.027000 -0.000625 0.004207 0.027000 -0.000324 0.004250 0.027000 -0.000000 0.004207 0.027000 0.000324 0.004083 0.027000 0.000625 0.003884 0.027000 0.000884 0.003625 0.027000 0.001083 0.003324 0.027000 0.001207 0.000400 0.026800 -0.000000 0.000449 0.026800 0.000971 0.000597 0.026800 0.001932 0.000840 0.026800 0.002874 0.001178 0.026800 0.003786 0.001606 0.026800 0.004659 0.002121 0.026800 0.005484 0.002716 0.026800 0.006253 0.003386 0.026800 0.006958 0.004124 0.026800 0.007591 0.004922 0.026800 0.008147 0.005772 0.026800 0.008619 0.006666 0.026800 0.009002 0.007594 0.026800 0.009294 0.008546 0.026800 0.009489 0.009514 0.026800 0.009588 0.010486 0.026800 0.009588 0.011454 0.026800 0.009489 0.012406 0.026800 0.009294 0.013334 0.026800 0.009002 0.014228 0.026800 0.008619 0.015078 0.026800 0.008147 0.015876 0.026800 0.007591 0.016614 0.026800 0.006958 0.017284 0.026800 0.006253 0.017879 0.026800 0.005484 0.018394 0.026800 0.004659 0.018822 0.026800 0.003786 0.019160 0.026800 0.002874 0.019403 0.026800 0.001932 0.019551 0.026800 0.000971 0.019600 0.026800 0.000000 0.019551 0.026800 -0.000971 0.019403 0.026800 -0.001932 0.019160 0.026800 -0.002874 0.018822 0.026800 -0.003786 0.018394 0.026800 -0.004659 0.017879 0.026800 -0.005484 0.017284 0.026800 -0.006253 0.016614 0.026800 -0.006958 0.015876 0.026800 -0.007591 0.015078 0.026800 -0.008147 0.014228 0.026800 -0.008619 0.013334 0.026800 -0.009002 0.012406 0.026800 -0.009294 0.011454 0.026800 -0.009489 0.010486 0.026800 -0.009588 0.009514 0.026800 -0.009588 0.008546 0.026800 -0.009489 0.007594 0.026800 -0.009294 0.006666 0.026800 -0.009002 0.005772 0.026800 -0.008619 0.004922 0.026800 -0.008147 0.004124 0.026800 -0.007591 0.003386 0.026800 -0.006958 0.002716 0.026800 -0.006253 0.002121 0.026800 -0.005484 0.001606 0.026800 -0.004659 0.001178 0.026800 -0.003786 0.000840 0.026800 -0.002874 0.000597 0.026800 -0.001932 0.000449 0.026800 -0.000971 0.010000 0.024700 0.009600 0.010971 0.024700 0.009551 0.011932 0.024700 0.009403 0.012874 0.024700 0.009160 0.013786 0.024700 0.008822 0.014659 0.024700 0.008394 0.015484 0.024700 0.007879 0.016253 0.024700 0.007284 0.016958 0.024700 0.006614 0.017591 0.024700 0.005876 0.018147 0.024700 0.005078 0.018619 0.024700 0.004228 0.019002 0.024700 0.003334 0.019294 0.024700 0.002406 0.019489 0.024700 0.001454 0.019588 0.024700 0.000486 0.019588 0.024700 -0.000486 0.019489 0.024700 -0.001454 0.019294 0.024700 -0.002406 0.019002 0.024700 -0.003334 0.018619 0.024700 -0.004228 0.018147 0.024700 -0.005078 0.017591 0.024700 -0.005876 0.016958 0.024700 -0.006614 0.016253 0.024700 -0.007284 0.015484 0.024700 -0.007879 0.014659 0.024700 -0.008394 0.013786 0.024700 -0.008822 0.012874 0.024700 -0.009160 0.011932 0.024700 -0.009403 0.010971 0.024700 -0.009551 0.010000 0.024700 -0.009600 0.009029 0.024700 -0.009551 0.008068 0.024700 -0.009403 0.007126 0.024700 -0.009160 0.006214 0.024700 -0.008822 0.005341 0.024700 -0.008394 0.004516 0.024700 -0.007879 0.003747 0.024700 -0.007284 0.003042 0.024700 -0.006614 0.002409 0.024700 -0.005876 0.001853 0.024700 -0.005078 0.001381 0.024700 -0.004228 0.000998 0.024700 -0.003334 0.000706 0.024700 -0.002406 0.000511 0.024700 -0.001454 0.000412 0.024700 -0.000486 0.000412 0.024700 0.000486 0.000511 0.024700 0.001454 0.000706 0.024700 0.002406 0.000998 0.024700 0.003334 0.001381 0.024700 0.004228 0.001853 0.024700 0.005078 0.002409 0.024700 0.005876 0.003042 0.024700 0.006614 0.003747 0.024700 0.007284 0.004516 0.024700 0.007879 0.005341 0.024700 0.008394 0.006214 0.024700 0.008822 0.007126 0.024700 0.009160 0.008068 0.024700 0.009403 0.009029 0.024700 0.009551 0.015931 0.029900 -0.001052 0.015703 0.029900 -0.000754 0.015556 0.029900 -0.000407 0.015500 0.029900 -0.000036 0.015539 0.029900 0.000339 0.015669 0.029900 0.000691 0.015883 0.029900 0.001001 0.016166 0.029900 0.001247 0.016503 0.029900 0.001415 0.016870 0.029900 0.001494 0.017246 0.029900 0.001480 0.017606 0.029900 0.001372 0.017928 0.029900 0.001178 0.018192 0.029900 0.000910 0.018381 0.029900 0.000585 0.018483 0.029900 0.000223 0.018492 0.029900 -0.000153 0.018407 0.029900 -0.000519 0.018234 0.029900 -0.000853 0.017983 0.029900 -0.001133 0.017671 0.029900 -0.001342 0.017316 0.029900 -0.001466 0.016941 0.029900 -0.001499 0.016570 0.029900 -0.001437 0.016226 0.029900 -0.001285 0.015877 0.030000 0.001140 0.015637 0.030000 0.000838 0.015476 0.030000 0.000488 0.015404 0.030000 0.000109 0.015424 0.030000 -0.000276 0.015536 0.030000 -0.000645 0.015733 0.030000 -0.000977 0.016004 0.030000 -0.001252 0.016332 0.030000 -0.001454 0.016699 0.030000 -0.001572 0.017084 0.030000 -0.001598 0.017464 0.030000 -0.001531 0.017817 0.030000 -0.001376 0.018123 0.030000 -0.001140 0.018363 0.030000 -0.000838 0.018524 0.030000 -0.000488 0.018596 0.030000 -0.000109 0.018576 0.030000 0.000276 0.018464 0.030000 0.000645 0.018267 0.030000 0.000977 0.017996 0.030000 0.001252 0.017668 0.030000 0.001454 0.017301 0.030000 0.001572 0.016916 0.030000 0.001598 0.016536 0.030000 0.001531 0.016183 0.030000 0.001376 0.015945 0.029926 0.001071 0.015938 0.029950 0.001078 0.015927 0.029971 0.001090 0.015912 0.029987 0.001104 0.015896 0.029997 0.001122 0.017936 0.029926 0.001176 0.015809 0.029926 -0.000918 0.015801 0.029950 -0.000924 0.015789 0.029971 -0.000934 0.015773 0.029987 -0.000946 0.015753 0.029997 -0.000961 0.016020 0.029997 -0.001232 0.016035 0.029987 -0.001213 0.016048 0.029971 -0.001197 0.016057 0.029950 -0.001184 0.016064 0.029926 -0.001176 0.015624 0.029926 -0.000606 0.015615 0.029950 -0.000610 0.015601 0.029971 -0.000617 0.015582 0.029987 -0.000625 0.015560 0.029997 -0.000635 0.015519 0.029926 -0.000260 0.015509 0.029950 -0.000261 0.015494 0.029971 -0.000264 0.015473 0.029987 -0.000268 0.015450 0.029997 -0.000272 0.015500 0.029926 0.000102 0.015490 0.029950 0.000103 0.015474 0.029971 0.000104 0.015454 0.029987 0.000106 0.015430 0.029997 0.000107 0.015568 0.029926 0.000458 0.015559 0.029950 0.000461 0.015544 0.029971 0.000466 0.015524 0.029987 0.000473 0.015501 0.029997 0.000480 0.015719 0.029926 0.000788 0.015711 0.029950 0.000793 0.015697 0.029971 0.000801 0.015680 0.029987 0.000812 0.015659 0.029997 0.000825 0.016232 0.029926 0.001293 0.016227 0.029950 0.001301 0.016219 0.029971 0.001315 0.016208 0.029987 0.001333 0.016196 0.029997 0.001353 0.016564 0.029926 0.001439 0.016561 0.029950 0.001448 0.016556 0.029971 0.001464 0.016550 0.029987 0.001483 0.016543 0.029997 0.001506 0.016921 0.029926 0.001501 0.016920 0.029950 0.001511 0.016919 0.029971 0.001527 0.016918 0.029987 0.001548 0.016917 0.029997 0.001572 0.017282 0.029926 0.001477 0.017284 0.029950 0.001486 0.017287 0.029971 0.001502 0.017291 0.029987 0.001522 0.017296 0.029997 0.001546 0.017628 0.029926 0.001366 0.017632 0.029950 0.001375 0.017638 0.029971 0.001390 0.017647 0.029987 0.001408 0.017657 0.029997 0.001430 0.017943 0.029950 0.001184 0.017952 0.029971 0.001197 0.017965 0.029987 0.001213 0.017980 0.029997 0.001232 0.018376 0.029926 0.000606 0.018385 0.029950 0.000610 0.018399 0.029971 0.000617 0.018418 0.029987 0.000625 0.018440 0.029997 0.000635 0.018247 0.029997 0.000961 0.018227 0.029987 0.000946 0.018211 0.029971 0.000934 0.018198 0.029950 0.000924 0.018191 0.029926 0.000918 0.018481 0.029926 0.000260 0.018491 0.029950 0.000261 0.018506 0.029971 0.000264 0.018527 0.029987 0.000268 0.018550 0.029997 0.000272 0.018500 0.029926 -0.000102 0.018510 0.029950 -0.000103 0.018526 0.029971 -0.000104 0.018546 0.029987 -0.000106 0.018570 0.029997 -0.000107 0.018432 0.029926 -0.000458 0.018441 0.029950 -0.000461 0.018456 0.029971 -0.000466 0.018476 0.029987 -0.000473 0.018499 0.029997 -0.000480 0.018281 0.029926 -0.000788 0.018289 0.029950 -0.000793 0.018303 0.029971 -0.000801 0.018320 0.029987 -0.000812 0.018341 0.029997 -0.000825 0.018055 0.029926 -0.001071 0.018062 0.029950 -0.001078 0.018073 0.029971 -0.001090 0.018088 0.029987 -0.001104 0.018104 0.029997 -0.001122 0.017768 0.029926 -0.001293 0.017773 0.029950 -0.001301 0.017781 0.029971 -0.001315 0.017792 0.029987 -0.001333 0.017804 0.029997 -0.001353 0.017436 0.029926 -0.001439 0.017439 0.029950 -0.001448 0.017444 0.029971 -0.001464 0.017450 0.029987 -0.001483 0.017457 0.029997 -0.001506 0.017079 0.029926 -0.001501 0.017080 0.029950 -0.001511 0.017081 0.029971 -0.001527 0.017082 0.029987 -0.001548 0.017083 0.029997 -0.001572 0.016718 0.029926 -0.001477 0.016716 0.029950 -0.001486 0.016713 0.029971 -0.001502 0.016709 0.029987 -0.001522 0.016704 0.029997 -0.001546 0.016372 0.029926 -0.001366 0.016368 0.029950 -0.001375 0.016362 0.029971 -0.001390 0.016353 0.029987 -0.001408 0.016343 0.029997 -0.001430 0.018069 0.024307 0.001052 0.018297 0.024307 0.000754 0.018444 0.024307 0.000407 0.018500 0.024307 0.000036 0.018461 0.024307 -0.000339 0.018331 0.024307 -0.000691 0.018117 0.024307 -0.001001 0.017833 0.024307 -0.001247 0.017497 0.024307 -0.001415 0.017130 0.024307 -0.001494 0.016754 0.024307 -0.001480 0.016394 0.024307 -0.001372 0.016072 0.024307 -0.001178 0.015808 0.024307 -0.000910 0.015619 0.024307 -0.000585 0.015517 0.024307 -0.000223 0.015508 0.024307 0.000153 0.015593 0.024307 0.000519 0.015766 0.024307 0.000853 0.016017 0.024307 0.001133 0.016329 0.024307 0.001342 0.016684 0.024307 0.001466 0.017059 0.024307 0.001499 0.017430 0.024307 0.001437 0.017774 0.024307 0.001285 0.015040 0.030000 -0.001929 0.015441 0.030000 -0.002265 0.015898 0.030000 -0.002520 0.016395 0.030000 -0.002683 0.016913 0.030000 -0.002749 0.017435 0.030000 -0.002715 0.017941 0.030000 -0.002584 0.018413 0.030000 -0.002359 0.018834 0.030000 -0.002049 0.019189 0.030000 -0.001665 0.019464 0.030000 -0.001221 0.019651 0.030000 -0.000732 0.019741 0.030000 -0.000217 0.019733 0.030000 0.000305 0.019626 0.030000 0.000817 0.019424 0.030000 0.001299 0.019134 0.030000 0.001734 0.018767 0.030000 0.002107 0.018337 0.030000 0.002403 0.017858 0.030000 0.002613 0.017348 0.030000 0.002728 0.016825 0.030000 0.002744 0.016309 0.030000 0.002662 0.015818 0.030000 0.002483 0.015369 0.030000 0.002214 0.014980 0.030000 0.001865 0.014663 0.030000 0.001449 0.014431 0.030000 0.000981 0.014292 0.030000 0.000477 0.014250 0.030000 -0.000044 0.014308 0.030000 -0.000564 0.014464 0.030000 -0.001063 0.014711 0.030000 -0.001524 0.017850 0.024000 0.000837 0.018038 0.024000 0.000589 0.018155 0.024000 0.000300 0.018193 0.024000 -0.000009 0.018150 0.024000 -0.000318 0.018029 0.024000 -0.000605 0.017837 0.024000 -0.000850 0.017589 0.024000 -0.001038 0.017300 0.024000 -0.001155 0.016991 0.024000 -0.001193 0.016682 0.024000 -0.001150 0.016395 0.024000 -0.001029 0.016150 0.024000 -0.000837 0.015962 0.024000 -0.000589 0.015845 0.024000 -0.000300 0.015807 0.024000 0.000009 0.015850 0.024000 0.000318 0.015971 0.024000 0.000605 0.016163 0.024000 0.000850 0.016411 0.024000 0.001038 0.016700 0.024000 0.001155 0.017009 0.024000 0.001193 0.017318 0.024000 0.001150 0.017605 0.024000 0.001029 0.015281 0.033000 0.001746 0.014965 0.033000 0.001364 0.014732 0.033000 0.000926 0.014592 0.033000 0.000451 0.014550 0.033000 -0.000043 0.014609 0.033000 -0.000535 0.014766 0.033000 -0.001006 0.015014 0.033000 -0.001435 0.015344 0.033000 -0.001805 0.015741 0.033000 -0.002102 0.016190 0.033000 -0.002312 0.016672 0.033000 -0.002428 0.017167 0.033000 -0.002444 0.017656 0.033000 -0.002361 0.018118 0.033000 -0.002180 0.018534 0.033000 -0.001911 0.018887 0.033000 -0.001563 0.019163 0.033000 -0.001151 0.019350 0.033000 -0.000692 0.019441 0.033000 -0.000205 0.019433 0.033000 0.000291 0.019324 0.033000 0.000774 0.019121 0.033000 0.001226 0.018831 0.033000 0.001628 0.018465 0.033000 0.001963 0.018040 0.033000 0.002218 0.017572 0.033000 0.002382 0.017081 0.033000 0.002449 0.016586 0.033000 0.002415 0.016109 0.033000 0.002282 0.015668 0.033000 0.002056 0.015040 0.032700 -0.001929 0.014711 0.032700 -0.001524 0.014464 0.032700 -0.001063 0.014308 0.032700 -0.000564 0.014250 0.032700 -0.000044 0.014292 0.032700 0.000477 0.014431 0.032700 0.000981 0.014663 0.032700 0.001449 0.014980 0.032700 0.001865 0.015369 0.032700 0.002214 0.015818 0.032700 0.002483 0.016309 0.032700 0.002662 0.016825 0.032700 0.002744 0.017348 0.032700 0.002728 0.017858 0.032700 0.002613 0.018337 0.032700 0.002403 0.018767 0.032700 0.002107 0.019134 0.032700 0.001734 0.019424 0.032700 0.001299 0.019626 0.032700 0.000817 0.019733 0.032700 0.000305 0.019741 0.032700 -0.000217 0.019651 0.032700 -0.000732 0.019464 0.032700 -0.001221 0.019189 0.032700 -0.001665 0.018834 0.032700 -0.002049 0.018413 0.032700 -0.002359 0.017941 0.032700 -0.002584 0.017435 0.032700 -0.002715 0.016913 0.032700 -0.002749 0.016395 0.032700 -0.002683 0.015898 0.032700 -0.002520 0.015441 0.032700 -0.002265 0.015227 0.032990 0.001801 0.015176 0.032960 0.001853 0.015132 0.032912 0.001897 0.015099 0.032850 0.001931 0.015078 0.032778 0.001952 0.018594 0.032990 -0.001962 0.014918 0.032990 0.001433 0.014858 0.032960 0.001474 0.014807 0.032912 0.001509 0.014768 0.032850 0.001536 0.014743 0.032778 0.001553 0.014684 0.032990 0.001013 0.014618 0.032960 0.001042 0.014561 0.032912 0.001067 0.014517 0.032850 0.001086 0.014490 0.032778 0.001098 0.014534 0.032990 0.000556 0.014464 0.032960 0.000572 0.014403 0.032912 0.000586 0.014357 0.032850 0.000596 0.014327 0.032778 0.000603 0.014474 0.032990 0.000080 0.014401 0.032960 0.000082 0.014339 0.032912 0.000084 0.014292 0.032850 0.000085 0.014262 0.032778 0.000086 0.014504 0.032990 -0.000400 0.014433 0.032960 -0.000411 0.014371 0.032912 -0.000421 0.014324 0.032850 -0.000429 0.014295 0.032778 -0.000433 0.014625 0.032990 -0.000865 0.014557 0.032960 -0.000890 0.014499 0.032912 -0.000911 0.014454 0.032850 -0.000927 0.014426 0.032778 -0.000938 0.014832 0.032990 -0.001299 0.014770 0.032960 -0.001336 0.014716 0.032912 -0.001368 0.014675 0.032850 -0.001392 0.014650 0.032778 -0.001408 0.015117 0.032990 -0.001686 0.015063 0.032960 -0.001734 0.015016 0.032912 -0.001775 0.014981 0.032850 -0.001807 0.014958 0.032778 -0.001827 0.015470 0.032990 -0.002012 0.015426 0.032960 -0.002069 0.015388 0.032912 -0.002119 0.015359 0.032850 -0.002157 0.015341 0.032778 -0.002181 0.015878 0.032990 -0.002265 0.015846 0.032960 -0.002330 0.015818 0.032912 -0.002385 0.015797 0.032850 -0.002428 0.015784 0.032778 -0.002455 0.016327 0.032990 -0.002436 0.016308 0.032960 -0.002506 0.016291 0.032912 -0.002566 0.016278 0.032850 -0.002612 0.016270 0.032778 -0.002641 0.016800 0.032990 -0.002520 0.016794 0.032960 -0.002592 0.016790 0.032912 -0.002654 0.016786 0.032850 -0.002701 0.016783 0.032778 -0.002731 0.017281 0.032990 -0.002512 0.017289 0.032960 -0.002584 0.017296 0.032912 -0.002646 0.017301 0.032850 -0.002693 0.017304 0.032778 -0.002723 0.017751 0.032990 -0.002414 0.017772 0.032960 -0.002483 0.017791 0.032912 -0.002542 0.017805 0.032850 -0.002587 0.017814 0.032778 -0.002616 0.018194 0.032990 -0.002228 0.018228 0.032960 -0.002292 0.018258 0.032912 -0.002346 0.018280 0.032850 -0.002388 0.018294 0.032778 -0.002415 0.018640 0.032960 -0.002018 0.018679 0.032912 -0.002066 0.018709 0.032850 -0.002103 0.018728 0.032778 -0.002126 0.019209 0.032990 -0.001228 0.019272 0.032960 -0.001264 0.019327 0.032912 -0.001294 0.019368 0.032850 -0.001317 0.019394 0.032778 -0.001332 0.019099 0.032778 -0.001761 0.019076 0.032850 -0.001741 0.019040 0.032912 -0.001711 0.018992 0.032960 -0.001671 0.018937 0.032990 -0.001624 0.019402 0.032990 -0.000788 0.019470 0.032960 -0.000811 0.019529 0.032912 -0.000830 0.019575 0.032850 -0.000845 0.019603 0.032778 -0.000854 0.019507 0.032990 -0.000319 0.019579 0.032960 -0.000329 0.019641 0.032912 -0.000336 0.019688 0.032850 -0.000343 0.019718 0.032778 -0.000346 0.019523 0.032990 0.000161 0.019595 0.032960 0.000165 0.019657 0.032912 0.000169 0.019704 0.032850 0.000172 0.019734 0.032778 0.000174 0.019447 0.032990 0.000635 0.019517 0.032960 0.000653 0.019577 0.032912 0.000669 0.019623 0.032850 0.000681 0.019652 0.032778 0.000689 0.019282 0.032990 0.001087 0.019347 0.032960 0.001118 0.019403 0.032912 0.001145 0.019447 0.032850 0.001165 0.019474 0.032778 0.001178 0.019035 0.032990 0.001499 0.019093 0.032960 0.001542 0.019143 0.032912 0.001579 0.019182 0.032850 0.001607 0.019206 0.032778 0.001625 0.018715 0.032990 0.001857 0.018764 0.032960 0.001910 0.018806 0.032912 0.001956 0.018838 0.032850 0.001991 0.018859 0.032778 0.002013 0.018332 0.032990 0.002148 0.018370 0.032960 0.002210 0.018403 0.032912 0.002262 0.018428 0.032850 0.002303 0.018444 0.032778 0.002328 0.017902 0.032990 0.002361 0.017927 0.032960 0.002429 0.017950 0.032912 0.002487 0.017967 0.032850 0.002532 0.017977 0.032778 0.002560 0.017438 0.032990 0.002489 0.017451 0.032960 0.002561 0.017462 0.032912 0.002622 0.017470 0.032850 0.002669 0.017475 0.032778 0.002698 0.016959 0.032990 0.002527 0.016958 0.032960 0.002600 0.016957 0.032912 0.002662 0.016956 0.032850 0.002709 0.016956 0.032778 0.002739 0.016482 0.032990 0.002474 0.016467 0.032960 0.002545 0.016454 0.032912 0.002606 0.016444 0.032850 0.002652 0.016438 0.032778 0.002682 0.016023 0.032990 0.002331 0.015995 0.032960 0.002398 0.015971 0.032912 0.002455 0.015953 0.032850 0.002499 0.015941 0.032778 0.002527 0.015599 0.032990 0.002104 0.015559 0.032960 0.002164 0.015525 0.032912 0.002216 0.015499 0.032850 0.002256 0.015482 0.032778 0.002281 0.018397 0.033000 0.000363 0.017384 0.033000 0.001391 0.015987 0.033000 0.001028 0.015603 0.033000 -0.000363 0.016616 0.033000 -0.001391 0.018013 0.033000 -0.001028 0.016616 0.031700 -0.001391 0.016984 0.031615 -0.001296 0.017314 0.031588 -0.001210 0.017644 0.031615 -0.001124 0.018013 0.031700 -0.001028 0.018114 0.031615 -0.000662 0.018205 0.031588 -0.000333 0.018296 0.031615 -0.000004 0.018397 0.031700 0.000363 0.018130 0.031615 0.000634 0.017891 0.031588 0.000877 0.017651 0.031615 0.001120 0.017384 0.031700 0.001391 0.017016 0.031615 0.001296 0.016686 0.031588 0.001210 0.016356 0.031615 0.001124 0.015987 0.031700 0.001028 0.015603 0.031700 -0.000363 0.015870 0.031615 -0.000634 0.016109 0.031588 -0.000877 0.016349 0.031615 -0.001120 0.015886 0.031615 0.000662 0.015795 0.031588 0.000333 0.015704 0.031615 0.000004 0.017000 0.030867 -0.000000 0.008931 0.029900 -0.008052 0.008703 0.029900 -0.007754 0.008556 0.029900 -0.007407 0.008500 0.029900 -0.007036 0.008539 0.029900 -0.006661 0.008669 0.029900 -0.006309 0.008883 0.029900 -0.005999 0.009166 0.029900 -0.005753 0.009503 0.029900 -0.005585 0.009870 0.029900 -0.005506 0.010246 0.029900 -0.005520 0.010606 0.029900 -0.005628 0.010929 0.029900 -0.005822 0.011192 0.029900 -0.006090 0.011381 0.029900 -0.006415 0.011483 0.029900 -0.006777 0.011492 0.029900 -0.007153 0.011407 0.029900 -0.007519 0.011234 0.029900 -0.007853 0.010983 0.029900 -0.008133 0.010671 0.029900 -0.008342 0.010316 0.029900 -0.008466 0.009941 0.029900 -0.008499 0.009570 0.029900 -0.008437 0.009226 0.029900 -0.008285 0.008877 0.030000 -0.005860 0.008637 0.030000 -0.006162 0.008476 0.030000 -0.006512 0.008404 0.030000 -0.006891 0.008424 0.030000 -0.007276 0.008536 0.030000 -0.007645 0.008733 0.030000 -0.007977 0.009004 0.030000 -0.008252 0.009332 0.030000 -0.008454 0.009699 0.030000 -0.008572 0.010084 0.030000 -0.008598 0.010464 0.030000 -0.008531 0.010817 0.030000 -0.008376 0.011123 0.030000 -0.008140 0.011363 0.030000 -0.007838 0.011524 0.030000 -0.007488 0.011596 0.030000 -0.007109 0.011576 0.030000 -0.006724 0.011464 0.030000 -0.006355 0.011267 0.030000 -0.006023 0.010996 0.030000 -0.005748 0.010668 0.030000 -0.005546 0.010301 0.030000 -0.005428 0.009916 0.030000 -0.005402 0.009536 0.030000 -0.005469 0.009183 0.030000 -0.005624 0.008945 0.029926 -0.005929 0.008938 0.029950 -0.005922 0.008927 0.029971 -0.005910 0.008912 0.029987 -0.005896 0.008896 0.029997 -0.005878 0.010936 0.029926 -0.005824 0.008809 0.029926 -0.007918 0.008801 0.029950 -0.007924 0.008789 0.029971 -0.007934 0.008773 0.029987 -0.007946 0.008753 0.029997 -0.007961 0.009020 0.029997 -0.008232 0.009035 0.029987 -0.008213 0.009048 0.029971 -0.008197 0.009057 0.029950 -0.008184 0.009064 0.029926 -0.008176 0.008624 0.029926 -0.007606 0.008615 0.029950 -0.007610 0.008601 0.029971 -0.007617 0.008582 0.029987 -0.007625 0.008560 0.029997 -0.007635 0.008519 0.029926 -0.007260 0.008509 0.029950 -0.007261 0.008494 0.029971 -0.007264 0.008473 0.029987 -0.007268 0.008450 0.029997 -0.007272 0.008500 0.029926 -0.006898 0.008490 0.029950 -0.006897 0.008474 0.029971 -0.006896 0.008454 0.029987 -0.006894 0.008430 0.029997 -0.006893 0.008568 0.029926 -0.006542 0.008559 0.029950 -0.006539 0.008544 0.029971 -0.006534 0.008524 0.029987 -0.006527 0.008501 0.029997 -0.006520 0.008719 0.029926 -0.006212 0.008711 0.029950 -0.006207 0.008697 0.029971 -0.006199 0.008680 0.029987 -0.006188 0.008659 0.029997 -0.006175 0.009232 0.029926 -0.005707 0.009227 0.029950 -0.005699 0.009219 0.029971 -0.005685 0.009208 0.029987 -0.005667 0.009196 0.029997 -0.005647 0.009564 0.029926 -0.005561 0.009561 0.029950 -0.005552 0.009556 0.029971 -0.005536 0.009550 0.029987 -0.005517 0.009543 0.029997 -0.005494 0.009921 0.029926 -0.005499 0.009920 0.029950 -0.005489 0.009919 0.029971 -0.005473 0.009918 0.029987 -0.005452 0.009917 0.029997 -0.005428 0.010282 0.029926 -0.005523 0.010284 0.029950 -0.005514 0.010287 0.029971 -0.005498 0.010291 0.029987 -0.005478 0.010296 0.029997 -0.005454 0.010628 0.029926 -0.005634 0.010632 0.029950 -0.005625 0.010638 0.029971 -0.005610 0.010647 0.029987 -0.005592 0.010657 0.029997 -0.005570 0.010943 0.029950 -0.005816 0.010952 0.029971 -0.005804 0.010965 0.029987 -0.005787 0.010980 0.029997 -0.005768 0.011376 0.029926 -0.006394 0.011385 0.029950 -0.006390 0.011399 0.029971 -0.006383 0.011418 0.029987 -0.006375 0.011440 0.029997 -0.006365 0.011247 0.029997 -0.006039 0.011227 0.029987 -0.006054 0.011211 0.029971 -0.006066 0.011199 0.029950 -0.006076 0.011191 0.029926 -0.006082 0.011481 0.029926 -0.006740 0.011491 0.029950 -0.006739 0.011506 0.029971 -0.006736 0.011527 0.029987 -0.006732 0.011550 0.029997 -0.006728 0.011500 0.029926 -0.007102 0.011510 0.029950 -0.007103 0.011526 0.029971 -0.007104 0.011546 0.029987 -0.007106 0.011570 0.029997 -0.007107 0.011432 0.029926 -0.007458 0.011441 0.029950 -0.007461 0.011456 0.029971 -0.007466 0.011476 0.029987 -0.007473 0.011499 0.029997 -0.007480 0.011281 0.029926 -0.007788 0.011289 0.029950 -0.007793 0.011303 0.029971 -0.007801 0.011320 0.029987 -0.007812 0.011341 0.029997 -0.007825 0.011055 0.029926 -0.008071 0.011062 0.029950 -0.008078 0.011073 0.029971 -0.008090 0.011088 0.029987 -0.008104 0.011104 0.029997 -0.008122 0.010768 0.029926 -0.008293 0.010773 0.029950 -0.008301 0.010781 0.029971 -0.008315 0.010792 0.029987 -0.008333 0.010804 0.029997 -0.008353 0.010436 0.029926 -0.008439 0.010439 0.029950 -0.008448 0.010444 0.029971 -0.008464 0.010450 0.029987 -0.008483 0.010457 0.029997 -0.008506 0.010079 0.029926 -0.008501 0.010080 0.029950 -0.008511 0.010081 0.029971 -0.008527 0.010082 0.029987 -0.008548 0.010083 0.029997 -0.008572 0.009718 0.029926 -0.008477 0.009716 0.029950 -0.008486 0.009713 0.029971 -0.008502 0.009709 0.029987 -0.008522 0.009704 0.029997 -0.008546 0.009372 0.029926 -0.008366 0.009368 0.029950 -0.008375 0.009362 0.029971 -0.008390 0.009353 0.029987 -0.008408 0.009343 0.029997 -0.008430 0.011069 0.024307 -0.005948 0.011297 0.024307 -0.006246 0.011444 0.024307 -0.006593 0.011500 0.024307 -0.006964 0.011461 0.024307 -0.007339 0.011331 0.024307 -0.007691 0.011117 0.024307 -0.008001 0.010834 0.024307 -0.008247 0.010497 0.024307 -0.008415 0.010130 0.024307 -0.008494 0.009754 0.024307 -0.008480 0.009394 0.024307 -0.008372 0.009071 0.024307 -0.008178 0.008808 0.024307 -0.007910 0.008619 0.024307 -0.007585 0.008517 0.024307 -0.007223 0.008508 0.024307 -0.006847 0.008593 0.024307 -0.006481 0.008766 0.024307 -0.006147 0.009017 0.024307 -0.005867 0.009329 0.024307 -0.005658 0.009684 0.024307 -0.005534 0.010059 0.024307 -0.005501 0.010430 0.024307 -0.005563 0.010774 0.024307 -0.005715 0.008040 0.030000 -0.008929 0.008441 0.030000 -0.009265 0.008898 0.030000 -0.009520 0.009395 0.030000 -0.009683 0.009913 0.030000 -0.009749 0.010435 0.030000 -0.009715 0.010941 0.030000 -0.009584 0.011413 0.030000 -0.009359 0.011834 0.030000 -0.009049 0.012189 0.030000 -0.008665 0.012464 0.030000 -0.008221 0.012651 0.030000 -0.007732 0.012741 0.030000 -0.007217 0.012733 0.030000 -0.006695 0.012626 0.030000 -0.006183 0.012424 0.030000 -0.005701 0.012134 0.030000 -0.005266 0.011767 0.030000 -0.004893 0.011337 0.030000 -0.004597 0.010858 0.030000 -0.004387 0.010348 0.030000 -0.004272 0.009825 0.030000 -0.004256 0.009309 0.030000 -0.004338 0.008818 0.030000 -0.004517 0.008369 0.030000 -0.004786 0.007980 0.030000 -0.005134 0.007663 0.030000 -0.005551 0.007431 0.030000 -0.006019 0.007292 0.030000 -0.006523 0.007250 0.030000 -0.007044 0.007308 0.030000 -0.007564 0.007464 0.030000 -0.008063 0.007711 0.030000 -0.008524 0.010850 0.024000 -0.006163 0.011038 0.024000 -0.006411 0.011155 0.024000 -0.006700 0.011193 0.024000 -0.007009 0.011150 0.024000 -0.007318 0.011029 0.024000 -0.007605 0.010837 0.024000 -0.007850 0.010589 0.024000 -0.008038 0.010300 0.024000 -0.008155 0.009991 0.024000 -0.008193 0.009682 0.024000 -0.008150 0.009395 0.024000 -0.008029 0.009150 0.024000 -0.007837 0.008962 0.024000 -0.007589 0.008845 0.024000 -0.007300 0.008807 0.024000 -0.006991 0.008850 0.024000 -0.006682 0.008971 0.024000 -0.006395 0.009163 0.024000 -0.006150 0.009411 0.024000 -0.005962 0.009700 0.024000 -0.005845 0.010009 0.024000 -0.005807 0.010318 0.024000 -0.005850 0.010605 0.024000 -0.005971 0.008281 0.033000 -0.005254 0.007965 0.033000 -0.005636 0.007732 0.033000 -0.006074 0.007592 0.033000 -0.006549 0.007550 0.033000 -0.007043 0.007609 0.033000 -0.007535 0.007766 0.033000 -0.008006 0.008014 0.033000 -0.008435 0.008344 0.033000 -0.008805 0.008741 0.033000 -0.009102 0.009190 0.033000 -0.009312 0.009672 0.033000 -0.009428 0.010167 0.033000 -0.009444 0.010656 0.033000 -0.009361 0.011118 0.033000 -0.009180 0.011534 0.033000 -0.008911 0.011887 0.033000 -0.008563 0.012163 0.033000 -0.008151 0.012350 0.033000 -0.007692 0.012441 0.033000 -0.007205 0.012433 0.033000 -0.006709 0.012324 0.033000 -0.006226 0.012121 0.033000 -0.005773 0.011831 0.033000 -0.005372 0.011465 0.033000 -0.005037 0.011040 0.033000 -0.004782 0.010572 0.033000 -0.004618 0.010081 0.033000 -0.004551 0.009586 0.033000 -0.004585 0.009109 0.033000 -0.004718 0.008668 0.033000 -0.004944 0.008040 0.032700 -0.008929 0.007711 0.032700 -0.008524 0.007464 0.032700 -0.008063 0.007308 0.032700 -0.007564 0.007250 0.032700 -0.007044 0.007292 0.032700 -0.006523 0.007431 0.032700 -0.006019 0.007663 0.032700 -0.005551 0.007980 0.032700 -0.005134 0.008369 0.032700 -0.004786 0.008818 0.032700 -0.004517 0.009309 0.032700 -0.004338 0.009825 0.032700 -0.004256 0.010348 0.032700 -0.004272 0.010858 0.032700 -0.004387 0.011337 0.032700 -0.004597 0.011767 0.032700 -0.004893 0.012134 0.032700 -0.005266 0.012424 0.032700 -0.005701 0.012626 0.032700 -0.006183 0.012733 0.032700 -0.006695 0.012741 0.032700 -0.007217 0.012651 0.032700 -0.007732 0.012464 0.032700 -0.008221 0.012189 0.032700 -0.008665 0.011834 0.032700 -0.009049 0.011413 0.032700 -0.009359 0.010941 0.032700 -0.009584 0.010435 0.032700 -0.009715 0.009913 0.032700 -0.009749 0.009395 0.032700 -0.009683 0.008898 0.032700 -0.009520 0.008441 0.032700 -0.009265 0.008227 0.032990 -0.005199 0.008176 0.032960 -0.005147 0.008132 0.032912 -0.005103 0.008099 0.032850 -0.005069 0.008078 0.032778 -0.005048 0.011594 0.032990 -0.008962 0.007918 0.032990 -0.005567 0.007858 0.032960 -0.005526 0.007807 0.032912 -0.005491 0.007768 0.032850 -0.005464 0.007743 0.032778 -0.005447 0.007684 0.032990 -0.005987 0.007618 0.032960 -0.005958 0.007561 0.032912 -0.005933 0.007517 0.032850 -0.005914 0.007490 0.032778 -0.005902 0.007534 0.032990 -0.006444 0.007464 0.032960 -0.006428 0.007403 0.032912 -0.006414 0.007357 0.032850 -0.006404 0.007327 0.032778 -0.006397 0.007474 0.032990 -0.006920 0.007401 0.032960 -0.006918 0.007339 0.032912 -0.006916 0.007292 0.032850 -0.006915 0.007262 0.032778 -0.006914 0.007504 0.032990 -0.007400 0.007433 0.032960 -0.007411 0.007371 0.032912 -0.007421 0.007324 0.032850 -0.007429 0.007295 0.032778 -0.007433 0.007625 0.032990 -0.007865 0.007557 0.032960 -0.007890 0.007499 0.032912 -0.007911 0.007454 0.032850 -0.007927 0.007426 0.032778 -0.007938 0.007832 0.032990 -0.008299 0.007770 0.032960 -0.008336 0.007716 0.032912 -0.008368 0.007675 0.032850 -0.008392 0.007650 0.032778 -0.008408 0.008117 0.032990 -0.008686 0.008063 0.032960 -0.008734 0.008016 0.032912 -0.008775 0.007981 0.032850 -0.008807 0.007959 0.032778 -0.008827 0.008470 0.032990 -0.009012 0.008426 0.032960 -0.009069 0.008388 0.032912 -0.009119 0.008359 0.032850 -0.009157 0.008341 0.032778 -0.009181 0.008878 0.032990 -0.009265 0.008846 0.032960 -0.009330 0.008818 0.032912 -0.009385 0.008797 0.032850 -0.009428 0.008784 0.032778 -0.009455 0.009327 0.032990 -0.009436 0.009308 0.032960 -0.009506 0.009291 0.032912 -0.009566 0.009278 0.032850 -0.009612 0.009270 0.032778 -0.009641 0.009800 0.032990 -0.009520 0.009794 0.032960 -0.009592 0.009790 0.032912 -0.009654 0.009786 0.032850 -0.009701 0.009783 0.032778 -0.009731 0.010281 0.032990 -0.009512 0.010289 0.032960 -0.009584 0.010296 0.032912 -0.009646 0.010301 0.032850 -0.009693 0.010304 0.032778 -0.009723 0.010751 0.032990 -0.009413 0.010772 0.032960 -0.009483 0.010791 0.032912 -0.009542 0.010805 0.032850 -0.009587 0.010814 0.032778 -0.009616 0.011194 0.032990 -0.009228 0.011228 0.032960 -0.009292 0.011258 0.032912 -0.009346 0.011280 0.032850 -0.009388 0.011294 0.032778 -0.009415 0.011640 0.032960 -0.009018 0.011679 0.032912 -0.009066 0.011709 0.032850 -0.009103 0.011728 0.032778 -0.009126 0.012209 0.032990 -0.008228 0.012272 0.032960 -0.008264 0.012327 0.032912 -0.008294 0.012368 0.032850 -0.008317 0.012394 0.032778 -0.008332 0.012099 0.032778 -0.008761 0.012076 0.032850 -0.008741 0.012040 0.032912 -0.008711 0.011992 0.032960 -0.008671 0.011937 0.032990 -0.008624 0.012402 0.032990 -0.007788 0.012470 0.032960 -0.007811 0.012529 0.032912 -0.007830 0.012575 0.032850 -0.007845 0.012603 0.032778 -0.007854 0.012507 0.032990 -0.007319 0.012579 0.032960 -0.007329 0.012641 0.032912 -0.007336 0.012688 0.032850 -0.007343 0.012718 0.032778 -0.007346 0.012523 0.032990 -0.006839 0.012595 0.032960 -0.006835 0.012657 0.032912 -0.006831 0.012704 0.032850 -0.006828 0.012734 0.032778 -0.006826 0.012447 0.032990 -0.006365 0.012517 0.032960 -0.006347 0.012577 0.032912 -0.006331 0.012623 0.032850 -0.006319 0.012652 0.032778 -0.006311 0.012282 0.032990 -0.005913 0.012347 0.032960 -0.005882 0.012403 0.032912 -0.005855 0.012447 0.032850 -0.005835 0.012474 0.032778 -0.005822 0.012035 0.032990 -0.005501 0.012093 0.032960 -0.005458 0.012143 0.032912 -0.005421 0.012182 0.032850 -0.005393 0.012206 0.032778 -0.005375 0.011715 0.032990 -0.005143 0.011764 0.032960 -0.005090 0.011806 0.032912 -0.005044 0.011838 0.032850 -0.005009 0.011859 0.032778 -0.004987 0.011332 0.032990 -0.004852 0.011370 0.032960 -0.004790 0.011403 0.032912 -0.004738 0.011428 0.032850 -0.004697 0.011444 0.032778 -0.004672 0.010902 0.032990 -0.004639 0.010927 0.032960 -0.004571 0.010950 0.032912 -0.004513 0.010967 0.032850 -0.004468 0.010977 0.032778 -0.004440 0.010438 0.032990 -0.004511 0.010451 0.032960 -0.004439 0.010462 0.032912 -0.004378 0.010470 0.032850 -0.004331 0.010475 0.032778 -0.004302 0.009959 0.032990 -0.004473 0.009958 0.032960 -0.004400 0.009957 0.032912 -0.004338 0.009956 0.032850 -0.004291 0.009956 0.032778 -0.004261 0.009482 0.032990 -0.004526 0.009467 0.032960 -0.004455 0.009454 0.032912 -0.004394 0.009444 0.032850 -0.004348 0.009438 0.032778 -0.004318 0.009023 0.032990 -0.004669 0.008995 0.032960 -0.004602 0.008971 0.032912 -0.004545 0.008953 0.032850 -0.004501 0.008941 0.032778 -0.004473 0.008599 0.032990 -0.004896 0.008559 0.032960 -0.004836 0.008525 0.032912 -0.004784 0.008499 0.032850 -0.004744 0.008482 0.032778 -0.004719 0.011397 0.033000 -0.006637 0.010384 0.033000 -0.005609 0.008987 0.033000 -0.005972 0.008603 0.033000 -0.007363 0.009616 0.033000 -0.008391 0.011013 0.033000 -0.008028 0.009616 0.031700 -0.008391 0.009984 0.031615 -0.008296 0.010314 0.031588 -0.008210 0.010644 0.031615 -0.008124 0.011013 0.031700 -0.008028 0.011114 0.031615 -0.007662 0.011205 0.031588 -0.007333 0.011296 0.031615 -0.007004 0.011397 0.031700 -0.006637 0.011130 0.031615 -0.006366 0.010891 0.031588 -0.006123 0.010651 0.031615 -0.005880 0.010384 0.031700 -0.005609 0.010016 0.031615 -0.005704 0.009686 0.031588 -0.005790 0.009356 0.031615 -0.005876 0.008987 0.031700 -0.005972 0.008603 0.031700 -0.007363 0.008870 0.031615 -0.007634 0.009109 0.031588 -0.007877 0.009349 0.031615 -0.008120 0.008886 0.031615 -0.006338 0.008795 0.031588 -0.006667 0.008704 0.031615 -0.006996 0.010000 0.030867 -0.007000 0.008931 0.029900 0.005948 0.008703 0.029900 0.006246 0.008556 0.029900 0.006593 0.008500 0.029900 0.006964 0.008539 0.029900 0.007339 0.008669 0.029900 0.007691 0.008883 0.029900 0.008001 0.009166 0.029900 0.008247 0.009503 0.029900 0.008415 0.009870 0.029900 0.008494 0.010246 0.029900 0.008480 0.010606 0.029900 0.008372 0.010929 0.029900 0.008178 0.011192 0.029900 0.007910 0.011381 0.029900 0.007585 0.011483 0.029900 0.007223 0.011492 0.029900 0.006847 0.011407 0.029900 0.006481 0.011234 0.029900 0.006147 0.010983 0.029900 0.005867 0.010671 0.029900 0.005658 0.010316 0.029900 0.005534 0.009941 0.029900 0.005501 0.009570 0.029900 0.005563 0.009226 0.029900 0.005715 0.008877 0.030000 0.008140 0.008637 0.030000 0.007838 0.008476 0.030000 0.007488 0.008404 0.030000 0.007109 0.008424 0.030000 0.006724 0.008536 0.030000 0.006355 0.008733 0.030000 0.006023 0.009004 0.030000 0.005748 0.009332 0.030000 0.005546 0.009699 0.030000 0.005428 0.010084 0.030000 0.005402 0.010464 0.030000 0.005469 0.010817 0.030000 0.005624 0.011123 0.030000 0.005860 0.011363 0.030000 0.006162 0.011524 0.030000 0.006512 0.011596 0.030000 0.006891 0.011576 0.030000 0.007276 0.011464 0.030000 0.007645 0.011267 0.030000 0.007977 0.010996 0.030000 0.008252 0.010668 0.030000 0.008454 0.010301 0.030000 0.008572 0.009916 0.030000 0.008598 0.009536 0.030000 0.008531 0.009183 0.030000 0.008376 0.008945 0.029926 0.008071 0.008938 0.029950 0.008078 0.008927 0.029971 0.008090 0.008913 0.029987 0.008104 0.008896 0.029997 0.008122 0.010936 0.029926 0.008176 0.008809 0.029926 0.006082 0.008801 0.029950 0.006076 0.008789 0.029971 0.006066 0.008773 0.029987 0.006054 0.008753 0.029997 0.006039 0.009020 0.029997 0.005768 0.009035 0.029987 0.005787 0.009048 0.029971 0.005804 0.009057 0.029950 0.005816 0.009064 0.029926 0.005824 0.008624 0.029926 0.006394 0.008615 0.029950 0.006390 0.008601 0.029971 0.006383 0.008582 0.029987 0.006375 0.008560 0.029997 0.006365 0.008519 0.029926 0.006740 0.008509 0.029950 0.006739 0.008494 0.029971 0.006736 0.008473 0.029987 0.006732 0.008450 0.029997 0.006728 0.008500 0.029926 0.007102 0.008490 0.029950 0.007103 0.008474 0.029971 0.007104 0.008454 0.029987 0.007106 0.008430 0.029997 0.007107 0.008568 0.029926 0.007458 0.008559 0.029950 0.007461 0.008544 0.029971 0.007466 0.008524 0.029987 0.007473 0.008501 0.029997 0.007480 0.008719 0.029926 0.007788 0.008711 0.029950 0.007793 0.008697 0.029971 0.007801 0.008680 0.029987 0.007812 0.008659 0.029997 0.007825 0.009232 0.029926 0.008293 0.009227 0.029950 0.008301 0.009219 0.029971 0.008315 0.009208 0.029987 0.008333 0.009196 0.029997 0.008353 0.009564 0.029926 0.008439 0.009561 0.029950 0.008448 0.009556 0.029971 0.008464 0.009550 0.029987 0.008483 0.009543 0.029997 0.008506 0.009921 0.029926 0.008501 0.009920 0.029950 0.008511 0.009919 0.029971 0.008527 0.009918 0.029987 0.008548 0.009917 0.029997 0.008572 0.010282 0.029926 0.008477 0.010284 0.029950 0.008486 0.010287 0.029971 0.008502 0.010291 0.029987 0.008522 0.010296 0.029997 0.008546 0.010628 0.029926 0.008366 0.010632 0.029950 0.008375 0.010638 0.029971 0.008390 0.010647 0.029987 0.008408 0.010657 0.029997 0.008430 0.010943 0.029950 0.008184 0.010952 0.029971 0.008197 0.010965 0.029987 0.008213 0.010980 0.029997 0.008232 0.011376 0.029926 0.007606 0.011385 0.029950 0.007610 0.011399 0.029971 0.007617 0.011418 0.029987 0.007625 0.011440 0.029997 0.007635 0.011247 0.029997 0.007961 0.011227 0.029987 0.007946 0.011211 0.029971 0.007934 0.011199 0.029950 0.007924 0.011191 0.029926 0.007918 0.011481 0.029926 0.007260 0.011491 0.029950 0.007261 0.011506 0.029971 0.007264 0.011527 0.029987 0.007268 0.011550 0.029997 0.007272 0.011500 0.029926 0.006898 0.011510 0.029950 0.006897 0.011526 0.029971 0.006896 0.011546 0.029987 0.006894 0.011570 0.029997 0.006893 0.011432 0.029926 0.006542 0.011441 0.029950 0.006539 0.011456 0.029971 0.006534 0.011476 0.029987 0.006527 0.011499 0.029997 0.006520 0.011281 0.029926 0.006212 0.011289 0.029950 0.006207 0.011303 0.029971 0.006199 0.011320 0.029987 0.006188 0.011341 0.029997 0.006175 0.011055 0.029926 0.005929 0.011062 0.029950 0.005922 0.011073 0.029971 0.005910 0.011087 0.029987 0.005896 0.011104 0.029997 0.005878 0.010768 0.029926 0.005707 0.010773 0.029950 0.005699 0.010781 0.029971 0.005685 0.010792 0.029987 0.005667 0.010804 0.029997 0.005647 0.010436 0.029926 0.005561 0.010439 0.029950 0.005552 0.010444 0.029971 0.005536 0.010450 0.029987 0.005517 0.010457 0.029997 0.005494 0.010079 0.029926 0.005499 0.010080 0.029950 0.005489 0.010081 0.029971 0.005473 0.010082 0.029987 0.005452 0.010083 0.029997 0.005428 0.009718 0.029926 0.005523 0.009716 0.029950 0.005514 0.009713 0.029971 0.005498 0.009709 0.029987 0.005478 0.009704 0.029997 0.005454 0.009372 0.029926 0.005634 0.009368 0.029950 0.005625 0.009362 0.029971 0.005610 0.009353 0.029987 0.005592 0.009343 0.029997 0.005570 0.011069 0.024307 0.008052 0.011297 0.024307 0.007754 0.011444 0.024307 0.007407 0.011500 0.024307 0.007036 0.011461 0.024307 0.006661 0.011331 0.024307 0.006309 0.011117 0.024307 0.005999 0.010834 0.024307 0.005753 0.010497 0.024307 0.005585 0.010130 0.024307 0.005506 0.009754 0.024307 0.005520 0.009394 0.024307 0.005628 0.009071 0.024307 0.005822 0.008808 0.024307 0.006090 0.008619 0.024307 0.006415 0.008517 0.024307 0.006777 0.008508 0.024307 0.007153 0.008593 0.024307 0.007519 0.008766 0.024307 0.007853 0.009017 0.024307 0.008133 0.009329 0.024307 0.008342 0.009684 0.024307 0.008466 0.010059 0.024307 0.008499 0.010430 0.024307 0.008437 0.010774 0.024307 0.008285 0.008040 0.030000 0.005071 0.008441 0.030000 0.004735 0.008898 0.030000 0.004480 0.009395 0.030000 0.004317 0.009913 0.030000 0.004251 0.010435 0.030000 0.004285 0.010941 0.030000 0.004416 0.011413 0.030000 0.004641 0.011834 0.030000 0.004951 0.012189 0.030000 0.005335 0.012464 0.030000 0.005779 0.012651 0.030000 0.006268 0.012741 0.030000 0.006783 0.012733 0.030000 0.007305 0.012626 0.030000 0.007817 0.012424 0.030000 0.008299 0.012134 0.030000 0.008734 0.011767 0.030000 0.009107 0.011337 0.030000 0.009403 0.010858 0.030000 0.009613 0.010348 0.030000 0.009728 0.009825 0.030000 0.009744 0.009309 0.030000 0.009662 0.008818 0.030000 0.009483 0.008369 0.030000 0.009214 0.007980 0.030000 0.008866 0.007663 0.030000 0.008449 0.007431 0.030000 0.007981 0.007292 0.030000 0.007477 0.007250 0.030000 0.006956 0.007308 0.030000 0.006436 0.007464 0.030000 0.005937 0.007711 0.030000 0.005476 0.010850 0.024000 0.007837 0.011038 0.024000 0.007589 0.011155 0.024000 0.007300 0.011193 0.024000 0.006991 0.011150 0.024000 0.006682 0.011029 0.024000 0.006395 0.010837 0.024000 0.006150 0.010589 0.024000 0.005962 0.010300 0.024000 0.005845 0.009991 0.024000 0.005807 0.009682 0.024000 0.005850 0.009395 0.024000 0.005971 0.009150 0.024000 0.006163 0.008962 0.024000 0.006411 0.008845 0.024000 0.006700 0.008807 0.024000 0.007009 0.008850 0.024000 0.007318 0.008971 0.024000 0.007605 0.009163 0.024000 0.007850 0.009411 0.024000 0.008038 0.009700 0.024000 0.008155 0.010009 0.024000 0.008193 0.010318 0.024000 0.008150 0.010605 0.024000 0.008029 0.008281 0.033000 0.008746 0.007965 0.033000 0.008364 0.007732 0.033000 0.007926 0.007592 0.033000 0.007451 0.007550 0.033000 0.006957 0.007609 0.033000 0.006465 0.007766 0.033000 0.005994 0.008014 0.033000 0.005565 0.008344 0.033000 0.005195 0.008741 0.033000 0.004898 0.009190 0.033000 0.004688 0.009672 0.033000 0.004572 0.010167 0.033000 0.004556 0.010656 0.033000 0.004639 0.011118 0.033000 0.004820 0.011534 0.033000 0.005089 0.011887 0.033000 0.005437 0.012163 0.033000 0.005849 0.012350 0.033000 0.006308 0.012441 0.033000 0.006795 0.012433 0.033000 0.007291 0.012324 0.033000 0.007774 0.012121 0.033000 0.008226 0.011831 0.033000 0.008628 0.011465 0.033000 0.008963 0.011040 0.033000 0.009218 0.010572 0.033000 0.009382 0.010081 0.033000 0.009449 0.009586 0.033000 0.009415 0.009109 0.033000 0.009282 0.008668 0.033000 0.009056 0.008040 0.032700 0.005071 0.007711 0.032700 0.005476 0.007464 0.032700 0.005937 0.007308 0.032700 0.006436 0.007250 0.032700 0.006956 0.007292 0.032700 0.007477 0.007431 0.032700 0.007981 0.007663 0.032700 0.008449 0.007980 0.032700 0.008866 0.008369 0.032700 0.009214 0.008818 0.032700 0.009483 0.009309 0.032700 0.009662 0.009825 0.032700 0.009744 0.010348 0.032700 0.009728 0.010858 0.032700 0.009613 0.011337 0.032700 0.009403 0.011767 0.032700 0.009107 0.012134 0.032700 0.008734 0.012424 0.032700 0.008299 0.012626 0.032700 0.007817 0.012733 0.032700 0.007305 0.012741 0.032700 0.006783 0.012651 0.032700 0.006268 0.012464 0.032700 0.005779 0.012189 0.032700 0.005335 0.011834 0.032700 0.004951 0.011413 0.032700 0.004641 0.010941 0.032700 0.004416 0.010435 0.032700 0.004285 0.009913 0.032700 0.004251 0.009395 0.032700 0.004317 0.008898 0.032700 0.004480 0.008441 0.032700 0.004735 0.008227 0.032990 0.008801 0.008176 0.032960 0.008853 0.008132 0.032912 0.008897 0.008099 0.032850 0.008931 0.008078 0.032778 0.008952 0.011594 0.032990 0.005038 0.007918 0.032990 0.008433 0.007858 0.032960 0.008474 0.007807 0.032912 0.008509 0.007768 0.032850 0.008536 0.007743 0.032778 0.008553 0.007684 0.032990 0.008013 0.007618 0.032960 0.008042 0.007561 0.032912 0.008067 0.007517 0.032850 0.008086 0.007490 0.032778 0.008098 0.007534 0.032990 0.007556 0.007464 0.032960 0.007572 0.007403 0.032912 0.007586 0.007357 0.032850 0.007596 0.007327 0.032778 0.007603 0.007474 0.032990 0.007080 0.007401 0.032960 0.007082 0.007339 0.032912 0.007084 0.007292 0.032850 0.007085 0.007262 0.032778 0.007086 0.007504 0.032990 0.006600 0.007433 0.032960 0.006589 0.007371 0.032912 0.006579 0.007324 0.032850 0.006571 0.007295 0.032778 0.006567 0.007625 0.032990 0.006135 0.007557 0.032960 0.006110 0.007499 0.032912 0.006089 0.007454 0.032850 0.006073 0.007426 0.032778 0.006062 0.007832 0.032990 0.005701 0.007770 0.032960 0.005664 0.007716 0.032912 0.005632 0.007675 0.032850 0.005608 0.007650 0.032778 0.005592 0.008117 0.032990 0.005314 0.008063 0.032960 0.005266 0.008016 0.032912 0.005225 0.007981 0.032850 0.005193 0.007959 0.032778 0.005173 0.008470 0.032990 0.004988 0.008426 0.032960 0.004931 0.008388 0.032912 0.004881 0.008359 0.032850 0.004843 0.008341 0.032778 0.004819 0.008878 0.032990 0.004735 0.008846 0.032960 0.004670 0.008818 0.032912 0.004615 0.008797 0.032850 0.004572 0.008784 0.032778 0.004545 0.009327 0.032990 0.004564 0.009308 0.032960 0.004494 0.009291 0.032912 0.004434 0.009278 0.032850 0.004388 0.009270 0.032778 0.004359 0.009800 0.032990 0.004480 0.009794 0.032960 0.004408 0.009790 0.032912 0.004346 0.009786 0.032850 0.004299 0.009783 0.032778 0.004269 0.010281 0.032990 0.004488 0.010289 0.032960 0.004416 0.010296 0.032912 0.004354 0.010301 0.032850 0.004307 0.010304 0.032778 0.004277 0.010751 0.032990 0.004586 0.010772 0.032960 0.004517 0.010791 0.032912 0.004458 0.010805 0.032850 0.004413 0.010814 0.032778 0.004384 0.011194 0.032990 0.004772 0.011228 0.032960 0.004708 0.011258 0.032912 0.004654 0.011280 0.032850 0.004612 0.011294 0.032778 0.004585 0.011640 0.032960 0.004982 0.011679 0.032912 0.004934 0.011709 0.032850 0.004897 0.011728 0.032778 0.004874 0.012209 0.032990 0.005772 0.012272 0.032960 0.005736 0.012327 0.032912 0.005706 0.012368 0.032850 0.005683 0.012394 0.032778 0.005668 0.012099 0.032778 0.005239 0.012076 0.032850 0.005259 0.012040 0.032912 0.005289 0.011992 0.032960 0.005329 0.011937 0.032990 0.005376 0.012402 0.032990 0.006212 0.012470 0.032960 0.006189 0.012529 0.032912 0.006170 0.012575 0.032850 0.006155 0.012603 0.032778 0.006146 0.012507 0.032990 0.006681 0.012579 0.032960 0.006671 0.012641 0.032912 0.006664 0.012688 0.032850 0.006657 0.012718 0.032778 0.006654 0.012523 0.032990 0.007161 0.012595 0.032960 0.007165 0.012657 0.032912 0.007169 0.012704 0.032850 0.007172 0.012734 0.032778 0.007174 0.012447 0.032990 0.007635 0.012517 0.032960 0.007653 0.012577 0.032912 0.007669 0.012623 0.032850 0.007681 0.012652 0.032778 0.007689 0.012282 0.032990 0.008087 0.012347 0.032960 0.008118 0.012403 0.032912 0.008145 0.012447 0.032850 0.008165 0.012474 0.032778 0.008178 0.012035 0.032990 0.008499 0.012093 0.032960 0.008542 0.012143 0.032912 0.008579 0.012182 0.032850 0.008607 0.012206 0.032778 0.008625 0.011715 0.032990 0.008857 0.011764 0.032960 0.008910 0.011806 0.032912 0.008956 0.011838 0.032850 0.008991 0.011859 0.032778 0.009013 0.011332 0.032990 0.009148 0.011370 0.032960 0.009210 0.011403 0.032912 0.009262 0.011428 0.032850 0.009303 0.011444 0.032778 0.009328 0.010902 0.032990 0.009361 0.010927 0.032960 0.009429 0.010950 0.032912 0.009487 0.010967 0.032850 0.009532 0.010977 0.032778 0.009560 0.010438 0.032990 0.009489 0.010451 0.032960 0.009561 0.010462 0.032912 0.009622 0.010470 0.032850 0.009669 0.010475 0.032778 0.009698 0.009959 0.032990 0.009527 0.009958 0.032960 0.009600 0.009957 0.032912 0.009662 0.009956 0.032850 0.009709 0.009956 0.032778 0.009739 0.009482 0.032990 0.009474 0.009467 0.032960 0.009545 0.009454 0.032912 0.009606 0.009444 0.032850 0.009652 0.009438 0.032778 0.009682 0.009023 0.032990 0.009331 0.008995 0.032960 0.009398 0.008971 0.032912 0.009455 0.008953 0.032850 0.009499 0.008941 0.032778 0.009527 0.008599 0.032990 0.009104 0.008559 0.032960 0.009164 0.008525 0.032912 0.009216 0.008499 0.032850 0.009256 0.008482 0.032778 0.009281 0.011397 0.033000 0.007363 0.010384 0.033000 0.008391 0.008987 0.033000 0.008028 0.008603 0.033000 0.006637 0.009616 0.033000 0.005609 0.011013 0.033000 0.005972 0.009616 0.031700 0.005609 0.009984 0.031615 0.005704 0.010314 0.031588 0.005790 0.010644 0.031615 0.005876 0.011013 0.031700 0.005972 0.011114 0.031615 0.006338 0.011205 0.031588 0.006667 0.011296 0.031615 0.006996 0.011397 0.031700 0.007363 0.011130 0.031615 0.007634 0.010891 0.031588 0.007877 0.010651 0.031615 0.008120 0.010384 0.031700 0.008391 0.010016 0.031615 0.008296 0.009686 0.031588 0.008210 0.009356 0.031615 0.008124 0.008987 0.031700 0.008028 0.008603 0.031700 0.006637 0.008870 0.031615 0.006366 0.009109 0.031588 0.006123 0.009349 0.031615 0.005880 0.008886 0.031615 0.007662 0.008795 0.031588 0.007333 0.008704 0.031615 0.007004 0.010000 0.030867 0.007000 0.001931 0.029900 -0.001052 0.001703 0.029900 -0.000754 0.001556 0.029900 -0.000407 0.001500 0.029900 -0.000036 0.001539 0.029900 0.000339 0.001669 0.029900 0.000691 0.001883 0.029900 0.001001 0.002166 0.029900 0.001247 0.002503 0.029900 0.001415 0.002870 0.029900 0.001494 0.003246 0.029900 0.001480 0.003606 0.029900 0.001372 0.003928 0.029900 0.001178 0.004192 0.029900 0.000910 0.004381 0.029900 0.000585 0.004483 0.029900 0.000223 0.004492 0.029900 -0.000153 0.004407 0.029900 -0.000519 0.004234 0.029900 -0.000853 0.003983 0.029900 -0.001133 0.003671 0.029900 -0.001342 0.003316 0.029900 -0.001466 0.002941 0.029900 -0.001499 0.002570 0.029900 -0.001437 0.002226 0.029900 -0.001285 0.001877 0.030000 0.001140 0.001637 0.030000 0.000838 0.001476 0.030000 0.000488 0.001404 0.030000 0.000109 0.001424 0.030000 -0.000276 0.001536 0.030000 -0.000645 0.001733 0.030000 -0.000977 0.002004 0.030000 -0.001252 0.002332 0.030000 -0.001454 0.002699 0.030000 -0.001572 0.003084 0.030000 -0.001598 0.003464 0.030000 -0.001531 0.003817 0.030000 -0.001376 0.004123 0.030000 -0.001140 0.004363 0.030000 -0.000838 0.004524 0.030000 -0.000488 0.004596 0.030000 -0.000109 0.004576 0.030000 0.000276 0.004464 0.030000 0.000645 0.004267 0.030000 0.000977 0.003996 0.030000 0.001252 0.003668 0.030000 0.001454 0.003301 0.030000 0.001572 0.002916 0.030000 0.001598 0.002536 0.030000 0.001531 0.002183 0.030000 0.001376 0.001945 0.029926 0.001071 0.001938 0.029950 0.001078 0.001927 0.029971 0.001090 0.001913 0.029987 0.001104 0.001896 0.029997 0.001122 0.003936 0.029926 0.001176 0.001809 0.029926 -0.000918 0.001801 0.029950 -0.000924 0.001789 0.029971 -0.000934 0.001773 0.029987 -0.000946 0.001753 0.029997 -0.000961 0.002020 0.029997 -0.001232 0.002035 0.029987 -0.001213 0.002048 0.029971 -0.001197 0.002057 0.029950 -0.001184 0.002064 0.029926 -0.001176 0.001624 0.029926 -0.000606 0.001615 0.029950 -0.000610 0.001601 0.029971 -0.000617 0.001582 0.029987 -0.000625 0.001560 0.029997 -0.000635 0.001519 0.029926 -0.000260 0.001509 0.029950 -0.000261 0.001494 0.029971 -0.000264 0.001473 0.029987 -0.000268 0.001450 0.029997 -0.000272 0.001500 0.029926 0.000102 0.001490 0.029950 0.000103 0.001474 0.029971 0.000104 0.001454 0.029987 0.000106 0.001430 0.029997 0.000107 0.001568 0.029926 0.000458 0.001559 0.029950 0.000461 0.001544 0.029971 0.000466 0.001524 0.029987 0.000473 0.001501 0.029997 0.000480 0.001719 0.029926 0.000788 0.001711 0.029950 0.000793 0.001697 0.029971 0.000801 0.001680 0.029987 0.000812 0.001659 0.029997 0.000825 0.002232 0.029926 0.001293 0.002227 0.029950 0.001301 0.002219 0.029971 0.001315 0.002208 0.029987 0.001333 0.002196 0.029997 0.001353 0.002564 0.029926 0.001439 0.002561 0.029950 0.001448 0.002556 0.029971 0.001464 0.002550 0.029987 0.001483 0.002543 0.029997 0.001506 0.002921 0.029926 0.001501 0.002920 0.029950 0.001511 0.002919 0.029971 0.001527 0.002918 0.029987 0.001548 0.002917 0.029997 0.001572 0.003282 0.029926 0.001477 0.003284 0.029950 0.001486 0.003287 0.029971 0.001502 0.003291 0.029987 0.001522 0.003296 0.029997 0.001546 0.003628 0.029926 0.001366 0.003632 0.029950 0.001375 0.003638 0.029971 0.001390 0.003647 0.029987 0.001408 0.003657 0.029997 0.001430 0.003943 0.029950 0.001184 0.003952 0.029971 0.001196 0.003965 0.029987 0.001213 0.003980 0.029997 0.001232 0.004376 0.029926 0.000606 0.004385 0.029950 0.000610 0.004399 0.029971 0.000617 0.004418 0.029987 0.000625 0.004440 0.029997 0.000635 0.004247 0.029997 0.000961 0.004227 0.029987 0.000946 0.004211 0.029971 0.000934 0.004198 0.029950 0.000924 0.004191 0.029926 0.000918 0.004481 0.029926 0.000260 0.004491 0.029950 0.000261 0.004506 0.029971 0.000264 0.004527 0.029987 0.000268 0.004550 0.029997 0.000272 0.004500 0.029926 -0.000102 0.004510 0.029950 -0.000103 0.004526 0.029971 -0.000104 0.004546 0.029987 -0.000106 0.004570 0.029997 -0.000107 0.004432 0.029926 -0.000458 0.004441 0.029950 -0.000461 0.004456 0.029971 -0.000466 0.004476 0.029987 -0.000473 0.004499 0.029997 -0.000480 0.004281 0.029926 -0.000788 0.004289 0.029950 -0.000793 0.004303 0.029971 -0.000801 0.004320 0.029987 -0.000812 0.004341 0.029997 -0.000825 0.004055 0.029926 -0.001071 0.004062 0.029950 -0.001078 0.004073 0.029971 -0.001090 0.004087 0.029987 -0.001104 0.004104 0.029997 -0.001122 0.003768 0.029926 -0.001293 0.003773 0.029950 -0.001301 0.003781 0.029971 -0.001315 0.003792 0.029987 -0.001333 0.003804 0.029997 -0.001353 0.003436 0.029926 -0.001439 0.003439 0.029950 -0.001448 0.003444 0.029971 -0.001464 0.003450 0.029987 -0.001483 0.003457 0.029997 -0.001506 0.003079 0.029926 -0.001501 0.003080 0.029950 -0.001511 0.003081 0.029971 -0.001527 0.003082 0.029987 -0.001548 0.003083 0.029997 -0.001572 0.002718 0.029926 -0.001477 0.002716 0.029950 -0.001486 0.002713 0.029971 -0.001502 0.002709 0.029987 -0.001522 0.002704 0.029997 -0.001546 0.002372 0.029926 -0.001366 0.002368 0.029950 -0.001375 0.002362 0.029971 -0.001390 0.002353 0.029987 -0.001408 0.002343 0.029997 -0.001430 0.004069 0.024307 0.001052 0.004297 0.024307 0.000754 0.004444 0.024307 0.000407 0.004500 0.024307 0.000036 0.004461 0.024307 -0.000339 0.004331 0.024307 -0.000691 0.004117 0.024307 -0.001001 0.003834 0.024307 -0.001247 0.003497 0.024307 -0.001415 0.003130 0.024307 -0.001494 0.002754 0.024307 -0.001480 0.002394 0.024307 -0.001372 0.002071 0.024307 -0.001178 0.001808 0.024307 -0.000910 0.001619 0.024307 -0.000585 0.001517 0.024307 -0.000223 0.001508 0.024307 0.000153 0.001593 0.024307 0.000519 0.001766 0.024307 0.000853 0.002017 0.024307 0.001133 0.002329 0.024307 0.001342 0.002684 0.024307 0.001466 0.003059 0.024307 0.001499 0.003430 0.024307 0.001437 0.003774 0.024307 0.001285 0.001040 0.030000 -0.001929 0.001441 0.030000 -0.002265 0.001898 0.030000 -0.002520 0.002395 0.030000 -0.002683 0.002913 0.030000 -0.002749 0.003435 0.030000 -0.002715 0.003941 0.030000 -0.002584 0.004413 0.030000 -0.002359 0.004834 0.030000 -0.002049 0.005189 0.030000 -0.001665 0.005464 0.030000 -0.001221 0.005651 0.030000 -0.000732 0.005741 0.030000 -0.000217 0.005733 0.030000 0.000305 0.005626 0.030000 0.000817 0.005424 0.030000 0.001299 0.005134 0.030000 0.001734 0.004767 0.030000 0.002107 0.004337 0.030000 0.002403 0.003858 0.030000 0.002613 0.003348 0.030000 0.002728 0.002825 0.030000 0.002744 0.002309 0.030000 0.002662 0.001818 0.030000 0.002483 0.001369 0.030000 0.002214 0.000980 0.030000 0.001865 0.000663 0.030000 0.001449 0.000431 0.030000 0.000981 0.000292 0.030000 0.000477 0.000250 0.030000 -0.000044 0.000308 0.030000 -0.000564 0.000464 0.030000 -0.001063 0.000711 0.030000 -0.001524 0.003850 0.024000 0.000837 0.004038 0.024000 0.000589 0.004155 0.024000 0.000300 0.004193 0.024000 -0.000009 0.004150 0.024000 -0.000318 0.004029 0.024000 -0.000605 0.003837 0.024000 -0.000850 0.003589 0.024000 -0.001038 0.003300 0.024000 -0.001155 0.002991 0.024000 -0.001193 0.002682 0.024000 -0.001150 0.002395 0.024000 -0.001029 0.002150 0.024000 -0.000837 0.001962 0.024000 -0.000589 0.001845 0.024000 -0.000300 0.001807 0.024000 0.000009 0.001850 0.024000 0.000318 0.001971 0.024000 0.000605 0.002163 0.024000 0.000850 0.002411 0.024000 0.001038 0.002700 0.024000 0.001155 0.003009 0.024000 0.001193 0.003318 0.024000 0.001150 0.003605 0.024000 0.001029 0.001281 0.033000 0.001746 0.000965 0.033000 0.001364 0.000732 0.033000 0.000926 0.000592 0.033000 0.000451 0.000550 0.033000 -0.000043 0.000609 0.033000 -0.000535 0.000766 0.033000 -0.001006 0.001014 0.033000 -0.001435 0.001344 0.033000 -0.001805 0.001741 0.033000 -0.002102 0.002190 0.033000 -0.002312 0.002672 0.033000 -0.002428 0.003167 0.033000 -0.002444 0.003656 0.033000 -0.002361 0.004118 0.033000 -0.002180 0.004534 0.033000 -0.001911 0.004887 0.033000 -0.001563 0.005163 0.033000 -0.001151 0.005350 0.033000 -0.000692 0.005441 0.033000 -0.000205 0.005433 0.033000 0.000291 0.005324 0.033000 0.000774 0.005121 0.033000 0.001227 0.004831 0.033000 0.001628 0.004465 0.033000 0.001963 0.004040 0.033000 0.002218 0.003572 0.033000 0.002382 0.003081 0.033000 0.002449 0.002586 0.033000 0.002415 0.002109 0.033000 0.002282 0.001668 0.033000 0.002056 0.001040 0.032700 -0.001929 0.000711 0.032700 -0.001524 0.000464 0.032700 -0.001063 0.000308 0.032700 -0.000564 0.000250 0.032700 -0.000044 0.000292 0.032700 0.000477 0.000431 0.032700 0.000981 0.000663 0.032700 0.001449 0.000980 0.032700 0.001865 0.001369 0.032700 0.002214 0.001818 0.032700 0.002483 0.002309 0.032700 0.002662 0.002825 0.032700 0.002744 0.003348 0.032700 0.002728 0.003858 0.032700 0.002613 0.004337 0.032700 0.002403 0.004767 0.032700 0.002107 0.005134 0.032700 0.001734 0.005424 0.032700 0.001299 0.005626 0.032700 0.000817 0.005733 0.032700 0.000305 0.005741 0.032700 -0.000217 0.005651 0.032700 -0.000732 0.005464 0.032700 -0.001221 0.005189 0.032700 -0.001665 0.004834 0.032700 -0.002049 0.004413 0.032700 -0.002359 0.003941 0.032700 -0.002584 0.003435 0.032700 -0.002715 0.002913 0.032700 -0.002749 0.002395 0.032700 -0.002683 0.001898 0.032700 -0.002520 0.001441 0.032700 -0.002265 0.001227 0.032990 0.001801 0.001176 0.032960 0.001853 0.001132 0.032912 0.001897 0.001099 0.032850 0.001931 0.001078 0.032778 0.001952 0.004594 0.032990 -0.001962 0.000918 0.032990 0.001433 0.000858 0.032960 0.001474 0.000807 0.032912 0.001509 0.000768 0.032850 0.001536 0.000743 0.032778 0.001553 0.000684 0.032990 0.001013 0.000618 0.032960 0.001042 0.000561 0.032912 0.001067 0.000517 0.032850 0.001086 0.000490 0.032778 0.001098 0.000534 0.032990 0.000556 0.000464 0.032960 0.000572 0.000403 0.032912 0.000586 0.000357 0.032850 0.000596 0.000327 0.032778 0.000603 0.000474 0.032990 0.000080 0.000401 0.032960 0.000082 0.000339 0.032912 0.000084 0.000292 0.032850 0.000085 0.000262 0.032778 0.000086 0.000504 0.032990 -0.000400 0.000433 0.032960 -0.000411 0.000371 0.032912 -0.000421 0.000324 0.032850 -0.000429 0.000295 0.032778 -0.000433 0.000625 0.032990 -0.000865 0.000557 0.032960 -0.000890 0.000499 0.032912 -0.000911 0.000454 0.032850 -0.000927 0.000426 0.032778 -0.000938 0.000832 0.032990 -0.001299 0.000770 0.032960 -0.001336 0.000716 0.032912 -0.001368 0.000675 0.032850 -0.001392 0.000650 0.032778 -0.001408 0.001117 0.032990 -0.001686 0.001063 0.032960 -0.001734 0.001016 0.032912 -0.001775 0.000981 0.032850 -0.001807 0.000959 0.032778 -0.001827 0.001470 0.032990 -0.002012 0.001426 0.032960 -0.002069 0.001388 0.032912 -0.002119 0.001359 0.032850 -0.002157 0.001341 0.032778 -0.002181 0.001878 0.032990 -0.002265 0.001846 0.032960 -0.002330 0.001818 0.032912 -0.002385 0.001797 0.032850 -0.002428 0.001784 0.032778 -0.002455 0.002327 0.032990 -0.002436 0.002308 0.032960 -0.002506 0.002291 0.032912 -0.002566 0.002278 0.032850 -0.002612 0.002270 0.032778 -0.002641 0.002800 0.032990 -0.002520 0.002794 0.032960 -0.002592 0.002790 0.032912 -0.002654 0.002786 0.032850 -0.002701 0.002783 0.032778 -0.002731 0.003281 0.032990 -0.002512 0.003289 0.032960 -0.002584 0.003296 0.032912 -0.002646 0.003301 0.032850 -0.002693 0.003304 0.032778 -0.002723 0.003751 0.032990 -0.002414 0.003772 0.032960 -0.002483 0.003791 0.032912 -0.002542 0.003805 0.032850 -0.002587 0.003814 0.032778 -0.002616 0.004194 0.032990 -0.002228 0.004228 0.032960 -0.002292 0.004258 0.032912 -0.002346 0.004280 0.032850 -0.002388 0.004294 0.032778 -0.002415 0.004640 0.032960 -0.002018 0.004679 0.032912 -0.002066 0.004709 0.032850 -0.002103 0.004728 0.032778 -0.002126 0.005209 0.032990 -0.001228 0.005272 0.032960 -0.001264 0.005327 0.032912 -0.001294 0.005368 0.032850 -0.001317 0.005394 0.032778 -0.001332 0.005099 0.032778 -0.001761 0.005076 0.032850 -0.001741 0.005040 0.032912 -0.001711 0.004992 0.032960 -0.001671 0.004937 0.032990 -0.001624 0.005402 0.032990 -0.000788 0.005470 0.032960 -0.000811 0.005529 0.032912 -0.000830 0.005575 0.032850 -0.000845 0.005603 0.032778 -0.000854 0.005507 0.032990 -0.000319 0.005579 0.032960 -0.000329 0.005641 0.032912 -0.000336 0.005688 0.032850 -0.000343 0.005718 0.032778 -0.000346 0.005523 0.032990 0.000161 0.005595 0.032960 0.000165 0.005657 0.032912 0.000169 0.005704 0.032850 0.000172 0.005734 0.032778 0.000174 0.005447 0.032990 0.000635 0.005517 0.032960 0.000653 0.005577 0.032912 0.000669 0.005623 0.032850 0.000681 0.005652 0.032778 0.000689 0.005282 0.032990 0.001087 0.005347 0.032960 0.001118 0.005403 0.032912 0.001145 0.005447 0.032850 0.001165 0.005474 0.032778 0.001178 0.005035 0.032990 0.001499 0.005093 0.032960 0.001542 0.005143 0.032912 0.001579 0.005182 0.032850 0.001607 0.005206 0.032778 0.001625 0.004715 0.032990 0.001857 0.004764 0.032960 0.001910 0.004806 0.032912 0.001956 0.004838 0.032850 0.001991 0.004859 0.032778 0.002013 0.004332 0.032990 0.002148 0.004370 0.032960 0.002210 0.004403 0.032912 0.002262 0.004428 0.032850 0.002303 0.004444 0.032778 0.002328 0.003902 0.032990 0.002361 0.003927 0.032960 0.002429 0.003950 0.032912 0.002487 0.003967 0.032850 0.002532 0.003977 0.032778 0.002560 0.003438 0.032990 0.002489 0.003451 0.032960 0.002561 0.003462 0.032912 0.002622 0.003470 0.032850 0.002669 0.003475 0.032778 0.002698 0.002959 0.032990 0.002527 0.002958 0.032960 0.002600 0.002957 0.032912 0.002662 0.002956 0.032850 0.002709 0.002956 0.032778 0.002739 0.002482 0.032990 0.002474 0.002467 0.032960 0.002545 0.002454 0.032912 0.002606 0.002444 0.032850 0.002652 0.002438 0.032778 0.002682 0.002023 0.032990 0.002331 0.001995 0.032960 0.002398 0.001971 0.032912 0.002455 0.001953 0.032850 0.002499 0.001941 0.032778 0.002527 0.001599 0.032990 0.002104 0.001559 0.032960 0.002164 0.001525 0.032912 0.002216 0.001499 0.032850 0.002256 0.001482 0.032778 0.002281 0.004397 0.033000 0.000363 0.003384 0.033000 0.001391 0.001987 0.033000 0.001028 0.001603 0.033000 -0.000363 0.002616 0.033000 -0.001391 0.004013 0.033000 -0.001028 0.002616 0.031700 -0.001391 0.002984 0.031615 -0.001296 0.003314 0.031588 -0.001210 0.003644 0.031615 -0.001124 0.004013 0.031700 -0.001028 0.004114 0.031615 -0.000662 0.004205 0.031588 -0.000333 0.004296 0.031615 -0.000004 0.004397 0.031700 0.000363 0.004130 0.031615 0.000634 0.003891 0.031588 0.000877 0.003651 0.031615 0.001120 0.003384 0.031700 0.001391 0.003016 0.031615 0.001296 0.002686 0.031588 0.001210 0.002356 0.031615 0.001124 0.001987 0.031700 0.001028 0.001603 0.031700 -0.000363 0.001870 0.031615 -0.000634 0.002109 0.031588 -0.000877 0.002349 0.031615 -0.001120 0.001886 0.031615 0.000662 0.001795 0.031588 0.000333 0.001704 0.031615 0.000004 0.003000 0.030867 -0.000000</float_array>
          <technique_common>
            <accessor source="#servo_mount-mesh-positions-array" count="4221" stride="3">
              <param name="X" type="float"/>
              <param name="Y" type="float"/>
              <param name="Z" type="float"/>
            </accessor>
          </technique_common>
        </source>
        <source id="servo_mount-mesh-normals">
          <float_array id="servo_mount-mesh-normals-array" count="21249">-0.699343 0.707107 0.104496 -0.699343 0.707107 0.104496 -0.673919 0.707107 0.214087 -0.699343 0.707107 0.104496 -0.680395 0.707107 0.192516 -0.699343 0.707107 0.104496 -0.650417 0.707107 0.277413 -0.631436 0.707107 0.318258 -0.609893 0.707107 0.357813 -0.572969 0.707107 0.414374 -0.559482 0.707107 0.432412 -0.500000 0.707107 0.499999 -0.500000 0.707107 0.499999 -0.500000 0.707107 0.499999 -0.500000 0.707107 0.499999 0.500000 0.707107 -0.499999 0.433391 0.707107 -0.558724 0.500000 0.707107 -0.499999 0.415627 0.707107 -0.572061 0.359946 0.707107 -0.608637 0.321020 0.707107 -0.630037 0.280826 0.707107 -0.648951 0.218508 0.707107 -0.672499 0.197276 0.707107 -0.679031 0.110616 0.707107 -0.698401 0.110616 0.707107 -0.698401 0.022210 0.707107 -0.706758 0.000000 0.707107 -0.707107 -0.066544 0.707107 -0.703968 -0.110616 0.707107 -0.698401 -0.154250 0.707107 -0.690078 -0.218508 0.707107 -0.672498 -0.239524 0.707107 -0.665303 -0.321019 0.707107 -0.630037 -0.321019 0.707107 -0.630037 -0.397453 0.707107 -0.584834 -0.415627 0.707107 -0.572061 -0.467618 0.707107 -0.530409 -0.499999 0.707107 -0.500000 -0.530409 0.707107 -0.467618 -0.572061 0.707107 -0.415627 -0.584835 0.707107 -0.397453 -0.630037 0.707107 -0.321020 -0.630037 0.707107 -0.321020 -0.665303 0.707107 -0.239524 -0.672499 0.707107 -0.218508 -0.690077 0.707107 -0.154250 -0.698401 0.707107 -0.110616 -0.703968 0.707107 -0.066545 -0.707107 0.707107 -0.000000 -0.706758 0.707107 0.022210 -0.698401 0.707107 0.110616 -0.698401 0.707107 0.110616 -0.679030 0.707107 0.197276 -0.672498 0.707107 0.218508 -0.648951 0.707107 0.280826 -0.630037 0.707107 0.321019 -0.608637 0.707107 0.359946 -0.572061 0.707107 0.415627 -0.558724 0.707107 0.433391 0.500000 0.707107 -0.499999 0.500000 0.707107 -0.499999 0.104497 0.707107 -0.699342 0.104497 0.707107 -0.699342 0.192515 0.707107 -0.680396 0.104497 0.707107 -0.699342 0.104497 0.707107 -0.699342 0.214087 0.707107 -0.673919 0.277413 0.707107 -0.650417 0.318258 0.707107 -0.631436 0.357813 0.707107 -0.609893 0.414374 0.707107 -0.572970 0.432411 0.707107 -0.559482 0.075820 0.707106 -0.703031 0.063307 0.707105 -0.704269 0.063307 0.707105 -0.704269 0.039008 0.707104 -0.706033 0.022044 0.707104 -0.706766 0.022044 0.707104 -0.706766 -0.006786 0.707105 -0.707076 -0.019723 0.707105 -0.706833 -0.061564 0.707107 -0.704421 -0.061564 0.707107 -0.704421 -0.019723 0.707105 -0.706833 -0.061564 0.707107 -0.704421 0.021616 0.707104 -0.706779 0.063307 0.707105 -0.704269 0.022044 0.707104 -0.706766 0.173240 0.707107 -0.685557 0.173240 0.707107 -0.685557 0.233920 0.707107 -0.667294 0.173240 0.707107 -0.685557 0.239350 0.707107 -0.665366 0.292720 0.707107 -0.643672 0.303173 0.707107 -0.638816 0.349172 0.707107 -0.614882 0.364099 0.707107 -0.606162 0.402818 0.707107 -0.581152 0.421545 0.707107 -0.567714 0.453229 0.707107 -0.542756 0.474963 0.707107 -0.523842 0.500000 0.707107 -0.499999 0.523842 0.707107 -0.474963 0.542756 0.707107 -0.453229 0.567715 0.707107 -0.421545 0.581152 0.707107 -0.402818 0.606162 0.707107 -0.364099 0.614882 0.707107 -0.349172 0.638817 0.707107 -0.303173 0.643673 0.707107 -0.292721 0.665366 0.707107 -0.239349 0.667295 0.707107 -0.233919 0.685556 0.707107 -0.173239 0.685556 0.707107 -0.173239 0.685556 0.707107 -0.173239 -0.032174 0.707105 -0.706376 -0.030080 0.707104 -0.706469 -0.002879 0.707100 -0.707107 0.001899 0.707100 -0.707112 0.026320 0.707097 -0.706627 0.033657 0.707096 -0.706316 0.055421 0.707095 -0.704943 0.064691 0.707095 -0.704153 0.085028 0.707097 -0.701986 0.094517 0.707098 -0.700771 0.114535 0.707100 -0.697776 0.122704 0.707101 -0.696385 0.148987 0.707105 -0.691234 0.115203 0.707100 -0.697666 0.056629 0.707095 -0.704847 -0.002340 0.707100 -0.707110 0.691234 0.707105 -0.148987 0.692179 0.707105 -0.144537 0.697666 0.707100 -0.115203 0.697578 0.707100 -0.115734 0.701765 0.707097 -0.086834 0.700770 0.707098 -0.094518 0.704152 0.707095 -0.064692 0.696384 0.707101 -0.122705 0.704749 0.707095 -0.057837 0.706317 0.707096 -0.033656 0.706557 0.707097 -0.028137 0.707111 0.707100 -0.001889 0.707111 0.707100 0.001662 0.706469 0.707104 0.030083 0.707110 0.707100 0.002339 0.704422 0.707107 0.061565 0.704422 0.707107 0.061565 0.704422 0.707107 0.061565 0.704847 0.707095 -0.056629 0.699343 0.707107 -0.104496 0.699343 0.707107 -0.104496 0.673919 0.707107 -0.214087 0.699343 0.707107 -0.104496 0.680395 0.707107 -0.192516 0.699343 0.707107 -0.104496 0.650417 0.707107 -0.277413 0.631436 0.707107 -0.318258 0.609893 0.707107 -0.357813 0.572969 0.707107 -0.414374 0.559482 0.707107 -0.432412 0.500000 0.707107 -0.499999 0.500000 0.707107 -0.499999 0.500000 0.707107 -0.499999 0.500000 0.707107 -0.499999 -0.500000 0.707107 0.499999 -0.433391 0.707107 0.558724 -0.500000 0.707107 0.499999 -0.415627 0.707107 0.572061 -0.359946 0.707107 0.608637 -0.321020 0.707107 0.630037 -0.280826 0.707107 0.648951 -0.218508 0.707107 0.672499 -0.197276 0.707107 0.679031 -0.110616 0.707107 0.698401 -0.110616 0.707107 0.698401 -0.022210 0.707107 0.706758 -0.000000 0.707107 0.707107 0.066544 0.707107 0.703968 0.110616 0.707107 0.698401 0.154250 0.707107 0.690078 0.218508 0.707107 0.672498 0.239524 0.707107 0.665303 0.321019 0.707107 0.630037 0.321019 0.707107 0.630037 0.397453 0.707107 0.584834 0.415627 0.707107 0.572061 0.467618 0.707107 0.530409 0.499999 0.707107 0.500000 0.530409 0.707107 0.467618 0.572061 0.707107 0.415627 0.584835 0.707107 0.397453 0.630037 0.707107 0.321020 0.630037 0.707107 0.321020 0.665303 0.707107 0.239524 0.672499 0.707107 0.218508 0.690077 0.707107 0.154250 0.698401 0.707107 0.110616 0.703968 0.707107 0.066545 0.707107 0.707107 0.000000 0.706758 0.707107 -0.022210 0.698401 0.707107 -0.110616 0.698401 0.707107 -0.110616 0.679030 0.707107 -0.197276 0.672498 0.707107 -0.218508 0.648951 0.707107 -0.280826 0.630037 0.707107 -0.321019 0.608637 0.707107 -0.359946 0.572061 0.707107 -0.415627 0.558724 0.707107 -0.433391 -0.500000 0.707107 0.499999 -0.500000 0.707107 0.499999 -0.104497 0.707107 0.699342 -0.104497 0.707107 0.699342 -0.192515 0.707107 0.680396 -0.104497 0.707107 0.699342 -0.104497 0.707107 0.699342 -0.214087 0.707107 0.673919 -0.277413 0.707107 0.650417 -0.318258 0.707107 0.631436 -0.357813 0.707107 0.609893 -0.414374 0.707107 0.572970 -0.432411 0.707107 0.559482 0.706822 0.707105 0.020151 0.707077 0.707105 0.006787 0.706792 0.707104 -0.021189 0.706792 0.707104 -0.021189 0.706033 0.707104 -0.039005 0.703031 0.707106 -0.075820 0.704307 0.707105 -0.062881 0.704307 0.707105 -0.062881 0.704307 0.707105 -0.062881 0.706792 0.707104 -0.021189 0.706779 0.707104 -0.021616 0.706822 0.707105 0.020151 0.704422 0.707107 0.061565 -0.075820 0.707106 0.703031 -0.063307 0.707105 0.704269 -0.063307 0.707105 0.704269 -0.039008 0.707104 0.706033 -0.022044 0.707104 0.706766 -0.022044 0.707104 0.706766 0.006786 0.707105 0.707076 0.019723 0.707105 0.706833 0.061564 0.707107 0.704421 0.061564 0.707107 0.704421 0.019723 0.707105 0.706833 0.061564 0.707107 0.704421 -0.021616 0.707104 0.706779 -0.063307 0.707105 0.704269 -0.022044 0.707104 0.706766 -0.173240 0.707107 0.685557 -0.173240 0.707107 0.685557 -0.233920 0.707107 0.667294 -0.173240 0.707107 0.685557 -0.239350 0.707107 0.665366 -0.292720 0.707107 0.643672 -0.303173 0.707107 0.638816 -0.349172 0.707107 0.614882 -0.364099 0.707107 0.606162 -0.402818 0.707107 0.581152 -0.421545 0.707107 0.567714 -0.453229 0.707107 0.542756 -0.474963 0.707107 0.523842 -0.500000 0.707107 0.499999 -0.523842 0.707107 0.474963 -0.542756 0.707107 0.453229 -0.567715 0.707107 0.421545 -0.581152 0.707107 0.402818 -0.606162 0.707107 0.364099 -0.614882 0.707107 0.349172 -0.638817 0.707107 0.303173 -0.643673 0.707107 0.292721 -0.665366 0.707107 0.239349 -0.667295 0.707107 0.233919 -0.685556 0.707107 0.173239 -0.685556 0.707107 0.173239 -0.685556 0.707107 0.173239 0.032174 0.707105 0.706376 0.030080 0.707104 0.706469 0.002879 0.707100 0.707107 -0.001899 0.707100 0.707112 -0.026320 0.707097 0.706627 -0.033657 0.707096 0.706316 -0.055421 0.707095 0.704943 -0.064691 0.707095 0.704153 -0.085028 0.707097 0.701986 -0.094517 0.707098 0.700771 -0.114535 0.707100 0.697776 -0.122704 0.707101 0.696385 -0.148987 0.707105 0.691234 -0.115203 0.707100 0.697666 -0.056629 0.707095 0.704847 0.002340 0.707100 0.707110 -0.691234 0.707105 0.148987 -0.692179 0.707105 0.144537 -0.697666 0.707100 0.115203 -0.697578 0.707100 0.115734 -0.701765 0.707097 0.086834 -0.700770 0.707098 0.094518 -0.704152 0.707095 0.064692 -0.696384 0.707101 0.122705 -0.704749 0.707095 0.057837 -0.706317 0.707096 0.033656 -0.706557 0.707097 0.028137 -0.707111 0.707100 0.001889 -0.707111 0.707100 -0.001662 -0.706469 0.707104 -0.030083 -0.707110 0.707100 -0.002339 -0.704422 0.707107 -0.061565 -0.704422 0.707107 -0.061565 -0.704422 0.707107 -0.061565 -0.704847 0.707095 0.056629 -0.706822 0.707105 -0.020151 -0.707077 0.707105 -0.006787 -0.706792 0.707104 0.021189 -0.706792 0.707104 0.021189 -0.706033 0.707104 0.039005 -0.703031 0.707106 0.075820 -0.704307 0.707105 0.062881 -0.704307 0.707105 0.062881 -0.704307 0.707105 0.062881 -0.706792 0.707104 0.021189 -0.706779 0.707104 0.021616 -0.706822 0.707105 -0.020151 -0.704422 0.707107 -0.061565 0.996203 0.000000 0.087065 0.999532 0.000000 -0.030570 0.996203 0.000000 0.087065 0.996189 0.000000 -0.087228 0.989021 0.000000 -0.147781 0.965911 0.000000 -0.258872 0.953065 0.000000 -0.302766 0.906292 0.000000 -0.422651 0.892985 0.000000 -0.450085 0.819142 0.000000 -0.573591 0.810302 0.000000 -0.586013 0.707107 0.000000 -0.707107 0.707107 0.000000 -0.707107 0.707107 0.000000 -0.707107 0.707107 0.000000 -0.707107 0.790155 0.000000 -0.612907 0.790155 0.000000 -0.612907 0.860742 0.000000 -0.509041 0.860742 0.000000 -0.509041 0.917755 0.000000 -0.397148 0.917755 0.000000 -0.397148 0.960294 0.000000 -0.278991 0.960294 0.000000 -0.278991 0.987689 0.000000 -0.156435 0.987689 0.000000 -0.156435 0.999506 0.000000 -0.031411 0.999506 0.000000 -0.031411 0.995562 0.000000 0.094109 0.995562 0.000000 0.094109 0.975916 0.000000 0.218143 0.975916 0.000000 0.218143 0.940880 0.000000 0.338737 0.940880 0.000000 0.338737 0.891006 0.000000 0.453991 0.891006 0.000000 0.453991 0.827081 0.000000 0.562084 0.827081 0.000000 0.562084 0.750111 0.000000 0.661311 0.750111 0.000000 0.661311 0.661312 -0.000000 0.750111 0.661312 -0.000000 0.750111 0.562084 -0.000000 0.827080 0.562084 -0.000000 0.827080 0.453990 -0.000000 0.891006 0.453990 -0.000000 0.891006 0.338738 -0.000000 0.940881 0.338738 -0.000000 0.940881 0.218143 -0.000000 0.975916 0.218143 -0.000000 0.975916 0.094108 -0.000000 0.995562 0.094108 -0.000000 0.995562 -0.031411 -0.000000 0.999506 -0.031411 -0.000000 0.999506 -0.156434 -0.000000 0.987688 -0.156434 -0.000000 0.987688 -0.278992 -0.000000 0.960293 -0.278992 -0.000000 0.960293 -0.397148 -0.000000 0.917754 -0.397148 -0.000000 0.917754 -0.509041 -0.000000 0.860742 -0.509041 -0.000000 0.860742 -0.612907 -0.000000 0.790155 -0.612907 -0.000000 0.790155 -0.707107 -0.000000 0.707107 -0.707107 -0.000000 0.707107 -0.707107 -0.000000 0.707107 -0.707107 -0.000000 0.707107 -0.586013 -0.000000 0.810302 -0.573591 -0.000000 0.819142 -0.450085 -0.000000 0.892986 -0.422651 -0.000000 0.906293 -0.302765 -0.000000 0.953065 -0.258872 -0.000000 0.965912 -0.147781 -0.000000 0.989020 -0.087228 -0.000000 0.996188 -0.030570 -0.000000 0.999532 0.087066 -0.000000 0.996202 0.087066 -0.000000 0.996202 0.003601 -0.000000 0.999993 -0.004674 -0.000000 0.999989 -0.080084 -0.000000 0.996788 -0.096374 -0.000000 0.995345 -0.163209 -0.000000 0.986591 -0.187262 -0.000000 0.982310 -0.244997 -0.000000 0.969524 -0.276571 -0.000000 0.960993 -0.330812 -0.000000 0.943697 -0.363548 -0.000000 0.931576 -0.413970 -0.000000 0.910291 -0.447461 -0.000000 0.894304 -0.493803 -0.000000 0.869574 -0.527600 -0.000000 0.849493 -0.569670 -0.000000 0.821873 -0.603292 -0.000000 0.797520 -0.640962 -0.000000 0.767572 -0.673899 -0.000000 0.738823 -0.707107 -0.000000 0.707107 -0.738824 -0.000000 0.673899 -0.767572 -0.000000 0.640962 -0.797520 -0.000000 0.603293 -0.821874 -0.000000 0.569670 -0.849493 -0.000000 0.527600 -0.869574 -0.000000 0.493803 -0.894304 -0.000000 0.447460 -0.910291 -0.000000 0.413969 -0.931575 -0.000000 0.363548 -0.943697 -0.000000 0.330812 -0.960994 -0.000000 0.276571 -0.969524 -0.000000 0.244997 -0.982310 -0.000000 0.187261 -0.986591 -0.000000 0.163209 -0.995345 -0.000000 0.096374 -0.996788 -0.000000 0.080085 -0.999990 -0.000000 0.004674 -0.999994 -0.000000 -0.003601 -0.996203 -0.000000 -0.087065 -0.996203 -0.000000 -0.087065 0.565137 -0.000000 0.824998 0.618318 -0.000000 0.785928 0.707107 -0.000000 0.707107 0.699221 -0.000000 0.714906 0.818269 0.000000 0.574836 0.525484 -0.000000 0.850803 0.403921 -0.000000 0.914794 0.420098 -0.000000 0.907479 0.301815 -0.000000 0.953367 0.228950 -0.000000 0.973438 0.149464 -0.000000 0.988767 0.046183 -0.000000 0.998933 -0.008402 -0.000000 0.999965 -0.138157 -0.000000 0.990410 -0.165608 -0.000000 0.986192 -0.317792 -0.000000 0.948161 -0.316995 -0.000000 0.948427 -0.457878 -0.000000 0.889015 -0.486604 -0.000000 0.873622 -0.584495 -0.000000 0.811397 -0.638846 -0.000000 0.769334 -0.694659 -0.000000 0.719338 -0.769334 -0.000000 0.638847 -0.787491 -0.000000 0.616326 -0.873622 -0.000000 0.486604 -0.887003 -0.000000 0.461764 -0.948160 -0.000000 0.317792 -0.956541 -0.000000 0.291598 -0.990410 -0.000000 0.138156 -0.993756 -0.000000 0.111578 -0.998933 -0.000000 -0.046183 -0.997389 -0.000000 -0.072212 -0.973438 -0.000000 -0.228951 -0.967319 -0.000000 -0.253562 -0.914794 -0.000000 -0.403921 -0.904562 -0.000000 -0.426344 -0.824997 -0.000000 -0.565137 -0.811236 -0.000000 -0.584719 -0.707107 0.000000 -0.707107 -0.690498 0.000000 -0.723334 -0.565137 0.000000 -0.824998 -0.546427 0.000000 -0.837507 -0.403921 0.000000 -0.914794 -0.383890 0.000000 -0.923379 -0.228950 0.000000 -0.973438 -0.208381 0.000000 -0.978047 -0.046183 0.000000 -0.998933 -0.025830 0.000000 -0.999666 0.138157 0.000000 -0.990410 0.157593 0.000000 -0.987504 0.317792 0.000000 -0.948161 0.335692 0.000000 -0.941972 0.486604 0.000000 -0.873622 0.502446 0.000000 -0.864609 0.638846 0.000000 -0.769334 0.652222 0.000000 -0.758028 0.769334 0.000000 -0.638847 0.779957 0.000000 -0.625833 0.873622 0.000000 -0.486604 0.881336 0.000000 -0.472489 0.948160 0.000000 -0.317792 0.952934 0.000000 -0.303179 0.990410 0.000000 -0.138156 0.992329 0.000000 -0.123624 0.998933 0.000000 0.046183 0.998192 0.000000 0.060109 0.973438 0.000000 0.228951 0.970323 0.000000 0.241810 0.914794 0.000000 0.403921 0.909666 0.000000 0.415340 0.824997 0.000000 0.565137 0.565137 -0.000000 0.824998 0.574836 -0.000000 0.818269 0.707107 -0.000000 0.707107 0.714906 -0.000000 0.699221 0.785929 0.000000 0.618316 0.415341 -0.000000 0.909666 0.403921 -0.000000 0.914794 0.241810 -0.000000 0.970324 0.228950 -0.000000 0.973438 0.060109 -0.000000 0.998192 0.046183 -0.000000 0.998933 -0.123623 -0.000000 0.992329 -0.138157 -0.000000 0.990410 -0.303179 -0.000000 0.952933 -0.317792 -0.000000 0.948161 -0.472490 -0.000000 0.881337 -0.486604 -0.000000 0.873622 -0.625833 -0.000000 0.779957 -0.638846 -0.000000 0.769334 -0.758029 -0.000000 0.652221 -0.769334 -0.000000 0.638847 -0.864609 -0.000000 0.502445 -0.873622 -0.000000 0.486604 -0.941972 -0.000000 0.335691 -0.948160 -0.000000 0.317792 -0.987504 -0.000000 0.157593 -0.990410 -0.000000 0.138156 -0.999666 -0.000000 -0.025830 -0.998933 -0.000000 -0.046183 -0.978048 -0.000000 -0.208381 -0.973438 -0.000000 -0.228951 -0.923379 -0.000000 -0.383890 -0.914794 -0.000000 -0.403921 -0.837508 -0.000000 -0.546426 -0.824997 -0.000000 -0.565137 -0.723334 -0.000000 -0.690498 -0.707107 0.000000 -0.707107 -0.584719 0.000000 -0.811236 -0.565137 0.000000 -0.824998 -0.426344 0.000000 -0.904561 -0.403921 0.000000 -0.914794 -0.253562 0.000000 -0.967320 -0.228950 0.000000 -0.973438 -0.072212 0.000000 -0.997389 -0.046183 0.000000 -0.998933 0.111578 0.000000 -0.993755 0.138157 0.000000 -0.990410 0.291598 0.000000 -0.956541 0.317792 0.000000 -0.948161 0.461765 0.000000 -0.887003 0.486604 0.000000 -0.873622 0.616326 0.000000 -0.787491 0.638846 0.000000 -0.769334 0.719337 0.000000 -0.694661 0.769334 0.000000 -0.638847 0.811395 0.000000 -0.584498 0.873622 0.000000 -0.486604 0.889013 0.000000 -0.457882 0.948160 0.000000 -0.317792 0.948425 0.000000 -0.317000 0.986193 0.000000 -0.165604 0.990410 0.000000 -0.138156 0.999965 0.000000 -0.008356 0.998933 0.000000 0.046183 0.988765 0.000000 0.149477 0.973438 0.000000 0.228951 0.953366 0.000000 0.301815 0.914794 0.000000 0.403921 0.907480 0.000000 0.420095 0.850807 0.000000 0.525477 0.824997 0.000000 0.565137 -0.000000 1.000000 0.000000 -0.000000 1.000000 0.000000 -0.000000 1.000000 0.000000 -0.000000 1.000000 0.000000 -0.000000 1.000000 0.000000 -0.000000 1.000000 0.000000 -0.000000 1.000000 0.000000 -0.000000 1.000000 0.000000 -0.000000 1.000000 0.000000 -0.000000 1.000000 0.000000 -0.000000 1.000000 0.000000 -0.000000 1.000000 0.000000 -0.000000 1.000000 0.000000 -0.000000 1.000000 0.000000 -0.000000 1.000000 0.000000 -0.000000 1.000000 0.000000 -0.000000 1.000000 0.000000 -0.000000 1.000000 0.000000 -0.000000 1.000000 0.000000 -0.000000 1.000000 0.000000 -0.000000 1.000000 0.000000 -0.000000 1.000000 0.000000 -0.000000 1.000000 0.000000 -0.000000 1.000000 0.000000 -0.000000 1.000000 0.000000 -0.000000 1.000000 0.000000 -0.000000 1.000000 0.000000 -0.000000 1.000000 0.000000 -0.000000 1.000000 0.000000 -0.000000 1.000000 0.000000 -0.000000 1.000000 0.000000 -0.000000 1.000000 0.000000 -0.000000 1.000000 0.000000 -0.000000 1.000000 0.000000 -0.000000 1.000000 0.000000 -0.000000 1.000000 0.000000 -0.000000 1.000000 0.000000 -0.000000 1.000000 0.000000 -0.000000 1.000000 0.000000 -0.000000 1.000000 0.000000 -0.000000 1.000000 0.000000 -0.000000 1.000000 0.000000 -0.000000 1.000000 0.000000 -0.000000 1.000000 0.000000 -0.000000 1.000000 0.000000 -0.000000 1.000000 0.000000 -0.000000 1.000000 0.000000 -0.000000 1.000000 0.000000 -0.000000 1.000000 0.000000 -0.000000 1.000000 0.000000 -0.000000 1.000000 0.000000 -0.000000 1.000000 0.000000 -0.000000 1.000000 0.000000 -0.000000 1.000000 0.000000 -0.000000 1.000000 0.000000 -0.000000 1.000000 0.000000 -0.000000 1.000000 0.000000 -0.000000 1.000000 0.000000 -0.000000 1.000000 0.000000 -0.000000 1.000000 0.000000 -0.000000 1.000000 0.000000 -0.000000 1.000000 0.000000 -0.000000 1.000000 0.000000 -0.000000 1.000000 0.000000 -0.000000 1.000000 0.000000 -0.000000 1.000000 0.000000 -0.000000 1.000000 0.000000 -0.000000 1.000000 0.000000 -0.000000 1.000000 0.000000 -0.000000 1.000000 0.000000 -0.000000 1.000000 0.000000 -0.000000 1.000000 0.000000 -0.000000 1.000000 0.000000 -0.000000 1.000000 0.000000 -0.000000 1.000000 0.000000 -0.000000 1.000000 0.000000 -0.000000 1.000000 0.000000 -0.000000 1.000000 0.000000 -0.000000 1.000000 0.000000 -0.000000 1.000000 0.000000 -0.000000 1.000000 0.000000 -0.000000 1.000000 0.000000 -0.000000 1.000000 0.000000 -0.000000 1.000000 0.000000 -0.000000 1.000000 0.000000 -0.000000 1.000000 0.000000 -0.000000 1.000000 0.000000 -0.000000 1.000000 0.000000 -0.000000 1.000000 0.000000 -0.000000 1.000000 0.000000 -0.000000 1.000000 0.000000 -0.000000 1.000000 0.000000 -0.000000 1.000000 0.000000 -0.000000 1.000000 0.000000 -0.000000 1.000000 0.000000 -0.000000 1.000000 0.000000 -0.000000 1.000000 0.000000 -0.000000 1.000000 0.000000 -0.000000 1.000000 0.000000 -0.000000 1.000000 0.000000 -0.000000 1.000000 0.000000 -0.000000 1.000000 0.000000 -0.000000 1.000000 0.000000 -0.000000 1.000000 0.000000 -0.000000 1.000000 0.000000 -0.000000 1.000000 0.000000 -0.000000 1.000000 0.000000 -0.000000 1.000000 0.000000 -0.000000 1.000000 0.000000 -0.000000 1.000000 0.000000 -0.000000 1.000000 0.000000 -0.000000 1.000000 0.000000 -0.000000 1.000000 0.000000 -0.000000 1.000000 0.000000 -0.000000 1.000000 0.000000 -0.000000 1.000000 0.000000 -0.000000 1.000000 0.000000 -0.000000 1.000000 0.000000 -0.000000 1.000000 0.000000 -0.000000 1.000000 0.000000 0.565137 -0.000000 0.824998 0.584719 -0.000000 0.811236 0.707107 -0.000000 0.707107 0.723334 0.000000 0.690498 0.824997 0.000000 0.565137 0.837508 0.000000 0.546426 0.914794 0.000000 0.403921 0.923379 0.000000 0.383890 0.973438 0.000000 0.228951 0.978048 0.000000 0.208381 0.998933 0.000000 0.046183 0.999666 0.000000 0.025830 0.990410 0.000000 -0.138156 0.987504 0.000000 -0.157593 0.948160 0.000000 -0.317792 0.941972 0.000000 -0.335691 0.873622 0.000000 -0.486604 0.864609 0.000000 -0.502445 0.769334 0.000000 -0.638847 0.758029 0.000000 -0.652221 0.638846 0.000000 -0.769334 0.625833 0.000000 -0.779957 0.486604 0.000000 -0.873622 0.472490 0.000000 -0.881337 0.317792 0.000000 -0.948161 0.303179 0.000000 -0.952933 0.138157 0.000000 -0.990410 0.123623 0.000000 -0.992329 -0.046183 0.000000 -0.998933 -0.060109 0.000000 -0.998192 -0.228950 0.000000 -0.973438 -0.241810 0.000000 -0.970324 -0.403921 0.000000 -0.914794 -0.415341 0.000000 -0.909666 -0.565137 0.000000 -0.824998 -0.574836 0.000000 -0.818269 -0.707107 0.000000 -0.707107 -0.714906 0.000000 -0.699221 -0.785929 -0.000000 -0.618316 0.426344 -0.000000 0.904561 0.403921 -0.000000 0.914794 0.253562 -0.000000 0.967320 0.228950 -0.000000 0.973438 0.072212 -0.000000 0.997389 0.046183 -0.000000 0.998933 -0.111578 -0.000000 0.993755 -0.138157 -0.000000 0.990410 -0.291598 -0.000000 0.956541 -0.317792 -0.000000 0.948161 -0.461765 -0.000000 0.887003 -0.486604 -0.000000 0.873622 -0.616326 -0.000000 0.787491 -0.638846 -0.000000 0.769334 -0.719337 -0.000000 0.694661 -0.769334 -0.000000 0.638847 -0.811395 -0.000000 0.584498 -0.873622 -0.000000 0.486604 -0.889013 -0.000000 0.457882 -0.948160 -0.000000 0.317792 -0.948425 -0.000000 0.317000 -0.986193 -0.000000 0.165604 -0.990410 -0.000000 0.138156 -0.999965 -0.000000 0.008356 -0.998933 -0.000000 -0.046183 -0.988765 -0.000000 -0.149477 -0.973438 -0.000000 -0.228951 -0.953366 -0.000000 -0.301815 -0.914794 -0.000000 -0.403921 -0.907480 -0.000000 -0.420095 -0.850807 -0.000000 -0.525477 -0.824997 -0.000000 -0.565137 -0.000000 1.000000 0.000000 -0.000000 1.000000 0.000000 -0.000000 1.000000 0.000000 -0.000000 1.000000 0.000000 -0.000000 1.000000 0.000000 -0.000000 1.000000 0.000000 -0.000000 1.000000 0.000000 -0.000000 1.000000 0.000000 -0.000000 1.000000 0.000000 -0.000000 1.000000 0.000000 -0.000000 1.000000 0.000000 -0.000000 1.000000 0.000000 -0.000000 1.000000 0.000000 -0.000000 1.000000 0.000000 -0.000000 1.000000 0.000000 -0.000000 1.000000 0.000000 -0.000000 1.000000 0.000000 -0.000000 1.000000 0.000000 -0.000000 1.000000 0.000000 -0.000000 1.000000 0.000000 -0.000000 1.000000 0.000000 -0.000000 1.000000 0.000000 -0.000000 1.000000 0.000000 -0.000000 1.000000 0.000000 -0.000000 1.000000 0.000000 -0.000000 1.000000 0.000000 -0.000000 1.000000 0.000000 -0.000000 1.000000 0.000000 -0.000000 1.000000 0.000000 -0.000000 1.000000 0.000000 -0.000000 1.000000 0.000000 -0.000000 1.000000 0.000000 -0.000000 1.000000 0.000000 -0.000000 1.000000 0.000000 -0.000000 1.000000 0.000000 -0.000000 1.000000 0.000000 -0.000000 1.000000 0.000000 -0.000000 1.000000 0.000000 -0.000000 1.000000 0.000000 -0.000000 1.000000 0.000000 -0.000000 1.000000 0.000000 -0.000000 1.000000 0.000000 -0.000000 1.000000 0.000000 -0.000000 1.000000 0.000000 -0.000000 1.000000 0.000000 -0.000000 1.000000 0.000000 -0.000000 1.000000 0.000000 -0.000000 1.000000 0.000000 -0.000000 1.000000 0.000000 -0.000000 1.000000 0.000000 -0.000000 1.000000 0.000000 -0.000000 1.000000 0.000000 -0.000000 1.000000 0.000000 -0.000000 1.000000 0.000000 -0.000000 1.000000 0.000000 -0.000000 1.000000 0.000000 -0.000000 1.000000 0.000000 -0.000000 1.000000 0.000000 -0.000000 1.000000 0.000000 -0.000000 1.000000 0.000000 0.565137 -0.000000 0.824998 0.690498 -0.000000 0.723334 0.707107 -0.000000 0.707107 0.811236 0.000000 0.584719 0.824997 0.000000 0.565137 0.904562 0.000000 0.426344 0.914794 0.000000 0.403921 0.967319 0.000000 0.253562 0.973438 0.000000 0.228951 0.997389 0.000000 0.072212 0.998933 0.000000 0.046183 0.993756 0.000000 -0.111578 0.990410 0.000000 -0.138156 0.956541 0.000000 -0.291598 0.948160 0.000000 -0.317792 0.887003 0.000000 -0.461764 0.873622 0.000000 -0.486604 0.787491 0.000000 -0.616326 0.769334 0.000000 -0.638847 0.694659 0.000000 -0.719338 0.638846 0.000000 -0.769334 0.584495 0.000000 -0.811397 0.486604 0.000000 -0.873622 0.457878 0.000000 -0.889015 0.317792 0.000000 -0.948161 0.316995 0.000000 -0.948427 0.165608 0.000000 -0.986192 0.546427 -0.000000 0.837507 0.403921 -0.000000 0.914794 0.383890 -0.000000 0.923379 0.228950 -0.000000 0.973438 0.208381 -0.000000 0.978047 0.046183 -0.000000 0.998933 0.025830 -0.000000 0.999666 -0.138157 -0.000000 0.990410 -0.157593 -0.000000 0.987504 -0.317792 -0.000000 0.948161 -0.335692 -0.000000 0.941972 -0.486604 -0.000000 0.873622 -0.502446 -0.000000 0.864609 -0.638846 -0.000000 0.769334 -0.652222 -0.000000 0.758028 -0.769334 -0.000000 0.638847 -0.779957 -0.000000 0.625833 -0.873622 -0.000000 0.486604 -0.881336 -0.000000 0.472489 -0.948160 -0.000000 0.317792 -0.952934 -0.000000 0.303179 -0.990410 -0.000000 0.138156 -0.992329 -0.000000 0.123624 -0.998933 -0.000000 -0.046183 -0.998192 -0.000000 -0.060109 -0.973438 -0.000000 -0.228951 -0.970323 -0.000000 -0.241810 -0.914794 -0.000000 -0.403921 -0.909666 -0.000000 -0.415340 -0.824997 -0.000000 -0.565137 -0.818269 -0.000000 -0.574836 -0.707107 0.000000 -0.707107 -0.699221 0.000000 -0.714906 -0.618318 0.000000 -0.785928 -0.565137 0.000000 -0.824998 -0.525484 0.000000 -0.850803 -0.403921 0.000000 -0.914794 -0.420098 0.000000 -0.907479 -0.301815 0.000000 -0.953367 -0.228950 0.000000 -0.973438 -0.149464 0.000000 -0.988767 -0.046183 0.000000 -0.998933 0.008402 0.000000 -0.999965 0.138157 0.000000 -0.990410 -0.000000 1.000000 0.000000 -0.000000 1.000000 0.000000 -0.000000 1.000000 0.000000 -0.000000 1.000000 0.000000 -0.000000 1.000000 0.000000 -0.000000 1.000000 0.000000 -0.000000 1.000000 0.000000 -0.000000 1.000000 0.000000 -0.000000 1.000000 0.000000 -0.000000 1.000000 0.000000 -0.000000 1.000000 0.000000 -0.000000 1.000000 0.000000 -0.000000 1.000000 0.000000 -0.000000 1.000000 0.000000 -0.000000 1.000000 0.000000 -0.000000 1.000000 0.000000 -0.000000 1.000000 0.000000 -0.000000 1.000000 0.000000 -0.000000 1.000000 0.000000 -0.000000 1.000000 0.000000 -0.000000 1.000000 0.000000 -0.000000 1.000000 0.000000 -0.000000 1.000000 0.000000 -0.000000 1.000000 0.000000 -0.000000 1.000000 0.000000 -0.000000 1.000000 0.000000 -0.000000 1.000000 0.000000 -0.000000 1.000000 0.000000 -0.000000 1.000000 0.000000 -0.000000 1.000000 0.000000 -0.000000 1.000000 0.000000 -0.000000 1.000000 0.000000 -0.000000 1.000000 0.000000 -0.000000 1.000000 0.000000 -0.000000 1.000000 0.000000 -0.000000 1.000000 0.000000 -0.000000 1.000000 0.000000 -0.000000 1.000000 0.000000 -0.000000 1.000000 0.000000 -0.000000 1.000000 0.000000 -0.000000 1.000000 0.000000 -0.000000 1.000000 0.000000 -0.000000 1.000000 0.000000 -0.000000 1.000000 0.000000 -0.000000 1.000000 0.000000 -0.000000 1.000000 0.000000 -0.000000 1.000000 0.000000 -0.000000 1.000000 0.000000 -0.000000 1.000000 0.000000 -0.000000 1.000000 0.000000 -0.000000 1.000000 0.000000 -0.000000 1.000000 0.000000 -0.000000 1.000000 0.000000 -0.000000 1.000000 0.000000 -0.000000 1.000000 0.000000 -0.000000 1.000000 0.000000 -0.000000 1.000000 0.000000 -0.000000 1.000000 0.000000 -0.000000 1.000000 0.000000 -0.000000 1.000000 0.000000 -0.288682 -0.857167 -0.426528 -0.288682 -0.857167 -0.426528 -0.364187 -0.857167 -0.364187 -0.109479 -0.857167 -0.503268 -0.109479 -0.857167 -0.503268 -0.202745 -0.857167 -0.473454 0.085408 -0.857167 -0.507907 0.085408 -0.857167 -0.507907 -0.012256 -0.857167 -0.514892 0.268060 -0.857167 -0.439782 0.268060 -0.857167 -0.439782 0.179988 -0.857167 -0.482565 0.412309 -0.857167 -0.308651 0.412309 -0.857167 -0.308651 0.346446 -0.857167 -0.381103 0.497489 -0.857167 -0.133302 0.497489 -0.857167 -0.133302 0.463271 -0.857167 -0.225044 0.511395 -0.857167 0.061145 0.511395 -0.857167 0.061145 0.513726 -0.857167 -0.036743 0.452039 -0.857167 0.246832 0.452039 -0.857167 0.246832 0.490583 -0.857167 0.156822 0.327920 -0.857167 0.397156 0.327920 -0.857167 0.397156 0.397156 -0.857167 0.327919 0.156822 -0.857167 0.490583 0.156822 -0.857167 0.490583 0.246831 -0.857167 0.452038 -0.036742 -0.857167 0.513726 -0.036742 -0.857167 0.513726 0.061145 -0.857167 0.511396 -0.225043 -0.857167 0.463270 -0.225043 -0.857167 0.463270 -0.133301 -0.857167 0.497489 -0.381103 -0.857167 0.346445 -0.381103 -0.857167 0.346445 -0.308651 -0.857167 0.412310 -0.482565 -0.857167 0.179987 -0.482565 -0.857167 0.179987 -0.439781 -0.857167 0.268061 -0.514893 -0.857167 -0.012256 -0.514893 -0.857167 -0.012256 -0.507907 -0.857167 0.085408 -0.473454 -0.857167 -0.202745 -0.473454 -0.857167 -0.202745 -0.503268 -0.857167 -0.109480 -0.364187 -0.857167 -0.364187 -0.426529 -0.857167 -0.288683 -0.133301 -0.857167 0.497489 -0.426529 -0.857167 -0.288683 -0.503268 -0.857167 -0.109480 -0.507907 -0.857167 0.085408 -0.439781 -0.857167 0.268061 -0.308651 -0.857167 0.412310 0.061145 -0.857167 0.511396 0.246831 -0.857167 0.452038 0.397156 -0.857167 0.327919 0.490583 -0.857167 0.156822 0.513726 -0.857167 -0.036743 0.463271 -0.857167 -0.225044 0.346446 -0.857167 -0.381103 0.179988 -0.857167 -0.482565 -0.012256 -0.857167 -0.514892 -0.202745 -0.857167 -0.473454 -0.828149 -0.000000 -0.560508 -0.828149 -0.000000 -0.560508 -0.707107 0.000000 -0.707107 -0.707107 0.000000 -0.707107 -0.560507 0.000000 -0.828149 -0.560507 0.000000 -0.828149 -0.393650 0.000000 -0.919260 -0.393650 0.000000 -0.919260 -0.212565 0.000000 -0.977147 -0.212565 0.000000 -0.977147 -0.023798 0.000000 -0.999717 -0.023798 0.000000 -0.999717 0.165830 0.000000 -0.986155 0.165830 0.000000 -0.986155 0.349465 0.000000 -0.936949 0.349465 0.000000 -0.936949 0.520468 0.000000 -0.853881 0.520468 0.000000 -0.853881 0.672660 0.000000 -0.739951 0.672660 0.000000 -0.739951 0.800542 0.000000 -0.599278 0.800542 0.000000 -0.599278 0.899489 0.000000 -0.436945 0.899489 0.000000 -0.436945 0.965926 0.000000 -0.258819 0.965926 0.000000 -0.258819 0.997452 0.000000 -0.071339 0.997452 0.000000 -0.071339 0.992928 0.000000 0.118719 0.992928 0.000000 0.118719 0.952516 0.000000 0.304487 0.952516 0.000000 0.304487 0.877679 0.000000 0.479249 0.877679 0.000000 0.479249 0.771120 0.000000 0.636690 0.771120 0.000000 0.636690 0.636690 -0.000000 0.771119 0.636690 -0.000000 0.771119 0.479249 -0.000000 0.877679 0.479249 -0.000000 0.877679 0.304486 -0.000000 0.952516 0.304486 -0.000000 0.952516 0.118719 -0.000000 0.992928 0.118719 -0.000000 0.992928 -0.071339 -0.000000 0.997452 -0.071339 -0.000000 0.997452 -0.258819 -0.000000 0.965926 -0.258819 -0.000000 0.965926 -0.436944 -0.000000 0.899489 -0.436944 -0.000000 0.899489 -0.599278 -0.000000 0.800541 -0.599278 -0.000000 0.800541 -0.739951 -0.000000 0.672660 -0.739951 -0.000000 0.672660 -0.853881 -0.000000 0.520468 -0.853881 -0.000000 0.520468 -0.936949 -0.000000 0.349464 -0.936949 -0.000000 0.349464 -0.986155 -0.000000 0.165830 -0.986155 -0.000000 0.165830 -0.999717 -0.000000 -0.023798 -0.999717 -0.000000 -0.023798 -0.977147 -0.000000 -0.212565 -0.977147 -0.000000 -0.212565 -0.919260 -0.000000 -0.393650 -0.919260 -0.000000 -0.393650 -0.953065 -0.000000 0.302766 -0.965911 -0.000000 0.258872 -0.989021 -0.000000 0.147781 -0.996189 -0.000000 0.087228 -0.999532 -0.000000 0.030570 -0.906292 -0.000000 0.422651 -0.892985 -0.000000 0.450085 -0.819142 -0.000000 0.573591 -0.810302 -0.000000 0.586013 -0.707107 -0.000000 0.707107 -0.707107 -0.000000 0.707107 -0.707107 -0.000000 0.707107 -0.707107 -0.000000 0.707107 0.030570 0.000000 -0.999532 0.087228 0.000000 -0.996188 0.147781 0.000000 -0.989020 0.258872 0.000000 -0.965912 0.302765 0.000000 -0.953065 0.422651 0.000000 -0.906293 0.450085 0.000000 -0.892986 0.573591 0.000000 -0.819142 0.586013 0.000000 -0.810302 0.707107 0.000000 -0.707107 0.707107 0.000000 -0.707107 -0.087066 0.000000 -0.996202 -0.087066 0.000000 -0.996202 0.986591 0.000000 -0.163209 0.982310 0.000000 -0.187261 0.969524 0.000000 -0.244997 0.960994 0.000000 -0.276571 0.943697 0.000000 -0.330812 0.931575 0.000000 -0.363548 0.910291 0.000000 -0.413969 0.894304 0.000000 -0.447460 0.869574 0.000000 -0.493803 0.849493 0.000000 -0.527600 0.821874 0.000000 -0.569670 0.797520 0.000000 -0.603293 0.767572 0.000000 -0.640962 0.738824 0.000000 -0.673899 0.707107 0.000000 -0.707107 0.673899 0.000000 -0.738823 0.640962 0.000000 -0.767572 0.603292 0.000000 -0.797520 0.569670 0.000000 -0.821873 0.527600 0.000000 -0.849493 0.493803 0.000000 -0.869574 0.447461 0.000000 -0.894304 0.413970 0.000000 -0.910291 0.363548 0.000000 -0.931576 0.330812 0.000000 -0.943697 0.276571 0.000000 -0.960993 0.244997 0.000000 -0.969524 0.187262 0.000000 -0.982310 0.163209 0.000000 -0.986591 0.096374 0.000000 -0.995345 0.080084 0.000000 -0.996788 0.004674 0.000000 -0.999989 -0.003601 0.000000 -0.999993 0.995345 0.000000 -0.096374 0.996788 0.000000 -0.080085 0.999990 0.000000 -0.004674 0.999994 0.000000 0.003601 0.855781 0.000000 0.517338 0.855781 0.000000 0.517338 0.707107 -0.000000 0.707107 0.707107 -0.000000 0.707107 0.517338 -0.000000 0.855781 0.517338 -0.000000 0.855781 0.297503 -0.000000 0.954721 0.954721 0.000000 0.297503 0.954721 0.000000 0.297503 0.998175 0.000000 0.060378 0.998175 0.000000 0.060378 0.983619 0.000000 -0.180255 0.983619 0.000000 -0.180255 0.911900 0.000000 -0.410412 0.911900 0.000000 -0.410412 0.787184 0.000000 -0.616719 0.787184 0.000000 -0.616719 0.616719 0.000000 -0.787184 0.616719 0.000000 -0.787184 0.410413 0.000000 -0.911900 0.410413 0.000000 -0.911900 0.180255 0.000000 -0.983620 0.180255 0.000000 -0.983620 -0.060379 0.000000 -0.998176 -0.060379 0.000000 -0.998176 -0.297503 0.000000 -0.954721 -0.297503 0.000000 -0.954721 -0.517338 0.000000 -0.855781 -0.517338 0.000000 -0.855781 -0.707107 0.000000 -0.707107 -0.707107 0.000000 -0.707107 -0.855781 -0.000000 -0.517338 -0.855781 -0.000000 -0.517338 -0.954721 -0.000000 -0.297503 -0.954721 -0.000000 -0.297503 -0.998175 -0.000000 -0.060378 -0.998175 -0.000000 -0.060378 -0.983619 -0.000000 0.180255 -0.983619 -0.000000 0.180255 -0.911900 -0.000000 0.410412 -0.911900 -0.000000 0.410412 -0.787184 -0.000000 0.616719 -0.787184 -0.000000 0.616719 -0.616719 -0.000000 0.787184 -0.616719 -0.000000 0.787184 -0.410413 -0.000000 0.911900 -0.410413 -0.000000 0.911900 -0.180255 -0.000000 0.983620 -0.180255 -0.000000 0.983620 0.060379 -0.000000 0.998176 0.060379 -0.000000 0.998176 0.297503 -0.000000 0.954721 0.855781 0.000000 0.517338 0.855781 0.000000 0.517338 0.707107 -0.000000 0.707107 0.707107 -0.000000 0.707107 0.517338 -0.000000 0.855781 0.517338 -0.000000 0.855781 0.297503 -0.000000 0.954721 0.954721 0.000000 0.297503 0.954721 0.000000 0.297503 0.998175 0.000000 0.060378 0.998175 0.000000 0.060378 0.983619 0.000000 -0.180255 0.983619 0.000000 -0.180255 0.911900 0.000000 -0.410412 0.911900 0.000000 -0.410412 0.787184 0.000000 -0.616719 0.787184 0.000000 -0.616719 0.616719 0.000000 -0.787184 0.616719 0.000000 -0.787184 0.410413 0.000000 -0.911900 0.410413 0.000000 -0.911900 0.180255 0.000000 -0.983620 0.180255 0.000000 -0.983620 -0.060379 0.000000 -0.998176 -0.060379 0.000000 -0.998176 -0.297503 0.000000 -0.954721 -0.297503 0.000000 -0.954721 -0.517338 0.000000 -0.855781 -0.517338 0.000000 -0.855781 -0.707107 0.000000 -0.707107 -0.707107 0.000000 -0.707107 -0.855781 -0.000000 -0.517338 -0.855781 -0.000000 -0.517338 -0.954721 -0.000000 -0.297503 -0.954721 -0.000000 -0.297503 -0.998175 -0.000000 -0.060378 -0.998175 -0.000000 -0.060378 -0.983619 -0.000000 0.180255 -0.983619 -0.000000 0.180255 -0.911900 -0.000000 0.410412 -0.911900 -0.000000 0.410412 -0.787184 -0.000000 0.616719 -0.787184 -0.000000 0.616719 -0.616719 -0.000000 0.787184 -0.616719 -0.000000 0.787184 -0.410413 -0.000000 0.911900 -0.410413 -0.000000 0.911900 -0.180255 -0.000000 0.983620 -0.180255 -0.000000 0.983620 0.060379 -0.000000 0.998176 0.060379 -0.000000 0.998176 0.297503 -0.000000 0.954721 0.855781 0.000000 0.517338 0.855781 0.000000 0.517338 0.707107 -0.000000 0.707107 0.707107 -0.000000 0.707107 0.517338 -0.000000 0.855781 0.517338 -0.000000 0.855781 0.297503 -0.000000 0.954721 0.954721 0.000000 0.297503 0.954721 0.000000 0.297503 0.998175 0.000000 0.060378 0.998175 0.000000 0.060378 0.983619 0.000000 -0.180255 0.983619 0.000000 -0.180255 0.911900 0.000000 -0.410412 0.911900 0.000000 -0.410412 0.787184 0.000000 -0.616719 0.787184 0.000000 -0.616719 0.616719 0.000000 -0.787184 0.616719 0.000000 -0.787184 0.410413 0.000000 -0.911900 0.410413 0.000000 -0.911900 0.180255 0.000000 -0.983620 0.180255 0.000000 -0.983620 -0.060379 0.000000 -0.998176 -0.060379 0.000000 -0.998176 -0.297503 0.000000 -0.954721 -0.297503 0.000000 -0.954721 -0.517338 0.000000 -0.855781 -0.517338 0.000000 -0.855781 -0.707107 0.000000 -0.707107 -0.707107 0.000000 -0.707107 -0.855781 -0.000000 -0.517338 -0.855781 -0.000000 -0.517338 -0.954721 -0.000000 -0.297503 -0.954721 -0.000000 -0.297503 -0.998175 -0.000000 -0.060378 -0.998175 -0.000000 -0.060378 -0.983619 -0.000000 0.180255 -0.983619 -0.000000 0.180255 -0.911900 -0.000000 0.410412 -0.911900 -0.000000 0.410412 -0.787184 -0.000000 0.616719 -0.787184 -0.000000 0.616719 -0.616719 -0.000000 0.787184 -0.616719 -0.000000 0.787184 -0.410413 -0.000000 0.911900 -0.410413 -0.000000 0.911900 -0.180255 -0.000000 0.983620 -0.180255 -0.000000 0.983620 0.060379 -0.000000 0.998176 0.060379 -0.000000 0.998176 0.297503 -0.000000 0.954721 0.855781 0.000000 0.517338 0.855781 0.000000 0.517338 0.707107 -0.000000 0.707107 0.707107 -0.000000 0.707107 0.517338 -0.000000 0.855781 0.517338 -0.000000 0.855781 0.297503 -0.000000 0.954721 0.954721 0.000000 0.297503 0.954721 0.000000 0.297503 0.998175 0.000000 0.060378 0.998175 0.000000 0.060378 0.983619 0.000000 -0.180255 0.983619 0.000000 -0.180255 0.911900 0.000000 -0.410412 0.911900 0.000000 -0.410412 0.787184 0.000000 -0.616719 0.787184 0.000000 -0.616719 0.616719 0.000000 -0.787184 0.616719 0.000000 -0.787184 0.410413 0.000000 -0.911900 0.410413 0.000000 -0.911900 0.180255 0.000000 -0.983620 0.180255 0.000000 -0.983620 -0.060379 0.000000 -0.998176 -0.060379 0.000000 -0.998176 -0.297503 0.000000 -0.954721 -0.297503 0.000000 -0.954721 -0.517338 0.000000 -0.855781 -0.517338 0.000000 -0.855781 -0.707107 0.000000 -0.707107 -0.707107 0.000000 -0.707107 -0.855781 -0.000000 -0.517338 -0.855781 -0.000000 -0.517338 -0.954721 -0.000000 -0.297503 -0.954721 -0.000000 -0.297503 -0.998175 -0.000000 -0.060378 -0.998175 -0.000000 -0.060378 -0.983619 -0.000000 0.180255 -0.983619 -0.000000 0.180255 -0.911900 -0.000000 0.410412 -0.911900 -0.000000 0.410412 -0.787184 -0.000000 0.616719 -0.787184 -0.000000 0.616719 -0.616719 -0.000000 0.787184 -0.616719 -0.000000 0.787184 -0.410413 -0.000000 0.911900 -0.410413 -0.000000 0.911900 -0.180255 -0.000000 0.983620 -0.180255 -0.000000 0.983620 0.060379 -0.000000 0.998176 0.060379 -0.000000 0.998176 0.297503 -0.000000 0.954721 0.855781 0.000000 0.517338 0.855781 0.000000 0.517338 0.707107 -0.000000 0.707107 0.707107 -0.000000 0.707107 0.517338 -0.000000 0.855781 0.517338 -0.000000 0.855781 0.297503 -0.000000 0.954721 0.954721 0.000000 0.297503 0.954721 0.000000 0.297503 0.998175 0.000000 0.060378 0.998175 0.000000 0.060378 0.983619 0.000000 -0.180255 0.983619 0.000000 -0.180255 0.911900 0.000000 -0.410412 0.911900 0.000000 -0.410412 0.787184 0.000000 -0.616719 0.787184 0.000000 -0.616719 0.616719 0.000000 -0.787184 0.616719 0.000000 -0.787184 0.410413 0.000000 -0.911900 0.410413 0.000000 -0.911900 0.180255 0.000000 -0.983620 0.180255 0.000000 -0.983620 -0.060379 0.000000 -0.998176 -0.060379 0.000000 -0.998176 -0.297503 0.000000 -0.954721 -0.297503 0.000000 -0.954721 -0.517338 0.000000 -0.855781 -0.517338 0.000000 -0.855781 -0.707107 0.000000 -0.707107 -0.707107 0.000000 -0.707107 -0.855781 -0.000000 -0.517338 -0.855781 -0.000000 -0.517338 -0.954721 -0.000000 -0.297503 -0.954721 -0.000000 -0.297503 -0.998175 -0.000000 -0.060378 -0.998175 -0.000000 -0.060378 -0.983619 -0.000000 0.180255 -0.983619 -0.000000 0.180255 -0.911900 -0.000000 0.410412 -0.911900 -0.000000 0.410412 -0.787184 -0.000000 0.616719 -0.787184 -0.000000 0.616719 -0.616719 -0.000000 0.787184 -0.616719 -0.000000 0.787184 -0.410413 -0.000000 0.911900 -0.410413 -0.000000 0.911900 -0.180255 -0.000000 0.983620 -0.180255 -0.000000 0.983620 0.060379 -0.000000 0.998176 0.060379 -0.000000 0.998176 0.297503 -0.000000 0.954721 0.855781 0.000000 0.517338 0.855781 0.000000 0.517338 0.707107 -0.000000 0.707107 0.707107 -0.000000 0.707107 0.517338 -0.000000 0.855781 0.517338 -0.000000 0.855781 0.297503 -0.000000 0.954721 0.954721 0.000000 0.297503 0.954721 0.000000 0.297503 0.998175 0.000000 0.060378 0.998175 0.000000 0.060378 0.983619 0.000000 -0.180255 0.983619 0.000000 -0.180255 0.911900 0.000000 -0.410412 0.911900 0.000000 -0.410412 0.787184 0.000000 -0.616719 0.787184 0.000000 -0.616719 0.616719 0.000000 -0.787184 0.616719 0.000000 -0.787184 0.410413 0.000000 -0.911900 0.410413 0.000000 -0.911900 0.180255 0.000000 -0.983620 0.180255 0.000000 -0.983620 -0.060379 0.000000 -0.998176 -0.060379 0.000000 -0.998176 -0.297503 0.000000 -0.954721 -0.297503 0.000000 -0.954721 -0.517338 0.000000 -0.855781 -0.517338 0.000000 -0.855781 -0.707107 0.000000 -0.707107 -0.707107 0.000000 -0.707107 -0.855781 -0.000000 -0.517338 -0.855781 -0.000000 -0.517338 -0.954721 -0.000000 -0.297503 -0.954721 -0.000000 -0.297503 -0.998175 -0.000000 -0.060378 -0.998175 -0.000000 -0.060378 -0.983619 -0.000000 0.180255 -0.983619 -0.000000 0.180255 -0.911900 -0.000000 0.410412 -0.911900 -0.000000 0.410412 -0.787184 -0.000000 0.616719 -0.787184 -0.000000 0.616719 -0.616719 -0.000000 0.787184 -0.616719 -0.000000 0.787184 -0.410413 -0.000000 0.911900 -0.410413 -0.000000 0.911900 -0.180255 -0.000000 0.983620 -0.180255 -0.000000 0.983620 0.060379 -0.000000 0.998176 0.060379 -0.000000 0.998176 0.297503 -0.000000 0.954721 0.707107 0.000000 -0.707107 0.707107 0.000000 -0.707107 -0.790155 -0.000000 0.612907 -0.790155 -0.000000 0.612907 -0.860742 -0.000000 0.509041 -0.860742 -0.000000 0.509041 -0.917755 -0.000000 0.397148 -0.917755 -0.000000 0.397148 -0.960294 -0.000000 0.278991 -0.960294 -0.000000 0.278991 -0.987689 -0.000000 0.156435 -0.987689 -0.000000 0.156435 -0.999506 -0.000000 0.031411 -0.999506 -0.000000 0.031411 -0.995562 -0.000000 -0.094109 -0.995562 -0.000000 -0.094109 -0.975916 -0.000000 -0.218143 -0.975916 -0.000000 -0.218143 -0.940880 -0.000000 -0.338737 -0.940880 -0.000000 -0.338737 -0.891006 -0.000000 -0.453991 -0.891006 -0.000000 -0.453991 -0.827081 -0.000000 -0.562084 -0.827081 -0.000000 -0.562084 -0.750111 -0.000000 -0.661311 -0.750111 -0.000000 -0.661311 -0.661312 0.000000 -0.750111 -0.661312 0.000000 -0.750111 -0.562084 0.000000 -0.827080 -0.562084 0.000000 -0.827080 -0.453990 0.000000 -0.891006 -0.453990 0.000000 -0.891006 -0.338738 0.000000 -0.940881 -0.338738 0.000000 -0.940881 -0.218143 0.000000 -0.975916 -0.218143 0.000000 -0.975916 -0.094108 0.000000 -0.995562 -0.094108 0.000000 -0.995562 0.031411 0.000000 -0.999506 0.031411 0.000000 -0.999506 0.156434 0.000000 -0.987688 0.156434 0.000000 -0.987688 0.278992 0.000000 -0.960293 0.278992 0.000000 -0.960293 0.397148 0.000000 -0.917754 0.397148 0.000000 -0.917754 0.509041 0.000000 -0.860742 0.509041 0.000000 -0.860742 0.612907 0.000000 -0.790155 0.612907 0.000000 -0.790155 0.000000 -1.000000 -0.000000 0.000000 -1.000000 -0.000000 0.000000 -1.000000 -0.000000 0.000000 -1.000000 -0.000000 0.000000 -1.000000 -0.000000 0.000000 -1.000000 -0.000000 0.000000 -1.000000 -0.000000 0.000000 -1.000000 -0.000000 0.000000 -1.000000 -0.000000 0.000000 -1.000000 -0.000000 0.000000 -1.000000 -0.000000 0.000000 -1.000000 -0.000000 0.000000 -1.000000 -0.000000 0.000000 -1.000000 -0.000000 0.000000 -1.000000 -0.000000 0.000000 -1.000000 -0.000000 0.000000 -1.000000 -0.000000 0.000000 -1.000000 -0.000000 0.000000 -1.000000 -0.000000 0.000000 -1.000000 -0.000000 0.000000 -1.000000 -0.000000 0.000000 -1.000000 -0.000000 0.000000 -1.000000 -0.000000 0.000000 -1.000000 -0.000000 0.000000 -1.000000 -0.000000 0.000000 -1.000000 -0.000000 0.000000 -1.000000 -0.000000 0.000000 -1.000000 -0.000000 0.000000 -1.000000 -0.000000 0.000000 -1.000000 -0.000000 0.000000 -1.000000 -0.000000 0.000000 -1.000000 -0.000000 0.000000 -1.000000 -0.000000 0.000000 -1.000000 -0.000000 0.000000 -1.000000 -0.000000 0.000000 -1.000000 -0.000000 0.000000 -1.000000 -0.000000 0.000000 -1.000000 -0.000000 0.000000 -1.000000 -0.000000 0.000000 -1.000000 -0.000000 0.000000 -1.000000 -0.000000 0.000000 -1.000000 -0.000000 0.000000 -1.000000 -0.000000 0.000000 -1.000000 -0.000000 0.000000 -1.000000 -0.000000 0.000000 -1.000000 -0.000000 0.000000 -1.000000 -0.000000 0.000000 -1.000000 -0.000000 0.000000 -1.000000 -0.000000 0.000000 -1.000000 -0.000000 0.000000 -1.000000 -0.000000 0.000000 -1.000000 -0.000000 0.000000 -1.000000 -0.000000 0.000000 -1.000000 -0.000000 0.000000 -1.000000 -0.000000 0.000000 -1.000000 -0.000000 0.000000 -1.000000 -0.000000 0.000000 -1.000000 -0.000000 0.000000 -1.000000 -0.000000 0.000000 -1.000000 -0.000000 0.000000 -1.000000 -0.000000 0.000000 -1.000000 -0.000000 0.000000 -1.000000 -0.000000 0.000000 -1.000000 -0.000000 0.000000 -1.000000 -0.000000 0.000000 -1.000000 -0.000000 0.000000 -1.000000 -0.000000 0.000000 -1.000000 -0.000000 0.000000 -1.000000 -0.000000 0.000000 -1.000000 -0.000000 0.000000 -1.000000 -0.000000 0.000000 -1.000000 -0.000000 0.000000 -1.000000 -0.000000 0.000000 -1.000000 -0.000000 0.000000 -1.000000 -0.000000 0.000000 -1.000000 -0.000000 0.000000 -1.000000 -0.000000 0.000000 -1.000000 -0.000000 0.000000 -1.000000 -0.000000 0.000000 -1.000000 -0.000000 0.000000 -1.000000 -0.000000 0.000000 -1.000000 -0.000000 0.000000 -1.000000 -0.000000 0.000000 -1.000000 -0.000000 0.000000 -1.000000 -0.000000 0.000000 -1.000000 -0.000000 0.000000 -1.000000 -0.000000 0.000000 -1.000000 -0.000000 0.000000 -1.000000 -0.000000 0.000000 -1.000000 -0.000000 0.000000 -1.000000 -0.000000 0.000000 -1.000000 -0.000000 0.000000 -1.000000 -0.000000 0.000000 -1.000000 -0.000000 0.000000 -1.000000 -0.000000 0.000000 -1.000000 -0.000000 0.000000 -1.000000 -0.000000 0.000000 -1.000000 -0.000000 0.000000 -1.000000 -0.000000 0.000000 -1.000000 -0.000000 0.000000 -1.000000 -0.000000 0.000000 -1.000000 -0.000000 0.000000 -1.000000 -0.000000 0.000000 -1.000000 -0.000000 0.000000 -1.000000 -0.000000 0.000000 -1.000000 -0.000000 0.000000 -1.000000 -0.000000 0.000000 -1.000000 -0.000000 0.000000 -1.000000 -0.000000 0.000000 -1.000000 -0.000000 0.000000 -1.000000 -0.000000 0.000000 -1.000000 -0.000000 0.000000 -1.000000 -0.000000 0.000000 -1.000000 -0.000000 0.000000 -1.000000 -0.000000 0.000000 -1.000000 -0.000000 0.000000 -1.000000 -0.000000 0.000000 -1.000000 -0.000000 0.000000 -1.000000 -0.000000 0.000000 -1.000000 -0.000000 0.000000 -1.000000 -0.000000 0.000000 -1.000000 -0.000000 0.000000 -1.000000 -0.000000 0.000000 -1.000000 -0.000000 0.000000 -1.000000 -0.000000 0.000000 -1.000000 -0.000000 0.000000 -1.000000 -0.000000 0.000000 -1.000000 -0.000000 0.000000 -1.000000 -0.000000 0.000000 -1.000000 -0.000000 0.000000 -1.000000 -0.000000 0.000000 -1.000000 -0.000000 0.000000 -1.000000 -0.000000 0.000000 -1.000000 -0.000000 0.000000 -1.000000 -0.000000 0.000000 -1.000000 -0.000000 0.000000 -1.000000 -0.000000 0.000000 -1.000000 -0.000000 0.000000 -1.000000 -0.000000 0.000000 -1.000000 -0.000000 0.000000 -1.000000 -0.000000 0.000000 -1.000000 -0.000000 0.000000 -1.000000 -0.000000 0.000000 -1.000000 -0.000000 0.000000 -1.000000 -0.000000 0.000000 -1.000000 -0.000000 0.000000 -1.000000 -0.000000 0.000000 -1.000000 -0.000000 0.000000 -1.000000 -0.000000 0.000000 -1.000000 -0.000000 0.000000 -1.000000 -0.000000 0.000000 -1.000000 -0.000000 0.000000 -1.000000 -0.000000 0.000000 -1.000000 -0.000000 0.000000 -1.000000 -0.000000 0.000000 -1.000000 -0.000000 0.000000 -1.000000 -0.000000 0.000000 -1.000000 -0.000000 0.000000 -1.000000 -0.000000 0.000000 -1.000000 -0.000000 0.000000 -1.000000 -0.000000 0.000000 -1.000000 -0.000000 0.000000 -1.000000 -0.000000 0.000000 -1.000000 -0.000000 0.000000 -1.000000 -0.000000 0.000000 -1.000000 -0.000000 0.000000 -1.000000 -0.000000 0.000000 -1.000000 -0.000000 0.000000 -1.000000 -0.000000 0.000000 -1.000000 -0.000000 0.000000 -1.000000 -0.000000 0.000000 -1.000000 -0.000000 0.000000 -1.000000 -0.000000 0.000000 -1.000000 -0.000000 0.000000 -1.000000 -0.000000 0.000000 -1.000000 -0.000000 0.000000 -1.000000 -0.000000 0.000000 -1.000000 -0.000000 0.000000 -1.000000 -0.000000 0.000000 -1.000000 -0.000000 0.000000 -1.000000 -0.000000 0.000000 -1.000000 -0.000000 0.000000 -1.000000 -0.000000 0.000000 -1.000000 -0.000000 0.000000 -1.000000 -0.000000 0.000000 -1.000000 -0.000000 0.000000 -1.000000 -0.000000 0.000000 -1.000000 -0.000000 0.000000 -1.000000 -0.000000 0.000000 -1.000000 -0.000000 0.000000 -1.000000 -0.000000 0.000000 -1.000000 -0.000000 0.000000 -1.000000 -0.000000 0.000000 -1.000000 -0.000000 0.000000 -1.000000 -0.000000 0.000000 -1.000000 -0.000000 0.000000 -1.000000 -0.000000 0.000000 -1.000000 -0.000000 0.000000 -1.000000 -0.000000 0.000000 -1.000000 -0.000000 0.000000 -1.000000 -0.000000 0.000000 -1.000000 -0.000000 0.000000 -1.000000 -0.000000 0.000000 -1.000000 -0.000000 0.000000 -1.000000 -0.000000 0.000000 -1.000000 -0.000000 0.000000 -1.000000 -0.000000 0.000000 -1.000000 -0.000000 0.000000 -1.000000 -0.000000 0.000000 -1.000000 -0.000000 0.000000 -1.000000 -0.000000 0.000000 -1.000000 -0.000000 0.000000 -1.000000 -0.000000 0.000000 -1.000000 -0.000000 0.000000 -1.000000 -0.000000 0.000000 -1.000000 -0.000000 0.000000 -1.000000 -0.000000 0.000000 -1.000000 -0.000000 0.000000 -1.000000 -0.000000 0.000000 -1.000000 -0.000000 0.000000 -1.000000 -0.000000 0.000000 -1.000000 -0.000000 0.000000 -1.000000 -0.000000 0.000000 -1.000000 -0.000000 0.000000 -1.000000 -0.000000 0.000000 -1.000000 -0.000000 0.000000 -1.000000 -0.000000 0.000000 -1.000000 -0.000000 0.000000 -1.000000 -0.000000 0.000000 -1.000000 -0.000000 0.000000 -1.000000 -0.000000 0.000000 -1.000000 -0.000000 0.000000 -1.000000 -0.000000 0.000000 -1.000000 -0.000000 0.000000 -1.000000 -0.000000 0.000000 -1.000000 -0.000000 0.000000 -1.000000 -0.000000 0.000000 -1.000000 -0.000000 0.000000 -1.000000 -0.000000 0.000000 -1.000000 -0.000000 0.000000 -1.000000 -0.000000 0.000000 -1.000000 -0.000000 0.000000 -1.000000 -0.000000 0.000000 -1.000000 -0.000000 0.000000 -1.000000 -0.000000 0.000000 -1.000000 -0.000000 0.000000 -1.000000 -0.000000 0.000000 -1.000000 -0.000000 0.000000 -1.000000 -0.000000 0.000000 -1.000000 -0.000000 0.000000 -1.000000 -0.000000 0.000000 -1.000000 -0.000000 0.000000 -1.000000 -0.000000 0.000000 -1.000000 -0.000000 0.000000 -1.000000 -0.000000 0.000000 -1.000000 -0.000000 0.000000 -1.000000 -0.000000 0.000000 -1.000000 -0.000000 0.000000 -1.000000 -0.000000 0.000000 -1.000000 -0.000000 0.000000 -1.000000 -0.000000 0.000000 -1.000000 -0.000000 0.000000 -1.000000 -0.000000 0.000000 -1.000000 -0.000000 0.000000 -1.000000 -0.000000 0.000000 -1.000000 -0.000000 0.000000 -1.000000 -0.000000 0.000000 -1.000000 -0.000000 0.000000 -1.000000 -0.000000 0.000000 -1.000000 -0.000000 0.000000 -1.000000 -0.000000 0.000000 -1.000000 -0.000000 0.000000 -1.000000 -0.000000 0.000000 -1.000000 -0.000000 0.000000 -1.000000 -0.000000 0.000000 -1.000000 -0.000000 0.000000 -1.000000 -0.000000 0.000000 -1.000000 -0.000000 0.000000 -1.000000 -0.000000 0.000000 -1.000000 -0.000000 0.000000 -1.000000 -0.000000 0.000000 -1.000000 -0.000000 0.000000 -1.000000 -0.000000 0.000000 -1.000000 -0.000000 0.000000 -1.000000 -0.000000 0.000000 -1.000000 -0.000000 0.000000 -1.000000 -0.000000 0.000000 -1.000000 -0.000000 0.000000 -1.000000 -0.000000 0.000000 -1.000000 -0.000000 0.000000 -1.000000 -0.000000 0.000000 -1.000000 -0.000000 0.000000 -1.000000 -0.000000 0.000000 -1.000000 -0.000000 0.000000 -1.000000 -0.000000 0.000000 -1.000000 -0.000000 0.000000 -1.000000 -0.000000 0.000000 -1.000000 -0.000000 0.000000 -1.000000 -0.000000 0.000000 -1.000000 -0.000000 0.000000 -1.000000 -0.000000 -0.000000 1.000000 0.000000 -0.000000 1.000000 0.000000 -0.000000 1.000000 0.000000 -0.000000 1.000000 0.000000 -0.000000 1.000000 0.000000 -0.000000 1.000000 0.000000 -0.000000 1.000000 0.000000 -0.000000 1.000000 0.000000 -0.000000 1.000000 0.000000 -0.000000 1.000000 0.000000 -0.000000 1.000000 0.000000 -0.000000 1.000000 0.000000 -0.000000 1.000000 0.000000 -0.000000 1.000000 0.000000 -0.000000 1.000000 0.000000 -0.000000 1.000000 0.000000 -0.000000 1.000000 0.000000 -0.000000 1.000000 0.000000 -0.000000 1.000000 0.000000 -0.000000 1.000000 0.000000 -0.000000 1.000000 0.000000 -0.000000 1.000000 0.000000 -0.000000 1.000000 0.000000 -0.000000 1.000000 0.000000 -0.000000 1.000000 0.000000 -0.000000 1.000000 0.000000 -0.000000 1.000000 0.000000 -0.000000 1.000000 0.000000 -0.000000 1.000000 0.000000 -0.000000 1.000000 0.000000 -0.000000 1.000000 0.000000 -0.000000 1.000000 0.000000 -0.000000 1.000000 0.000000 -0.000000 1.000000 0.000000 -0.000000 1.000000 0.000000 -0.000000 1.000000 0.000000 -0.000000 1.000000 0.000000 -0.000000 1.000000 0.000000 -0.000000 1.000000 0.000000 -0.000000 1.000000 0.000000 -0.000000 1.000000 0.000000 -0.000000 1.000000 0.000000 -0.000000 1.000000 0.000000 -0.000000 1.000000 0.000000 -0.000000 1.000000 0.000000 -0.000000 1.000000 0.000000 -0.000000 1.000000 0.000000 -0.000000 1.000000 0.000000 -0.000000 1.000000 0.000000 -0.000000 1.000000 0.000000 -0.000000 1.000000 0.000000 -0.000000 1.000000 0.000000 -0.000000 1.000000 0.000000 -0.000000 1.000000 0.000000 -0.000000 1.000000 0.000000 -0.000000 1.000000 0.000000 -0.000000 1.000000 0.000000 -0.000000 1.000000 0.000000 -0.000000 1.000000 0.000000 -0.000000 1.000000 0.000000 -0.000000 1.000000 0.000000 -0.000000 1.000000 0.000000 -0.000000 1.000000 0.000000 -0.000000 1.000000 0.000000 -0.000000 1.000000 0.000000 -0.000000 1.000000 0.000000 -0.000000 1.000000 0.000000 -0.000000 1.000000 0.000000 -0.000000 1.000000 0.000000 -0.000000 1.000000 0.000000 -0.000000 1.000000 0.000000 -0.000000 1.000000 0.000000 -0.000000 1.000000 0.000000 -0.000000 1.000000 0.000000 -0.000000 1.000000 0.000000 -0.000000 1.000000 0.000000 -0.000000 1.000000 0.000000 -0.000000 1.000000 0.000000 -0.000000 1.000000 0.000000 -0.000000 1.000000 0.000000 -0.000000 1.000000 0.000000 -0.000000 1.000000 0.000000 -0.000000 1.000000 0.000000 -0.000000 1.000000 0.000000 -0.000000 1.000000 0.000000 -0.000000 1.000000 0.000000 -0.000000 1.000000 0.000000 -0.000000 1.000000 0.000000 -0.000000 1.000000 0.000000 -0.000000 1.000000 0.000000 -0.000000 1.000000 0.000000 -0.000000 1.000000 0.000000 -0.000000 1.000000 0.000000 -0.000000 1.000000 0.000000 -0.000000 1.000000 0.000000 -0.000000 1.000000 0.000000 -0.000000 1.000000 0.000000 -0.000000 1.000000 0.000000 -0.000000 1.000000 0.000000 -0.000000 1.000000 0.000000 -0.000000 1.000000 0.000000 -0.000000 1.000000 0.000000 -0.000000 1.000000 0.000000 -0.000000 1.000000 0.000000 -0.000000 1.000000 0.000000 -0.000000 1.000000 0.000000 -0.000000 1.000000 0.000000 -0.000000 1.000000 0.000000 -0.000000 1.000000 0.000000 -0.000000 1.000000 0.000000 -0.000000 1.000000 0.000000 -0.000000 1.000000 0.000000 -0.000000 1.000000 0.000000 -0.000000 1.000000 0.000000 -0.000000 1.000000 0.000000 -0.000000 1.000000 0.000000 -0.000000 1.000000 0.000000 -0.000000 1.000000 0.000000 -0.000000 1.000000 0.000000 -0.000000 1.000000 0.000000 -0.000000 1.000000 0.000000 -0.000000 1.000000 0.000000 -0.000000 1.000000 0.000000 -0.000000 1.000000 0.000000 -0.000000 1.000000 0.000000 -0.000000 1.000000 0.000000 -0.000000 1.000000 0.000000 -0.000000 1.000000 0.000000 -0.000000 1.000000 0.000000 -0.000000 1.000000 0.000000 -0.000000 1.000000 0.000000 -0.000000 1.000000 0.000000 -0.000000 1.000000 0.000000 -0.000000 1.000000 0.000000 -0.000000 1.000000 0.000000 -0.000000 1.000000 0.000000 -0.000000 1.000000 0.000000 -0.000000 1.000000 0.000000 -0.000000 1.000000 0.000000 -0.000000 1.000000 0.000000 -0.000000 1.000000 0.000000 -0.000000 1.000000 0.000000 -0.000000 1.000000 0.000000 -0.000000 1.000000 0.000000 -0.000000 1.000000 0.000000 -0.000000 1.000000 0.000000 -0.000000 1.000000 0.000000 -0.000000 1.000000 0.000000 -0.000000 1.000000 0.000000 -0.000000 1.000000 0.000000 -0.000000 1.000000 0.000000 -0.000000 1.000000 0.000000 -0.000000 1.000000 0.000000 -0.000000 1.000000 0.000000 -0.000000 1.000000 0.000000 -0.000000 1.000000 0.000000 -0.000000 1.000000 0.000000 -0.000000 1.000000 0.000000 -0.000000 1.000000 0.000000 -0.000000 1.000000 0.000000 -0.000000 1.000000 0.000000 -0.000000 1.000000 0.000000 -0.000000 1.000000 0.000000 -0.000000 1.000000 0.000000 -0.000000 1.000000 0.000000 -0.000000 1.000000 0.000000 -0.000000 1.000000 0.000000 -0.000000 1.000000 0.000000 -0.000000 1.000000 0.000000 -0.000000 1.000000 0.000000 -0.000000 1.000000 0.000000 -0.000000 1.000000 0.000000 -0.000000 1.000000 0.000000 -0.000000 1.000000 0.000000 -0.000000 1.000000 0.000000 -0.000000 1.000000 0.000000 -0.000000 1.000000 0.000000 -0.000000 1.000000 0.000000 -0.000000 1.000000 0.000000 -0.000000 1.000000 0.000000 -0.000000 1.000000 0.000000 -0.000000 1.000000 0.000000 -0.000000 1.000000 0.000000 -0.000000 1.000000 0.000000 -0.000000 1.000000 0.000000 -0.000000 1.000000 0.000000 -0.000000 1.000000 0.000000 -0.000000 1.000000 0.000000 -0.000000 1.000000 0.000000 -0.000000 1.000000 0.000000 -0.000000 1.000000 0.000000 -0.000000 1.000000 0.000000 -0.000000 1.000000 0.000000 -0.000000 1.000000 0.000000 -0.000000 1.000000 0.000000 -0.000000 1.000000 0.000000 -0.000000 1.000000 0.000000 -0.000000 1.000000 0.000000 -0.000000 1.000000 0.000000 -0.000000 1.000000 0.000000 -0.000000 1.000000 0.000000 -0.000000 1.000000 0.000000 -0.000000 1.000000 0.000000 -0.000000 1.000000 0.000000 -0.000000 1.000000 0.000000 -0.000000 1.000000 0.000000 -0.000000 1.000000 0.000000 -0.000000 1.000000 0.000000 -0.000000 1.000000 0.000000 -0.000000 1.000000 0.000000 -0.000000 1.000000 0.000000 -0.000000 1.000000 0.000000 -0.000000 1.000000 0.000000 -0.000000 1.000000 0.000000 -0.000000 1.000000 0.000000 -0.000000 1.000000 0.000000 -0.000000 1.000000 0.000000 -0.000000 1.000000 0.000000 -0.000000 1.000000 0.000000 -0.000000 1.000000 0.000000 -0.000000 1.000000 0.000000 -0.000000 1.000000 0.000000 -0.000000 1.000000 0.000000 -0.000000 1.000000 0.000000 -0.000000 1.000000 0.000000 -0.000000 1.000000 0.000000 -0.000000 1.000000 0.000000 -0.000000 1.000000 0.000000 -0.000000 1.000000 0.000000 -0.000000 1.000000 0.000000 -0.000000 1.000000 0.000000 -0.000000 1.000000 0.000000 -0.000000 1.000000 0.000000 -0.000000 1.000000 0.000000 -0.000000 1.000000 0.000000 -0.000000 1.000000 0.000000 -0.000000 1.000000 0.000000 -0.000000 1.000000 0.000000 0.951056 0.000000 0.309017 0.951056 0.000000 0.309017 0.951056 0.000000 0.309017 0.951056 0.000000 0.309017 0.844328 0.000000 0.535826 0.844328 0.000000 0.535826 0.844328 0.000000 0.535826 0.844328 0.000000 0.535826 0.684547 -0.000000 0.728969 0.684547 -0.000000 0.728969 0.684547 -0.000000 0.728969 0.684547 -0.000000 0.728969 0.481754 -0.000000 0.876307 0.481754 -0.000000 0.876307 0.481754 -0.000000 0.876307 0.481754 -0.000000 0.876307 0.248690 -0.000000 0.968583 0.248690 -0.000000 0.968583 0.248690 -0.000000 0.968583 0.248690 -0.000000 0.968583 0.000000 -0.000000 1.000000 0.000000 -0.000000 1.000000 0.000000 -0.000000 1.000000 0.000000 -0.000000 1.000000 -0.248689 -0.000000 0.968583 -0.248689 -0.000000 0.968583 -0.248689 -0.000000 0.968583 -0.248689 -0.000000 0.968583 -0.481754 -0.000000 0.876307 -0.481754 -0.000000 0.876307 -0.481754 -0.000000 0.876307 -0.481754 -0.000000 0.876307 -0.684547 -0.000000 0.728968 -0.684547 -0.000000 0.728968 -0.684547 -0.000000 0.728968 -0.684547 -0.000000 0.728968 -0.844328 -0.000000 0.535827 -0.844328 -0.000000 0.535827 -0.844328 -0.000000 0.535827 -0.844328 -0.000000 0.535827 -0.951056 -0.000000 0.309017 -0.951056 -0.000000 0.309017 -0.951056 -0.000000 0.309017 -0.951056 -0.000000 0.309017 -0.998027 -0.000000 0.062790 -0.998027 -0.000000 0.062790 -0.998027 -0.000000 0.062790 -0.998027 -0.000000 0.062790 -0.982287 -0.000000 -0.187381 -0.982287 -0.000000 -0.187381 -0.982287 -0.000000 -0.187381 -0.982287 -0.000000 -0.187381 -0.904827 -0.000000 -0.425779 -0.904827 -0.000000 -0.425779 -0.904827 -0.000000 -0.425779 -0.904827 -0.000000 -0.425779 -0.770513 -0.000000 -0.637424 -0.770513 -0.000000 -0.637424 -0.770513 -0.000000 -0.637424 -0.770513 -0.000000 -0.637424 -0.587785 0.000000 -0.809017 -0.587785 0.000000 -0.809017 -0.587785 0.000000 -0.809017 -0.587785 0.000000 -0.809017 -0.368125 0.000000 -0.929777 -0.368125 0.000000 -0.929777 -0.368125 0.000000 -0.929777 -0.368125 0.000000 -0.929777 -0.125334 0.000000 -0.992115 -0.125334 0.000000 -0.992115 -0.125334 0.000000 -0.992115 -0.125334 0.000000 -0.992115 0.125334 0.000000 -0.992115 0.125334 0.000000 -0.992115 0.125334 0.000000 -0.992115 0.125334 0.000000 -0.992115 0.368124 0.000000 -0.929777 0.368124 0.000000 -0.929777 0.368124 0.000000 -0.929777 0.368124 0.000000 -0.929777 0.587785 0.000000 -0.809017 0.587785 0.000000 -0.809017 0.587785 0.000000 -0.809017 0.587785 0.000000 -0.809017 0.770514 0.000000 -0.637424 0.770514 0.000000 -0.637424 0.770514 0.000000 -0.637424 0.770514 0.000000 -0.637424 0.904827 0.000000 -0.425780 0.904827 0.000000 -0.425780 0.904827 0.000000 -0.425780 0.904827 0.000000 -0.425780 0.982287 0.000000 -0.187381 0.982287 0.000000 -0.187381 0.982287 0.000000 -0.187381 0.982287 0.000000 -0.187381 0.998027 0.000000 0.062791 0.998027 0.000000 0.062791 0.998027 0.000000 0.062791 0.998027 0.000000 0.062791 0.126259 -0.707107 -0.695743 0.076754 -0.707107 -0.702929 0.000000 -0.707107 -0.707107 0.051266 -0.707107 -0.705246 0.025117 -0.707107 -0.706661 0.248460 -0.707107 -0.662018 0.225043 -0.707107 -0.670340 0.167727 -0.707107 -0.686926 0.151412 -0.707107 -0.690705 0.362675 -0.707107 -0.607015 0.271378 -0.707107 -0.652958 0.249154 -0.707107 -0.661757 0.465233 -0.707107 -0.532502 0.425237 -0.707107 -0.564955 0.405899 -0.707107 -0.579004 0.384680 -0.707107 -0.593314 0.552838 -0.707107 -0.440874 0.537140 -0.707107 -0.459871 0.520145 -0.707107 -0.479008 0.490118 -0.707107 -0.509690 0.502052 -0.707107 -0.497939 0.622675 -0.707107 -0.335076 0.592501 -0.707107 -0.385930 0.567989 -0.707107 -0.421175 0.552376 -0.707107 -0.441454 0.672498 -0.707107 -0.218508 0.644806 -0.707107 -0.290215 0.634630 -0.707107 -0.311842 0.622928 -0.707107 -0.334604 0.700707 -0.707107 -0.094917 0.692244 -0.707107 -0.144219 0.686571 -0.707107 -0.169176 0.679836 -0.707107 -0.194483 0.706395 -0.707107 0.031724 0.707073 -0.707107 0.006883 0.705136 -0.707107 -0.052754 0.703689 -0.707107 -0.069439 0.689378 -0.707107 0.157346 0.704860 -0.707107 0.056320 0.706361 -0.707107 0.032466 0.650205 -0.707107 0.277911 0.668709 -0.707107 0.229843 0.676096 -0.707107 0.207111 0.683147 -0.707107 0.182508 0.590132 -0.707107 0.389543 0.603348 -0.707107 0.368742 0.616298 -0.707107 0.346666 0.636199 -0.707107 0.308627 0.628712 -0.707107 0.323608 0.511093 -0.707107 0.488655 0.550135 -0.707107 0.444244 0.576079 -0.707107 0.410039 0.590541 -0.707107 0.388924 0.415627 -0.707107 0.572061 0.475267 -0.707107 0.523566 0.492691 -0.707107 0.507204 0.510723 -0.707107 0.489042 0.306802 -0.707107 0.637082 0.351076 -0.707107 0.613797 0.373058 -0.707107 0.600689 0.395044 -0.707107 0.586464 0.188116 -0.707107 0.681625 0.211953 -0.707107 0.674593 0.268071 -0.707107 0.654323 0.283492 -0.707107 0.647790 0.063385 -0.707107 0.704260 0.164249 -0.707107 0.687766 0.187401 -0.707107 0.681822 -0.063385 -0.707107 0.704260 -0.011951 -0.707107 0.707005 0.011951 -0.707107 0.707006 0.037529 -0.707107 0.706110 -0.188117 -0.707107 0.681625 -0.164250 -0.707107 0.687766 -0.139253 -0.707107 0.693260 -0.096926 -0.707107 0.700433 -0.113487 -0.707107 0.697940 -0.306802 -0.707107 0.637081 -0.252499 -0.707107 0.660488 -0.211953 -0.707107 0.674594 -0.187401 -0.707107 0.681822 -0.415627 -0.707107 0.572061 -0.351075 -0.707107 0.613796 -0.330130 -0.707107 0.625312 -0.307285 -0.707107 0.636848 -0.511093 -0.707107 0.488655 -0.475267 -0.707107 0.523566 -0.456009 -0.707107 0.540423 -0.435685 -0.707107 0.556937 -0.590132 -0.707107 0.389543 -0.576079 -0.707107 0.410040 -0.539459 -0.707107 0.457147 -0.528481 -0.707107 0.469795 -0.650205 -0.707107 0.277911 -0.603348 -0.707107 0.368742 -0.590542 -0.707107 0.388923 -0.689378 -0.707107 0.157346 -0.676096 -0.707107 0.207111 -0.668710 -0.707107 0.229843 -0.659954 -0.707107 0.253892 -0.706395 -0.707107 0.031725 -0.704860 -0.707107 0.056320 -0.702360 -0.707107 0.081792 -0.696102 -0.707107 0.124263 -0.698850 -0.707107 0.107743 -0.700707 -0.707107 -0.094917 -0.706188 -0.707107 -0.036040 -0.707073 -0.707107 0.006882 -0.706361 -0.707107 0.032466 -0.672499 -0.707107 -0.218508 -0.692243 -0.707107 -0.144219 -0.696722 -0.707107 -0.120741 -0.700635 -0.707107 -0.095448 -0.622675 -0.707107 -0.335076 -0.644806 -0.707107 -0.290215 -0.654886 -0.707107 -0.266690 -0.664313 -0.707107 -0.242258 -0.552839 -0.707107 -0.440874 -0.567989 -0.707107 -0.421175 -0.601475 -0.707107 -0.371790 -0.610112 -0.707107 -0.357441 -0.465233 -0.707107 -0.532502 -0.537139 -0.707107 -0.459870 -0.552376 -0.707107 -0.441454 -0.362674 -0.707107 -0.607015 -0.405899 -0.707107 -0.579005 -0.425236 -0.707107 -0.564955 -0.445402 -0.707107 -0.549196 -0.248459 -0.707107 -0.662018 -0.271378 -0.707107 -0.652958 -0.294830 -0.707107 -0.642710 -0.333289 -0.707107 -0.623633 -0.318427 -0.707107 -0.631352 -0.126258 -0.707107 -0.695743 -0.183949 -0.707107 -0.682762 -0.225043 -0.707107 -0.670340 -0.249154 -0.707107 -0.661756 -0.076755 -0.707107 -0.702928 -0.100468 -0.707107 -0.699933 -0.125732 -0.707107 -0.695839 0.008374 -0.707107 -0.707057 -0.008374 -0.707107 -0.707057 -0.025116 -0.707107 -0.706661 -0.051267 -0.707107 -0.705246 -0.151412 -0.707107 -0.690706 -0.167727 -0.707107 -0.686926 -0.200068 -0.707107 -0.678214 -0.347966 -0.707107 -0.615565 -0.362446 -0.707107 -0.607151 -0.384680 -0.707107 -0.593314 -0.465433 -0.707107 -0.532327 -0.477909 -0.707107 -0.521155 -0.490119 -0.707107 -0.509691 -0.502051 -0.707107 -0.497940 -0.520145 -0.707107 -0.479008 -0.583195 -0.707107 -0.399854 -0.592501 -0.707107 -0.385930 -0.622929 -0.707107 -0.334604 -0.634629 -0.707107 -0.311842 -0.669863 -0.707107 -0.226457 -0.675039 -0.707107 -0.210528 -0.679836 -0.707107 -0.194483 -0.686571 -0.707107 -0.169176 -0.703689 -0.707107 -0.069439 -0.705136 -0.707107 -0.052754 -0.706843 -0.707107 -0.019304 -0.692964 -0.707107 0.140715 -0.689437 -0.707107 0.157087 -0.683147 -0.707107 0.182508 -0.650100 -0.707107 0.278155 -0.643330 -0.707107 0.293474 -0.636199 -0.707107 0.308627 -0.628712 -0.707107 0.323608 -0.616297 -0.707107 0.346666 -0.560502 -0.707107 0.431089 -0.550135 -0.707107 0.444243 -0.510723 -0.707107 0.489041 -0.492691 -0.707107 0.507204 -0.422372 -0.707107 0.567099 -0.408823 -0.707107 0.576944 -0.395044 -0.707107 0.586464 -0.373058 -0.707107 0.600689 -0.283492 -0.707107 0.647790 -0.268071 -0.707107 0.654323 -0.236786 -0.707107 0.666282 -0.080310 -0.707107 0.702531 -0.063649 -0.707107 0.704237 -0.037529 -0.707107 0.706110 0.063649 -0.707107 0.704236 0.080309 -0.707107 0.702531 0.096925 -0.707107 0.700433 0.113487 -0.707107 0.697940 0.139252 -0.707107 0.693260 0.236785 -0.707107 0.666283 0.252499 -0.707107 0.660487 0.307284 -0.707107 0.636849 0.330130 -0.707107 0.625312 0.408823 -0.707107 0.576943 0.422373 -0.707107 0.567099 0.435685 -0.707107 0.556937 0.456008 -0.707107 0.540422 0.528481 -0.707107 0.469795 0.539459 -0.707107 0.457148 0.560501 -0.707107 0.431090 0.643330 -0.707107 0.293473 0.650100 -0.707107 0.278155 0.659954 -0.707107 0.253892 0.689437 -0.707107 0.157087 0.692964 -0.707107 0.140715 0.696103 -0.707107 0.124264 0.698850 -0.707107 0.107743 0.702360 -0.707107 0.081792 0.706844 -0.707107 -0.019304 0.706188 -0.707107 -0.036039 0.700635 -0.707107 -0.095448 0.696722 -0.707107 -0.120740 0.675039 -0.707107 -0.210529 0.669864 -0.707107 -0.226457 0.664313 -0.707107 -0.242257 0.654886 -0.707107 -0.266690 0.610111 -0.707107 -0.357441 0.601475 -0.707107 -0.371790 0.583195 -0.707107 -0.399855 0.477909 -0.707107 -0.521155 0.465433 -0.707107 -0.532327 0.445402 -0.707107 -0.549196 0.362446 -0.707107 -0.607151 0.347966 -0.707107 -0.615564 0.333290 -0.707107 -0.623633 0.318427 -0.707107 -0.631351 0.294830 -0.707107 -0.642710 0.200068 -0.707107 -0.678213 0.183948 -0.707107 -0.682761 0.125732 -0.707107 -0.695839 0.100468 -0.707107 -0.699933 0.000000 -1.000000 -0.000000 0.000000 -1.000000 -0.000000 0.000000 -1.000000 -0.000000 0.000000 -1.000000 -0.000000 0.000000 -1.000000 -0.000000 0.000000 -1.000000 -0.000000 0.000000 -1.000000 -0.000000 0.000000 -1.000000 -0.000000 0.000000 -1.000000 -0.000000 0.000000 -1.000000 -0.000000 0.000000 -1.000000 -0.000000 0.000000 -1.000000 -0.000000 0.000000 -1.000000 -0.000000 0.000000 -1.000000 -0.000000 0.000000 -1.000000 -0.000000 0.000000 -1.000000 -0.000000 0.000000 -1.000000 -0.000000 0.000000 -1.000000 -0.000000 0.000000 -1.000000 -0.000000 0.000000 -1.000000 -0.000000 0.000000 -1.000000 -0.000000 0.000000 -1.000000 -0.000000 0.000000 -1.000000 -0.000000 0.000000 -1.000000 -0.000000 0.000000 -1.000000 -0.000000 0.000000 -1.000000 -0.000000 0.000000 -1.000000 -0.000000 0.000000 -1.000000 -0.000000 0.000000 -1.000000 -0.000000 0.000000 -1.000000 -0.000000 0.000000 -1.000000 -0.000000 0.000000 -1.000000 -0.000000 0.000000 -1.000000 -0.000000 0.000000 -1.000000 -0.000000 0.000000 -1.000000 -0.000000 0.000000 -1.000000 -0.000000 0.000000 -1.000000 -0.000000 0.000000 -1.000000 -0.000000 0.000000 -1.000000 -0.000000 0.000000 -1.000000 -0.000000 0.000000 -1.000000 -0.000000 0.000000 -1.000000 -0.000000 0.000000 -1.000000 -0.000000 0.000000 -1.000000 -0.000000 0.000000 -1.000000 -0.000000 0.000000 -1.000000 -0.000000 0.000000 -1.000000 -0.000000 0.000000 -1.000000 -0.000000 0.000000 -1.000000 -0.000000 0.000000 -1.000000 -0.000000 0.000000 -1.000000 -0.000000 0.000000 -1.000000 -0.000000 0.000000 -1.000000 -0.000000 0.000000 -1.000000 -0.000000 0.000000 -1.000000 -0.000000 0.000000 -1.000000 -0.000000 0.000000 -1.000000 -0.000000 0.000000 -1.000000 -0.000000 0.000000 -1.000000 -0.000000 0.000000 -1.000000 -0.000000 0.000000 -1.000000 -0.000000 0.983929 0.000000 0.178557 0.983929 0.000000 0.178557 1.000000 0.000000 -0.000000 1.000000 0.000000 -0.000000 0.983930 0.000000 -0.178557 0.983930 0.000000 -0.178557 0.936235 0.000000 -0.351375 0.936235 0.000000 -0.351375 0.858449 0.000000 -0.512899 0.858449 0.000000 -0.512899 0.753072 0.000000 -0.657938 0.753072 0.000000 -0.657938 0.623490 0.000000 -0.781831 0.623490 0.000000 -0.781831 0.473869 0.000000 -0.880596 0.473869 0.000000 -0.880596 0.309017 0.000000 -0.951056 0.309017 0.000000 -0.951056 0.134233 0.000000 -0.990949 0.134233 0.000000 -0.990949 -0.044865 0.000000 -0.998993 -0.044865 0.000000 -0.998993 -0.222521 0.000000 -0.974928 -0.222521 0.000000 -0.974928 -0.393025 0.000000 -0.919528 -0.393025 0.000000 -0.919528 -0.550897 0.000000 -0.834573 -0.550897 0.000000 -0.834573 -0.691062 0.000000 -0.722795 -0.691062 0.000000 -0.722795 -0.809017 -0.000000 -0.587785 -0.809017 -0.000000 -0.587785 -0.900969 -0.000000 -0.433884 -0.900969 -0.000000 -0.433884 -0.963963 -0.000000 -0.266037 -0.963963 -0.000000 -0.266037 -0.995974 -0.000000 -0.089640 -0.995974 -0.000000 -0.089640 -0.995975 -0.000000 0.089639 -0.995975 -0.000000 0.089639 -0.963963 -0.000000 0.266036 -0.963963 -0.000000 0.266036 -0.900969 -0.000000 0.433884 -0.900969 -0.000000 0.433884 -0.809017 -0.000000 0.587785 -0.809017 -0.000000 0.587785 -0.691062 -0.000000 0.722795 -0.691062 -0.000000 0.722795 -0.550897 -0.000000 0.834573 -0.550897 -0.000000 0.834573 -0.393025 -0.000000 0.919527 -0.393025 -0.000000 0.919527 -0.222521 -0.000000 0.974928 -0.222521 -0.000000 0.974928 -0.044865 -0.000000 0.998993 -0.044865 -0.000000 0.998993 0.134234 -0.000000 0.990950 0.134234 -0.000000 0.990950 0.309017 -0.000000 0.951056 0.309017 -0.000000 0.951056 0.473868 -0.000000 0.880595 0.473868 -0.000000 0.880595 0.623490 -0.000000 0.781832 0.623490 -0.000000 0.781832 0.753072 0.000000 0.657938 0.753072 0.000000 0.657938 0.858449 0.000000 0.512900 0.858449 0.000000 0.512900 0.936235 0.000000 0.351375 0.936235 0.000000 0.351375 -0.000000 1.000000 0.000000 -0.000000 1.000000 0.000000 -0.000000 1.000000 0.000000 -0.000000 1.000000 0.000000 -0.000000 1.000000 0.000000 -0.000000 1.000000 0.000000 -0.000000 1.000000 0.000000 -0.000000 1.000000 0.000000 -0.000000 1.000000 0.000000 -0.000000 1.000000 0.000000 -0.000000 1.000000 0.000000 -0.000000 1.000000 0.000000 -0.000000 1.000000 0.000000 -0.000000 1.000000 0.000000 -0.000000 1.000000 0.000000 -0.000000 1.000000 0.000000 -0.000000 1.000000 0.000000 -0.000000 1.000000 0.000000 -0.000000 1.000000 0.000000 -0.000000 1.000000 0.000000 -0.000000 1.000000 0.000000 -0.000000 1.000000 0.000000 -0.000000 1.000000 0.000000 -0.000000 1.000000 0.000000 -0.000000 1.000000 0.000000 -0.000000 1.000000 0.000000 -0.000000 1.000000 0.000000 -0.000000 1.000000 0.000000 -0.000000 1.000000 0.000000 -0.000000 1.000000 0.000000 -0.000000 1.000000 0.000000 -0.000000 1.000000 0.000000 -0.000000 1.000000 0.000000 -0.000000 1.000000 0.000000 -0.000000 1.000000 0.000000 -0.000000 1.000000 0.000000 -0.000000 1.000000 0.000000 -0.000000 1.000000 0.000000 -0.000000 1.000000 0.000000 -0.000000 1.000000 0.000000 -0.000000 1.000000 0.000000 -0.000000 1.000000 0.000000 -0.000000 1.000000 0.000000 -0.000000 1.000000 0.000000 -0.000000 1.000000 0.000000 -0.000000 1.000000 0.000000 -0.000000 1.000000 0.000000 -0.000000 1.000000 0.000000 -0.000000 1.000000 0.000000 -0.000000 1.000000 0.000000 -0.000000 1.000000 0.000000 -0.000000 1.000000 0.000000 -0.000000 1.000000 0.000000 -0.000000 1.000000 0.000000 -0.000000 1.000000 0.000000 -0.000000 1.000000 0.000000 -0.000000 1.000000 0.000000 -0.000000 1.000000 0.000000 -0.000000 1.000000 0.000000 -0.000000 1.000000 0.000000 -0.000000 1.000000 0.000000 -0.000000 1.000000 0.000000 -0.000000 1.000000 0.000000 -0.000000 1.000000 0.000000 -0.000000 1.000000 0.000000 -0.000000 1.000000 0.000000 -0.000000 1.000000 0.000000 -0.000000 1.000000 0.000000 -0.000000 1.000000 0.000000 -0.000000 1.000000 0.000000 -0.000000 1.000000 0.000000 -0.000000 1.000000 0.000000 -0.000000 1.000000 0.000000 -0.000000 1.000000 0.000000 -0.000000 1.000000 0.000000 -0.000000 1.000000 0.000000 -0.000000 1.000000 0.000000 -0.000000 1.000000 0.000000 -0.000000 1.000000 0.000000 -0.000000 1.000000 0.000000 -0.000000 1.000000 0.000000 -0.000000 1.000000 0.000000 -0.000000 1.000000 0.000000 -0.000000 1.000000 0.000000 -0.000000 1.000000 0.000000 -0.000000 1.000000 0.000000 -0.000000 1.000000 0.000000 -0.000000 1.000000 0.000000 -0.000000 1.000000 0.000000 -0.000000 1.000000 0.000000 -0.000000 1.000000 0.000000 -0.000000 1.000000 0.000000 -0.000000 1.000000 0.000000 -0.000000 1.000000 0.000000 -0.000000 1.000000 0.000000 -0.000000 1.000000 0.000000 -0.000000 1.000000 0.000000 -0.000000 1.000000 0.000000 -0.000000 1.000000 0.000000 -0.000000 1.000000 0.000000 -0.000000 1.000000 0.000000 -0.000000 1.000000 0.000000 -0.000000 1.000000 0.000000 -0.000000 1.000000 0.000000 -0.000000 1.000000 0.000000 -0.000000 1.000000 0.000000 -0.000000 1.000000 0.000000 -0.000000 1.000000 0.000000 -0.000000 1.000000 0.000000 -0.000000 1.000000 0.000000 -0.000000 1.000000 0.000000 -0.000000 1.000000 0.000000 -0.000000 1.000000 0.000000 -0.000000 1.000000 0.000000 -0.000000 1.000000 0.000000 -0.000000 1.000000 0.000000 -0.000000 1.000000 0.000000 -0.000000 1.000000 0.000000 -0.000000 1.000000 0.000000 -0.000000 1.000000 0.000000 -0.000000 1.000000 0.000000 -0.000000 1.000000 0.000000 -0.000000 1.000000 0.000000 -0.000000 1.000000 0.000000 -0.000000 1.000000 0.000000 -0.000000 1.000000 0.000000 -0.000000 1.000000 0.000000 -0.000000 1.000000 0.000000 -0.000000 1.000000 0.000000 -0.000000 1.000000 0.000000 -0.000000 1.000000 0.000000 -0.000000 1.000000 0.000000 -0.000000 1.000000 0.000000 -0.000000 1.000000 0.000000 -0.000000 1.000000 0.000000 -0.000000 1.000000 0.000000 -0.000000 1.000000 0.000000 -0.000000 1.000000 0.000000 -0.000000 1.000000 0.000000 -0.000000 1.000000 0.000000 -0.000000 1.000000 0.000000 -0.000000 1.000000 0.000000 -0.000000 1.000000 0.000000 -0.000000 1.000000 0.000000 -0.000000 1.000000 0.000000 -0.000000 1.000000 0.000000 -0.000000 1.000000 0.000000 -0.000000 1.000000 0.000000 -0.000000 1.000000 0.000000 -0.000000 1.000000 0.000000 -0.000000 1.000000 0.000000 -0.000000 1.000000 0.000000 -0.000000 1.000000 0.000000 -0.000000 1.000000 0.000000 -0.000000 1.000000 0.000000 -0.000000 1.000000 0.000000 -0.000000 1.000000 0.000000 -0.000000 1.000000 0.000000 -0.000000 1.000000 0.000000 -0.000000 1.000000 0.000000 -0.000000 1.000000 0.000000 -0.000000 1.000000 0.000000 -0.000000 1.000000 0.000000 -0.000000 1.000000 0.000000 -0.000000 1.000000 0.000000 -0.000000 1.000000 0.000000 -0.000000 1.000000 0.000000 -0.000000 1.000000 0.000000 -0.000000 1.000000 0.000000 -0.000000 1.000000 0.000000 -0.000000 1.000000 0.000000 -0.000000 1.000000 0.000000 -0.000000 1.000000 0.000000 -0.000000 1.000000 0.000000 -0.000000 1.000000 0.000000 -0.000000 1.000000 0.000000 -0.000000 1.000000 0.000000 -0.000000 1.000000 0.000000 -0.000000 1.000000 0.000000 -0.000000 1.000000 0.000000 -0.000000 1.000000 0.000000 -0.000000 1.000000 0.000000 -0.000000 1.000000 0.000000 -0.000000 1.000000 0.000000 -0.000000 1.000000 0.000000 -0.963163 -0.000000 -0.268919 -0.963163 -0.000000 -0.268919 -0.963163 -0.000000 -0.268919 -0.963163 -0.000000 -0.268919 -0.963163 -0.000000 -0.268919 -0.214128 0.000000 -0.976805 -0.214128 0.000000 -0.976805 -0.237202 0.000000 -0.971460 -0.237202 0.000000 -0.971460 -0.260143 0.000000 -0.965570 -0.260143 0.000000 -0.965570 -0.282937 0.000000 -0.959139 -0.282937 0.000000 -0.959139 0.866025 0.000000 -0.500000 0.866025 0.000000 -0.500000 0.866025 0.000000 -0.500000 0.866025 0.000000 -0.500000 0.866025 0.000000 -0.500000 -0.035520 0.000000 -0.999369 -0.035520 0.000000 -0.999369 -0.011842 0.000000 -0.999929 -0.011842 0.000000 -0.999929 0.011842 0.000000 -0.999930 0.011842 0.000000 -0.999930 0.035520 0.000000 -0.999369 0.035520 0.000000 -0.999369 -0.866025 -0.000000 -0.500000 -0.866025 -0.000000 -0.500000 -0.866025 -0.000000 -0.500000 -0.866025 -0.000000 -0.500000 -0.866025 -0.000000 -0.500000 0.963163 0.000000 -0.268920 0.963163 0.000000 -0.268920 0.963163 0.000000 -0.268920 0.963163 0.000000 -0.268920 0.963163 0.000000 -0.268920 0.282938 0.000000 -0.959138 0.282938 0.000000 -0.959138 0.260143 0.000000 -0.965571 0.260143 0.000000 -0.965571 0.237202 0.000000 -0.971460 0.237202 0.000000 -0.971460 0.214128 0.000000 -0.976806 0.214128 0.000000 -0.976806 -0.714473 0.000000 -0.699664 -0.714473 0.000000 -0.699664 -0.714473 0.000000 -0.699664 -0.714473 0.000000 -0.699664 -0.714473 0.000000 -0.699664 0.999781 0.000000 -0.020942 0.999781 0.000000 -0.020942 0.999781 0.000000 -0.020942 0.999781 0.000000 -0.020942 0.999781 0.000000 -0.020942 0.512576 0.000000 -0.858642 0.512576 0.000000 -0.858642 0.492097 0.000000 -0.870540 0.492097 0.000000 -0.870540 0.471342 0.000000 -0.881951 0.471342 0.000000 -0.881951 0.450323 0.000000 -0.892866 0.450323 0.000000 -0.892866 -0.518027 0.000000 -0.855364 -0.518027 0.000000 -0.855364 -0.518027 0.000000 -0.855364 -0.518027 0.000000 -0.855364 -0.518027 0.000000 -0.855364 0.973579 0.000000 0.228351 0.973579 0.000000 0.228351 0.973579 0.000000 0.228351 0.973579 0.000000 0.228351 0.973579 0.000000 0.228351 0.710008 0.000000 -0.704193 0.710008 0.000000 -0.704193 0.693132 0.000000 -0.720811 0.693132 0.000000 -0.720811 0.675866 0.000000 -0.737025 0.675866 0.000000 -0.737025 0.658222 0.000000 -0.752824 0.658222 0.000000 -0.752824 -0.289031 0.000000 -0.957320 -0.289031 0.000000 -0.957320 -0.289031 0.000000 -0.957320 -0.289031 0.000000 -0.957320 -0.289031 0.000000 -0.957320 0.886204 0.000000 0.463296 0.886204 0.000000 0.463296 0.886204 0.000000 0.463296 0.886204 0.000000 0.463296 0.886204 0.000000 0.463296 0.862828 0.000000 -0.505497 0.862828 0.000000 -0.505497 0.850615 0.000000 -0.525790 0.850615 0.000000 -0.525790 0.837923 0.000000 -0.545788 0.837923 0.000000 -0.545788 0.824762 0.000000 -0.565480 0.824762 0.000000 -0.565480 -0.041875 0.000000 -0.999123 -0.041875 0.000000 -0.999123 -0.041875 0.000000 -0.999123 -0.041875 0.000000 -0.999123 -0.041875 0.000000 -0.999123 0.743144 0.000000 0.669131 0.743144 0.000000 0.669131 0.743144 0.000000 0.669131 0.743144 0.000000 0.669131 0.743144 0.000000 0.669131 0.961433 0.000000 -0.275040 0.961433 0.000000 -0.275040 0.954650 0.000000 -0.297733 0.954650 0.000000 -0.297733 0.947331 0.000000 -0.320258 0.947331 0.000000 -0.320258 0.939480 0.000000 -0.342604 0.939480 0.000000 -0.342604 0.207912 0.000000 -0.978147 0.207912 0.000000 -0.978147 0.207912 0.000000 -0.978147 0.207912 0.000000 -0.978147 0.207912 0.000000 -0.978147 0.553391 -0.000000 0.832921 0.553391 -0.000000 0.832921 0.553391 -0.000000 0.832921 0.553391 -0.000000 0.832921 0.553391 -0.000000 0.832921 0.999628 0.000000 -0.027300 0.999628 0.000000 -0.027300 0.998700 0.000000 -0.050967 0.998700 0.000000 -0.050967 0.997213 0.000000 -0.074606 0.997213 0.000000 -0.074606 0.995167 0.000000 -0.098202 0.995167 0.000000 -0.098202 0.444636 0.000000 -0.895712 0.444636 0.000000 -0.895712 0.444636 0.000000 -0.895712 0.444636 0.000000 -0.895712 0.444636 0.000000 -0.895712 0.328867 -0.000000 0.944377 0.328867 -0.000000 0.944377 0.328867 -0.000000 0.944377 0.328867 -0.000000 0.944377 0.328867 -0.000000 0.944377 0.975011 0.000000 0.222155 0.975011 0.000000 0.222155 0.979999 0.000000 0.199001 0.979999 0.000000 0.199001 0.984437 0.000000 0.175736 0.984437 0.000000 0.175736 0.988324 0.000000 0.152371 0.988324 0.000000 0.152371 0.653421 0.000000 -0.756995 0.653421 0.000000 -0.756995 0.653421 0.000000 -0.756995 0.653421 0.000000 -0.756995 0.653421 0.000000 -0.756995 0.083678 -0.000000 0.996493 0.083678 -0.000000 0.996493 0.083678 -0.000000 0.996493 0.083678 -0.000000 0.996493 0.083678 -0.000000 0.996493 0.889132 0.000000 0.457651 0.889132 0.000000 0.457651 0.899721 0.000000 0.436465 0.899721 0.000000 0.436464 0.909806 0.000000 0.415034 0.909806 0.000000 0.415034 0.919380 0.000000 0.393371 0.919380 0.000000 0.393371 0.821149 0.000000 -0.570714 0.821149 0.000000 -0.570714 0.821149 0.000000 -0.570714 0.821149 0.000000 -0.570714 0.821149 0.000000 -0.570714 -0.166769 -0.000000 0.985996 -0.166769 -0.000000 0.985996 -0.166769 -0.000000 0.985996 -0.166769 -0.000000 0.985996 -0.166769 -0.000000 0.985996 0.747385 0.000000 0.664391 0.747385 0.000000 0.664391 0.762910 0.000000 0.646504 0.762910 0.000000 0.646504 0.778008 0.000000 0.628254 0.778008 0.000000 0.628254 0.792669 0.000000 0.609653 0.792669 0.000000 0.609653 0.937282 0.000000 -0.348572 0.937282 0.000000 -0.348572 0.937282 0.000000 -0.348572 0.937282 0.000000 -0.348572 0.937282 0.000000 -0.348572 -0.406737 -0.000000 0.913546 -0.406737 -0.000000 0.913546 -0.406737 -0.000000 0.913546 -0.406737 -0.000000 0.913546 -0.406737 -0.000000 0.913546 0.558677 -0.000000 0.829385 0.558677 -0.000000 0.829385 0.578163 -0.000000 0.815921 0.578163 -0.000000 0.815921 0.597325 -0.000000 0.801999 0.597325 -0.000000 0.801999 0.616151 -0.000000 0.787628 0.616151 -0.000000 0.787628 0.994522 0.000000 -0.104528 0.994522 0.000000 -0.104528 0.994522 0.000000 -0.104528 0.994522 0.000000 -0.104528 0.994522 0.000000 -0.104528 -0.621147 -0.000000 0.783694 -0.621147 -0.000000 0.783694 -0.621147 -0.000000 0.783694 -0.621147 -0.000000 0.783694 -0.621147 -0.000000 0.783694 0.334866 -0.000000 0.942266 0.334866 -0.000000 0.942266 0.357088 -0.000000 0.934070 0.357088 -0.000000 0.934070 0.379110 -0.000000 0.925352 0.379110 -0.000000 0.925352 0.400919 -0.000000 0.916114 0.400919 -0.000000 0.916114 0.989272 0.000000 0.146083 0.989272 0.000000 0.146083 0.989272 0.000000 0.146083 0.989272 0.000000 0.146083 0.989272 0.000000 0.146083 -0.796530 -0.000000 0.604599 -0.796530 -0.000000 0.604599 -0.796530 -0.000000 0.604599 -0.796530 -0.000000 0.604599 -0.796530 -0.000000 0.604599 0.090013 -0.000000 0.995941 0.090013 -0.000000 0.995941 0.113575 -0.000000 0.993530 0.113575 -0.000000 0.993530 0.137073 -0.000000 0.990560 0.137074 -0.000000 0.990561 0.160495 -0.000000 0.987037 0.160495 -0.000000 0.987037 0.921864 0.000000 0.387516 0.921864 0.000000 0.387516 0.921864 0.000000 0.387516 0.921864 0.000000 0.387516 0.921864 0.000000 0.387516 -0.921863 -0.000000 0.387515 -0.921863 -0.000000 0.387515 -0.921863 -0.000000 0.387515 -0.921863 -0.000000 0.387515 -0.921863 -0.000000 0.387515 -0.160495 -0.000000 0.987037 -0.160495 -0.000000 0.987037 -0.137073 -0.000000 0.990561 -0.137073 -0.000000 0.990561 -0.113575 -0.000000 0.993529 -0.113575 -0.000000 0.993529 -0.090013 -0.000000 0.995941 -0.090013 -0.000000 0.995941 0.796530 0.000000 0.604599 0.796530 0.000000 0.604599 0.796530 0.000000 0.604599 0.796530 0.000000 0.604599 0.796530 0.000000 0.604599 -0.989273 -0.000000 0.146083 -0.989273 -0.000000 0.146083 -0.989273 -0.000000 0.146083 -0.989273 -0.000000 0.146083 -0.989273 -0.000000 0.146083 -0.400919 -0.000000 0.916114 -0.400919 -0.000000 0.916114 -0.379109 -0.000000 0.925351 -0.379110 -0.000000 0.925352 -0.357088 -0.000000 0.934071 -0.357088 -0.000000 0.934071 -0.334866 -0.000000 0.942266 -0.334866 -0.000000 0.942266 0.621147 -0.000000 0.783694 0.621147 -0.000000 0.783694 0.621147 -0.000000 0.783694 0.621147 -0.000000 0.783694 0.621147 -0.000000 0.783694 -0.994522 -0.000000 -0.104528 -0.994522 -0.000000 -0.104528 -0.994522 -0.000000 -0.104528 -0.994522 -0.000000 -0.104528 -0.994522 -0.000000 -0.104528 -0.616152 -0.000000 0.787628 -0.616152 -0.000000 0.787628 -0.597324 -0.000000 0.802000 -0.597324 -0.000000 0.802000 -0.578163 -0.000000 0.815921 -0.578163 -0.000000 0.815921 -0.558677 -0.000000 0.829385 -0.558677 -0.000000 0.829385 0.406737 -0.000000 0.913545 0.406737 -0.000000 0.913545 0.406737 -0.000000 0.913545 0.406737 -0.000000 0.913545 0.406737 -0.000000 0.913545 -0.937282 -0.000000 -0.348572 -0.937282 -0.000000 -0.348572 -0.937282 -0.000000 -0.348572 -0.937282 -0.000000 -0.348572 -0.937282 -0.000000 -0.348572 -0.792669 -0.000000 0.609653 -0.792669 -0.000000 0.609653 -0.778008 -0.000000 0.628255 -0.778008 -0.000000 0.628255 -0.762910 -0.000000 0.646504 -0.762910 -0.000000 0.646504 -0.747385 -0.000000 0.664391 -0.747385 -0.000000 0.664391 0.166768 -0.000000 0.985996 0.166768 -0.000000 0.985996 0.166768 -0.000000 0.985996 0.166768 -0.000000 0.985996 0.166768 -0.000000 0.985996 -0.821149 -0.000000 -0.570714 -0.821149 -0.000000 -0.570714 -0.821149 -0.000000 -0.570714 -0.821149 -0.000000 -0.570714 -0.821149 -0.000000 -0.570714 -0.919380 -0.000000 0.393370 -0.919380 -0.000000 0.393370 -0.909806 -0.000000 0.415034 -0.909806 -0.000000 0.415034 -0.899721 -0.000000 0.436465 -0.899721 -0.000000 0.436465 -0.889132 -0.000000 0.457651 -0.889132 -0.000000 0.457651 -0.083677 -0.000000 0.996493 -0.083677 -0.000000 0.996493 -0.083677 -0.000000 0.996493 -0.083677 -0.000000 0.996493 -0.083677 -0.000000 0.996493 -0.653420 0.000000 -0.756995 -0.653420 0.000000 -0.756995 -0.653420 0.000000 -0.756995 -0.653420 0.000000 -0.756995 -0.653420 0.000000 -0.756995 -0.988324 -0.000000 0.152371 -0.988324 -0.000000 0.152371 -0.984438 -0.000000 0.175735 -0.984438 -0.000000 0.175735 -0.980000 -0.000000 0.199001 -0.980000 -0.000000 0.199001 -0.975011 -0.000000 0.222155 -0.975011 -0.000000 0.222155 -0.328867 -0.000000 0.944376 -0.328867 -0.000000 0.944376 -0.328867 -0.000000 0.944376 -0.328867 -0.000000 0.944376 -0.328867 -0.000000 0.944376 -0.444635 0.000000 -0.895712 -0.444635 0.000000 -0.895712 -0.444635 0.000000 -0.895712 -0.444635 0.000000 -0.895712 -0.444635 0.000000 -0.895712 -0.995166 -0.000000 -0.098201 -0.995166 -0.000000 -0.098201 -0.997213 -0.000000 -0.074606 -0.997213 -0.000000 -0.074606 -0.998700 -0.000000 -0.050967 -0.998700 -0.000000 -0.050967 -0.999627 -0.000000 -0.027300 -0.999627 -0.000000 -0.027300 -0.553392 -0.000000 0.832921 -0.553392 -0.000000 0.832921 -0.553392 -0.000000 0.832921 -0.553392 -0.000000 0.832921 -0.553392 -0.000000 0.832921 -0.207912 0.000000 -0.978148 -0.207912 0.000000 -0.978148 -0.207912 0.000000 -0.978148 -0.207912 0.000000 -0.978148 -0.207912 0.000000 -0.978148 -0.939480 -0.000000 -0.342605 -0.939480 -0.000000 -0.342605 -0.947331 -0.000000 -0.320258 -0.947331 -0.000000 -0.320258 -0.954650 -0.000000 -0.297732 -0.954650 -0.000000 -0.297732 -0.961433 -0.000000 -0.275040 -0.961433 -0.000000 -0.275040 -0.743145 -0.000000 0.669130 -0.743145 -0.000000 0.669130 -0.743145 -0.000000 0.669130 -0.743145 -0.000000 0.669130 -0.743145 -0.000000 0.669130 0.041876 0.000000 -0.999122 0.041876 0.000000 -0.999122 0.041876 0.000000 -0.999122 0.041876 0.000000 -0.999122 0.041876 0.000000 -0.999122 -0.824762 -0.000000 -0.565480 -0.824762 -0.000000 -0.565480 -0.837923 -0.000000 -0.545788 -0.837923 -0.000000 -0.545788 -0.850614 -0.000000 -0.525791 -0.850614 -0.000000 -0.525791 -0.862828 -0.000000 -0.505497 -0.862828 -0.000000 -0.505497 -0.886204 -0.000000 0.463296 -0.886204 -0.000000 0.463296 -0.886204 -0.000000 0.463296 -0.886204 -0.000000 0.463296 -0.886204 -0.000000 0.463296 0.289031 0.000000 -0.957320 0.289031 0.000000 -0.957320 0.289031 0.000000 -0.957320 0.289031 0.000000 -0.957320 0.289031 0.000000 -0.957320 -0.658222 0.000000 -0.752824 -0.658222 0.000000 -0.752824 -0.675866 0.000000 -0.737025 -0.675866 0.000000 -0.737025 -0.693132 0.000000 -0.720810 -0.693132 0.000000 -0.720810 -0.710009 0.000000 -0.704193 -0.710009 0.000000 -0.704193 -0.973579 -0.000000 0.228351 -0.973579 -0.000000 0.228351 -0.973579 -0.000000 0.228351 -0.973579 -0.000000 0.228351 -0.973579 -0.000000 0.228351 0.518027 0.000000 -0.855364 0.518027 0.000000 -0.855364 0.518027 0.000000 -0.855364 0.518027 0.000000 -0.855364 0.518027 0.000000 -0.855364 -0.450322 0.000000 -0.892866 -0.450322 0.000000 -0.892866 -0.471342 0.000000 -0.881951 -0.471342 0.000000 -0.881951 -0.492098 0.000000 -0.870540 -0.492098 0.000000 -0.870540 -0.512577 0.000000 -0.858641 -0.512577 0.000000 -0.858641 -0.999781 -0.000000 -0.020942 -0.999781 -0.000000 -0.020942 -0.999781 -0.000000 -0.020942 -0.999781 -0.000000 -0.020942 -0.999781 -0.000000 -0.020942 0.714473 0.000000 -0.699664 0.714473 0.000000 -0.699664 0.714473 0.000000 -0.699664 0.714473 0.000000 -0.699664 0.714473 0.000000 -0.699664 0.000000 -1.000000 -0.000000 0.000000 -1.000000 -0.000000 0.000000 -1.000000 -0.000000 0.000000 -1.000000 -0.000000 0.000000 -1.000000 -0.000000 0.000000 -1.000000 -0.000000 0.000000 -1.000000 -0.000000 0.000000 -1.000000 -0.000000 0.000000 -1.000000 -0.000000 0.000000 -1.000000 -0.000000 0.000000 -1.000000 -0.000000 0.000000 -1.000000 -0.000000 0.000000 -1.000000 -0.000000 0.000000 -1.000000 -0.000000 0.000000 -1.000000 -0.000000 0.000000 -1.000000 -0.000000 0.000000 -1.000000 -0.000000 0.000000 -1.000000 -0.000000 0.000000 -1.000000 -0.000000 0.000000 -1.000000 -0.000000 0.000000 -1.000000 -0.000000 0.000000 -1.000000 -0.000000 0.000000 -1.000000 -0.000000 0.000000 -1.000000 -0.000000 0.000000 -1.000000 -0.000000 0.000000 -1.000000 -0.000000 0.000000 -1.000000 -0.000000 0.000000 -1.000000 -0.000000 0.000000 -1.000000 -0.000000 0.000000 -1.000000 -0.000000 0.000000 -1.000000 -0.000000 0.000000 -1.000000 -0.000000 0.000000 -1.000000 -0.000000 0.000000 -1.000000 -0.000000 0.000000 -1.000000 -0.000000 0.000000 -1.000000 -0.000000 0.000000 -1.000000 -0.000000 0.000000 -1.000000 -0.000000 0.000000 -1.000000 -0.000000 0.000000 -1.000000 -0.000000 0.000000 -1.000000 -0.000000 0.000000 -1.000000 -0.000000 0.000000 -1.000000 -0.000000 0.000000 -1.000000 -0.000000 0.000000 -1.000000 -0.000000 0.000000 -1.000000 -0.000000 0.000000 -1.000000 -0.000000 0.000000 -1.000000 -0.000000 0.000000 -1.000000 -0.000000 0.000000 -1.000000 -0.000000 0.000000 -1.000000 -0.000000 0.000000 -1.000000 -0.000000 0.000000 -1.000000 -0.000000 0.000000 -1.000000 -0.000000 0.000000 -1.000000 -0.000000 0.000000 -1.000000 -0.000000 0.000000 -1.000000 -0.000000 0.000000 -1.000000 -0.000000 0.000000 -1.000000 -0.000000 0.000000 -1.000000 -0.000000 0.000000 -1.000000 -0.000000 0.000000 -1.000000 -0.000000 0.000000 -1.000000 -0.000000 0.000000 -1.000000 -0.000000 0.000000 -1.000000 -0.000000 0.000000 -1.000000 -0.000000 0.000000 -1.000000 -0.000000 0.000000 -1.000000 -0.000000 0.000000 -1.000000 -0.000000 0.000000 -1.000000 -0.000000 0.000000 -1.000000 -0.000000 0.000000 -1.000000 -0.000000 0.000000 -1.000000 -0.000000 0.000000 -1.000000 -0.000000 0.000000 -1.000000 -0.000000 0.000000 -1.000000 -0.000000 0.000000 -1.000000 -0.000000 0.000000 -1.000000 -0.000000 0.000000 -1.000000 -0.000000 0.000000 -1.000000 -0.000000 0.098410 -0.707107 0.700225 0.048254 -0.707107 0.705459 -0.000000 -0.707107 0.707107 -0.048255 -0.707107 0.705458 -0.098411 -0.707107 0.700226 -0.143865 -0.707107 0.692317 -0.194905 -0.707107 0.679715 -0.236795 -0.707107 0.666279 -0.287607 -0.707107 0.645975 -0.325315 -0.707107 0.627829 -0.374710 -0.707107 0.599661 -0.407774 -0.707107 0.577685 -0.454519 -0.707107 0.541676 -0.482638 -0.707107 0.516779 -0.525482 -0.707107 0.473146 -0.548511 -0.707107 0.446247 -0.586218 -0.707107 0.395410 -0.604166 -0.707107 0.367401 -0.635543 -0.707107 0.309975 -0.648566 -0.707107 0.281712 -0.672498 -0.707107 0.218508 -0.680885 -0.707107 0.190775 -0.696364 -0.707107 0.122788 -0.700521 -0.707107 0.096284 -0.706676 -0.707107 0.024677 -0.707107 -0.707107 -0.000000 -0.703234 -0.707107 -0.073913 -0.700521 -0.707107 -0.096284 -0.686103 -0.707107 -0.171065 -0.680885 -0.707107 -0.190776 -0.655618 -0.707107 -0.264887 -0.648566 -0.707107 -0.281712 -0.612373 -0.707107 -0.353553 -0.604166 -0.707107 -0.367401 -0.557208 -0.707107 -0.435339 -0.548511 -0.707107 -0.446246 -0.491198 -0.707107 -0.508650 -0.482638 -0.707107 -0.516779 -0.415627 -0.707107 -0.572061 -0.407774 -0.707107 -0.577685 -0.331966 -0.707107 -0.624338 -0.325315 -0.707107 -0.627829 -0.241845 -0.707107 -0.664463 -0.236796 -0.707107 -0.666280 -0.147015 -0.707107 -0.691655 -0.143865 -0.707107 -0.692317 -0.049325 -0.707107 -0.705384 -0.048254 -0.707107 -0.705459 0.048255 -0.707107 -0.705458 0.143865 -0.707107 0.692317 0.194905 -0.707107 0.679714 0.236796 -0.707107 0.666280 0.287606 -0.707107 0.645974 0.325315 -0.707107 0.627829 0.374709 -0.707107 0.599661 0.407774 -0.707107 0.577685 0.454520 -0.707107 0.541675 0.482638 -0.707107 0.516779 0.525483 -0.707107 0.473147 0.548511 -0.707107 0.446246 0.586218 -0.707107 0.395409 0.604166 -0.707107 0.367401 0.635543 -0.707107 0.309975 0.648566 -0.707107 0.281712 0.672499 -0.707107 0.218508 0.680885 -0.707107 0.190776 0.696364 -0.707107 0.122788 0.700521 -0.707107 0.096284 0.706676 -0.707107 0.024678 0.707107 -0.707107 0.000000 0.703233 -0.707107 -0.073913 0.700521 -0.707107 -0.096284 0.686103 -0.707107 -0.171064 0.680885 -0.707107 -0.190775 0.655618 -0.707107 -0.264887 0.648566 -0.707107 -0.281712 0.612373 -0.707107 -0.353553 0.604166 -0.707107 -0.367401 0.557208 -0.707107 -0.435338 0.548511 -0.707107 -0.446247 0.491198 -0.707107 -0.508650 0.482638 -0.707107 -0.516779 0.415627 -0.707107 -0.572061 0.407774 -0.707107 -0.577685 0.331967 -0.707107 -0.624338 0.325315 -0.707107 -0.627829 0.241845 -0.707107 -0.664463 0.236795 -0.707107 -0.666279 0.147015 -0.707107 -0.691655 0.143865 -0.707107 -0.692317 0.049325 -0.707107 -0.705385 -0.990686 -0.000000 0.136167 -0.990686 -0.000000 0.136167 -1.000000 -0.000000 0.000000 -1.000000 -0.000000 0.000000 -0.990686 -0.000000 -0.136167 -0.990686 -0.000000 -0.136167 -0.962917 -0.000000 -0.269796 -0.962917 -0.000000 -0.269796 -0.917212 -0.000000 -0.398401 -0.917212 -0.000000 -0.398401 -0.854420 -0.000000 -0.519584 -0.854420 -0.000000 -0.519584 -0.775711 -0.000000 -0.631088 -0.775711 -0.000000 -0.631088 -0.682553 0.000000 -0.730836 -0.682553 0.000000 -0.730836 -0.576681 0.000000 -0.816969 -0.576681 0.000000 -0.816969 -0.460065 0.000000 -0.887885 -0.460065 0.000000 -0.887885 -0.334880 0.000000 -0.942261 -0.334880 0.000000 -0.942261 -0.203456 0.000000 -0.979085 -0.203456 0.000000 -0.979085 -0.068243 0.000000 -0.997668 -0.068243 0.000000 -0.997668 0.068243 0.000000 -0.997669 0.068243 0.000000 -0.997669 0.203456 0.000000 -0.979084 0.203456 0.000000 -0.979084 0.334880 0.000000 -0.942261 0.334880 0.000000 -0.942261 0.460065 0.000000 -0.887885 0.460065 0.000000 -0.887885 0.576680 0.000000 -0.816969 0.576680 0.000000 -0.816969 0.682553 0.000000 -0.730836 0.682553 0.000000 -0.730836 0.775711 0.000000 -0.631088 0.775711 0.000000 -0.631088 0.854420 0.000000 -0.519584 0.854420 0.000000 -0.519584 0.917211 0.000000 -0.398401 0.917211 0.000000 -0.398401 0.962917 0.000000 -0.269797 0.962917 0.000000 -0.269797 0.990686 0.000000 -0.136167 0.990686 0.000000 -0.136167 1.000000 0.000000 -0.000000 1.000000 0.000000 -0.000000 0.990686 0.000000 0.136167 0.990686 0.000000 0.136167 0.962917 0.000000 0.269796 0.962917 0.000000 0.269796 0.917212 0.000000 0.398401 0.917212 0.000000 0.398401 0.854420 0.000000 0.519584 0.854420 0.000000 0.519584 0.775711 0.000000 0.631088 0.775711 0.000000 0.631088 0.682553 -0.000000 0.730836 0.682553 -0.000000 0.730836 0.576681 -0.000000 0.816969 0.576681 -0.000000 0.816969 0.460065 -0.000000 0.887885 0.460065 -0.000000 0.887885 0.334880 -0.000000 0.942261 0.334880 -0.000000 0.942261 0.203456 -0.000000 0.979085 0.203456 -0.000000 0.979085 0.068243 -0.000000 0.997668 0.068243 -0.000000 0.997668 -0.068243 -0.000000 0.997669 -0.068243 -0.000000 0.997669 -0.203456 -0.000000 0.979084 -0.203456 -0.000000 0.979084 -0.334880 -0.000000 0.942261 -0.334880 -0.000000 0.942261 -0.460065 -0.000000 0.887885 -0.460065 -0.000000 0.887885 -0.576680 -0.000000 0.816969 -0.576680 -0.000000 0.816969 -0.682553 -0.000000 0.730836 -0.682553 -0.000000 0.730836 -0.775711 -0.000000 0.631088 -0.775711 -0.000000 0.631088 -0.854420 -0.000000 0.519584 -0.854420 -0.000000 0.519584 -0.917211 -0.000000 0.398401 -0.917211 -0.000000 0.398401 -0.962917 -0.000000 0.269797 -0.962917 -0.000000 0.269797 0.000000 -1.000000 -0.000000 0.000000 -1.000000 -0.000000 0.000000 -1.000000 -0.000000 0.000000 -1.000000 -0.000000 0.000000 -1.000000 -0.000000 0.000000 -1.000000 -0.000000 0.000000 -1.000000 -0.000000 0.000000 -1.000000 -0.000000 0.000000 -1.000000 -0.000000 0.000000 -1.000000 -0.000000 0.000000 -1.000000 -0.000000 0.000000 -1.000000 -0.000000 0.000000 -1.000000 -0.000000 0.000000 -1.000000 -0.000000 0.000000 -1.000000 -0.000000 0.000000 -1.000000 -0.000000 0.000000 -1.000000 -0.000000 0.000000 -1.000000 -0.000000 0.000000 -1.000000 -0.000000 0.000000 -1.000000 -0.000000 0.000000 -1.000000 -0.000000 0.000000 -1.000000 -0.000000 0.000000 -1.000000 -0.000000 0.000000 -1.000000 -0.000000 0.000000 -1.000000 -0.000000 0.000000 -1.000000 -0.000000 0.000000 -1.000000 -0.000000 0.000000 -1.000000 -0.000000 0.000000 -1.000000 -0.000000 0.000000 -1.000000 -0.000000 0.000000 -1.000000 -0.000000 0.000000 -1.000000 -0.000000 0.000000 -1.000000 -0.000000 0.000000 -1.000000 -0.000000 0.000000 -1.000000 -0.000000 0.000000 -1.000000 -0.000000 0.000000 -1.000000 -0.000000 0.000000 -1.000000 -0.000000 0.000000 -1.000000 -0.000000 0.000000 -1.000000 -0.000000 0.000000 -1.000000 -0.000000 0.000000 -1.000000 -0.000000 0.000000 -1.000000 -0.000000 0.000000 -1.000000 -0.000000 0.000000 -1.000000 -0.000000 0.000000 -1.000000 -0.000000 0.000000 -1.000000 -0.000000 0.000000 -1.000000 -0.000000 0.000000 -1.000000 -0.000000 0.000000 -1.000000 -0.000000 0.000000 -1.000000 -0.000000 0.000000 -1.000000 -0.000000 0.000000 -1.000000 -0.000000 0.000000 -1.000000 -0.000000 0.000000 -1.000000 -0.000000 0.000000 -1.000000 -0.000000 0.000000 -1.000000 -0.000000 0.000000 -1.000000 -0.000000 0.000000 -1.000000 -0.000000 0.000000 -1.000000 -0.000000 0.000000 -1.000000 -0.000000 0.000000 -1.000000 -0.000000 0.000000 -1.000000 -0.000000 0.000000 -1.000000 -0.000000 0.000000 -1.000000 -0.000000 0.000000 -1.000000 -0.000000 0.000000 -1.000000 -0.000000 0.000000 -1.000000 -0.000000 0.000000 -1.000000 -0.000000 0.000000 -1.000000 -0.000000 0.000000 -1.000000 -0.000000 0.000000 -1.000000 -0.000000 0.000000 -1.000000 -0.000000 0.000000 -1.000000 -0.000000 0.000000 -1.000000 -0.000000 0.000000 -1.000000 -0.000000 0.000000 -1.000000 -0.000000 0.000000 -1.000000 -0.000000 0.000000 -1.000000 -0.000000 0.000000 -1.000000 -0.000000 0.000000 -1.000000 -0.000000 0.000000 -1.000000 -0.000000 0.000000 -1.000000 -0.000000 0.000000 -1.000000 -0.000000 0.000000 -1.000000 -0.000000 0.000000 -1.000000 -0.000000 0.000000 -1.000000 -0.000000 0.000000 -1.000000 -0.000000 0.000000 -1.000000 -0.000000 0.000000 -1.000000 -0.000000 0.000000 -1.000000 -0.000000 0.000000 -1.000000 -0.000000 0.000000 -1.000000 -0.000000 0.000000 -1.000000 -0.000000 0.000000 -1.000000 -0.000000 0.000000 -1.000000 -0.000000 0.000000 -1.000000 -0.000000 0.000000 -1.000000 -0.000000 0.000000 -1.000000 -0.000000 0.000000 -1.000000 -0.000000 0.000000 -1.000000 -0.000000 0.000000 -1.000000 -0.000000 0.000000 -1.000000 -0.000000 0.000000 -1.000000 -0.000000 0.000000 -1.000000 -0.000000 0.000000 -1.000000 -0.000000 0.000000 -1.000000 -0.000000 0.000000 -1.000000 -0.000000 0.000000 -1.000000 -0.000000 0.000000 -1.000000 -0.000000 0.000000 -1.000000 -0.000000 0.000000 -1.000000 -0.000000 0.000000 -1.000000 -0.000000 0.000000 -1.000000 -0.000000 0.000000 -1.000000 -0.000000 0.000000 -1.000000 -0.000000 0.000000 -1.000000 -0.000000 0.000000 -1.000000 -0.000000 0.000000 -1.000000 -0.000000 0.000000 -1.000000 -0.000000 0.000000 -1.000000 -0.000000 0.000000 -1.000000 -0.000000 0.000000 -1.000000 -0.000000 0.000000 -1.000000 -0.000000 0.000000 -1.000000 -0.000000 0.000000 -1.000000 -0.000000 0.000000 -1.000000 -0.000000 0.000000 -1.000000 -0.000000 0.000000 -1.000000 -0.000000 0.000000 -1.000000 -0.000000 0.000000 -1.000000 -0.000000 0.000000 -1.000000 -0.000000 0.000000 -1.000000 -0.000000 0.000000 -1.000000 -0.000000 0.000000 -1.000000 -0.000000 0.000000 -1.000000 -0.000000 0.000000 -1.000000 -0.000000 0.000000 -1.000000 -0.000000 0.000000 -1.000000 -0.000000 0.000000 -1.000000 -0.000000 0.000000 -1.000000 -0.000000 0.000000 -1.000000 -0.000000 0.000000 -1.000000 -0.000000 0.000000 -1.000000 -0.000000 0.000000 -1.000000 -0.000000 0.000000 -1.000000 -0.000000 0.000000 -1.000000 -0.000000 0.000000 -1.000000 -0.000000 0.000000 -1.000000 -0.000000 0.000000 -1.000000 -0.000000 0.000000 -1.000000 -0.000000 0.000000 -1.000000 -0.000000 0.000000 -1.000000 -0.000000 0.000000 -1.000000 -0.000000 0.000000 -1.000000 -0.000000 0.000000 -1.000000 -0.000000 0.000000 -1.000000 -0.000000 0.000000 -1.000000 -0.000000 0.000000 -1.000000 -0.000000 0.000000 -1.000000 -0.000000 0.000000 -1.000000 -0.000000 0.000000 -1.000000 -0.000000 0.000000 -1.000000 -0.000000 0.000000 -1.000000 -0.000000 0.000000 -1.000000 -0.000000 0.000000 -1.000000 -0.000000 0.000000 -1.000000 -0.000000 0.000000 -1.000000 -0.000000 0.000000 -1.000000 -0.000000 0.000000 -1.000000 -0.000000 0.000000 -1.000000 -0.000000 0.000000 -1.000000 -0.000000 0.000000 -1.000000 -0.000000 0.000000 -1.000000 -0.000000 0.000000 -1.000000 -0.000000 0.000000 -1.000000 -0.000000 0.000000 -1.000000 -0.000000 0.000000 -1.000000 -0.000000 0.000000 -1.000000 -0.000000 0.000000 -1.000000 -0.000000 0.000000 -1.000000 -0.000000 0.000000 -1.000000 -0.000000 0.000000 -1.000000 -0.000000 0.000000 -1.000000 -0.000000 0.000000 -1.000000 -0.000000 0.000000 -1.000000 -0.000000 0.000000 -1.000000 -0.000000 0.000000 -1.000000 -0.000000 0.000000 -1.000000 -0.000000 0.000000 -1.000000 -0.000000 0.000000 -1.000000 -0.000000 0.000000 -1.000000 -0.000000 0.000000 -1.000000 -0.000000 0.000000 -1.000000 -0.000000 0.000000 -1.000000 -0.000000 0.000000 -1.000000 -0.000000 0.000000 -1.000000 -0.000000 0.000000 -1.000000 -0.000000 0.000000 -1.000000 -0.000000 0.000000 -1.000000 -0.000000 0.000000 -1.000000 -0.000000 0.000000 -1.000000 -0.000000 0.000000 -1.000000 -0.000000 -0.965926 -0.000000 0.258819 -0.965926 -0.000000 0.258819 -1.000000 -0.000000 0.000000 -1.000000 -0.000000 0.000000 -0.965926 -0.000000 -0.258819 -0.965926 -0.000000 -0.258819 -0.866025 -0.000000 -0.500000 -0.866025 -0.000000 -0.500000 -0.707107 0.000000 -0.707107 -0.707107 0.000000 -0.707107 -0.500000 0.000000 -0.866025 -0.500000 0.000000 -0.866025 -0.258819 0.000000 -0.965926 -0.258819 0.000000 -0.965926 -0.000000 0.000000 -1.000000 -0.000000 0.000000 -1.000000 0.258819 0.000000 -0.965926 0.258819 0.000000 -0.965926 0.500000 0.000000 -0.866025 0.500000 0.000000 -0.866025 0.707107 0.000000 -0.707107 0.707107 0.000000 -0.707107 0.866025 0.000000 -0.500000 0.866025 0.000000 -0.500000 0.965926 0.000000 -0.258819 0.965926 0.000000 -0.258819 1.000000 0.000000 -0.000000 1.000000 0.000000 -0.000000 0.965926 0.000000 0.258819 0.965926 0.000000 0.258819 0.866025 0.000000 0.500000 0.866025 0.000000 0.500000 0.707107 -0.000000 0.707107 0.707107 -0.000000 0.707107 0.500000 -0.000000 0.866025 0.500000 -0.000000 0.866025 0.258819 -0.000000 0.965926 0.258819 -0.000000 0.965926 0.000000 -0.000000 1.000000 0.000000 -0.000000 1.000000 -0.258819 -0.000000 0.965926 -0.258819 -0.000000 0.965926 -0.500000 -0.000000 0.866025 -0.500000 -0.000000 0.866025 -0.707107 -0.000000 0.707107 -0.707107 -0.000000 0.707107 -0.866025 -0.000000 0.500000 -0.866025 -0.000000 0.500000 -0.000000 1.000000 0.000000 -0.000000 1.000000 0.000000 -0.000000 1.000000 0.000000 -0.000000 1.000000 0.000000 -0.000000 1.000000 0.000000 -0.000000 1.000000 0.000000 -0.000000 1.000000 0.000000 -0.000000 1.000000 0.000000 -0.000000 1.000000 0.000000 -0.000000 1.000000 0.000000 -0.000000 1.000000 0.000000 -0.000000 1.000000 0.000000 -0.000000 1.000000 0.000000 -0.000000 1.000000 0.000000 -0.000000 1.000000 0.000000 -0.000000 1.000000 0.000000 -0.000000 1.000000 0.000000 -0.000000 1.000000 0.000000 -0.000000 1.000000 0.000000 -0.000000 1.000000 0.000000 -0.000000 1.000000 0.000000 -0.000000 1.000000 0.000000 -0.000000 1.000000 0.000000 -0.000000 1.000000 0.000000 -0.000000 1.000000 0.000000 -0.000000 1.000000 0.000000 -0.000000 1.000000 0.000000 -0.000000 1.000000 0.000000 -0.000000 1.000000 0.000000 -0.000000 1.000000 0.000000 -0.000000 1.000000 0.000000 -0.000000 1.000000 0.000000 -0.000000 1.000000 0.000000 -0.000000 1.000000 0.000000 -0.000000 1.000000 0.000000 -0.000000 1.000000 0.000000 -0.000000 1.000000 0.000000 -0.000000 1.000000 0.000000 -0.000000 1.000000 0.000000 -0.000000 1.000000 0.000000 -0.000000 1.000000 0.000000 -0.000000 1.000000 0.000000 -0.000000 1.000000 0.000000 -0.000000 1.000000 0.000000 -0.000000 1.000000 0.000000 -0.000000 1.000000 0.000000 -0.000000 1.000000 0.000000 -0.000000 1.000000 0.000000 -0.000000 1.000000 0.000000 -0.000000 1.000000 0.000000 -0.000000 1.000000 0.000000 -0.000000 1.000000 0.000000 -0.000000 1.000000 0.000000 -0.000000 1.000000 0.000000 -0.000000 1.000000 0.000000 -0.000000 1.000000 0.000000 -0.000000 1.000000 0.000000 -0.000000 1.000000 0.000000 -0.000000 1.000000 0.000000 -0.000000 1.000000 0.000000 -0.000000 1.000000 0.000000 -0.000000 1.000000 0.000000 -0.000000 1.000000 0.000000 -0.000000 1.000000 0.000000 -0.000000 1.000000 0.000000 -0.000000 1.000000 0.000000 -0.000000 1.000000 0.000000 -0.000000 1.000000 0.000000 -0.000000 1.000000 0.000000 -0.000000 1.000000 0.000000 -0.000000 1.000000 0.000000 -0.000000 1.000000 0.000000 -0.000000 1.000000 0.000000 -0.000000 1.000000 0.000000 -0.000000 1.000000 0.000000 -0.000000 1.000000 0.000000 -0.000000 1.000000 0.000000 -0.000000 1.000000 0.000000 -0.000000 1.000000 0.000000 -0.000000 1.000000 0.000000 -0.000000 1.000000 0.000000 -0.000000 1.000000 0.000000 -0.000000 1.000000 0.000000 -0.000000 1.000000 0.000000 -0.000000 1.000000 0.000000 -0.000000 1.000000 0.000000 -0.000000 1.000000 0.000000 -0.000000 1.000000 0.000000 -0.000000 1.000000 0.000000 -0.000000 1.000000 0.000000 -0.000000 1.000000 0.000000 -0.000000 1.000000 0.000000 -0.000000 1.000000 0.000000 -0.000000 1.000000 0.000000 -0.000000 1.000000 0.000000 -0.000000 1.000000 0.000000 -0.000000 1.000000 0.000000 -0.000000 1.000000 0.000000 -0.000000 1.000000 0.000000 -0.000000 1.000000 0.000000 -0.000000 1.000000 0.000000 -0.000000 1.000000 0.000000 -0.000000 1.000000 0.000000 -0.000000 1.000000 0.000000 -0.000000 1.000000 0.000000 -0.000000 1.000000 0.000000 -0.000000 1.000000 0.000000 -0.000000 1.000000 0.000000 -0.000000 1.000000 0.000000 -0.000000 1.000000 0.000000 -0.000000 1.000000 0.000000 -0.000000 1.000000 0.000000 -0.000000 1.000000 0.000000 -0.000000 1.000000 0.000000 -0.000000 1.000000 0.000000 -0.000000 1.000000 0.000000 -0.000000 1.000000 0.000000 -0.000000 1.000000 0.000000 -0.000000 1.000000 0.000000 -0.000000 1.000000 0.000000 -0.000000 1.000000 0.000000 -0.000000 1.000000 0.000000 -0.000000 1.000000 0.000000 -0.000000 1.000000 0.000000 -0.000000 1.000000 0.000000 -0.000000 1.000000 0.000000 -0.000000 1.000000 0.000000 -0.000000 1.000000 0.000000 -0.000000 1.000000 0.000000 -0.000000 1.000000 0.000000 -0.000000 1.000000 0.000000 -0.000000 1.000000 0.000000 -0.000000 1.000000 0.000000 -0.000000 1.000000 0.000000 -0.000000 1.000000 0.000000 -0.000000 1.000000 0.000000 -0.000000 1.000000 0.000000 -0.000000 1.000000 0.000000 -0.000000 1.000000 0.000000 -0.000000 1.000000 0.000000 -0.000000 1.000000 0.000000 -0.000000 1.000000 0.000000 -0.000000 1.000000 0.000000 -0.000000 1.000000 0.000000 -0.000000 1.000000 0.000000 -0.000000 1.000000 0.000000 -0.000000 1.000000 0.000000 -0.000000 1.000000 0.000000 -0.000000 1.000000 0.000000 -0.000000 1.000000 0.000000 -0.000000 1.000000 0.000000 -0.000000 1.000000 0.000000 -0.000000 1.000000 0.000000 -0.000000 1.000000 0.000000 -0.000000 1.000000 0.000000 -0.000000 1.000000 0.000000 -0.000000 1.000000 0.000000 -0.000000 1.000000 0.000000 -0.000000 1.000000 0.000000 -0.000000 1.000000 0.000000 -0.000000 1.000000 0.000000 -0.000000 1.000000 0.000000 -0.000000 1.000000 0.000000 -0.000000 1.000000 0.000000 -0.000000 1.000000 0.000000 -0.000000 1.000000 0.000000 -0.000000 1.000000 0.000000 -0.000000 1.000000 0.000000 -0.000000 1.000000 0.000000 -0.000000 1.000000 0.000000 -0.000000 1.000000 0.000000 -0.000000 1.000000 0.000000 -0.000000 1.000000 0.000000 -0.000000 1.000000 0.000000 -0.000000 1.000000 0.000000 -0.000000 1.000000 0.000000 -0.000000 1.000000 0.000000 -0.000000 1.000000 0.000000 -0.000000 1.000000 0.000000 -0.000000 1.000000 0.000000 -0.000000 1.000000 0.000000 -0.000000 1.000000 0.000000 -0.000000 1.000000 0.000000 -0.072705 0.707107 0.703359 -0.035815 0.707107 0.706200 -0.000000 0.707107 0.707107 0.035814 0.707107 0.706199 0.072705 0.707107 0.703359 0.107075 0.707107 0.698953 0.144640 0.707107 0.692156 0.177238 0.707107 0.684534 0.215042 0.707107 0.673615 0.245582 0.707107 0.663090 0.283163 0.707107 0.647934 0.311406 0.707107 0.634844 0.348284 0.707107 0.615385 0.374034 0.707107 0.600082 0.409712 0.707107 0.576312 0.432824 0.707107 0.559163 0.466799 0.707107 0.531130 0.487173 0.707107 0.512506 0.518935 0.707107 0.480319 0.536523 0.707107 0.460590 0.565571 0.707107 0.424416 0.580367 0.707107 0.403947 0.606213 0.707107 0.364014 0.618257 0.707107 0.343160 0.640428 0.707107 0.299753 0.649802 0.707107 0.278852 0.667854 0.707107 0.232314 0.674678 0.707107 0.211682 0.688202 0.707107 0.162414 0.692632 0.707107 0.142340 0.701254 0.707107 0.090791 0.703479 0.707107 0.071537 0.706872 0.707107 0.018207 0.707107 0.707107 0.000000 0.704998 0.707107 -0.054571 0.703479 0.707107 -0.071537 0.695650 0.707107 -0.126770 0.692632 0.707107 -0.142340 0.678929 0.707107 -0.197626 0.674679 0.707107 -0.211682 0.655010 0.707107 -0.266387 0.649801 0.707107 -0.278851 0.624148 0.707107 -0.332323 0.618256 0.707107 -0.343161 0.586670 0.707107 -0.394738 0.580368 0.707107 -0.403948 0.542974 0.707107 -0.452968 0.536523 0.707107 -0.460590 0.493521 0.707107 -0.506396 0.487173 0.707107 -0.512506 0.438837 0.707107 -0.554457 0.432824 0.707107 -0.559163 0.379501 0.707107 -0.596639 0.374034 0.707107 -0.600082 0.316143 0.707107 -0.632498 0.311406 0.707107 -0.634844 0.249433 0.707107 -0.661651 0.245582 0.707107 -0.663091 0.180079 0.707107 -0.683792 0.177239 0.707107 -0.684534 0.108817 0.707107 -0.698684 0.107076 0.707107 -0.698952 0.036401 0.707107 -0.706169 0.035815 0.707107 -0.706200 -0.035814 0.707107 -0.706199 -0.107076 0.707107 0.698952 -0.144640 0.707107 0.692155 -0.177239 0.707107 0.684534 -0.215041 0.707107 0.673615 -0.245582 0.707107 0.663091 -0.283163 0.707107 0.647934 -0.311406 0.707107 0.634844 -0.348284 0.707107 0.615385 -0.374034 0.707107 0.600082 -0.409713 0.707107 0.576312 -0.432824 0.707107 0.559163 -0.466798 0.707107 0.531130 -0.487173 0.707107 0.512506 -0.518935 0.707107 0.480318 -0.536523 0.707107 0.460590 -0.565572 0.707107 0.424416 -0.580368 0.707107 0.403948 -0.606213 0.707107 0.364014 -0.618256 0.707107 0.343161 -0.640428 0.707107 0.299753 -0.649801 0.707107 0.278851 -0.667854 0.707107 0.232315 -0.674679 0.707107 0.211682 -0.688202 0.707107 0.162414 -0.692632 0.707107 0.142340 -0.701254 0.707107 0.090791 -0.703479 0.707107 0.071537 -0.706873 0.707107 0.018206 -0.707107 0.707107 -0.000000 -0.704998 0.707107 -0.054571 -0.703479 0.707107 -0.071537 -0.695650 0.707107 -0.126770 -0.692632 0.707107 -0.142340 -0.678929 0.707107 -0.197626 -0.674678 0.707107 -0.211682 -0.655010 0.707107 -0.266387 -0.649802 0.707107 -0.278852 -0.624148 0.707107 -0.332324 -0.618257 0.707107 -0.343160 -0.586670 0.707107 -0.394738 -0.580367 0.707107 -0.403947 -0.542974 0.707107 -0.452968 -0.536523 0.707107 -0.460590 -0.493521 0.707107 -0.506396 -0.487173 0.707107 -0.512506 -0.438837 0.707107 -0.554457 -0.432824 0.707107 -0.559163 -0.379501 0.707107 -0.596639 -0.374034 0.707107 -0.600082 -0.316143 0.707107 -0.632498 -0.311406 0.707107 -0.634844 -0.249433 0.707107 -0.661652 -0.245582 0.707107 -0.663090 -0.180080 0.707107 -0.683792 -0.177238 0.707107 -0.684534 -0.108818 0.707107 -0.698683 -0.107075 0.707107 -0.698953 -0.036401 0.707107 -0.706169 0.101168 -0.000000 0.994870 0.050649 -0.000000 0.998716 0.000000 -0.000000 1.000000 -0.050649 -0.000000 0.998717 -0.101169 -0.000000 0.994869 -0.151428 -0.000000 0.988468 -0.201299 -0.000000 0.979530 -0.250653 -0.000000 0.968077 -0.299363 -0.000000 0.954140 -0.347306 -0.000000 0.937752 -0.394356 -0.000000 0.918957 -0.440394 -0.000000 0.897804 -0.485302 -0.000000 0.874346 -0.528964 -0.000000 0.848644 -0.571268 -0.000000 0.820763 -0.612106 -0.000000 0.790776 -0.651373 -0.000000 0.758758 -0.688967 -0.000000 0.724793 -0.724792 -0.000000 0.688967 -0.758758 -0.000000 0.651372 -0.790775 -0.000000 0.612106 -0.820763 -0.000000 0.571268 -0.848644 -0.000000 0.528964 -0.874346 -0.000000 0.485302 -0.897805 -0.000000 0.440395 -0.918958 -0.000000 0.394356 -0.937753 -0.000000 0.347305 -0.954139 -0.000000 0.299364 -0.968077 -0.000000 0.250653 -0.979530 -0.000000 0.201299 -0.988469 -0.000000 0.151428 -0.994870 -0.000000 0.101168 -0.998716 -0.000000 0.050649 -1.000000 -0.000000 0.000000 -0.998717 -0.000000 -0.050649 -0.994869 -0.000000 -0.101169 -0.988468 -0.000000 -0.151428 -0.979530 -0.000000 -0.201299 -0.968077 -0.000000 -0.250653 -0.954140 -0.000000 -0.299363 -0.937752 -0.000000 -0.347306 -0.918957 -0.000000 -0.394356 -0.897804 -0.000000 -0.440394 -0.874346 -0.000000 -0.485302 -0.848644 -0.000000 -0.528964 -0.820763 -0.000000 -0.571268 -0.790776 -0.000000 -0.612106 -0.758758 -0.000000 -0.651373 -0.724793 -0.000000 -0.688967 -0.688967 0.000000 -0.724792 -0.651372 0.000000 -0.758758 -0.612106 0.000000 -0.790775 -0.571268 0.000000 -0.820763 -0.528964 0.000000 -0.848644 -0.485302 0.000000 -0.874346 -0.440395 0.000000 -0.897805 -0.394356 0.000000 -0.918958 -0.347305 0.000000 -0.937753 -0.299364 0.000000 -0.954139 -0.250653 0.000000 -0.968077 -0.201299 0.000000 -0.979530 -0.151428 0.000000 -0.988469 -0.101168 0.000000 -0.994870 -0.050649 0.000000 -0.998716 -0.000000 0.000000 -1.000000 0.050649 0.000000 -0.998717 0.101169 0.000000 -0.994869 0.151428 0.000000 -0.988468 0.201299 0.000000 -0.979530 0.250653 0.000000 -0.968077 0.299363 0.000000 -0.954140 0.347306 0.000000 -0.937752 0.394356 0.000000 -0.918957 0.440394 0.000000 -0.897804 0.485302 0.000000 -0.874346 0.528964 0.000000 -0.848644 0.571268 0.000000 -0.820763 0.612106 0.000000 -0.790776 0.651373 0.000000 -0.758758 0.688967 0.000000 -0.724793 0.724792 0.000000 -0.688967 0.758758 0.000000 -0.651372 0.790775 0.000000 -0.612106 0.820763 0.000000 -0.571268 0.848644 0.000000 -0.528964 0.874346 0.000000 -0.485302 0.897805 0.000000 -0.440395 0.918958 0.000000 -0.394356 0.937753 0.000000 -0.347305 0.954139 0.000000 -0.299364 0.968077 0.000000 -0.250653 0.979530 0.000000 -0.201299 0.988469 0.000000 -0.151428 0.994870 0.000000 -0.101168 0.998716 0.000000 -0.050649 1.000000 0.000000 -0.000000 0.998717 0.000000 0.050649 0.994869 0.000000 0.101169 0.988468 0.000000 0.151428 0.979530 0.000000 0.201299 0.968077 0.000000 0.250653 0.954140 0.000000 0.299363 0.937752 0.000000 0.347306 0.918957 0.000000 0.394356 0.897804 0.000000 0.440394 0.874346 0.000000 0.485302 0.848644 0.000000 0.528964 0.820763 0.000000 0.571268 0.790776 0.000000 0.612106 0.758758 0.000000 0.651373 0.724793 0.000000 0.688967 0.688967 -0.000000 0.724792 0.651372 -0.000000 0.758758 0.612106 -0.000000 0.790775 0.571268 -0.000000 0.820763 0.528964 -0.000000 0.848644 0.485302 -0.000000 0.874346 0.440395 -0.000000 0.897805 0.394356 -0.000000 0.918958 0.347305 -0.000000 0.937753 0.299364 -0.000000 0.954139 0.250653 -0.000000 0.968077 0.201299 -0.000000 0.979530 0.151428 -0.000000 0.988469 0.072705 -0.707107 0.703359 0.071537 -0.707107 0.703479 -0.000000 -0.707107 0.707107 -0.000000 -0.707107 0.707107 -0.071537 -0.707107 0.703479 0.142340 -0.707107 0.692632 0.144640 -0.707107 0.692156 0.211682 -0.707107 0.674679 0.215042 -0.707107 0.673615 0.278851 -0.707107 0.649802 0.283163 -0.707107 0.647934 0.343161 -0.707107 0.618256 0.348284 -0.707107 0.615385 0.403948 -0.707107 0.580368 0.409712 -0.707107 0.576312 0.460590 -0.707107 0.536523 0.466798 -0.707107 0.531131 0.512506 -0.707107 0.487173 0.518935 -0.707107 0.480319 0.559163 -0.707107 0.432824 0.565572 -0.707107 0.424416 0.600082 -0.707107 0.374034 0.606213 -0.707107 0.364014 0.634844 -0.707107 0.311406 0.640428 -0.707107 0.299753 0.663091 -0.707107 0.245582 0.667854 -0.707107 0.232314 0.684534 -0.707107 0.177239 0.688202 -0.707107 0.162414 0.698953 -0.707107 0.107076 0.701254 -0.707107 0.090791 0.706200 -0.707107 0.035815 0.706872 -0.707107 0.018207 0.706199 -0.707107 -0.035814 0.704998 -0.707107 -0.054571 0.698953 -0.707107 -0.107075 0.695650 -0.707107 -0.126770 0.684534 -0.707107 -0.177238 0.678929 -0.707107 -0.197626 0.663090 -0.707107 -0.245582 0.655010 -0.707107 -0.266387 0.634844 -0.707107 -0.311406 0.624148 -0.707107 -0.332323 0.600082 -0.707107 -0.374034 0.586671 -0.707107 -0.394738 0.559163 -0.707107 -0.432824 0.542974 -0.707107 -0.452968 0.512506 -0.707107 -0.487173 0.493521 -0.707107 -0.506396 0.460590 -0.707107 -0.536523 0.438837 -0.707107 -0.554457 0.403947 -0.707107 -0.580367 0.379501 -0.707107 -0.596639 0.343160 -0.707107 -0.618257 0.316143 -0.707107 -0.632498 0.278852 -0.707107 -0.649802 0.249433 -0.707107 -0.661651 0.211682 -0.707107 -0.674678 0.180079 -0.707107 -0.683792 0.142340 -0.707107 -0.692632 0.108817 -0.707107 -0.698684 0.071537 -0.707107 -0.703479 0.036401 -0.707107 -0.706169 0.000000 -0.707107 -0.707107 -0.036401 -0.707107 -0.706169 -0.071537 -0.707107 -0.703479 -0.108818 -0.707107 -0.698683 -0.142340 -0.707107 -0.692632 -0.180080 -0.707107 -0.683792 -0.211682 -0.707107 -0.674679 -0.249433 -0.707107 -0.661652 -0.278851 -0.707107 -0.649802 -0.316143 -0.707107 -0.632498 -0.343161 -0.707107 -0.618256 -0.379501 -0.707107 -0.596639 -0.403948 -0.707107 -0.580368 -0.438837 -0.707107 -0.554457 -0.460590 -0.707107 -0.536523 -0.493521 -0.707107 -0.506396 -0.512506 -0.707107 -0.487173 -0.542974 -0.707107 -0.452968 -0.559163 -0.707107 -0.432824 -0.586670 -0.707107 -0.394738 -0.600082 -0.707107 -0.374034 -0.624148 -0.707107 -0.332324 -0.634844 -0.707107 -0.311406 -0.655010 -0.707107 -0.266387 -0.663091 -0.707107 -0.245582 -0.678929 -0.707107 -0.197626 -0.684534 -0.707107 -0.177239 -0.695650 -0.707107 -0.126770 -0.698953 -0.707107 -0.107076 -0.704998 -0.707107 -0.054571 -0.706200 -0.707107 -0.035815 -0.706873 -0.707107 0.018206 -0.706199 -0.707107 0.035814 -0.701254 -0.707107 0.090791 -0.698953 -0.707107 0.107075 -0.688202 -0.707107 0.162414 -0.684534 -0.707107 0.177238 -0.667854 -0.707107 0.232315 -0.663090 -0.707107 0.245582 -0.640428 -0.707107 0.299753 -0.634844 -0.707107 0.311406 -0.606213 -0.707107 0.364014 -0.600082 -0.707107 0.374034 -0.565572 -0.707107 0.424416 -0.559163 -0.707107 0.432824 -0.518935 -0.707107 0.480318 -0.512506 -0.707107 0.487173 -0.466798 -0.707107 0.531130 -0.460590 -0.707107 0.536523 -0.409713 -0.707107 0.576312 -0.403947 -0.707107 0.580367 -0.348284 -0.707107 0.615385 -0.343160 -0.707107 0.618257 -0.283163 -0.707107 0.647934 -0.278852 -0.707107 0.649802 -0.215041 -0.707107 0.673615 -0.211682 -0.707107 0.674678 -0.144640 -0.707107 0.692155 -0.142340 -0.707107 0.692632 -0.072705 -0.707107 0.703359 0.258819 -0.000000 0.965926 0.258819 -0.000000 0.965926 0.000000 -0.000000 1.000000 0.000000 -0.000000 1.000000 -0.258819 -0.000000 0.965926 -0.258819 -0.000000 0.965926 -0.500000 -0.000000 0.866025 -0.500000 -0.000000 0.866025 -0.707107 -0.000000 0.707107 -0.707107 -0.000000 0.707107 -0.866025 -0.000000 0.500000 -0.866025 -0.000000 0.500000 -0.965926 -0.000000 0.258819 -0.965926 -0.000000 0.258819 -1.000000 -0.000000 0.000000 -1.000000 -0.000000 0.000000 -0.965926 -0.000000 -0.258819 -0.965926 -0.000000 -0.258819 -0.866025 -0.000000 -0.500000 -0.866025 -0.000000 -0.500000 -0.707107 0.000000 -0.707107 -0.707107 0.000000 -0.707107 -0.500000 0.000000 -0.866025 -0.500000 0.000000 -0.866025 -0.258819 0.000000 -0.965926 -0.258819 0.000000 -0.965926 -0.000000 0.000000 -1.000000 -0.000000 0.000000 -1.000000 0.258819 0.000000 -0.965926 0.258819 0.000000 -0.965926 0.500000 0.000000 -0.866025 0.500000 0.000000 -0.866025 0.707107 0.000000 -0.707107 0.707107 0.000000 -0.707107 0.866025 0.000000 -0.500000 0.866025 0.000000 -0.500000 0.965926 0.000000 -0.258819 0.965926 0.000000 -0.258819 1.000000 0.000000 -0.000000 1.000000 0.000000 -0.000000 0.965926 0.000000 0.258819 0.965926 0.000000 0.258819 0.866025 0.000000 0.500000 0.866025 0.000000 0.500000 0.707107 -0.000000 0.707107 0.707107 -0.000000 0.707107 0.500000 -0.000000 0.866025 0.500000 -0.000000 0.866025 0.965926 0.000000 -0.258819 0.965926 0.000000 -0.258819 1.000000 0.000000 -0.000000 1.000000 0.000000 -0.000000 0.965926 0.000000 0.258819 0.965926 0.000000 0.258819 0.866025 0.000000 0.500000 0.866025 0.000000 0.500000 0.707107 -0.000000 0.707107 0.707107 -0.000000 0.707107 0.500000 -0.000000 0.866025 0.500000 -0.000000 0.866025 0.258819 -0.000000 0.965926 0.258819 -0.000000 0.965926 0.000000 -0.000000 1.000000 0.000000 -0.000000 1.000000 -0.258819 -0.000000 0.965926 -0.258819 -0.000000 0.965926 -0.500000 -0.000000 0.866025 -0.500000 -0.000000 0.866025 -0.707107 -0.000000 0.707107 -0.707107 -0.000000 0.707107 -0.866025 -0.000000 0.500000 -0.866025 -0.000000 0.500000 -0.965926 -0.000000 0.258819 -0.965926 -0.000000 0.258819 -1.000000 -0.000000 0.000000 -1.000000 -0.000000 0.000000 -0.965926 -0.000000 -0.258819 -0.965926 -0.000000 -0.258819 -0.866025 -0.000000 -0.500000 -0.866025 -0.000000 -0.500000 -0.707107 0.000000 -0.707107 -0.707107 0.000000 -0.707107 -0.500000 0.000000 -0.866025 -0.500000 0.000000 -0.866025 -0.258819 0.000000 -0.965926 -0.258819 0.000000 -0.965926 -0.000000 0.000000 -1.000000 -0.000000 0.000000 -1.000000 0.258819 0.000000 -0.965926 0.258819 0.000000 -0.965926 0.500000 0.000000 -0.866025 0.500000 0.000000 -0.866025 0.707107 0.000000 -0.707107 0.707107 0.000000 -0.707107 0.866025 0.000000 -0.500000 0.866025 0.000000 -0.500000 0.970942 0.000000 -0.239316 0.970942 0.000000 -0.239316 1.000000 0.000000 -0.000000 1.000000 0.000000 -0.000000 0.970942 0.000000 0.239316 0.970942 0.000000 0.239316 0.885456 0.000000 0.464723 0.885456 0.000000 -0.464723 0.885456 0.000000 -0.464723 0.748511 0.000000 -0.663123 0.748511 0.000000 -0.663123 0.568065 0.000000 -0.822984 0.568065 0.000000 -0.822984 0.354604 0.000000 -0.935016 0.354604 0.000000 -0.935016 0.120537 0.000000 -0.992709 0.120537 0.000000 -0.992709 -0.120537 0.000000 -0.992709 -0.120537 0.000000 -0.992709 -0.354605 0.000000 -0.935016 -0.354605 0.000000 -0.935016 -0.568064 0.000000 -0.822984 -0.568064 0.000000 -0.822984 -0.748511 -0.000000 -0.663122 -0.748511 -0.000000 -0.663122 -0.885456 -0.000000 -0.464723 -0.885456 -0.000000 -0.464723 -0.970942 -0.000000 -0.239316 -0.970942 -0.000000 -0.239316 -1.000000 -0.000000 0.000000 -1.000000 -0.000000 0.000000 -0.970942 -0.000000 0.239316 -0.970942 -0.000000 0.239316 -0.885456 -0.000000 0.464723 -0.885456 -0.000000 0.464723 -0.748511 -0.000000 0.663123 -0.748511 -0.000000 0.663123 -0.568065 -0.000000 0.822984 -0.568065 -0.000000 0.822984 -0.354604 -0.000000 0.935016 -0.354604 -0.000000 0.935016 -0.120537 -0.000000 0.992709 -0.120537 -0.000000 0.992709 0.120537 -0.000000 0.992709 0.120537 -0.000000 0.992709 0.354605 -0.000000 0.935016 0.354605 -0.000000 0.935016 0.568064 -0.000000 0.822984 0.568064 -0.000000 0.822984 0.748511 0.000000 0.663122 0.748511 0.000000 0.663122 0.885456 0.000000 0.464723 -0.258819 0.000000 -0.965926 -0.258819 0.000000 -0.965926 -0.000000 0.000000 -1.000000 -0.000000 0.000000 -1.000000 0.258819 0.000000 -0.965926 0.258819 0.000000 -0.965926 0.500000 0.000000 -0.866025 0.500000 0.000000 -0.866025 0.707107 0.000000 -0.707107 0.707107 0.000000 -0.707107 0.866025 0.000000 -0.500000 0.866025 0.000000 -0.500000 0.965926 0.000000 -0.258819 0.965926 0.000000 -0.258819 1.000000 0.000000 -0.000000 1.000000 0.000000 -0.000000 0.965926 0.000000 0.258819 0.965926 0.000000 0.258819 0.866025 0.000000 0.500000 0.866025 0.000000 0.500000 0.707107 -0.000000 0.707107 0.707107 -0.000000 0.707107 0.500000 -0.000000 0.866025 0.500000 -0.000000 0.866025 0.258819 -0.000000 0.965926 0.258819 -0.000000 0.965926 0.000000 -0.000000 1.000000 0.000000 -0.000000 1.000000 -0.258819 -0.000000 0.965926 -0.258819 -0.000000 0.965926 -0.500000 -0.000000 0.866025 -0.500000 -0.000000 0.866025 -0.707107 -0.000000 0.707107 -0.707107 -0.000000 0.707107 -0.866025 -0.000000 0.500000 -0.866025 -0.000000 0.500000 -0.965926 -0.000000 0.258819 -0.965926 -0.000000 0.258819 -1.000000 -0.000000 0.000000 -1.000000 -0.000000 0.000000 -0.965926 -0.000000 -0.258819 -0.965926 -0.000000 -0.258819 -0.866025 -0.000000 -0.500000 -0.866025 -0.000000 -0.500000 -0.707107 0.000000 -0.707107 -0.707107 0.000000 -0.707107 -0.500000 0.000000 -0.866025 -0.500000 0.000000 -0.866025 -0.864653 -0.000000 -0.502369 -0.764946 -0.258819 -0.589806 -0.712555 0.000000 -0.701617 -0.601568 -0.258819 -0.755731 -0.515684 0.000000 -0.856779 -0.403230 -0.258819 -0.877735 -0.286410 0.000000 -0.958107 -0.181456 -0.258819 -0.948729 -0.039141 0.000000 -0.999234 0.050862 -0.258819 -0.964586 0.210588 0.000000 -0.977575 0.280225 -0.258819 -0.924385 0.447086 0.000000 -0.894491 0.493301 -0.258819 -0.830461 0.655490 0.000000 -0.755203 0.677709 -0.258819 -0.688275 0.822708 0.000000 -0.568464 0.822731 -0.258819 -0.506089 0.938232 0.000000 -0.346005 0.919939 -0.258819 -0.294490 0.994804 0.000000 -0.101805 0.963684 -0.258819 -0.065776 0.988869 0.000000 0.148790 0.951423 -0.258819 0.166759 0.920799 0.000000 0.390037 0.883868 -0.258819 0.389604 0.794872 0.000000 0.606778 0.764946 -0.258819 0.589806 0.601568 -0.258819 0.755731 0.685831 -0.500000 0.528806 0.539351 -0.500000 0.677570 0.559979 -0.707107 0.431768 0.440378 -0.707107 0.553233 0.395965 -0.866025 0.305306 0.311394 -0.866025 0.391195 0.204966 -0.965926 0.158038 0.161190 -0.965926 0.202498 0.000000 -1.000000 -0.000000 0.000000 -1.000000 -0.000000 -0.883868 -0.258819 -0.389604 -0.962422 -0.000000 -0.271555 -0.951423 -0.258819 -0.166759 -0.999719 -0.000000 -0.023679 -0.963684 -0.258819 0.065776 -0.974200 -0.000000 0.225685 -0.919939 -0.258819 0.294490 -0.887469 -0.000000 0.460868 -0.822731 -0.258819 0.506089 -0.744973 -0.000000 0.667094 -0.677709 -0.258819 0.688275 -0.555670 -0.000000 0.831403 -0.493301 -0.258819 0.830461 -0.331451 -0.000000 0.943472 -0.280225 -0.258819 0.924385 -0.086406 -0.000000 0.996260 -0.050862 -0.258819 0.964586 0.164069 -0.000000 0.986448 0.181456 -0.258819 0.948729 0.404234 -0.000000 0.914655 0.403230 -0.258819 0.877735 0.619001 -0.000000 0.785391 0.000000 -1.000000 -0.000000 -0.220450 -0.965926 0.135606 0.000000 -1.000000 -0.000000 -0.181592 -0.965926 0.184422 0.000000 -1.000000 -0.000000 -0.132180 -0.965926 0.222522 0.000000 -1.000000 -0.000000 -0.075086 -0.965926 0.247689 0.000000 -1.000000 -0.000000 -0.013629 -0.965926 0.258460 0.000000 -1.000000 -0.000000 0.048621 -0.965926 0.254211 0.000000 -1.000000 -0.000000 0.108045 -0.965926 0.235188 -0.246497 -0.965926 0.078909 0.000000 -1.000000 -0.000000 -0.258218 -0.965926 0.017625 0.000000 -1.000000 -0.000000 -0.254933 -0.965926 -0.044683 0.000000 -1.000000 -0.000000 -0.236832 -0.965926 -0.104394 0.000000 -1.000000 -0.000000 -0.204966 -0.965926 -0.158038 0.000000 -1.000000 -0.000000 -0.161190 -0.965926 -0.202498 0.000000 -1.000000 -0.000000 -0.108045 -0.965926 -0.235188 0.000000 -1.000000 -0.000000 -0.048621 -0.965926 -0.254211 0.000000 -1.000000 -0.000000 0.013629 -0.965926 -0.258460 0.000000 -1.000000 -0.000000 0.075086 -0.965926 -0.247689 0.000000 -1.000000 -0.000000 0.132180 -0.965926 -0.222522 0.000000 -1.000000 -0.000000 0.181592 -0.965926 -0.184422 0.000000 -1.000000 -0.000000 0.220450 -0.965926 -0.135606 0.000000 -1.000000 -0.000000 0.246497 -0.965926 -0.078909 0.000000 -1.000000 -0.000000 0.258218 -0.965926 -0.017625 0.000000 -1.000000 -0.000000 0.254933 -0.965926 0.044683 0.000000 -1.000000 -0.000000 0.236832 -0.965926 0.104394 0.000000 -1.000000 -0.000000 -0.607618 -0.500000 0.617091 -0.737640 -0.500000 0.453746 -0.824795 -0.500000 0.264033 -0.864015 -0.500000 0.058973 -0.853022 -0.500000 -0.149513 -0.792454 -0.500000 -0.349309 -0.685831 -0.500000 -0.528806 -0.539351 -0.500000 -0.677570 -0.361525 -0.500000 -0.786956 -0.162689 -0.500000 -0.850607 0.045601 -0.500000 -0.864824 0.251243 -0.500000 -0.828781 0.442282 -0.500000 -0.744571 0.607618 -0.500000 -0.617091 0.737640 -0.500000 -0.453746 0.824795 -0.500000 -0.264033 0.864015 -0.500000 -0.058973 0.853022 -0.500000 0.149513 0.792454 -0.500000 0.349309 -0.496118 -0.707107 0.503852 -0.602281 -0.707107 0.370482 -0.673443 -0.707107 0.215582 -0.705466 -0.707107 0.048152 -0.696489 -0.707107 -0.122077 -0.647036 -0.707107 -0.285209 -0.559979 -0.707107 -0.431768 -0.440378 -0.707107 -0.553233 -0.295184 -0.707107 -0.642546 -0.132835 -0.707107 -0.694518 0.037233 -0.707107 -0.706126 0.205139 -0.707107 -0.676696 0.361122 -0.707107 -0.607940 0.496118 -0.707107 -0.503852 0.602281 -0.707107 -0.370482 0.673443 -0.707107 -0.215582 0.705466 -0.707107 -0.048152 0.696489 -0.707107 0.122077 0.647036 -0.707107 0.285209 -0.442282 -0.500000 0.744571 -0.251243 -0.500000 0.828781 -0.045601 -0.500000 0.864824 0.162689 -0.500000 0.850607 0.361525 -0.500000 0.786956 -0.350808 -0.866025 0.356278 -0.425877 -0.866025 0.261971 -0.476196 -0.866025 0.152439 -0.498840 -0.866025 0.034049 -0.492493 -0.866025 -0.086321 -0.457523 -0.866025 -0.201673 -0.395965 -0.866025 -0.305306 -0.311394 -0.866025 -0.391195 -0.208726 -0.866025 -0.454349 -0.093928 -0.866025 -0.491098 0.026328 -0.866025 -0.499307 0.145055 -0.866025 -0.478497 0.255352 -0.866025 -0.429879 0.350808 -0.866025 -0.356278 0.425877 -0.866025 -0.261971 0.476196 -0.866025 -0.152439 0.498840 -0.866025 -0.034049 0.492493 -0.866025 0.086321 0.457523 -0.866025 0.201673 -0.361122 -0.707107 0.607940 -0.205139 -0.707107 0.676696 -0.037233 -0.707107 0.706126 0.132835 -0.707107 0.694518 0.295184 -0.707107 0.642546 -0.255352 -0.866025 0.429879 -0.145055 -0.866025 0.478497 -0.026328 -0.866025 0.499307 0.093928 -0.866025 0.491098 0.208726 -0.866025 0.454349 -0.619001 0.000000 -0.785391 -0.794872 -0.000000 -0.606778 -0.920799 -0.000000 -0.390037 -0.988869 -0.000000 -0.148790 -0.994804 -0.000000 0.101805 -0.938232 -0.000000 0.346005 -0.822708 -0.000000 0.568464 -0.655490 -0.000000 0.755203 -0.447086 -0.000000 0.894491 -0.210588 -0.000000 0.977575 0.039141 -0.000000 0.999234 0.286410 -0.000000 0.958107 0.515684 -0.000000 0.856779 0.712555 -0.000000 0.701617 0.864653 0.000000 0.502369 0.962422 0.000000 0.271555 0.999719 0.000000 0.023679 0.974200 0.000000 -0.225685 0.887469 0.000000 -0.460868 0.744973 0.000000 -0.667094 0.555670 0.000000 -0.831403 0.331451 0.000000 -0.943472 0.086406 0.000000 -0.996260 -0.164069 0.000000 -0.986448 -0.404234 0.000000 -0.914655 0.000000 -1.000000 -0.000000 0.000000 -1.000000 -0.000000 0.000000 -1.000000 -0.000000 0.000000 -1.000000 -0.000000 0.000000 -1.000000 -0.000000 0.000000 -1.000000 -0.000000 0.000000 -1.000000 -0.000000 0.000000 -1.000000 -0.000000 0.000000 -1.000000 -0.000000 0.000000 -1.000000 -0.000000 0.000000 -1.000000 -0.000000 0.000000 -1.000000 -0.000000 0.000000 -1.000000 -0.000000 0.000000 -1.000000 -0.000000 0.000000 -1.000000 -0.000000 0.000000 -1.000000 -0.000000 0.000000 -1.000000 -0.000000 0.000000 -1.000000 -0.000000 0.000000 -1.000000 -0.000000 0.000000 -1.000000 -0.000000 0.000000 -1.000000 -0.000000 0.000000 -1.000000 -0.000000 0.000000 -1.000000 -0.000000 0.000000 -1.000000 -0.000000 0.000000 -1.000000 -0.000000 0.000000 -1.000000 -0.000000 0.000000 -1.000000 -0.000000 0.000000 -1.000000 -0.000000 0.000000 -1.000000 -0.000000 0.000000 -1.000000 -0.000000 0.000000 -1.000000 -0.000000 0.000000 -1.000000 -0.000000 0.000000 -1.000000 -0.000000 0.611402 -0.707107 0.355228 0.503852 -0.707107 0.496118 0.503852 -0.707107 0.496118 0.364643 -0.707107 0.605834 0.358279 -0.707107 0.609619 0.202523 -0.707107 0.677485 0.188290 -0.707107 0.681577 0.027677 -0.707107 0.706565 0.005469 -0.707107 0.707086 -0.148909 -0.707107 0.691250 -0.177725 -0.707107 0.684408 -0.316137 -0.707107 0.632501 -0.348806 -0.707107 0.615089 -0.463501 -0.707107 0.534010 -0.496118 -0.707107 0.503852 -0.581743 -0.707107 0.401964 -0.609619 -0.707107 0.358279 -0.663431 -0.707107 0.244662 -0.681577 -0.707107 0.188290 -0.703433 -0.707107 0.071987 -0.707086 -0.707107 0.005469 -0.699236 -0.707107 -0.105211 -0.684408 -0.707107 -0.177725 -0.651104 -0.707107 -0.275798 -0.615089 -0.707107 -0.348806 -0.562059 -0.707107 -0.429056 -0.503852 -0.707107 -0.496118 -0.437699 -0.707107 -0.555355 -0.358279 -0.707107 -0.609619 -0.285837 -0.707107 -0.646759 -0.188290 -0.707107 -0.681577 -0.116015 -0.707107 -0.697525 -0.005469 -0.707107 -0.707086 0.061097 -0.707107 -0.704463 0.177725 -0.707107 -0.684408 0.234371 -0.707107 -0.667136 0.348806 -0.707107 -0.615089 0.392917 -0.707107 -0.587891 0.496118 -0.707107 -0.503852 0.526776 -0.707107 -0.471707 0.609619 -0.707107 -0.358279 0.627535 -0.707107 -0.325883 0.681577 -0.707107 -0.188290 0.688864 -0.707107 -0.159584 0.707086 -0.707107 -0.005469 0.706908 -0.707107 0.016744 0.684408 -0.707107 0.177725 0.680536 -0.707107 0.192019 0.615089 -0.707107 0.348806 0.000000 -1.000000 -0.000000 0.000000 -1.000000 -0.000000 0.000000 -1.000000 -0.000000 0.000000 -1.000000 -0.000000 0.000000 -1.000000 -0.000000 0.000000 -1.000000 -0.000000 0.000000 -1.000000 -0.000000 0.000000 -1.000000 -0.000000 0.000000 -1.000000 -0.000000 0.000000 -1.000000 -0.000000 0.000000 -1.000000 -0.000000 0.000000 -1.000000 -0.000000 0.000000 -1.000000 -0.000000 0.000000 -1.000000 -0.000000 0.000000 -1.000000 -0.000000 0.000000 -1.000000 -0.000000 0.000000 -1.000000 -0.000000 0.000000 -1.000000 -0.000000 0.000000 -1.000000 -0.000000 0.000000 -1.000000 -0.000000 0.000000 -1.000000 -0.000000 0.000000 -1.000000 -0.000000 0.000000 -1.000000 -0.000000 0.000000 -1.000000 -0.000000 -0.000000 1.000000 0.000000 -0.213212 0.965926 0.146724 -0.000000 1.000000 0.000000 -0.181592 0.965926 0.184422 -0.143408 0.965926 0.215456 -0.350808 0.866025 0.356278 -0.277043 0.866025 0.416230 -0.496118 0.707107 0.503852 -0.391798 0.707107 0.588638 -0.607618 0.500000 0.617091 -0.479852 0.500000 0.720931 -0.677709 0.258819 0.688275 -0.535205 0.258819 0.804095 -0.593068 -0.000000 0.805152 -0.429975 -0.000000 0.902841 -0.237127 0.965926 0.103721 -0.000000 1.000000 0.000000 -0.252472 0.965926 0.056970 -0.000000 1.000000 0.000000 -0.258690 0.965926 0.008160 -0.000000 1.000000 0.000000 -0.255560 0.965926 -0.040944 -0.000000 1.000000 0.000000 -0.243192 0.965926 -0.088570 -0.000000 1.000000 0.000000 -0.222036 0.965926 -0.132994 -0.000000 1.000000 0.000000 -0.192855 0.965926 -0.172611 -0.000000 1.000000 0.000000 -0.156702 0.965926 -0.205990 -0.000000 1.000000 0.000000 -0.114886 0.965926 -0.231923 -0.000000 1.000000 0.000000 -0.068919 0.965926 -0.249474 -0.000000 1.000000 0.000000 -0.020461 0.965926 -0.258009 -0.000000 1.000000 0.000000 0.028738 0.965926 -0.257219 -0.000000 1.000000 0.000000 0.076898 0.965926 -0.247132 -0.000000 1.000000 0.000000 0.122278 0.965926 -0.228113 -0.000000 1.000000 0.000000 0.163239 0.965926 -0.200849 -0.000000 1.000000 0.000000 0.198299 0.965926 -0.166326 0.226194 0.965926 -0.125792 0.436973 0.866025 -0.243011 0.475067 0.866025 -0.155922 0.671845 0.707107 -0.220507 0.701436 0.707107 -0.089375 0.859080 0.500000 -0.109461 0.864271 0.500000 0.055099 0.963969 0.258819 0.061455 0.934919 0.258819 0.242776 0.993816 0.000000 0.111036 0.954843 0.000000 0.297110 0.872077 0.258819 0.415323 0.881360 0.000000 0.472446 0.777718 0.258819 0.572860 0.776021 0.000000 0.630707 0.655249 0.258819 0.709691 0.642635 -0.000000 0.766172 0.509098 0.258819 0.820873 0.486023 -0.000000 0.873946 0.344546 0.258819 0.902386 0.311845 -0.000000 0.950133 0.167542 0.258819 0.951285 0.126396 -0.000000 0.991980 -0.015518 0.258819 0.965801 -0.063622 -0.000000 0.997975 -0.198016 0.258819 0.945411 -0.251340 -0.000000 0.967898 -0.373358 0.258819 0.890851 -0.000000 1.000000 0.000000 0.245913 0.965926 -0.080711 0.495990 0.866025 -0.063197 0.705674 0.707107 0.044988 0.838225 0.500000 0.217667 -0.000000 1.000000 0.000000 0.256744 0.965926 -0.032714 0.498987 0.866025 0.031811 0.684408 0.707107 0.177725 0.781883 0.500000 0.372368 -0.000000 1.000000 0.000000 0.258294 0.965926 0.016467 0.483950 0.866025 0.125670 0.638406 0.707107 0.304038 0.697283 0.500000 0.513611 -0.000000 1.000000 0.000000 0.250511 0.965926 0.065052 0.451420 0.866025 0.214987 0.569329 0.707107 0.419363 0.587480 0.500000 0.636292 -0.000000 1.000000 0.000000 0.233673 0.965926 0.111285 0.402576 0.866025 0.296534 0.479675 0.707107 0.519530 0.456444 0.500000 0.735975 -0.000000 1.000000 0.000000 0.208389 0.965926 0.153497 0.339181 0.866025 0.367364 0.372686 0.707107 0.600920 0.308912 0.500000 0.809058 -0.000000 1.000000 0.000000 0.175573 0.965926 0.190162 0.263529 0.866025 0.424915 0.252226 0.707107 0.660592 0.150214 0.500000 0.852899 -0.000000 1.000000 0.000000 0.136412 0.965926 0.219952 0.178350 0.866025 0.467109 0.122649 0.707107 0.696388 -0.013912 0.500000 0.865914 -0.000000 1.000000 0.000000 0.092321 0.965926 0.241794 0.086727 0.866025 0.492422 -0.011360 0.707107 0.707015 -0.177536 0.500000 0.847633 -0.000000 1.000000 0.000000 0.044893 0.965926 0.254896 -0.008032 0.866025 0.499936 -0.144958 0.707107 0.692089 -0.334744 0.500000 0.798715 -0.000000 1.000000 0.000000 -0.004158 0.965926 0.258786 -0.102501 0.866025 0.489381 -0.273317 0.707107 0.652149 -0.000000 1.000000 0.000000 -0.053058 0.965926 0.253322 -0.193264 0.866025 0.461139 -0.000000 1.000000 0.000000 -0.100041 0.965926 0.238703 -0.000000 1.000000 0.000000 -0.832460 -0.000000 -0.554085 -0.719742 0.258819 -0.644193 -0.712555 0.000000 -0.701617 -0.584821 0.258819 -0.768764 -0.566896 0.000000 -0.823789 -0.428764 0.258819 -0.865548 -0.400749 0.000000 -0.916188 -0.257209 0.258819 -0.931051 -0.220116 0.000000 -0.975473 -0.076358 0.258819 -0.962903 -0.031529 0.000000 -0.999503 0.107253 0.258819 -0.959953 0.158198 0.000000 -0.987408 0.286987 0.258819 -0.922308 0.342207 0.000000 -0.939624 0.456348 0.258819 -0.851328 0.513848 0.000000 -0.857882 0.609216 0.258819 -0.749579 0.666917 0.000000 -0.745132 0.740066 0.258819 -0.620738 0.795882 0.000000 -0.605451 0.844167 0.258819 -0.469462 0.896082 0.000000 -0.443888 0.917758 0.258819 -0.301219 0.963895 0.000000 -0.266283 0.958179 0.258819 -0.122089 0.996870 0.000000 -0.079052 -0.828649 0.258819 -0.496339 -0.922277 -0.000000 -0.386529 -0.907608 0.258819 -0.330547 -0.978761 -0.000000 -0.205001 -0.953762 0.258819 -0.152807 -0.999871 -0.000000 -0.016065 -0.965446 0.258819 0.030455 -0.984842 -0.000000 0.173452 -0.942235 0.258819 0.212617 -0.934218 -0.000000 0.356700 -0.884970 0.258819 0.387093 -0.849831 -0.000000 0.527056 -0.795720 0.258819 0.547580 -0.734726 -0.000000 0.678364 -0.411894 0.866025 0.283448 -0.458094 0.866025 0.200374 -0.487737 0.866025 0.110059 -0.499751 0.866025 0.015765 -0.493703 0.866025 -0.079099 -0.469812 0.866025 -0.171104 -0.428941 0.866025 -0.256924 -0.372566 0.866025 -0.333458 -0.302726 0.866025 -0.397941 -0.221945 0.866025 -0.448041 -0.133141 0.866025 -0.481947 -0.039526 0.866025 -0.498436 0.055518 0.866025 -0.496908 0.148555 0.866025 -0.477421 0.236223 0.866025 -0.440679 0.315353 0.866025 -0.388010 0.383087 0.866025 -0.321318 -0.582507 0.707107 0.400856 -0.647843 0.707107 0.283372 -0.689764 0.707107 0.155646 -0.706755 0.707107 0.022295 -0.698203 0.707107 -0.111863 -0.664415 0.707107 -0.241977 -0.606614 0.707107 -0.363345 -0.526888 0.707107 -0.471582 -0.428119 0.707107 -0.562774 -0.313876 0.707107 -0.633625 -0.188290 0.707107 -0.681577 -0.055898 0.707107 -0.704894 0.078514 0.707107 -0.702735 0.210089 0.707107 -0.675176 0.334070 0.707107 -0.623215 0.445977 0.707107 -0.548730 0.541765 0.707107 -0.454412 0.617974 0.707107 -0.343671 -0.713422 0.500000 0.490947 -0.793442 0.500000 0.347059 -0.844785 0.500000 0.190626 -0.865595 0.500000 0.027305 -0.855120 0.500000 -0.137003 -0.813738 0.500000 -0.296360 -0.742947 0.500000 -0.445005 -0.645303 0.500000 -0.577567 -0.524336 0.500000 -0.689254 -0.384418 0.500000 -0.776030 -0.230607 0.500000 -0.834757 -0.068461 0.500000 -0.863315 0.096159 0.500000 -0.860670 0.257305 0.500000 -0.826919 0.409150 0.500000 -0.763280 0.546208 0.500000 -0.672054 0.663524 0.500000 -0.556539 0.756859 0.500000 -0.420909 0.822839 0.500000 -0.270065 -0.000000 1.000000 0.000000 -0.000000 1.000000 0.000000 -0.000000 1.000000 0.000000 -0.000000 1.000000 0.000000 -0.000000 1.000000 0.000000 -0.000000 1.000000 0.000000 -0.566896 0.000000 -0.823789 -0.712555 0.000000 -0.701617 -0.832460 -0.000000 -0.554085 -0.922277 -0.000000 -0.386529 -0.978761 -0.000000 -0.205001 -0.999871 -0.000000 -0.016065 -0.984842 -0.000000 0.173452 -0.934218 -0.000000 0.356700 -0.849831 -0.000000 0.527056 -0.734726 -0.000000 0.678364 -0.593068 -0.000000 0.805152 -0.429975 -0.000000 0.902841 -0.251340 -0.000000 0.967898 -0.063622 -0.000000 0.997975 0.126396 -0.000000 0.991980 0.311845 -0.000000 0.950133 0.486023 -0.000000 0.873946 0.642635 -0.000000 0.766172 0.776021 0.000000 0.630707 0.881360 0.000000 0.472446 0.954843 0.000000 0.297110 0.993816 0.000000 0.111036 0.996870 0.000000 -0.079052 0.963895 0.000000 -0.266283 0.896082 0.000000 -0.443888 0.795882 0.000000 -0.605451 0.666917 0.000000 -0.745132 0.513848 0.000000 -0.857882 0.342207 0.000000 -0.939624 0.158198 0.000000 -0.987408 -0.031529 0.000000 -0.999503 -0.220116 0.000000 -0.975473 -0.400749 0.000000 -0.916188 -0.251340 -0.000000 0.967898 -0.251340 -0.000000 0.967898 -0.251340 -0.000000 0.967898 -0.251340 -0.000000 0.967898 -0.251340 -0.000000 0.967898 -0.251340 -0.000000 0.967898 -0.251340 -0.000000 0.967898 -0.963895 -0.000000 0.266283 -0.963895 -0.000000 0.266283 -0.963895 -0.000000 0.266283 -0.963895 -0.000000 0.266283 -0.963895 -0.000000 0.266283 -0.963895 -0.000000 0.266283 -0.963895 -0.000000 0.266283 -0.712555 0.000000 -0.701617 -0.712555 0.000000 -0.701617 -0.712555 0.000000 -0.701617 -0.712555 0.000000 -0.701617 -0.712555 0.000000 -0.701617 -0.712555 0.000000 -0.701617 -0.712555 0.000000 -0.701617 0.251340 0.000000 -0.967898 0.251340 0.000000 -0.967898 0.251340 0.000000 -0.967898 0.251340 0.000000 -0.967898 0.251340 0.000000 -0.967898 0.251340 0.000000 -0.967898 0.251340 0.000000 -0.967898 0.712555 -0.000000 0.701617 0.712555 -0.000000 0.701617 0.712555 -0.000000 0.701617 0.712555 -0.000000 0.701617 0.712555 -0.000000 0.701617 0.712555 -0.000000 0.701617 0.712555 -0.000000 0.701617 0.963895 0.000000 -0.266283 0.963895 0.000000 -0.266283 0.963895 0.000000 -0.266283 0.963895 0.000000 -0.266283 0.963895 0.000000 -0.266283 0.963895 0.000000 -0.266283 0.963895 0.000000 -0.266283 0.006149 0.866025 0.499962 0.133141 0.866025 0.481947 0.133141 0.866025 0.481947 0.251372 0.866025 0.432218 0.356278 0.866025 0.350808 0.253342 0.866025 0.431066 0.483950 0.866025 0.125670 0.483950 0.866025 0.125670 0.436054 0.866025 0.244656 0.499998 0.866025 -0.001585 0.481947 0.866025 -0.133141 0.499985 0.866025 -0.003868 0.350808 0.866025 -0.356278 0.350808 0.866025 -0.356278 0.429905 0.866025 -0.255306 0.248626 0.866025 -0.433803 0.125670 0.866025 -0.483950 0.246643 0.866025 -0.434933 -0.133141 0.866025 -0.481947 -0.133141 0.866025 -0.481947 -0.006149 0.866025 -0.499962 -0.251372 0.866025 -0.432218 -0.356278 0.866025 -0.350808 -0.253342 0.866025 -0.431066 -0.483950 0.866025 -0.125670 -0.483950 0.866025 -0.125670 -0.436054 0.866025 -0.244656 -0.499998 0.866025 0.001585 -0.481947 0.866025 0.133141 -0.499985 0.866025 0.003868 -0.350808 0.866025 0.356278 -0.350808 0.866025 0.356278 -0.429905 0.866025 0.255306 -0.248626 0.866025 0.433803 -0.125670 0.866025 0.483950 -0.246643 0.866025 0.434933 0.434933 0.866025 0.246643 0.003868 0.866025 0.499985 -0.431066 0.866025 0.253342 -0.434933 0.866025 -0.246643 -0.003868 0.866025 -0.499985 0.431066 0.866025 -0.253342 -0.864653 -0.000000 -0.502369 -0.764946 -0.258819 -0.589806 -0.712555 0.000000 -0.701617 -0.601568 -0.258819 -0.755731 -0.515684 0.000000 -0.856779 -0.403230 -0.258819 -0.877735 -0.286410 0.000000 -0.958107 -0.181456 -0.258819 -0.948729 -0.039141 0.000000 -0.999234 0.050862 -0.258819 -0.964586 0.210588 0.000000 -0.977575 0.280225 -0.258819 -0.924385 0.447086 0.000000 -0.894491 0.493301 -0.258819 -0.830461 0.655490 0.000000 -0.755203 0.677709 -0.258819 -0.688275 0.822708 0.000000 -0.568464 0.822731 -0.258819 -0.506089 0.938232 0.000000 -0.346005 0.919939 -0.258819 -0.294490 0.994804 0.000000 -0.101805 0.963684 -0.258819 -0.065776 0.988869 0.000000 0.148790 0.951423 -0.258819 0.166759 0.920799 0.000000 0.390037 0.883868 -0.258819 0.389604 0.794872 0.000000 0.606778 0.764946 -0.258819 0.589806 0.601568 -0.258819 0.755731 0.685831 -0.500000 0.528806 0.539351 -0.500000 0.677570 0.559979 -0.707107 0.431768 0.440378 -0.707107 0.553233 0.395965 -0.866025 0.305306 0.311394 -0.866025 0.391195 0.204966 -0.965926 0.158038 0.161190 -0.965926 0.202498 0.000000 -1.000000 -0.000000 0.000000 -1.000000 -0.000000 -0.883868 -0.258819 -0.389604 -0.962422 -0.000000 -0.271555 -0.951423 -0.258819 -0.166759 -0.999719 -0.000000 -0.023679 -0.963684 -0.258819 0.065776 -0.974200 -0.000000 0.225685 -0.919939 -0.258819 0.294490 -0.887469 -0.000000 0.460868 -0.822731 -0.258819 0.506089 -0.744973 -0.000000 0.667094 -0.677709 -0.258819 0.688275 -0.555670 -0.000000 0.831403 -0.493301 -0.258819 0.830461 -0.331451 -0.000000 0.943472 -0.280225 -0.258819 0.924385 -0.086406 -0.000000 0.996260 -0.050862 -0.258819 0.964586 0.164069 -0.000000 0.986448 0.181456 -0.258819 0.948729 0.404234 -0.000000 0.914655 0.403230 -0.258819 0.877735 0.619001 -0.000000 0.785391 0.000000 -1.000000 -0.000000 -0.220450 -0.965926 0.135606 0.000000 -1.000000 -0.000000 -0.181592 -0.965926 0.184422 0.000000 -1.000000 -0.000000 -0.132180 -0.965926 0.222522 0.000000 -1.000000 -0.000000 -0.075086 -0.965926 0.247689 0.000000 -1.000000 -0.000000 -0.013629 -0.965926 0.258460 0.000000 -1.000000 -0.000000 0.048621 -0.965926 0.254211 0.000000 -1.000000 -0.000000 0.108045 -0.965926 0.235188 -0.246497 -0.965926 0.078909 0.000000 -1.000000 -0.000000 -0.258218 -0.965926 0.017625 0.000000 -1.000000 -0.000000 -0.254933 -0.965926 -0.044683 0.000000 -1.000000 -0.000000 -0.236832 -0.965926 -0.104394 0.000000 -1.000000 -0.000000 -0.204966 -0.965926 -0.158038 0.000000 -1.000000 -0.000000 -0.161190 -0.965926 -0.202498 0.000000 -1.000000 -0.000000 -0.108045 -0.965926 -0.235188 0.000000 -1.000000 -0.000000 -0.048621 -0.965926 -0.254211 0.000000 -1.000000 -0.000000 0.013629 -0.965926 -0.258460 0.000000 -1.000000 -0.000000 0.075086 -0.965926 -0.247689 0.000000 -1.000000 -0.000000 0.132180 -0.965926 -0.222522 0.000000 -1.000000 -0.000000 0.181592 -0.965926 -0.184422 0.000000 -1.000000 -0.000000 0.220450 -0.965926 -0.135606 0.000000 -1.000000 -0.000000 0.246497 -0.965926 -0.078909 0.000000 -1.000000 -0.000000 0.258218 -0.965926 -0.017625 0.000000 -1.000000 -0.000000 0.254933 -0.965926 0.044683 0.000000 -1.000000 -0.000000 0.236832 -0.965926 0.104394 0.000000 -1.000000 -0.000000 -0.607618 -0.500000 0.617091 -0.737640 -0.500000 0.453746 -0.824795 -0.500000 0.264033 -0.864015 -0.500000 0.058973 -0.853022 -0.500000 -0.149513 -0.792454 -0.500000 -0.349309 -0.685831 -0.500000 -0.528806 -0.539351 -0.500000 -0.677570 -0.361525 -0.500000 -0.786956 -0.162689 -0.500000 -0.850607 0.045601 -0.500000 -0.864824 0.251243 -0.500000 -0.828781 0.442282 -0.500000 -0.744571 0.607618 -0.500000 -0.617091 0.737640 -0.500000 -0.453746 0.824795 -0.500000 -0.264033 0.864015 -0.500000 -0.058973 0.853022 -0.500000 0.149513 0.792454 -0.500000 0.349309 -0.496118 -0.707107 0.503852 -0.602281 -0.707107 0.370482 -0.673443 -0.707107 0.215582 -0.705466 -0.707107 0.048152 -0.696489 -0.707107 -0.122077 -0.647036 -0.707107 -0.285209 -0.559979 -0.707107 -0.431768 -0.440378 -0.707107 -0.553233 -0.295184 -0.707107 -0.642546 -0.132835 -0.707107 -0.694518 0.037233 -0.707107 -0.706126 0.205139 -0.707107 -0.676696 0.361122 -0.707107 -0.607940 0.496118 -0.707107 -0.503852 0.602281 -0.707107 -0.370482 0.673443 -0.707107 -0.215582 0.705466 -0.707107 -0.048152 0.696489 -0.707107 0.122077 0.647036 -0.707107 0.285209 -0.442282 -0.500000 0.744571 -0.251243 -0.500000 0.828781 -0.045601 -0.500000 0.864824 0.162689 -0.500000 0.850607 0.361525 -0.500000 0.786956 -0.350808 -0.866025 0.356278 -0.425877 -0.866025 0.261971 -0.476196 -0.866025 0.152439 -0.498840 -0.866025 0.034049 -0.492493 -0.866025 -0.086321 -0.457523 -0.866025 -0.201673 -0.395965 -0.866025 -0.305306 -0.311394 -0.866025 -0.391195 -0.208726 -0.866025 -0.454349 -0.093928 -0.866025 -0.491098 0.026328 -0.866025 -0.499307 0.145055 -0.866025 -0.478497 0.255352 -0.866025 -0.429879 0.350808 -0.866025 -0.356278 0.425877 -0.866025 -0.261971 0.476196 -0.866025 -0.152439 0.498840 -0.866025 -0.034049 0.492493 -0.866025 0.086321 0.457523 -0.866025 0.201673 -0.361122 -0.707107 0.607940 -0.205139 -0.707107 0.676696 -0.037233 -0.707107 0.706126 0.132835 -0.707107 0.694518 0.295184 -0.707107 0.642546 -0.255352 -0.866025 0.429879 -0.145055 -0.866025 0.478497 -0.026328 -0.866025 0.499307 0.093928 -0.866025 0.491098 0.208726 -0.866025 0.454349 -0.619001 0.000000 -0.785391 -0.794872 -0.000000 -0.606778 -0.920799 -0.000000 -0.390037 -0.988869 -0.000000 -0.148790 -0.994804 -0.000000 0.101805 -0.938232 -0.000000 0.346005 -0.822708 -0.000000 0.568464 -0.655490 -0.000000 0.755203 -0.447086 -0.000000 0.894491 -0.210588 -0.000000 0.977575 0.039141 -0.000000 0.999234 0.286410 -0.000000 0.958107 0.515684 -0.000000 0.856779 0.712555 -0.000000 0.701617 0.864653 0.000000 0.502369 0.962422 0.000000 0.271555 0.999719 0.000000 0.023679 0.974200 0.000000 -0.225685 0.887469 0.000000 -0.460868 0.744973 0.000000 -0.667094 0.555670 0.000000 -0.831403 0.331451 0.000000 -0.943472 0.086406 0.000000 -0.996260 -0.164069 0.000000 -0.986448 -0.404234 0.000000 -0.914655 0.000000 -1.000000 -0.000000 0.000000 -1.000000 -0.000000 0.000000 -1.000000 -0.000000 0.000000 -1.000000 -0.000000 0.000000 -1.000000 -0.000000 0.000000 -1.000000 -0.000000 0.000000 -1.000000 -0.000000 0.000000 -1.000000 -0.000000 0.000000 -1.000000 -0.000000 0.000000 -1.000000 -0.000000 0.000000 -1.000000 -0.000000 0.000000 -1.000000 -0.000000 0.000000 -1.000000 -0.000000 0.000000 -1.000000 -0.000000 0.000000 -1.000000 -0.000000 0.000000 -1.000000 -0.000000 0.000000 -1.000000 -0.000000 0.000000 -1.000000 -0.000000 0.000000 -1.000000 -0.000000 0.000000 -1.000000 -0.000000 0.000000 -1.000000 -0.000000 0.000000 -1.000000 -0.000000 0.000000 -1.000000 -0.000000 0.000000 -1.000000 -0.000000 0.000000 -1.000000 -0.000000 0.000000 -1.000000 -0.000000 0.000000 -1.000000 -0.000000 0.000000 -1.000000 -0.000000 0.000000 -1.000000 -0.000000 0.000000 -1.000000 -0.000000 0.000000 -1.000000 -0.000000 0.000000 -1.000000 -0.000000 0.000000 -1.000000 -0.000000 0.611402 -0.707107 0.355228 0.503852 -0.707107 0.496118 0.503852 -0.707107 0.496118 0.364643 -0.707107 0.605834 0.358279 -0.707107 0.609619 0.202523 -0.707107 0.677485 0.188290 -0.707107 0.681577 0.027677 -0.707107 0.706565 0.005469 -0.707107 0.707086 -0.148909 -0.707107 0.691250 -0.177725 -0.707107 0.684408 -0.316137 -0.707107 0.632501 -0.348806 -0.707107 0.615089 -0.463501 -0.707107 0.534010 -0.496118 -0.707107 0.503852 -0.581743 -0.707107 0.401964 -0.609619 -0.707107 0.358279 -0.663431 -0.707107 0.244662 -0.681577 -0.707107 0.188290 -0.703433 -0.707107 0.071987 -0.707086 -0.707107 0.005469 -0.699236 -0.707107 -0.105211 -0.684408 -0.707107 -0.177725 -0.651104 -0.707107 -0.275798 -0.615089 -0.707107 -0.348806 -0.562059 -0.707107 -0.429056 -0.503852 -0.707107 -0.496118 -0.437699 -0.707107 -0.555355 -0.358279 -0.707107 -0.609619 -0.285837 -0.707107 -0.646759 -0.188290 -0.707107 -0.681577 -0.116015 -0.707107 -0.697525 -0.005469 -0.707107 -0.707086 0.061097 -0.707107 -0.704463 0.177725 -0.707107 -0.684408 0.234371 -0.707107 -0.667136 0.348806 -0.707107 -0.615089 0.392917 -0.707107 -0.587891 0.496118 -0.707107 -0.503852 0.526776 -0.707107 -0.471707 0.609619 -0.707107 -0.358279 0.627535 -0.707107 -0.325883 0.681577 -0.707107 -0.188290 0.688864 -0.707107 -0.159584 0.707086 -0.707107 -0.005469 0.706908 -0.707107 0.016744 0.684408 -0.707107 0.177725 0.680536 -0.707107 0.192019 0.615089 -0.707107 0.348806 0.000000 -1.000000 -0.000000 0.000000 -1.000000 -0.000000 0.000000 -1.000000 -0.000000 0.000000 -1.000000 -0.000000 0.000000 -1.000000 -0.000000 0.000000 -1.000000 -0.000000 0.000000 -1.000000 -0.000000 0.000000 -1.000000 -0.000000 0.000000 -1.000000 -0.000000 0.000000 -1.000000 -0.000000 0.000000 -1.000000 -0.000000 0.000000 -1.000000 -0.000000 0.000000 -1.000000 -0.000000 0.000000 -1.000000 -0.000000 0.000000 -1.000000 -0.000000 0.000000 -1.000000 -0.000000 0.000000 -1.000000 -0.000000 0.000000 -1.000000 -0.000000 0.000000 -1.000000 -0.000000 0.000000 -1.000000 -0.000000 0.000000 -1.000000 -0.000000 0.000000 -1.000000 -0.000000 0.000000 -1.000000 -0.000000 0.000000 -1.000000 -0.000000 -0.000000 1.000000 0.000000 -0.213212 0.965926 0.146724 -0.000000 1.000000 0.000000 -0.181592 0.965926 0.184422 -0.143408 0.965926 0.215456 -0.350808 0.866025 0.356278 -0.277043 0.866025 0.416230 -0.496118 0.707107 0.503852 -0.391798 0.707107 0.588638 -0.607618 0.500000 0.617091 -0.479852 0.500000 0.720931 -0.677709 0.258819 0.688275 -0.535205 0.258819 0.804095 -0.593068 -0.000000 0.805152 -0.429975 -0.000000 0.902841 -0.237127 0.965926 0.103721 -0.000000 1.000000 0.000000 -0.252472 0.965926 0.056970 -0.000000 1.000000 0.000000 -0.258690 0.965926 0.008160 -0.000000 1.000000 0.000000 -0.255560 0.965926 -0.040944 -0.000000 1.000000 0.000000 -0.243192 0.965926 -0.088570 -0.000000 1.000000 0.000000 -0.222036 0.965926 -0.132994 -0.000000 1.000000 0.000000 -0.192855 0.965926 -0.172611 -0.000000 1.000000 0.000000 -0.156702 0.965926 -0.205990 -0.000000 1.000000 0.000000 -0.114886 0.965926 -0.231923 -0.000000 1.000000 0.000000 -0.068919 0.965926 -0.249474 -0.000000 1.000000 0.000000 -0.020461 0.965926 -0.258009 -0.000000 1.000000 0.000000 0.028738 0.965926 -0.257219 -0.000000 1.000000 0.000000 0.076898 0.965926 -0.247132 -0.000000 1.000000 0.000000 0.122278 0.965926 -0.228113 -0.000000 1.000000 0.000000 0.163239 0.965926 -0.200849 -0.000000 1.000000 0.000000 0.198299 0.965926 -0.166326 0.226194 0.965926 -0.125792 0.436973 0.866025 -0.243011 0.475067 0.866025 -0.155922 0.671845 0.707107 -0.220507 0.701436 0.707107 -0.089375 0.859080 0.500000 -0.109461 0.864271 0.500000 0.055099 0.963969 0.258819 0.061455 0.934919 0.258819 0.242776 0.993816 0.000000 0.111036 0.954843 0.000000 0.297110 0.872077 0.258819 0.415323 0.881360 0.000000 0.472446 0.777718 0.258819 0.572860 0.776021 0.000000 0.630707 0.655249 0.258819 0.709691 0.642635 -0.000000 0.766172 0.509098 0.258819 0.820873 0.486023 -0.000000 0.873946 0.344546 0.258819 0.902386 0.311845 -0.000000 0.950133 0.167542 0.258819 0.951285 0.126396 -0.000000 0.991980 -0.015518 0.258819 0.965801 -0.063622 -0.000000 0.997975 -0.198016 0.258819 0.945411 -0.251340 -0.000000 0.967898 -0.373358 0.258819 0.890851 -0.000000 1.000000 0.000000 0.245913 0.965926 -0.080711 0.495990 0.866025 -0.063197 0.705674 0.707107 0.044988 0.838225 0.500000 0.217667 -0.000000 1.000000 0.000000 0.256744 0.965926 -0.032714 0.498987 0.866025 0.031811 0.684408 0.707107 0.177725 0.781883 0.500000 0.372368 -0.000000 1.000000 0.000000 0.258294 0.965926 0.016467 0.483950 0.866025 0.125670 0.638406 0.707107 0.304038 0.697283 0.500000 0.513611 -0.000000 1.000000 0.000000 0.250511 0.965926 0.065052 0.451420 0.866025 0.214987 0.569329 0.707107 0.419363 0.587480 0.500000 0.636292 -0.000000 1.000000 0.000000 0.233673 0.965926 0.111285 0.402576 0.866025 0.296534 0.479675 0.707107 0.519530 0.456444 0.500000 0.735975 -0.000000 1.000000 0.000000 0.208389 0.965926 0.153497 0.339181 0.866025 0.367364 0.372686 0.707107 0.600920 0.308912 0.500000 0.809058 -0.000000 1.000000 0.000000 0.175573 0.965926 0.190162 0.263529 0.866025 0.424915 0.252226 0.707107 0.660592 0.150214 0.500000 0.852899 -0.000000 1.000000 0.000000 0.136412 0.965926 0.219952 0.178350 0.866025 0.467109 0.122649 0.707107 0.696388 -0.013912 0.500000 0.865914 -0.000000 1.000000 0.000000 0.092321 0.965926 0.241794 0.086727 0.866025 0.492422 -0.011360 0.707107 0.707015 -0.177536 0.500000 0.847633 -0.000000 1.000000 0.000000 0.044893 0.965926 0.254896 -0.008032 0.866025 0.499936 -0.144958 0.707107 0.692089 -0.334744 0.500000 0.798715 -0.000000 1.000000 0.000000 -0.004158 0.965926 0.258786 -0.102501 0.866025 0.489381 -0.273317 0.707107 0.652149 -0.000000 1.000000 0.000000 -0.053058 0.965926 0.253322 -0.193264 0.866025 0.461139 -0.000000 1.000000 0.000000 -0.100041 0.965926 0.238703 -0.000000 1.000000 0.000000 -0.832460 -0.000000 -0.554085 -0.719742 0.258819 -0.644193 -0.712555 0.000000 -0.701617 -0.584821 0.258819 -0.768764 -0.566896 0.000000 -0.823789 -0.428764 0.258819 -0.865548 -0.400749 0.000000 -0.916188 -0.257209 0.258819 -0.931051 -0.220116 0.000000 -0.975473 -0.076358 0.258819 -0.962903 -0.031529 0.000000 -0.999503 0.107253 0.258819 -0.959953 0.158198 0.000000 -0.987408 0.286987 0.258819 -0.922308 0.342207 0.000000 -0.939624 0.456348 0.258819 -0.851328 0.513848 0.000000 -0.857882 0.609216 0.258819 -0.749579 0.666917 0.000000 -0.745132 0.740066 0.258819 -0.620738 0.795882 0.000000 -0.605451 0.844167 0.258819 -0.469462 0.896082 0.000000 -0.443888 0.917758 0.258819 -0.301219 0.963895 0.000000 -0.266283 0.958179 0.258819 -0.122089 0.996870 0.000000 -0.079052 -0.828649 0.258819 -0.496339 -0.922277 -0.000000 -0.386529 -0.907608 0.258819 -0.330547 -0.978761 -0.000000 -0.205001 -0.953762 0.258819 -0.152807 -0.999871 -0.000000 -0.016065 -0.965446 0.258819 0.030455 -0.984842 -0.000000 0.173452 -0.942235 0.258819 0.212617 -0.934218 -0.000000 0.356700 -0.884970 0.258819 0.387093 -0.849831 -0.000000 0.527056 -0.795720 0.258819 0.547580 -0.734726 -0.000000 0.678364 -0.411894 0.866025 0.283448 -0.458094 0.866025 0.200374 -0.487737 0.866025 0.110059 -0.499751 0.866025 0.015765 -0.493703 0.866025 -0.079099 -0.469812 0.866025 -0.171104 -0.428941 0.866025 -0.256924 -0.372566 0.866025 -0.333458 -0.302726 0.866025 -0.397941 -0.221945 0.866025 -0.448041 -0.133141 0.866025 -0.481947 -0.039526 0.866025 -0.498436 0.055518 0.866025 -0.496908 0.148555 0.866025 -0.477421 0.236223 0.866025 -0.440679 0.315353 0.866025 -0.388010 0.383087 0.866025 -0.321318 -0.582507 0.707107 0.400856 -0.647843 0.707107 0.283372 -0.689764 0.707107 0.155646 -0.706755 0.707107 0.022295 -0.698203 0.707107 -0.111863 -0.664415 0.707107 -0.241977 -0.606614 0.707107 -0.363345 -0.526888 0.707107 -0.471582 -0.428119 0.707107 -0.562774 -0.313876 0.707107 -0.633625 -0.188290 0.707107 -0.681577 -0.055898 0.707107 -0.704894 0.078514 0.707107 -0.702735 0.210089 0.707107 -0.675176 0.334070 0.707107 -0.623215 0.445977 0.707107 -0.548730 0.541765 0.707107 -0.454412 0.617974 0.707107 -0.343671 -0.713422 0.500000 0.490947 -0.793442 0.500000 0.347059 -0.844785 0.500000 0.190626 -0.865595 0.500000 0.027305 -0.855120 0.500000 -0.137003 -0.813738 0.500000 -0.296360 -0.742947 0.500000 -0.445005 -0.645303 0.500000 -0.577567 -0.524336 0.500000 -0.689254 -0.384418 0.500000 -0.776030 -0.230607 0.500000 -0.834757 -0.068461 0.500000 -0.863315 0.096159 0.500000 -0.860670 0.257305 0.500000 -0.826919 0.409150 0.500000 -0.763280 0.546208 0.500000 -0.672054 0.663524 0.500000 -0.556539 0.756859 0.500000 -0.420909 0.822839 0.500000 -0.270065 -0.000000 1.000000 0.000000 -0.000000 1.000000 0.000000 -0.000000 1.000000 0.000000 -0.000000 1.000000 0.000000 -0.000000 1.000000 0.000000 -0.000000 1.000000 0.000000 -0.566896 0.000000 -0.823789 -0.712555 0.000000 -0.701617 -0.832460 -0.000000 -0.554085 -0.922277 -0.000000 -0.386529 -0.978761 -0.000000 -0.205001 -0.999871 -0.000000 -0.016065 -0.984842 -0.000000 0.173452 -0.934218 -0.000000 0.356700 -0.849831 -0.000000 0.527056 -0.734726 -0.000000 0.678364 -0.593068 -0.000000 0.805152 -0.429975 -0.000000 0.902841 -0.251340 -0.000000 0.967898 -0.063622 -0.000000 0.997975 0.126396 -0.000000 0.991980 0.311845 -0.000000 0.950133 0.486023 -0.000000 0.873946 0.642635 -0.000000 0.766172 0.776021 0.000000 0.630707 0.881360 0.000000 0.472446 0.954843 0.000000 0.297110 0.993816 0.000000 0.111036 0.996870 0.000000 -0.079052 0.963895 0.000000 -0.266283 0.896082 0.000000 -0.443888 0.795882 0.000000 -0.605451 0.666917 0.000000 -0.745132 0.513848 0.000000 -0.857882 0.342207 0.000000 -0.939624 0.158198 0.000000 -0.987408 -0.031529 0.000000 -0.999503 -0.220116 0.000000 -0.975473 -0.400749 0.000000 -0.916188 -0.251340 -0.000000 0.967898 -0.251340 -0.000000 0.967898 -0.251340 -0.000000 0.967898 -0.251340 -0.000000 0.967898 -0.251340 -0.000000 0.967898 -0.251340 -0.000000 0.967898 -0.251340 -0.000000 0.967898 -0.963895 -0.000000 0.266283 -0.963895 -0.000000 0.266283 -0.963895 -0.000000 0.266283 -0.963895 -0.000000 0.266283 -0.963895 -0.000000 0.266283 -0.963895 -0.000000 0.266283 -0.963895 -0.000000 0.266283 -0.712555 0.000000 -0.701617 -0.712555 0.000000 -0.701617 -0.712555 0.000000 -0.701617 -0.712555 0.000000 -0.701617 -0.712555 0.000000 -0.701617 -0.712555 0.000000 -0.701617 -0.712555 0.000000 -0.701617 0.251340 0.000000 -0.967898 0.251340 0.000000 -0.967898 0.251340 0.000000 -0.967898 0.251340 0.000000 -0.967898 0.251340 0.000000 -0.967898 0.251340 0.000000 -0.967898 0.251340 0.000000 -0.967898 0.712555 -0.000000 0.701617 0.712555 -0.000000 0.701617 0.712555 -0.000000 0.701617 0.712555 -0.000000 0.701617 0.712555 -0.000000 0.701617 0.712555 -0.000000 0.701617 0.712555 -0.000000 0.701617 0.963895 0.000000 -0.266283 0.963895 0.000000 -0.266283 0.963895 0.000000 -0.266283 0.963895 0.000000 -0.266283 0.963895 0.000000 -0.266283 0.963895 0.000000 -0.266283 0.963895 0.000000 -0.266283 0.006149 0.866025 0.499962 0.133141 0.866025 0.481947 0.133141 0.866025 0.481947 0.251372 0.866025 0.432218 0.356278 0.866025 0.350808 0.253342 0.866025 0.431066 0.483950 0.866025 0.125670 0.483950 0.866025 0.125670 0.436054 0.866025 0.244656 0.499998 0.866025 -0.001585 0.481947 0.866025 -0.133141 0.499985 0.866025 -0.003868 0.350808 0.866025 -0.356278 0.350808 0.866025 -0.356278 0.429905 0.866025 -0.255306 0.248626 0.866025 -0.433803 0.125670 0.866025 -0.483950 0.246643 0.866025 -0.434933 -0.133141 0.866025 -0.481947 -0.133141 0.866025 -0.481947 -0.006149 0.866025 -0.499962 -0.251372 0.866025 -0.432218 -0.356278 0.866025 -0.350808 -0.253342 0.866025 -0.431066 -0.483950 0.866025 -0.125670 -0.483950 0.866025 -0.125670 -0.436054 0.866025 -0.244656 -0.499998 0.866025 0.001585 -0.481947 0.866025 0.133141 -0.499985 0.866025 0.003868 -0.350808 0.866025 0.356278 -0.350808 0.866025 0.356278 -0.429905 0.866025 0.255306 -0.248626 0.866025 0.433803 -0.125670 0.866025 0.483950 -0.246643 0.866025 0.434933 0.434933 0.866025 0.246643 0.003868 0.866025 0.499985 -0.431066 0.866025 0.253342 -0.434933 0.866025 -0.246643 -0.003868 0.866025 -0.499985 0.431066 0.866025 -0.253342 -0.864653 -0.000000 -0.502369 -0.764946 -0.258819 -0.589806 -0.712555 0.000000 -0.701617 -0.601568 -0.258819 -0.755731 -0.515684 0.000000 -0.856779 -0.403230 -0.258819 -0.877735 -0.286410 0.000000 -0.958107 -0.181456 -0.258819 -0.948729 -0.039141 0.000000 -0.999234 0.050862 -0.258819 -0.964586 0.210588 0.000000 -0.977575 0.280225 -0.258819 -0.924385 0.447086 0.000000 -0.894491 0.493301 -0.258819 -0.830461 0.655490 0.000000 -0.755203 0.677709 -0.258819 -0.688275 0.822708 0.000000 -0.568464 0.822731 -0.258819 -0.506089 0.938232 0.000000 -0.346005 0.919939 -0.258819 -0.294490 0.994804 0.000000 -0.101805 0.963684 -0.258819 -0.065776 0.988869 0.000000 0.148790 0.951423 -0.258819 0.166759 0.920799 0.000000 0.390037 0.883868 -0.258819 0.389604 0.794872 0.000000 0.606778 0.764946 -0.258819 0.589806 0.601568 -0.258819 0.755731 0.685831 -0.500000 0.528806 0.539351 -0.500000 0.677570 0.559979 -0.707107 0.431768 0.440378 -0.707107 0.553233 0.395965 -0.866025 0.305306 0.311394 -0.866025 0.391195 0.204966 -0.965926 0.158038 0.161190 -0.965926 0.202498 0.000000 -1.000000 -0.000000 0.000000 -1.000000 -0.000000 -0.883868 -0.258819 -0.389604 -0.962422 -0.000000 -0.271555 -0.951423 -0.258819 -0.166759 -0.999719 -0.000000 -0.023679 -0.963684 -0.258819 0.065776 -0.974200 -0.000000 0.225685 -0.919939 -0.258819 0.294490 -0.887469 -0.000000 0.460868 -0.822731 -0.258819 0.506089 -0.744973 -0.000000 0.667094 -0.677709 -0.258819 0.688275 -0.555670 -0.000000 0.831403 -0.493301 -0.258819 0.830461 -0.331451 -0.000000 0.943472 -0.280225 -0.258819 0.924385 -0.086406 -0.000000 0.996260 -0.050862 -0.258819 0.964586 0.164069 -0.000000 0.986448 0.181456 -0.258819 0.948729 0.404234 -0.000000 0.914655 0.403230 -0.258819 0.877735 0.619001 -0.000000 0.785391 0.000000 -1.000000 -0.000000 -0.220450 -0.965926 0.135606 0.000000 -1.000000 -0.000000 -0.181592 -0.965926 0.184422 0.000000 -1.000000 -0.000000 -0.132180 -0.965926 0.222522 0.000000 -1.000000 -0.000000 -0.075086 -0.965926 0.247689 0.000000 -1.000000 -0.000000 -0.013629 -0.965926 0.258460 0.000000 -1.000000 -0.000000 0.048621 -0.965926 0.254211 0.000000 -1.000000 -0.000000 0.108045 -0.965926 0.235188 -0.246497 -0.965926 0.078909 0.000000 -1.000000 -0.000000 -0.258218 -0.965926 0.017625 0.000000 -1.000000 -0.000000 -0.254933 -0.965926 -0.044683 0.000000 -1.000000 -0.000000 -0.236832 -0.965926 -0.104394 0.000000 -1.000000 -0.000000 -0.204966 -0.965926 -0.158038 0.000000 -1.000000 -0.000000 -0.161190 -0.965926 -0.202498 0.000000 -1.000000 -0.000000 -0.108045 -0.965926 -0.235188 0.000000 -1.000000 -0.000000 -0.048621 -0.965926 -0.254211 0.000000 -1.000000 -0.000000 0.013629 -0.965926 -0.258460 0.000000 -1.000000 -0.000000 0.075086 -0.965926 -0.247689 0.000000 -1.000000 -0.000000 0.132180 -0.965926 -0.222522 0.000000 -1.000000 -0.000000 0.181592 -0.965926 -0.184422 0.000000 -1.000000 -0.000000 0.220450 -0.965926 -0.135606 0.000000 -1.000000 -0.000000 0.246497 -0.965926 -0.078909 0.000000 -1.000000 -0.000000 0.258218 -0.965926 -0.017625 0.000000 -1.000000 -0.000000 0.254933 -0.965926 0.044683 0.000000 -1.000000 -0.000000 0.236832 -0.965926 0.104394 0.000000 -1.000000 -0.000000 -0.607618 -0.500000 0.617091 -0.737640 -0.500000 0.453746 -0.824795 -0.500000 0.264033 -0.864015 -0.500000 0.058973 -0.853022 -0.500000 -0.149513 -0.792454 -0.500000 -0.349309 -0.685831 -0.500000 -0.528806 -0.539351 -0.500000 -0.677570 -0.361525 -0.500000 -0.786956 -0.162689 -0.500000 -0.850607 0.045601 -0.500000 -0.864824 0.251243 -0.500000 -0.828781 0.442282 -0.500000 -0.744571 0.607618 -0.500000 -0.617091 0.737640 -0.500000 -0.453746 0.824795 -0.500000 -0.264033 0.864015 -0.500000 -0.058973 0.853022 -0.500000 0.149513 0.792454 -0.500000 0.349309 -0.496118 -0.707107 0.503852 -0.602281 -0.707107 0.370482 -0.673443 -0.707107 0.215582 -0.705466 -0.707107 0.048152 -0.696489 -0.707107 -0.122077 -0.647036 -0.707107 -0.285209 -0.559979 -0.707107 -0.431768 -0.440378 -0.707107 -0.553233 -0.295184 -0.707107 -0.642546 -0.132835 -0.707107 -0.694518 0.037233 -0.707107 -0.706126 0.205139 -0.707107 -0.676696 0.361122 -0.707107 -0.607940 0.496118 -0.707107 -0.503852 0.602281 -0.707107 -0.370482 0.673443 -0.707107 -0.215582 0.705466 -0.707107 -0.048152 0.696489 -0.707107 0.122077 0.647036 -0.707107 0.285209 -0.442282 -0.500000 0.744571 -0.251243 -0.500000 0.828781 -0.045601 -0.500000 0.864824 0.162689 -0.500000 0.850607 0.361525 -0.500000 0.786956 -0.350808 -0.866025 0.356278 -0.425877 -0.866025 0.261971 -0.476196 -0.866025 0.152439 -0.498840 -0.866025 0.034049 -0.492493 -0.866025 -0.086321 -0.457523 -0.866025 -0.201673 -0.395965 -0.866025 -0.305306 -0.311394 -0.866025 -0.391195 -0.208726 -0.866025 -0.454349 -0.093928 -0.866025 -0.491098 0.026328 -0.866025 -0.499307 0.145055 -0.866025 -0.478497 0.255352 -0.866025 -0.429879 0.350808 -0.866025 -0.356278 0.425877 -0.866025 -0.261971 0.476196 -0.866025 -0.152439 0.498840 -0.866025 -0.034049 0.492493 -0.866025 0.086321 0.457523 -0.866025 0.201673 -0.361122 -0.707107 0.607940 -0.205139 -0.707107 0.676696 -0.037233 -0.707107 0.706126 0.132835 -0.707107 0.694518 0.295184 -0.707107 0.642546 -0.255352 -0.866025 0.429879 -0.145055 -0.866025 0.478497 -0.026328 -0.866025 0.499307 0.093928 -0.866025 0.491098 0.208726 -0.866025 0.454349 -0.619001 0.000000 -0.785391 -0.794872 -0.000000 -0.606778 -0.920799 -0.000000 -0.390037 -0.988869 -0.000000 -0.148790 -0.994804 -0.000000 0.101805 -0.938232 -0.000000 0.346005 -0.822708 -0.000000 0.568464 -0.655490 -0.000000 0.755203 -0.447086 -0.000000 0.894491 -0.210588 -0.000000 0.977575 0.039141 -0.000000 0.999234 0.286410 -0.000000 0.958107 0.515684 -0.000000 0.856779 0.712555 -0.000000 0.701617 0.864653 0.000000 0.502369 0.962422 0.000000 0.271555 0.999719 0.000000 0.023679 0.974200 0.000000 -0.225685 0.887469 0.000000 -0.460868 0.744973 0.000000 -0.667094 0.555670 0.000000 -0.831403 0.331451 0.000000 -0.943472 0.086406 0.000000 -0.996260 -0.164069 0.000000 -0.986448 -0.404234 0.000000 -0.914655 0.000000 -1.000000 -0.000000 0.000000 -1.000000 -0.000000 0.000000 -1.000000 -0.000000 0.000000 -1.000000 -0.000000 0.000000 -1.000000 -0.000000 0.000000 -1.000000 -0.000000 0.000000 -1.000000 -0.000000 0.000000 -1.000000 -0.000000 0.000000 -1.000000 -0.000000 0.000000 -1.000000 -0.000000 0.000000 -1.000000 -0.000000 0.000000 -1.000000 -0.000000 0.000000 -1.000000 -0.000000 0.000000 -1.000000 -0.000000 0.000000 -1.000000 -0.000000 0.000000 -1.000000 -0.000000 0.000000 -1.000000 -0.000000 0.000000 -1.000000 -0.000000 0.000000 -1.000000 -0.000000 0.000000 -1.000000 -0.000000 0.000000 -1.000000 -0.000000 0.000000 -1.000000 -0.000000 0.000000 -1.000000 -0.000000 0.000000 -1.000000 -0.000000 0.000000 -1.000000 -0.000000 0.000000 -1.000000 -0.000000 0.000000 -1.000000 -0.000000 0.000000 -1.000000 -0.000000 0.000000 -1.000000 -0.000000 0.000000 -1.000000 -0.000000 0.000000 -1.000000 -0.000000 0.000000 -1.000000 -0.000000 0.000000 -1.000000 -0.000000 0.611402 -0.707107 0.355228 0.503852 -0.707107 0.496118 0.503852 -0.707107 0.496118 0.364643 -0.707107 0.605834 0.358279 -0.707107 0.609619 0.202523 -0.707107 0.677485 0.188290 -0.707107 0.681577 0.027677 -0.707107 0.706565 0.005469 -0.707107 0.707086 -0.148909 -0.707107 0.691250 -0.177725 -0.707107 0.684408 -0.316137 -0.707107 0.632501 -0.348806 -0.707107 0.615089 -0.463501 -0.707107 0.534010 -0.496118 -0.707107 0.503852 -0.581743 -0.707107 0.401964 -0.609619 -0.707107 0.358279 -0.663431 -0.707107 0.244662 -0.681577 -0.707107 0.188290 -0.703433 -0.707107 0.071987 -0.707086 -0.707107 0.005469 -0.699236 -0.707107 -0.105211 -0.684408 -0.707107 -0.177725 -0.651104 -0.707107 -0.275798 -0.615089 -0.707107 -0.348806 -0.562059 -0.707107 -0.429056 -0.503852 -0.707107 -0.496118 -0.437699 -0.707107 -0.555355 -0.358279 -0.707107 -0.609619 -0.285837 -0.707107 -0.646759 -0.188290 -0.707107 -0.681577 -0.116015 -0.707107 -0.697525 -0.005469 -0.707107 -0.707086 0.061097 -0.707107 -0.704463 0.177725 -0.707107 -0.684408 0.234371 -0.707107 -0.667136 0.348806 -0.707107 -0.615089 0.392917 -0.707107 -0.587891 0.496118 -0.707107 -0.503852 0.526776 -0.707107 -0.471707 0.609619 -0.707107 -0.358279 0.627535 -0.707107 -0.325883 0.681577 -0.707107 -0.188290 0.688864 -0.707107 -0.159584 0.707086 -0.707107 -0.005469 0.706908 -0.707107 0.016744 0.684408 -0.707107 0.177725 0.680536 -0.707107 0.192019 0.615089 -0.707107 0.348806 0.000000 -1.000000 -0.000000 0.000000 -1.000000 -0.000000 0.000000 -1.000000 -0.000000 0.000000 -1.000000 -0.000000 0.000000 -1.000000 -0.000000 0.000000 -1.000000 -0.000000 0.000000 -1.000000 -0.000000 0.000000 -1.000000 -0.000000 0.000000 -1.000000 -0.000000 0.000000 -1.000000 -0.000000 0.000000 -1.000000 -0.000000 0.000000 -1.000000 -0.000000 0.000000 -1.000000 -0.000000 0.000000 -1.000000 -0.000000 0.000000 -1.000000 -0.000000 0.000000 -1.000000 -0.000000 0.000000 -1.000000 -0.000000 0.000000 -1.000000 -0.000000 0.000000 -1.000000 -0.000000 0.000000 -1.000000 -0.000000 0.000000 -1.000000 -0.000000 0.000000 -1.000000 -0.000000 0.000000 -1.000000 -0.000000 0.000000 -1.000000 -0.000000 -0.000000 1.000000 0.000000 -0.213212 0.965926 0.146724 -0.000000 1.000000 0.000000 -0.181592 0.965926 0.184422 -0.143408 0.965926 0.215456 -0.350808 0.866025 0.356278 -0.277043 0.866025 0.416230 -0.496118 0.707107 0.503852 -0.391798 0.707107 0.588638 -0.607618 0.500000 0.617091 -0.479852 0.500000 0.720931 -0.677709 0.258819 0.688275 -0.535205 0.258819 0.804095 -0.593068 -0.000000 0.805152 -0.429975 -0.000000 0.902841 -0.237127 0.965926 0.103721 -0.000000 1.000000 0.000000 -0.252472 0.965926 0.056970 -0.000000 1.000000 0.000000 -0.258690 0.965926 0.008160 -0.000000 1.000000 0.000000 -0.255560 0.965926 -0.040944 -0.000000 1.000000 0.000000 -0.243192 0.965926 -0.088570 -0.000000 1.000000 0.000000 -0.222036 0.965926 -0.132994 -0.000000 1.000000 0.000000 -0.192855 0.965926 -0.172611 -0.000000 1.000000 0.000000 -0.156702 0.965926 -0.205990 -0.000000 1.000000 0.000000 -0.114886 0.965926 -0.231923 -0.000000 1.000000 0.000000 -0.068919 0.965926 -0.249474 -0.000000 1.000000 0.000000 -0.020461 0.965926 -0.258009 -0.000000 1.000000 0.000000 0.028738 0.965926 -0.257219 -0.000000 1.000000 0.000000 0.076898 0.965926 -0.247132 -0.000000 1.000000 0.000000 0.122278 0.965926 -0.228113 -0.000000 1.000000 0.000000 0.163239 0.965926 -0.200849 -0.000000 1.000000 0.000000 0.198299 0.965926 -0.166326 0.226194 0.965926 -0.125792 0.436973 0.866025 -0.243011 0.475067 0.866025 -0.155922 0.671845 0.707107 -0.220507 0.701436 0.707107 -0.089375 0.859080 0.500000 -0.109461 0.864271 0.500000 0.055099 0.963969 0.258819 0.061455 0.934919 0.258819 0.242776 0.993816 0.000000 0.111036 0.954843 0.000000 0.297110 0.872077 0.258819 0.415323 0.881360 0.000000 0.472446 0.777718 0.258819 0.572860 0.776021 0.000000 0.630707 0.655249 0.258819 0.709691 0.642635 -0.000000 0.766172 0.509098 0.258819 0.820873 0.486023 -0.000000 0.873946 0.344546 0.258819 0.902386 0.311845 -0.000000 0.950133 0.167542 0.258819 0.951285 0.126396 -0.000000 0.991980 -0.015518 0.258819 0.965801 -0.063622 -0.000000 0.997975 -0.198016 0.258819 0.945411 -0.251340 -0.000000 0.967898 -0.373358 0.258819 0.890851 -0.000000 1.000000 0.000000 0.245913 0.965926 -0.080711 0.495990 0.866025 -0.063197 0.705674 0.707107 0.044988 0.838225 0.500000 0.217667 -0.000000 1.000000 0.000000 0.256744 0.965926 -0.032714 0.498987 0.866025 0.031811 0.684408 0.707107 0.177725 0.781883 0.500000 0.372368 -0.000000 1.000000 0.000000 0.258294 0.965926 0.016467 0.483950 0.866025 0.125670 0.638406 0.707107 0.304038 0.697283 0.500000 0.513611 -0.000000 1.000000 0.000000 0.250511 0.965926 0.065052 0.451420 0.866025 0.214987 0.569329 0.707107 0.419363 0.587480 0.500000 0.636292 -0.000000 1.000000 0.000000 0.233673 0.965926 0.111285 0.402576 0.866025 0.296534 0.479675 0.707107 0.519530 0.456444 0.500000 0.735975 -0.000000 1.000000 0.000000 0.208389 0.965926 0.153497 0.339181 0.866025 0.367364 0.372686 0.707107 0.600920 0.308912 0.500000 0.809058 -0.000000 1.000000 0.000000 0.175573 0.965926 0.190162 0.263529 0.866025 0.424915 0.252226 0.707107 0.660592 0.150214 0.500000 0.852899 -0.000000 1.000000 0.000000 0.136412 0.965926 0.219952 0.178350 0.866025 0.467109 0.122649 0.707107 0.696388 -0.013912 0.500000 0.865914 -0.000000 1.000000 0.000000 0.092321 0.965926 0.241794 0.086727 0.866025 0.492422 -0.011360 0.707107 0.707015 -0.177536 0.500000 0.847633 -0.000000 1.000000 0.000000 0.044893 0.965926 0.254896 -0.008032 0.866025 0.499936 -0.144958 0.707107 0.692089 -0.334744 0.500000 0.798715 -0.000000 1.000000 0.000000 -0.004158 0.965926 0.258786 -0.102501 0.866025 0.489381 -0.273317 0.707107 0.652149 -0.000000 1.000000 0.000000 -0.053058 0.965926 0.253322 -0.193264 0.866025 0.461139 -0.000000 1.000000 0.000000 -0.100041 0.965926 0.238703 -0.000000 1.000000 0.000000 -0.832460 -0.000000 -0.554085 -0.719742 0.258819 -0.644193 -0.712555 0.000000 -0.701617 -0.584821 0.258819 -0.768764 -0.566896 0.000000 -0.823789 -0.428764 0.258819 -0.865548 -0.400749 0.000000 -0.916188 -0.257209 0.258819 -0.931051 -0.220116 0.000000 -0.975473 -0.076358 0.258819 -0.962903 -0.031529 0.000000 -0.999503 0.107253 0.258819 -0.959953 0.158198 0.000000 -0.987408 0.286987 0.258819 -0.922308 0.342207 0.000000 -0.939624 0.456348 0.258819 -0.851328 0.513848 0.000000 -0.857882 0.609216 0.258819 -0.749579 0.666917 0.000000 -0.745132 0.740066 0.258819 -0.620738 0.795882 0.000000 -0.605451 0.844167 0.258819 -0.469462 0.896082 0.000000 -0.443888 0.917758 0.258819 -0.301219 0.963895 0.000000 -0.266283 0.958179 0.258819 -0.122089 0.996870 0.000000 -0.079052 -0.828649 0.258819 -0.496339 -0.922277 -0.000000 -0.386529 -0.907608 0.258819 -0.330547 -0.978761 -0.000000 -0.205001 -0.953762 0.258819 -0.152807 -0.999871 -0.000000 -0.016065 -0.965446 0.258819 0.030455 -0.984842 -0.000000 0.173452 -0.942235 0.258819 0.212617 -0.934218 -0.000000 0.356700 -0.884970 0.258819 0.387093 -0.849831 -0.000000 0.527056 -0.795720 0.258819 0.547580 -0.734726 -0.000000 0.678364 -0.411894 0.866025 0.283448 -0.458094 0.866025 0.200374 -0.487737 0.866025 0.110059 -0.499751 0.866025 0.015765 -0.493703 0.866025 -0.079099 -0.469812 0.866025 -0.171104 -0.428941 0.866025 -0.256924 -0.372566 0.866025 -0.333458 -0.302726 0.866025 -0.397941 -0.221945 0.866025 -0.448041 -0.133141 0.866025 -0.481947 -0.039526 0.866025 -0.498436 0.055518 0.866025 -0.496908 0.148555 0.866025 -0.477421 0.236223 0.866025 -0.440679 0.315353 0.866025 -0.388010 0.383087 0.866025 -0.321318 -0.582507 0.707107 0.400856 -0.647843 0.707107 0.283372 -0.689764 0.707107 0.155646 -0.706755 0.707107 0.022295 -0.698203 0.707107 -0.111863 -0.664415 0.707107 -0.241977 -0.606614 0.707107 -0.363345 -0.526888 0.707107 -0.471582 -0.428119 0.707107 -0.562774 -0.313876 0.707107 -0.633625 -0.188290 0.707107 -0.681577 -0.055898 0.707107 -0.704894 0.078514 0.707107 -0.702735 0.210089 0.707107 -0.675176 0.334070 0.707107 -0.623215 0.445977 0.707107 -0.548730 0.541765 0.707107 -0.454412 0.617974 0.707107 -0.343671 -0.713422 0.500000 0.490947 -0.793442 0.500000 0.347059 -0.844785 0.500000 0.190626 -0.865595 0.500000 0.027305 -0.855120 0.500000 -0.137003 -0.813738 0.500000 -0.296360 -0.742947 0.500000 -0.445005 -0.645303 0.500000 -0.577567 -0.524336 0.500000 -0.689254 -0.384418 0.500000 -0.776030 -0.230607 0.500000 -0.834757 -0.068461 0.500000 -0.863315 0.096159 0.500000 -0.860670 0.257305 0.500000 -0.826919 0.409150 0.500000 -0.763280 0.546208 0.500000 -0.672054 0.663524 0.500000 -0.556539 0.756859 0.500000 -0.420909 0.822839 0.500000 -0.270065 -0.000000 1.000000 0.000000 -0.000000 1.000000 0.000000 -0.000000 1.000000 0.000000 -0.000000 1.000000 0.000000 -0.000000 1.000000 0.000000 -0.000000 1.000000 0.000000 -0.566896 0.000000 -0.823789 -0.712555 0.000000 -0.701617 -0.832460 -0.000000 -0.554085 -0.922277 -0.000000 -0.386529 -0.978761 -0.000000 -0.205001 -0.999871 -0.000000 -0.016065 -0.984842 -0.000000 0.173452 -0.934218 -0.000000 0.356700 -0.849831 -0.000000 0.527056 -0.734726 -0.000000 0.678364 -0.593068 -0.000000 0.805152 -0.429975 -0.000000 0.902841 -0.251340 -0.000000 0.967898 -0.063622 -0.000000 0.997975 0.126396 -0.000000 0.991980 0.311845 -0.000000 0.950133 0.486023 -0.000000 0.873946 0.642635 -0.000000 0.766172 0.776021 0.000000 0.630707 0.881360 0.000000 0.472446 0.954843 0.000000 0.297110 0.993816 0.000000 0.111036 0.996870 0.000000 -0.079052 0.963895 0.000000 -0.266283 0.896082 0.000000 -0.443888 0.795882 0.000000 -0.605451 0.666917 0.000000 -0.745132 0.513848 0.000000 -0.857882 0.342207 0.000000 -0.939624 0.158198 0.000000 -0.987408 -0.031529 0.000000 -0.999503 -0.220116 0.000000 -0.975473 -0.400749 0.000000 -0.916188 -0.251340 -0.000000 0.967898 -0.251340 -0.000000 0.967898 -0.251340 -0.000000 0.967898 -0.251340 -0.000000 0.967898 -0.251340 -0.000000 0.967898 -0.251340 -0.000000 0.967898 -0.251340 -0.000000 0.967898 -0.963895 -0.000000 0.266283 -0.963895 -0.000000 0.266283 -0.963895 -0.000000 0.266283 -0.963895 -0.000000 0.266283 -0.963895 -0.000000 0.266283 -0.963895 -0.000000 0.266283 -0.963895 -0.000000 0.266283 -0.712555 0.000000 -0.701617 -0.712555 0.000000 -0.701617 -0.712555 0.000000 -0.701617 -0.712555 0.000000 -0.701617 -0.712555 0.000000 -0.701617 -0.712555 0.000000 -0.701617 -0.712555 0.000000 -0.701617 0.251340 0.000000 -0.967898 0.251340 0.000000 -0.967898 0.251340 0.000000 -0.967898 0.251340 0.000000 -0.967898 0.251340 0.000000 -0.967898 0.251340 0.000000 -0.967898 0.251340 0.000000 -0.967898 0.712555 -0.000000 0.701617 0.712555 -0.000000 0.701617 0.712555 -0.000000 0.701617 0.712555 -0.000000 0.701617 0.712555 -0.000000 0.701617 0.712555 -0.000000 0.701617 0.712555 -0.000000 0.701617 0.963895 0.000000 -0.266283 0.963895 0.000000 -0.266283 0.963895 0.000000 -0.266283 0.963895 0.000000 -0.266283 0.963895 0.000000 -0.266283 0.963895 0.000000 -0.266283 0.963895 0.000000 -0.266283 0.006149 0.866025 0.499962 0.133141 0.866025 0.481947 0.133141 0.866025 0.481947 0.251372 0.866025 0.432218 0.356278 0.866025 0.350808 0.253342 0.866025 0.431066 0.483950 0.866025 0.125670 0.483950 0.866025 0.125670 0.436054 0.866025 0.244656 0.499998 0.866025 -0.001585 0.481947 0.866025 -0.133141 0.499985 0.866025 -0.003868 0.350808 0.866025 -0.356278 0.350808 0.866025 -0.356278 0.429905 0.866025 -0.255306 0.248626 0.866025 -0.433803 0.125670 0.866025 -0.483950 0.246643 0.866025 -0.434933 -0.133141 0.866025 -0.481947 -0.133141 0.866025 -0.481947 -0.006149 0.866025 -0.499962 -0.251372 0.866025 -0.432218 -0.356278 0.866025 -0.350808 -0.253342 0.866025 -0.431066 -0.483950 0.866025 -0.125670 -0.483950 0.866025 -0.125670 -0.436054 0.866025 -0.244656 -0.499998 0.866025 0.001585 -0.481947 0.866025 0.133141 -0.499985 0.866025 0.003868 -0.350808 0.866025 0.356278 -0.350808 0.866025 0.356278 -0.429905 0.866025 0.255306 -0.248626 0.866025 0.433803 -0.125670 0.866025 0.483950 -0.246643 0.866025 0.434933 0.434933 0.866025 0.246643 0.003868 0.866025 0.499985 -0.431066 0.866025 0.253342 -0.434933 0.866025 -0.246643 -0.003868 0.866025 -0.499985 0.431066 0.866025 -0.253342 -0.864653 -0.000000 -0.502369 -0.764946 -0.258819 -0.589806 -0.712555 0.000000 -0.701617 -0.601568 -0.258819 -0.755731 -0.515684 0.000000 -0.856779 -0.403230 -0.258819 -0.877735 -0.286410 0.000000 -0.958107 -0.181456 -0.258819 -0.948729 -0.039141 0.000000 -0.999234 0.050862 -0.258819 -0.964586 0.210588 0.000000 -0.977575 0.280225 -0.258819 -0.924385 0.447086 0.000000 -0.894491 0.493301 -0.258819 -0.830461 0.655490 0.000000 -0.755203 0.677709 -0.258819 -0.688275 0.822708 0.000000 -0.568464 0.822731 -0.258819 -0.506089 0.938232 0.000000 -0.346005 0.919939 -0.258819 -0.294490 0.994804 0.000000 -0.101805 0.963684 -0.258819 -0.065776 0.988869 0.000000 0.148790 0.951423 -0.258819 0.166759 0.920799 0.000000 0.390037 0.883868 -0.258819 0.389604 0.794872 0.000000 0.606778 0.764946 -0.258819 0.589806 0.601568 -0.258819 0.755731 0.685831 -0.500000 0.528806 0.539351 -0.500000 0.677570 0.559979 -0.707107 0.431768 0.440378 -0.707107 0.553233 0.395965 -0.866025 0.305306 0.311394 -0.866025 0.391195 0.204966 -0.965926 0.158038 0.161190 -0.965926 0.202498 0.000000 -1.000000 -0.000000 0.000000 -1.000000 -0.000000 -0.883868 -0.258819 -0.389604 -0.962422 -0.000000 -0.271555 -0.951423 -0.258819 -0.166759 -0.999719 -0.000000 -0.023679 -0.963684 -0.258819 0.065776 -0.974200 -0.000000 0.225685 -0.919939 -0.258819 0.294490 -0.887469 -0.000000 0.460868 -0.822731 -0.258819 0.506089 -0.744973 -0.000000 0.667094 -0.677709 -0.258819 0.688275 -0.555670 -0.000000 0.831403 -0.493301 -0.258819 0.830461 -0.331451 -0.000000 0.943472 -0.280225 -0.258819 0.924385 -0.086406 -0.000000 0.996260 -0.050862 -0.258819 0.964586 0.164069 -0.000000 0.986448 0.181456 -0.258819 0.948729 0.404234 -0.000000 0.914655 0.403230 -0.258819 0.877735 0.619001 -0.000000 0.785391 0.000000 -1.000000 -0.000000 -0.220450 -0.965926 0.135606 0.000000 -1.000000 -0.000000 -0.181592 -0.965926 0.184422 0.000000 -1.000000 -0.000000 -0.132180 -0.965926 0.222522 0.000000 -1.000000 -0.000000 -0.075086 -0.965926 0.247689 0.000000 -1.000000 -0.000000 -0.013629 -0.965926 0.258460 0.000000 -1.000000 -0.000000 0.048621 -0.965926 0.254211 0.000000 -1.000000 -0.000000 0.108045 -0.965926 0.235188 -0.246497 -0.965926 0.078909 0.000000 -1.000000 -0.000000 -0.258218 -0.965926 0.017625 0.000000 -1.000000 -0.000000 -0.254933 -0.965926 -0.044683 0.000000 -1.000000 -0.000000 -0.236832 -0.965926 -0.104394 0.000000 -1.000000 -0.000000 -0.204966 -0.965926 -0.158038 0.000000 -1.000000 -0.000000 -0.161190 -0.965926 -0.202498 0.000000 -1.000000 -0.000000 -0.108045 -0.965926 -0.235188 0.000000 -1.000000 -0.000000 -0.048621 -0.965926 -0.254211 0.000000 -1.000000 -0.000000 0.013629 -0.965926 -0.258460 0.000000 -1.000000 -0.000000 0.075086 -0.965926 -0.247689 0.000000 -1.000000 -0.000000 0.132180 -0.965926 -0.222522 0.000000 -1.000000 -0.000000 0.181592 -0.965926 -0.184422 0.000000 -1.000000 -0.000000 0.220450 -0.965926 -0.135606 0.000000 -1.000000 -0.000000 0.246497 -0.965926 -0.078909 0.000000 -1.000000 -0.000000 0.258218 -0.965926 -0.017625 0.000000 -1.000000 -0.000000 0.254933 -0.965926 0.044683 0.000000 -1.000000 -0.000000 0.236832 -0.965926 0.104394 0.000000 -1.000000 -0.000000 -0.607618 -0.500000 0.617091 -0.737640 -0.500000 0.453746 -0.824795 -0.500000 0.264033 -0.864015 -0.500000 0.058973 -0.853022 -0.500000 -0.149513 -0.792454 -0.500000 -0.349309 -0.685831 -0.500000 -0.528806 -0.539351 -0.500000 -0.677570 -0.361525 -0.500000 -0.786956 -0.162689 -0.500000 -0.850607 0.045601 -0.500000 -0.864824 0.251243 -0.500000 -0.828781 0.442282 -0.500000 -0.744571 0.607618 -0.500000 -0.617091 0.737640 -0.500000 -0.453746 0.824795 -0.500000 -0.264033 0.864015 -0.500000 -0.058973 0.853022 -0.500000 0.149513 0.792454 -0.500000 0.349309 -0.496118 -0.707107 0.503852 -0.602281 -0.707107 0.370482 -0.673443 -0.707107 0.215582 -0.705466 -0.707107 0.048152 -0.696489 -0.707107 -0.122077 -0.647036 -0.707107 -0.285209 -0.559979 -0.707107 -0.431768 -0.440378 -0.707107 -0.553233 -0.295184 -0.707107 -0.642546 -0.132835 -0.707107 -0.694518 0.037233 -0.707107 -0.706126 0.205139 -0.707107 -0.676696 0.361122 -0.707107 -0.607940 0.496118 -0.707107 -0.503852 0.602281 -0.707107 -0.370482 0.673443 -0.707107 -0.215582 0.705466 -0.707107 -0.048152 0.696489 -0.707107 0.122077 0.647036 -0.707107 0.285209 -0.442282 -0.500000 0.744571 -0.251243 -0.500000 0.828781 -0.045601 -0.500000 0.864824 0.162689 -0.500000 0.850607 0.361525 -0.500000 0.786956 -0.350808 -0.866025 0.356278 -0.425877 -0.866025 0.261971 -0.476196 -0.866025 0.152439 -0.498840 -0.866025 0.034049 -0.492493 -0.866025 -0.086321 -0.457523 -0.866025 -0.201673 -0.395965 -0.866025 -0.305306 -0.311394 -0.866025 -0.391195 -0.208726 -0.866025 -0.454349 -0.093928 -0.866025 -0.491098 0.026328 -0.866025 -0.499307 0.145055 -0.866025 -0.478497 0.255352 -0.866025 -0.429879 0.350808 -0.866025 -0.356278 0.425877 -0.866025 -0.261971 0.476196 -0.866025 -0.152439 0.498840 -0.866025 -0.034049 0.492493 -0.866025 0.086321 0.457523 -0.866025 0.201673 -0.361122 -0.707107 0.607940 -0.205139 -0.707107 0.676696 -0.037233 -0.707107 0.706126 0.132835 -0.707107 0.694518 0.295184 -0.707107 0.642546 -0.255352 -0.866025 0.429879 -0.145055 -0.866025 0.478497 -0.026328 -0.866025 0.499307 0.093928 -0.866025 0.491098 0.208726 -0.866025 0.454349 -0.619001 0.000000 -0.785391 -0.794872 -0.000000 -0.606778 -0.920799 -0.000000 -0.390037 -0.988869 -0.000000 -0.148790 -0.994804 -0.000000 0.101805 -0.938232 -0.000000 0.346005 -0.822708 -0.000000 0.568464 -0.655490 -0.000000 0.755203 -0.447086 -0.000000 0.894491 -0.210588 -0.000000 0.977575 0.039141 -0.000000 0.999234 0.286410 -0.000000 0.958107 0.515684 -0.000000 0.856779 0.712555 -0.000000 0.701617 0.864653 0.000000 0.502369 0.962422 0.000000 0.271555 0.999719 0.000000 0.023679 0.974200 0.000000 -0.225685 0.887469 0.000000 -0.460868 0.744973 0.000000 -0.667094 0.555670 0.000000 -0.831403 0.331451 0.000000 -0.943472 0.086406 0.000000 -0.996260 -0.164069 0.000000 -0.986448 -0.404234 0.000000 -0.914655 0.000000 -1.000000 -0.000000 0.000000 -1.000000 -0.000000 0.000000 -1.000000 -0.000000 0.000000 -1.000000 -0.000000 0.000000 -1.000000 -0.000000 0.000000 -1.000000 -0.000000 0.000000 -1.000000 -0.000000 0.000000 -1.000000 -0.000000 0.000000 -1.000000 -0.000000 0.000000 -1.000000 -0.000000 0.000000 -1.000000 -0.000000 0.000000 -1.000000 -0.000000 0.000000 -1.000000 -0.000000 0.000000 -1.000000 -0.000000 0.000000 -1.000000 -0.000000 0.000000 -1.000000 -0.000000 0.000000 -1.000000 -0.000000 0.000000 -1.000000 -0.000000 0.000000 -1.000000 -0.000000 0.000000 -1.000000 -0.000000 0.000000 -1.000000 -0.000000 0.000000 -1.000000 -0.000000 0.000000 -1.000000 -0.000000 0.000000 -1.000000 -0.000000 0.000000 -1.000000 -0.000000 0.000000 -1.000000 -0.000000 0.000000 -1.000000 -0.000000 0.000000 -1.000000 -0.000000 0.000000 -1.000000 -0.000000 0.000000 -1.000000 -0.000000 0.000000 -1.000000 -0.000000 0.000000 -1.000000 -0.000000 0.000000 -1.000000 -0.000000 0.611402 -0.707107 0.355228 0.503852 -0.707107 0.496118 0.503852 -0.707107 0.496118 0.364643 -0.707107 0.605834 0.358279 -0.707107 0.609619 0.202523 -0.707107 0.677485 0.188290 -0.707107 0.681577 0.027677 -0.707107 0.706565 0.005469 -0.707107 0.707086 -0.148909 -0.707107 0.691250 -0.177725 -0.707107 0.684408 -0.316137 -0.707107 0.632501 -0.348806 -0.707107 0.615089 -0.463501 -0.707107 0.534010 -0.496118 -0.707107 0.503852 -0.581743 -0.707107 0.401964 -0.609619 -0.707107 0.358279 -0.663431 -0.707107 0.244662 -0.681577 -0.707107 0.188290 -0.703433 -0.707107 0.071987 -0.707086 -0.707107 0.005469 -0.699236 -0.707107 -0.105211 -0.684408 -0.707107 -0.177725 -0.651104 -0.707107 -0.275798 -0.615089 -0.707107 -0.348806 -0.562059 -0.707107 -0.429056 -0.503852 -0.707107 -0.496118 -0.437699 -0.707107 -0.555355 -0.358279 -0.707107 -0.609619 -0.285837 -0.707107 -0.646759 -0.188290 -0.707107 -0.681577 -0.116015 -0.707107 -0.697525 -0.005469 -0.707107 -0.707086 0.061097 -0.707107 -0.704463 0.177725 -0.707107 -0.684408 0.234371 -0.707107 -0.667136 0.348806 -0.707107 -0.615089 0.392917 -0.707107 -0.587891 0.496118 -0.707107 -0.503852 0.526776 -0.707107 -0.471707 0.609619 -0.707107 -0.358279 0.627535 -0.707107 -0.325883 0.681577 -0.707107 -0.188290 0.688864 -0.707107 -0.159584 0.707086 -0.707107 -0.005469 0.706908 -0.707107 0.016744 0.684408 -0.707107 0.177725 0.680536 -0.707107 0.192019 0.615089 -0.707107 0.348806 0.000000 -1.000000 -0.000000 0.000000 -1.000000 -0.000000 0.000000 -1.000000 -0.000000 0.000000 -1.000000 -0.000000 0.000000 -1.000000 -0.000000 0.000000 -1.000000 -0.000000 0.000000 -1.000000 -0.000000 0.000000 -1.000000 -0.000000 0.000000 -1.000000 -0.000000 0.000000 -1.000000 -0.000000 0.000000 -1.000000 -0.000000 0.000000 -1.000000 -0.000000 0.000000 -1.000000 -0.000000 0.000000 -1.000000 -0.000000 0.000000 -1.000000 -0.000000 0.000000 -1.000000 -0.000000 0.000000 -1.000000 -0.000000 0.000000 -1.000000 -0.000000 0.000000 -1.000000 -0.000000 0.000000 -1.000000 -0.000000 0.000000 -1.000000 -0.000000 0.000000 -1.000000 -0.000000 0.000000 -1.000000 -0.000000 0.000000 -1.000000 -0.000000 -0.000000 1.000000 0.000000 -0.213212 0.965926 0.146724 -0.000000 1.000000 0.000000 -0.181592 0.965926 0.184422 -0.143408 0.965926 0.215456 -0.350808 0.866025 0.356278 -0.277043 0.866025 0.416230 -0.496118 0.707107 0.503852 -0.391798 0.707107 0.588638 -0.607618 0.500000 0.617091 -0.479852 0.500000 0.720931 -0.677709 0.258819 0.688275 -0.535205 0.258819 0.804095 -0.593068 -0.000000 0.805152 -0.429975 -0.000000 0.902841 -0.237127 0.965926 0.103721 -0.000000 1.000000 0.000000 -0.252472 0.965926 0.056970 -0.000000 1.000000 0.000000 -0.258690 0.965926 0.008160 -0.000000 1.000000 0.000000 -0.255560 0.965926 -0.040944 -0.000000 1.000000 0.000000 -0.243192 0.965926 -0.088570 -0.000000 1.000000 0.000000 -0.222036 0.965926 -0.132994 -0.000000 1.000000 0.000000 -0.192855 0.965926 -0.172611 -0.000000 1.000000 0.000000 -0.156702 0.965926 -0.205990 -0.000000 1.000000 0.000000 -0.114886 0.965926 -0.231923 -0.000000 1.000000 0.000000 -0.068919 0.965926 -0.249474 -0.000000 1.000000 0.000000 -0.020461 0.965926 -0.258009 -0.000000 1.000000 0.000000 0.028738 0.965926 -0.257219 -0.000000 1.000000 0.000000 0.076898 0.965926 -0.247132 -0.000000 1.000000 0.000000 0.122278 0.965926 -0.228113 -0.000000 1.000000 0.000000 0.163239 0.965926 -0.200849 -0.000000 1.000000 0.000000 0.198299 0.965926 -0.166326 0.226194 0.965926 -0.125792 0.436973 0.866025 -0.243011 0.475067 0.866025 -0.155922 0.671845 0.707107 -0.220507 0.701436 0.707107 -0.089375 0.859080 0.500000 -0.109461 0.864271 0.500000 0.055099 0.963969 0.258819 0.061455 0.934919 0.258819 0.242776 0.993816 0.000000 0.111036 0.954843 0.000000 0.297110 0.872077 0.258819 0.415323 0.881360 0.000000 0.472446 0.777718 0.258819 0.572860 0.776021 0.000000 0.630707 0.655249 0.258819 0.709691 0.642635 -0.000000 0.766172 0.509098 0.258819 0.820873 0.486023 -0.000000 0.873946 0.344546 0.258819 0.902386 0.311845 -0.000000 0.950133 0.167542 0.258819 0.951285 0.126396 -0.000000 0.991980 -0.015518 0.258819 0.965801 -0.063622 -0.000000 0.997975 -0.198016 0.258819 0.945411 -0.251340 -0.000000 0.967898 -0.373358 0.258819 0.890851 -0.000000 1.000000 0.000000 0.245913 0.965926 -0.080711 0.495990 0.866025 -0.063197 0.705674 0.707107 0.044988 0.838225 0.500000 0.217667 -0.000000 1.000000 0.000000 0.256744 0.965926 -0.032714 0.498987 0.866025 0.031811 0.684408 0.707107 0.177725 0.781883 0.500000 0.372368 -0.000000 1.000000 0.000000 0.258294 0.965926 0.016467 0.483950 0.866025 0.125670 0.638406 0.707107 0.304038 0.697283 0.500000 0.513611 -0.000000 1.000000 0.000000 0.250511 0.965926 0.065052 0.451420 0.866025 0.214987 0.569329 0.707107 0.419363 0.587480 0.500000 0.636292 -0.000000 1.000000 0.000000 0.233673 0.965926 0.111285 0.402576 0.866025 0.296534 0.479675 0.707107 0.519530 0.456444 0.500000 0.735975 -0.000000 1.000000 0.000000 0.208389 0.965926 0.153497 0.339181 0.866025 0.367364 0.372686 0.707107 0.600920 0.308912 0.500000 0.809058 -0.000000 1.000000 0.000000 0.175573 0.965926 0.190162 0.263529 0.866025 0.424915 0.252226 0.707107 0.660592 0.150214 0.500000 0.852899 -0.000000 1.000000 0.000000 0.136412 0.965926 0.219952 0.178350 0.866025 0.467109 0.122649 0.707107 0.696388 -0.013912 0.500000 0.865914 -0.000000 1.000000 0.000000 0.092321 0.965926 0.241794 0.086727 0.866025 0.492422 -0.011360 0.707107 0.707015 -0.177536 0.500000 0.847633 -0.000000 1.000000 0.000000 0.044893 0.965926 0.254896 -0.008032 0.866025 0.499936 -0.144958 0.707107 0.692089 -0.334744 0.500000 0.798715 -0.000000 1.000000 0.000000 -0.004158 0.965926 0.258786 -0.102501 0.866025 0.489381 -0.273317 0.707107 0.652149 -0.000000 1.000000 0.000000 -0.053058 0.965926 0.253322 -0.193264 0.866025 0.461139 -0.000000 1.000000 0.000000 -0.100041 0.965926 0.238703 -0.000000 1.000000 0.000000 -0.832460 -0.000000 -0.554085 -0.719742 0.258819 -0.644193 -0.712555 0.000000 -0.701617 -0.584821 0.258819 -0.768764 -0.566896 0.000000 -0.823789 -0.428764 0.258819 -0.865548 -0.400749 0.000000 -0.916188 -0.257209 0.258819 -0.931051 -0.220116 0.000000 -0.975473 -0.076358 0.258819 -0.962903 -0.031529 0.000000 -0.999503 0.107253 0.258819 -0.959953 0.158198 0.000000 -0.987408 0.286987 0.258819 -0.922308 0.342207 0.000000 -0.939624 0.456348 0.258819 -0.851328 0.513848 0.000000 -0.857882 0.609216 0.258819 -0.749579 0.666917 0.000000 -0.745132 0.740066 0.258819 -0.620738 0.795882 0.000000 -0.605451 0.844167 0.258819 -0.469462 0.896082 0.000000 -0.443888 0.917758 0.258819 -0.301219 0.963895 0.000000 -0.266283 0.958179 0.258819 -0.122089 0.996870 0.000000 -0.079052 -0.828649 0.258819 -0.496339 -0.922277 -0.000000 -0.386529 -0.907608 0.258819 -0.330547 -0.978761 -0.000000 -0.205001 -0.953762 0.258819 -0.152807 -0.999871 -0.000000 -0.016065 -0.965446 0.258819 0.030455 -0.984842 -0.000000 0.173452 -0.942235 0.258819 0.212617 -0.934218 -0.000000 0.356700 -0.884970 0.258819 0.387093 -0.849831 -0.000000 0.527056 -0.795720 0.258819 0.547580 -0.734726 -0.000000 0.678364 -0.411894 0.866025 0.283448 -0.458094 0.866025 0.200374 -0.487737 0.866025 0.110059 -0.499751 0.866025 0.015765 -0.493703 0.866025 -0.079099 -0.469812 0.866025 -0.171104 -0.428941 0.866025 -0.256924 -0.372566 0.866025 -0.333458 -0.302726 0.866025 -0.397941 -0.221945 0.866025 -0.448041 -0.133141 0.866025 -0.481947 -0.039526 0.866025 -0.498436 0.055518 0.866025 -0.496908 0.148555 0.866025 -0.477421 0.236223 0.866025 -0.440679 0.315353 0.866025 -0.388010 0.383087 0.866025 -0.321318 -0.582507 0.707107 0.400856 -0.647843 0.707107 0.283372 -0.689764 0.707107 0.155646 -0.706755 0.707107 0.022295 -0.698203 0.707107 -0.111863 -0.664415 0.707107 -0.241977 -0.606614 0.707107 -0.363345 -0.526888 0.707107 -0.471582 -0.428119 0.707107 -0.562774 -0.313876 0.707107 -0.633625 -0.188290 0.707107 -0.681577 -0.055898 0.707107 -0.704894 0.078514 0.707107 -0.702735 0.210089 0.707107 -0.675176 0.334070 0.707107 -0.623215 0.445977 0.707107 -0.548730 0.541765 0.707107 -0.454412 0.617974 0.707107 -0.343671 -0.713422 0.500000 0.490947 -0.793442 0.500000 0.347059 -0.844785 0.500000 0.190626 -0.865595 0.500000 0.027305 -0.855120 0.500000 -0.137003 -0.813738 0.500000 -0.296360 -0.742947 0.500000 -0.445005 -0.645303 0.500000 -0.577567 -0.524336 0.500000 -0.689254 -0.384418 0.500000 -0.776030 -0.230607 0.500000 -0.834757 -0.068461 0.500000 -0.863315 0.096159 0.500000 -0.860670 0.257305 0.500000 -0.826919 0.409150 0.500000 -0.763280 0.546208 0.500000 -0.672054 0.663524 0.500000 -0.556539 0.756859 0.500000 -0.420909 0.822839 0.500000 -0.270065 -0.000000 1.000000 0.000000 -0.000000 1.000000 0.000000 -0.000000 1.000000 0.000000 -0.000000 1.000000 0.000000 -0.000000 1.000000 0.000000 -0.000000 1.000000 0.000000 -0.566896 0.000000 -0.823789 -0.712555 0.000000 -0.701617 -0.832460 -0.000000 -0.554085 -0.922277 -0.000000 -0.386529 -0.978761 -0.000000 -0.205001 -0.999871 -0.000000 -0.016065 -0.984842 -0.000000 0.173452 -0.934218 -0.000000 0.356700 -0.849831 -0.000000 0.527056 -0.734726 -0.000000 0.678364 -0.593068 -0.000000 0.805152 -0.429975 -0.000000 0.902841 -0.251340 -0.000000 0.967898 -0.063622 -0.000000 0.997975 0.126396 -0.000000 0.991980 0.311845 -0.000000 0.950133 0.486023 -0.000000 0.873946 0.642635 -0.000000 0.766172 0.776021 0.000000 0.630707 0.881360 0.000000 0.472446 0.954843 0.000000 0.297110 0.993816 0.000000 0.111036 0.996870 0.000000 -0.079052 0.963895 0.000000 -0.266283 0.896082 0.000000 -0.443888 0.795882 0.000000 -0.605451 0.666917 0.000000 -0.745132 0.513848 0.000000 -0.857882 0.342207 0.000000 -0.939624 0.158198 0.000000 -0.987408 -0.031529 0.000000 -0.999503 -0.220116 0.000000 -0.975473 -0.400749 0.000000 -0.916188 -0.251340 -0.000000 0.967898 -0.251340 -0.000000 0.967898 -0.251340 -0.000000 0.967898 -0.251340 -0.000000 0.967898 -0.251340 -0.000000 0.967898 -0.251340 -0.000000 0.967898 -0.251340 -0.000000 0.967898 -0.963895 -0.000000 0.266283 -0.963895 -0.000000 0.266283 -0.963895 -0.000000 0.266283 -0.963895 -0.000000 0.266283 -0.963895 -0.000000 0.266283 -0.963895 -0.000000 0.266283 -0.963895 -0.000000 0.266283 -0.712555 0.000000 -0.701617 -0.712555 0.000000 -0.701617 -0.712555 0.000000 -0.701617 -0.712555 0.000000 -0.701617 -0.712555 0.000000 -0.701617 -0.712555 0.000000 -0.701617 -0.712555 0.000000 -0.701617 0.251340 0.000000 -0.967898 0.251340 0.000000 -0.967898 0.251340 0.000000 -0.967898 0.251340 0.000000 -0.967898 0.251340 0.000000 -0.967898 0.251340 0.000000 -0.967898 0.251340 0.000000 -0.967898 0.712555 -0.000000 0.701617 0.712555 -0.000000 0.701617 0.712555 -0.000000 0.701617 0.712555 -0.000000 0.701617 0.712555 -0.000000 0.701617 0.712555 -0.000000 0.701617 0.712555 -0.000000 0.701617 0.963895 0.000000 -0.266283 0.963895 0.000000 -0.266283 0.963895 0.000000 -0.266283 0.963895 0.000000 -0.266283 0.963895 0.000000 -0.266283 0.963895 0.000000 -0.266283 0.963895 0.000000 -0.266283 0.006149 0.866025 0.499962 0.133141 0.866025 0.481947 0.133141 0.866025 0.481947 0.251372 0.866025 0.432218 0.356278 0.866025 0.350808 0.253342 0.866025 0.431066 0.483950 0.866025 0.125670 0.483950 0.866025 0.125670 0.436054 0.866025 0.244656 0.499998 0.866025 -0.001585 0.481947 0.866025 -0.133141 0.499985 0.866025 -0.003868 0.350808 0.866025 -0.356278 0.350808 0.866025 -0.356278 0.429905 0.866025 -0.255306 0.248626 0.866025 -0.433803 0.125670 0.866025 -0.483950 0.246643 0.866025 -0.434933 -0.133141 0.866025 -0.481947 -0.133141 0.866025 -0.481947 -0.006149 0.866025 -0.499962 -0.251372 0.866025 -0.432218 -0.356278 0.866025 -0.350808 -0.253342 0.866025 -0.431066 -0.483950 0.866025 -0.125670 -0.483950 0.866025 -0.125670 -0.436054 0.866025 -0.244656 -0.499998 0.866025 0.001585 -0.481947 0.866025 0.133141 -0.499985 0.866025 0.003868 -0.350808 0.866025 0.356278 -0.350808 0.866025 0.356278 -0.429905 0.866025 0.255306 -0.248626 0.866025 0.433803 -0.125670 0.866025 0.483950 -0.246643 0.866025 0.434933 0.434933 0.866025 0.246643 0.003868 0.866025 0.499985 -0.431066 0.866025 0.253342 -0.434933 0.866025 -0.246643 -0.003868 0.866025 -0.499985 0.431066 0.866025 -0.253342</float_array>
          <technique_common>
            <accessor source="#servo_mount-mesh-normals-array" count="7083" stride="3">
              <param name="X" type="float"/>
              <param name="Y" type="float"/>
              <param name="Z" type="float"/>
            </accessor>
          </technique_common>
        </source>
        <vertices id="servo_mount-mesh-vertices">
          <input semantic="POSITION" source="#servo_mount-mesh-positions"/>
        </vertices>
        <triangles material="Opaque_244_244_244_" count="2114">
          <input semantic="VERTEX" source="#servo_mount-mesh-vertices" offset="0"/>
          <input semantic="NORMAL" source="#servo_mount-mesh-normals" offset="1"/>
          <p>0 0 1 1 12 2 12 2 1 1 2 3 12 2 2 3 4 4 4 4 2 3 3 5 4 4 5 6 12 2 12 2 5 6 11 7 11 7 5 6 6 8 11 7 6 8 10 9 10 9 6 8 7 10 10 9 7 10 9 11 9 11 7 10 8 12 14 13 9 11 13 14 13 14 9 11 8 12 16 15 17 16 15 17 15 17 17 16 59 18 59 18 17 16 18 19 59 18 18 19 58 20 58 20 18 19 19 21 58 20 19 21 57 22 57 22 19 21 20 23 57 22 20 23 56 24 56 24 20 23 21 25 56 24 21 25 22 26 56 24 22 26 55 27 55 27 22 26 23 28 55 27 23 28 54 29 54 29 23 28 24 30 54 29 24 30 53 31 53 31 24 30 25 32 53 31 25 32 52 33 52 33 25 32 26 34 52 33 26 34 27 35 52 33 27 35 51 36 51 36 27 35 28 37 51 36 28 37 50 38 50 38 28 37 29 39 50 38 29 39 49 40 49 40 29 39 30 41 49 40 30 41 48 42 48 42 30 41 31 43 48 42 31 43 32 44 48 42 32 44 47 45 47 45 32 44 33 46 47 45 33 46 46 47 46 47 33 46 34 48 46 47 34 48 45 49 45 49 34 48 35 50 45 49 35 50 44 51 44 51 35 50 36 52 44 51 36 52 37 53 44 51 37 53 43 54 43 54 37 53 38 55 43 54 38 55 42 56 42 56 38 55 39 57 42 56 39 57 41 58 41 58 39 57 40 59 41 58 40 59 13 14 13 14 40 59 14 13 61 60 16 15 60 61 60 61 16 15 15 17 62 62 63 63 72 64 72 64 63 63 64 65 72 64 64 65 65 66 65 66 66 67 72 64 72 64 66 67 71 68 71 68 66 67 67 69 71 68 67 69 70 70 70 70 67 69 68 71 70 70 68 71 69 72 69 72 68 71 61 60 69 72 61 60 60 61 62 62 73 73 63 63 63 63 73 73 81 74 63 63 81 74 82 75 82 75 81 74 74 76 82 75 74 76 84 77 84 77 74 76 83 78 84 77 83 78 75 79 75 79 83 78 74 76 73 73 74 76 81 74 84 77 75 79 86 80 86 80 75 79 76 81 86 80 76 81 77 82 86 80 77 82 87 83 87 83 77 82 78 84 87 83 78 84 79 85 65 66 80 86 79 85 79 85 80 86 85 87 79 85 85 87 87 83 87 83 85 87 84 77 87 83 84 77 86 80 65 66 64 65 80 86 80 86 64 65 63 63 80 86 63 63 82 75 85 87 80 86 82 75 84 77 85 87 82 75 88 88 89 89 114 90 114 90 89 89 90 91 114 90 90 91 91 92 114 90 91 92 113 93 113 93 91 92 92 94 113 93 92 94 112 95 112 95 92 94 93 96 112 95 93 96 111 97 111 97 93 96 94 98 111 97 94 98 110 99 110 99 94 98 95 100 110 99 95 100 109 101 109 101 95 100 96 102 109 101 96 102 108 103 108 103 96 102 97 104 108 103 97 104 107 105 107 105 97 104 98 106 107 105 98 106 106 107 106 107 98 106 99 108 106 107 99 108 105 109 105 109 99 108 100 110 105 109 100 110 104 111 104 111 100 110 102 112 104 111 102 112 103 113 100 110 101 114 102 112 77 82 76 81 125 115 125 115 76 81 115 116 125 115 115 116 128 117 128 117 115 116 116 118 128 117 116 118 126 119 126 119 116 118 117 120 126 119 117 120 129 121 129 121 117 120 118 122 129 121 118 122 127 123 127 123 118 122 119 124 127 123 119 124 130 125 130 125 119 124 120 126 130 125 120 126 121 127 90 91 89 89 121 127 121 127 89 89 130 125 88 88 122 128 89 89 89 89 122 128 130 125 130 125 122 128 127 123 127 123 122 128 123 129 127 123 123 129 129 121 129 121 123 129 126 119 123 129 124 130 126 119 126 119 124 130 128 117 128 117 124 130 125 115 125 115 124 130 78 84 125 115 78 84 77 82 101 114 131 131 102 112 102 112 131 131 144 132 102 112 144 132 103 113 103 113 144 132 143 133 143 133 144 132 147 134 143 133 147 134 145 135 145 135 147 134 133 136 145 135 133 136 134 137 131 131 132 138 144 132 144 132 132 138 147 134 132 138 133 136 147 134 145 135 134 137 148 139 148 139 134 137 135 140 148 139 135 140 146 141 146 141 135 140 136 142 146 141 136 142 149 143 149 143 136 142 137 144 149 143 137 144 141 145 141 145 137 144 140 146 140 146 137 144 139 147 139 147 137 144 138 148 149 143 141 145 146 141 146 141 141 145 142 149 146 141 142 149 148 139 148 139 142 149 145 135 142 149 143 133 145 135 150 150 151 151 162 152 162 152 151 151 152 153 162 152 152 153 154 154 154 154 152 153 153 155 154 154 155 156 162 152 162 152 155 156 161 157 161 157 155 156 156 158 161 157 156 158 160 159 160 159 156 158 157 160 160 159 157 160 159 161 159 161 157 160 158 162 164 163 159 161 163 164 163 164 159 161 158 162 166 165 167 166 165 167 165 167 167 166 209 168 209 168 167 166 168 169 209 168 168 169 208 170 208 170 168 169 169 171 208 170 169 171 207 172 207 172 169 171 170 173 207 172 170 173 206 174 206 174 170 173 171 175 206 174 171 175 172 176 206 174 172 176 205 177 205 177 172 176 173 178 205 177 173 178 204 179 204 179 173 178 174 180 204 179 174 180 203 181 203 181 174 180 175 182 203 181 175 182 202 183 202 183 175 182 176 184 202 183 176 184 177 185 202 183 177 185 201 186 201 186 177 185 178 187 201 186 178 187 200 188 200 188 178 187 179 189 200 188 179 189 199 190 199 190 179 189 180 191 199 190 180 191 198 192 198 192 180 191 181 193 198 192 181 193 182 194 198 192 182 194 197 195 197 195 182 194 183 196 197 195 183 196 196 197 196 197 183 196 184 198 196 197 184 198 195 199 195 199 184 198 185 200 195 199 185 200 194 201 194 201 185 200 186 202 194 201 186 202 187 203 194 201 187 203 193 204 193 204 187 203 188 205 193 204 188 205 192 206 192 206 188 205 189 207 192 206 189 207 191 208 191 208 189 207 190 209 191 208 190 209 163 164 163 164 190 209 164 163 211 210 166 165 210 211 210 211 166 165 165 167 212 212 213 213 222 214 222 214 213 213 214 215 222 214 214 215 215 216 215 216 216 217 222 214 222 214 216 217 221 218 221 218 216 217 217 219 221 218 217 219 220 220 220 220 217 219 218 221 220 220 218 221 219 222 219 222 218 221 211 210 219 222 211 210 210 211 139 147 138 148 228 223 228 223 138 148 223 224 228 223 223 224 230 225 230 225 223 224 229 226 230 225 229 226 224 227 224 227 229 226 223 224 225 228 232 229 224 227 224 227 232 229 233 230 224 227 233 230 230 225 230 225 233 230 234 231 230 225 234 231 231 232 231 232 234 231 226 233 231 232 226 233 227 234 227 234 226 233 140 235 227 234 140 235 139 147 153 155 152 153 225 228 225 228 152 153 232 229 232 229 152 153 233 230 233 230 152 153 151 151 233 230 151 151 234 231 234 231 151 151 150 150 234 231 150 150 226 233 227 234 139 147 228 223 231 232 227 234 228 223 230 225 231 232 228 223 212 212 235 236 213 213 213 213 235 236 243 237 213 213 243 237 244 238 244 238 243 237 236 239 244 238 236 239 246 240 246 240 236 239 245 241 246 240 245 241 237 242 237 242 245 241 236 239 235 236 236 239 243 237 246 240 237 242 248 243 248 243 237 242 238 244 248 243 238 244 239 245 248 243 239 245 249 246 249 246 239 245 240 247 249 246 240 247 241 248 215 216 242 249 241 248 241 248 242 249 247 250 241 248 247 250 249 246 249 246 247 250 246 240 249 246 246 240 248 243 215 216 214 215 242 249 242 249 214 215 213 213 242 249 213 213 244 238 247 250 242 249 244 238 246 240 247 250 244 238 250 251 251 252 276 253 276 253 251 252 252 254 276 253 252 254 253 255 276 253 253 255 275 256 275 256 253 255 254 257 275 256 254 257 274 258 274 258 254 257 255 259 274 258 255 259 273 260 273 260 255 259 256 261 273 260 256 261 272 262 272 262 256 261 257 263 272 262 257 263 271 264 271 264 257 263 258 265 271 264 258 265 270 266 270 266 258 265 259 267 270 266 259 267 269 268 269 268 259 267 260 269 269 268 260 269 268 270 268 270 260 269 261 271 268 270 261 271 267 272 267 272 261 271 262 273 267 272 262 273 266 274 266 274 262 273 264 275 266 274 264 275 265 276 262 273 263 277 264 275 239 245 238 244 287 278 287 278 238 244 277 279 287 278 277 279 290 280 290 280 277 279 278 281 290 280 278 281 288 282 288 282 278 281 279 283 288 282 279 283 291 284 291 284 279 283 280 285 291 284 280 285 289 286 289 286 280 285 281 287 289 286 281 287 292 288 292 288 281 287 282 289 292 288 282 289 283 290 252 254 251 252 283 290 283 290 251 252 292 288 250 251 284 291 251 252 251 252 284 291 292 288 292 288 284 291 289 286 289 286 284 291 285 292 289 286 285 292 291 284 291 284 285 292 288 282 285 292 286 293 288 282 288 282 286 293 290 280 290 280 286 293 287 278 287 278 286 293 240 247 287 278 240 247 239 245 263 277 293 294 264 275 264 275 293 294 306 295 264 275 306 295 265 276 265 276 306 295 305 296 305 296 306 295 309 297 305 296 309 297 307 298 307 298 309 297 295 299 307 298 295 299 296 300 293 294 294 301 306 295 306 295 294 301 309 297 294 301 295 299 309 297 307 298 296 300 310 302 310 302 296 300 297 303 310 302 297 303 308 304 308 304 297 303 298 305 308 304 298 305 311 306 311 306 298 305 299 307 311 306 299 307 303 308 303 308 299 307 302 309 302 309 299 307 301 310 301 310 299 307 300 311 311 306 303 308 308 304 308 304 303 308 304 312 308 304 304 312 310 302 310 302 304 312 307 298 304 312 305 296 307 298 301 310 300 311 317 313 317 313 300 311 312 314 317 313 312 314 319 315 319 315 312 314 318 316 319 315 318 316 313 317 313 317 318 316 312 314 314 318 321 319 313 317 313 317 321 319 322 320 313 317 322 320 319 315 319 315 322 320 323 321 319 315 323 321 320 322 320 322 323 321 315 323 320 322 315 323 316 324 316 324 315 323 302 325 316 324 302 325 301 310 3 5 2 3 314 318 314 318 2 3 321 319 321 319 2 3 322 320 322 320 2 3 1 1 322 320 1 1 323 321 323 321 1 1 0 0 323 321 0 0 315 323 316 324 301 310 317 313 320 322 316 324 317 313 319 315 320 322 317 313 140 326 226 327 329 328 329 328 226 327 328 329 328 329 226 327 150 330 328 329 150 330 327 331 327 331 150 330 162 332 327 331 162 332 326 333 326 333 162 332 161 334 326 333 161 334 325 335 325 335 161 334 160 336 325 335 160 336 324 337 324 337 160 336 159 338 159 338 164 339 324 337 324 337 164 339 330 340 330 340 164 339 355 341 355 341 164 339 190 342 355 341 190 342 354 343 354 343 190 342 189 344 354 343 189 344 353 345 353 345 189 344 188 346 353 345 188 346 352 347 352 347 188 346 187 348 352 347 187 348 351 349 351 349 187 348 186 350 351 349 186 350 350 351 350 351 186 350 185 352 350 351 185 352 349 353 349 353 185 352 184 354 349 353 184 354 348 355 348 355 184 354 183 356 348 355 183 356 347 357 347 357 183 356 182 358 347 357 182 358 346 359 346 359 182 358 181 360 346 359 181 360 345 361 345 361 181 360 180 362 345 361 180 362 344 363 344 363 180 362 179 364 344 363 179 364 343 365 343 365 179 364 178 366 343 365 178 366 342 367 342 367 178 366 177 368 342 367 177 368 341 369 341 369 177 368 176 370 341 369 176 370 340 371 340 371 176 370 175 372 340 371 175 372 339 373 339 373 175 372 174 374 339 373 174 374 338 375 338 375 174 374 173 376 338 375 173 376 337 377 337 377 173 376 172 378 337 377 172 378 336 379 336 379 172 378 171 380 336 379 171 380 335 381 335 381 171 380 170 382 335 381 170 382 334 383 334 383 170 382 169 384 334 383 169 384 333 385 333 385 169 384 168 386 333 385 168 386 332 387 332 387 168 386 167 388 332 387 167 388 331 389 331 389 167 388 166 390 166 390 211 391 331 389 331 389 211 391 356 392 211 391 218 393 356 392 356 392 218 393 361 394 361 394 218 393 217 395 361 394 217 395 360 396 360 396 217 395 216 397 360 396 216 397 359 398 359 398 216 397 215 399 359 398 215 399 358 400 358 400 215 399 241 401 358 400 241 401 357 402 357 402 241 401 240 403 240 403 286 404 357 402 357 402 286 404 380 405 380 405 286 404 285 406 380 405 285 406 379 407 379 407 285 406 284 408 379 407 284 408 378 409 378 409 284 408 250 410 378 409 250 410 377 411 377 411 250 410 276 412 377 411 276 412 376 413 376 413 276 412 275 414 376 413 275 414 375 415 375 415 275 414 274 416 375 415 274 416 374 417 374 417 274 416 273 418 374 417 273 418 373 419 373 419 273 418 272 420 373 419 272 420 372 421 372 421 272 420 271 422 372 421 271 422 371 423 371 423 271 422 270 424 371 423 270 424 370 425 370 425 270 424 269 426 370 425 269 426 369 427 369 427 269 426 268 428 369 427 268 428 368 429 368 429 268 428 267 430 368 429 267 430 367 431 367 431 267 430 266 432 367 431 266 432 366 433 366 433 266 432 265 434 366 433 265 434 365 435 365 435 265 434 305 436 365 435 305 436 364 437 364 437 305 436 304 438 364 437 304 438 363 439 363 439 304 438 303 440 363 439 303 440 362 441 362 441 303 440 302 442 382 443 73 444 381 445 381 445 73 444 62 446 381 445 62 446 415 447 73 444 382 443 74 448 74 448 382 443 383 449 74 448 383 449 75 450 75 450 383 449 76 451 76 451 383 449 384 452 76 451 384 452 115 453 115 453 384 452 385 454 115 453 385 454 116 455 116 455 385 454 386 456 116 455 386 456 117 457 117 457 386 456 387 458 117 457 387 458 118 459 118 459 387 458 119 460 119 460 387 458 388 461 119 460 388 461 120 462 120 462 388 461 389 463 120 462 389 463 121 464 121 464 389 463 390 465 121 464 390 465 90 466 90 466 390 465 391 467 90 466 391 467 438 468 438 468 391 467 392 469 438 468 392 469 437 470 437 470 392 469 393 471 437 470 393 471 436 472 436 472 393 471 394 473 436 472 394 473 435 474 435 474 394 473 395 475 435 474 395 475 434 476 434 476 395 475 396 477 434 476 396 477 433 478 433 478 396 477 397 479 433 478 397 479 432 480 432 480 397 479 398 481 432 480 398 481 431 482 431 482 398 481 399 483 431 482 399 483 430 484 430 484 399 483 400 485 430 484 400 485 429 486 429 486 400 485 401 487 429 486 401 487 428 488 428 488 401 487 402 489 428 488 402 489 427 490 427 490 402 489 403 491 427 490 403 491 426 492 426 492 403 491 404 493 426 492 404 493 425 494 425 494 404 493 405 495 425 494 405 495 424 496 424 496 405 495 406 497 424 496 406 497 423 498 423 498 406 497 407 499 423 498 407 499 422 500 422 500 407 499 408 501 422 500 408 501 421 502 421 502 408 501 409 503 421 502 409 503 420 504 420 504 409 503 410 505 420 504 410 505 419 506 419 506 410 505 411 507 419 506 411 507 418 508 418 508 411 507 412 509 418 508 412 509 417 510 417 510 412 509 413 511 417 510 413 511 416 512 416 512 413 511 414 513 416 512 414 513 415 447 415 447 414 513 381 445 440 514 496 515 439 516 439 516 496 515 3 517 439 516 3 517 314 518 496 515 440 514 495 519 495 519 440 514 441 520 495 519 441 520 494 521 494 521 441 520 442 522 494 521 442 522 493 523 493 523 442 522 443 524 493 523 443 524 492 525 492 525 443 524 444 526 492 525 444 526 491 527 491 527 444 526 445 528 491 527 445 528 490 529 490 529 445 528 446 530 490 529 446 530 489 531 489 531 446 530 447 532 489 531 447 532 488 533 488 533 447 532 448 534 488 533 448 534 487 535 487 535 448 534 449 536 487 535 449 536 486 537 486 537 449 536 450 538 486 537 450 538 485 539 485 539 450 538 451 540 485 539 451 540 484 541 484 541 451 540 452 542 484 541 452 542 483 543 483 543 452 542 453 544 483 543 453 544 482 545 482 545 453 544 454 546 482 545 454 546 481 547 481 547 454 546 455 548 481 547 455 548 480 549 480 549 455 548 456 550 480 549 456 550 479 551 479 551 456 550 457 552 479 551 457 552 478 553 478 553 457 552 458 554 478 553 458 554 477 555 477 555 458 554 459 556 477 555 459 556 476 557 476 557 459 556 460 558 476 557 460 558 475 559 475 559 460 558 461 560 475 559 461 560 474 561 474 561 461 560 462 562 474 561 462 562 473 563 473 563 462 562 463 564 473 563 463 564 263 565 263 565 463 564 464 566 263 565 464 566 293 567 293 567 464 566 465 568 293 567 465 568 294 569 294 569 465 568 466 570 294 569 466 570 295 571 295 571 466 570 467 572 295 571 467 572 296 573 296 573 467 572 297 574 297 574 467 572 468 575 297 574 468 575 298 576 298 576 468 575 469 577 298 576 469 577 299 578 299 578 469 577 470 579 299 578 470 579 300 580 300 580 470 579 471 581 300 580 471 581 312 582 312 582 471 581 313 583 313 583 471 581 472 584 313 583 472 584 314 518 314 518 472 584 439 516 382 585 381 586 497 587 497 587 381 586 414 588 497 587 414 588 522 589 522 589 414 588 413 590 522 589 413 590 521 591 521 591 413 590 412 592 521 591 412 592 520 593 520 593 412 592 411 594 520 593 411 594 410 595 520 593 410 595 519 596 519 596 410 595 409 597 519 596 409 597 518 598 518 598 409 597 408 599 518 598 408 599 517 600 517 600 408 599 407 601 517 600 407 601 406 602 517 600 406 602 516 603 516 603 406 602 405 604 516 603 405 604 515 605 515 605 405 604 404 606 515 605 404 606 514 607 514 607 404 606 403 608 514 607 403 608 513 609 513 609 403 608 402 610 513 609 402 610 401 611 513 609 401 611 512 612 512 612 401 611 400 613 512 612 400 613 511 614 511 614 400 613 399 615 511 614 399 615 510 616 510 616 399 615 398 617 510 616 398 617 397 618 510 616 397 618 509 619 509 619 397 618 396 620 509 619 396 620 508 621 508 621 396 620 395 622 508 621 395 622 507 623 507 623 395 622 394 624 507 623 394 624 393 625 507 623 393 625 506 626 506 626 393 625 392 627 506 626 392 627 505 628 505 628 392 627 391 629 505 628 391 629 504 630 504 630 391 629 390 631 504 630 390 631 389 632 504 630 389 632 503 633 503 633 389 632 388 634 503 633 388 634 502 635 502 635 388 634 387 636 502 635 387 636 501 637 501 637 387 636 386 638 501 637 386 638 500 639 500 639 386 638 385 640 500 639 385 640 384 641 500 639 384 641 499 642 499 642 384 641 383 643 499 642 383 643 498 644 498 644 383 643 382 585 498 644 382 585 497 587 556 645 523 646 557 647 557 647 523 646 524 648 557 647 524 648 582 649 582 649 524 648 525 650 582 649 525 650 581 651 581 651 525 650 526 652 581 651 526 652 580 653 580 653 526 652 527 654 580 653 527 654 528 655 580 653 528 655 579 656 579 656 528 655 529 657 579 656 529 657 578 658 578 658 529 657 530 659 578 658 530 659 577 660 577 660 530 659 531 661 577 660 531 661 532 662 577 660 532 662 576 663 576 663 532 662 533 664 576 663 533 664 575 665 575 665 533 664 534 666 575 665 534 666 574 667 574 667 534 666 535 668 574 667 535 668 573 669 573 669 535 668 536 670 573 669 536 670 537 671 573 669 537 671 572 672 572 672 537 671 538 673 572 672 538 673 571 674 571 674 538 673 539 675 571 674 539 675 570 676 570 676 539 675 540 677 570 676 540 677 541 678 570 676 541 678 569 679 569 679 541 678 542 680 569 679 542 680 568 681 568 681 542 680 543 682 568 681 543 682 567 683 567 683 543 682 544 684 567 683 544 684 545 685 567 683 545 685 566 686 566 686 545 685 546 687 566 686 546 687 565 688 565 688 546 687 547 689 565 688 547 689 564 690 564 690 547 689 548 691 564 690 548 691 549 692 564 690 549 692 563 693 563 693 549 692 550 694 563 693 550 694 562 695 562 695 550 694 551 696 562 695 551 696 561 697 561 697 551 696 552 698 561 697 552 698 560 699 560 699 552 698 553 700 560 699 553 700 554 701 560 699 554 701 559 702 559 702 554 701 555 703 559 702 555 703 558 704 558 704 555 703 556 645 558 704 556 645 557 647 556 705 589 706 523 707 523 707 589 706 590 708 523 707 590 708 524 709 524 709 590 708 591 710 524 709 591 710 525 711 525 711 591 710 592 712 525 711 592 712 526 713 526 713 592 712 593 714 526 713 593 714 527 715 527 715 593 714 594 716 527 715 594 716 528 717 528 717 594 716 595 718 528 717 595 718 529 719 529 719 595 718 596 720 529 719 596 720 530 721 530 721 596 720 597 722 530 721 597 722 531 723 531 723 597 722 598 724 531 723 598 724 532 725 532 725 598 724 599 726 532 725 599 726 533 727 533 727 599 726 600 728 533 727 600 728 534 729 534 729 600 728 601 730 534 729 601 730 535 731 535 731 601 730 602 732 535 731 602 732 536 733 536 733 602 732 603 734 536 733 603 734 537 735 537 735 603 734 604 736 537 735 604 736 538 737 538 737 604 736 605 738 538 737 605 738 539 739 539 739 605 738 606 740 539 739 606 740 540 741 540 741 606 740 153 742 540 741 153 742 225 743 589 706 556 705 588 744 588 744 556 705 555 745 588 744 555 745 587 746 587 746 555 745 554 747 587 746 554 747 586 748 586 748 554 747 553 749 586 748 553 749 585 750 585 750 553 749 552 751 585 750 552 751 584 752 584 752 552 751 551 753 584 752 551 753 583 754 583 754 551 753 550 755 583 754 550 755 101 756 101 756 550 755 549 757 101 756 549 757 131 758 131 758 549 757 548 759 131 758 548 759 132 760 132 760 548 759 547 761 132 760 547 761 133 762 133 762 547 761 546 763 133 762 546 763 134 764 134 764 546 763 135 765 135 765 546 763 545 766 135 765 545 766 136 767 136 767 545 766 544 768 136 767 544 768 137 769 137 769 544 768 543 770 137 769 543 770 138 771 138 771 543 770 542 772 138 771 542 772 223 773 223 773 542 772 224 774 224 774 542 772 541 775 224 774 541 775 225 743 225 743 541 775 540 741 640 776 607 777 641 778 641 778 607 777 608 779 641 778 608 779 666 780 666 780 608 779 609 781 666 780 609 781 665 782 665 782 609 781 610 783 665 782 610 783 664 784 664 784 610 783 611 785 664 784 611 785 612 786 664 784 612 786 663 787 663 787 612 786 613 788 663 787 613 788 662 789 662 789 613 788 614 790 662 789 614 790 661 791 661 791 614 790 615 792 661 791 615 792 616 793 661 791 616 793 660 794 660 794 616 793 617 795 660 794 617 795 659 796 659 796 617 795 618 797 659 796 618 797 658 798 658 798 618 797 619 799 658 798 619 799 657 800 657 800 619 799 620 801 657 800 620 801 621 802 657 800 621 802 656 803 656 803 621 802 622 804 656 803 622 804 655 805 655 805 622 804 623 806 655 805 623 806 654 807 654 807 623 806 624 808 654 807 624 808 625 809 654 807 625 809 653 810 653 810 625 809 626 811 653 810 626 811 652 812 652 812 626 811 627 813 652 812 627 813 651 814 651 814 627 813 628 815 651 814 628 815 629 816 651 814 629 816 650 817 650 817 629 816 630 818 650 817 630 818 649 819 649 819 630 818 631 820 649 819 631 820 648 821 648 821 631 820 632 822 648 821 632 822 633 823 648 821 633 823 647 824 647 824 633 823 634 825 647 824 634 825 646 826 646 826 634 825 635 827 646 826 635 827 645 828 645 828 635 827 636 829 645 828 636 829 644 830 644 830 636 829 637 831 644 830 637 831 638 832 644 830 638 832 643 833 643 833 638 832 639 834 643 833 639 834 642 835 642 835 639 834 640 776 642 835 640 776 641 778 640 836 683 837 607 838 607 838 683 837 684 839 607 838 684 839 608 840 608 840 684 839 685 841 608 840 685 841 609 842 609 842 685 841 686 843 609 842 686 843 610 844 610 844 686 843 687 845 610 844 687 845 611 846 611 846 687 845 688 847 611 846 688 847 612 848 612 848 688 847 689 849 612 848 689 849 613 850 613 850 689 849 690 851 613 850 690 851 614 852 614 852 690 851 252 853 614 852 252 853 615 854 615 854 252 853 283 855 615 854 283 855 616 856 616 856 283 855 282 857 616 856 282 857 617 858 617 858 282 857 281 859 617 858 281 859 618 860 618 860 281 859 280 861 618 860 280 861 279 862 683 837 640 836 682 863 682 863 640 836 639 864 682 863 639 864 681 865 681 865 639 864 638 866 681 865 638 866 680 867 680 867 638 866 637 868 680 867 637 868 679 869 679 869 637 868 636 870 679 869 636 870 678 871 678 871 636 870 635 872 678 871 635 872 677 873 677 873 635 872 634 874 677 873 634 874 676 875 676 875 634 874 633 876 676 875 633 876 675 877 675 877 633 876 632 878 675 877 632 878 674 879 674 879 632 878 631 880 674 879 631 880 673 881 673 881 631 880 630 882 673 881 630 882 672 883 672 883 630 882 629 884 672 883 629 884 671 885 671 885 629 884 628 886 671 885 628 886 670 887 670 887 628 886 627 888 670 887 627 888 669 889 669 889 627 888 626 890 669 889 626 890 668 891 668 891 626 890 625 892 668 891 625 892 667 893 667 893 625 892 624 894 667 893 624 894 212 895 212 895 624 894 235 896 235 896 624 894 623 897 235 896 623 897 236 898 236 898 623 897 622 899 236 898 622 899 237 900 237 900 622 899 238 901 238 901 622 899 621 902 238 901 621 902 277 903 277 903 621 902 620 904 277 903 620 904 278 905 278 905 620 904 619 906 278 905 619 906 279 862 279 862 619 906 618 860 440 907 439 908 691 909 691 909 439 908 472 910 691 909 472 910 716 911 716 911 472 910 471 912 716 911 471 912 715 913 715 913 471 912 470 914 715 913 470 914 714 915 714 915 470 914 469 916 714 915 469 916 468 917 714 915 468 917 713 918 713 918 468 917 467 919 713 918 467 919 712 920 712 920 467 919 466 921 712 920 466 921 711 922 711 922 466 921 465 923 711 922 465 923 464 924 711 922 464 924 710 925 710 925 464 924 463 926 710 925 463 926 709 927 709 927 463 926 462 928 709 927 462 928 708 929 708 929 462 928 461 930 708 929 461 930 707 931 707 931 461 930 460 932 707 931 460 932 459 933 707 931 459 933 706 934 706 934 459 933 458 935 706 934 458 935 705 936 705 936 458 935 457 937 705 936 457 937 704 938 704 938 457 937 456 939 704 938 456 939 455 940 704 938 455 940 703 941 703 941 455 940 454 942 703 941 454 942 702 943 702 943 454 942 453 944 702 943 453 944 701 945 701 945 453 944 452 946 701 945 452 946 451 947 701 945 451 947 700 948 700 948 451 947 450 949 700 948 450 949 699 950 699 950 450 949 449 951 699 950 449 951 698 952 698 952 449 951 448 953 698 952 448 953 447 954 698 952 447 954 697 955 697 955 447 954 446 956 697 955 446 956 696 957 696 957 446 956 445 958 696 957 445 958 695 959 695 959 445 958 444 960 695 959 444 960 694 961 694 961 444 960 443 962 694 961 443 962 442 963 694 961 442 963 693 964 693 964 442 963 441 965 693 964 441 965 692 966 692 966 441 965 440 907 692 966 440 907 691 909 718 967 750 968 717 969 720 970 750 971 719 972 722 973 750 974 721 975 724 976 750 977 723 978 726 979 750 980 725 981 728 982 750 983 727 984 730 985 750 986 729 987 732 988 750 989 731 990 734 991 750 992 733 993 736 994 750 995 735 996 738 997 750 998 737 999 740 1000 750 1001 739 1002 742 1003 750 1004 741 1005 744 1006 750 1007 743 1008 746 1009 750 1010 745 1011 748 1012 750 1013 747 1014 717 969 750 1015 749 1016 739 1002 750 1017 738 997 749 1016 750 1018 748 1012 747 1014 750 1019 746 1009 745 1011 750 1020 744 1006 743 1008 750 1021 742 1003 741 1005 750 1022 740 1000 737 999 750 1023 736 994 735 996 750 1024 734 991 733 993 750 1025 732 988 731 990 750 1026 730 985 729 987 750 1027 728 982 727 984 750 1028 726 979 725 981 750 1029 724 976 723 978 750 1030 722 973 721 975 750 1031 720 970 719 972 750 1032 718 967 749 1033 783 1034 717 1035 717 1035 783 1034 751 1036 717 1035 751 1036 718 1037 718 1037 751 1036 752 1038 718 1037 752 1038 719 1039 719 1039 752 1038 753 1040 719 1039 753 1040 720 1041 720 1041 753 1040 754 1042 720 1041 754 1042 721 1043 721 1043 754 1042 755 1044 721 1043 755 1044 722 1045 722 1045 755 1044 756 1046 722 1045 756 1046 723 1047 723 1047 756 1046 757 1048 723 1047 757 1048 724 1049 724 1049 757 1048 758 1050 724 1049 758 1050 725 1051 725 1051 758 1050 759 1052 725 1051 759 1052 726 1053 726 1053 759 1052 760 1054 726 1053 760 1054 727 1055 727 1055 760 1054 761 1056 727 1055 761 1056 728 1057 728 1057 761 1056 762 1058 728 1057 762 1058 729 1059 729 1059 762 1058 763 1060 729 1059 763 1060 730 1061 730 1061 763 1060 764 1062 730 1061 764 1062 731 1063 731 1063 764 1062 765 1064 731 1063 765 1064 732 1065 732 1065 765 1064 766 1066 732 1065 766 1066 733 1067 733 1067 766 1066 767 1068 733 1067 767 1068 734 1069 734 1069 767 1068 768 1070 734 1069 768 1070 735 1071 735 1071 768 1070 769 1072 735 1071 769 1072 736 1073 736 1073 769 1072 770 1074 736 1073 770 1074 737 1075 737 1075 770 1074 771 1076 737 1075 771 1076 738 1077 738 1077 771 1076 772 1078 738 1077 772 1078 739 1079 739 1079 772 1078 773 1080 739 1079 773 1080 740 1081 740 1081 773 1080 774 1082 740 1081 774 1082 741 1083 741 1083 774 1082 775 1084 741 1083 775 1084 742 1085 742 1085 775 1084 776 1086 742 1085 776 1086 743 1087 743 1087 776 1086 777 1088 743 1087 777 1088 744 1089 744 1089 777 1088 778 1090 744 1089 778 1090 745 1091 745 1091 778 1090 779 1092 745 1091 779 1092 746 1093 746 1093 779 1092 780 1094 746 1093 780 1094 747 1095 747 1095 780 1094 781 1096 747 1095 781 1096 748 1097 748 1097 781 1096 782 1098 748 1097 782 1098 749 1033 749 1033 782 1098 783 1034 12 1099 787 1100 0 1101 0 1101 787 1100 788 1102 0 1101 788 1102 315 1103 315 1103 788 1102 362 441 315 1103 362 441 302 442 787 1100 12 1099 786 1104 786 1104 12 1099 11 1105 786 1104 11 1105 785 1106 785 1106 11 1105 10 1107 785 1106 10 1107 784 1108 784 1108 10 1107 9 1109 9 1109 14 1110 784 1108 784 1108 14 1110 789 1111 79 1112 791 1113 65 1114 65 1114 791 1113 792 1115 65 1114 792 1115 66 1116 66 1116 792 1115 793 1117 66 1116 793 1117 67 1118 67 1118 793 1117 794 1119 67 1118 794 1119 68 1120 68 1120 794 1119 795 1121 68 1120 795 1121 61 1122 78 1123 790 1124 79 1112 79 1112 790 1124 791 1113 143 1125 798 1126 103 1127 103 1127 798 1126 799 1128 103 1127 799 1128 104 1129 104 1129 799 1128 800 1130 104 1129 800 1130 105 1131 105 1131 800 1130 801 1132 105 1131 801 1132 106 1133 106 1133 801 1132 802 1134 106 1133 802 1134 107 1135 107 1135 802 1134 803 1136 107 1135 803 1136 108 1137 108 1137 803 1136 804 1138 108 1137 804 1138 109 1139 109 1139 804 1138 805 1140 109 1139 805 1140 110 1141 110 1141 805 1140 806 1142 110 1141 806 1142 111 1143 111 1143 806 1142 807 1144 111 1143 807 1144 112 1145 112 1145 807 1144 808 1146 112 1145 808 1146 113 1147 113 1147 808 1146 809 1148 113 1147 809 1148 114 1149 114 1149 809 1148 810 1150 114 1149 810 1150 88 1151 88 1151 810 1150 811 1152 88 1151 811 1152 122 1153 122 1153 811 1152 812 1154 122 1153 812 1154 123 1155 123 1155 812 1154 813 1156 123 1155 813 1156 124 1157 124 1157 813 1156 790 1124 124 1157 790 1124 78 1123 798 1126 143 1125 797 1158 797 1158 143 1125 142 1159 797 1158 142 1159 796 1160 796 1160 142 1159 141 1161 796 1160 141 1161 329 328 329 328 141 1161 140 326 815 1162 865 1163 814 1164 814 1164 865 1163 840 1165 814 1164 840 1165 839 1166 839 1166 840 1165 841 1167 839 1166 841 1167 842 1168 815 1162 816 1169 865 1163 865 1163 816 1169 864 1170 864 1170 816 1169 817 1171 864 1170 817 1171 863 1172 863 1172 817 1171 818 1173 863 1172 818 1173 862 1174 862 1174 818 1173 819 1175 862 1174 819 1175 861 1176 861 1176 819 1175 820 1177 861 1176 820 1177 860 1178 860 1178 820 1177 821 1179 860 1178 821 1179 859 1180 859 1180 821 1179 822 1181 859 1180 822 1181 858 1182 858 1182 822 1181 823 1183 858 1182 823 1183 857 1184 857 1184 823 1183 824 1185 857 1184 824 1185 856 1186 856 1186 824 1185 825 1187 856 1186 825 1187 855 1188 855 1188 825 1187 826 1189 855 1188 826 1189 854 1190 854 1190 826 1189 827 1191 854 1190 827 1191 853 1192 853 1192 827 1191 828 1193 853 1192 828 1193 852 1194 852 1194 828 1193 829 1195 852 1194 829 1195 851 1196 851 1196 829 1195 830 1197 851 1196 830 1197 850 1198 850 1198 830 1197 831 1199 850 1198 831 1199 849 1200 849 1200 831 1199 832 1201 849 1200 832 1201 848 1202 848 1202 832 1201 833 1203 848 1202 833 1203 847 1204 847 1204 833 1203 834 1205 847 1204 834 1205 846 1206 846 1206 834 1205 835 1207 846 1206 835 1207 845 1208 845 1208 835 1207 836 1209 845 1208 836 1209 844 1210 844 1210 836 1209 837 1211 844 1210 837 1211 843 1212 843 1212 837 1211 838 1213 843 1212 838 1213 842 1168 842 1168 838 1213 839 1166 867 1214 917 1215 866 1216 866 1216 917 1215 892 1217 866 1216 892 1217 891 1218 891 1218 892 1217 893 1219 891 1218 893 1219 894 1220 867 1214 868 1221 917 1215 917 1215 868 1221 916 1222 916 1222 868 1221 869 1223 916 1222 869 1223 915 1224 915 1224 869 1223 870 1225 915 1224 870 1225 914 1226 914 1226 870 1225 871 1227 914 1226 871 1227 913 1228 913 1228 871 1227 872 1229 913 1228 872 1229 912 1230 912 1230 872 1229 873 1231 912 1230 873 1231 911 1232 911 1232 873 1231 874 1233 911 1232 874 1233 910 1234 910 1234 874 1233 875 1235 910 1234 875 1235 909 1236 909 1236 875 1235 876 1237 909 1236 876 1237 908 1238 908 1238 876 1237 877 1239 908 1238 877 1239 907 1240 907 1240 877 1239 878 1241 907 1240 878 1241 906 1242 906 1242 878 1241 879 1243 906 1242 879 1243 905 1244 905 1244 879 1243 880 1245 905 1244 880 1245 904 1246 904 1246 880 1245 881 1247 904 1246 881 1247 903 1248 903 1248 881 1247 882 1249 903 1248 882 1249 902 1250 902 1250 882 1249 883 1251 902 1250 883 1251 901 1252 901 1252 883 1251 884 1253 901 1252 884 1253 900 1254 900 1254 884 1253 885 1255 900 1254 885 1255 899 1256 899 1256 885 1255 886 1257 899 1256 886 1257 898 1258 898 1258 886 1257 887 1259 898 1258 887 1259 897 1260 897 1260 887 1259 888 1261 897 1260 888 1261 896 1262 896 1262 888 1261 889 1263 896 1262 889 1263 895 1264 895 1264 889 1263 890 1265 895 1264 890 1265 894 1220 894 1220 890 1265 891 1218 716 1266 943 1267 691 1268 691 1268 943 1267 918 1269 691 1268 918 1269 692 1270 692 1270 918 1269 919 1271 692 1270 919 1271 920 1272 716 1266 715 1273 943 1267 943 1267 715 1273 942 1274 942 1274 715 1273 714 1275 942 1274 714 1275 941 1276 941 1276 714 1275 713 1277 941 1276 713 1277 940 1278 940 1278 713 1277 712 1279 940 1278 712 1279 939 1280 939 1280 712 1279 711 1281 939 1280 711 1281 938 1282 938 1282 711 1281 710 1283 938 1282 710 1283 937 1284 937 1284 710 1283 709 1285 937 1284 709 1285 936 1286 936 1286 709 1285 708 1287 936 1286 708 1287 935 1288 935 1288 708 1287 707 1289 935 1288 707 1289 934 1290 934 1290 707 1289 706 1291 934 1290 706 1291 933 1292 933 1292 706 1291 705 1293 933 1292 705 1293 932 1294 932 1294 705 1293 704 1295 932 1294 704 1295 931 1296 931 1296 704 1295 703 1297 931 1296 703 1297 930 1298 930 1298 703 1297 702 1299 930 1298 702 1299 929 1300 929 1300 702 1299 701 1301 929 1300 701 1301 928 1302 928 1302 701 1301 700 1303 928 1302 700 1303 927 1304 927 1304 700 1303 699 1305 927 1304 699 1305 926 1306 926 1306 699 1305 698 1307 926 1306 698 1307 925 1308 925 1308 698 1307 697 1309 925 1308 697 1309 924 1310 924 1310 697 1309 696 1311 924 1310 696 1311 923 1312 923 1312 696 1311 695 1313 923 1312 695 1313 922 1314 922 1314 695 1313 694 1315 922 1314 694 1315 921 1316 921 1316 694 1315 693 1317 921 1316 693 1317 920 1272 920 1272 693 1317 692 1270 666 1318 969 1319 641 1320 641 1320 969 1319 944 1321 641 1320 944 1321 642 1322 642 1322 944 1321 945 1323 642 1322 945 1323 946 1324 666 1318 665 1325 969 1319 969 1319 665 1325 968 1326 968 1326 665 1325 664 1327 968 1326 664 1327 967 1328 967 1328 664 1327 663 1329 967 1328 663 1329 966 1330 966 1330 663 1329 662 1331 966 1330 662 1331 965 1332 965 1332 662 1331 661 1333 965 1332 661 1333 964 1334 964 1334 661 1333 660 1335 964 1334 660 1335 963 1336 963 1336 660 1335 659 1337 963 1336 659 1337 962 1338 962 1338 659 1337 658 1339 962 1338 658 1339 961 1340 961 1340 658 1339 657 1341 961 1340 657 1341 960 1342 960 1342 657 1341 656 1343 960 1342 656 1343 959 1344 959 1344 656 1343 655 1345 959 1344 655 1345 958 1346 958 1346 655 1345 654 1347 958 1346 654 1347 957 1348 957 1348 654 1347 653 1349 957 1348 653 1349 956 1350 956 1350 653 1349 652 1351 956 1350 652 1351 955 1352 955 1352 652 1351 651 1353 955 1352 651 1353 954 1354 954 1354 651 1353 650 1355 954 1354 650 1355 953 1356 953 1356 650 1355 649 1357 953 1356 649 1357 952 1358 952 1358 649 1357 648 1359 952 1358 648 1359 951 1360 951 1360 648 1359 647 1361 951 1360 647 1361 950 1362 950 1362 647 1361 646 1363 950 1362 646 1363 949 1364 949 1364 646 1363 645 1365 949 1364 645 1365 948 1366 948 1366 645 1365 644 1367 948 1366 644 1367 947 1368 947 1368 644 1367 643 1369 947 1368 643 1369 946 1324 946 1324 643 1369 642 1322 582 1370 995 1371 557 1372 557 1372 995 1371 970 1373 557 1372 970 1373 558 1374 558 1374 970 1373 971 1375 558 1374 971 1375 972 1376 582 1370 581 1377 995 1371 995 1371 581 1377 994 1378 994 1378 581 1377 580 1379 994 1378 580 1379 993 1380 993 1380 580 1379 579 1381 993 1380 579 1381 992 1382 992 1382 579 1381 578 1383 992 1382 578 1383 991 1384 991 1384 578 1383 577 1385 991 1384 577 1385 990 1386 990 1386 577 1385 576 1387 990 1386 576 1387 989 1388 989 1388 576 1387 575 1389 989 1388 575 1389 988 1390 988 1390 575 1389 574 1391 988 1390 574 1391 987 1392 987 1392 574 1391 573 1393 987 1392 573 1393 986 1394 986 1394 573 1393 572 1395 986 1394 572 1395 985 1396 985 1396 572 1395 571 1397 985 1396 571 1397 984 1398 984 1398 571 1397 570 1399 984 1398 570 1399 983 1400 983 1400 570 1399 569 1401 983 1400 569 1401 982 1402 982 1402 569 1401 568 1403 982 1402 568 1403 981 1404 981 1404 568 1403 567 1405 981 1404 567 1405 980 1406 980 1406 567 1405 566 1407 980 1406 566 1407 979 1408 979 1408 566 1407 565 1409 979 1408 565 1409 978 1410 978 1410 565 1409 564 1411 978 1410 564 1411 977 1412 977 1412 564 1411 563 1413 977 1412 563 1413 976 1414 976 1414 563 1413 562 1415 976 1414 562 1415 975 1416 975 1416 562 1415 561 1417 975 1416 561 1417 974 1418 974 1418 561 1417 560 1419 974 1418 560 1419 973 1420 973 1420 560 1419 559 1421 973 1420 559 1421 972 1376 972 1376 559 1421 558 1374 522 1422 1021 1423 497 1424 497 1424 1021 1423 996 1425 497 1424 996 1425 498 1426 498 1426 996 1425 997 1427 498 1426 997 1427 998 1428 522 1422 521 1429 1021 1423 1021 1423 521 1429 1020 1430 1020 1430 521 1429 520 1431 1020 1430 520 1431 1019 1432 1019 1432 520 1431 519 1433 1019 1432 519 1433 1018 1434 1018 1434 519 1433 518 1435 1018 1434 518 1435 1017 1436 1017 1436 518 1435 517 1437 1017 1436 517 1437 1016 1438 1016 1438 517 1437 516 1439 1016 1438 516 1439 1015 1440 1015 1440 516 1439 515 1441 1015 1440 515 1441 1014 1442 1014 1442 515 1441 514 1443 1014 1442 514 1443 1013 1444 1013 1444 514 1443 513 1445 1013 1444 513 1445 1012 1446 1012 1446 513 1445 512 1447 1012 1446 512 1447 1011 1448 1011 1448 512 1447 511 1449 1011 1448 511 1449 1010 1450 1010 1450 511 1449 510 1451 1010 1450 510 1451 1009 1452 1009 1452 510 1451 509 1453 1009 1452 509 1453 1008 1454 1008 1454 509 1453 508 1455 1008 1454 508 1455 1007 1456 1007 1456 508 1455 507 1457 1007 1456 507 1457 1006 1458 1006 1458 507 1457 506 1459 1006 1458 506 1459 1005 1460 1005 1460 506 1459 505 1461 1005 1460 505 1461 1004 1462 1004 1462 505 1461 504 1463 1004 1462 504 1463 1003 1464 1003 1464 504 1463 503 1465 1003 1464 503 1465 1002 1466 1002 1466 503 1465 502 1467 1002 1466 502 1467 1001 1468 1001 1468 502 1467 501 1469 1001 1468 501 1469 1000 1470 1000 1470 501 1469 500 1471 1000 1470 500 1471 999 1472 999 1472 500 1471 499 1473 999 1472 499 1473 998 1428 998 1428 499 1473 498 1426 16 1474 61 1122 1022 1475 1022 1475 61 1122 795 1121 789 1111 14 1110 1046 1476 1046 1476 14 1110 40 1477 1046 1476 40 1477 1045 1478 1045 1478 40 1477 39 1479 1045 1478 39 1479 1044 1480 1044 1480 39 1479 38 1481 1044 1480 38 1481 1043 1482 1043 1482 38 1481 37 1483 1043 1482 37 1483 1042 1484 1042 1484 37 1483 36 1485 1042 1484 36 1485 1041 1486 1041 1486 36 1485 35 1487 1041 1486 35 1487 1040 1488 1040 1488 35 1487 34 1489 1040 1488 34 1489 1039 1490 1039 1490 34 1489 33 1491 1039 1490 33 1491 1038 1492 1038 1492 33 1491 32 1493 1038 1492 32 1493 1037 1494 1037 1494 32 1493 31 1495 1037 1494 31 1495 1036 1496 1036 1496 31 1495 30 1497 1036 1496 30 1497 1035 1498 1035 1498 30 1497 29 1499 1035 1498 29 1499 1034 1500 1034 1500 29 1499 28 1501 1034 1500 28 1501 1033 1502 1033 1502 28 1501 27 1503 1033 1502 27 1503 1032 1504 1032 1504 27 1503 26 1505 1032 1504 26 1505 1031 1506 1031 1506 26 1505 25 1507 1031 1506 25 1507 1030 1508 1030 1508 25 1507 24 1509 1030 1508 24 1509 1029 1510 1029 1510 24 1509 23 1511 1029 1510 23 1511 1028 1512 1028 1512 23 1511 22 1513 1028 1512 22 1513 1027 1514 1027 1514 22 1513 21 1515 1027 1514 21 1515 1026 1516 1026 1516 21 1515 20 1517 1026 1516 20 1517 1025 1518 1025 1518 20 1517 19 1519 1025 1518 19 1519 1024 1520 1024 1520 19 1519 18 1521 1024 1520 18 1521 1023 1522 1023 1522 18 1521 17 1523 1023 1522 17 1523 1022 1475 1022 1475 17 1523 16 1474 380 1524 962 1525 357 1526 357 1526 962 1525 961 1527 357 1526 961 1527 960 1528 962 1525 380 1524 963 1529 963 1529 380 1524 379 1530 963 1529 379 1530 964 1531 964 1531 379 1530 378 1532 964 1531 378 1532 377 1533 964 1531 377 1533 965 1534 965 1534 377 1533 376 1535 965 1534 376 1535 375 1536 965 1534 375 1536 966 1537 966 1537 375 1536 374 1538 966 1537 374 1538 373 1539 373 1539 372 1540 966 1537 966 1537 372 1540 371 1541 966 1537 371 1541 935 1542 935 1542 371 1541 370 1543 935 1542 370 1543 369 1544 369 1544 368 1545 935 1542 935 1542 368 1545 936 1546 936 1546 368 1545 367 1547 936 1546 367 1547 366 1548 936 1546 366 1548 937 1549 937 1549 366 1548 365 1550 937 1549 365 1550 364 1551 937 1549 364 1551 938 1552 938 1552 364 1551 363 1553 938 1552 363 1553 939 1554 939 1554 363 1553 362 1555 939 1554 362 1555 940 1556 940 1556 362 1555 941 1557 941 1557 362 1555 788 1558 941 1557 788 1558 942 1559 942 1559 788 1558 787 1560 942 1559 787 1560 943 1561 943 1561 787 1560 786 1562 943 1561 786 1562 918 1563 918 1563 786 1562 785 1564 918 1563 785 1564 919 1565 919 1565 785 1564 784 1566 919 1565 784 1566 920 1567 920 1567 784 1566 858 1568 920 1567 858 1568 857 1569 858 1568 784 1566 859 1570 859 1570 784 1566 789 1571 859 1570 789 1571 1046 1572 1046 1572 1045 1573 859 1570 859 1570 1045 1573 1044 1574 859 1570 1044 1574 1043 1575 859 1570 1043 1575 860 1576 860 1576 1043 1575 1042 1577 860 1576 1042 1577 1041 1578 1041 1578 1040 1579 860 1576 860 1576 1040 1579 861 1580 861 1580 1040 1579 1039 1581 861 1580 1039 1581 1038 1582 861 1580 1038 1582 862 1583 862 1583 1038 1582 1037 1584 862 1583 1037 1584 863 1585 863 1585 1037 1584 1036 1586 863 1585 1036 1586 864 1587 864 1587 1036 1586 865 1588 865 1588 1036 1586 1035 1589 865 1588 1035 1589 840 1590 840 1590 1035 1589 1034 1591 840 1590 1034 1591 841 1592 841 1592 1034 1591 1033 1593 841 1592 1033 1593 842 1594 842 1594 1033 1593 843 1595 843 1595 1033 1593 1032 1596 843 1595 1032 1596 844 1597 844 1597 1032 1596 1031 1598 844 1597 1031 1598 845 1599 845 1599 1031 1598 1030 1600 845 1599 1030 1600 1029 1601 845 1599 1029 1601 846 1602 846 1602 1029 1601 1028 1603 846 1602 1028 1603 1027 1604 1027 1604 1026 1605 846 1602 846 1602 1026 1605 847 1606 847 1606 1026 1605 1025 1607 847 1606 1025 1607 1024 1608 1024 1608 1023 1609 847 1606 847 1606 1023 1609 1022 1610 847 1606 1022 1610 795 1611 794 1612 1021 1613 795 1611 795 1611 1021 1613 1020 1614 795 1611 1020 1614 848 1615 848 1615 1020 1614 849 1616 849 1616 1020 1614 1019 1617 849 1616 1019 1617 1018 1618 1021 1613 794 1612 996 1619 996 1619 794 1612 793 1620 996 1619 793 1620 997 1621 997 1621 793 1620 792 1622 997 1621 792 1622 998 1623 998 1623 792 1622 791 1624 998 1623 791 1624 999 1625 999 1625 791 1624 790 1626 999 1625 790 1626 1000 1627 1000 1627 790 1626 1001 1628 1001 1628 790 1626 813 1629 1001 1628 813 1629 1002 1630 1002 1630 813 1629 812 1631 1002 1630 812 1631 1003 1632 1003 1632 812 1631 811 1633 1003 1632 811 1633 810 1634 1003 1632 810 1634 1004 1635 1004 1635 810 1634 809 1636 1004 1635 809 1636 808 1637 1004 1635 808 1637 1005 1638 1005 1638 808 1637 807 1639 1005 1638 807 1639 806 1640 806 1640 805 1641 1005 1638 1005 1638 805 1641 804 1642 1005 1638 804 1642 974 1643 974 1643 804 1642 803 1644 974 1643 803 1644 802 1645 802 1645 801 1646 974 1643 974 1643 801 1646 975 1647 975 1647 801 1646 800 1648 975 1647 800 1648 799 1649 975 1647 799 1649 976 1650 976 1650 799 1649 798 1651 976 1650 798 1651 797 1652 976 1650 797 1652 977 1653 977 1653 797 1652 796 1654 977 1653 796 1654 978 1655 978 1655 796 1654 329 1656 978 1655 329 1656 979 1657 979 1657 329 1656 980 1658 980 1658 329 1656 328 1659 980 1658 328 1659 981 1660 981 1660 328 1659 327 1661 981 1660 327 1661 982 1662 982 1662 327 1661 326 1663 982 1662 326 1663 983 1664 983 1664 326 1663 325 1665 983 1664 325 1665 984 1666 984 1666 325 1665 324 1667 984 1666 324 1667 985 1668 985 1668 324 1667 897 1669 985 1668 897 1669 896 1670 897 1669 324 1667 898 1671 898 1671 324 1667 330 1672 898 1671 330 1672 355 1673 355 1673 354 1674 898 1671 898 1671 354 1674 353 1675 898 1671 353 1675 352 1676 898 1671 352 1676 899 1677 899 1677 352 1676 351 1678 899 1677 351 1678 350 1679 350 1679 349 1680 899 1677 899 1677 349 1680 900 1681 900 1681 349 1680 348 1682 900 1681 348 1682 347 1683 900 1681 347 1683 901 1684 901 1684 347 1683 346 1685 901 1684 346 1685 902 1686 902 1686 346 1685 345 1687 902 1686 345 1687 903 1688 903 1688 345 1687 904 1689 904 1689 345 1687 344 1690 904 1689 344 1690 905 1691 905 1691 344 1690 343 1692 905 1691 343 1692 906 1693 906 1693 343 1692 342 1694 906 1693 342 1694 907 1695 907 1695 342 1694 908 1696 908 1696 342 1694 341 1697 908 1696 341 1697 909 1698 909 1698 341 1697 340 1699 909 1698 340 1699 910 1700 910 1700 340 1699 339 1701 910 1700 339 1701 338 1702 910 1700 338 1702 911 1703 911 1703 338 1702 337 1704 911 1703 337 1704 336 1705 336 1705 335 1706 911 1703 911 1703 335 1706 912 1707 912 1707 335 1706 334 1708 912 1707 334 1708 333 1709 333 1709 332 1710 912 1707 912 1707 332 1710 331 1711 912 1707 331 1711 356 1712 361 1713 956 1714 356 1712 356 1712 956 1714 955 1715 356 1712 955 1715 913 1716 913 1716 955 1715 914 1717 914 1717 955 1715 954 1718 914 1717 954 1718 953 1719 956 1714 361 1713 957 1720 957 1720 361 1713 360 1721 957 1720 360 1721 958 1722 958 1722 360 1721 359 1723 958 1722 359 1723 959 1724 959 1724 359 1723 358 1725 959 1724 358 1725 960 1528 960 1528 358 1725 357 1526 783 1726 893 1727 751 1728 751 1728 893 1727 892 1729 751 1728 892 1729 917 1730 782 1731 989 1732 783 1726 783 1726 989 1732 988 1733 783 1726 988 1733 893 1727 893 1727 988 1733 894 1734 894 1734 988 1733 987 1735 894 1734 987 1735 895 1736 895 1736 987 1735 896 1670 896 1670 987 1735 986 1737 896 1670 986 1737 985 1668 782 1731 781 1738 989 1732 989 1732 781 1738 990 1739 990 1739 781 1738 780 1740 990 1739 780 1740 991 1741 991 1741 780 1740 779 1742 991 1741 779 1742 992 1743 992 1743 779 1742 778 1744 992 1743 778 1744 993 1745 993 1745 778 1744 777 1746 993 1745 777 1746 994 1747 994 1747 777 1746 776 1748 994 1747 776 1748 995 1749 995 1749 776 1748 1010 1750 995 1749 1010 1750 970 1751 970 1751 1010 1750 1009 1752 970 1751 1009 1752 971 1753 971 1753 1009 1752 1008 1754 971 1753 1008 1754 972 1755 972 1755 1008 1754 1007 1756 972 1755 1007 1756 973 1757 973 1757 1007 1756 1006 1758 973 1757 1006 1758 974 1643 974 1643 1006 1758 1005 1638 776 1748 775 1759 1010 1750 1010 1750 775 1759 1011 1760 1011 1760 775 1759 774 1761 1011 1760 774 1761 1012 1762 1012 1762 774 1761 1013 1763 1013 1763 774 1761 773 1764 1013 1763 773 1764 1014 1765 1014 1765 773 1764 772 1766 1014 1765 772 1766 1015 1767 1015 1767 772 1766 771 1768 1015 1767 771 1768 770 1769 1015 1767 770 1769 1016 1770 1016 1770 770 1769 769 1771 1016 1770 769 1771 1017 1772 1017 1772 769 1771 852 1773 1017 1772 852 1773 851 1774 769 1771 768 1775 852 1773 852 1773 768 1775 853 1776 853 1776 768 1775 767 1777 853 1776 767 1777 854 1778 854 1778 767 1777 766 1779 854 1778 766 1779 923 1780 923 1780 766 1779 924 1781 924 1781 766 1779 765 1782 924 1781 765 1782 925 1783 925 1783 765 1782 764 1784 925 1783 764 1784 763 1785 925 1783 763 1785 926 1786 926 1786 763 1785 762 1787 926 1786 762 1787 927 1788 927 1788 762 1787 761 1789 927 1788 761 1789 928 1790 928 1790 761 1789 929 1791 929 1791 761 1789 760 1792 929 1791 760 1792 930 1793 930 1793 760 1792 759 1794 930 1793 759 1794 945 1795 945 1795 759 1794 946 1796 946 1796 759 1794 758 1797 946 1796 758 1797 947 1798 947 1798 758 1797 757 1799 947 1798 757 1799 948 1800 948 1800 757 1799 756 1801 948 1800 756 1801 949 1802 949 1802 756 1801 755 1803 949 1802 755 1803 950 1804 950 1804 755 1803 754 1805 950 1804 754 1805 951 1806 951 1806 754 1805 753 1807 951 1806 753 1807 752 1808 751 1728 917 1730 752 1808 752 1808 917 1730 952 1809 752 1808 952 1809 951 1806 1017 1772 851 1774 1018 1618 1018 1618 851 1774 850 1810 1018 1618 850 1810 849 1616 969 1811 932 1812 944 1813 944 1813 932 1812 931 1814 944 1813 931 1814 945 1795 945 1795 931 1814 930 1793 932 1812 969 1811 933 1815 933 1815 969 1811 968 1816 933 1815 968 1816 934 1817 934 1817 968 1816 967 1818 934 1817 967 1818 935 1542 935 1542 967 1818 966 1537 952 1809 916 1819 953 1719 953 1719 916 1819 915 1820 953 1719 915 1820 914 1717 854 1778 923 1780 855 1821 855 1821 923 1780 922 1822 855 1821 922 1822 856 1823 856 1823 922 1822 857 1569 857 1569 922 1822 921 1824 857 1569 921 1824 920 1567 917 1730 916 1819 952 1809 913 1716 912 1707 356 1712 848 1615 847 1606 795 1611 101 1825 100 1826 583 1827 583 1827 100 1826 584 1828 584 1828 100 1826 99 1829 584 1828 99 1829 585 1830 585 1830 99 1829 98 1831 585 1830 98 1831 97 1832 585 1830 97 1832 586 1833 586 1833 97 1832 96 1834 586 1833 96 1834 95 1835 586 1833 95 1835 435 1836 435 1836 95 1835 94 1837 435 1836 94 1837 436 1838 436 1838 94 1837 93 1839 436 1838 93 1839 92 1840 436 1838 92 1840 437 1841 437 1841 92 1840 91 1842 437 1841 91 1842 438 1843 438 1843 91 1842 90 1844 586 1833 435 1836 587 1845 587 1845 435 1836 434 1846 587 1845 434 1846 588 1847 588 1847 434 1846 433 1848 588 1847 433 1848 589 1849 589 1849 433 1848 432 1850 589 1849 432 1850 590 1851 590 1851 432 1850 431 1852 590 1851 431 1852 591 1853 591 1853 431 1852 430 1854 591 1853 430 1854 592 1855 592 1855 430 1854 429 1856 592 1855 429 1856 593 1857 593 1857 429 1856 428 1858 593 1857 428 1858 594 1859 594 1859 428 1858 427 1860 594 1859 427 1860 595 1861 595 1861 427 1860 426 1862 595 1861 426 1862 596 1863 596 1863 426 1862 425 1864 596 1863 425 1864 677 1865 677 1865 425 1864 486 1866 677 1865 486 1866 678 1867 678 1867 486 1866 485 1868 678 1867 485 1868 679 1869 679 1869 485 1868 484 1870 679 1869 484 1870 680 1871 680 1871 484 1870 483 1872 680 1871 483 1872 681 1873 681 1873 483 1872 482 1874 681 1873 482 1874 682 1875 682 1875 482 1874 481 1876 682 1875 481 1876 683 1877 683 1877 481 1876 480 1878 683 1877 480 1878 684 1879 684 1879 480 1878 479 1880 684 1879 479 1880 685 1881 685 1881 479 1880 478 1882 685 1881 478 1882 686 1883 686 1883 478 1882 477 1884 686 1883 477 1884 687 1885 687 1885 477 1884 476 1886 687 1885 476 1886 257 1887 257 1887 476 1886 258 1888 258 1888 476 1886 259 1889 259 1889 476 1886 475 1890 259 1889 475 1890 260 1891 260 1891 475 1890 261 1892 261 1892 475 1890 474 1893 261 1892 474 1893 262 1894 262 1894 474 1893 473 1895 262 1894 473 1895 263 1896 425 1864 424 1897 486 1866 486 1866 424 1897 487 1898 487 1898 424 1897 423 1899 487 1898 423 1899 488 1900 488 1900 423 1899 422 1901 488 1900 422 1901 489 1902 489 1902 422 1901 421 1903 489 1902 421 1903 490 1904 490 1904 421 1903 827 1905 490 1904 827 1905 826 1906 827 1905 421 1903 828 1907 828 1907 421 1903 420 1908 828 1907 420 1908 829 1909 829 1909 420 1908 419 1910 829 1909 419 1910 830 1911 830 1911 419 1910 418 1912 830 1911 418 1912 831 1913 831 1913 418 1912 60 1914 831 1913 60 1914 832 1915 832 1915 60 1914 15 1916 832 1915 15 1916 833 1917 833 1917 15 1916 59 1918 833 1917 59 1918 58 1919 60 1914 418 1912 69 1920 69 1920 418 1912 417 1921 69 1920 417 1921 70 1922 70 1922 417 1921 416 1923 70 1922 416 1923 71 1924 71 1924 416 1923 415 1925 71 1924 415 1925 72 1926 72 1926 415 1925 62 1927 58 1919 57 1928 833 1917 833 1917 57 1928 834 1929 834 1929 57 1928 56 1930 834 1929 56 1930 55 1931 834 1929 55 1931 835 1932 835 1932 55 1931 54 1933 835 1932 54 1933 836 1934 836 1934 54 1933 53 1935 836 1934 53 1935 837 1936 837 1936 53 1935 52 1937 837 1936 52 1937 838 1938 838 1938 52 1937 51 1939 838 1938 51 1939 839 1940 839 1940 51 1939 50 1941 839 1940 50 1941 814 1942 814 1942 50 1941 815 1943 815 1943 50 1941 49 1944 815 1943 49 1944 816 1945 816 1945 49 1944 48 1946 816 1945 48 1946 817 1947 817 1947 48 1946 47 1948 817 1947 47 1948 818 1949 818 1949 47 1948 46 1950 818 1949 46 1950 819 1951 819 1951 46 1950 45 1952 819 1951 45 1952 820 1953 820 1953 45 1952 44 1954 820 1953 44 1954 43 1955 820 1953 43 1955 821 1956 821 1956 43 1955 42 1957 821 1956 42 1957 41 1958 41 1958 13 1959 821 1956 821 1956 13 1959 822 1960 822 1960 13 1959 8 1961 822 1960 8 1961 823 1962 823 1962 8 1961 493 1963 823 1962 493 1963 824 1964 824 1964 493 1963 492 1965 824 1964 492 1965 825 1966 825 1966 492 1965 491 1967 825 1966 491 1967 826 1906 826 1906 491 1967 490 1904 8 1961 7 1968 493 1963 493 1963 7 1968 494 1969 494 1969 7 1968 6 1970 494 1969 6 1970 495 1971 495 1971 6 1970 5 1972 495 1971 5 1972 496 1973 496 1973 5 1972 4 1974 496 1973 4 1974 3 1975 257 1887 256 1976 687 1885 687 1885 256 1976 688 1977 688 1977 256 1976 255 1978 688 1977 255 1978 254 1979 688 1977 254 1979 689 1980 689 1980 254 1979 253 1981 689 1980 253 1981 690 1982 690 1982 253 1981 252 1983 677 1865 676 1984 596 1863 596 1863 676 1984 597 1985 597 1985 676 1984 675 1986 597 1985 675 1986 598 1987 598 1987 675 1986 599 1988 599 1988 675 1986 674 1989 599 1988 674 1989 600 1990 600 1990 674 1989 673 1991 600 1990 673 1991 866 1992 866 1992 673 1991 867 1993 867 1993 673 1991 672 1994 867 1993 672 1994 868 1995 868 1995 672 1994 671 1996 868 1995 671 1996 869 1997 869 1997 671 1996 670 1998 869 1997 670 1998 870 1999 870 1999 670 1998 210 2000 870 1999 210 2000 871 2001 871 2001 210 2000 165 2002 871 2001 165 2002 872 2003 872 2003 165 2002 209 2004 872 2003 209 2004 208 2005 210 2000 670 1998 219 2006 219 2006 670 1998 669 2007 219 2006 669 2007 220 2008 220 2008 669 2007 668 2009 220 2008 668 2009 221 2010 221 2010 668 2009 667 2011 221 2010 667 2011 222 2012 222 2012 667 2011 212 2013 208 2005 207 2014 872 2003 872 2003 207 2014 873 2015 873 2015 207 2014 206 2016 873 2015 206 2016 205 2017 873 2015 205 2017 874 2018 874 2018 205 2017 204 2019 874 2018 204 2019 875 2020 875 2020 204 2019 203 2021 875 2020 203 2021 876 2022 876 2022 203 2021 202 2023 876 2022 202 2023 877 2024 877 2024 202 2023 201 2025 877 2024 201 2025 878 2026 878 2026 201 2025 200 2027 878 2026 200 2027 879 2028 879 2028 200 2027 880 2029 880 2029 200 2027 199 2030 880 2029 199 2030 881 2031 881 2031 199 2030 198 2032 881 2031 198 2032 882 2033 882 2033 198 2032 197 2034 882 2033 197 2034 883 2035 883 2035 197 2034 196 2036 883 2035 196 2036 884 2037 884 2037 196 2036 195 2038 884 2037 195 2038 885 2039 885 2039 195 2038 194 2040 885 2039 194 2040 193 2041 885 2039 193 2041 886 2042 886 2042 193 2041 192 2043 886 2042 192 2043 191 2044 191 2044 163 2045 886 2042 886 2042 163 2045 887 2046 887 2046 163 2045 158 2047 887 2046 158 2047 888 2048 888 2048 158 2047 603 2049 888 2048 603 2049 889 2050 889 2050 603 2049 602 2051 889 2050 602 2051 890 2052 890 2052 602 2051 601 2053 890 2052 601 2053 891 2054 891 2054 601 2053 600 1990 891 2054 600 1990 866 1992 158 2047 157 2055 603 2049 603 2049 157 2055 604 2056 604 2056 157 2055 156 2057 604 2056 156 2057 605 2058 605 2058 156 2057 155 2059 605 2058 155 2059 606 2060 606 2060 155 2059 154 2061 606 2060 154 2061 153 2062</p>
        </triangles>
        <triangles material="Opaque_245_245_246_" count="2180">
          <input semantic="VERTEX" source="#servo_mount-mesh-vertices" offset="0"/>
          <input semantic="NORMAL" source="#servo_mount-mesh-normals" offset="1"/>
          <p>1047 2063 1048 2064 1050 2065 1050 2065 1048 2064 1049 2066 1051 2067 1052 2068 1054 2069 1054 2069 1052 2068 1053 2070 1055 2071 1056 2072 1058 2073 1058 2073 1056 2072 1057 2074 1059 2075 1060 2076 1062 2077 1062 2077 1060 2076 1061 2078 1063 2079 1064 2080 1066 2081 1066 2081 1064 2080 1065 2082 1067 2083 1068 2084 1070 2085 1070 2085 1068 2084 1069 2086 1071 2087 1072 2088 1074 2089 1074 2089 1072 2088 1073 2090 1075 2091 1076 2092 1078 2093 1078 2093 1076 2092 1077 2094 1079 2095 1080 2096 1082 2097 1082 2097 1080 2096 1081 2098 1083 2099 1084 2100 1086 2101 1086 2101 1084 2100 1085 2102 1087 2103 1088 2104 1090 2105 1090 2105 1088 2104 1089 2106 1091 2107 1092 2108 1094 2109 1094 2109 1092 2108 1093 2110 1095 2111 1096 2112 1098 2113 1098 2113 1096 2112 1097 2114 1099 2115 1100 2116 1102 2117 1102 2117 1100 2116 1101 2118 1103 2119 1104 2120 1106 2121 1106 2121 1104 2120 1105 2122 1107 2123 1108 2124 1110 2125 1110 2125 1108 2124 1109 2126 1111 2127 1112 2128 1114 2129 1114 2129 1112 2128 1113 2130 1115 2131 1116 2132 1118 2133 1118 2133 1116 2132 1117 2134 1119 2135 1120 2136 1122 2137 1122 2137 1120 2136 1121 2138 1123 2139 1124 2140 1126 2141 1126 2141 1124 2140 1125 2142 1127 2143 1128 2144 1130 2145 1130 2145 1128 2144 1129 2146 1131 2147 1132 2148 1134 2149 1134 2149 1132 2148 1133 2150 1135 2151 1136 2152 1138 2153 1138 2153 1136 2152 1137 2154 1139 2155 1140 2156 1142 2157 1142 2157 1140 2156 1141 2158 1143 2159 1144 2160 1146 2161 1146 2161 1144 2160 1145 2162 1148 2163 1119 2164 1147 2165 1147 2165 1119 2164 1331 2166 1147 2165 1331 2166 1182 2167 1149 2168 1325 2169 1148 2163 1148 2163 1325 2169 1328 2170 1148 2163 1328 2170 1329 2171 1150 2172 1124 2173 1149 2168 1149 2168 1124 2173 1123 2174 1149 2168 1123 2174 1325 2169 1151 2175 1128 2176 1150 2172 1150 2172 1128 2176 1127 2177 1150 2172 1127 2177 1319 2178 1152 2179 1131 2180 1151 2175 1151 2175 1131 2180 1313 2181 1151 2175 1313 2181 1315 2182 1315 2182 1313 2181 1314 2183 1153 2184 1310 2185 1152 2179 1152 2179 1310 2185 1312 2186 1152 2179 1312 2186 1132 2187 1154 2188 1136 2189 1153 2184 1153 2184 1136 2189 1135 2190 1153 2184 1135 2190 1307 2191 1155 2192 1139 2193 1154 2188 1154 2188 1139 2193 1301 2194 1154 2188 1301 2194 1302 2195 1156 2196 1295 2197 1155 2192 1155 2192 1295 2197 1298 2198 1155 2192 1298 2198 1299 2199 1157 2200 1144 2201 1156 2196 1156 2196 1144 2201 1143 2202 1156 2196 1143 2202 1295 2197 1158 2203 1048 2204 1157 2200 1157 2200 1048 2204 1047 2205 1157 2200 1047 2205 1289 2206 1159 2207 1051 2208 1158 2203 1158 2203 1051 2208 1283 2209 1158 2203 1283 2209 1285 2210 1285 2210 1283 2209 1284 2211 1160 2212 1280 2213 1159 2207 1159 2207 1280 2213 1282 2214 1159 2207 1282 2214 1052 2215 1161 2216 1056 2217 1160 2212 1160 2212 1056 2217 1055 2218 1160 2212 1055 2218 1277 2219 1162 2220 1059 2221 1161 2216 1161 2216 1059 2221 1271 2222 1161 2216 1271 2222 1272 2223 1163 2224 1265 2225 1162 2220 1162 2220 1265 2225 1268 2226 1162 2220 1268 2226 1269 2227 1164 2228 1064 2229 1163 2224 1163 2224 1064 2229 1063 2230 1163 2224 1063 2230 1265 2225 1165 2231 1068 2232 1164 2228 1164 2228 1068 2232 1067 2233 1164 2228 1067 2233 1259 2234 1166 2235 1071 2236 1165 2231 1165 2231 1071 2236 1253 2237 1165 2231 1253 2237 1255 2238 1255 2238 1253 2237 1254 2239 1167 2240 1250 2241 1166 2235 1166 2235 1250 2241 1252 2242 1166 2235 1252 2242 1072 2243 1168 2244 1076 2245 1167 2240 1167 2240 1076 2245 1075 2246 1167 2240 1075 2246 1247 2247 1169 2248 1079 2249 1168 2244 1168 2244 1079 2249 1241 2250 1168 2244 1241 2250 1242 2251 1170 2252 1235 2253 1169 2248 1169 2248 1235 2253 1238 2254 1169 2248 1238 2254 1239 2255 1171 2256 1084 2257 1170 2252 1170 2252 1084 2257 1083 2258 1170 2252 1083 2258 1235 2253 1172 2259 1088 2260 1171 2256 1171 2256 1088 2260 1087 2261 1171 2256 1087 2261 1229 2262 1173 2263 1091 2264 1172 2259 1172 2259 1091 2264 1223 2265 1172 2259 1223 2265 1225 2266 1225 2266 1223 2265 1224 2267 1174 2268 1220 2269 1173 2263 1173 2263 1220 2269 1222 2270 1173 2263 1222 2270 1092 2271 1175 2272 1096 2273 1174 2268 1174 2268 1096 2273 1095 2274 1174 2268 1095 2274 1217 2275 1176 2276 1099 2277 1175 2272 1175 2272 1099 2277 1211 2278 1175 2272 1211 2278 1212 2279 1177 2280 1205 2281 1176 2276 1176 2276 1205 2281 1208 2282 1176 2276 1208 2282 1209 2283 1178 2284 1104 2285 1177 2280 1177 2280 1104 2285 1103 2286 1177 2280 1103 2286 1205 2281 1179 2287 1108 2288 1178 2284 1178 2284 1108 2288 1107 2289 1178 2284 1107 2289 1199 2290 1180 2291 1111 2292 1179 2287 1179 2287 1111 2292 1193 2293 1179 2287 1193 2293 1195 2294 1195 2294 1193 2293 1194 2295 1181 2296 1190 2297 1180 2291 1180 2291 1190 2297 1192 2298 1180 2291 1192 2298 1112 2299 1147 2165 1116 2300 1181 2296 1181 2296 1116 2300 1115 2301 1181 2296 1115 2301 1187 2302 1182 2167 1183 2303 1147 2165 1147 2165 1183 2303 1184 2304 1147 2165 1184 2304 1185 2305 1186 2306 1116 2300 1185 2305 1185 2305 1116 2300 1147 2165 1187 2302 1188 2307 1181 2296 1181 2296 1188 2307 1189 2308 1181 2296 1189 2308 1190 2297 1190 2297 1191 2309 1192 2298 1112 2299 1111 2292 1180 2291 1195 2294 1196 2310 1179 2287 1179 2287 1196 2310 1197 2311 1179 2287 1197 2311 1198 2312 1198 2312 1108 2288 1179 2287 1199 2290 1200 2313 1178 2284 1178 2284 1200 2313 1201 2314 1178 2284 1201 2314 1202 2315 1202 2315 1203 2316 1178 2284 1178 2284 1203 2316 1104 2285 1203 2316 1204 2317 1104 2285 1206 2318 1207 2319 1205 2281 1205 2281 1207 2319 1208 2282 1209 2283 1210 2320 1176 2276 1176 2276 1210 2320 1100 2321 1176 2276 1100 2321 1099 2277 1212 2279 1213 2322 1175 2272 1175 2272 1213 2322 1214 2323 1175 2272 1214 2323 1215 2324 1216 2325 1096 2273 1215 2324 1215 2324 1096 2273 1175 2272 1217 2275 1218 2326 1174 2268 1174 2268 1218 2326 1219 2327 1174 2268 1219 2327 1220 2269 1220 2269 1221 2328 1222 2270 1092 2271 1091 2264 1173 2263 1225 2266 1226 2329 1172 2259 1172 2259 1226 2329 1227 2330 1172 2259 1227 2330 1228 2331 1228 2331 1088 2260 1172 2259 1229 2262 1230 2332 1171 2256 1171 2256 1230 2332 1231 2333 1171 2256 1231 2333 1232 2334 1232 2334 1233 2335 1171 2256 1171 2256 1233 2335 1084 2257 1233 2335 1234 2336 1084 2257 1236 2337 1237 2338 1235 2253 1235 2253 1237 2338 1238 2254 1239 2255 1240 2339 1169 2248 1169 2248 1240 2339 1080 2340 1169 2248 1080 2340 1079 2249 1242 2251 1243 2341 1168 2244 1168 2244 1243 2341 1244 2342 1168 2244 1244 2342 1245 2343 1246 2344 1076 2245 1245 2343 1245 2343 1076 2245 1168 2244 1247 2247 1248 2345 1167 2240 1167 2240 1248 2345 1249 2346 1167 2240 1249 2346 1250 2241 1250 2241 1251 2347 1252 2242 1072 2243 1071 2236 1166 2235 1255 2238 1256 2348 1165 2231 1165 2231 1256 2348 1257 2349 1165 2231 1257 2349 1258 2350 1258 2350 1068 2232 1165 2231 1259 2234 1260 2351 1164 2228 1164 2228 1260 2351 1261 2352 1164 2228 1261 2352 1262 2353 1262 2353 1263 2354 1164 2228 1164 2228 1263 2354 1064 2229 1263 2354 1264 2355 1064 2229 1266 2356 1267 2357 1265 2225 1265 2225 1267 2357 1268 2226 1269 2227 1270 2358 1162 2220 1162 2220 1270 2358 1060 2359 1162 2220 1060 2359 1059 2221 1272 2223 1273 2360 1161 2216 1161 2216 1273 2360 1274 2361 1161 2216 1274 2361 1275 2362 1276 2363 1056 2217 1275 2362 1275 2362 1056 2217 1161 2216 1277 2219 1278 2364 1160 2212 1160 2212 1278 2364 1279 2365 1160 2212 1279 2365 1280 2213 1280 2213 1281 2366 1282 2214 1052 2215 1051 2208 1159 2207 1285 2210 1286 2367 1158 2203 1158 2203 1286 2367 1287 2368 1158 2203 1287 2368 1288 2369 1288 2369 1048 2204 1158 2203 1289 2206 1290 2370 1157 2200 1157 2200 1290 2370 1291 2371 1157 2200 1291 2371 1292 2372 1292 2372 1293 2373 1157 2200 1157 2200 1293 2373 1144 2201 1293 2373 1294 2374 1144 2201 1296 2375 1297 2376 1295 2197 1295 2197 1297 2376 1298 2198 1299 2199 1300 2377 1155 2192 1155 2192 1300 2377 1140 2378 1155 2192 1140 2378 1139 2193 1302 2195 1303 2379 1154 2188 1154 2188 1303 2379 1304 2380 1154 2188 1304 2380 1305 2381 1306 2382 1136 2189 1305 2381 1305 2381 1136 2189 1154 2188 1307 2191 1308 2383 1153 2184 1153 2184 1308 2383 1309 2384 1153 2184 1309 2384 1310 2185 1310 2185 1311 2385 1312 2186 1132 2187 1131 2180 1152 2179 1315 2182 1316 2386 1151 2175 1151 2175 1316 2386 1317 2387 1151 2175 1317 2387 1318 2388 1318 2388 1128 2176 1151 2175 1319 2178 1320 2389 1150 2172 1150 2172 1320 2389 1321 2390 1150 2172 1321 2390 1322 2391 1322 2391 1323 2392 1150 2172 1150 2172 1323 2392 1124 2173 1323 2392 1324 2393 1124 2173 1326 2394 1327 2395 1325 2169 1325 2169 1327 2395 1328 2170 1329 2171 1330 2396 1148 2163 1148 2163 1330 2396 1120 2397 1148 2163 1120 2397 1119 2164 1366 2398 1332 2399 1367 2400 1367 2400 1332 2399 1333 2401 1367 2400 1333 2401 1392 2402 1392 2402 1333 2401 1334 2403 1392 2402 1334 2403 1391 2404 1391 2404 1334 2403 1335 2405 1391 2404 1335 2405 1390 2406 1390 2406 1335 2405 1336 2407 1390 2406 1336 2407 1337 2408 1390 2406 1337 2408 1389 2409 1389 2409 1337 2408 1338 2410 1389 2409 1338 2410 1388 2411 1388 2411 1338 2410 1339 2412 1388 2411 1339 2412 1387 2413 1387 2413 1339 2412 1340 2414 1387 2413 1340 2414 1341 2415 1387 2413 1341 2415 1386 2416 1386 2416 1341 2415 1342 2417 1386 2416 1342 2417 1385 2418 1385 2418 1342 2417 1343 2419 1385 2418 1343 2419 1384 2420 1384 2420 1343 2419 1344 2421 1384 2420 1344 2421 1345 2422 1384 2420 1345 2422 1383 2423 1383 2423 1345 2422 1346 2424 1383 2423 1346 2424 1382 2425 1382 2425 1346 2424 1347 2426 1382 2425 1347 2426 1381 2427 1381 2427 1347 2426 1348 2428 1381 2427 1348 2428 1349 2429 1381 2427 1349 2429 1380 2430 1380 2430 1349 2429 1350 2431 1380 2430 1350 2431 1379 2432 1379 2432 1350 2431 1351 2433 1379 2432 1351 2433 1352 2434 1379 2432 1352 2434 1378 2435 1378 2435 1352 2434 1353 2436 1378 2435 1353 2436 1377 2437 1377 2437 1353 2436 1354 2438 1377 2437 1354 2438 1376 2439 1376 2439 1354 2438 1355 2440 1376 2439 1355 2440 1356 2441 1376 2439 1356 2441 1375 2442 1375 2442 1356 2441 1357 2443 1375 2442 1357 2443 1374 2444 1374 2444 1357 2443 1358 2445 1374 2444 1358 2445 1373 2446 1373 2446 1358 2445 1359 2447 1373 2446 1359 2447 1360 2448 1373 2446 1360 2448 1372 2449 1372 2449 1360 2448 1361 2450 1372 2449 1361 2450 1371 2451 1371 2451 1361 2450 1362 2452 1371 2451 1362 2452 1370 2453 1370 2453 1362 2452 1363 2454 1370 2453 1363 2454 1364 2455 1370 2453 1364 2455 1369 2456 1369 2456 1364 2455 1365 2457 1369 2456 1365 2457 1368 2458 1368 2458 1365 2457 1366 2398 1368 2458 1366 2398 1367 2400 1394 2459 1333 2460 1393 2461 1393 2461 1333 2460 1332 2462 1393 2461 1332 2462 1427 2463 1427 2463 1332 2462 1366 2464 1427 2463 1366 2464 1426 2465 1426 2465 1366 2464 1365 2466 1426 2465 1365 2466 1425 2467 1425 2467 1365 2466 1364 2468 1425 2467 1364 2468 1424 2469 1424 2469 1364 2468 1363 2470 1424 2469 1363 2470 1423 2471 1423 2471 1363 2470 1362 2472 1423 2471 1362 2472 1422 2473 1422 2473 1362 2472 1361 2474 1422 2473 1361 2474 1421 2475 1421 2475 1361 2474 1360 2476 1421 2475 1360 2476 1420 2477 1420 2477 1360 2476 1359 2478 1420 2477 1359 2478 1419 2479 1419 2479 1359 2478 1358 2480 1419 2479 1358 2480 1418 2481 1418 2481 1358 2480 1357 2482 1418 2481 1357 2482 1417 2483 1417 2483 1357 2482 1356 2484 1417 2483 1356 2484 1416 2485 1416 2485 1356 2484 1355 2486 1416 2485 1355 2486 1415 2487 1415 2487 1355 2486 1354 2488 1415 2487 1354 2488 1414 2489 1414 2489 1354 2488 1353 2490 1414 2489 1353 2490 1413 2491 1413 2491 1353 2490 1352 2492 1413 2491 1352 2492 1412 2493 1412 2493 1352 2492 1351 2494 1412 2493 1351 2494 1411 2495 1411 2495 1351 2494 1350 2496 1411 2495 1350 2496 1410 2497 1410 2497 1350 2496 1349 2498 1410 2497 1349 2498 1409 2499 1409 2499 1349 2498 1348 2500 1409 2499 1348 2500 1408 2501 1408 2501 1348 2500 1347 2502 1408 2501 1347 2502 1407 2503 1407 2503 1347 2502 1346 2504 1407 2503 1346 2504 1406 2505 1406 2505 1346 2504 1345 2506 1406 2505 1345 2506 1405 2507 1405 2507 1345 2506 1344 2508 1405 2507 1344 2508 1404 2509 1404 2509 1344 2508 1343 2510 1404 2509 1343 2510 1403 2511 1403 2511 1343 2510 1342 2512 1403 2511 1342 2512 1402 2513 1402 2513 1342 2512 1341 2514 1402 2513 1341 2514 1401 2515 1401 2515 1341 2514 1340 2516 1401 2515 1340 2516 1400 2517 1400 2517 1340 2516 1339 2518 1400 2517 1339 2518 1399 2519 1399 2519 1339 2518 1338 2520 1399 2519 1338 2520 1398 2521 1398 2521 1338 2520 1337 2522 1398 2521 1337 2522 1397 2523 1397 2523 1337 2522 1336 2524 1397 2523 1336 2524 1396 2525 1396 2525 1336 2524 1335 2526 1396 2525 1335 2526 1395 2527 1395 2527 1335 2526 1334 2528 1395 2527 1334 2528 1394 2459 1394 2459 1334 2528 1333 2460 1427 2529 1141 2530 1393 2531 1393 2531 1141 2530 1454 2532 1393 2531 1454 2532 1455 2533 1141 2530 1427 2529 1142 2534 1142 2534 1427 2529 1426 2535 1142 2534 1426 2535 1451 2536 1451 2536 1426 2535 1450 2537 1450 2537 1426 2535 1449 2538 1449 2538 1426 2535 1137 2539 1137 2539 1426 2535 1138 2540 1138 2540 1426 2535 1425 2541 1138 2540 1425 2541 1448 2542 1448 2542 1425 2541 1447 2543 1447 2543 1425 2541 1446 2544 1446 2544 1425 2541 1445 2545 1445 2545 1425 2541 1133 2546 1133 2546 1425 2541 1424 2547 1133 2546 1424 2547 1134 2548 1134 2548 1424 2547 1423 2549 1134 2548 1423 2549 1443 2550 1443 2550 1423 2549 1442 2551 1442 2551 1423 2549 1441 2552 1441 2552 1423 2549 1129 2553 1129 2553 1423 2549 1130 2554 1130 2554 1423 2549 1422 2555 1130 2554 1422 2555 1440 2556 1440 2556 1422 2555 1439 2557 1439 2557 1422 2555 1438 2558 1438 2558 1422 2555 1437 2559 1437 2559 1422 2555 1125 2560 1125 2560 1422 2555 1421 2561 1125 2560 1421 2561 1126 2562 1126 2562 1421 2561 1436 2563 1436 2563 1421 2561 1435 2564 1435 2564 1421 2561 1434 2565 1434 2565 1421 2561 1121 2566 1434 2565 1121 2566 1433 2567 1421 2561 1420 2568 1121 2566 1121 2566 1420 2568 1122 2569 1122 2569 1420 2568 1419 2570 1122 2569 1419 2570 1431 2571 1431 2571 1419 2570 1430 2572 1430 2572 1419 2570 1429 2573 1429 2573 1419 2570 1117 2574 1117 2574 1419 2570 1118 2575 1118 2575 1419 2570 1418 2576 1118 2575 1418 2576 1428 2577 1428 2577 1418 2576 1527 2578 1527 2578 1418 2576 1526 2579 1526 2579 1418 2576 1525 2580 1525 2580 1418 2576 1113 2581 1113 2581 1418 2576 1417 2582 1113 2581 1417 2582 1114 2583 1114 2583 1417 2582 1416 2584 1114 2583 1416 2584 1523 2585 1523 2585 1416 2584 1522 2586 1522 2586 1416 2584 1521 2587 1521 2587 1416 2584 1109 2588 1109 2588 1416 2584 1110 2589 1110 2589 1416 2584 1415 2590 1110 2589 1415 2590 1520 2591 1520 2591 1415 2590 1519 2592 1519 2592 1415 2590 1518 2593 1518 2593 1415 2590 1517 2594 1517 2594 1415 2590 1105 2595 1105 2595 1415 2590 1414 2596 1105 2595 1414 2596 1106 2597 1106 2597 1414 2596 1516 2598 1516 2598 1414 2596 1515 2599 1515 2599 1414 2596 1514 2600 1514 2600 1414 2596 1101 2601 1514 2600 1101 2601 1513 2602 1414 2596 1413 2603 1101 2601 1101 2601 1413 2603 1102 2604 1102 2604 1413 2603 1412 2605 1102 2604 1412 2605 1511 2606 1511 2606 1412 2605 1510 2607 1510 2607 1412 2605 1509 2608 1509 2608 1412 2605 1097 2609 1097 2609 1412 2605 1098 2610 1098 2610 1412 2605 1411 2611 1098 2610 1411 2611 1508 2612 1508 2612 1411 2611 1507 2613 1507 2613 1411 2611 1506 2614 1506 2614 1411 2611 1505 2615 1505 2615 1411 2611 1093 2616 1093 2616 1411 2611 1410 2617 1093 2616 1410 2617 1094 2618 1094 2618 1410 2617 1409 2619 1094 2618 1409 2619 1503 2620 1503 2620 1409 2619 1502 2621 1502 2621 1409 2619 1501 2622 1501 2622 1409 2619 1089 2623 1089 2623 1409 2619 1090 2624 1090 2624 1409 2619 1408 2625 1090 2624 1408 2625 1500 2626 1500 2626 1408 2625 1499 2627 1499 2627 1408 2625 1498 2628 1498 2628 1408 2625 1497 2629 1497 2629 1408 2625 1085 2630 1085 2630 1408 2625 1407 2631 1085 2630 1407 2631 1086 2632 1086 2632 1407 2631 1496 2633 1496 2633 1407 2631 1495 2634 1495 2634 1407 2631 1494 2635 1494 2635 1407 2631 1081 2636 1494 2635 1081 2636 1493 2637 1407 2631 1406 2638 1081 2636 1081 2636 1406 2638 1082 2639 1082 2639 1406 2638 1405 2640 1082 2639 1405 2640 1491 2641 1491 2641 1405 2640 1490 2642 1490 2642 1405 2640 1489 2643 1489 2643 1405 2640 1077 2644 1077 2644 1405 2640 1078 2645 1078 2645 1405 2640 1404 2646 1078 2645 1404 2646 1488 2647 1488 2647 1404 2646 1487 2648 1487 2648 1404 2646 1486 2649 1486 2649 1404 2646 1485 2650 1485 2650 1404 2646 1073 2651 1073 2651 1404 2646 1403 2652 1073 2651 1403 2652 1074 2653 1074 2653 1403 2652 1402 2654 1074 2653 1402 2654 1483 2655 1483 2655 1402 2654 1482 2656 1482 2656 1402 2654 1481 2657 1481 2657 1402 2654 1069 2658 1069 2658 1402 2654 1070 2659 1070 2659 1402 2654 1401 2660 1070 2659 1401 2660 1480 2661 1480 2661 1401 2660 1479 2662 1479 2662 1401 2660 1478 2663 1478 2663 1401 2660 1477 2664 1477 2664 1401 2660 1065 2665 1065 2665 1401 2660 1400 2666 1065 2665 1400 2666 1066 2667 1066 2667 1400 2666 1476 2668 1476 2668 1400 2666 1475 2669 1475 2669 1400 2666 1474 2670 1474 2670 1400 2666 1061 2671 1474 2670 1061 2671 1473 2672 1400 2666 1399 2673 1061 2671 1061 2671 1399 2673 1062 2674 1062 2674 1399 2673 1398 2675 1062 2674 1398 2675 1471 2676 1471 2676 1398 2675 1470 2677 1470 2677 1398 2675 1469 2678 1469 2678 1398 2675 1057 2679 1057 2679 1398 2675 1058 2680 1058 2680 1398 2675 1397 2681 1058 2680 1397 2681 1468 2682 1468 2682 1397 2681 1467 2683 1467 2683 1397 2681 1466 2684 1466 2684 1397 2681 1465 2685 1465 2685 1397 2681 1053 2686 1053 2686 1397 2681 1396 2687 1053 2686 1396 2687 1054 2688 1054 2688 1396 2687 1395 2689 1054 2688 1395 2689 1463 2690 1463 2690 1395 2689 1462 2691 1462 2691 1395 2689 1461 2692 1461 2692 1395 2689 1049 2693 1049 2693 1395 2689 1050 2694 1050 2694 1395 2689 1394 2695 1050 2694 1394 2695 1460 2696 1460 2696 1394 2695 1459 2697 1459 2697 1394 2695 1458 2698 1458 2698 1394 2695 1457 2699 1457 2699 1394 2695 1145 2700 1145 2700 1394 2695 1393 2531 1145 2700 1393 2531 1146 2701 1146 2701 1393 2531 1456 2702 1456 2702 1393 2531 1455 2533 1431 2571 1432 2703 1122 2569 1443 2550 1444 2704 1134 2548 1451 2536 1452 2705 1142 2534 1141 2530 1453 2706 1454 2532 1463 2690 1464 2707 1054 2688 1471 2676 1472 2708 1062 2674 1483 2655 1484 2709 1074 2653 1491 2641 1492 2710 1082 2639 1503 2620 1504 2711 1094 2618 1511 2606 1512 2712 1102 2604 1523 2585 1524 2713 1114 2583 1188 2714 1187 2715 1428 2716 1428 2716 1187 2715 1118 2717 1118 2717 1187 2715 1115 2718 1188 2719 1428 2720 1189 2721 1189 2721 1428 2720 1527 2722 1189 2721 1527 2722 1190 2723 1190 2723 1527 2722 1526 2724 1190 2723 1526 2724 1191 2725 1191 2725 1526 2724 1525 2726 1116 2727 1186 2728 1117 2729 1117 2729 1186 2728 1429 2730 1429 2730 1186 2728 1185 2731 1429 2732 1185 2733 1430 2734 1430 2734 1185 2733 1184 2735 1430 2734 1184 2735 1431 2736 1431 2736 1184 2735 1183 2737 1431 2736 1183 2737 1432 2738 1432 2738 1183 2737 1182 2739 1182 2740 1331 2741 1432 2742 1432 2742 1331 2741 1122 2743 1122 2743 1331 2741 1119 2744 1120 2745 1330 2746 1121 2747 1121 2747 1330 2746 1433 2748 1433 2748 1330 2746 1329 2749 1326 2750 1436 2751 1327 2752 1327 2752 1436 2751 1435 2753 1327 2752 1435 2753 1328 2754 1328 2754 1435 2753 1434 2755 1328 2754 1434 2755 1329 2756 1329 2756 1434 2755 1433 2757 1326 2758 1325 2759 1436 2760 1436 2760 1325 2759 1126 2761 1126 2761 1325 2759 1123 2762 1124 2763 1324 2764 1125 2765 1125 2765 1324 2764 1437 2766 1437 2766 1324 2764 1323 2767 1320 2768 1440 2769 1321 2770 1321 2770 1440 2769 1439 2771 1321 2770 1439 2771 1322 2772 1322 2772 1439 2771 1438 2773 1322 2772 1438 2773 1323 2774 1323 2774 1438 2773 1437 2775 1320 2776 1319 2777 1440 2778 1440 2778 1319 2777 1130 2779 1130 2779 1319 2777 1127 2780 1128 2781 1318 2782 1129 2783 1129 2783 1318 2782 1441 2784 1441 2784 1318 2782 1317 2785 1314 2786 1444 2787 1315 2788 1315 2788 1444 2787 1443 2789 1315 2788 1443 2789 1316 2790 1316 2790 1443 2789 1442 2791 1316 2790 1442 2791 1317 2792 1317 2792 1442 2791 1441 2793 1314 2794 1313 2795 1444 2796 1444 2796 1313 2795 1134 2797 1134 2797 1313 2795 1131 2798 1132 2799 1312 2800 1133 2801 1133 2801 1312 2800 1445 2802 1445 2802 1312 2800 1311 2803 1308 2804 1448 2805 1309 2806 1309 2806 1448 2805 1447 2807 1309 2806 1447 2807 1310 2808 1310 2808 1447 2807 1446 2809 1310 2808 1446 2809 1311 2810 1311 2810 1446 2809 1445 2811 1308 2812 1307 2813 1448 2814 1448 2814 1307 2813 1138 2815 1138 2815 1307 2813 1135 2816 1136 2817 1306 2818 1137 2819 1137 2819 1306 2818 1449 2820 1449 2820 1306 2818 1305 2821 1302 2822 1452 2823 1303 2824 1303 2824 1452 2823 1451 2825 1303 2824 1451 2825 1304 2826 1304 2826 1451 2825 1450 2827 1304 2826 1450 2827 1305 2828 1305 2828 1450 2827 1449 2829 1302 2830 1301 2831 1452 2832 1452 2832 1301 2831 1142 2833 1142 2833 1301 2831 1139 2834 1140 2835 1300 2836 1141 2837 1141 2837 1300 2836 1453 2838 1453 2838 1300 2836 1299 2839 1296 2840 1456 2841 1297 2842 1297 2842 1456 2841 1455 2843 1297 2842 1455 2843 1298 2844 1298 2844 1455 2843 1454 2845 1298 2844 1454 2845 1299 2846 1299 2846 1454 2845 1453 2847 1296 2848 1295 2849 1456 2850 1456 2850 1295 2849 1146 2851 1146 2851 1295 2849 1143 2852 1144 2853 1294 2854 1145 2855 1145 2855 1294 2854 1457 2856 1457 2856 1294 2854 1293 2857 1290 2858 1460 2859 1291 2860 1291 2860 1460 2859 1459 2861 1291 2860 1459 2861 1292 2862 1292 2862 1459 2861 1458 2863 1292 2862 1458 2863 1293 2864 1293 2864 1458 2863 1457 2865 1290 2866 1289 2867 1460 2868 1460 2868 1289 2867 1050 2869 1050 2869 1289 2867 1047 2870 1048 2871 1288 2872 1049 2873 1049 2873 1288 2872 1461 2874 1461 2874 1288 2872 1287 2875 1284 2876 1464 2877 1285 2878 1285 2878 1464 2877 1463 2879 1285 2878 1463 2879 1286 2880 1286 2880 1463 2879 1462 2881 1286 2880 1462 2881 1287 2882 1287 2882 1462 2881 1461 2883 1284 2884 1283 2885 1464 2886 1464 2886 1283 2885 1054 2887 1054 2887 1283 2885 1051 2888 1052 2889 1282 2890 1053 2891 1053 2891 1282 2890 1465 2892 1465 2892 1282 2890 1281 2893 1278 2894 1468 2895 1279 2896 1279 2896 1468 2895 1467 2897 1279 2896 1467 2897 1280 2898 1280 2898 1467 2897 1466 2899 1280 2898 1466 2899 1281 2900 1281 2900 1466 2899 1465 2901 1278 2902 1277 2903 1468 2904 1468 2904 1277 2903 1058 2905 1058 2905 1277 2903 1055 2906 1056 2907 1276 2908 1057 2909 1057 2909 1276 2908 1469 2910 1469 2910 1276 2908 1275 2911 1272 2912 1472 2913 1273 2914 1273 2914 1472 2913 1471 2915 1273 2914 1471 2915 1274 2916 1274 2916 1471 2915 1470 2917 1274 2916 1470 2917 1275 2918 1275 2918 1470 2917 1469 2919 1272 2920 1271 2921 1472 2922 1472 2922 1271 2921 1062 2923 1062 2923 1271 2921 1059 2924 1060 2925 1270 2926 1061 2927 1061 2927 1270 2926 1473 2928 1473 2928 1270 2926 1269 2929 1266 2930 1476 2931 1267 2932 1267 2932 1476 2931 1475 2933 1267 2932 1475 2933 1268 2934 1268 2934 1475 2933 1474 2935 1268 2934 1474 2935 1269 2936 1269 2936 1474 2935 1473 2937 1266 2938 1265 2939 1476 2940 1476 2940 1265 2939 1066 2941 1066 2941 1265 2939 1063 2942 1064 2943 1264 2944 1065 2945 1065 2945 1264 2944 1477 2946 1477 2946 1264 2944 1263 2947 1260 2948 1480 2949 1261 2950 1261 2950 1480 2949 1479 2951 1261 2950 1479 2951 1262 2952 1262 2952 1479 2951 1478 2953 1262 2952 1478 2953 1263 2954 1263 2954 1478 2953 1477 2955 1260 2956 1259 2957 1480 2958 1480 2958 1259 2957 1070 2959 1070 2959 1259 2957 1067 2960 1068 2961 1258 2962 1069 2963 1069 2963 1258 2962 1481 2964 1481 2964 1258 2962 1257 2965 1254 2966 1484 2967 1255 2968 1255 2968 1484 2967 1483 2969 1255 2968 1483 2969 1256 2970 1256 2970 1483 2969 1482 2971 1256 2970 1482 2971 1257 2972 1257 2972 1482 2971 1481 2973 1254 2974 1253 2975 1484 2976 1484 2976 1253 2975 1074 2977 1074 2977 1253 2975 1071 2978 1072 2979 1252 2980 1073 2981 1073 2981 1252 2980 1485 2982 1485 2982 1252 2980 1251 2983 1248 2984 1488 2985 1249 2986 1249 2986 1488 2985 1487 2987 1249 2986 1487 2987 1250 2988 1250 2988 1487 2987 1486 2989 1250 2988 1486 2989 1251 2990 1251 2990 1486 2989 1485 2991 1248 2992 1247 2993 1488 2994 1488 2994 1247 2993 1078 2995 1078 2995 1247 2993 1075 2996 1076 2997 1246 2998 1077 2999 1077 2999 1246 2998 1489 3000 1489 3000 1246 2998 1245 3001 1242 3002 1492 3003 1243 3004 1243 3004 1492 3003 1491 3005 1243 3004 1491 3005 1244 3006 1244 3006 1491 3005 1490 3007 1244 3006 1490 3007 1245 3008 1245 3008 1490 3007 1489 3009 1242 3010 1241 3011 1492 3012 1492 3012 1241 3011 1082 3013 1082 3013 1241 3011 1079 3014 1080 3015 1240 3016 1081 3017 1081 3017 1240 3016 1493 3018 1493 3018 1240 3016 1239 3019 1236 3020 1496 3021 1237 3022 1237 3022 1496 3021 1495 3023 1237 3022 1495 3023 1238 3024 1238 3024 1495 3023 1494 3025 1238 3024 1494 3025 1239 3026 1239 3026 1494 3025 1493 3027 1236 3028 1235 3029 1496 3030 1496 3030 1235 3029 1086 3031 1086 3031 1235 3029 1083 3032 1084 3033 1234 3034 1085 3035 1085 3035 1234 3034 1497 3036 1497 3036 1234 3034 1233 3037 1230 3038 1500 3039 1231 3040 1231 3040 1500 3039 1499 3041 1231 3040 1499 3041 1232 3042 1232 3042 1499 3041 1498 3043 1232 3042 1498 3043 1233 3044 1233 3044 1498 3043 1497 3045 1230 3046 1229 3047 1500 3048 1500 3048 1229 3047 1090 3049 1090 3049 1229 3047 1087 3050 1088 3051 1228 3052 1089 3053 1089 3053 1228 3052 1501 3054 1501 3054 1228 3052 1227 3055 1224 3056 1504 3057 1225 3058 1225 3058 1504 3057 1503 3059 1225 3058 1503 3059 1226 3060 1226 3060 1503 3059 1502 3061 1226 3060 1502 3061 1227 3062 1227 3062 1502 3061 1501 3063 1224 3064 1223 3065 1504 3066 1504 3066 1223 3065 1094 3067 1094 3067 1223 3065 1091 3068 1092 3069 1222 3070 1093 3071 1093 3071 1222 3070 1505 3072 1505 3072 1222 3070 1221 3073 1218 3074 1508 3075 1219 3076 1219 3076 1508 3075 1507 3077 1219 3076 1507 3077 1506 3078 1219 3076 1506 3078 1220 3079 1220 3079 1506 3078 1505 3080 1220 3079 1505 3080 1221 3081 1218 3082 1217 3083 1508 3084 1508 3084 1217 3083 1098 3085 1098 3085 1217 3083 1095 3086 1096 3087 1216 3088 1097 3089 1097 3089 1216 3088 1509 3090 1509 3090 1216 3088 1215 3091 1212 3092 1512 3093 1213 3094 1213 3094 1512 3093 1511 3095 1213 3094 1511 3095 1214 3096 1214 3096 1511 3095 1510 3097 1214 3096 1510 3097 1215 3098 1215 3098 1510 3097 1509 3099 1212 3100 1211 3101 1512 3102 1512 3102 1211 3101 1102 3103 1102 3103 1211 3101 1099 3104 1100 3105 1210 3106 1101 3107 1101 3107 1210 3106 1513 3108 1513 3108 1210 3106 1209 3109 1206 3110 1516 3111 1207 3112 1207 3112 1516 3111 1515 3113 1207 3112 1515 3113 1208 3114 1208 3114 1515 3113 1514 3115 1208 3114 1514 3115 1209 3116 1209 3116 1514 3115 1513 3117 1206 3118 1205 3119 1516 3120 1516 3120 1205 3119 1106 3121 1106 3121 1205 3119 1103 3122 1104 3123 1204 3124 1105 3125 1105 3125 1204 3124 1517 3126 1517 3126 1204 3124 1203 3127 1200 3128 1520 3129 1201 3130 1201 3130 1520 3129 1519 3131 1201 3130 1519 3131 1202 3132 1202 3132 1519 3131 1518 3133 1202 3132 1518 3133 1203 3134 1203 3134 1518 3133 1517 3135 1200 3136 1199 3137 1520 3138 1520 3138 1199 3137 1110 3139 1110 3139 1199 3137 1107 3140 1108 3141 1198 3142 1109 3143 1109 3143 1198 3142 1521 3144 1521 3144 1198 3142 1197 3145 1194 3146 1524 3147 1195 3148 1195 3148 1524 3147 1523 3149 1195 3148 1523 3149 1196 3150 1196 3150 1523 3149 1522 3151 1196 3150 1522 3151 1197 3152 1197 3152 1522 3151 1521 3153 1194 3154 1193 3155 1524 3156 1524 3156 1193 3155 1114 3157 1114 3157 1193 3155 1111 3158 1112 3159 1192 3160 1113 3161 1113 3161 1192 3160 1525 3162 1525 3162 1192 3160 1191 3163 1572 3164 1528 3165 1147 3166 1147 3166 1528 3165 1529 3167 1147 3166 1529 3167 1148 3168 1148 3168 1529 3167 1530 3169 1148 3168 1530 3169 1149 3170 1149 3170 1530 3169 1531 3171 1149 3170 1531 3171 1150 3172 1150 3172 1531 3171 1532 3173 1150 3172 1532 3173 1533 3174 1150 3172 1533 3174 1151 3175 1151 3175 1533 3174 1534 3176 1151 3175 1534 3176 1152 3177 1152 3177 1534 3176 1535 3178 1152 3177 1535 3178 1153 3179 1153 3179 1535 3178 1536 3180 1153 3179 1536 3180 1154 3181 1154 3181 1536 3180 1537 3182 1154 3181 1537 3182 1538 3183 1154 3181 1538 3183 1155 3184 1155 3184 1538 3183 1539 3185 1155 3184 1539 3185 1156 3186 1156 3186 1539 3185 1540 3187 1156 3186 1540 3187 1157 3188 1157 3188 1540 3187 1541 3189 1157 3188 1541 3189 1158 3190 1158 3190 1541 3189 1542 3191 1158 3190 1542 3191 1543 3192 1158 3190 1543 3192 1159 3193 1159 3193 1543 3192 1544 3194 1159 3193 1544 3194 1160 3195 1160 3195 1544 3194 1545 3196 1160 3195 1545 3196 1161 3197 1161 3197 1545 3196 1546 3198 1161 3197 1546 3198 1547 3199 1161 3197 1547 3199 1162 3200 1162 3200 1547 3199 1548 3201 1162 3200 1548 3201 1163 3202 1163 3202 1548 3201 1549 3203 1163 3202 1549 3203 1164 3204 1164 3204 1549 3203 1550 3205 1164 3204 1550 3205 1551 3206 1164 3204 1551 3206 1165 3207 1165 3207 1551 3206 1552 3208 1165 3207 1552 3208 1166 3209 1166 3209 1552 3208 1553 3210 1166 3209 1553 3210 1167 3211 1167 3211 1553 3210 1554 3212 1167 3211 1554 3212 1168 3213 1168 3213 1554 3212 1555 3214 1168 3213 1555 3214 1556 3215 1168 3213 1556 3215 1169 3216 1169 3216 1556 3215 1557 3217 1169 3216 1557 3217 1170 3218 1170 3218 1557 3217 1558 3219 1170 3218 1558 3219 1171 3220 1171 3220 1558 3219 1559 3221 1171 3220 1559 3221 1560 3222 1171 3220 1560 3222 1172 3223 1172 3223 1560 3222 1561 3224 1172 3223 1561 3224 1173 3225 1173 3225 1561 3224 1562 3226 1173 3225 1562 3226 1174 3227 1174 3227 1562 3226 1563 3228 1174 3227 1563 3228 1175 3229 1175 3229 1563 3228 1564 3230 1175 3229 1564 3230 1565 3231 1175 3229 1565 3231 1176 3232 1176 3232 1565 3231 1566 3233 1176 3232 1566 3233 1177 3234 1177 3234 1566 3233 1567 3235 1177 3234 1567 3235 1178 3236 1178 3236 1567 3235 1568 3237 1178 3236 1568 3237 1179 3238 1179 3238 1568 3237 1569 3239 1179 3238 1569 3239 1570 3240 1179 3238 1570 3240 1180 3241 1180 3241 1570 3240 1571 3242 1180 3241 1571 3242 1181 3243 1181 3243 1571 3242 1572 3164 1181 3243 1572 3164 1147 3166 1572 3244 1607 3245 1528 3246 1528 3246 1607 3245 1608 3247 1528 3246 1608 3247 1529 3248 1529 3248 1608 3247 1609 3249 1529 3248 1609 3249 1530 3250 1530 3250 1609 3249 1610 3251 1530 3250 1610 3251 1531 3252 1531 3252 1610 3251 1611 3253 1531 3252 1611 3253 1532 3254 1532 3254 1611 3253 1612 3255 1532 3254 1612 3255 1533 3256 1533 3256 1612 3255 1613 3257 1533 3256 1613 3257 1534 3258 1534 3258 1613 3257 1614 3259 1534 3258 1614 3259 1535 3260 1535 3260 1614 3259 1615 3261 1535 3260 1615 3261 1536 3262 1536 3262 1615 3261 1616 3263 1536 3262 1616 3263 1537 3264 1537 3264 1616 3263 1617 3265 1537 3264 1617 3265 1538 3266 1538 3266 1617 3265 1618 3267 1538 3266 1618 3267 1539 3268 1539 3268 1618 3267 1573 3269 1539 3268 1573 3269 1540 3270 1540 3270 1573 3269 1574 3271 1540 3270 1574 3271 1541 3272 1541 3272 1574 3271 1575 3273 1541 3272 1575 3273 1542 3274 1542 3274 1575 3273 1576 3275 1542 3274 1576 3275 1543 3276 1543 3276 1576 3275 1577 3277 1543 3276 1577 3277 1544 3278 1544 3278 1577 3277 1578 3279 1544 3278 1578 3279 1545 3280 1545 3280 1578 3279 1579 3281 1545 3280 1579 3281 1546 3282 1546 3282 1579 3281 1580 3283 1546 3282 1580 3283 1547 3284 1547 3284 1580 3283 1581 3285 1547 3284 1581 3285 1548 3286 1548 3286 1581 3285 1582 3287 1548 3286 1582 3287 1549 3288 1549 3288 1582 3287 1583 3289 1549 3288 1583 3289 1550 3290 1550 3290 1583 3289 1584 3291 1550 3290 1584 3291 1585 3292 1607 3245 1572 3244 1606 3293 1606 3293 1572 3244 1571 3294 1606 3293 1571 3294 1605 3295 1605 3295 1571 3294 1570 3296 1605 3295 1570 3296 1604 3297 1604 3297 1570 3296 1569 3298 1604 3297 1569 3298 1603 3299 1603 3299 1569 3298 1568 3300 1603 3299 1568 3300 1602 3301 1602 3301 1568 3300 1567 3302 1602 3301 1567 3302 1601 3303 1601 3303 1567 3302 1566 3304 1601 3303 1566 3304 1600 3305 1600 3305 1566 3304 1565 3306 1600 3305 1565 3306 1599 3307 1599 3307 1565 3306 1564 3308 1599 3307 1564 3308 1598 3309 1598 3309 1564 3308 1563 3310 1598 3309 1563 3310 1597 3311 1597 3311 1563 3310 1562 3312 1597 3311 1562 3312 1596 3313 1596 3313 1562 3312 1561 3314 1596 3313 1561 3314 1595 3315 1595 3315 1561 3314 1560 3316 1595 3315 1560 3316 1594 3317 1594 3317 1560 3316 1559 3318 1594 3317 1559 3318 1593 3319 1593 3319 1559 3318 1558 3320 1593 3319 1558 3320 1592 3321 1592 3321 1558 3320 1557 3322 1592 3321 1557 3322 1591 3323 1591 3323 1557 3322 1556 3324 1591 3323 1556 3324 1590 3325 1590 3325 1556 3324 1555 3326 1590 3325 1555 3326 1589 3327 1589 3327 1555 3326 1554 3328 1589 3327 1554 3328 1588 3329 1588 3329 1554 3328 1553 3330 1588 3329 1553 3330 1587 3331 1587 3331 1553 3330 1552 3332 1587 3331 1552 3332 1586 3333 1586 3333 1552 3332 1551 3334 1586 3333 1551 3334 1585 3292 1585 3292 1551 3334 1550 3290 1618 3335 1664 3336 1573 3337 1573 3337 1664 3336 1619 3338 1573 3337 1619 3338 1574 3339 1574 3339 1619 3338 1620 3340 1574 3339 1620 3340 1575 3341 1575 3341 1620 3340 1621 3342 1575 3341 1621 3342 1576 3343 1576 3343 1621 3342 1622 3344 1576 3343 1622 3344 1577 3345 1577 3345 1622 3344 1623 3346 1577 3345 1623 3346 1578 3347 1578 3347 1623 3346 1624 3348 1578 3347 1624 3348 1579 3349 1579 3349 1624 3348 1625 3350 1579 3349 1625 3350 1580 3351 1580 3351 1625 3350 1626 3352 1580 3351 1626 3352 1581 3353 1581 3353 1626 3352 1627 3354 1581 3353 1627 3354 1582 3355 1582 3355 1627 3354 1628 3356 1582 3355 1628 3356 1583 3357 1583 3357 1628 3356 1629 3358 1583 3357 1629 3358 1584 3359 1584 3359 1629 3358 1630 3360 1584 3359 1630 3360 1585 3361 1585 3361 1630 3360 1631 3362 1585 3361 1631 3362 1586 3363 1586 3363 1631 3362 1632 3364 1586 3363 1632 3364 1587 3365 1587 3365 1632 3364 1633 3366 1587 3365 1633 3366 1588 3367 1588 3367 1633 3366 1634 3368 1588 3367 1634 3368 1589 3369 1589 3369 1634 3368 1635 3370 1589 3369 1635 3370 1590 3371 1590 3371 1635 3370 1636 3372 1590 3371 1636 3372 1591 3373 1591 3373 1636 3372 1637 3374 1591 3373 1637 3374 1592 3375 1592 3375 1637 3374 1638 3376 1592 3375 1638 3376 1593 3377 1593 3377 1638 3376 1639 3378 1593 3377 1639 3378 1594 3379 1594 3379 1639 3378 1640 3380 1594 3379 1640 3380 1595 3381 1595 3381 1640 3380 1641 3382 1595 3381 1641 3382 1596 3383 1596 3383 1641 3382 1642 3384 1596 3383 1642 3384 1597 3385 1597 3385 1642 3384 1643 3386 1597 3385 1643 3386 1598 3387 1598 3387 1643 3386 1644 3388 1598 3387 1644 3388 1599 3389 1599 3389 1644 3388 1645 3390 1599 3389 1645 3390 1600 3391 1600 3391 1645 3390 1646 3392 1600 3391 1646 3392 1601 3393 1601 3393 1646 3392 1647 3394 1601 3393 1647 3394 1602 3395 1602 3395 1647 3394 1648 3396 1602 3395 1648 3396 1603 3397 1603 3397 1648 3396 1649 3398 1603 3397 1649 3398 1604 3399 1604 3399 1649 3398 1650 3400 1604 3399 1650 3400 1605 3401 1605 3401 1650 3400 1651 3402 1605 3401 1651 3402 1606 3403 1606 3403 1651 3402 1652 3404 1606 3403 1652 3404 1607 3405 1607 3405 1652 3404 1653 3406 1607 3405 1653 3406 1608 3407 1608 3407 1653 3406 1654 3408 1608 3407 1654 3408 1609 3409 1609 3409 1654 3408 1655 3410 1609 3409 1655 3410 1610 3411 1610 3411 1655 3410 1656 3412 1610 3411 1656 3412 1611 3413 1611 3413 1656 3412 1657 3414 1611 3413 1657 3414 1612 3415 1612 3415 1657 3414 1658 3416 1612 3415 1658 3416 1613 3417 1613 3417 1658 3416 1659 3418 1613 3417 1659 3418 1614 3419 1614 3419 1659 3418 1660 3420 1614 3419 1660 3420 1615 3421 1615 3421 1660 3420 1661 3422 1615 3421 1661 3422 1616 3423 1616 3423 1661 3422 1662 3424 1616 3423 1662 3424 1617 3425 1617 3425 1662 3424 1663 3426 1617 3425 1663 3426 1618 3335 1618 3335 1663 3426 1664 3336 1666 3427 1743 3428 1665 3429 1665 3429 1743 3428 1744 3430 1665 3429 1744 3430 1745 3431 1667 3432 1741 3433 1666 3427 1666 3427 1741 3433 1742 3434 1666 3427 1742 3434 1743 3428 1741 3433 1667 3432 1740 3435 1740 3435 1667 3432 1668 3436 1740 3435 1668 3436 1739 3437 1739 3437 1668 3436 1669 3438 1739 3437 1669 3438 1738 3439 1738 3439 1669 3438 1657 3440 1738 3439 1657 3440 1737 3441 1737 3441 1657 3440 1656 3442 1737 3441 1656 3442 1736 3443 1736 3443 1656 3442 1735 3444 1735 3444 1656 3442 1655 3445 1735 3444 1655 3445 1734 3446 1734 3446 1655 3445 1654 3447 1734 3446 1654 3447 1733 3448 1733 3448 1654 3447 1732 3449 1732 3449 1654 3447 1653 3450 1732 3449 1653 3450 1731 3451 1731 3451 1653 3450 1730 3452 1730 3452 1653 3450 1652 3453 1730 3452 1652 3453 1729 3454 1729 3454 1652 3453 1651 3455 1729 3454 1651 3455 1728 3456 1728 3456 1651 3455 1727 3457 1727 3457 1651 3455 1650 3458 1727 3457 1650 3458 1726 3459 1726 3459 1650 3458 1722 3460 1726 3459 1722 3460 1749 3461 1749 3461 1722 3460 1723 3462 1749 3461 1723 3462 1748 3463 1748 3463 1723 3462 1724 3464 1748 3463 1724 3464 1747 3465 1747 3465 1724 3464 1725 3466 1747 3465 1725 3466 1746 3467 1746 3467 1725 3466 1745 3431 1745 3431 1725 3466 1665 3429 1669 3438 1670 3468 1657 3440 1657 3440 1670 3468 1658 3469 1658 3469 1670 3468 1671 3470 1658 3469 1671 3470 1672 3471 1658 3469 1672 3471 1659 3472 1659 3472 1672 3471 1673 3473 1659 3472 1673 3473 1660 3474 1660 3474 1673 3473 1674 3475 1660 3474 1674 3475 1661 3476 1661 3476 1674 3475 1675 3477 1661 3476 1675 3477 1676 3478 1677 3479 1798 3480 1676 3478 1676 3478 1798 3480 1799 3481 1676 3478 1799 3481 1662 3482 1662 3482 1799 3481 1800 3483 1662 3482 1800 3483 1663 3484 1663 3484 1800 3483 1801 3485 1663 3484 1801 3485 1664 3486 1664 3486 1801 3485 1802 3487 1664 3486 1802 3487 1803 3488 1798 3480 1677 3479 1821 3489 1821 3489 1677 3479 1678 3490 1821 3489 1678 3490 1820 3491 1820 3491 1678 3490 1819 3492 1819 3492 1678 3490 1679 3493 1819 3492 1679 3493 1818 3494 1818 3494 1679 3493 1817 3495 1817 3495 1679 3493 1680 3496 1817 3495 1680 3496 1816 3497 1816 3497 1680 3496 1681 3498 1816 3497 1681 3498 1815 3499 1815 3499 1681 3498 1814 3500 1814 3500 1681 3498 1682 3501 1814 3500 1682 3501 1813 3502 1813 3502 1682 3501 1812 3503 1812 3503 1682 3501 1683 3504 1812 3503 1683 3504 1811 3505 1811 3505 1683 3504 1684 3506 1811 3505 1684 3506 1810 3507 1810 3507 1684 3506 1685 3508 1810 3507 1685 3508 1809 3509 1809 3509 1685 3508 1622 3510 1809 3509 1622 3510 1808 3511 1808 3511 1622 3510 1621 3512 1808 3511 1621 3512 1807 3513 1807 3513 1621 3512 1620 3514 1807 3513 1620 3514 1806 3515 1806 3515 1620 3514 1805 3516 1805 3516 1620 3514 1619 3517 1805 3516 1619 3517 1804 3518 1804 3518 1619 3517 1803 3488 1803 3488 1619 3517 1664 3486 1622 3510 1685 3508 1623 3519 1623 3519 1685 3508 1686 3520 1623 3519 1686 3520 1624 3521 1624 3521 1686 3520 1687 3522 1624 3521 1687 3522 1688 3523 1624 3521 1688 3523 1625 3524 1625 3524 1688 3523 1689 3525 1625 3524 1689 3525 1626 3526 1626 3526 1689 3525 1690 3527 1626 3526 1690 3527 1627 3528 1627 3528 1690 3527 1691 3529 1627 3528 1691 3529 1774 3530 1774 3530 1691 3529 1692 3531 1774 3530 1692 3531 1797 3532 1797 3532 1692 3531 1693 3533 1797 3532 1693 3533 1796 3534 1796 3534 1693 3533 1795 3535 1795 3535 1693 3533 1694 3536 1795 3535 1694 3536 1794 3537 1794 3537 1694 3536 1695 3538 1794 3537 1695 3538 1793 3539 1793 3539 1695 3538 1792 3540 1792 3540 1695 3538 1696 3541 1792 3540 1696 3541 1791 3542 1791 3542 1696 3541 1790 3543 1790 3543 1696 3541 1697 3544 1790 3543 1697 3544 1789 3545 1789 3545 1697 3544 1698 3546 1789 3545 1698 3546 1788 3547 1788 3547 1698 3546 1787 3548 1787 3548 1698 3546 1699 3549 1787 3548 1699 3549 1786 3550 1786 3550 1699 3549 1700 3551 1786 3550 1700 3551 1634 3552 1634 3552 1700 3551 1701 3553 1634 3552 1701 3553 1635 3554 1635 3554 1701 3553 1702 3555 1635 3554 1702 3555 1636 3556 1636 3556 1702 3555 1703 3557 1636 3556 1703 3557 1637 3558 1637 3558 1703 3557 1704 3559 1637 3558 1704 3559 1705 3560 1637 3558 1705 3560 1638 3561 1638 3561 1705 3560 1706 3562 1638 3561 1706 3562 1639 3563 1639 3563 1706 3562 1751 3564 1639 3563 1751 3564 1752 3565 1751 3564 1706 3562 1750 3566 1750 3566 1706 3562 1707 3567 1750 3566 1707 3567 1773 3568 1773 3568 1707 3567 1708 3569 1773 3568 1708 3569 1772 3570 1772 3570 1708 3569 1709 3571 1772 3570 1709 3571 1771 3572 1771 3572 1709 3571 1770 3573 1770 3573 1709 3571 1710 3574 1770 3573 1710 3574 1769 3575 1769 3575 1710 3574 1768 3576 1768 3576 1710 3574 1711 3577 1768 3576 1711 3577 1767 3578 1767 3578 1711 3577 1712 3579 1767 3578 1712 3579 1766 3580 1766 3580 1712 3579 1765 3581 1765 3581 1712 3579 1713 3582 1765 3581 1713 3582 1764 3583 1764 3583 1713 3582 1763 3584 1763 3584 1713 3582 1714 3585 1763 3584 1714 3585 1762 3586 1762 3586 1714 3585 1715 3587 1762 3586 1715 3587 1761 3588 1761 3588 1715 3587 1645 3589 1761 3588 1645 3589 1760 3590 1760 3590 1645 3589 1644 3591 1760 3590 1644 3591 1759 3592 1759 3592 1644 3591 1643 3593 1759 3592 1643 3593 1758 3594 1758 3594 1643 3593 1757 3595 1757 3595 1643 3593 1642 3596 1757 3595 1642 3596 1756 3597 1756 3597 1642 3596 1755 3598 1755 3598 1642 3596 1641 3599 1755 3598 1641 3599 1754 3600 1754 3600 1641 3599 1753 3601 1753 3601 1641 3599 1640 3602 1753 3601 1640 3602 1752 3565 1752 3565 1640 3602 1639 3563 1645 3589 1715 3587 1646 3603 1646 3603 1715 3587 1716 3604 1646 3603 1716 3604 1717 3605 1646 3603 1717 3605 1647 3606 1647 3606 1717 3605 1718 3607 1647 3606 1718 3607 1648 3608 1648 3608 1718 3607 1719 3609 1648 3608 1719 3609 1649 3610 1649 3610 1719 3609 1720 3611 1649 3610 1720 3611 1721 3612 1649 3610 1721 3612 1650 3458 1650 3458 1721 3612 1722 3460 1662 3482 1661 3476 1676 3478 1786 3550 1634 3552 1785 3613 1785 3613 1634 3552 1633 3614 1785 3613 1633 3614 1784 3615 1784 3615 1633 3614 1783 3616 1783 3616 1633 3614 1632 3617 1783 3616 1632 3617 1782 3618 1782 3618 1632 3617 1631 3619 1782 3618 1631 3619 1781 3620 1781 3620 1631 3619 1780 3621 1780 3621 1631 3619 1630 3622 1780 3621 1630 3622 1779 3623 1779 3623 1630 3622 1778 3624 1778 3624 1630 3622 1629 3625 1778 3624 1629 3625 1777 3626 1777 3626 1629 3625 1628 3627 1777 3626 1628 3627 1776 3628 1776 3628 1628 3627 1775 3629 1775 3629 1628 3627 1627 3528 1775 3629 1627 3528 1774 3530 1823 3630 1727 3631 1822 3632 1822 3632 1727 3631 1726 3633 1822 3632 1726 3633 1845 3634 1845 3634 1726 3633 1749 3635 1845 3634 1749 3635 1844 3636 1844 3636 1749 3635 1748 3637 1844 3636 1748 3637 1843 3638 1843 3638 1748 3637 1747 3639 1843 3638 1747 3639 1842 3640 1842 3640 1747 3639 1746 3641 1842 3640 1746 3641 1841 3642 1841 3642 1746 3641 1745 3643 1841 3642 1745 3643 1840 3644 1840 3644 1745 3643 1744 3645 1840 3644 1744 3645 1839 3646 1839 3646 1744 3645 1743 3647 1839 3646 1743 3647 1838 3648 1838 3648 1743 3647 1742 3649 1838 3648 1742 3649 1837 3650 1837 3650 1742 3649 1741 3651 1837 3650 1741 3651 1836 3652 1836 3652 1741 3651 1740 3653 1836 3652 1740 3653 1835 3654 1835 3654 1740 3653 1739 3655 1835 3654 1739 3655 1834 3656 1834 3656 1739 3655 1738 3657 1834 3656 1738 3657 1833 3658 1833 3658 1738 3657 1737 3659 1833 3658 1737 3659 1832 3660 1832 3660 1737 3659 1736 3661 1832 3660 1736 3661 1831 3662 1831 3662 1736 3661 1735 3663 1831 3662 1735 3663 1830 3664 1830 3664 1735 3663 1734 3665 1830 3664 1734 3665 1829 3666 1829 3666 1734 3665 1733 3667 1829 3666 1733 3667 1828 3668 1828 3668 1733 3667 1732 3669 1828 3668 1732 3669 1827 3670 1827 3670 1732 3669 1731 3671 1827 3670 1731 3671 1826 3672 1826 3672 1731 3671 1730 3673 1826 3672 1730 3673 1825 3674 1825 3674 1730 3673 1729 3675 1825 3674 1729 3675 1824 3676 1824 3676 1729 3675 1728 3677 1824 3676 1728 3677 1823 3630 1823 3630 1728 3677 1727 3631 1847 3678 1841 3679 1846 3680 1846 3680 1841 3679 1840 3681 1846 3680 1840 3681 1839 3682 1848 3683 1843 3684 1847 3678 1847 3678 1843 3684 1842 3685 1847 3678 1842 3685 1841 3679 1843 3684 1848 3683 1844 3686 1844 3686 1848 3683 1849 3687 1844 3686 1849 3687 1845 3688 1845 3688 1849 3687 1850 3689 1845 3688 1850 3689 1822 3690 1822 3690 1850 3689 1851 3691 1822 3690 1851 3691 1823 3692 1823 3692 1851 3691 1852 3693 1823 3692 1852 3693 1824 3694 1824 3694 1852 3693 1853 3695 1824 3694 1853 3695 1854 3696 1824 3694 1854 3696 1921 3697 1921 3697 1854 3696 1855 3698 1921 3697 1855 3698 1920 3699 1920 3699 1855 3698 1856 3700 1920 3699 1856 3700 1857 3701 1920 3699 1857 3701 1919 3702 1919 3702 1857 3701 1858 3703 1919 3702 1858 3703 1918 3704 1918 3704 1858 3703 1859 3705 1918 3704 1859 3705 1917 3706 1917 3706 1859 3705 1916 3707 1916 3707 1859 3705 1860 3708 1916 3707 1860 3708 1915 3709 1915 3709 1860 3708 1914 3710 1914 3710 1860 3708 1861 3711 1914 3710 1861 3711 1913 3712 1913 3712 1861 3711 1862 3713 1913 3712 1862 3713 1912 3714 1912 3714 1862 3713 1911 3715 1911 3715 1862 3713 1863 3716 1911 3715 1863 3716 1910 3717 1910 3717 1863 3716 1909 3718 1909 3718 1863 3716 1864 3719 1909 3718 1864 3719 1908 3720 1908 3720 1864 3719 1865 3721 1908 3720 1865 3721 1907 3722 1907 3722 1865 3721 1866 3723 1907 3722 1866 3723 1930 3724 1930 3724 1866 3723 1867 3725 1930 3724 1867 3725 1929 3726 1929 3726 1867 3725 1868 3727 1929 3726 1868 3727 1869 3728 1929 3726 1869 3728 1945 3729 1945 3729 1869 3728 1870 3730 1945 3729 1870 3730 1871 3731 1945 3729 1871 3731 1944 3732 1944 3732 1871 3731 1872 3733 1944 3732 1872 3733 1943 3734 1943 3734 1872 3733 1873 3735 1943 3734 1873 3735 1942 3736 1942 3736 1873 3735 1874 3737 1942 3736 1874 3737 1941 3738 1941 3738 1874 3737 1940 3739 1940 3739 1874 3737 1875 3740 1940 3739 1875 3740 1939 3741 1939 3741 1875 3740 1876 3742 1939 3741 1876 3742 1938 3743 1938 3743 1876 3742 1937 3744 1937 3744 1876 3742 1877 3745 1937 3744 1877 3745 1936 3746 1936 3746 1877 3745 1935 3747 1935 3747 1877 3745 1878 3748 1935 3747 1878 3748 1934 3749 1934 3749 1878 3748 1879 3750 1934 3749 1879 3750 1933 3751 1933 3751 1879 3750 1932 3752 1932 3752 1879 3750 1880 3753 1932 3752 1880 3753 1931 3754 1931 3754 1880 3753 1881 3755 1931 3754 1881 3755 1954 3756 1954 3756 1881 3755 1882 3757 1954 3756 1882 3757 1953 3758 1953 3758 1882 3757 1883 3759 1953 3758 1883 3759 1884 3760 1953 3758 1884 3760 1995 3761 1995 3761 1884 3760 1885 3762 1995 3761 1885 3762 1886 3763 1995 3761 1886 3763 1994 3764 1994 3764 1886 3763 1887 3765 1994 3764 1887 3765 1993 3766 1993 3766 1887 3765 1888 3767 1993 3766 1888 3767 1992 3768 1992 3768 1888 3767 1889 3769 1992 3768 1889 3769 1991 3770 1991 3770 1889 3769 1890 3771 1991 3770 1890 3771 1990 3772 1990 3772 1890 3771 1989 3773 1989 3773 1890 3771 1891 3774 1989 3773 1891 3774 1988 3775 1988 3775 1891 3774 1987 3776 1987 3776 1891 3774 1892 3777 1987 3776 1892 3777 1986 3778 1986 3778 1892 3777 1893 3779 1986 3778 1893 3779 1985 3780 1985 3780 1893 3779 1984 3781 1984 3781 1893 3779 1894 3782 1984 3781 1894 3782 1983 3783 1983 3783 1894 3782 1982 3784 1982 3784 1894 3782 1895 3785 1982 3784 1895 3785 1981 3786 1981 3786 1895 3785 1896 3787 1981 3786 1896 3787 2004 3788 2004 3788 1896 3787 1897 3789 2004 3788 1897 3789 1898 3790 2004 3788 1898 3790 2003 3791 2003 3791 1898 3790 1899 3792 2003 3791 1899 3792 1832 3793 1832 3793 1899 3792 1900 3794 1832 3793 1900 3794 1901 3795 1832 3793 1901 3795 1833 3796 1833 3796 1901 3795 1902 3797 1833 3796 1902 3797 1834 3798 1834 3798 1902 3797 1903 3799 1834 3798 1903 3799 1835 3800 1835 3800 1903 3799 1904 3801 1835 3800 1904 3801 1836 3802 1836 3802 1904 3801 1905 3803 1836 3802 1905 3803 1837 3804 1837 3804 1905 3803 1906 3805 1837 3804 1906 3805 1838 3806 1838 3806 1906 3805 1839 3682 1839 3682 1906 3805 1846 3680 1832 3793 1831 3807 2003 3791 2003 3791 1831 3807 2002 3808 2002 3808 1831 3807 1978 3809 2002 3808 1978 3809 1979 3810 1978 3809 1831 3807 1977 3811 1977 3811 1831 3807 1830 3812 1977 3811 1830 3812 1976 3813 1976 3813 1830 3812 1829 3814 1976 3813 1829 3814 1975 3815 1975 3815 1829 3814 1828 3816 1975 3815 1828 3816 1974 3817 1974 3817 1828 3816 1827 3818 1974 3817 1827 3818 1973 3819 1973 3819 1827 3818 1826 3820 1973 3819 1826 3820 1972 3821 1972 3821 1826 3820 1825 3822 1972 3821 1825 3822 1971 3823 1971 3823 1825 3822 1922 3824 1971 3823 1922 3824 1970 3825 1970 3825 1922 3824 1923 3826 1970 3825 1923 3826 1969 3827 1969 3827 1923 3826 1924 3828 1969 3827 1924 3828 1968 3829 1968 3829 1924 3828 1925 3830 1968 3829 1925 3830 1926 3831 1922 3824 1825 3822 1921 3697 1921 3697 1825 3822 1824 3694 1968 3829 1926 3831 1967 3832 1967 3832 1926 3831 1927 3833 1967 3832 1927 3833 1966 3834 1966 3834 1927 3833 1928 3835 1966 3834 1928 3835 1965 3836 1965 3836 1928 3835 1946 3837 1965 3836 1946 3837 1964 3838 1964 3838 1946 3837 1947 3839 1964 3838 1947 3839 1963 3840 1963 3840 1947 3839 1948 3841 1963 3840 1948 3841 1962 3842 1962 3842 1948 3841 1949 3843 1962 3842 1949 3843 1961 3844 1961 3844 1949 3843 1950 3845 1961 3844 1950 3845 1960 3846 1960 3846 1950 3845 1951 3847 1960 3846 1951 3847 1959 3848 1959 3848 1951 3847 1952 3849 1959 3848 1952 3849 1958 3850 1958 3850 1952 3849 1996 3851 1958 3850 1996 3851 1957 3852 1957 3852 1996 3851 1997 3853 1957 3852 1997 3853 1956 3854 1956 3854 1997 3853 1998 3855 1956 3854 1998 3855 1955 3856 1955 3856 1998 3855 1999 3857 1955 3856 1999 3857 2000 3858 1928 3835 1929 3726 1946 3837 1946 3837 1929 3726 1945 3729 1996 3851 1952 3849 1995 3761 1995 3761 1952 3849 1953 3758 2002 3808 1979 3810 2001 3859 2001 3859 1979 3810 1980 3860 2001 3859 1980 3860 2000 3858 2000 3858 1980 3860 1955 3856 1906 3861 2020 3862 1846 3863 1846 3863 2020 3862 2021 3864 1846 3863 2021 3864 1847 3865 1847 3865 2021 3864 2022 3866 1847 3865 2022 3866 1848 3867 1848 3867 2022 3866 2023 3868 1848 3867 2023 3868 1849 3869 1849 3869 2023 3868 2024 3870 1849 3869 2024 3870 1850 3871 1850 3871 2024 3870 2025 3872 1850 3871 2025 3872 1851 3873 1851 3873 2025 3872 2026 3874 1851 3873 2026 3874 1852 3875 1852 3875 2026 3874 2027 3876 1852 3875 2027 3876 1853 3877 1853 3877 2027 3876 2028 3878 1853 3877 2028 3878 1854 3879 1854 3879 2028 3878 2029 3880 1854 3879 2029 3880 1855 3881 1855 3881 2029 3880 2030 3882 1855 3881 2030 3882 1856 3883 1856 3883 2030 3882 2031 3884 1856 3883 2031 3884 1857 3885 1857 3885 2031 3884 2032 3886 1857 3885 2032 3886 1858 3887 1858 3887 2032 3886 2033 3888 1858 3887 2033 3888 1859 3889 1859 3889 2033 3888 2034 3890 1859 3889 2034 3890 1860 3891 1860 3891 2034 3890 2035 3892 1860 3891 2035 3892 1861 3893 1861 3893 2035 3892 2036 3894 1861 3893 2036 3894 1862 3895 1862 3895 2036 3894 2037 3896 1862 3895 2037 3896 1863 3897 1863 3897 2037 3896 2038 3898 1863 3897 2038 3898 1864 3899 1864 3899 2038 3898 2039 3900 1864 3899 2039 3900 1865 3901 1865 3901 2039 3900 2040 3902 1865 3901 2040 3902 1866 3903 1866 3903 2040 3902 2041 3904 1866 3903 2041 3904 1867 3905 1867 3905 2041 3904 2042 3906 1867 3905 2042 3906 1868 3907 1868 3907 2042 3906 2043 3908 1868 3907 2043 3908 1869 3909 1869 3909 2043 3908 2044 3910 1869 3909 2044 3910 1870 3911 1870 3911 2044 3910 2045 3912 1870 3911 2045 3912 1871 3913 1871 3913 2045 3912 2046 3914 1871 3913 2046 3914 1872 3915 1872 3915 2046 3914 2047 3916 1872 3915 2047 3916 1873 3917 1873 3917 2047 3916 2048 3918 1873 3917 2048 3918 1874 3919 1874 3919 2048 3918 2049 3920 1874 3919 2049 3920 1875 3921 1875 3921 2049 3920 2050 3922 1875 3921 2050 3922 1876 3923 1876 3923 2050 3922 2051 3924 1876 3923 2051 3924 2052 3925 2020 3862 1906 3861 2019 3926 2019 3926 1906 3861 1905 3927 2019 3926 1905 3927 2018 3928 2018 3928 1905 3927 1904 3929 2018 3928 1904 3929 2017 3930 2017 3930 1904 3929 1903 3931 2017 3930 1903 3931 2016 3932 2016 3932 1903 3931 1902 3933 2016 3932 1902 3933 2015 3934 2015 3934 1902 3933 1901 3935 2015 3934 1901 3935 2014 3936 2014 3936 1901 3935 1900 3937 2014 3936 1900 3937 2013 3938 2013 3938 1900 3937 1899 3939 2013 3938 1899 3939 2012 3940 2012 3940 1899 3939 1898 3941 2012 3940 1898 3941 2011 3942 2011 3942 1898 3941 1897 3943 2011 3942 1897 3943 2010 3944 2010 3944 1897 3943 1896 3945 2010 3944 1896 3945 2009 3946 2009 3946 1896 3945 1895 3947 2009 3946 1895 3947 2008 3948 2008 3948 1895 3947 1894 3949 2008 3948 1894 3949 2007 3950 2007 3950 1894 3949 1893 3951 2007 3950 1893 3951 2006 3952 2006 3952 1893 3951 1892 3953 2006 3952 1892 3953 2005 3954 2005 3954 1892 3953 1891 3955 2005 3954 1891 3955 2066 3956 2066 3956 1891 3955 1890 3957 2066 3956 1890 3957 2065 3958 2065 3958 1890 3957 1889 3959 2065 3958 1889 3959 2064 3960 2064 3960 1889 3959 1888 3961 2064 3960 1888 3961 2063 3962 2063 3962 1888 3961 1887 3963 2063 3962 1887 3963 2062 3964 2062 3964 1887 3963 1886 3965 2062 3964 1886 3965 2061 3966 2061 3966 1886 3965 1885 3967 2061 3966 1885 3967 2060 3968 2060 3968 1885 3967 1884 3969 2060 3968 1884 3969 2059 3970 2059 3970 1884 3969 1883 3971 2059 3970 1883 3971 2058 3972 2058 3972 1883 3971 1882 3973 2058 3972 1882 3973 2057 3974 2057 3974 1882 3973 1881 3975 2057 3974 1881 3975 2056 3976 2056 3976 1881 3975 1880 3977 2056 3976 1880 3977 2055 3978 2055 3978 1880 3977 1879 3979 2055 3978 1879 3979 2054 3980 2054 3980 1879 3979 1878 3981 2054 3980 1878 3981 2053 3982 2053 3982 1878 3981 1877 3983 2053 3982 1877 3983 2052 3925 2052 3925 1877 3983 1876 3923 2068 3984 2021 3985 2067 3986 2067 3986 2021 3985 2020 3987 2067 3986 2020 3987 2128 3988 2128 3988 2020 3987 2019 3989 2128 3988 2019 3989 2127 3990 2127 3990 2019 3989 2018 3991 2127 3990 2018 3991 2126 3992 2126 3992 2018 3991 2017 3993 2126 3992 2017 3993 2125 3994 2125 3994 2017 3993 2016 3995 2125 3994 2016 3995 2124 3996 2124 3996 2016 3995 2015 3997 2124 3996 2015 3997 2123 3998 2123 3998 2015 3997 2014 3999 2123 3998 2014 3999 2122 4000 2122 4000 2014 3999 2013 4001 2122 4000 2013 4001 2121 4002 2121 4002 2013 4001 2012 4003 2121 4002 2012 4003 2120 4004 2120 4004 2012 4003 2011 4005 2120 4004 2011 4005 2119 4006 2119 4006 2011 4005 2010 4007 2119 4006 2010 4007 2118 4008 2118 4008 2010 4007 2009 4009 2118 4008 2009 4009 2117 4010 2117 4010 2009 4009 2008 4011 2117 4010 2008 4011 2116 4012 2116 4012 2008 4011 2007 4013 2116 4012 2007 4013 2115 4014 2115 4014 2007 4013 2006 4015 2115 4014 2006 4015 2114 4016 2114 4016 2006 4015 2005 4017 2114 4016 2005 4017 2113 4018 2113 4018 2005 4017 2066 4019 2113 4018 2066 4019 2112 4020 2112 4020 2066 4019 2065 4021 2112 4020 2065 4021 2111 4022 2111 4022 2065 4021 2064 4023 2111 4022 2064 4023 2110 4024 2110 4024 2064 4023 2063 4025 2110 4024 2063 4025 2109 4026 2109 4026 2063 4025 2062 4027 2109 4026 2062 4027 2108 4028 2108 4028 2062 4027 2061 4029 2108 4028 2061 4029 2107 4030 2107 4030 2061 4029 2060 4031 2107 4030 2060 4031 2106 4032 2106 4032 2060 4031 2059 4033 2106 4032 2059 4033 2105 4034 2105 4034 2059 4033 2058 4035 2105 4034 2058 4035 2104 4036 2104 4036 2058 4035 2057 4037 2104 4036 2057 4037 2103 4038 2103 4038 2057 4037 2056 4039 2103 4038 2056 4039 2102 4040 2102 4040 2056 4039 2055 4041 2102 4040 2055 4041 2101 4042 2101 4042 2055 4041 2054 4043 2101 4042 2054 4043 2100 4044 2100 4044 2054 4043 2053 4045 2100 4044 2053 4045 2099 4046 2099 4046 2053 4045 2052 4047 2099 4046 2052 4047 2098 4048 2098 4048 2052 4047 2051 4049 2098 4048 2051 4049 2097 4050 2097 4050 2051 4049 2050 4051 2097 4050 2050 4051 2096 4052 2096 4052 2050 4051 2049 4053 2096 4052 2049 4053 2095 4054 2095 4054 2049 4053 2048 4055 2095 4054 2048 4055 2094 4056 2094 4056 2048 4055 2047 4057 2094 4056 2047 4057 2093 4058 2093 4058 2047 4057 2046 4059 2093 4058 2046 4059 2092 4060 2092 4060 2046 4059 2045 4061 2092 4060 2045 4061 2091 4062 2091 4062 2045 4061 2044 4063 2091 4062 2044 4063 2090 4064 2090 4064 2044 4063 2043 4065 2090 4064 2043 4065 2089 4066 2089 4066 2043 4065 2042 4067 2089 4066 2042 4067 2088 4068 2088 4068 2042 4067 2041 4069 2088 4068 2041 4069 2087 4070 2087 4070 2041 4069 2040 4071 2087 4070 2040 4071 2086 4072 2086 4072 2040 4071 2039 4073 2086 4072 2039 4073 2085 4074 2085 4074 2039 4073 2038 4075 2085 4074 2038 4075 2084 4076 2084 4076 2038 4075 2037 4077 2084 4076 2037 4077 2083 4078 2083 4078 2037 4077 2036 4079 2083 4078 2036 4079 2082 4080 2082 4080 2036 4079 2035 4081 2082 4080 2035 4081 2081 4082 2081 4082 2035 4081 2034 4083 2081 4082 2034 4083 2080 4084 2080 4084 2034 4083 2033 4085 2080 4084 2033 4085 2079 4086 2079 4086 2033 4085 2032 4087 2079 4086 2032 4087 2078 4088 2078 4088 2032 4087 2031 4089 2078 4088 2031 4089 2077 4090 2077 4090 2031 4089 2030 4091 2077 4090 2030 4091 2076 4092 2076 4092 2030 4091 2029 4093 2076 4092 2029 4093 2075 4094 2075 4094 2029 4093 2028 4095 2075 4094 2028 4095 2074 4096 2074 4096 2028 4095 2027 4097 2074 4096 2027 4097 2073 4098 2073 4098 2027 4097 2026 4099 2073 4098 2026 4099 2072 4100 2072 4100 2026 4099 2025 4101 2072 4100 2025 4101 2071 4102 2071 4102 2025 4101 2024 4103 2071 4102 2024 4103 2070 4104 2070 4104 2024 4103 2023 4105 2070 4104 2023 4105 2069 4106 2069 4106 2023 4105 2022 4107 2069 4106 2022 4107 2068 3984 2068 3984 2022 4107 2021 3985 1725 4108 2068 4109 1665 4110 1665 4110 2068 4109 2067 4111 1665 4110 2067 4111 2128 4112 2068 4109 1725 4108 2069 4113 2069 4113 1725 4108 1724 4114 2069 4113 1724 4114 2070 4115 2070 4115 1724 4114 1723 4116 2070 4115 1723 4116 2071 4117 2071 4117 1723 4116 1722 4118 2071 4117 1722 4118 2072 4119 2072 4119 1722 4118 1721 4120 2072 4119 1721 4120 2073 4121 2073 4121 1721 4120 1720 4122 2073 4121 1720 4122 2074 4123 2074 4123 1720 4122 1719 4124 2074 4123 1719 4124 2075 4125 2075 4125 1719 4124 1718 4126 2075 4125 1718 4126 2076 4127 2076 4127 1718 4126 1717 4128 2076 4127 1717 4128 2077 4129 2077 4129 1717 4128 1716 4130 2077 4129 1716 4130 2078 4131 2078 4131 1716 4130 1715 4132 2078 4131 1715 4132 2079 4133 2079 4133 1715 4132 1714 4134 2079 4133 1714 4134 2080 4135 2080 4135 1714 4134 1713 4136 2080 4135 1713 4136 2081 4137 2081 4137 1713 4136 1712 4138 2081 4137 1712 4138 2082 4139 2082 4139 1712 4138 1711 4140 2082 4139 1711 4140 2083 4141 2083 4141 1711 4140 1710 4142 2083 4141 1710 4142 2084 4143 2084 4143 1710 4142 1709 4144 2084 4143 1709 4144 2085 4145 2085 4145 1709 4144 1708 4146 2085 4145 1708 4146 2086 4147 2086 4147 1708 4146 1707 4148 2086 4147 1707 4148 2087 4149 2087 4149 1707 4148 1706 4150 2087 4149 1706 4150 2088 4151 2088 4151 1706 4150 1705 4152 2088 4151 1705 4152 2089 4153 2089 4153 1705 4152 1704 4154 2089 4153 1704 4154 2090 4155 2090 4155 1704 4154 1703 4156 2090 4155 1703 4156 2091 4157 2091 4157 1703 4156 1702 4158 2091 4157 1702 4158 2092 4159 2092 4159 1702 4158 1701 4160 2092 4159 1701 4160 2093 4161 2093 4161 1701 4160 1700 4162 2093 4161 1700 4162 2094 4163 2094 4163 1700 4162 1699 4164 2094 4163 1699 4164 2095 4165 2095 4165 1699 4164 1698 4166 2095 4165 1698 4166 2096 4167 2096 4167 1698 4166 1697 4168 2096 4167 1697 4168 2097 4169 2097 4169 1697 4168 1696 4170 2097 4169 1696 4170 2098 4171 2098 4171 1696 4170 1695 4172 2098 4171 1695 4172 2099 4173 2099 4173 1695 4172 1694 4174 2099 4173 1694 4174 2100 4175 2100 4175 1694 4174 1693 4176 2100 4175 1693 4176 2101 4177 2101 4177 1693 4176 1692 4178 2101 4177 1692 4178 2102 4179 2102 4179 1692 4178 1691 4180 2102 4179 1691 4180 2103 4181 2103 4181 1691 4180 1690 4182 2103 4181 1690 4182 2104 4183 2104 4183 1690 4182 1689 4184 2104 4183 1689 4184 2105 4185 2105 4185 1689 4184 1688 4186 2105 4185 1688 4186 2106 4187 2106 4187 1688 4186 1687 4188 2106 4187 1687 4188 2107 4189 2107 4189 1687 4188 1686 4190 2107 4189 1686 4190 2108 4191 2108 4191 1686 4190 1685 4192 2108 4191 1685 4192 2109 4193 2109 4193 1685 4192 1684 4194 2109 4193 1684 4194 2110 4195 2110 4195 1684 4194 1683 4196 2110 4195 1683 4196 2111 4197 2111 4197 1683 4196 1682 4198 2111 4197 1682 4198 2112 4199 2112 4199 1682 4198 1681 4200 2112 4199 1681 4200 2113 4201 2113 4201 1681 4200 1680 4202 2113 4201 1680 4202 2114 4203 2114 4203 1680 4202 1679 4204 2114 4203 1679 4204 2115 4205 2115 4205 1679 4204 1678 4206 2115 4205 1678 4206 2116 4207 2116 4207 1678 4206 1677 4208 2116 4207 1677 4208 2117 4209 2117 4209 1677 4208 1676 4210 2117 4209 1676 4210 2118 4211 2118 4211 1676 4210 1675 4212 2118 4211 1675 4212 2119 4213 2119 4213 1675 4212 1674 4214 2119 4213 1674 4214 2120 4215 2120 4215 1674 4214 1673 4216 2120 4215 1673 4216 2121 4217 2121 4217 1673 4216 1672 4218 2121 4217 1672 4218 2122 4219 2122 4219 1672 4218 1671 4220 2122 4219 1671 4220 2123 4221 2123 4221 1671 4220 1670 4222 2123 4221 1670 4222 2124 4223 2124 4223 1670 4222 1669 4224 2124 4223 1669 4224 2125 4225 2125 4225 1669 4224 1668 4226 2125 4225 1668 4226 2126 4227 2126 4227 1668 4226 1667 4228 2126 4227 1667 4228 2127 4229 2127 4229 1667 4228 1666 4230 2127 4229 1666 4230 2128 4112 2128 4112 1666 4230 1665 4110 1930 4231 1751 4232 1907 4233 1907 4233 1751 4232 1750 4234 1907 4233 1750 4234 1908 4235 1908 4235 1750 4234 1773 4236 1908 4235 1773 4236 1909 4237 1909 4237 1773 4236 1772 4238 1909 4237 1772 4238 1910 4239 1910 4239 1772 4238 1771 4240 1910 4239 1771 4240 1911 4241 1911 4241 1771 4240 1770 4242 1911 4241 1770 4242 1912 4243 1912 4243 1770 4242 1769 4244 1912 4243 1769 4244 1913 4245 1913 4245 1769 4244 1768 4246 1913 4245 1768 4246 1914 4247 1914 4247 1768 4246 1767 4248 1914 4247 1767 4248 1915 4249 1915 4249 1767 4248 1766 4250 1915 4249 1766 4250 1916 4251 1916 4251 1766 4250 1765 4252 1916 4251 1765 4252 1917 4253 1917 4253 1765 4252 1764 4254 1917 4253 1764 4254 1918 4255 1918 4255 1764 4254 1763 4256 1918 4255 1763 4256 1919 4257 1919 4257 1763 4256 1762 4258 1919 4257 1762 4258 1920 4259 1920 4259 1762 4258 1761 4260 1920 4259 1761 4260 1921 4261 1921 4261 1761 4260 1760 4262 1921 4261 1760 4262 1922 4263 1922 4263 1760 4262 1759 4264 1922 4263 1759 4264 1923 4265 1923 4265 1759 4264 1758 4266 1923 4265 1758 4266 1924 4267 1924 4267 1758 4266 1757 4268 1924 4267 1757 4268 1925 4269 1925 4269 1757 4268 1756 4270 1925 4269 1756 4270 1926 4271 1926 4271 1756 4270 1755 4272 1926 4271 1755 4272 1927 4273 1927 4273 1755 4272 1754 4274 1927 4273 1754 4274 1928 4275 1928 4275 1754 4274 1753 4276 1928 4275 1753 4276 1929 4277 1929 4277 1753 4276 1752 4278 1929 4277 1752 4278 1930 4231 1930 4231 1752 4278 1751 4232 1954 4279 1775 4280 1931 4281 1931 4281 1775 4280 1774 4282 1931 4281 1774 4282 1932 4283 1932 4283 1774 4282 1797 4284 1932 4283 1797 4284 1933 4285 1933 4285 1797 4284 1796 4286 1933 4285 1796 4286 1934 4287 1934 4287 1796 4286 1795 4288 1934 4287 1795 4288 1935 4289 1935 4289 1795 4288 1794 4290 1935 4289 1794 4290 1936 4291 1936 4291 1794 4290 1793 4292 1936 4291 1793 4292 1937 4293 1937 4293 1793 4292 1792 4294 1937 4293 1792 4294 1938 4295 1938 4295 1792 4294 1791 4296 1938 4295 1791 4296 1939 4297 1939 4297 1791 4296 1790 4298 1939 4297 1790 4298 1940 4299 1940 4299 1790 4298 1789 4300 1940 4299 1789 4300 1941 4301 1941 4301 1789 4300 1788 4302 1941 4301 1788 4302 1942 4303 1942 4303 1788 4302 1787 4304 1942 4303 1787 4304 1943 4305 1943 4305 1787 4304 1786 4306 1943 4305 1786 4306 1944 4307 1944 4307 1786 4306 1785 4308 1944 4307 1785 4308 1945 4309 1945 4309 1785 4308 1784 4310 1945 4309 1784 4310 1946 4311 1946 4311 1784 4310 1783 4312 1946 4311 1783 4312 1947 4313 1947 4313 1783 4312 1782 4314 1947 4313 1782 4314 1948 4315 1948 4315 1782 4314 1781 4316 1948 4315 1781 4316 1949 4317 1949 4317 1781 4316 1780 4318 1949 4317 1780 4318 1950 4319 1950 4319 1780 4318 1779 4320 1950 4319 1779 4320 1951 4321 1951 4321 1779 4320 1778 4322 1951 4321 1778 4322 1952 4323 1952 4323 1778 4322 1777 4324 1952 4323 1777 4324 1953 4325 1953 4325 1777 4324 1776 4326 1953 4325 1776 4326 1954 4279 1954 4279 1776 4326 1775 4280 1980 4327 1368 4328 1955 4329 1955 4329 1368 4328 1367 4330 1955 4329 1367 4330 1956 4331 1956 4331 1367 4330 1392 4332 1956 4331 1392 4332 1391 4333 1980 4327 1979 4334 1368 4328 1368 4328 1979 4334 1369 4335 1369 4335 1979 4334 1978 4336 1369 4335 1978 4336 1370 4337 1370 4337 1978 4336 1977 4338 1370 4337 1977 4338 1371 4339 1371 4339 1977 4338 1976 4340 1371 4339 1976 4340 1372 4341 1372 4341 1976 4340 1975 4342 1372 4341 1975 4342 1373 4343 1373 4343 1975 4342 1974 4344 1373 4343 1974 4344 1374 4345 1374 4345 1974 4344 1973 4346 1374 4345 1973 4346 1375 4347 1375 4347 1973 4346 1972 4348 1375 4347 1972 4348 1376 4349 1376 4349 1972 4348 1971 4350 1376 4349 1971 4350 1377 4351 1377 4351 1971 4350 1970 4352 1377 4351 1970 4352 1378 4353 1378 4353 1970 4352 1969 4354 1378 4353 1969 4354 1379 4355 1379 4355 1969 4354 1968 4356 1379 4355 1968 4356 1380 4357 1380 4357 1968 4356 1967 4358 1380 4357 1967 4358 1381 4359 1381 4359 1967 4358 1966 4360 1381 4359 1966 4360 1382 4361 1382 4361 1966 4360 1965 4362 1382 4361 1965 4362 1383 4363 1383 4363 1965 4362 1964 4364 1383 4363 1964 4364 1384 4365 1384 4365 1964 4364 1963 4366 1384 4365 1963 4366 1385 4367 1385 4367 1963 4366 1962 4368 1385 4367 1962 4368 1386 4369 1386 4369 1962 4368 1961 4370 1386 4369 1961 4370 1387 4371 1387 4371 1961 4370 1960 4372 1387 4371 1960 4372 1388 4373 1388 4373 1960 4372 1959 4374 1388 4373 1959 4374 1389 4375 1389 4375 1959 4374 1958 4376 1389 4375 1958 4376 1390 4377 1390 4377 1958 4376 1957 4378 1390 4377 1957 4378 1391 4333 1391 4333 1957 4378 1956 4331 2004 4379 1799 4380 1981 4381 1981 4381 1799 4380 1798 4382 1981 4381 1798 4382 1982 4383 1982 4383 1798 4382 1821 4384 1982 4383 1821 4384 1983 4385 1983 4385 1821 4384 1820 4386 1983 4385 1820 4386 1984 4387 1984 4387 1820 4386 1819 4388 1984 4387 1819 4388 1985 4389 1985 4389 1819 4388 1818 4390 1985 4389 1818 4390 1986 4391 1986 4391 1818 4390 1817 4392 1986 4391 1817 4392 1987 4393 1987 4393 1817 4392 1816 4394 1987 4393 1816 4394 1988 4395 1988 4395 1816 4394 1815 4396 1988 4395 1815 4396 1989 4397 1989 4397 1815 4396 1814 4398 1989 4397 1814 4398 1990 4399 1990 4399 1814 4398 1813 4400 1990 4399 1813 4400 1991 4401 1991 4401 1813 4400 1812 4402 1991 4401 1812 4402 1992 4403 1992 4403 1812 4402 1811 4404 1992 4403 1811 4404 1993 4405 1993 4405 1811 4404 1810 4406 1993 4405 1810 4406 1994 4407 1994 4407 1810 4406 1809 4408 1994 4407 1809 4408 1995 4409 1995 4409 1809 4408 1808 4410 1995 4409 1808 4410 1996 4411 1996 4411 1808 4410 1807 4412 1996 4411 1807 4412 1997 4413 1997 4413 1807 4412 1806 4414 1997 4413 1806 4414 1998 4415 1998 4415 1806 4414 1805 4416 1998 4415 1805 4416 1999 4417 1999 4417 1805 4416 1804 4418 1999 4417 1804 4418 2000 4419 2000 4419 1804 4418 1803 4420 2000 4419 1803 4420 2001 4421 2001 4421 1803 4420 1802 4422 2001 4421 1802 4422 2002 4423 2002 4423 1802 4422 1801 4424 2002 4423 1801 4424 2003 4425 2003 4425 1801 4424 1800 4426 2003 4425 1800 4426 2004 4379 2004 4379 1800 4426 1799 4380</p>
        </triangles>
        <triangles material="Opaque_190_188_186_" count="4168">
          <input semantic="VERTEX" source="#servo_mount-mesh-vertices" offset="0"/>
          <input semantic="NORMAL" source="#servo_mount-mesh-normals" offset="1"/>
          <p>2130 4427 2186 4428 2129 4429 2129 4429 2186 4428 2195 4430 2129 4429 2195 4430 2153 4431 2153 4431 2195 4430 2305 4432 2153 4431 2305 4432 2152 4433 2152 4433 2305 4432 2300 4434 2152 4433 2300 4434 2151 4435 2151 4435 2300 4434 2295 4436 2151 4435 2295 4436 2150 4437 2150 4437 2295 4436 2290 4438 2150 4437 2290 4438 2149 4439 2149 4439 2290 4438 2285 4440 2149 4439 2285 4440 2148 4441 2148 4441 2285 4440 2280 4442 2148 4441 2280 4442 2147 4443 2147 4443 2280 4442 2275 4444 2147 4443 2275 4444 2146 4445 2146 4445 2275 4444 2270 4446 2146 4445 2270 4446 2145 4447 2145 4447 2270 4446 2265 4448 2145 4447 2265 4448 2144 4449 2144 4449 2265 4448 2260 4450 2144 4449 2260 4450 2143 4451 2143 4451 2260 4450 2250 4452 2143 4451 2250 4452 2142 4453 2142 4453 2250 4452 2259 4454 2142 4453 2259 4454 2185 4455 2185 4455 2259 4454 2258 4456 2185 4455 2258 4456 2246 4457 2246 4457 2258 4456 2257 4458 2246 4457 2257 4458 2247 4459 2247 4459 2257 4458 2256 4460 2247 4459 2256 4460 2248 4461 2248 4461 2256 4460 2255 4462 2248 4461 2255 4462 2249 4463 2249 4463 2255 4462 2173 4464 2249 4463 2173 4464 2174 4465 2186 4428 2130 4427 2196 4466 2196 4466 2130 4427 2131 4467 2196 4466 2131 4467 2201 4468 2201 4468 2131 4467 2132 4469 2201 4468 2132 4469 2206 4470 2206 4470 2132 4469 2133 4471 2206 4470 2133 4471 2211 4472 2211 4472 2133 4471 2134 4473 2211 4472 2134 4473 2216 4474 2216 4474 2134 4473 2135 4475 2216 4474 2135 4475 2180 4476 2180 4476 2135 4475 2136 4477 2180 4476 2136 4477 2221 4478 2221 4478 2136 4477 2137 4479 2221 4478 2137 4479 2226 4480 2226 4480 2137 4479 2138 4481 2226 4480 2138 4481 2231 4482 2231 4482 2138 4481 2139 4483 2231 4482 2139 4483 2236 4484 2236 4484 2139 4483 2140 4485 2236 4484 2140 4485 2241 4486 2241 4486 2140 4485 2141 4487 2241 4486 2141 4487 2185 4455 2185 4455 2141 4487 2142 4453 2155 4488 2220 4489 2154 4490 2154 4490 2220 4489 2184 4491 2154 4490 2184 4491 2179 4492 2179 4492 2184 4491 2225 4493 2179 4492 2225 4493 2178 4494 2178 4494 2225 4493 2230 4495 2178 4494 2230 4495 2177 4496 2177 4496 2230 4495 2235 4497 2177 4496 2235 4497 2176 4498 2176 4498 2235 4497 2240 4499 2176 4498 2240 4499 2175 4500 2175 4500 2240 4499 2245 4501 2175 4500 2245 4501 2174 4465 2174 4465 2245 4501 2249 4463 2220 4489 2155 4488 2215 4502 2215 4502 2155 4488 2156 4503 2215 4502 2156 4503 2210 4504 2210 4504 2156 4503 2157 4505 2210 4504 2157 4505 2205 4506 2205 4506 2157 4505 2158 4507 2205 4506 2158 4507 2200 4508 2200 4508 2158 4507 2159 4509 2200 4508 2159 4509 2190 4510 2190 4510 2159 4509 2160 4511 2190 4510 2160 4511 2191 4512 2191 4512 2160 4511 2161 4513 2191 4512 2161 4513 2309 4514 2309 4514 2161 4513 2162 4515 2309 4514 2162 4515 2304 4516 2304 4516 2162 4515 2163 4517 2304 4516 2163 4517 2299 4518 2299 4518 2163 4517 2164 4519 2299 4518 2164 4519 2294 4520 2294 4520 2164 4519 2165 4521 2294 4520 2165 4521 2289 4522 2289 4522 2165 4521 2166 4523 2289 4522 2166 4523 2284 4524 2284 4524 2166 4523 2167 4525 2284 4524 2167 4525 2279 4526 2279 4526 2167 4525 2168 4527 2279 4526 2168 4527 2274 4528 2274 4528 2168 4527 2169 4529 2274 4528 2169 4529 2269 4530 2269 4530 2169 4529 2170 4531 2269 4530 2170 4531 2264 4532 2264 4532 2170 4531 2171 4533 2264 4532 2171 4533 2254 4534 2254 4534 2171 4533 2172 4535 2254 4534 2172 4535 2255 4462 2255 4462 2172 4535 2173 4464 2180 4476 2181 4536 2216 4474 2216 4474 2181 4536 2217 4537 2216 4474 2217 4537 2211 4472 2211 4472 2217 4537 2212 4538 2211 4472 2212 4538 2206 4470 2206 4470 2212 4538 2207 4539 2206 4470 2207 4539 2201 4468 2201 4468 2207 4539 2202 4540 2201 4468 2202 4540 2196 4466 2196 4466 2202 4540 2197 4541 2196 4466 2197 4541 2186 4428 2186 4428 2197 4541 2187 4542 2186 4428 2187 4542 2195 4430 2195 4430 2187 4542 2194 4543 2195 4430 2194 4543 2305 4432 2305 4432 2194 4543 2306 4544 2305 4432 2306 4544 2300 4434 2300 4434 2306 4544 2301 4545 2300 4434 2301 4545 2295 4436 2295 4436 2301 4545 2296 4546 2295 4436 2296 4546 2290 4438 2290 4438 2296 4546 2291 4547 2290 4438 2291 4547 2285 4440 2285 4440 2291 4547 2286 4548 2285 4440 2286 4548 2280 4442 2280 4442 2286 4548 2281 4549 2280 4442 2281 4549 2275 4444 2275 4444 2281 4549 2276 4550 2275 4444 2276 4550 2270 4446 2270 4446 2276 4550 2271 4551 2270 4446 2271 4551 2265 4448 2265 4448 2271 4551 2266 4552 2265 4448 2266 4552 2260 4450 2260 4450 2266 4552 2261 4553 2260 4450 2261 4553 2250 4452 2250 4452 2261 4553 2251 4554 2250 4452 2251 4554 2259 4454 2259 4454 2251 4554 2258 4456 2181 4536 2182 4555 2217 4537 2217 4537 2182 4555 2218 4556 2217 4537 2218 4556 2212 4538 2212 4538 2218 4556 2213 4557 2212 4538 2213 4557 2207 4539 2207 4539 2213 4557 2208 4558 2207 4539 2208 4558 2202 4540 2202 4540 2208 4558 2203 4559 2202 4540 2203 4559 2197 4541 2197 4541 2203 4559 2198 4560 2197 4541 2198 4560 2187 4542 2187 4542 2198 4560 2188 4561 2187 4542 2188 4561 2194 4543 2194 4543 2188 4561 2193 4562 2194 4543 2193 4562 2306 4544 2306 4544 2193 4562 2307 4563 2306 4544 2307 4563 2301 4545 2301 4545 2307 4563 2302 4564 2301 4545 2302 4564 2296 4546 2296 4546 2302 4564 2297 4565 2296 4546 2297 4565 2291 4547 2291 4547 2297 4565 2292 4566 2291 4547 2292 4566 2286 4548 2286 4548 2292 4566 2287 4567 2286 4548 2287 4567 2281 4549 2281 4549 2287 4567 2282 4568 2281 4549 2282 4568 2276 4550 2276 4550 2282 4568 2277 4569 2276 4550 2277 4569 2271 4551 2271 4551 2277 4569 2272 4570 2271 4551 2272 4570 2266 4552 2266 4552 2272 4570 2267 4571 2266 4552 2267 4571 2261 4553 2261 4553 2267 4571 2262 4572 2261 4553 2262 4572 2251 4554 2251 4554 2262 4572 2252 4573 2251 4554 2252 4573 2258 4456 2258 4456 2252 4573 2257 4458 2181 4536 2180 4476 2222 4574 2222 4574 2180 4476 2221 4478 2222 4574 2221 4478 2227 4575 2227 4575 2221 4478 2226 4480 2227 4575 2226 4480 2232 4576 2232 4576 2226 4480 2231 4482 2232 4576 2231 4482 2237 4577 2237 4577 2231 4482 2236 4484 2237 4577 2236 4484 2242 4578 2242 4578 2236 4484 2241 4486 2242 4578 2241 4486 2246 4457 2246 4457 2241 4486 2185 4455 2182 4555 2183 4579 2218 4556 2218 4556 2183 4579 2219 4580 2218 4556 2219 4580 2213 4557 2213 4557 2219 4580 2214 4581 2213 4557 2214 4581 2208 4558 2208 4558 2214 4581 2209 4582 2208 4558 2209 4582 2203 4559 2203 4559 2209 4582 2204 4583 2203 4559 2204 4583 2198 4560 2198 4560 2204 4583 2199 4584 2198 4560 2199 4584 2188 4561 2188 4561 2199 4584 2189 4585 2188 4561 2189 4585 2193 4562 2193 4562 2189 4585 2192 4586 2193 4562 2192 4586 2307 4563 2307 4563 2192 4586 2308 4587 2307 4563 2308 4587 2302 4564 2302 4564 2308 4587 2303 4588 2302 4564 2303 4588 2297 4565 2297 4565 2303 4588 2298 4589 2297 4565 2298 4589 2292 4566 2292 4566 2298 4589 2293 4590 2292 4566 2293 4590 2287 4567 2287 4567 2293 4590 2288 4591 2287 4567 2288 4591 2282 4568 2282 4568 2288 4591 2283 4592 2282 4568 2283 4592 2277 4569 2277 4569 2283 4592 2278 4593 2277 4569 2278 4593 2272 4570 2272 4570 2278 4593 2273 4594 2272 4570 2273 4594 2267 4571 2267 4571 2273 4594 2268 4595 2267 4571 2268 4595 2262 4572 2262 4572 2268 4595 2263 4596 2262 4572 2263 4596 2252 4573 2252 4573 2263 4596 2253 4597 2252 4573 2253 4597 2257 4458 2257 4458 2253 4597 2256 4460 2182 4555 2181 4536 2223 4598 2223 4598 2181 4536 2222 4574 2223 4598 2222 4574 2228 4599 2228 4599 2222 4574 2227 4575 2228 4599 2227 4575 2233 4600 2233 4600 2227 4575 2232 4576 2233 4600 2232 4576 2238 4601 2238 4601 2232 4576 2237 4577 2238 4601 2237 4577 2243 4602 2243 4602 2237 4577 2242 4578 2243 4602 2242 4578 2247 4459 2247 4459 2242 4578 2246 4457 2183 4579 2184 4491 2219 4580 2219 4580 2184 4491 2220 4489 2219 4580 2220 4489 2214 4581 2214 4581 2220 4489 2215 4502 2214 4581 2215 4502 2209 4582 2209 4582 2215 4502 2210 4504 2209 4582 2210 4504 2204 4583 2204 4583 2210 4504 2205 4506 2204 4583 2205 4506 2199 4584 2199 4584 2205 4506 2200 4508 2199 4584 2200 4508 2189 4585 2189 4585 2200 4508 2190 4510 2189 4585 2190 4510 2192 4586 2192 4586 2190 4510 2191 4512 2192 4586 2191 4512 2308 4587 2308 4587 2191 4512 2309 4514 2308 4587 2309 4514 2303 4588 2303 4588 2309 4514 2304 4516 2303 4588 2304 4516 2298 4589 2298 4589 2304 4516 2299 4518 2298 4589 2299 4518 2293 4590 2293 4590 2299 4518 2294 4520 2293 4590 2294 4520 2288 4591 2288 4591 2294 4520 2289 4522 2288 4591 2289 4522 2283 4592 2283 4592 2289 4522 2284 4524 2283 4592 2284 4524 2278 4593 2278 4593 2284 4524 2279 4526 2278 4593 2279 4526 2273 4594 2273 4594 2279 4526 2274 4528 2273 4594 2274 4528 2268 4595 2268 4595 2274 4528 2269 4530 2268 4595 2269 4530 2263 4596 2263 4596 2269 4530 2264 4532 2263 4596 2264 4532 2253 4597 2253 4597 2264 4532 2254 4534 2253 4597 2254 4534 2256 4460 2256 4460 2254 4534 2255 4462 2183 4579 2182 4555 2224 4603 2224 4603 2182 4555 2223 4598 2224 4603 2223 4598 2229 4604 2229 4604 2223 4598 2228 4599 2229 4604 2228 4599 2234 4605 2234 4605 2228 4599 2233 4600 2234 4605 2233 4600 2239 4606 2239 4606 2233 4600 2238 4601 2239 4606 2238 4601 2244 4607 2244 4607 2238 4601 2243 4602 2244 4607 2243 4602 2248 4461 2248 4461 2243 4602 2247 4459 2184 4491 2183 4579 2225 4493 2225 4493 2183 4579 2224 4603 2225 4493 2224 4603 2230 4495 2230 4495 2224 4603 2229 4604 2230 4495 2229 4604 2235 4497 2235 4497 2229 4604 2234 4605 2235 4497 2234 4605 2240 4499 2240 4499 2234 4605 2239 4606 2240 4499 2239 4606 2245 4501 2245 4501 2239 4606 2244 4607 2245 4501 2244 4607 2249 4463 2249 4463 2244 4607 2248 4461 2153 4431 2322 4608 2129 4429 2129 4429 2322 4608 2323 4609 2129 4429 2323 4609 2130 4427 2130 4427 2323 4609 2324 4610 2130 4427 2324 4610 2131 4467 2131 4467 2324 4610 2325 4611 2131 4467 2325 4611 2132 4469 2132 4469 2325 4611 2326 4612 2132 4469 2326 4612 2133 4471 2133 4471 2326 4612 2327 4613 2133 4471 2327 4613 2134 4473 2134 4473 2327 4613 2328 4614 2134 4473 2328 4614 2135 4475 2135 4475 2328 4614 2329 4615 2135 4475 2329 4615 2136 4477 2136 4477 2329 4615 2330 4616 2136 4477 2330 4616 2137 4479 2137 4479 2330 4616 2331 4617 2137 4479 2331 4617 2138 4481 2138 4481 2331 4617 2332 4618 2138 4481 2332 4618 2139 4483 2139 4483 2332 4618 2333 4619 2139 4483 2333 4619 2140 4485 2140 4485 2333 4619 2334 4620 2140 4485 2334 4620 2141 4487 2141 4487 2334 4620 2310 4621 2141 4487 2310 4621 2142 4453 2142 4453 2310 4621 2311 4622 2142 4453 2311 4622 2143 4451 2143 4451 2311 4622 2312 4623 2143 4451 2312 4623 2144 4449 2144 4449 2312 4623 2313 4624 2144 4449 2313 4624 2145 4447 2145 4447 2313 4624 2314 4625 2145 4447 2314 4625 2146 4445 2146 4445 2314 4625 2315 4626 2146 4445 2315 4626 2147 4443 2147 4443 2315 4626 2316 4627 2147 4443 2316 4627 2148 4441 2148 4441 2316 4627 2317 4628 2148 4441 2317 4628 2149 4439 2149 4439 2317 4628 2318 4629 2149 4439 2318 4629 2150 4437 2150 4437 2318 4629 2319 4630 2150 4437 2319 4630 2151 4435 2151 4435 2319 4630 2320 4631 2151 4435 2320 4631 2152 4433 2152 4433 2320 4631 2321 4632 2152 4433 2321 4632 2153 4431 2153 4431 2321 4632 2322 4608 2336 4633 2161 4513 2335 4634 2335 4634 2161 4513 2160 4511 2335 4634 2160 4511 2367 4635 2367 4635 2160 4511 2159 4509 2367 4635 2159 4509 2366 4636 2366 4636 2159 4509 2365 4637 2365 4637 2159 4509 2158 4507 2365 4637 2158 4507 2364 4638 2364 4638 2158 4507 2157 4505 2364 4638 2157 4505 2363 4639 2363 4639 2157 4505 2156 4503 2363 4639 2156 4503 2362 4640 2362 4640 2156 4503 2155 4488 2362 4640 2155 4488 2361 4641 2361 4641 2155 4488 2360 4642 2360 4642 2155 4488 2154 4490 2360 4642 2154 4490 2359 4643 2359 4643 2154 4490 2179 4492 2359 4643 2179 4492 2358 4644 2358 4644 2179 4492 2178 4494 2358 4644 2178 4494 2357 4645 2357 4645 2178 4494 2177 4496 2357 4645 2177 4496 2356 4646 2356 4646 2177 4496 2355 4647 2355 4647 2177 4496 2176 4498 2355 4647 2176 4498 2354 4648 2354 4648 2176 4498 2175 4500 2354 4648 2175 4500 2353 4649 2353 4649 2175 4500 2174 4465 2353 4649 2174 4465 2352 4650 2352 4650 2174 4465 2173 4464 2352 4650 2173 4464 2351 4651 2351 4651 2173 4464 2350 4652 2350 4652 2173 4464 2172 4535 2350 4652 2172 4535 2349 4653 2349 4653 2172 4535 2171 4533 2349 4653 2171 4533 2348 4654 2348 4654 2171 4533 2170 4531 2348 4654 2170 4531 2347 4655 2347 4655 2170 4531 2346 4656 2346 4656 2170 4531 2169 4529 2346 4656 2169 4529 2345 4657 2345 4657 2169 4529 2168 4527 2345 4657 2168 4527 2344 4658 2344 4658 2168 4527 2167 4525 2344 4658 2167 4525 2343 4659 2343 4659 2167 4525 2166 4523 2343 4659 2166 4523 2342 4660 2342 4660 2166 4523 2341 4661 2341 4661 2166 4523 2165 4521 2341 4661 2165 4521 2340 4662 2340 4662 2165 4521 2164 4519 2340 4662 2164 4519 2339 4663 2339 4663 2164 4519 2163 4517 2339 4663 2163 4517 2338 4664 2338 4664 2163 4517 2162 4515 2338 4664 2162 4515 2337 4665 2337 4665 2162 4515 2336 4633 2336 4633 2162 4515 2161 4513 2311 4666 2310 4667 2368 4668 2368 4668 2310 4667 2334 4669 2368 4668 2334 4669 2391 4670 2391 4670 2334 4669 2333 4671 2391 4670 2333 4671 2390 4672 2390 4672 2333 4671 2332 4673 2390 4672 2332 4673 2389 4674 2389 4674 2332 4673 2331 4675 2389 4674 2331 4675 2388 4676 2388 4676 2331 4675 2330 4677 2388 4676 2330 4677 2387 4678 2387 4678 2330 4677 2329 4679 2387 4678 2329 4679 2386 4680 2386 4680 2329 4679 2328 4681 2386 4680 2328 4681 2385 4682 2385 4682 2328 4681 2327 4683 2385 4682 2327 4683 2384 4684 2384 4684 2327 4683 2326 4685 2384 4684 2326 4685 2383 4686 2383 4686 2326 4685 2325 4687 2383 4686 2325 4687 2382 4688 2382 4688 2325 4687 2324 4689 2382 4688 2324 4689 2381 4690 2381 4690 2324 4689 2323 4691 2381 4690 2323 4691 2380 4692 2380 4692 2323 4691 2322 4693 2380 4692 2322 4693 2379 4694 2379 4694 2322 4693 2321 4695 2379 4694 2321 4695 2378 4696 2378 4696 2321 4695 2320 4697 2378 4696 2320 4697 2377 4698 2377 4698 2320 4697 2319 4699 2377 4698 2319 4699 2376 4700 2376 4700 2319 4699 2318 4701 2376 4700 2318 4701 2375 4702 2375 4702 2318 4701 2317 4703 2375 4702 2317 4703 2374 4704 2374 4704 2317 4703 2316 4705 2374 4704 2316 4705 2373 4706 2373 4706 2316 4705 2315 4707 2373 4706 2315 4707 2372 4708 2372 4708 2315 4707 2314 4709 2372 4708 2314 4709 2371 4710 2371 4710 2314 4709 2313 4711 2371 4710 2313 4711 2370 4712 2370 4712 2313 4711 2312 4713 2370 4712 2312 4713 2369 4714 2369 4714 2312 4713 2311 4666 2369 4714 2311 4666 2368 4668 2368 4715 2391 4716 2369 4717 2369 4717 2391 4716 2370 4718 2370 4718 2391 4716 2390 4719 2370 4718 2390 4719 2371 4720 2371 4720 2390 4719 2389 4721 2371 4720 2389 4721 2372 4722 2372 4722 2389 4721 2388 4723 2372 4722 2388 4723 2373 4724 2373 4724 2388 4723 2387 4725 2373 4724 2387 4725 2374 4726 2374 4726 2387 4725 2386 4727 2374 4726 2386 4727 2375 4728 2375 4728 2386 4727 2385 4729 2375 4728 2385 4729 2376 4730 2376 4730 2385 4729 2384 4731 2376 4730 2384 4731 2377 4732 2377 4732 2384 4731 2383 4733 2377 4732 2383 4733 2378 4734 2378 4734 2383 4733 2382 4735 2378 4734 2382 4735 2379 4736 2379 4736 2382 4735 2381 4737 2379 4736 2381 4737 2380 4738 2393 4739 2462 4740 2392 4741 2392 4741 2462 4740 2456 4742 2392 4741 2456 4742 2616 4743 2616 4743 2456 4742 2457 4744 2616 4743 2457 4744 2617 4745 2617 4745 2457 4744 2458 4746 2617 4745 2458 4746 2618 4747 2618 4747 2458 4746 2459 4748 2618 4747 2459 4748 2619 4749 2619 4749 2459 4748 2460 4750 2619 4749 2460 4750 2620 4751 2620 4751 2460 4750 2432 4752 2620 4751 2432 4752 2433 4753 2462 4740 2393 4739 2467 4754 2467 4754 2393 4739 2394 4755 2467 4754 2394 4755 2472 4756 2472 4756 2394 4755 2395 4757 2472 4756 2395 4757 2477 4758 2477 4758 2395 4757 2396 4759 2477 4758 2396 4759 2482 4760 2482 4760 2396 4759 2397 4761 2482 4760 2397 4761 2487 4762 2487 4762 2397 4761 2398 4763 2487 4762 2398 4763 2492 4764 2492 4764 2398 4763 2399 4765 2492 4764 2399 4765 2497 4766 2497 4766 2399 4765 2400 4767 2497 4766 2400 4767 2502 4768 2502 4768 2400 4767 2401 4769 2502 4768 2401 4769 2507 4770 2507 4770 2401 4769 2402 4771 2507 4770 2402 4771 2512 4772 2512 4772 2402 4771 2403 4773 2512 4772 2403 4773 2517 4774 2517 4774 2403 4773 2404 4775 2517 4774 2404 4775 2522 4776 2522 4776 2404 4775 2405 4777 2522 4776 2405 4777 2527 4778 2527 4778 2405 4777 2406 4779 2527 4778 2406 4779 2532 4780 2532 4780 2406 4779 2407 4781 2532 4780 2407 4781 2461 4782 2461 4782 2407 4781 2408 4783 2461 4782 2408 4783 2550 4784 2550 4784 2408 4783 2541 4785 2550 4784 2541 4785 2542 4786 2542 4786 2541 4785 2552 4787 2542 4786 2552 4787 2553 4788 2553 4788 2552 4787 2558 4789 2553 4788 2558 4789 2559 4790 2559 4790 2558 4789 2564 4791 2559 4790 2564 4791 2565 4792 2565 4792 2564 4791 2570 4793 2565 4792 2570 4793 2443 4794 2443 4794 2570 4793 2442 4795 2442 4795 2570 4793 2575 4796 2442 4795 2575 4796 2441 4797 2441 4797 2575 4796 2580 4798 2441 4797 2580 4798 2440 4799 2440 4799 2580 4798 2585 4800 2440 4799 2585 4800 2439 4801 2439 4801 2585 4800 2590 4802 2439 4801 2590 4802 2438 4803 2438 4803 2590 4802 2595 4804 2438 4803 2595 4804 2437 4805 2437 4805 2595 4804 2600 4806 2437 4805 2600 4806 2436 4807 2436 4807 2600 4806 2605 4808 2436 4807 2605 4808 2435 4809 2435 4809 2605 4808 2610 4810 2435 4809 2610 4810 2434 4811 2434 4811 2610 4810 2615 4812 2434 4811 2615 4812 2433 4753 2433 4753 2615 4812 2620 4751 2408 4783 2409 4813 2541 4785 2541 4785 2409 4813 2551 4814 2541 4785 2551 4814 2552 4787 2552 4787 2551 4814 2557 4815 2552 4787 2557 4815 2558 4789 2558 4789 2557 4815 2563 4816 2558 4789 2563 4816 2564 4791 2564 4791 2563 4816 2569 4817 2564 4791 2569 4817 2570 4793 2570 4793 2569 4817 2575 4796 2409 4813 2410 4818 2551 4814 2551 4814 2410 4818 2556 4819 2551 4814 2556 4819 2557 4815 2557 4815 2556 4819 2562 4820 2557 4815 2562 4820 2563 4816 2563 4816 2562 4820 2568 4821 2563 4816 2568 4821 2569 4817 2569 4817 2568 4821 2574 4822 2569 4817 2574 4822 2575 4796 2575 4796 2574 4822 2580 4798 2410 4818 2411 4823 2556 4819 2556 4819 2411 4823 2561 4824 2556 4819 2561 4824 2562 4820 2562 4820 2561 4824 2567 4825 2562 4820 2567 4825 2568 4821 2568 4821 2567 4825 2573 4826 2568 4821 2573 4826 2574 4822 2574 4822 2573 4826 2579 4827 2574 4822 2579 4827 2580 4798 2580 4798 2579 4827 2585 4800 2411 4823 2412 4828 2561 4824 2561 4824 2412 4828 2566 4829 2561 4824 2566 4829 2567 4825 2567 4825 2566 4829 2572 4830 2567 4825 2572 4830 2573 4826 2573 4826 2572 4830 2578 4831 2573 4826 2578 4831 2579 4827 2579 4827 2578 4831 2584 4832 2579 4827 2584 4832 2585 4800 2585 4800 2584 4832 2590 4802 2412 4828 2413 4833 2566 4829 2566 4829 2413 4833 2571 4834 2566 4829 2571 4834 2572 4830 2572 4830 2571 4834 2577 4835 2572 4830 2577 4835 2578 4831 2578 4831 2577 4835 2583 4836 2578 4831 2583 4836 2584 4832 2584 4832 2583 4836 2589 4837 2584 4832 2589 4837 2590 4802 2590 4802 2589 4837 2595 4804 2413 4833 2414 4838 2571 4834 2571 4834 2414 4838 2576 4839 2571 4834 2576 4839 2577 4835 2577 4835 2576 4839 2582 4840 2577 4835 2582 4840 2583 4836 2583 4836 2582 4840 2588 4841 2583 4836 2588 4841 2589 4837 2589 4837 2588 4841 2594 4842 2589 4837 2594 4842 2595 4804 2595 4804 2594 4842 2600 4806 2414 4838 2415 4843 2576 4839 2576 4839 2415 4843 2581 4844 2576 4839 2581 4844 2582 4840 2582 4840 2581 4844 2587 4845 2582 4840 2587 4845 2588 4841 2588 4841 2587 4845 2593 4846 2588 4841 2593 4846 2594 4842 2594 4842 2593 4846 2599 4847 2594 4842 2599 4847 2600 4806 2600 4806 2599 4847 2605 4808 2415 4843 2416 4848 2581 4844 2581 4844 2416 4848 2586 4849 2581 4844 2586 4849 2587 4845 2587 4845 2586 4849 2592 4850 2587 4845 2592 4850 2593 4846 2593 4846 2592 4850 2598 4851 2593 4846 2598 4851 2599 4847 2599 4847 2598 4851 2604 4852 2599 4847 2604 4852 2605 4808 2605 4808 2604 4852 2610 4810 2416 4848 2417 4853 2586 4849 2586 4849 2417 4853 2591 4854 2586 4849 2591 4854 2592 4850 2592 4850 2591 4854 2597 4855 2592 4850 2597 4855 2598 4851 2598 4851 2597 4855 2603 4856 2598 4851 2603 4856 2604 4852 2604 4852 2603 4856 2609 4857 2604 4852 2609 4857 2610 4810 2610 4810 2609 4857 2615 4812 2417 4853 2418 4858 2591 4854 2591 4854 2418 4858 2596 4859 2591 4854 2596 4859 2597 4855 2597 4855 2596 4859 2602 4860 2597 4855 2602 4860 2603 4856 2603 4856 2602 4860 2608 4861 2603 4856 2608 4861 2609 4857 2609 4857 2608 4861 2614 4862 2609 4857 2614 4862 2615 4812 2615 4812 2614 4862 2620 4751 2418 4858 2419 4863 2596 4859 2596 4859 2419 4863 2601 4864 2596 4859 2601 4864 2602 4860 2602 4860 2601 4864 2607 4865 2602 4860 2607 4865 2608 4861 2608 4861 2607 4865 2613 4866 2608 4861 2613 4866 2614 4862 2614 4862 2613 4866 2619 4749 2614 4862 2619 4749 2620 4751 2419 4863 2420 4867 2601 4864 2601 4864 2420 4867 2606 4868 2601 4864 2606 4868 2607 4865 2607 4865 2606 4868 2612 4869 2607 4865 2612 4869 2613 4866 2613 4866 2612 4869 2618 4747 2613 4866 2618 4747 2619 4749 2420 4867 2421 4870 2606 4868 2606 4868 2421 4870 2611 4871 2606 4868 2611 4871 2612 4869 2612 4869 2611 4871 2617 4745 2612 4869 2617 4745 2618 4747 2421 4870 2422 4872 2611 4871 2611 4871 2422 4872 2616 4743 2611 4871 2616 4743 2617 4745 2422 4872 2392 4741 2616 4743 2424 4873 2501 4874 2423 4875 2423 4875 2501 4874 2506 4876 2423 4875 2506 4876 2455 4877 2455 4877 2506 4876 2511 4878 2455 4877 2511 4878 2454 4879 2454 4879 2511 4878 2516 4880 2454 4879 2516 4880 2453 4881 2453 4881 2516 4880 2521 4882 2453 4881 2521 4882 2452 4883 2452 4883 2521 4882 2526 4884 2452 4883 2526 4884 2451 4885 2451 4885 2526 4884 2531 4886 2451 4885 2531 4886 2450 4887 2450 4887 2531 4886 2536 4888 2450 4887 2536 4888 2449 4889 2449 4889 2536 4888 2540 4890 2449 4889 2540 4890 2448 4891 2448 4891 2540 4890 2546 4892 2448 4891 2546 4892 2447 4893 2447 4893 2546 4892 2545 4894 2447 4893 2545 4894 2446 4895 2446 4895 2545 4894 2555 4896 2446 4895 2555 4896 2445 4897 2445 4897 2555 4896 2560 4898 2445 4897 2560 4898 2444 4899 2444 4899 2560 4898 2565 4792 2444 4899 2565 4792 2443 4794 2501 4874 2424 4873 2496 4900 2496 4900 2424 4873 2425 4901 2496 4900 2425 4901 2491 4902 2491 4902 2425 4901 2426 4903 2491 4902 2426 4903 2486 4904 2486 4904 2426 4903 2427 4905 2486 4904 2427 4905 2481 4906 2481 4906 2427 4905 2428 4907 2481 4906 2428 4907 2476 4908 2476 4908 2428 4907 2429 4909 2476 4908 2429 4909 2471 4910 2471 4910 2429 4909 2430 4911 2471 4910 2430 4911 2466 4912 2466 4912 2430 4911 2431 4913 2466 4912 2431 4913 2460 4750 2460 4750 2431 4913 2432 4752 2457 4744 2456 4742 2463 4914 2463 4914 2456 4742 2462 4740 2463 4914 2462 4740 2468 4915 2468 4915 2462 4740 2467 4754 2468 4915 2467 4754 2473 4916 2473 4916 2467 4754 2472 4756 2473 4916 2472 4756 2478 4917 2478 4917 2472 4756 2477 4758 2478 4917 2477 4758 2483 4918 2483 4918 2477 4758 2482 4760 2483 4918 2482 4760 2488 4919 2488 4919 2482 4760 2487 4762 2488 4919 2487 4762 2493 4920 2493 4920 2487 4762 2492 4764 2493 4920 2492 4764 2498 4921 2498 4921 2492 4764 2497 4766 2498 4921 2497 4766 2503 4922 2503 4922 2497 4766 2502 4768 2503 4922 2502 4768 2508 4923 2508 4923 2502 4768 2507 4770 2508 4923 2507 4770 2513 4924 2513 4924 2507 4770 2512 4772 2513 4924 2512 4772 2518 4925 2518 4925 2512 4772 2517 4774 2518 4925 2517 4774 2523 4926 2523 4926 2517 4774 2522 4776 2523 4926 2522 4776 2528 4927 2528 4927 2522 4776 2527 4778 2528 4927 2527 4778 2533 4928 2533 4928 2527 4778 2532 4780 2533 4928 2532 4780 2537 4929 2537 4929 2532 4780 2461 4782 2537 4929 2461 4782 2549 4930 2549 4930 2461 4782 2550 4784 2549 4930 2550 4784 2542 4786 2458 4746 2457 4744 2464 4931 2464 4931 2457 4744 2463 4914 2464 4931 2463 4914 2469 4932 2469 4932 2463 4914 2468 4915 2469 4932 2468 4915 2474 4933 2474 4933 2468 4915 2473 4916 2474 4933 2473 4916 2479 4934 2479 4934 2473 4916 2478 4917 2479 4934 2478 4917 2484 4935 2484 4935 2478 4917 2483 4918 2484 4935 2483 4918 2489 4936 2489 4936 2483 4918 2488 4919 2489 4936 2488 4919 2494 4937 2494 4937 2488 4919 2493 4920 2494 4937 2493 4920 2499 4938 2499 4938 2493 4920 2498 4921 2499 4938 2498 4921 2504 4939 2504 4939 2498 4921 2503 4922 2504 4939 2503 4922 2509 4940 2509 4940 2503 4922 2508 4923 2509 4940 2508 4923 2514 4941 2514 4941 2508 4923 2513 4924 2514 4941 2513 4924 2519 4942 2519 4942 2513 4924 2518 4925 2519 4942 2518 4925 2524 4943 2524 4943 2518 4925 2523 4926 2524 4943 2523 4926 2529 4944 2529 4944 2523 4926 2528 4927 2529 4944 2528 4927 2534 4945 2534 4945 2528 4927 2533 4928 2534 4945 2533 4928 2538 4946 2538 4946 2533 4928 2537 4929 2538 4946 2537 4929 2548 4947 2548 4947 2537 4929 2549 4930 2548 4947 2549 4930 2543 4948 2543 4948 2549 4930 2542 4786 2543 4948 2542 4786 2553 4788 2466 4912 2460 4750 2459 4748 2459 4748 2458 4746 2465 4949 2465 4949 2458 4746 2464 4931 2465 4949 2464 4931 2470 4950 2470 4950 2464 4931 2469 4932 2470 4950 2469 4932 2475 4951 2475 4951 2469 4932 2474 4933 2475 4951 2474 4933 2480 4952 2480 4952 2474 4933 2479 4934 2480 4952 2479 4934 2485 4953 2485 4953 2479 4934 2484 4935 2485 4953 2484 4935 2490 4954 2490 4954 2484 4935 2489 4936 2490 4954 2489 4936 2495 4955 2495 4955 2489 4936 2494 4937 2495 4955 2494 4937 2500 4956 2500 4956 2494 4937 2499 4938 2500 4956 2499 4938 2505 4957 2505 4957 2499 4938 2504 4939 2505 4957 2504 4939 2510 4958 2510 4958 2504 4939 2509 4940 2510 4958 2509 4940 2515 4959 2515 4959 2509 4940 2514 4941 2515 4959 2514 4941 2520 4960 2520 4960 2514 4941 2519 4942 2520 4960 2519 4942 2525 4961 2525 4961 2519 4942 2524 4943 2525 4961 2524 4943 2530 4962 2530 4962 2524 4943 2529 4944 2530 4962 2529 4944 2535 4963 2535 4963 2529 4944 2534 4945 2535 4963 2534 4945 2539 4964 2539 4964 2534 4945 2538 4946 2539 4964 2538 4946 2547 4965 2547 4965 2538 4946 2548 4947 2547 4965 2548 4947 2544 4966 2544 4966 2548 4947 2543 4948 2544 4966 2543 4948 2554 4967 2554 4967 2543 4948 2553 4788 2554 4967 2553 4788 2559 4790 2471 4910 2466 4912 2465 4949 2465 4949 2466 4912 2459 4748 2471 4910 2465 4949 2470 4950 2476 4908 2471 4910 2470 4950 2476 4908 2470 4950 2475 4951 2481 4906 2476 4908 2475 4951 2481 4906 2475 4951 2480 4952 2486 4904 2481 4906 2480 4952 2486 4904 2480 4952 2485 4953 2491 4902 2486 4904 2485 4953 2491 4902 2485 4953 2490 4954 2496 4900 2491 4902 2490 4954 2496 4900 2490 4954 2495 4955 2501 4874 2496 4900 2495 4955 2501 4874 2495 4955 2500 4956 2506 4876 2501 4874 2500 4956 2506 4876 2500 4956 2505 4957 2511 4878 2506 4876 2505 4957 2511 4878 2505 4957 2510 4958 2516 4880 2511 4878 2510 4958 2516 4880 2510 4958 2515 4959 2521 4882 2516 4880 2515 4959 2521 4882 2515 4959 2520 4960 2526 4884 2521 4882 2520 4960 2526 4884 2520 4960 2525 4961 2531 4886 2526 4884 2525 4961 2531 4886 2525 4961 2530 4962 2536 4888 2531 4886 2530 4962 2536 4888 2530 4962 2535 4963 2540 4890 2536 4888 2535 4963 2540 4890 2535 4963 2539 4964 2546 4892 2540 4890 2539 4964 2546 4892 2539 4964 2547 4965 2546 4892 2547 4965 2545 4894 2545 4894 2547 4965 2544 4966 2545 4894 2544 4966 2555 4896 2555 4896 2544 4966 2554 4967 2555 4896 2554 4967 2560 4898 2560 4898 2554 4967 2559 4790 2560 4898 2559 4790 2565 4792 2393 4739 2392 4741 2623 4968 2623 4968 2392 4741 2422 4872 2623 4968 2422 4872 2421 4870 2421 4870 2420 4867 2623 4968 2623 4968 2420 4867 2622 4969 2622 4969 2420 4867 2419 4863 2622 4969 2419 4863 2418 4858 2418 4858 2417 4853 2622 4969 2622 4969 2417 4853 2416 4848 2622 4969 2416 4848 2415 4843 2622 4969 2415 4843 2621 4970 2621 4970 2415 4843 2414 4838 2621 4970 2414 4838 2413 4833 2413 4833 2412 4828 2621 4970 2621 4970 2412 4828 2411 4823 2621 4970 2411 4823 2410 4818 2621 4970 2410 4818 2626 4971 2626 4971 2410 4818 2409 4813 2626 4971 2409 4813 2408 4783 2408 4783 2407 4781 2626 4971 2626 4971 2407 4781 2406 4779 2626 4971 2406 4779 2405 4777 2626 4971 2405 4777 2625 4972 2625 4972 2405 4777 2404 4775 2625 4972 2404 4775 2403 4773 2403 4773 2402 4771 2625 4972 2625 4972 2402 4771 2401 4769 2625 4972 2401 4769 2400 4767 2625 4972 2400 4767 2624 4973 2624 4973 2400 4767 2399 4765 2624 4973 2399 4765 2398 4763 2398 4763 2397 4761 2624 4973 2624 4973 2397 4761 2396 4759 2624 4973 2396 4759 2395 4757 2624 4973 2395 4757 2623 4968 2623 4968 2395 4757 2394 4755 2623 4968 2394 4755 2393 4739 2455 4877 2336 4974 2423 4875 2423 4875 2336 4974 2335 4975 2423 4875 2335 4975 2424 4873 2424 4873 2335 4975 2367 4976 2424 4873 2367 4976 2425 4901 2425 4901 2367 4976 2366 4977 2425 4901 2366 4977 2426 4903 2426 4903 2366 4977 2365 4978 2426 4903 2365 4978 2427 4905 2427 4905 2365 4978 2364 4979 2427 4905 2364 4979 2428 4907 2428 4907 2364 4979 2363 4980 2428 4907 2363 4980 2429 4909 2429 4909 2363 4980 2362 4981 2429 4909 2362 4981 2430 4911 2430 4911 2362 4981 2361 4982 2430 4911 2361 4982 2431 4913 2431 4913 2361 4982 2360 4983 2431 4913 2360 4983 2432 4752 2432 4752 2360 4983 2359 4984 2432 4752 2359 4984 2433 4753 2433 4753 2359 4984 2358 4985 2433 4753 2358 4985 2434 4811 2434 4811 2358 4985 2357 4986 2434 4811 2357 4986 2435 4809 2435 4809 2357 4986 2356 4987 2435 4809 2356 4987 2436 4807 2436 4807 2356 4987 2355 4988 2436 4807 2355 4988 2437 4805 2437 4805 2355 4988 2354 4989 2437 4805 2354 4989 2438 4803 2438 4803 2354 4989 2353 4990 2438 4803 2353 4990 2439 4801 2439 4801 2353 4990 2352 4991 2439 4801 2352 4991 2440 4799 2440 4799 2352 4991 2351 4992 2440 4799 2351 4992 2441 4797 2441 4797 2351 4992 2350 4993 2441 4797 2350 4993 2442 4795 2442 4795 2350 4993 2349 4994 2442 4795 2349 4994 2443 4794 2443 4794 2349 4994 2348 4995 2443 4794 2348 4995 2444 4899 2444 4899 2348 4995 2347 4996 2444 4899 2347 4996 2445 4897 2445 4897 2347 4996 2346 4997 2445 4897 2346 4997 2446 4895 2446 4895 2346 4997 2345 4998 2446 4895 2345 4998 2447 4893 2447 4893 2345 4998 2344 4999 2447 4893 2344 4999 2448 4891 2448 4891 2344 4999 2343 5000 2448 4891 2343 5000 2449 4889 2449 4889 2343 5000 2342 5001 2449 4889 2342 5001 2450 4887 2450 4887 2342 5001 2341 5002 2450 4887 2341 5002 2451 4885 2451 4885 2341 5002 2340 5003 2451 4885 2340 5003 2452 4883 2452 4883 2340 5003 2339 5004 2452 4883 2339 5004 2453 4881 2453 4881 2339 5004 2338 5005 2453 4881 2338 5005 2454 4879 2454 4879 2338 5005 2337 5006 2454 4879 2337 5006 2455 4877 2455 4877 2337 5006 2336 4974 2627 5007 2628 5008 2625 5009 2625 5009 2628 5008 2629 5010 2625 5009 2629 5010 2626 5011 2626 5011 2629 5010 2630 5012 2626 5011 2630 5012 2631 5013 2631 5014 2632 5015 2626 5016 2626 5016 2632 5015 2633 5017 2626 5016 2633 5017 2621 5018 2621 5018 2633 5017 2634 5019 2621 5018 2634 5019 2635 5020 2635 5021 2636 5022 2621 5023 2621 5023 2636 5022 2637 5024 2621 5023 2637 5024 2622 5025 2622 5025 2637 5024 2638 5026 2622 5025 2638 5026 2639 5027 2639 5028 2640 5029 2622 5030 2622 5030 2640 5029 2641 5031 2622 5030 2641 5031 2623 5032 2623 5032 2641 5031 2642 5033 2623 5032 2642 5033 2643 5034 2644 5035 2645 5036 2624 5037 2624 5037 2645 5036 2646 5038 2624 5037 2646 5038 2625 5039 2625 5039 2646 5038 2647 5040 2625 5039 2647 5040 2627 5041 2643 5042 2648 5043 2623 5044 2623 5044 2648 5043 2649 5045 2623 5044 2649 5045 2624 5046 2624 5046 2649 5045 2650 5047 2624 5046 2650 5047 2644 5048 2628 5049 2627 5050 2651 5051 2651 5051 2627 5050 2647 5052 2647 5052 2646 5053 2651 5054 2644 5055 2651 5056 2645 5057 2644 5055 2650 5058 2651 5056 2650 5058 2649 5059 2651 5060 2643 5061 2651 5062 2648 5063 2643 5061 2642 5064 2651 5062 2642 5064 2641 5065 2651 5066 2639 5067 2651 5068 2640 5069 2639 5067 2638 5070 2651 5068 2638 5070 2637 5071 2651 5072 2635 5073 2651 5074 2636 5075 2635 5073 2634 5076 2651 5074 2634 5076 2633 5077 2651 5078 2631 5079 2651 5080 2632 5081 2631 5079 2630 5082 2651 5080 2630 5082 2629 5083 2651 5084 2645 5057 2651 5085 2646 5053 2628 5049 2651 5086 2629 5083 2632 5081 2651 5087 2633 5077 2636 5075 2651 5088 2637 5071 2640 5069 2651 5089 2641 5065 2648 5063 2651 5090 2649 5059 2653 5091 2709 5092 2652 5093 2652 5093 2709 5092 2718 5094 2652 5093 2718 5094 2676 5095 2676 5095 2718 5094 2828 5096 2676 5095 2828 5096 2675 5097 2675 5097 2828 5096 2823 5098 2675 5097 2823 5098 2674 5099 2674 5099 2823 5098 2818 5100 2674 5099 2818 5100 2673 5101 2673 5101 2818 5100 2813 5102 2673 5101 2813 5102 2672 5103 2672 5103 2813 5102 2808 5104 2672 5103 2808 5104 2671 5105 2671 5105 2808 5104 2803 5106 2671 5105 2803 5106 2670 5107 2670 5107 2803 5106 2798 5108 2670 5107 2798 5108 2669 5109 2669 5109 2798 5108 2793 5110 2669 5109 2793 5110 2668 5111 2668 5111 2793 5110 2788 5112 2668 5111 2788 5112 2667 5113 2667 5113 2788 5112 2783 5114 2667 5113 2783 5114 2666 5115 2666 5115 2783 5114 2773 5116 2666 5115 2773 5116 2665 5117 2665 5117 2773 5116 2782 5118 2665 5117 2782 5118 2708 5119 2708 5119 2782 5118 2781 5120 2708 5119 2781 5120 2769 5121 2769 5121 2781 5120 2780 5122 2769 5121 2780 5122 2770 5123 2770 5123 2780 5122 2779 5124 2770 5123 2779 5124 2771 5125 2771 5125 2779 5124 2778 5126 2771 5125 2778 5126 2772 5127 2772 5127 2778 5126 2696 5128 2772 5127 2696 5128 2697 5129 2709 5092 2653 5091 2719 5130 2719 5130 2653 5091 2654 5131 2719 5130 2654 5131 2724 5132 2724 5132 2654 5131 2655 5133 2724 5132 2655 5133 2729 5134 2729 5134 2655 5133 2656 5135 2729 5134 2656 5135 2734 5136 2734 5136 2656 5135 2657 5137 2734 5136 2657 5137 2739 5138 2739 5138 2657 5137 2658 5139 2739 5138 2658 5139 2703 5140 2703 5140 2658 5139 2659 5141 2703 5140 2659 5141 2744 5142 2744 5142 2659 5141 2660 5143 2744 5142 2660 5143 2749 5144 2749 5144 2660 5143 2661 5145 2749 5144 2661 5145 2754 5146 2754 5146 2661 5145 2662 5147 2754 5146 2662 5147 2759 5148 2759 5148 2662 5147 2663 5149 2759 5148 2663 5149 2764 5150 2764 5150 2663 5149 2664 5151 2764 5150 2664 5151 2708 5119 2708 5119 2664 5151 2665 5117 2678 5152 2743 5153 2677 5154 2677 5154 2743 5153 2707 5155 2677 5154 2707 5155 2702 5156 2702 5156 2707 5155 2748 5157 2702 5156 2748 5157 2701 5158 2701 5158 2748 5157 2753 5159 2701 5158 2753 5159 2700 5160 2700 5160 2753 5159 2758 5161 2700 5160 2758 5161 2699 5162 2699 5162 2758 5161 2763 5163 2699 5162 2763 5163 2698 5164 2698 5164 2763 5163 2768 5165 2698 5164 2768 5165 2697 5129 2697 5129 2768 5165 2772 5127 2743 5153 2678 5152 2738 5166 2738 5166 2678 5152 2679 5167 2738 5166 2679 5167 2733 5168 2733 5168 2679 5167 2680 5169 2733 5168 2680 5169 2728 5170 2728 5170 2680 5169 2681 5171 2728 5170 2681 5171 2723 5172 2723 5172 2681 5171 2682 5173 2723 5172 2682 5173 2713 5174 2713 5174 2682 5173 2683 5175 2713 5174 2683 5175 2714 5176 2714 5176 2683 5175 2684 5177 2714 5176 2684 5177 2832 5178 2832 5178 2684 5177 2685 5179 2832 5178 2685 5179 2827 5180 2827 5180 2685 5179 2686 5181 2827 5180 2686 5181 2822 5182 2822 5182 2686 5181 2687 5183 2822 5182 2687 5183 2817 5184 2817 5184 2687 5183 2688 5185 2817 5184 2688 5185 2812 5186 2812 5186 2688 5185 2689 5187 2812 5186 2689 5187 2807 5188 2807 5188 2689 5187 2690 5189 2807 5188 2690 5189 2802 5190 2802 5190 2690 5189 2691 5191 2802 5190 2691 5191 2797 5192 2797 5192 2691 5191 2692 5193 2797 5192 2692 5193 2792 5194 2792 5194 2692 5193 2693 5195 2792 5194 2693 5195 2787 5196 2787 5196 2693 5195 2694 5197 2787 5196 2694 5197 2777 5198 2777 5198 2694 5197 2695 5199 2777 5198 2695 5199 2778 5126 2778 5126 2695 5199 2696 5128 2703 5140 2704 5200 2739 5138 2739 5138 2704 5200 2740 5201 2739 5138 2740 5201 2734 5136 2734 5136 2740 5201 2735 5202 2734 5136 2735 5202 2729 5134 2729 5134 2735 5202 2730 5203 2729 5134 2730 5203 2724 5132 2724 5132 2730 5203 2725 5204 2724 5132 2725 5204 2719 5130 2719 5130 2725 5204 2720 5205 2719 5130 2720 5205 2709 5092 2709 5092 2720 5205 2710 5206 2709 5092 2710 5206 2718 5094 2718 5094 2710 5206 2717 5207 2718 5094 2717 5207 2828 5096 2828 5096 2717 5207 2829 5208 2828 5096 2829 5208 2823 5098 2823 5098 2829 5208 2824 5209 2823 5098 2824 5209 2818 5100 2818 5100 2824 5209 2819 5210 2818 5100 2819 5210 2813 5102 2813 5102 2819 5210 2814 5211 2813 5102 2814 5211 2808 5104 2808 5104 2814 5211 2809 5212 2808 5104 2809 5212 2803 5106 2803 5106 2809 5212 2804 5213 2803 5106 2804 5213 2798 5108 2798 5108 2804 5213 2799 5214 2798 5108 2799 5214 2793 5110 2793 5110 2799 5214 2794 5215 2793 5110 2794 5215 2788 5112 2788 5112 2794 5215 2789 5216 2788 5112 2789 5216 2783 5114 2783 5114 2789 5216 2784 5217 2783 5114 2784 5217 2773 5116 2773 5116 2784 5217 2774 5218 2773 5116 2774 5218 2782 5118 2782 5118 2774 5218 2781 5120 2704 5200 2705 5219 2740 5201 2740 5201 2705 5219 2741 5220 2740 5201 2741 5220 2735 5202 2735 5202 2741 5220 2736 5221 2735 5202 2736 5221 2730 5203 2730 5203 2736 5221 2731 5222 2730 5203 2731 5222 2725 5204 2725 5204 2731 5222 2726 5223 2725 5204 2726 5223 2720 5205 2720 5205 2726 5223 2721 5224 2720 5205 2721 5224 2710 5206 2710 5206 2721 5224 2711 5225 2710 5206 2711 5225 2717 5207 2717 5207 2711 5225 2716 5226 2717 5207 2716 5226 2829 5208 2829 5208 2716 5226 2830 5227 2829 5208 2830 5227 2824 5209 2824 5209 2830 5227 2825 5228 2824 5209 2825 5228 2819 5210 2819 5210 2825 5228 2820 5229 2819 5210 2820 5229 2814 5211 2814 5211 2820 5229 2815 5230 2814 5211 2815 5230 2809 5212 2809 5212 2815 5230 2810 5231 2809 5212 2810 5231 2804 5213 2804 5213 2810 5231 2805 5232 2804 5213 2805 5232 2799 5214 2799 5214 2805 5232 2800 5233 2799 5214 2800 5233 2794 5215 2794 5215 2800 5233 2795 5234 2794 5215 2795 5234 2789 5216 2789 5216 2795 5234 2790 5235 2789 5216 2790 5235 2784 5217 2784 5217 2790 5235 2785 5236 2784 5217 2785 5236 2774 5218 2774 5218 2785 5236 2775 5237 2774 5218 2775 5237 2781 5120 2781 5120 2775 5237 2780 5122 2704 5200 2703 5140 2745 5238 2745 5238 2703 5140 2744 5142 2745 5238 2744 5142 2750 5239 2750 5239 2744 5142 2749 5144 2750 5239 2749 5144 2755 5240 2755 5240 2749 5144 2754 5146 2755 5240 2754 5146 2760 5241 2760 5241 2754 5146 2759 5148 2760 5241 2759 5148 2765 5242 2765 5242 2759 5148 2764 5150 2765 5242 2764 5150 2769 5121 2769 5121 2764 5150 2708 5119 2705 5219 2706 5243 2741 5220 2741 5220 2706 5243 2742 5244 2741 5220 2742 5244 2736 5221 2736 5221 2742 5244 2737 5245 2736 5221 2737 5245 2731 5222 2731 5222 2737 5245 2732 5246 2731 5222 2732 5246 2726 5223 2726 5223 2732 5246 2727 5247 2726 5223 2727 5247 2721 5224 2721 5224 2727 5247 2722 5248 2721 5224 2722 5248 2711 5225 2711 5225 2722 5248 2712 5249 2711 5225 2712 5249 2716 5226 2716 5226 2712 5249 2715 5250 2716 5226 2715 5250 2830 5227 2830 5227 2715 5250 2831 5251 2830 5227 2831 5251 2825 5228 2825 5228 2831 5251 2826 5252 2825 5228 2826 5252 2820 5229 2820 5229 2826 5252 2821 5253 2820 5229 2821 5253 2815 5230 2815 5230 2821 5253 2816 5254 2815 5230 2816 5254 2810 5231 2810 5231 2816 5254 2811 5255 2810 5231 2811 5255 2805 5232 2805 5232 2811 5255 2806 5256 2805 5232 2806 5256 2800 5233 2800 5233 2806 5256 2801 5257 2800 5233 2801 5257 2795 5234 2795 5234 2801 5257 2796 5258 2795 5234 2796 5258 2790 5235 2790 5235 2796 5258 2791 5259 2790 5235 2791 5259 2785 5236 2785 5236 2791 5259 2786 5260 2785 5236 2786 5260 2775 5237 2775 5237 2786 5260 2776 5261 2775 5237 2776 5261 2780 5122 2780 5122 2776 5261 2779 5124 2705 5219 2704 5200 2746 5262 2746 5262 2704 5200 2745 5238 2746 5262 2745 5238 2751 5263 2751 5263 2745 5238 2750 5239 2751 5263 2750 5239 2756 5264 2756 5264 2750 5239 2755 5240 2756 5264 2755 5240 2761 5265 2761 5265 2755 5240 2760 5241 2761 5265 2760 5241 2766 5266 2766 5266 2760 5241 2765 5242 2766 5266 2765 5242 2770 5123 2770 5123 2765 5242 2769 5121 2706 5243 2707 5155 2742 5244 2742 5244 2707 5155 2743 5153 2742 5244 2743 5153 2737 5245 2737 5245 2743 5153 2738 5166 2737 5245 2738 5166 2732 5246 2732 5246 2738 5166 2733 5168 2732 5246 2733 5168 2727 5247 2727 5247 2733 5168 2728 5170 2727 5247 2728 5170 2722 5248 2722 5248 2728 5170 2723 5172 2722 5248 2723 5172 2712 5249 2712 5249 2723 5172 2713 5174 2712 5249 2713 5174 2715 5250 2715 5250 2713 5174 2714 5176 2715 5250 2714 5176 2831 5251 2831 5251 2714 5176 2832 5178 2831 5251 2832 5178 2826 5252 2826 5252 2832 5178 2827 5180 2826 5252 2827 5180 2821 5253 2821 5253 2827 5180 2822 5182 2821 5253 2822 5182 2816 5254 2816 5254 2822 5182 2817 5184 2816 5254 2817 5184 2811 5255 2811 5255 2817 5184 2812 5186 2811 5255 2812 5186 2806 5256 2806 5256 2812 5186 2807 5188 2806 5256 2807 5188 2801 5257 2801 5257 2807 5188 2802 5190 2801 5257 2802 5190 2796 5258 2796 5258 2802 5190 2797 5192 2796 5258 2797 5192 2791 5259 2791 5259 2797 5192 2792 5194 2791 5259 2792 5194 2786 5260 2786 5260 2792 5194 2787 5196 2786 5260 2787 5196 2776 5261 2776 5261 2787 5196 2777 5198 2776 5261 2777 5198 2779 5124 2779 5124 2777 5198 2778 5126 2706 5243 2705 5219 2747 5267 2747 5267 2705 5219 2746 5262 2747 5267 2746 5262 2752 5268 2752 5268 2746 5262 2751 5263 2752 5268 2751 5263 2757 5269 2757 5269 2751 5263 2756 5264 2757 5269 2756 5264 2762 5270 2762 5270 2756 5264 2761 5265 2762 5270 2761 5265 2767 5271 2767 5271 2761 5265 2766 5266 2767 5271 2766 5266 2771 5125 2771 5125 2766 5266 2770 5123 2707 5155 2706 5243 2748 5157 2748 5157 2706 5243 2747 5267 2748 5157 2747 5267 2753 5159 2753 5159 2747 5267 2752 5268 2753 5159 2752 5268 2758 5161 2758 5161 2752 5268 2757 5269 2758 5161 2757 5269 2763 5163 2763 5163 2757 5269 2762 5270 2763 5163 2762 5270 2768 5165 2768 5165 2762 5270 2767 5271 2768 5165 2767 5271 2772 5127 2772 5127 2767 5271 2771 5125 2676 5095 2845 5272 2652 5093 2652 5093 2845 5272 2846 5273 2652 5093 2846 5273 2653 5091 2653 5091 2846 5273 2847 5274 2653 5091 2847 5274 2654 5131 2654 5131 2847 5274 2848 5275 2654 5131 2848 5275 2655 5133 2655 5133 2848 5275 2849 5276 2655 5133 2849 5276 2656 5135 2656 5135 2849 5276 2850 5277 2656 5135 2850 5277 2657 5137 2657 5137 2850 5277 2851 5278 2657 5137 2851 5278 2658 5139 2658 5139 2851 5278 2852 5279 2658 5139 2852 5279 2659 5141 2659 5141 2852 5279 2853 5280 2659 5141 2853 5280 2660 5143 2660 5143 2853 5280 2854 5281 2660 5143 2854 5281 2661 5145 2661 5145 2854 5281 2855 5282 2661 5145 2855 5282 2662 5147 2662 5147 2855 5282 2856 5283 2662 5147 2856 5283 2663 5149 2663 5149 2856 5283 2857 5284 2663 5149 2857 5284 2664 5151 2664 5151 2857 5284 2833 5285 2664 5151 2833 5285 2665 5117 2665 5117 2833 5285 2834 5286 2665 5117 2834 5286 2666 5115 2666 5115 2834 5286 2835 5287 2666 5115 2835 5287 2667 5113 2667 5113 2835 5287 2836 5288 2667 5113 2836 5288 2668 5111 2668 5111 2836 5288 2837 5289 2668 5111 2837 5289 2669 5109 2669 5109 2837 5289 2838 5290 2669 5109 2838 5290 2670 5107 2670 5107 2838 5290 2839 5291 2670 5107 2839 5291 2671 5105 2671 5105 2839 5291 2840 5292 2671 5105 2840 5292 2672 5103 2672 5103 2840 5292 2841 5293 2672 5103 2841 5293 2673 5101 2673 5101 2841 5293 2842 5294 2673 5101 2842 5294 2674 5099 2674 5099 2842 5294 2843 5295 2674 5099 2843 5295 2675 5097 2675 5097 2843 5295 2844 5296 2675 5097 2844 5296 2676 5095 2676 5095 2844 5296 2845 5272 2859 5297 2684 5177 2858 5298 2858 5298 2684 5177 2683 5175 2858 5298 2683 5175 2890 5299 2890 5299 2683 5175 2682 5173 2890 5299 2682 5173 2889 5300 2889 5300 2682 5173 2888 5301 2888 5301 2682 5173 2681 5171 2888 5301 2681 5171 2887 5302 2887 5302 2681 5171 2680 5169 2887 5302 2680 5169 2886 5303 2886 5303 2680 5169 2679 5167 2886 5303 2679 5167 2885 5304 2885 5304 2679 5167 2678 5152 2885 5304 2678 5152 2884 5305 2884 5305 2678 5152 2883 5306 2883 5306 2678 5152 2677 5154 2883 5306 2677 5154 2882 5307 2882 5307 2677 5154 2702 5156 2882 5307 2702 5156 2881 5308 2881 5308 2702 5156 2701 5158 2881 5308 2701 5158 2880 5309 2880 5309 2701 5158 2700 5160 2880 5309 2700 5160 2879 5310 2879 5310 2700 5160 2878 5311 2878 5311 2700 5160 2699 5162 2878 5311 2699 5162 2877 5312 2877 5312 2699 5162 2698 5164 2877 5312 2698 5164 2876 5313 2876 5313 2698 5164 2697 5129 2876 5313 2697 5129 2875 5314 2875 5314 2697 5129 2696 5128 2875 5314 2696 5128 2874 5315 2874 5315 2696 5128 2873 5316 2873 5316 2696 5128 2695 5199 2873 5316 2695 5199 2872 5317 2872 5317 2695 5199 2694 5197 2872 5317 2694 5197 2871 5318 2871 5318 2694 5197 2693 5195 2871 5318 2693 5195 2870 5319 2870 5319 2693 5195 2869 5320 2869 5320 2693 5195 2692 5193 2869 5320 2692 5193 2868 5321 2868 5321 2692 5193 2691 5191 2868 5321 2691 5191 2867 5322 2867 5322 2691 5191 2690 5189 2867 5322 2690 5189 2866 5323 2866 5323 2690 5189 2689 5187 2866 5323 2689 5187 2865 5324 2865 5324 2689 5187 2864 5325 2864 5325 2689 5187 2688 5185 2864 5325 2688 5185 2863 5326 2863 5326 2688 5185 2687 5183 2863 5326 2687 5183 2862 5327 2862 5327 2687 5183 2686 5181 2862 5327 2686 5181 2861 5328 2861 5328 2686 5181 2685 5179 2861 5328 2685 5179 2860 5329 2860 5329 2685 5179 2859 5297 2859 5297 2685 5179 2684 5177 2834 5330 2833 5331 2891 5332 2891 5332 2833 5331 2857 5333 2891 5332 2857 5333 2914 5334 2914 5334 2857 5333 2856 5335 2914 5334 2856 5335 2913 5336 2913 5336 2856 5335 2855 5337 2913 5336 2855 5337 2912 5338 2912 5338 2855 5337 2854 5339 2912 5338 2854 5339 2911 5340 2911 5340 2854 5339 2853 5341 2911 5340 2853 5341 2910 5342 2910 5342 2853 5341 2852 5343 2910 5342 2852 5343 2909 5344 2909 5344 2852 5343 2851 5345 2909 5344 2851 5345 2908 5346 2908 5346 2851 5345 2850 5347 2908 5346 2850 5347 2907 5348 2907 5348 2850 5347 2849 5349 2907 5348 2849 5349 2906 5350 2906 5350 2849 5349 2848 5351 2906 5350 2848 5351 2905 5352 2905 5352 2848 5351 2847 5353 2905 5352 2847 5353 2904 5354 2904 5354 2847 5353 2846 5355 2904 5354 2846 5355 2903 5356 2903 5356 2846 5355 2845 5357 2903 5356 2845 5357 2902 5358 2902 5358 2845 5357 2844 5359 2902 5358 2844 5359 2901 5360 2901 5360 2844 5359 2843 5361 2901 5360 2843 5361 2900 5362 2900 5362 2843 5361 2842 5363 2900 5362 2842 5363 2899 5364 2899 5364 2842 5363 2841 5365 2899 5364 2841 5365 2898 5366 2898 5366 2841 5365 2840 5367 2898 5366 2840 5367 2897 5368 2897 5368 2840 5367 2839 5369 2897 5368 2839 5369 2896 5370 2896 5370 2839 5369 2838 5371 2896 5370 2838 5371 2895 5372 2895 5372 2838 5371 2837 5373 2895 5372 2837 5373 2894 5374 2894 5374 2837 5373 2836 5375 2894 5374 2836 5375 2893 5376 2893 5376 2836 5375 2835 5377 2893 5376 2835 5377 2892 5378 2892 5378 2835 5377 2834 5330 2892 5378 2834 5330 2891 5332 2891 5379 2914 5380 2892 5381 2892 5381 2914 5380 2893 5382 2893 5382 2914 5380 2913 5383 2893 5382 2913 5383 2894 5384 2894 5384 2913 5383 2912 5385 2894 5384 2912 5385 2895 5386 2895 5386 2912 5385 2911 5387 2895 5386 2911 5387 2896 5388 2896 5388 2911 5387 2910 5389 2896 5388 2910 5389 2897 5390 2897 5390 2910 5389 2909 5391 2897 5390 2909 5391 2898 5392 2898 5392 2909 5391 2908 5393 2898 5392 2908 5393 2899 5394 2899 5394 2908 5393 2907 5395 2899 5394 2907 5395 2900 5396 2900 5396 2907 5395 2906 5397 2900 5396 2906 5397 2901 5398 2901 5398 2906 5397 2905 5399 2901 5398 2905 5399 2902 5400 2902 5400 2905 5399 2904 5401 2902 5400 2904 5401 2903 5402 2916 5403 2985 5404 2915 5405 2915 5405 2985 5404 2979 5406 2915 5405 2979 5406 3139 5407 3139 5407 2979 5406 2980 5408 3139 5407 2980 5408 3140 5409 3140 5409 2980 5408 2981 5410 3140 5409 2981 5410 3141 5411 3141 5411 2981 5410 2982 5412 3141 5411 2982 5412 3142 5413 3142 5413 2982 5412 2983 5414 3142 5413 2983 5414 3143 5415 3143 5415 2983 5414 2955 5416 3143 5415 2955 5416 2956 5417 2985 5404 2916 5403 2990 5418 2990 5418 2916 5403 2917 5419 2990 5418 2917 5419 2995 5420 2995 5420 2917 5419 2918 5421 2995 5420 2918 5421 3000 5422 3000 5422 2918 5421 2919 5423 3000 5422 2919 5423 3005 5424 3005 5424 2919 5423 2920 5425 3005 5424 2920 5425 3010 5426 3010 5426 2920 5425 2921 5427 3010 5426 2921 5427 3015 5428 3015 5428 2921 5427 2922 5429 3015 5428 2922 5429 3020 5430 3020 5430 2922 5429 2923 5431 3020 5430 2923 5431 3025 5432 3025 5432 2923 5431 2924 5433 3025 5432 2924 5433 3030 5434 3030 5434 2924 5433 2925 5435 3030 5434 2925 5435 3035 5436 3035 5436 2925 5435 2926 5437 3035 5436 2926 5437 3040 5438 3040 5438 2926 5437 2927 5439 3040 5438 2927 5439 3045 5440 3045 5440 2927 5439 2928 5441 3045 5440 2928 5441 3050 5442 3050 5442 2928 5441 2929 5443 3050 5442 2929 5443 3055 5444 3055 5444 2929 5443 2930 5445 3055 5444 2930 5445 2984 5446 2984 5446 2930 5445 2931 5447 2984 5446 2931 5447 3073 5448 3073 5448 2931 5447 3064 5449 3073 5448 3064 5449 3065 5450 3065 5450 3064 5449 3075 5451 3065 5450 3075 5451 3076 5452 3076 5452 3075 5451 3081 5453 3076 5452 3081 5453 3082 5454 3082 5454 3081 5453 3087 5455 3082 5454 3087 5455 3088 5456 3088 5456 3087 5455 3093 5457 3088 5456 3093 5457 2966 5458 2966 5458 3093 5457 2965 5459 2965 5459 3093 5457 3098 5460 2965 5459 3098 5460 2964 5461 2964 5461 3098 5460 3103 5462 2964 5461 3103 5462 2963 5463 2963 5463 3103 5462 3108 5464 2963 5463 3108 5464 2962 5465 2962 5465 3108 5464 3113 5466 2962 5465 3113 5466 2961 5467 2961 5467 3113 5466 3118 5468 2961 5467 3118 5468 2960 5469 2960 5469 3118 5468 3123 5470 2960 5469 3123 5470 2959 5471 2959 5471 3123 5470 3128 5472 2959 5471 3128 5472 2958 5473 2958 5473 3128 5472 3133 5474 2958 5473 3133 5474 2957 5475 2957 5475 3133 5474 3138 5476 2957 5475 3138 5476 2956 5417 2956 5417 3138 5476 3143 5415 2931 5447 2932 5477 3064 5449 3064 5449 2932 5477 3074 5478 3064 5449 3074 5478 3075 5451 3075 5451 3074 5478 3080 5479 3075 5451 3080 5479 3081 5453 3081 5453 3080 5479 3086 5480 3081 5453 3086 5480 3087 5455 3087 5455 3086 5480 3092 5481 3087 5455 3092 5481 3093 5457 3093 5457 3092 5481 3098 5460 2932 5477 2933 5482 3074 5478 3074 5478 2933 5482 3079 5483 3074 5478 3079 5483 3080 5479 3080 5479 3079 5483 3085 5484 3080 5479 3085 5484 3086 5480 3086 5480 3085 5484 3091 5485 3086 5480 3091 5485 3092 5481 3092 5481 3091 5485 3097 5486 3092 5481 3097 5486 3098 5460 3098 5460 3097 5486 3103 5462 2933 5482 2934 5487 3079 5483 3079 5483 2934 5487 3084 5488 3079 5483 3084 5488 3085 5484 3085 5484 3084 5488 3090 5489 3085 5484 3090 5489 3091 5485 3091 5485 3090 5489 3096 5490 3091 5485 3096 5490 3097 5486 3097 5486 3096 5490 3102 5491 3097 5486 3102 5491 3103 5462 3103 5462 3102 5491 3108 5464 2934 5487 2935 5492 3084 5488 3084 5488 2935 5492 3089 5493 3084 5488 3089 5493 3090 5489 3090 5489 3089 5493 3095 5494 3090 5489 3095 5494 3096 5490 3096 5490 3095 5494 3101 5495 3096 5490 3101 5495 3102 5491 3102 5491 3101 5495 3107 5496 3102 5491 3107 5496 3108 5464 3108 5464 3107 5496 3113 5466 2935 5492 2936 5497 3089 5493 3089 5493 2936 5497 3094 5498 3089 5493 3094 5498 3095 5494 3095 5494 3094 5498 3100 5499 3095 5494 3100 5499 3101 5495 3101 5495 3100 5499 3106 5500 3101 5495 3106 5500 3107 5496 3107 5496 3106 5500 3112 5501 3107 5496 3112 5501 3113 5466 3113 5466 3112 5501 3118 5468 2936 5497 2937 5502 3094 5498 3094 5498 2937 5502 3099 5503 3094 5498 3099 5503 3100 5499 3100 5499 3099 5503 3105 5504 3100 5499 3105 5504 3106 5500 3106 5500 3105 5504 3111 5505 3106 5500 3111 5505 3112 5501 3112 5501 3111 5505 3117 5506 3112 5501 3117 5506 3118 5468 3118 5468 3117 5506 3123 5470 2937 5502 2938 5507 3099 5503 3099 5503 2938 5507 3104 5508 3099 5503 3104 5508 3105 5504 3105 5504 3104 5508 3110 5509 3105 5504 3110 5509 3111 5505 3111 5505 3110 5509 3116 5510 3111 5505 3116 5510 3117 5506 3117 5506 3116 5510 3122 5511 3117 5506 3122 5511 3123 5470 3123 5470 3122 5511 3128 5472 2938 5507 2939 5512 3104 5508 3104 5508 2939 5512 3109 5513 3104 5508 3109 5513 3110 5509 3110 5509 3109 5513 3115 5514 3110 5509 3115 5514 3116 5510 3116 5510 3115 5514 3121 5515 3116 5510 3121 5515 3122 5511 3122 5511 3121 5515 3127 5516 3122 5511 3127 5516 3128 5472 3128 5472 3127 5516 3133 5474 2939 5512 2940 5517 3109 5513 3109 5513 2940 5517 3114 5518 3109 5513 3114 5518 3115 5514 3115 5514 3114 5518 3120 5519 3115 5514 3120 5519 3121 5515 3121 5515 3120 5519 3126 5520 3121 5515 3126 5520 3127 5516 3127 5516 3126 5520 3132 5521 3127 5516 3132 5521 3133 5474 3133 5474 3132 5521 3138 5476 2940 5517 2941 5522 3114 5518 3114 5518 2941 5522 3119 5523 3114 5518 3119 5523 3120 5519 3120 5519 3119 5523 3125 5524 3120 5519 3125 5524 3126 5520 3126 5520 3125 5524 3131 5525 3126 5520 3131 5525 3132 5521 3132 5521 3131 5525 3137 5526 3132 5521 3137 5526 3138 5476 3138 5476 3137 5526 3143 5415 2941 5522 2942 5527 3119 5523 3119 5523 2942 5527 3124 5528 3119 5523 3124 5528 3125 5524 3125 5524 3124 5528 3130 5529 3125 5524 3130 5529 3131 5525 3131 5525 3130 5529 3136 5530 3131 5525 3136 5530 3137 5526 3137 5526 3136 5530 3142 5413 3137 5526 3142 5413 3143 5415 2942 5527 2943 5531 3124 5528 3124 5528 2943 5531 3129 5532 3124 5528 3129 5532 3130 5529 3130 5529 3129 5532 3135 5533 3130 5529 3135 5533 3136 5530 3136 5530 3135 5533 3141 5411 3136 5530 3141 5411 3142 5413 2943 5531 2944 5534 3129 5532 3129 5532 2944 5534 3134 5535 3129 5532 3134 5535 3135 5533 3135 5533 3134 5535 3140 5409 3135 5533 3140 5409 3141 5411 2944 5534 2945 5536 3134 5535 3134 5535 2945 5536 3139 5407 3134 5535 3139 5407 3140 5409 2945 5536 2915 5405 3139 5407 2947 5537 3024 5538 2946 5539 2946 5539 3024 5538 3029 5540 2946 5539 3029 5540 2978 5541 2978 5541 3029 5540 3034 5542 2978 5541 3034 5542 2977 5543 2977 5543 3034 5542 3039 5544 2977 5543 3039 5544 2976 5545 2976 5545 3039 5544 3044 5546 2976 5545 3044 5546 2975 5547 2975 5547 3044 5546 3049 5548 2975 5547 3049 5548 2974 5549 2974 5549 3049 5548 3054 5550 2974 5549 3054 5550 2973 5551 2973 5551 3054 5550 3059 5552 2973 5551 3059 5552 2972 5553 2972 5553 3059 5552 3063 5554 2972 5553 3063 5554 2971 5555 2971 5555 3063 5554 3069 5556 2971 5555 3069 5556 2970 5557 2970 5557 3069 5556 3068 5558 2970 5557 3068 5558 2969 5559 2969 5559 3068 5558 3078 5560 2969 5559 3078 5560 2968 5561 2968 5561 3078 5560 3083 5562 2968 5561 3083 5562 2967 5563 2967 5563 3083 5562 3088 5456 2967 5563 3088 5456 2966 5458 3024 5538 2947 5537 3019 5564 3019 5564 2947 5537 2948 5565 3019 5564 2948 5565 3014 5566 3014 5566 2948 5565 2949 5567 3014 5566 2949 5567 3009 5568 3009 5568 2949 5567 2950 5569 3009 5568 2950 5569 3004 5570 3004 5570 2950 5569 2951 5571 3004 5570 2951 5571 2999 5572 2999 5572 2951 5571 2952 5573 2999 5572 2952 5573 2994 5574 2994 5574 2952 5573 2953 5575 2994 5574 2953 5575 2989 5576 2989 5576 2953 5575 2954 5577 2989 5576 2954 5577 2983 5414 2983 5414 2954 5577 2955 5416 2980 5408 2979 5406 2986 5578 2986 5578 2979 5406 2985 5404 2986 5578 2985 5404 2991 5579 2991 5579 2985 5404 2990 5418 2991 5579 2990 5418 2996 5580 2996 5580 2990 5418 2995 5420 2996 5580 2995 5420 3001 5581 3001 5581 2995 5420 3000 5422 3001 5581 3000 5422 3006 5582 3006 5582 3000 5422 3005 5424 3006 5582 3005 5424 3011 5583 3011 5583 3005 5424 3010 5426 3011 5583 3010 5426 3016 5584 3016 5584 3010 5426 3015 5428 3016 5584 3015 5428 3021 5585 3021 5585 3015 5428 3020 5430 3021 5585 3020 5430 3026 5586 3026 5586 3020 5430 3025 5432 3026 5586 3025 5432 3031 5587 3031 5587 3025 5432 3030 5434 3031 5587 3030 5434 3036 5588 3036 5588 3030 5434 3035 5436 3036 5588 3035 5436 3041 5589 3041 5589 3035 5436 3040 5438 3041 5589 3040 5438 3046 5590 3046 5590 3040 5438 3045 5440 3046 5590 3045 5440 3051 5591 3051 5591 3045 5440 3050 5442 3051 5591 3050 5442 3056 5592 3056 5592 3050 5442 3055 5444 3056 5592 3055 5444 3060 5593 3060 5593 3055 5444 2984 5446 3060 5593 2984 5446 3072 5594 3072 5594 2984 5446 3073 5448 3072 5594 3073 5448 3065 5450 2981 5410 2980 5408 2987 5595 2987 5595 2980 5408 2986 5578 2987 5595 2986 5578 2992 5596 2992 5596 2986 5578 2991 5579 2992 5596 2991 5579 2997 5597 2997 5597 2991 5579 2996 5580 2997 5597 2996 5580 3002 5598 3002 5598 2996 5580 3001 5581 3002 5598 3001 5581 3007 5599 3007 5599 3001 5581 3006 5582 3007 5599 3006 5582 3012 5600 3012 5600 3006 5582 3011 5583 3012 5600 3011 5583 3017 5601 3017 5601 3011 5583 3016 5584 3017 5601 3016 5584 3022 5602 3022 5602 3016 5584 3021 5585 3022 5602 3021 5585 3027 5603 3027 5603 3021 5585 3026 5586 3027 5603 3026 5586 3032 5604 3032 5604 3026 5586 3031 5587 3032 5604 3031 5587 3037 5605 3037 5605 3031 5587 3036 5588 3037 5605 3036 5588 3042 5606 3042 5606 3036 5588 3041 5589 3042 5606 3041 5589 3047 5607 3047 5607 3041 5589 3046 5590 3047 5607 3046 5590 3052 5608 3052 5608 3046 5590 3051 5591 3052 5608 3051 5591 3057 5609 3057 5609 3051 5591 3056 5592 3057 5609 3056 5592 3061 5610 3061 5610 3056 5592 3060 5593 3061 5610 3060 5593 3071 5611 3071 5611 3060 5593 3072 5594 3071 5611 3072 5594 3066 5612 3066 5612 3072 5594 3065 5450 3066 5612 3065 5450 3076 5452 2989 5576 2983 5414 2982 5412 2982 5412 2981 5410 2988 5613 2988 5613 2981 5410 2987 5595 2988 5613 2987 5595 2993 5614 2993 5614 2987 5595 2992 5596 2993 5614 2992 5596 2998 5615 2998 5615 2992 5596 2997 5597 2998 5615 2997 5597 3003 5616 3003 5616 2997 5597 3002 5598 3003 5616 3002 5598 3008 5617 3008 5617 3002 5598 3007 5599 3008 5617 3007 5599 3013 5618 3013 5618 3007 5599 3012 5600 3013 5618 3012 5600 3018 5619 3018 5619 3012 5600 3017 5601 3018 5619 3017 5601 3023 5620 3023 5620 3017 5601 3022 5602 3023 5620 3022 5602 3028 5621 3028 5621 3022 5602 3027 5603 3028 5621 3027 5603 3033 5622 3033 5622 3027 5603 3032 5604 3033 5622 3032 5604 3038 5623 3038 5623 3032 5604 3037 5605 3038 5623 3037 5605 3043 5624 3043 5624 3037 5605 3042 5606 3043 5624 3042 5606 3048 5625 3048 5625 3042 5606 3047 5607 3048 5625 3047 5607 3053 5626 3053 5626 3047 5607 3052 5608 3053 5626 3052 5608 3058 5627 3058 5627 3052 5608 3057 5609 3058 5627 3057 5609 3062 5628 3062 5628 3057 5609 3061 5610 3062 5628 3061 5610 3070 5629 3070 5629 3061 5610 3071 5611 3070 5629 3071 5611 3067 5630 3067 5630 3071 5611 3066 5612 3067 5630 3066 5612 3077 5631 3077 5631 3066 5612 3076 5452 3077 5631 3076 5452 3082 5454 2994 5574 2989 5576 2988 5613 2988 5613 2989 5576 2982 5412 2994 5574 2988 5613 2993 5614 2999 5572 2994 5574 2993 5614 2999 5572 2993 5614 2998 5615 3004 5570 2999 5572 2998 5615 3004 5570 2998 5615 3003 5616 3009 5568 3004 5570 3003 5616 3009 5568 3003 5616 3008 5617 3014 5566 3009 5568 3008 5617 3014 5566 3008 5617 3013 5618 3019 5564 3014 5566 3013 5618 3019 5564 3013 5618 3018 5619 3024 5538 3019 5564 3018 5619 3024 5538 3018 5619 3023 5620 3029 5540 3024 5538 3023 5620 3029 5540 3023 5620 3028 5621 3034 5542 3029 5540 3028 5621 3034 5542 3028 5621 3033 5622 3039 5544 3034 5542 3033 5622 3039 5544 3033 5622 3038 5623 3044 5546 3039 5544 3038 5623 3044 5546 3038 5623 3043 5624 3049 5548 3044 5546 3043 5624 3049 5548 3043 5624 3048 5625 3054 5550 3049 5548 3048 5625 3054 5550 3048 5625 3053 5626 3059 5552 3054 5550 3053 5626 3059 5552 3053 5626 3058 5627 3063 5554 3059 5552 3058 5627 3063 5554 3058 5627 3062 5628 3069 5556 3063 5554 3062 5628 3069 5556 3062 5628 3070 5629 3069 5556 3070 5629 3068 5558 3068 5558 3070 5629 3067 5630 3068 5558 3067 5630 3078 5560 3078 5560 3067 5630 3077 5631 3078 5560 3077 5631 3083 5562 3083 5562 3077 5631 3082 5454 3083 5562 3082 5454 3088 5456 2916 5403 2915 5405 3146 5632 3146 5632 2915 5405 2945 5536 3146 5632 2945 5536 2944 5534 2944 5534 2943 5531 3146 5632 3146 5632 2943 5531 3145 5633 3145 5633 2943 5531 2942 5527 3145 5633 2942 5527 2941 5522 2941 5522 2940 5517 3145 5633 3145 5633 2940 5517 2939 5512 3145 5633 2939 5512 2938 5507 3145 5633 2938 5507 3144 5634 3144 5634 2938 5507 2937 5502 3144 5634 2937 5502 2936 5497 2936 5497 2935 5492 3144 5634 3144 5634 2935 5492 2934 5487 3144 5634 2934 5487 2933 5482 3144 5634 2933 5482 3149 5635 3149 5635 2933 5482 2932 5477 3149 5635 2932 5477 2931 5447 2931 5447 2930 5445 3149 5635 3149 5635 2930 5445 2929 5443 3149 5635 2929 5443 2928 5441 3149 5635 2928 5441 3148 5636 3148 5636 2928 5441 2927 5439 3148 5636 2927 5439 2926 5437 2926 5437 2925 5435 3148 5636 3148 5636 2925 5435 2924 5433 3148 5636 2924 5433 2923 5431 3148 5636 2923 5431 3147 5637 3147 5637 2923 5431 2922 5429 3147 5637 2922 5429 2921 5427 2921 5427 2920 5425 3147 5637 3147 5637 2920 5425 2919 5423 3147 5637 2919 5423 2918 5421 3147 5637 2918 5421 3146 5632 3146 5632 2918 5421 2917 5419 3146 5632 2917 5419 2916 5403 2978 5541 2859 5638 2946 5539 2946 5539 2859 5638 2858 5639 2946 5539 2858 5639 2947 5537 2947 5537 2858 5639 2890 5640 2947 5537 2890 5640 2948 5565 2948 5565 2890 5640 2889 5641 2948 5565 2889 5641 2949 5567 2949 5567 2889 5641 2888 5642 2949 5567 2888 5642 2950 5569 2950 5569 2888 5642 2887 5643 2950 5569 2887 5643 2951 5571 2951 5571 2887 5643 2886 5644 2951 5571 2886 5644 2952 5573 2952 5573 2886 5644 2885 5645 2952 5573 2885 5645 2953 5575 2953 5575 2885 5645 2884 5646 2953 5575 2884 5646 2954 5577 2954 5577 2884 5646 2883 5647 2954 5577 2883 5647 2955 5416 2955 5416 2883 5647 2882 5648 2955 5416 2882 5648 2956 5417 2956 5417 2882 5648 2881 5649 2956 5417 2881 5649 2957 5475 2957 5475 2881 5649 2880 5650 2957 5475 2880 5650 2958 5473 2958 5473 2880 5650 2879 5651 2958 5473 2879 5651 2959 5471 2959 5471 2879 5651 2878 5652 2959 5471 2878 5652 2960 5469 2960 5469 2878 5652 2877 5653 2960 5469 2877 5653 2961 5467 2961 5467 2877 5653 2876 5654 2961 5467 2876 5654 2962 5465 2962 5465 2876 5654 2875 5655 2962 5465 2875 5655 2963 5463 2963 5463 2875 5655 2874 5656 2963 5463 2874 5656 2964 5461 2964 5461 2874 5656 2873 5657 2964 5461 2873 5657 2965 5459 2965 5459 2873 5657 2872 5658 2965 5459 2872 5658 2966 5458 2966 5458 2872 5658 2871 5659 2966 5458 2871 5659 2967 5563 2967 5563 2871 5659 2870 5660 2967 5563 2870 5660 2968 5561 2968 5561 2870 5660 2869 5661 2968 5561 2869 5661 2969 5559 2969 5559 2869 5661 2868 5662 2969 5559 2868 5662 2970 5557 2970 5557 2868 5662 2867 5663 2970 5557 2867 5663 2971 5555 2971 5555 2867 5663 2866 5664 2971 5555 2866 5664 2972 5553 2972 5553 2866 5664 2865 5665 2972 5553 2865 5665 2973 5551 2973 5551 2865 5665 2864 5666 2973 5551 2864 5666 2974 5549 2974 5549 2864 5666 2863 5667 2974 5549 2863 5667 2975 5547 2975 5547 2863 5667 2862 5668 2975 5547 2862 5668 2976 5545 2976 5545 2862 5668 2861 5669 2976 5545 2861 5669 2977 5543 2977 5543 2861 5669 2860 5670 2977 5543 2860 5670 2978 5541 2978 5541 2860 5670 2859 5638 3150 5671 3151 5672 3148 5673 3148 5673 3151 5672 3152 5674 3148 5673 3152 5674 3149 5675 3149 5675 3152 5674 3153 5676 3149 5675 3153 5676 3154 5677 3154 5678 3155 5679 3149 5680 3149 5680 3155 5679 3156 5681 3149 5680 3156 5681 3144 5682 3144 5682 3156 5681 3157 5683 3144 5682 3157 5683 3158 5684 3158 5685 3159 5686 3144 5687 3144 5687 3159 5686 3160 5688 3144 5687 3160 5688 3145 5689 3145 5689 3160 5688 3161 5690 3145 5689 3161 5690 3162 5691 3162 5692 3163 5693 3145 5694 3145 5694 3163 5693 3164 5695 3145 5694 3164 5695 3146 5696 3146 5696 3164 5695 3165 5697 3146 5696 3165 5697 3166 5698 3167 5699 3168 5700 3147 5701 3147 5701 3168 5700 3169 5702 3147 5701 3169 5702 3148 5703 3148 5703 3169 5702 3170 5704 3148 5703 3170 5704 3150 5705 3166 5706 3171 5707 3146 5708 3146 5708 3171 5707 3172 5709 3146 5708 3172 5709 3147 5710 3147 5710 3172 5709 3173 5711 3147 5710 3173 5711 3167 5712 3151 5713 3150 5714 3174 5715 3174 5715 3150 5714 3170 5716 3170 5716 3169 5717 3174 5718 3167 5719 3174 5720 3168 5721 3167 5719 3173 5722 3174 5720 3173 5722 3172 5723 3174 5724 3166 5725 3174 5726 3171 5727 3166 5725 3165 5728 3174 5726 3165 5728 3164 5729 3174 5730 3162 5731 3174 5732 3163 5733 3162 5731 3161 5734 3174 5732 3161 5734 3160 5735 3174 5736 3158 5737 3174 5738 3159 5739 3158 5737 3157 5740 3174 5738 3157 5740 3156 5741 3174 5742 3154 5743 3174 5744 3155 5745 3154 5743 3153 5746 3174 5744 3153 5746 3152 5747 3174 5748 3168 5721 3174 5749 3169 5717 3151 5713 3174 5750 3152 5747 3155 5745 3174 5751 3156 5741 3159 5739 3174 5752 3160 5735 3163 5733 3174 5753 3164 5729 3171 5727 3174 5754 3172 5723 3176 5755 3232 5756 3175 5757 3175 5757 3232 5756 3241 5758 3175 5757 3241 5758 3199 5759 3199 5759 3241 5758 3351 5760 3199 5759 3351 5760 3198 5761 3198 5761 3351 5760 3346 5762 3198 5761 3346 5762 3197 5763 3197 5763 3346 5762 3341 5764 3197 5763 3341 5764 3196 5765 3196 5765 3341 5764 3336 5766 3196 5765 3336 5766 3195 5767 3195 5767 3336 5766 3331 5768 3195 5767 3331 5768 3194 5769 3194 5769 3331 5768 3326 5770 3194 5769 3326 5770 3193 5771 3193 5771 3326 5770 3321 5772 3193 5771 3321 5772 3192 5773 3192 5773 3321 5772 3316 5774 3192 5773 3316 5774 3191 5775 3191 5775 3316 5774 3311 5776 3191 5775 3311 5776 3190 5777 3190 5777 3311 5776 3306 5778 3190 5777 3306 5778 3189 5779 3189 5779 3306 5778 3296 5780 3189 5779 3296 5780 3188 5781 3188 5781 3296 5780 3305 5782 3188 5781 3305 5782 3231 5783 3231 5783 3305 5782 3304 5784 3231 5783 3304 5784 3292 5785 3292 5785 3304 5784 3303 5786 3292 5785 3303 5786 3293 5787 3293 5787 3303 5786 3302 5788 3293 5787 3302 5788 3294 5789 3294 5789 3302 5788 3301 5790 3294 5789 3301 5790 3295 5791 3295 5791 3301 5790 3219 5792 3295 5791 3219 5792 3220 5793 3232 5756 3176 5755 3242 5794 3242 5794 3176 5755 3177 5795 3242 5794 3177 5795 3247 5796 3247 5796 3177 5795 3178 5797 3247 5796 3178 5797 3252 5798 3252 5798 3178 5797 3179 5799 3252 5798 3179 5799 3257 5800 3257 5800 3179 5799 3180 5801 3257 5800 3180 5801 3262 5802 3262 5802 3180 5801 3181 5803 3262 5802 3181 5803 3226 5804 3226 5804 3181 5803 3182 5805 3226 5804 3182 5805 3267 5806 3267 5806 3182 5805 3183 5807 3267 5806 3183 5807 3272 5808 3272 5808 3183 5807 3184 5809 3272 5808 3184 5809 3277 5810 3277 5810 3184 5809 3185 5811 3277 5810 3185 5811 3282 5812 3282 5812 3185 5811 3186 5813 3282 5812 3186 5813 3287 5814 3287 5814 3186 5813 3187 5815 3287 5814 3187 5815 3231 5783 3231 5783 3187 5815 3188 5781 3201 5816 3266 5817 3200 5818 3200 5818 3266 5817 3230 5819 3200 5818 3230 5819 3225 5820 3225 5820 3230 5819 3271 5821 3225 5820 3271 5821 3224 5822 3224 5822 3271 5821 3276 5823 3224 5822 3276 5823 3223 5824 3223 5824 3276 5823 3281 5825 3223 5824 3281 5825 3222 5826 3222 5826 3281 5825 3286 5827 3222 5826 3286 5827 3221 5828 3221 5828 3286 5827 3291 5829 3221 5828 3291 5829 3220 5793 3220 5793 3291 5829 3295 5791 3266 5817 3201 5816 3261 5830 3261 5830 3201 5816 3202 5831 3261 5830 3202 5831 3256 5832 3256 5832 3202 5831 3203 5833 3256 5832 3203 5833 3251 5834 3251 5834 3203 5833 3204 5835 3251 5834 3204 5835 3246 5836 3246 5836 3204 5835 3205 5837 3246 5836 3205 5837 3236 5838 3236 5838 3205 5837 3206 5839 3236 5838 3206 5839 3237 5840 3237 5840 3206 5839 3207 5841 3237 5840 3207 5841 3355 5842 3355 5842 3207 5841 3208 5843 3355 5842 3208 5843 3350 5844 3350 5844 3208 5843 3209 5845 3350 5844 3209 5845 3345 5846 3345 5846 3209 5845 3210 5847 3345 5846 3210 5847 3340 5848 3340 5848 3210 5847 3211 5849 3340 5848 3211 5849 3335 5850 3335 5850 3211 5849 3212 5851 3335 5850 3212 5851 3330 5852 3330 5852 3212 5851 3213 5853 3330 5852 3213 5853 3325 5854 3325 5854 3213 5853 3214 5855 3325 5854 3214 5855 3320 5856 3320 5856 3214 5855 3215 5857 3320 5856 3215 5857 3315 5858 3315 5858 3215 5857 3216 5859 3315 5858 3216 5859 3310 5860 3310 5860 3216 5859 3217 5861 3310 5860 3217 5861 3300 5862 3300 5862 3217 5861 3218 5863 3300 5862 3218 5863 3301 5790 3301 5790 3218 5863 3219 5792 3226 5804 3227 5864 3262 5802 3262 5802 3227 5864 3263 5865 3262 5802 3263 5865 3257 5800 3257 5800 3263 5865 3258 5866 3257 5800 3258 5866 3252 5798 3252 5798 3258 5866 3253 5867 3252 5798 3253 5867 3247 5796 3247 5796 3253 5867 3248 5868 3247 5796 3248 5868 3242 5794 3242 5794 3248 5868 3243 5869 3242 5794 3243 5869 3232 5756 3232 5756 3243 5869 3233 5870 3232 5756 3233 5870 3241 5758 3241 5758 3233 5870 3240 5871 3241 5758 3240 5871 3351 5760 3351 5760 3240 5871 3352 5872 3351 5760 3352 5872 3346 5762 3346 5762 3352 5872 3347 5873 3346 5762 3347 5873 3341 5764 3341 5764 3347 5873 3342 5874 3341 5764 3342 5874 3336 5766 3336 5766 3342 5874 3337 5875 3336 5766 3337 5875 3331 5768 3331 5768 3337 5875 3332 5876 3331 5768 3332 5876 3326 5770 3326 5770 3332 5876 3327 5877 3326 5770 3327 5877 3321 5772 3321 5772 3327 5877 3322 5878 3321 5772 3322 5878 3316 5774 3316 5774 3322 5878 3317 5879 3316 5774 3317 5879 3311 5776 3311 5776 3317 5879 3312 5880 3311 5776 3312 5880 3306 5778 3306 5778 3312 5880 3307 5881 3306 5778 3307 5881 3296 5780 3296 5780 3307 5881 3297 5882 3296 5780 3297 5882 3305 5782 3305 5782 3297 5882 3304 5784 3227 5864 3228 5883 3263 5865 3263 5865 3228 5883 3264 5884 3263 5865 3264 5884 3258 5866 3258 5866 3264 5884 3259 5885 3258 5866 3259 5885 3253 5867 3253 5867 3259 5885 3254 5886 3253 5867 3254 5886 3248 5868 3248 5868 3254 5886 3249 5887 3248 5868 3249 5887 3243 5869 3243 5869 3249 5887 3244 5888 3243 5869 3244 5888 3233 5870 3233 5870 3244 5888 3234 5889 3233 5870 3234 5889 3240 5871 3240 5871 3234 5889 3239 5890 3240 5871 3239 5890 3352 5872 3352 5872 3239 5890 3353 5891 3352 5872 3353 5891 3347 5873 3347 5873 3353 5891 3348 5892 3347 5873 3348 5892 3342 5874 3342 5874 3348 5892 3343 5893 3342 5874 3343 5893 3337 5875 3337 5875 3343 5893 3338 5894 3337 5875 3338 5894 3332 5876 3332 5876 3338 5894 3333 5895 3332 5876 3333 5895 3327 5877 3327 5877 3333 5895 3328 5896 3327 5877 3328 5896 3322 5878 3322 5878 3328 5896 3323 5897 3322 5878 3323 5897 3317 5879 3317 5879 3323 5897 3318 5898 3317 5879 3318 5898 3312 5880 3312 5880 3318 5898 3313 5899 3312 5880 3313 5899 3307 5881 3307 5881 3313 5899 3308 5900 3307 5881 3308 5900 3297 5882 3297 5882 3308 5900 3298 5901 3297 5882 3298 5901 3304 5784 3304 5784 3298 5901 3303 5786 3227 5864 3226 5804 3268 5902 3268 5902 3226 5804 3267 5806 3268 5902 3267 5806 3273 5903 3273 5903 3267 5806 3272 5808 3273 5903 3272 5808 3278 5904 3278 5904 3272 5808 3277 5810 3278 5904 3277 5810 3283 5905 3283 5905 3277 5810 3282 5812 3283 5905 3282 5812 3288 5906 3288 5906 3282 5812 3287 5814 3288 5906 3287 5814 3292 5785 3292 5785 3287 5814 3231 5783 3228 5883 3229 5907 3264 5884 3264 5884 3229 5907 3265 5908 3264 5884 3265 5908 3259 5885 3259 5885 3265 5908 3260 5909 3259 5885 3260 5909 3254 5886 3254 5886 3260 5909 3255 5910 3254 5886 3255 5910 3249 5887 3249 5887 3255 5910 3250 5911 3249 5887 3250 5911 3244 5888 3244 5888 3250 5911 3245 5912 3244 5888 3245 5912 3234 5889 3234 5889 3245 5912 3235 5913 3234 5889 3235 5913 3239 5890 3239 5890 3235 5913 3238 5914 3239 5890 3238 5914 3353 5891 3353 5891 3238 5914 3354 5915 3353 5891 3354 5915 3348 5892 3348 5892 3354 5915 3349 5916 3348 5892 3349 5916 3343 5893 3343 5893 3349 5916 3344 5917 3343 5893 3344 5917 3338 5894 3338 5894 3344 5917 3339 5918 3338 5894 3339 5918 3333 5895 3333 5895 3339 5918 3334 5919 3333 5895 3334 5919 3328 5896 3328 5896 3334 5919 3329 5920 3328 5896 3329 5920 3323 5897 3323 5897 3329 5920 3324 5921 3323 5897 3324 5921 3318 5898 3318 5898 3324 5921 3319 5922 3318 5898 3319 5922 3313 5899 3313 5899 3319 5922 3314 5923 3313 5899 3314 5923 3308 5900 3308 5900 3314 5923 3309 5924 3308 5900 3309 5924 3298 5901 3298 5901 3309 5924 3299 5925 3298 5901 3299 5925 3303 5786 3303 5786 3299 5925 3302 5788 3228 5883 3227 5864 3269 5926 3269 5926 3227 5864 3268 5902 3269 5926 3268 5902 3274 5927 3274 5927 3268 5902 3273 5903 3274 5927 3273 5903 3279 5928 3279 5928 3273 5903 3278 5904 3279 5928 3278 5904 3284 5929 3284 5929 3278 5904 3283 5905 3284 5929 3283 5905 3289 5930 3289 5930 3283 5905 3288 5906 3289 5930 3288 5906 3293 5787 3293 5787 3288 5906 3292 5785 3229 5907 3230 5819 3265 5908 3265 5908 3230 5819 3266 5817 3265 5908 3266 5817 3260 5909 3260 5909 3266 5817 3261 5830 3260 5909 3261 5830 3255 5910 3255 5910 3261 5830 3256 5832 3255 5910 3256 5832 3250 5911 3250 5911 3256 5832 3251 5834 3250 5911 3251 5834 3245 5912 3245 5912 3251 5834 3246 5836 3245 5912 3246 5836 3235 5913 3235 5913 3246 5836 3236 5838 3235 5913 3236 5838 3238 5914 3238 5914 3236 5838 3237 5840 3238 5914 3237 5840 3354 5915 3354 5915 3237 5840 3355 5842 3354 5915 3355 5842 3349 5916 3349 5916 3355 5842 3350 5844 3349 5916 3350 5844 3344 5917 3344 5917 3350 5844 3345 5846 3344 5917 3345 5846 3339 5918 3339 5918 3345 5846 3340 5848 3339 5918 3340 5848 3334 5919 3334 5919 3340 5848 3335 5850 3334 5919 3335 5850 3329 5920 3329 5920 3335 5850 3330 5852 3329 5920 3330 5852 3324 5921 3324 5921 3330 5852 3325 5854 3324 5921 3325 5854 3319 5922 3319 5922 3325 5854 3320 5856 3319 5922 3320 5856 3314 5923 3314 5923 3320 5856 3315 5858 3314 5923 3315 5858 3309 5924 3309 5924 3315 5858 3310 5860 3309 5924 3310 5860 3299 5925 3299 5925 3310 5860 3300 5862 3299 5925 3300 5862 3302 5788 3302 5788 3300 5862 3301 5790 3229 5907 3228 5883 3270 5931 3270 5931 3228 5883 3269 5926 3270 5931 3269 5926 3275 5932 3275 5932 3269 5926 3274 5927 3275 5932 3274 5927 3280 5933 3280 5933 3274 5927 3279 5928 3280 5933 3279 5928 3285 5934 3285 5934 3279 5928 3284 5929 3285 5934 3284 5929 3290 5935 3290 5935 3284 5929 3289 5930 3290 5935 3289 5930 3294 5789 3294 5789 3289 5930 3293 5787 3230 5819 3229 5907 3271 5821 3271 5821 3229 5907 3270 5931 3271 5821 3270 5931 3276 5823 3276 5823 3270 5931 3275 5932 3276 5823 3275 5932 3281 5825 3281 5825 3275 5932 3280 5933 3281 5825 3280 5933 3286 5827 3286 5827 3280 5933 3285 5934 3286 5827 3285 5934 3291 5829 3291 5829 3285 5934 3290 5935 3291 5829 3290 5935 3295 5791 3295 5791 3290 5935 3294 5789 3199 5759 3368 5936 3175 5757 3175 5757 3368 5936 3369 5937 3175 5757 3369 5937 3176 5755 3176 5755 3369 5937 3370 5938 3176 5755 3370 5938 3177 5795 3177 5795 3370 5938 3371 5939 3177 5795 3371 5939 3178 5797 3178 5797 3371 5939 3372 5940 3178 5797 3372 5940 3179 5799 3179 5799 3372 5940 3373 5941 3179 5799 3373 5941 3180 5801 3180 5801 3373 5941 3374 5942 3180 5801 3374 5942 3181 5803 3181 5803 3374 5942 3375 5943 3181 5803 3375 5943 3182 5805 3182 5805 3375 5943 3376 5944 3182 5805 3376 5944 3183 5807 3183 5807 3376 5944 3377 5945 3183 5807 3377 5945 3184 5809 3184 5809 3377 5945 3378 5946 3184 5809 3378 5946 3185 5811 3185 5811 3378 5946 3379 5947 3185 5811 3379 5947 3186 5813 3186 5813 3379 5947 3380 5948 3186 5813 3380 5948 3187 5815 3187 5815 3380 5948 3356 5949 3187 5815 3356 5949 3188 5781 3188 5781 3356 5949 3357 5950 3188 5781 3357 5950 3189 5779 3189 5779 3357 5950 3358 5951 3189 5779 3358 5951 3190 5777 3190 5777 3358 5951 3359 5952 3190 5777 3359 5952 3191 5775 3191 5775 3359 5952 3360 5953 3191 5775 3360 5953 3192 5773 3192 5773 3360 5953 3361 5954 3192 5773 3361 5954 3193 5771 3193 5771 3361 5954 3362 5955 3193 5771 3362 5955 3194 5769 3194 5769 3362 5955 3363 5956 3194 5769 3363 5956 3195 5767 3195 5767 3363 5956 3364 5957 3195 5767 3364 5957 3196 5765 3196 5765 3364 5957 3365 5958 3196 5765 3365 5958 3197 5763 3197 5763 3365 5958 3366 5959 3197 5763 3366 5959 3198 5761 3198 5761 3366 5959 3367 5960 3198 5761 3367 5960 3199 5759 3199 5759 3367 5960 3368 5936 3382 5961 3207 5841 3381 5962 3381 5962 3207 5841 3206 5839 3381 5962 3206 5839 3413 5963 3413 5963 3206 5839 3205 5837 3413 5963 3205 5837 3412 5964 3412 5964 3205 5837 3411 5965 3411 5965 3205 5837 3204 5835 3411 5965 3204 5835 3410 5966 3410 5966 3204 5835 3203 5833 3410 5966 3203 5833 3409 5967 3409 5967 3203 5833 3202 5831 3409 5967 3202 5831 3408 5968 3408 5968 3202 5831 3201 5816 3408 5968 3201 5816 3407 5969 3407 5969 3201 5816 3406 5970 3406 5970 3201 5816 3200 5818 3406 5970 3200 5818 3405 5971 3405 5971 3200 5818 3225 5820 3405 5971 3225 5820 3404 5972 3404 5972 3225 5820 3224 5822 3404 5972 3224 5822 3403 5973 3403 5973 3224 5822 3223 5824 3403 5973 3223 5824 3402 5974 3402 5974 3223 5824 3401 5975 3401 5975 3223 5824 3222 5826 3401 5975 3222 5826 3400 5976 3400 5976 3222 5826 3221 5828 3400 5976 3221 5828 3399 5977 3399 5977 3221 5828 3220 5793 3399 5977 3220 5793 3398 5978 3398 5978 3220 5793 3219 5792 3398 5978 3219 5792 3397 5979 3397 5979 3219 5792 3396 5980 3396 5980 3219 5792 3218 5863 3396 5980 3218 5863 3395 5981 3395 5981 3218 5863 3217 5861 3395 5981 3217 5861 3394 5982 3394 5982 3217 5861 3216 5859 3394 5982 3216 5859 3393 5983 3393 5983 3216 5859 3392 5984 3392 5984 3216 5859 3215 5857 3392 5984 3215 5857 3391 5985 3391 5985 3215 5857 3214 5855 3391 5985 3214 5855 3390 5986 3390 5986 3214 5855 3213 5853 3390 5986 3213 5853 3389 5987 3389 5987 3213 5853 3212 5851 3389 5987 3212 5851 3388 5988 3388 5988 3212 5851 3387 5989 3387 5989 3212 5851 3211 5849 3387 5989 3211 5849 3386 5990 3386 5990 3211 5849 3210 5847 3386 5990 3210 5847 3385 5991 3385 5991 3210 5847 3209 5845 3385 5991 3209 5845 3384 5992 3384 5992 3209 5845 3208 5843 3384 5992 3208 5843 3383 5993 3383 5993 3208 5843 3382 5961 3382 5961 3208 5843 3207 5841 3357 5994 3356 5995 3414 5996 3414 5996 3356 5995 3380 5997 3414 5996 3380 5997 3437 5998 3437 5998 3380 5997 3379 5999 3437 5998 3379 5999 3436 6000 3436 6000 3379 5999 3378 6001 3436 6000 3378 6001 3435 6002 3435 6002 3378 6001 3377 6003 3435 6002 3377 6003 3434 6004 3434 6004 3377 6003 3376 6005 3434 6004 3376 6005 3433 6006 3433 6006 3376 6005 3375 6007 3433 6006 3375 6007 3432 6008 3432 6008 3375 6007 3374 6009 3432 6008 3374 6009 3431 6010 3431 6010 3374 6009 3373 6011 3431 6010 3373 6011 3430 6012 3430 6012 3373 6011 3372 6013 3430 6012 3372 6013 3429 6014 3429 6014 3372 6013 3371 6015 3429 6014 3371 6015 3428 6016 3428 6016 3371 6015 3370 6017 3428 6016 3370 6017 3427 6018 3427 6018 3370 6017 3369 6019 3427 6018 3369 6019 3426 6020 3426 6020 3369 6019 3368 6021 3426 6020 3368 6021 3425 6022 3425 6022 3368 6021 3367 6023 3425 6022 3367 6023 3424 6024 3424 6024 3367 6023 3366 6025 3424 6024 3366 6025 3423 6026 3423 6026 3366 6025 3365 6027 3423 6026 3365 6027 3422 6028 3422 6028 3365 6027 3364 6029 3422 6028 3364 6029 3421 6030 3421 6030 3364 6029 3363 6031 3421 6030 3363 6031 3420 6032 3420 6032 3363 6031 3362 6033 3420 6032 3362 6033 3419 6034 3419 6034 3362 6033 3361 6035 3419 6034 3361 6035 3418 6036 3418 6036 3361 6035 3360 6037 3418 6036 3360 6037 3417 6038 3417 6038 3360 6037 3359 6039 3417 6038 3359 6039 3416 6040 3416 6040 3359 6039 3358 6041 3416 6040 3358 6041 3415 6042 3415 6042 3358 6041 3357 5994 3415 6042 3357 5994 3414 5996 3414 6043 3437 6044 3415 6045 3415 6045 3437 6044 3416 6046 3416 6046 3437 6044 3436 6047 3416 6046 3436 6047 3417 6048 3417 6048 3436 6047 3435 6049 3417 6048 3435 6049 3418 6050 3418 6050 3435 6049 3434 6051 3418 6050 3434 6051 3419 6052 3419 6052 3434 6051 3433 6053 3419 6052 3433 6053 3420 6054 3420 6054 3433 6053 3432 6055 3420 6054 3432 6055 3421 6056 3421 6056 3432 6055 3431 6057 3421 6056 3431 6057 3422 6058 3422 6058 3431 6057 3430 6059 3422 6058 3430 6059 3423 6060 3423 6060 3430 6059 3429 6061 3423 6060 3429 6061 3424 6062 3424 6062 3429 6061 3428 6063 3424 6062 3428 6063 3425 6064 3425 6064 3428 6063 3427 6065 3425 6064 3427 6065 3426 6066 3439 6067 3508 6068 3438 6069 3438 6069 3508 6068 3502 6070 3438 6069 3502 6070 3662 6071 3662 6071 3502 6070 3503 6072 3662 6071 3503 6072 3663 6073 3663 6073 3503 6072 3504 6074 3663 6073 3504 6074 3664 6075 3664 6075 3504 6074 3505 6076 3664 6075 3505 6076 3665 6077 3665 6077 3505 6076 3506 6078 3665 6077 3506 6078 3666 6079 3666 6079 3506 6078 3478 6080 3666 6079 3478 6080 3479 6081 3508 6068 3439 6067 3513 6082 3513 6082 3439 6067 3440 6083 3513 6082 3440 6083 3518 6084 3518 6084 3440 6083 3441 6085 3518 6084 3441 6085 3523 6086 3523 6086 3441 6085 3442 6087 3523 6086 3442 6087 3528 6088 3528 6088 3442 6087 3443 6089 3528 6088 3443 6089 3533 6090 3533 6090 3443 6089 3444 6091 3533 6090 3444 6091 3538 6092 3538 6092 3444 6091 3445 6093 3538 6092 3445 6093 3543 6094 3543 6094 3445 6093 3446 6095 3543 6094 3446 6095 3548 6096 3548 6096 3446 6095 3447 6097 3548 6096 3447 6097 3553 6098 3553 6098 3447 6097 3448 6099 3553 6098 3448 6099 3558 6100 3558 6100 3448 6099 3449 6101 3558 6100 3449 6101 3563 6102 3563 6102 3449 6101 3450 6103 3563 6102 3450 6103 3568 6104 3568 6104 3450 6103 3451 6105 3568 6104 3451 6105 3573 6106 3573 6106 3451 6105 3452 6107 3573 6106 3452 6107 3578 6108 3578 6108 3452 6107 3453 6109 3578 6108 3453 6109 3507 6110 3507 6110 3453 6109 3454 6111 3507 6110 3454 6111 3596 6112 3596 6112 3454 6111 3587 6113 3596 6112 3587 6113 3588 6114 3588 6114 3587 6113 3598 6115 3588 6114 3598 6115 3599 6116 3599 6116 3598 6115 3604 6117 3599 6116 3604 6117 3605 6118 3605 6118 3604 6117 3610 6119 3605 6118 3610 6119 3611 6120 3611 6120 3610 6119 3616 6121 3611 6120 3616 6121 3489 6122 3489 6122 3616 6121 3488 6123 3488 6123 3616 6121 3621 6124 3488 6123 3621 6124 3487 6125 3487 6125 3621 6124 3626 6126 3487 6125 3626 6126 3486 6127 3486 6127 3626 6126 3631 6128 3486 6127 3631 6128 3485 6129 3485 6129 3631 6128 3636 6130 3485 6129 3636 6130 3484 6131 3484 6131 3636 6130 3641 6132 3484 6131 3641 6132 3483 6133 3483 6133 3641 6132 3646 6134 3483 6133 3646 6134 3482 6135 3482 6135 3646 6134 3651 6136 3482 6135 3651 6136 3481 6137 3481 6137 3651 6136 3656 6138 3481 6137 3656 6138 3480 6139 3480 6139 3656 6138 3661 6140 3480 6139 3661 6140 3479 6081 3479 6081 3661 6140 3666 6079 3454 6111 3455 6141 3587 6113 3587 6113 3455 6141 3597 6142 3587 6113 3597 6142 3598 6115 3598 6115 3597 6142 3603 6143 3598 6115 3603 6143 3604 6117 3604 6117 3603 6143 3609 6144 3604 6117 3609 6144 3610 6119 3610 6119 3609 6144 3615 6145 3610 6119 3615 6145 3616 6121 3616 6121 3615 6145 3621 6124 3455 6141 3456 6146 3597 6142 3597 6142 3456 6146 3602 6147 3597 6142 3602 6147 3603 6143 3603 6143 3602 6147 3608 6148 3603 6143 3608 6148 3609 6144 3609 6144 3608 6148 3614 6149 3609 6144 3614 6149 3615 6145 3615 6145 3614 6149 3620 6150 3615 6145 3620 6150 3621 6124 3621 6124 3620 6150 3626 6126 3456 6146 3457 6151 3602 6147 3602 6147 3457 6151 3607 6152 3602 6147 3607 6152 3608 6148 3608 6148 3607 6152 3613 6153 3608 6148 3613 6153 3614 6149 3614 6149 3613 6153 3619 6154 3614 6149 3619 6154 3620 6150 3620 6150 3619 6154 3625 6155 3620 6150 3625 6155 3626 6126 3626 6126 3625 6155 3631 6128 3457 6151 3458 6156 3607 6152 3607 6152 3458 6156 3612 6157 3607 6152 3612 6157 3613 6153 3613 6153 3612 6157 3618 6158 3613 6153 3618 6158 3619 6154 3619 6154 3618 6158 3624 6159 3619 6154 3624 6159 3625 6155 3625 6155 3624 6159 3630 6160 3625 6155 3630 6160 3631 6128 3631 6128 3630 6160 3636 6130 3458 6156 3459 6161 3612 6157 3612 6157 3459 6161 3617 6162 3612 6157 3617 6162 3618 6158 3618 6158 3617 6162 3623 6163 3618 6158 3623 6163 3624 6159 3624 6159 3623 6163 3629 6164 3624 6159 3629 6164 3630 6160 3630 6160 3629 6164 3635 6165 3630 6160 3635 6165 3636 6130 3636 6130 3635 6165 3641 6132 3459 6161 3460 6166 3617 6162 3617 6162 3460 6166 3622 6167 3617 6162 3622 6167 3623 6163 3623 6163 3622 6167 3628 6168 3623 6163 3628 6168 3629 6164 3629 6164 3628 6168 3634 6169 3629 6164 3634 6169 3635 6165 3635 6165 3634 6169 3640 6170 3635 6165 3640 6170 3641 6132 3641 6132 3640 6170 3646 6134 3460 6166 3461 6171 3622 6167 3622 6167 3461 6171 3627 6172 3622 6167 3627 6172 3628 6168 3628 6168 3627 6172 3633 6173 3628 6168 3633 6173 3634 6169 3634 6169 3633 6173 3639 6174 3634 6169 3639 6174 3640 6170 3640 6170 3639 6174 3645 6175 3640 6170 3645 6175 3646 6134 3646 6134 3645 6175 3651 6136 3461 6171 3462 6176 3627 6172 3627 6172 3462 6176 3632 6177 3627 6172 3632 6177 3633 6173 3633 6173 3632 6177 3638 6178 3633 6173 3638 6178 3639 6174 3639 6174 3638 6178 3644 6179 3639 6174 3644 6179 3645 6175 3645 6175 3644 6179 3650 6180 3645 6175 3650 6180 3651 6136 3651 6136 3650 6180 3656 6138 3462 6176 3463 6181 3632 6177 3632 6177 3463 6181 3637 6182 3632 6177 3637 6182 3638 6178 3638 6178 3637 6182 3643 6183 3638 6178 3643 6183 3644 6179 3644 6179 3643 6183 3649 6184 3644 6179 3649 6184 3650 6180 3650 6180 3649 6184 3655 6185 3650 6180 3655 6185 3656 6138 3656 6138 3655 6185 3661 6140 3463 6181 3464 6186 3637 6182 3637 6182 3464 6186 3642 6187 3637 6182 3642 6187 3643 6183 3643 6183 3642 6187 3648 6188 3643 6183 3648 6188 3649 6184 3649 6184 3648 6188 3654 6189 3649 6184 3654 6189 3655 6185 3655 6185 3654 6189 3660 6190 3655 6185 3660 6190 3661 6140 3661 6140 3660 6190 3666 6079 3464 6186 3465 6191 3642 6187 3642 6187 3465 6191 3647 6192 3642 6187 3647 6192 3648 6188 3648 6188 3647 6192 3653 6193 3648 6188 3653 6193 3654 6189 3654 6189 3653 6193 3659 6194 3654 6189 3659 6194 3660 6190 3660 6190 3659 6194 3665 6077 3660 6190 3665 6077 3666 6079 3465 6191 3466 6195 3647 6192 3647 6192 3466 6195 3652 6196 3647 6192 3652 6196 3653 6193 3653 6193 3652 6196 3658 6197 3653 6193 3658 6197 3659 6194 3659 6194 3658 6197 3664 6075 3659 6194 3664 6075 3665 6077 3466 6195 3467 6198 3652 6196 3652 6196 3467 6198 3657 6199 3652 6196 3657 6199 3658 6197 3658 6197 3657 6199 3663 6073 3658 6197 3663 6073 3664 6075 3467 6198 3468 6200 3657 6199 3657 6199 3468 6200 3662 6071 3657 6199 3662 6071 3663 6073 3468 6200 3438 6069 3662 6071 3470 6201 3547 6202 3469 6203 3469 6203 3547 6202 3552 6204 3469 6203 3552 6204 3501 6205 3501 6205 3552 6204 3557 6206 3501 6205 3557 6206 3500 6207 3500 6207 3557 6206 3562 6208 3500 6207 3562 6208 3499 6209 3499 6209 3562 6208 3567 6210 3499 6209 3567 6210 3498 6211 3498 6211 3567 6210 3572 6212 3498 6211 3572 6212 3497 6213 3497 6213 3572 6212 3577 6214 3497 6213 3577 6214 3496 6215 3496 6215 3577 6214 3582 6216 3496 6215 3582 6216 3495 6217 3495 6217 3582 6216 3586 6218 3495 6217 3586 6218 3494 6219 3494 6219 3586 6218 3592 6220 3494 6219 3592 6220 3493 6221 3493 6221 3592 6220 3591 6222 3493 6221 3591 6222 3492 6223 3492 6223 3591 6222 3601 6224 3492 6223 3601 6224 3491 6225 3491 6225 3601 6224 3606 6226 3491 6225 3606 6226 3490 6227 3490 6227 3606 6226 3611 6120 3490 6227 3611 6120 3489 6122 3547 6202 3470 6201 3542 6228 3542 6228 3470 6201 3471 6229 3542 6228 3471 6229 3537 6230 3537 6230 3471 6229 3472 6231 3537 6230 3472 6231 3532 6232 3532 6232 3472 6231 3473 6233 3532 6232 3473 6233 3527 6234 3527 6234 3473 6233 3474 6235 3527 6234 3474 6235 3522 6236 3522 6236 3474 6235 3475 6237 3522 6236 3475 6237 3517 6238 3517 6238 3475 6237 3476 6239 3517 6238 3476 6239 3512 6240 3512 6240 3476 6239 3477 6241 3512 6240 3477 6241 3506 6078 3506 6078 3477 6241 3478 6080 3503 6072 3502 6070 3509 6242 3509 6242 3502 6070 3508 6068 3509 6242 3508 6068 3514 6243 3514 6243 3508 6068 3513 6082 3514 6243 3513 6082 3519 6244 3519 6244 3513 6082 3518 6084 3519 6244 3518 6084 3524 6245 3524 6245 3518 6084 3523 6086 3524 6245 3523 6086 3529 6246 3529 6246 3523 6086 3528 6088 3529 6246 3528 6088 3534 6247 3534 6247 3528 6088 3533 6090 3534 6247 3533 6090 3539 6248 3539 6248 3533 6090 3538 6092 3539 6248 3538 6092 3544 6249 3544 6249 3538 6092 3543 6094 3544 6249 3543 6094 3549 6250 3549 6250 3543 6094 3548 6096 3549 6250 3548 6096 3554 6251 3554 6251 3548 6096 3553 6098 3554 6251 3553 6098 3559 6252 3559 6252 3553 6098 3558 6100 3559 6252 3558 6100 3564 6253 3564 6253 3558 6100 3563 6102 3564 6253 3563 6102 3569 6254 3569 6254 3563 6102 3568 6104 3569 6254 3568 6104 3574 6255 3574 6255 3568 6104 3573 6106 3574 6255 3573 6106 3579 6256 3579 6256 3573 6106 3578 6108 3579 6256 3578 6108 3583 6257 3583 6257 3578 6108 3507 6110 3583 6257 3507 6110 3595 6258 3595 6258 3507 6110 3596 6112 3595 6258 3596 6112 3588 6114 3504 6074 3503 6072 3510 6259 3510 6259 3503 6072 3509 6242 3510 6259 3509 6242 3515 6260 3515 6260 3509 6242 3514 6243 3515 6260 3514 6243 3520 6261 3520 6261 3514 6243 3519 6244 3520 6261 3519 6244 3525 6262 3525 6262 3519 6244 3524 6245 3525 6262 3524 6245 3530 6263 3530 6263 3524 6245 3529 6246 3530 6263 3529 6246 3535 6264 3535 6264 3529 6246 3534 6247 3535 6264 3534 6247 3540 6265 3540 6265 3534 6247 3539 6248 3540 6265 3539 6248 3545 6266 3545 6266 3539 6248 3544 6249 3545 6266 3544 6249 3550 6267 3550 6267 3544 6249 3549 6250 3550 6267 3549 6250 3555 6268 3555 6268 3549 6250 3554 6251 3555 6268 3554 6251 3560 6269 3560 6269 3554 6251 3559 6252 3560 6269 3559 6252 3565 6270 3565 6270 3559 6252 3564 6253 3565 6270 3564 6253 3570 6271 3570 6271 3564 6253 3569 6254 3570 6271 3569 6254 3575 6272 3575 6272 3569 6254 3574 6255 3575 6272 3574 6255 3580 6273 3580 6273 3574 6255 3579 6256 3580 6273 3579 6256 3584 6274 3584 6274 3579 6256 3583 6257 3584 6274 3583 6257 3594 6275 3594 6275 3583 6257 3595 6258 3594 6275 3595 6258 3589 6276 3589 6276 3595 6258 3588 6114 3589 6276 3588 6114 3599 6116 3512 6240 3506 6078 3505 6076 3505 6076 3504 6074 3511 6277 3511 6277 3504 6074 3510 6259 3511 6277 3510 6259 3516 6278 3516 6278 3510 6259 3515 6260 3516 6278 3515 6260 3521 6279 3521 6279 3515 6260 3520 6261 3521 6279 3520 6261 3526 6280 3526 6280 3520 6261 3525 6262 3526 6280 3525 6262 3531 6281 3531 6281 3525 6262 3530 6263 3531 6281 3530 6263 3536 6282 3536 6282 3530 6263 3535 6264 3536 6282 3535 6264 3541 6283 3541 6283 3535 6264 3540 6265 3541 6283 3540 6265 3546 6284 3546 6284 3540 6265 3545 6266 3546 6284 3545 6266 3551 6285 3551 6285 3545 6266 3550 6267 3551 6285 3550 6267 3556 6286 3556 6286 3550 6267 3555 6268 3556 6286 3555 6268 3561 6287 3561 6287 3555 6268 3560 6269 3561 6287 3560 6269 3566 6288 3566 6288 3560 6269 3565 6270 3566 6288 3565 6270 3571 6289 3571 6289 3565 6270 3570 6271 3571 6289 3570 6271 3576 6290 3576 6290 3570 6271 3575 6272 3576 6290 3575 6272 3581 6291 3581 6291 3575 6272 3580 6273 3581 6291 3580 6273 3585 6292 3585 6292 3580 6273 3584 6274 3585 6292 3584 6274 3593 6293 3593 6293 3584 6274 3594 6275 3593 6293 3594 6275 3590 6294 3590 6294 3594 6275 3589 6276 3590 6294 3589 6276 3600 6295 3600 6295 3589 6276 3599 6116 3600 6295 3599 6116 3605 6118 3517 6238 3512 6240 3511 6277 3511 6277 3512 6240 3505 6076 3517 6238 3511 6277 3516 6278 3522 6236 3517 6238 3516 6278 3522 6236 3516 6278 3521 6279 3527 6234 3522 6236 3521 6279 3527 6234 3521 6279 3526 6280 3532 6232 3527 6234 3526 6280 3532 6232 3526 6280 3531 6281 3537 6230 3532 6232 3531 6281 3537 6230 3531 6281 3536 6282 3542 6228 3537 6230 3536 6282 3542 6228 3536 6282 3541 6283 3547 6202 3542 6228 3541 6283 3547 6202 3541 6283 3546 6284 3552 6204 3547 6202 3546 6284 3552 6204 3546 6284 3551 6285 3557 6206 3552 6204 3551 6285 3557 6206 3551 6285 3556 6286 3562 6208 3557 6206 3556 6286 3562 6208 3556 6286 3561 6287 3567 6210 3562 6208 3561 6287 3567 6210 3561 6287 3566 6288 3572 6212 3567 6210 3566 6288 3572 6212 3566 6288 3571 6289 3577 6214 3572 6212 3571 6289 3577 6214 3571 6289 3576 6290 3582 6216 3577 6214 3576 6290 3582 6216 3576 6290 3581 6291 3586 6218 3582 6216 3581 6291 3586 6218 3581 6291 3585 6292 3592 6220 3586 6218 3585 6292 3592 6220 3585 6292 3593 6293 3592 6220 3593 6293 3591 6222 3591 6222 3593 6293 3590 6294 3591 6222 3590 6294 3601 6224 3601 6224 3590 6294 3600 6295 3601 6224 3600 6295 3606 6226 3606 6226 3600 6295 3605 6118 3606 6226 3605 6118 3611 6120 3439 6067 3438 6069 3669 6296 3669 6296 3438 6069 3468 6200 3669 6296 3468 6200 3467 6198 3467 6198 3466 6195 3669 6296 3669 6296 3466 6195 3668 6297 3668 6297 3466 6195 3465 6191 3668 6297 3465 6191 3464 6186 3464 6186 3463 6181 3668 6297 3668 6297 3463 6181 3462 6176 3668 6297 3462 6176 3461 6171 3668 6297 3461 6171 3667 6298 3667 6298 3461 6171 3460 6166 3667 6298 3460 6166 3459 6161 3459 6161 3458 6156 3667 6298 3667 6298 3458 6156 3457 6151 3667 6298 3457 6151 3456 6146 3667 6298 3456 6146 3672 6299 3672 6299 3456 6146 3455 6141 3672 6299 3455 6141 3454 6111 3454 6111 3453 6109 3672 6299 3672 6299 3453 6109 3452 6107 3672 6299 3452 6107 3451 6105 3672 6299 3451 6105 3671 6300 3671 6300 3451 6105 3450 6103 3671 6300 3450 6103 3449 6101 3449 6101 3448 6099 3671 6300 3671 6300 3448 6099 3447 6097 3671 6300 3447 6097 3446 6095 3671 6300 3446 6095 3670 6301 3670 6301 3446 6095 3445 6093 3670 6301 3445 6093 3444 6091 3444 6091 3443 6089 3670 6301 3670 6301 3443 6089 3442 6087 3670 6301 3442 6087 3441 6085 3670 6301 3441 6085 3669 6296 3669 6296 3441 6085 3440 6083 3669 6296 3440 6083 3439 6067 3501 6205 3382 6302 3469 6203 3469 6203 3382 6302 3381 6303 3469 6203 3381 6303 3470 6201 3470 6201 3381 6303 3413 6304 3470 6201 3413 6304 3471 6229 3471 6229 3413 6304 3412 6305 3471 6229 3412 6305 3472 6231 3472 6231 3412 6305 3411 6306 3472 6231 3411 6306 3473 6233 3473 6233 3411 6306 3410 6307 3473 6233 3410 6307 3474 6235 3474 6235 3410 6307 3409 6308 3474 6235 3409 6308 3475 6237 3475 6237 3409 6308 3408 6309 3475 6237 3408 6309 3476 6239 3476 6239 3408 6309 3407 6310 3476 6239 3407 6310 3477 6241 3477 6241 3407 6310 3406 6311 3477 6241 3406 6311 3478 6080 3478 6080 3406 6311 3405 6312 3478 6080 3405 6312 3479 6081 3479 6081 3405 6312 3404 6313 3479 6081 3404 6313 3480 6139 3480 6139 3404 6313 3403 6314 3480 6139 3403 6314 3481 6137 3481 6137 3403 6314 3402 6315 3481 6137 3402 6315 3482 6135 3482 6135 3402 6315 3401 6316 3482 6135 3401 6316 3483 6133 3483 6133 3401 6316 3400 6317 3483 6133 3400 6317 3484 6131 3484 6131 3400 6317 3399 6318 3484 6131 3399 6318 3485 6129 3485 6129 3399 6318 3398 6319 3485 6129 3398 6319 3486 6127 3486 6127 3398 6319 3397 6320 3486 6127 3397 6320 3487 6125 3487 6125 3397 6320 3396 6321 3487 6125 3396 6321 3488 6123 3488 6123 3396 6321 3395 6322 3488 6123 3395 6322 3489 6122 3489 6122 3395 6322 3394 6323 3489 6122 3394 6323 3490 6227 3490 6227 3394 6323 3393 6324 3490 6227 3393 6324 3491 6225 3491 6225 3393 6324 3392 6325 3491 6225 3392 6325 3492 6223 3492 6223 3392 6325 3391 6326 3492 6223 3391 6326 3493 6221 3493 6221 3391 6326 3390 6327 3493 6221 3390 6327 3494 6219 3494 6219 3390 6327 3389 6328 3494 6219 3389 6328 3495 6217 3495 6217 3389 6328 3388 6329 3495 6217 3388 6329 3496 6215 3496 6215 3388 6329 3387 6330 3496 6215 3387 6330 3497 6213 3497 6213 3387 6330 3386 6331 3497 6213 3386 6331 3498 6211 3498 6211 3386 6331 3385 6332 3498 6211 3385 6332 3499 6209 3499 6209 3385 6332 3384 6333 3499 6209 3384 6333 3500 6207 3500 6207 3384 6333 3383 6334 3500 6207 3383 6334 3501 6205 3501 6205 3383 6334 3382 6302 3673 6335 3674 6336 3671 6337 3671 6337 3674 6336 3675 6338 3671 6337 3675 6338 3672 6339 3672 6339 3675 6338 3676 6340 3672 6339 3676 6340 3677 6341 3677 6342 3678 6343 3672 6344 3672 6344 3678 6343 3679 6345 3672 6344 3679 6345 3667 6346 3667 6346 3679 6345 3680 6347 3667 6346 3680 6347 3681 6348 3681 6349 3682 6350 3667 6351 3667 6351 3682 6350 3683 6352 3667 6351 3683 6352 3668 6353 3668 6353 3683 6352 3684 6354 3668 6353 3684 6354 3685 6355 3685 6356 3686 6357 3668 6358 3668 6358 3686 6357 3687 6359 3668 6358 3687 6359 3669 6360 3669 6360 3687 6359 3688 6361 3669 6360 3688 6361 3689 6362 3690 6363 3691 6364 3670 6365 3670 6365 3691 6364 3692 6366 3670 6365 3692 6366 3671 6367 3671 6367 3692 6366 3693 6368 3671 6367 3693 6368 3673 6369 3689 6370 3694 6371 3669 6372 3669 6372 3694 6371 3695 6373 3669 6372 3695 6373 3670 6374 3670 6374 3695 6373 3696 6375 3670 6374 3696 6375 3690 6376 3674 6377 3673 6378 3697 6379 3697 6379 3673 6378 3693 6380 3693 6380 3692 6381 3697 6382 3690 6383 3697 6384 3691 6385 3690 6383 3696 6386 3697 6384 3696 6386 3695 6387 3697 6388 3689 6389 3697 6390 3694 6391 3689 6389 3688 6392 3697 6390 3688 6392 3687 6393 3697 6394 3685 6395 3697 6396 3686 6397 3685 6395 3684 6398 3697 6396 3684 6398 3683 6399 3697 6400 3681 6401 3697 6402 3682 6403 3681 6401 3680 6404 3697 6402 3680 6404 3679 6405 3697 6406 3677 6407 3697 6408 3678 6409 3677 6407 3676 6410 3697 6408 3676 6410 3675 6411 3697 6412 3691 6385 3697 6413 3692 6381 3674 6377 3697 6414 3675 6411 3678 6409 3697 6415 3679 6405 3682 6403 3697 6416 3683 6399 3686 6397 3697 6417 3687 6393 3694 6391 3697 6418 3695 6387 3699 6419 3755 6420 3698 6421 3698 6421 3755 6420 3764 6422 3698 6421 3764 6422 3722 6423 3722 6423 3764 6422 3874 6424 3722 6423 3874 6424 3721 6425 3721 6425 3874 6424 3869 6426 3721 6425 3869 6426 3720 6427 3720 6427 3869 6426 3864 6428 3720 6427 3864 6428 3719 6429 3719 6429 3864 6428 3859 6430 3719 6429 3859 6430 3718 6431 3718 6431 3859 6430 3854 6432 3718 6431 3854 6432 3717 6433 3717 6433 3854 6432 3849 6434 3717 6433 3849 6434 3716 6435 3716 6435 3849 6434 3844 6436 3716 6435 3844 6436 3715 6437 3715 6437 3844 6436 3839 6438 3715 6437 3839 6438 3714 6439 3714 6439 3839 6438 3834 6440 3714 6439 3834 6440 3713 6441 3713 6441 3834 6440 3829 6442 3713 6441 3829 6442 3712 6443 3712 6443 3829 6442 3819 6444 3712 6443 3819 6444 3711 6445 3711 6445 3819 6444 3828 6446 3711 6445 3828 6446 3754 6447 3754 6447 3828 6446 3827 6448 3754 6447 3827 6448 3815 6449 3815 6449 3827 6448 3826 6450 3815 6449 3826 6450 3816 6451 3816 6451 3826 6450 3825 6452 3816 6451 3825 6452 3817 6453 3817 6453 3825 6452 3824 6454 3817 6453 3824 6454 3818 6455 3818 6455 3824 6454 3742 6456 3818 6455 3742 6456 3743 6457 3755 6420 3699 6419 3765 6458 3765 6458 3699 6419 3700 6459 3765 6458 3700 6459 3770 6460 3770 6460 3700 6459 3701 6461 3770 6460 3701 6461 3775 6462 3775 6462 3701 6461 3702 6463 3775 6462 3702 6463 3780 6464 3780 6464 3702 6463 3703 6465 3780 6464 3703 6465 3785 6466 3785 6466 3703 6465 3704 6467 3785 6466 3704 6467 3749 6468 3749 6468 3704 6467 3705 6469 3749 6468 3705 6469 3790 6470 3790 6470 3705 6469 3706 6471 3790 6470 3706 6471 3795 6472 3795 6472 3706 6471 3707 6473 3795 6472 3707 6473 3800 6474 3800 6474 3707 6473 3708 6475 3800 6474 3708 6475 3805 6476 3805 6476 3708 6475 3709 6477 3805 6476 3709 6477 3810 6478 3810 6478 3709 6477 3710 6479 3810 6478 3710 6479 3754 6447 3754 6447 3710 6479 3711 6445 3724 6480 3789 6481 3723 6482 3723 6482 3789 6481 3753 6483 3723 6482 3753 6483 3748 6484 3748 6484 3753 6483 3794 6485 3748 6484 3794 6485 3747 6486 3747 6486 3794 6485 3799 6487 3747 6486 3799 6487 3746 6488 3746 6488 3799 6487 3804 6489 3746 6488 3804 6489 3745 6490 3745 6490 3804 6489 3809 6491 3745 6490 3809 6491 3744 6492 3744 6492 3809 6491 3814 6493 3744 6492 3814 6493 3743 6457 3743 6457 3814 6493 3818 6455 3789 6481 3724 6480 3784 6494 3784 6494 3724 6480 3725 6495 3784 6494 3725 6495 3779 6496 3779 6496 3725 6495 3726 6497 3779 6496 3726 6497 3774 6498 3774 6498 3726 6497 3727 6499 3774 6498 3727 6499 3769 6500 3769 6500 3727 6499 3728 6501 3769 6500 3728 6501 3759 6502 3759 6502 3728 6501 3729 6503 3759 6502 3729 6503 3760 6504 3760 6504 3729 6503 3730 6505 3760 6504 3730 6505 3878 6506 3878 6506 3730 6505 3731 6507 3878 6506 3731 6507 3873 6508 3873 6508 3731 6507 3732 6509 3873 6508 3732 6509 3868 6510 3868 6510 3732 6509 3733 6511 3868 6510 3733 6511 3863 6512 3863 6512 3733 6511 3734 6513 3863 6512 3734 6513 3858 6514 3858 6514 3734 6513 3735 6515 3858 6514 3735 6515 3853 6516 3853 6516 3735 6515 3736 6517 3853 6516 3736 6517 3848 6518 3848 6518 3736 6517 3737 6519 3848 6518 3737 6519 3843 6520 3843 6520 3737 6519 3738 6521 3843 6520 3738 6521 3838 6522 3838 6522 3738 6521 3739 6523 3838 6522 3739 6523 3833 6524 3833 6524 3739 6523 3740 6525 3833 6524 3740 6525 3823 6526 3823 6526 3740 6525 3741 6527 3823 6526 3741 6527 3824 6454 3824 6454 3741 6527 3742 6456 3749 6468 3750 6528 3785 6466 3785 6466 3750 6528 3786 6529 3785 6466 3786 6529 3780 6464 3780 6464 3786 6529 3781 6530 3780 6464 3781 6530 3775 6462 3775 6462 3781 6530 3776 6531 3775 6462 3776 6531 3770 6460 3770 6460 3776 6531 3771 6532 3770 6460 3771 6532 3765 6458 3765 6458 3771 6532 3766 6533 3765 6458 3766 6533 3755 6420 3755 6420 3766 6533 3756 6534 3755 6420 3756 6534 3764 6422 3764 6422 3756 6534 3763 6535 3764 6422 3763 6535 3874 6424 3874 6424 3763 6535 3875 6536 3874 6424 3875 6536 3869 6426 3869 6426 3875 6536 3870 6537 3869 6426 3870 6537 3864 6428 3864 6428 3870 6537 3865 6538 3864 6428 3865 6538 3859 6430 3859 6430 3865 6538 3860 6539 3859 6430 3860 6539 3854 6432 3854 6432 3860 6539 3855 6540 3854 6432 3855 6540 3849 6434 3849 6434 3855 6540 3850 6541 3849 6434 3850 6541 3844 6436 3844 6436 3850 6541 3845 6542 3844 6436 3845 6542 3839 6438 3839 6438 3845 6542 3840 6543 3839 6438 3840 6543 3834 6440 3834 6440 3840 6543 3835 6544 3834 6440 3835 6544 3829 6442 3829 6442 3835 6544 3830 6545 3829 6442 3830 6545 3819 6444 3819 6444 3830 6545 3820 6546 3819 6444 3820 6546 3828 6446 3828 6446 3820 6546 3827 6448 3750 6528 3751 6547 3786 6529 3786 6529 3751 6547 3787 6548 3786 6529 3787 6548 3781 6530 3781 6530 3787 6548 3782 6549 3781 6530 3782 6549 3776 6531 3776 6531 3782 6549 3777 6550 3776 6531 3777 6550 3771 6532 3771 6532 3777 6550 3772 6551 3771 6532 3772 6551 3766 6533 3766 6533 3772 6551 3767 6552 3766 6533 3767 6552 3756 6534 3756 6534 3767 6552 3757 6553 3756 6534 3757 6553 3763 6535 3763 6535 3757 6553 3762 6554 3763 6535 3762 6554 3875 6536 3875 6536 3762 6554 3876 6555 3875 6536 3876 6555 3870 6537 3870 6537 3876 6555 3871 6556 3870 6537 3871 6556 3865 6538 3865 6538 3871 6556 3866 6557 3865 6538 3866 6557 3860 6539 3860 6539 3866 6557 3861 6558 3860 6539 3861 6558 3855 6540 3855 6540 3861 6558 3856 6559 3855 6540 3856 6559 3850 6541 3850 6541 3856 6559 3851 6560 3850 6541 3851 6560 3845 6542 3845 6542 3851 6560 3846 6561 3845 6542 3846 6561 3840 6543 3840 6543 3846 6561 3841 6562 3840 6543 3841 6562 3835 6544 3835 6544 3841 6562 3836 6563 3835 6544 3836 6563 3830 6545 3830 6545 3836 6563 3831 6564 3830 6545 3831 6564 3820 6546 3820 6546 3831 6564 3821 6565 3820 6546 3821 6565 3827 6448 3827 6448 3821 6565 3826 6450 3750 6528 3749 6468 3791 6566 3791 6566 3749 6468 3790 6470 3791 6566 3790 6470 3796 6567 3796 6567 3790 6470 3795 6472 3796 6567 3795 6472 3801 6568 3801 6568 3795 6472 3800 6474 3801 6568 3800 6474 3806 6569 3806 6569 3800 6474 3805 6476 3806 6569 3805 6476 3811 6570 3811 6570 3805 6476 3810 6478 3811 6570 3810 6478 3815 6449 3815 6449 3810 6478 3754 6447 3751 6547 3752 6571 3787 6548 3787 6548 3752 6571 3788 6572 3787 6548 3788 6572 3782 6549 3782 6549 3788 6572 3783 6573 3782 6549 3783 6573 3777 6550 3777 6550 3783 6573 3778 6574 3777 6550 3778 6574 3772 6551 3772 6551 3778 6574 3773 6575 3772 6551 3773 6575 3767 6552 3767 6552 3773 6575 3768 6576 3767 6552 3768 6576 3757 6553 3757 6553 3768 6576 3758 6577 3757 6553 3758 6577 3762 6554 3762 6554 3758 6577 3761 6578 3762 6554 3761 6578 3876 6555 3876 6555 3761 6578 3877 6579 3876 6555 3877 6579 3871 6556 3871 6556 3877 6579 3872 6580 3871 6556 3872 6580 3866 6557 3866 6557 3872 6580 3867 6581 3866 6557 3867 6581 3861 6558 3861 6558 3867 6581 3862 6582 3861 6558 3862 6582 3856 6559 3856 6559 3862 6582 3857 6583 3856 6559 3857 6583 3851 6560 3851 6560 3857 6583 3852 6584 3851 6560 3852 6584 3846 6561 3846 6561 3852 6584 3847 6585 3846 6561 3847 6585 3841 6562 3841 6562 3847 6585 3842 6586 3841 6562 3842 6586 3836 6563 3836 6563 3842 6586 3837 6587 3836 6563 3837 6587 3831 6564 3831 6564 3837 6587 3832 6588 3831 6564 3832 6588 3821 6565 3821 6565 3832 6588 3822 6589 3821 6565 3822 6589 3826 6450 3826 6450 3822 6589 3825 6452 3751 6547 3750 6528 3792 6590 3792 6590 3750 6528 3791 6566 3792 6590 3791 6566 3797 6591 3797 6591 3791 6566 3796 6567 3797 6591 3796 6567 3802 6592 3802 6592 3796 6567 3801 6568 3802 6592 3801 6568 3807 6593 3807 6593 3801 6568 3806 6569 3807 6593 3806 6569 3812 6594 3812 6594 3806 6569 3811 6570 3812 6594 3811 6570 3816 6451 3816 6451 3811 6570 3815 6449 3752 6571 3753 6483 3788 6572 3788 6572 3753 6483 3789 6481 3788 6572 3789 6481 3783 6573 3783 6573 3789 6481 3784 6494 3783 6573 3784 6494 3778 6574 3778 6574 3784 6494 3779 6496 3778 6574 3779 6496 3773 6575 3773 6575 3779 6496 3774 6498 3773 6575 3774 6498 3768 6576 3768 6576 3774 6498 3769 6500 3768 6576 3769 6500 3758 6577 3758 6577 3769 6500 3759 6502 3758 6577 3759 6502 3761 6578 3761 6578 3759 6502 3760 6504 3761 6578 3760 6504 3877 6579 3877 6579 3760 6504 3878 6506 3877 6579 3878 6506 3872 6580 3872 6580 3878 6506 3873 6508 3872 6580 3873 6508 3867 6581 3867 6581 3873 6508 3868 6510 3867 6581 3868 6510 3862 6582 3862 6582 3868 6510 3863 6512 3862 6582 3863 6512 3857 6583 3857 6583 3863 6512 3858 6514 3857 6583 3858 6514 3852 6584 3852 6584 3858 6514 3853 6516 3852 6584 3853 6516 3847 6585 3847 6585 3853 6516 3848 6518 3847 6585 3848 6518 3842 6586 3842 6586 3848 6518 3843 6520 3842 6586 3843 6520 3837 6587 3837 6587 3843 6520 3838 6522 3837 6587 3838 6522 3832 6588 3832 6588 3838 6522 3833 6524 3832 6588 3833 6524 3822 6589 3822 6589 3833 6524 3823 6526 3822 6589 3823 6526 3825 6452 3825 6452 3823 6526 3824 6454 3752 6571 3751 6547 3793 6595 3793 6595 3751 6547 3792 6590 3793 6595 3792 6590 3798 6596 3798 6596 3792 6590 3797 6591 3798 6596 3797 6591 3803 6597 3803 6597 3797 6591 3802 6592 3803 6597 3802 6592 3808 6598 3808 6598 3802 6592 3807 6593 3808 6598 3807 6593 3813 6599 3813 6599 3807 6593 3812 6594 3813 6599 3812 6594 3817 6453 3817 6453 3812 6594 3816 6451 3753 6483 3752 6571 3794 6485 3794 6485 3752 6571 3793 6595 3794 6485 3793 6595 3799 6487 3799 6487 3793 6595 3798 6596 3799 6487 3798 6596 3804 6489 3804 6489 3798 6596 3803 6597 3804 6489 3803 6597 3809 6491 3809 6491 3803 6597 3808 6598 3809 6491 3808 6598 3814 6493 3814 6493 3808 6598 3813 6599 3814 6493 3813 6599 3818 6455 3818 6455 3813 6599 3817 6453 3722 6423 3891 6600 3698 6421 3698 6421 3891 6600 3892 6601 3698 6421 3892 6601 3699 6419 3699 6419 3892 6601 3893 6602 3699 6419 3893 6602 3700 6459 3700 6459 3893 6602 3894 6603 3700 6459 3894 6603 3701 6461 3701 6461 3894 6603 3895 6604 3701 6461 3895 6604 3702 6463 3702 6463 3895 6604 3896 6605 3702 6463 3896 6605 3703 6465 3703 6465 3896 6605 3897 6606 3703 6465 3897 6606 3704 6467 3704 6467 3897 6606 3898 6607 3704 6467 3898 6607 3705 6469 3705 6469 3898 6607 3899 6608 3705 6469 3899 6608 3706 6471 3706 6471 3899 6608 3900 6609 3706 6471 3900 6609 3707 6473 3707 6473 3900 6609 3901 6610 3707 6473 3901 6610 3708 6475 3708 6475 3901 6610 3902 6611 3708 6475 3902 6611 3709 6477 3709 6477 3902 6611 3903 6612 3709 6477 3903 6612 3710 6479 3710 6479 3903 6612 3879 6613 3710 6479 3879 6613 3711 6445 3711 6445 3879 6613 3880 6614 3711 6445 3880 6614 3712 6443 3712 6443 3880 6614 3881 6615 3712 6443 3881 6615 3713 6441 3713 6441 3881 6615 3882 6616 3713 6441 3882 6616 3714 6439 3714 6439 3882 6616 3883 6617 3714 6439 3883 6617 3715 6437 3715 6437 3883 6617 3884 6618 3715 6437 3884 6618 3716 6435 3716 6435 3884 6618 3885 6619 3716 6435 3885 6619 3717 6433 3717 6433 3885 6619 3886 6620 3717 6433 3886 6620 3718 6431 3718 6431 3886 6620 3887 6621 3718 6431 3887 6621 3719 6429 3719 6429 3887 6621 3888 6622 3719 6429 3888 6622 3720 6427 3720 6427 3888 6622 3889 6623 3720 6427 3889 6623 3721 6425 3721 6425 3889 6623 3890 6624 3721 6425 3890 6624 3722 6423 3722 6423 3890 6624 3891 6600 3905 6625 3730 6505 3904 6626 3904 6626 3730 6505 3729 6503 3904 6626 3729 6503 3936 6627 3936 6627 3729 6503 3728 6501 3936 6627 3728 6501 3935 6628 3935 6628 3728 6501 3934 6629 3934 6629 3728 6501 3727 6499 3934 6629 3727 6499 3933 6630 3933 6630 3727 6499 3726 6497 3933 6630 3726 6497 3932 6631 3932 6631 3726 6497 3725 6495 3932 6631 3725 6495 3931 6632 3931 6632 3725 6495 3724 6480 3931 6632 3724 6480 3930 6633 3930 6633 3724 6480 3929 6634 3929 6634 3724 6480 3723 6482 3929 6634 3723 6482 3928 6635 3928 6635 3723 6482 3748 6484 3928 6635 3748 6484 3927 6636 3927 6636 3748 6484 3747 6486 3927 6636 3747 6486 3926 6637 3926 6637 3747 6486 3746 6488 3926 6637 3746 6488 3925 6638 3925 6638 3746 6488 3924 6639 3924 6639 3746 6488 3745 6490 3924 6639 3745 6490 3923 6640 3923 6640 3745 6490 3744 6492 3923 6640 3744 6492 3922 6641 3922 6641 3744 6492 3743 6457 3922 6641 3743 6457 3921 6642 3921 6642 3743 6457 3742 6456 3921 6642 3742 6456 3920 6643 3920 6643 3742 6456 3919 6644 3919 6644 3742 6456 3741 6527 3919 6644 3741 6527 3918 6645 3918 6645 3741 6527 3740 6525 3918 6645 3740 6525 3917 6646 3917 6646 3740 6525 3739 6523 3917 6646 3739 6523 3916 6647 3916 6647 3739 6523 3915 6648 3915 6648 3739 6523 3738 6521 3915 6648 3738 6521 3914 6649 3914 6649 3738 6521 3737 6519 3914 6649 3737 6519 3913 6650 3913 6650 3737 6519 3736 6517 3913 6650 3736 6517 3912 6651 3912 6651 3736 6517 3735 6515 3912 6651 3735 6515 3911 6652 3911 6652 3735 6515 3910 6653 3910 6653 3735 6515 3734 6513 3910 6653 3734 6513 3909 6654 3909 6654 3734 6513 3733 6511 3909 6654 3733 6511 3908 6655 3908 6655 3733 6511 3732 6509 3908 6655 3732 6509 3907 6656 3907 6656 3732 6509 3731 6507 3907 6656 3731 6507 3906 6657 3906 6657 3731 6507 3905 6625 3905 6625 3731 6507 3730 6505 3880 6658 3879 6659 3937 6660 3937 6660 3879 6659 3903 6661 3937 6660 3903 6661 3960 6662 3960 6662 3903 6661 3902 6663 3960 6662 3902 6663 3959 6664 3959 6664 3902 6663 3901 6665 3959 6664 3901 6665 3958 6666 3958 6666 3901 6665 3900 6667 3958 6666 3900 6667 3957 6668 3957 6668 3900 6667 3899 6669 3957 6668 3899 6669 3956 6670 3956 6670 3899 6669 3898 6671 3956 6670 3898 6671 3955 6672 3955 6672 3898 6671 3897 6673 3955 6672 3897 6673 3954 6674 3954 6674 3897 6673 3896 6675 3954 6674 3896 6675 3953 6676 3953 6676 3896 6675 3895 6677 3953 6676 3895 6677 3952 6678 3952 6678 3895 6677 3894 6679 3952 6678 3894 6679 3951 6680 3951 6680 3894 6679 3893 6681 3951 6680 3893 6681 3950 6682 3950 6682 3893 6681 3892 6683 3950 6682 3892 6683 3949 6684 3949 6684 3892 6683 3891 6685 3949 6684 3891 6685 3948 6686 3948 6686 3891 6685 3890 6687 3948 6686 3890 6687 3947 6688 3947 6688 3890 6687 3889 6689 3947 6688 3889 6689 3946 6690 3946 6690 3889 6689 3888 6691 3946 6690 3888 6691 3945 6692 3945 6692 3888 6691 3887 6693 3945 6692 3887 6693 3944 6694 3944 6694 3887 6693 3886 6695 3944 6694 3886 6695 3943 6696 3943 6696 3886 6695 3885 6697 3943 6696 3885 6697 3942 6698 3942 6698 3885 6697 3884 6699 3942 6698 3884 6699 3941 6700 3941 6700 3884 6699 3883 6701 3941 6700 3883 6701 3940 6702 3940 6702 3883 6701 3882 6703 3940 6702 3882 6703 3939 6704 3939 6704 3882 6703 3881 6705 3939 6704 3881 6705 3938 6706 3938 6706 3881 6705 3880 6658 3938 6706 3880 6658 3937 6660 3937 6707 3960 6708 3938 6709 3938 6709 3960 6708 3939 6710 3939 6710 3960 6708 3959 6711 3939 6710 3959 6711 3940 6712 3940 6712 3959 6711 3958 6713 3940 6712 3958 6713 3941 6714 3941 6714 3958 6713 3957 6715 3941 6714 3957 6715 3942 6716 3942 6716 3957 6715 3956 6717 3942 6716 3956 6717 3943 6718 3943 6718 3956 6717 3955 6719 3943 6718 3955 6719 3944 6720 3944 6720 3955 6719 3954 6721 3944 6720 3954 6721 3945 6722 3945 6722 3954 6721 3953 6723 3945 6722 3953 6723 3946 6724 3946 6724 3953 6723 3952 6725 3946 6724 3952 6725 3947 6726 3947 6726 3952 6725 3951 6727 3947 6726 3951 6727 3948 6728 3948 6728 3951 6727 3950 6729 3948 6728 3950 6729 3949 6730 3962 6731 4031 6732 3961 6733 3961 6733 4031 6732 4025 6734 3961 6733 4025 6734 4185 6735 4185 6735 4025 6734 4026 6736 4185 6735 4026 6736 4186 6737 4186 6737 4026 6736 4027 6738 4186 6737 4027 6738 4187 6739 4187 6739 4027 6738 4028 6740 4187 6739 4028 6740 4188 6741 4188 6741 4028 6740 4029 6742 4188 6741 4029 6742 4189 6743 4189 6743 4029 6742 4001 6744 4189 6743 4001 6744 4002 6745 4031 6732 3962 6731 4036 6746 4036 6746 3962 6731 3963 6747 4036 6746 3963 6747 4041 6748 4041 6748 3963 6747 3964 6749 4041 6748 3964 6749 4046 6750 4046 6750 3964 6749 3965 6751 4046 6750 3965 6751 4051 6752 4051 6752 3965 6751 3966 6753 4051 6752 3966 6753 4056 6754 4056 6754 3966 6753 3967 6755 4056 6754 3967 6755 4061 6756 4061 6756 3967 6755 3968 6757 4061 6756 3968 6757 4066 6758 4066 6758 3968 6757 3969 6759 4066 6758 3969 6759 4071 6760 4071 6760 3969 6759 3970 6761 4071 6760 3970 6761 4076 6762 4076 6762 3970 6761 3971 6763 4076 6762 3971 6763 4081 6764 4081 6764 3971 6763 3972 6765 4081 6764 3972 6765 4086 6766 4086 6766 3972 6765 3973 6767 4086 6766 3973 6767 4091 6768 4091 6768 3973 6767 3974 6769 4091 6768 3974 6769 4096 6770 4096 6770 3974 6769 3975 6771 4096 6770 3975 6771 4101 6772 4101 6772 3975 6771 3976 6773 4101 6772 3976 6773 4030 6774 4030 6774 3976 6773 3977 6775 4030 6774 3977 6775 4119 6776 4119 6776 3977 6775 4110 6777 4119 6776 4110 6777 4111 6778 4111 6778 4110 6777 4121 6779 4111 6778 4121 6779 4122 6780 4122 6780 4121 6779 4127 6781 4122 6780 4127 6781 4128 6782 4128 6782 4127 6781 4133 6783 4128 6782 4133 6783 4134 6784 4134 6784 4133 6783 4139 6785 4134 6784 4139 6785 4012 6786 4012 6786 4139 6785 4011 6787 4011 6787 4139 6785 4144 6788 4011 6787 4144 6788 4010 6789 4010 6789 4144 6788 4149 6790 4010 6789 4149 6790 4009 6791 4009 6791 4149 6790 4154 6792 4009 6791 4154 6792 4008 6793 4008 6793 4154 6792 4159 6794 4008 6793 4159 6794 4007 6795 4007 6795 4159 6794 4164 6796 4007 6795 4164 6796 4006 6797 4006 6797 4164 6796 4169 6798 4006 6797 4169 6798 4005 6799 4005 6799 4169 6798 4174 6800 4005 6799 4174 6800 4004 6801 4004 6801 4174 6800 4179 6802 4004 6801 4179 6802 4003 6803 4003 6803 4179 6802 4184 6804 4003 6803 4184 6804 4002 6745 4002 6745 4184 6804 4189 6743 3977 6775 3978 6805 4110 6777 4110 6777 3978 6805 4120 6806 4110 6777 4120 6806 4121 6779 4121 6779 4120 6806 4126 6807 4121 6779 4126 6807 4127 6781 4127 6781 4126 6807 4132 6808 4127 6781 4132 6808 4133 6783 4133 6783 4132 6808 4138 6809 4133 6783 4138 6809 4139 6785 4139 6785 4138 6809 4144 6788 3978 6805 3979 6810 4120 6806 4120 6806 3979 6810 4125 6811 4120 6806 4125 6811 4126 6807 4126 6807 4125 6811 4131 6812 4126 6807 4131 6812 4132 6808 4132 6808 4131 6812 4137 6813 4132 6808 4137 6813 4138 6809 4138 6809 4137 6813 4143 6814 4138 6809 4143 6814 4144 6788 4144 6788 4143 6814 4149 6790 3979 6810 3980 6815 4125 6811 4125 6811 3980 6815 4130 6816 4125 6811 4130 6816 4131 6812 4131 6812 4130 6816 4136 6817 4131 6812 4136 6817 4137 6813 4137 6813 4136 6817 4142 6818 4137 6813 4142 6818 4143 6814 4143 6814 4142 6818 4148 6819 4143 6814 4148 6819 4149 6790 4149 6790 4148 6819 4154 6792 3980 6815 3981 6820 4130 6816 4130 6816 3981 6820 4135 6821 4130 6816 4135 6821 4136 6817 4136 6817 4135 6821 4141 6822 4136 6817 4141 6822 4142 6818 4142 6818 4141 6822 4147 6823 4142 6818 4147 6823 4148 6819 4148 6819 4147 6823 4153 6824 4148 6819 4153 6824 4154 6792 4154 6792 4153 6824 4159 6794 3981 6820 3982 6825 4135 6821 4135 6821 3982 6825 4140 6826 4135 6821 4140 6826 4141 6822 4141 6822 4140 6826 4146 6827 4141 6822 4146 6827 4147 6823 4147 6823 4146 6827 4152 6828 4147 6823 4152 6828 4153 6824 4153 6824 4152 6828 4158 6829 4153 6824 4158 6829 4159 6794 4159 6794 4158 6829 4164 6796 3982 6825 3983 6830 4140 6826 4140 6826 3983 6830 4145 6831 4140 6826 4145 6831 4146 6827 4146 6827 4145 6831 4151 6832 4146 6827 4151 6832 4152 6828 4152 6828 4151 6832 4157 6833 4152 6828 4157 6833 4158 6829 4158 6829 4157 6833 4163 6834 4158 6829 4163 6834 4164 6796 4164 6796 4163 6834 4169 6798 3983 6830 3984 6835 4145 6831 4145 6831 3984 6835 4150 6836 4145 6831 4150 6836 4151 6832 4151 6832 4150 6836 4156 6837 4151 6832 4156 6837 4157 6833 4157 6833 4156 6837 4162 6838 4157 6833 4162 6838 4163 6834 4163 6834 4162 6838 4168 6839 4163 6834 4168 6839 4169 6798 4169 6798 4168 6839 4174 6800 3984 6835 3985 6840 4150 6836 4150 6836 3985 6840 4155 6841 4150 6836 4155 6841 4156 6837 4156 6837 4155 6841 4161 6842 4156 6837 4161 6842 4162 6838 4162 6838 4161 6842 4167 6843 4162 6838 4167 6843 4168 6839 4168 6839 4167 6843 4173 6844 4168 6839 4173 6844 4174 6800 4174 6800 4173 6844 4179 6802 3985 6840 3986 6845 4155 6841 4155 6841 3986 6845 4160 6846 4155 6841 4160 6846 4161 6842 4161 6842 4160 6846 4166 6847 4161 6842 4166 6847 4167 6843 4167 6843 4166 6847 4172 6848 4167 6843 4172 6848 4173 6844 4173 6844 4172 6848 4178 6849 4173 6844 4178 6849 4179 6802 4179 6802 4178 6849 4184 6804 3986 6845 3987 6850 4160 6846 4160 6846 3987 6850 4165 6851 4160 6846 4165 6851 4166 6847 4166 6847 4165 6851 4171 6852 4166 6847 4171 6852 4172 6848 4172 6848 4171 6852 4177 6853 4172 6848 4177 6853 4178 6849 4178 6849 4177 6853 4183 6854 4178 6849 4183 6854 4184 6804 4184 6804 4183 6854 4189 6743 3987 6850 3988 6855 4165 6851 4165 6851 3988 6855 4170 6856 4165 6851 4170 6856 4171 6852 4171 6852 4170 6856 4176 6857 4171 6852 4176 6857 4177 6853 4177 6853 4176 6857 4182 6858 4177 6853 4182 6858 4183 6854 4183 6854 4182 6858 4188 6741 4183 6854 4188 6741 4189 6743 3988 6855 3989 6859 4170 6856 4170 6856 3989 6859 4175 6860 4170 6856 4175 6860 4176 6857 4176 6857 4175 6860 4181 6861 4176 6857 4181 6861 4182 6858 4182 6858 4181 6861 4187 6739 4182 6858 4187 6739 4188 6741 3989 6859 3990 6862 4175 6860 4175 6860 3990 6862 4180 6863 4175 6860 4180 6863 4181 6861 4181 6861 4180 6863 4186 6737 4181 6861 4186 6737 4187 6739 3990 6862 3991 6864 4180 6863 4180 6863 3991 6864 4185 6735 4180 6863 4185 6735 4186 6737 3991 6864 3961 6733 4185 6735 3993 6865 4070 6866 3992 6867 3992 6867 4070 6866 4075 6868 3992 6867 4075 6868 4024 6869 4024 6869 4075 6868 4080 6870 4024 6869 4080 6870 4023 6871 4023 6871 4080 6870 4085 6872 4023 6871 4085 6872 4022 6873 4022 6873 4085 6872 4090 6874 4022 6873 4090 6874 4021 6875 4021 6875 4090 6874 4095 6876 4021 6875 4095 6876 4020 6877 4020 6877 4095 6876 4100 6878 4020 6877 4100 6878 4019 6879 4019 6879 4100 6878 4105 6880 4019 6879 4105 6880 4018 6881 4018 6881 4105 6880 4109 6882 4018 6881 4109 6882 4017 6883 4017 6883 4109 6882 4115 6884 4017 6883 4115 6884 4016 6885 4016 6885 4115 6884 4114 6886 4016 6885 4114 6886 4015 6887 4015 6887 4114 6886 4124 6888 4015 6887 4124 6888 4014 6889 4014 6889 4124 6888 4129 6890 4014 6889 4129 6890 4013 6891 4013 6891 4129 6890 4134 6784 4013 6891 4134 6784 4012 6786 4070 6866 3993 6865 4065 6892 4065 6892 3993 6865 3994 6893 4065 6892 3994 6893 4060 6894 4060 6894 3994 6893 3995 6895 4060 6894 3995 6895 4055 6896 4055 6896 3995 6895 3996 6897 4055 6896 3996 6897 4050 6898 4050 6898 3996 6897 3997 6899 4050 6898 3997 6899 4045 6900 4045 6900 3997 6899 3998 6901 4045 6900 3998 6901 4040 6902 4040 6902 3998 6901 3999 6903 4040 6902 3999 6903 4035 6904 4035 6904 3999 6903 4000 6905 4035 6904 4000 6905 4029 6742 4029 6742 4000 6905 4001 6744 4026 6736 4025 6734 4032 6906 4032 6906 4025 6734 4031 6732 4032 6906 4031 6732 4037 6907 4037 6907 4031 6732 4036 6746 4037 6907 4036 6746 4042 6908 4042 6908 4036 6746 4041 6748 4042 6908 4041 6748 4047 6909 4047 6909 4041 6748 4046 6750 4047 6909 4046 6750 4052 6910 4052 6910 4046 6750 4051 6752 4052 6910 4051 6752 4057 6911 4057 6911 4051 6752 4056 6754 4057 6911 4056 6754 4062 6912 4062 6912 4056 6754 4061 6756 4062 6912 4061 6756 4067 6913 4067 6913 4061 6756 4066 6758 4067 6913 4066 6758 4072 6914 4072 6914 4066 6758 4071 6760 4072 6914 4071 6760 4077 6915 4077 6915 4071 6760 4076 6762 4077 6915 4076 6762 4082 6916 4082 6916 4076 6762 4081 6764 4082 6916 4081 6764 4087 6917 4087 6917 4081 6764 4086 6766 4087 6917 4086 6766 4092 6918 4092 6918 4086 6766 4091 6768 4092 6918 4091 6768 4097 6919 4097 6919 4091 6768 4096 6770 4097 6919 4096 6770 4102 6920 4102 6920 4096 6770 4101 6772 4102 6920 4101 6772 4106 6921 4106 6921 4101 6772 4030 6774 4106 6921 4030 6774 4118 6922 4118 6922 4030 6774 4119 6776 4118 6922 4119 6776 4111 6778 4027 6738 4026 6736 4033 6923 4033 6923 4026 6736 4032 6906 4033 6923 4032 6906 4038 6924 4038 6924 4032 6906 4037 6907 4038 6924 4037 6907 4043 6925 4043 6925 4037 6907 4042 6908 4043 6925 4042 6908 4048 6926 4048 6926 4042 6908 4047 6909 4048 6926 4047 6909 4053 6927 4053 6927 4047 6909 4052 6910 4053 6927 4052 6910 4058 6928 4058 6928 4052 6910 4057 6911 4058 6928 4057 6911 4063 6929 4063 6929 4057 6911 4062 6912 4063 6929 4062 6912 4068 6930 4068 6930 4062 6912 4067 6913 4068 6930 4067 6913 4073 6931 4073 6931 4067 6913 4072 6914 4073 6931 4072 6914 4078 6932 4078 6932 4072 6914 4077 6915 4078 6932 4077 6915 4083 6933 4083 6933 4077 6915 4082 6916 4083 6933 4082 6916 4088 6934 4088 6934 4082 6916 4087 6917 4088 6934 4087 6917 4093 6935 4093 6935 4087 6917 4092 6918 4093 6935 4092 6918 4098 6936 4098 6936 4092 6918 4097 6919 4098 6936 4097 6919 4103 6937 4103 6937 4097 6919 4102 6920 4103 6937 4102 6920 4107 6938 4107 6938 4102 6920 4106 6921 4107 6938 4106 6921 4117 6939 4117 6939 4106 6921 4118 6922 4117 6939 4118 6922 4112 6940 4112 6940 4118 6922 4111 6778 4112 6940 4111 6778 4122 6780 4035 6904 4029 6742 4028 6740 4028 6740 4027 6738 4034 6941 4034 6941 4027 6738 4033 6923 4034 6941 4033 6923 4039 6942 4039 6942 4033 6923 4038 6924 4039 6942 4038 6924 4044 6943 4044 6943 4038 6924 4043 6925 4044 6943 4043 6925 4049 6944 4049 6944 4043 6925 4048 6926 4049 6944 4048 6926 4054 6945 4054 6945 4048 6926 4053 6927 4054 6945 4053 6927 4059 6946 4059 6946 4053 6927 4058 6928 4059 6946 4058 6928 4064 6947 4064 6947 4058 6928 4063 6929 4064 6947 4063 6929 4069 6948 4069 6948 4063 6929 4068 6930 4069 6948 4068 6930 4074 6949 4074 6949 4068 6930 4073 6931 4074 6949 4073 6931 4079 6950 4079 6950 4073 6931 4078 6932 4079 6950 4078 6932 4084 6951 4084 6951 4078 6932 4083 6933 4084 6951 4083 6933 4089 6952 4089 6952 4083 6933 4088 6934 4089 6952 4088 6934 4094 6953 4094 6953 4088 6934 4093 6935 4094 6953 4093 6935 4099 6954 4099 6954 4093 6935 4098 6936 4099 6954 4098 6936 4104 6955 4104 6955 4098 6936 4103 6937 4104 6955 4103 6937 4108 6956 4108 6956 4103 6937 4107 6938 4108 6956 4107 6938 4116 6957 4116 6957 4107 6938 4117 6939 4116 6957 4117 6939 4113 6958 4113 6958 4117 6939 4112 6940 4113 6958 4112 6940 4123 6959 4123 6959 4112 6940 4122 6780 4123 6959 4122 6780 4128 6782 4040 6902 4035 6904 4034 6941 4034 6941 4035 6904 4028 6740 4040 6902 4034 6941 4039 6942 4045 6900 4040 6902 4039 6942 4045 6900 4039 6942 4044 6943 4050 6898 4045 6900 4044 6943 4050 6898 4044 6943 4049 6944 4055 6896 4050 6898 4049 6944 4055 6896 4049 6944 4054 6945 4060 6894 4055 6896 4054 6945 4060 6894 4054 6945 4059 6946 4065 6892 4060 6894 4059 6946 4065 6892 4059 6946 4064 6947 4070 6866 4065 6892 4064 6947 4070 6866 4064 6947 4069 6948 4075 6868 4070 6866 4069 6948 4075 6868 4069 6948 4074 6949 4080 6870 4075 6868 4074 6949 4080 6870 4074 6949 4079 6950 4085 6872 4080 6870 4079 6950 4085 6872 4079 6950 4084 6951 4090 6874 4085 6872 4084 6951 4090 6874 4084 6951 4089 6952 4095 6876 4090 6874 4089 6952 4095 6876 4089 6952 4094 6953 4100 6878 4095 6876 4094 6953 4100 6878 4094 6953 4099 6954 4105 6880 4100 6878 4099 6954 4105 6880 4099 6954 4104 6955 4109 6882 4105 6880 4104 6955 4109 6882 4104 6955 4108 6956 4115 6884 4109 6882 4108 6956 4115 6884 4108 6956 4116 6957 4115 6884 4116 6957 4114 6886 4114 6886 4116 6957 4113 6958 4114 6886 4113 6958 4124 6888 4124 6888 4113 6958 4123 6959 4124 6888 4123 6959 4129 6890 4129 6890 4123 6959 4128 6782 4129 6890 4128 6782 4134 6784 3962 6731 3961 6733 4192 6960 4192 6960 3961 6733 3991 6864 4192 6960 3991 6864 3990 6862 3990 6862 3989 6859 4192 6960 4192 6960 3989 6859 4191 6961 4191 6961 3989 6859 3988 6855 4191 6961 3988 6855 3987 6850 3987 6850 3986 6845 4191 6961 4191 6961 3986 6845 3985 6840 4191 6961 3985 6840 3984 6835 4191 6961 3984 6835 4190 6962 4190 6962 3984 6835 3983 6830 4190 6962 3983 6830 3982 6825 3982 6825 3981 6820 4190 6962 4190 6962 3981 6820 3980 6815 4190 6962 3980 6815 3979 6810 4190 6962 3979 6810 4195 6963 4195 6963 3979 6810 3978 6805 4195 6963 3978 6805 3977 6775 3977 6775 3976 6773 4195 6963 4195 6963 3976 6773 3975 6771 4195 6963 3975 6771 3974 6769 4195 6963 3974 6769 4194 6964 4194 6964 3974 6769 3973 6767 4194 6964 3973 6767 3972 6765 3972 6765 3971 6763 4194 6964 4194 6964 3971 6763 3970 6761 4194 6964 3970 6761 3969 6759 4194 6964 3969 6759 4193 6965 4193 6965 3969 6759 3968 6757 4193 6965 3968 6757 3967 6755 3967 6755 3966 6753 4193 6965 4193 6965 3966 6753 3965 6751 4193 6965 3965 6751 3964 6749 4193 6965 3964 6749 4192 6960 4192 6960 3964 6749 3963 6747 4192 6960 3963 6747 3962 6731 4024 6869 3905 6966 3992 6867 3992 6867 3905 6966 3904 6967 3992 6867 3904 6967 3993 6865 3993 6865 3904 6967 3936 6968 3993 6865 3936 6968 3994 6893 3994 6893 3936 6968 3935 6969 3994 6893 3935 6969 3995 6895 3995 6895 3935 6969 3934 6970 3995 6895 3934 6970 3996 6897 3996 6897 3934 6970 3933 6971 3996 6897 3933 6971 3997 6899 3997 6899 3933 6971 3932 6972 3997 6899 3932 6972 3998 6901 3998 6901 3932 6972 3931 6973 3998 6901 3931 6973 3999 6903 3999 6903 3931 6973 3930 6974 3999 6903 3930 6974 4000 6905 4000 6905 3930 6974 3929 6975 4000 6905 3929 6975 4001 6744 4001 6744 3929 6975 3928 6976 4001 6744 3928 6976 4002 6745 4002 6745 3928 6976 3927 6977 4002 6745 3927 6977 4003 6803 4003 6803 3927 6977 3926 6978 4003 6803 3926 6978 4004 6801 4004 6801 3926 6978 3925 6979 4004 6801 3925 6979 4005 6799 4005 6799 3925 6979 3924 6980 4005 6799 3924 6980 4006 6797 4006 6797 3924 6980 3923 6981 4006 6797 3923 6981 4007 6795 4007 6795 3923 6981 3922 6982 4007 6795 3922 6982 4008 6793 4008 6793 3922 6982 3921 6983 4008 6793 3921 6983 4009 6791 4009 6791 3921 6983 3920 6984 4009 6791 3920 6984 4010 6789 4010 6789 3920 6984 3919 6985 4010 6789 3919 6985 4011 6787 4011 6787 3919 6985 3918 6986 4011 6787 3918 6986 4012 6786 4012 6786 3918 6986 3917 6987 4012 6786 3917 6987 4013 6891 4013 6891 3917 6987 3916 6988 4013 6891 3916 6988 4014 6889 4014 6889 3916 6988 3915 6989 4014 6889 3915 6989 4015 6887 4015 6887 3915 6989 3914 6990 4015 6887 3914 6990 4016 6885 4016 6885 3914 6990 3913 6991 4016 6885 3913 6991 4017 6883 4017 6883 3913 6991 3912 6992 4017 6883 3912 6992 4018 6881 4018 6881 3912 6992 3911 6993 4018 6881 3911 6993 4019 6879 4019 6879 3911 6993 3910 6994 4019 6879 3910 6994 4020 6877 4020 6877 3910 6994 3909 6995 4020 6877 3909 6995 4021 6875 4021 6875 3909 6995 3908 6996 4021 6875 3908 6996 4022 6873 4022 6873 3908 6996 3907 6997 4022 6873 3907 6997 4023 6871 4023 6871 3907 6997 3906 6998 4023 6871 3906 6998 4024 6869 4024 6869 3906 6998 3905 6966 4196 6999 4197 7000 4194 7001 4194 7001 4197 7000 4198 7002 4194 7001 4198 7002 4195 7003 4195 7003 4198 7002 4199 7004 4195 7003 4199 7004 4200 7005 4200 7006 4201 7007 4195 7008 4195 7008 4201 7007 4202 7009 4195 7008 4202 7009 4190 7010 4190 7010 4202 7009 4203 7011 4190 7010 4203 7011 4204 7012 4204 7013 4205 7014 4190 7015 4190 7015 4205 7014 4206 7016 4190 7015 4206 7016 4191 7017 4191 7017 4206 7016 4207 7018 4191 7017 4207 7018 4208 7019 4208 7020 4209 7021 4191 7022 4191 7022 4209 7021 4210 7023 4191 7022 4210 7023 4192 7024 4192 7024 4210 7023 4211 7025 4192 7024 4211 7025 4212 7026 4213 7027 4214 7028 4193 7029 4193 7029 4214 7028 4215 7030 4193 7029 4215 7030 4194 7031 4194 7031 4215 7030 4216 7032 4194 7031 4216 7032 4196 7033 4212 7034 4217 7035 4192 7036 4192 7036 4217 7035 4218 7037 4192 7036 4218 7037 4193 7038 4193 7038 4218 7037 4219 7039 4193 7038 4219 7039 4213 7040 4197 7041 4196 7042 4220 7043 4220 7043 4196 7042 4216 7044 4216 7044 4215 7045 4220 7046 4213 7047 4220 7048 4214 7049 4213 7047 4219 7050 4220 7048 4219 7050 4218 7051 4220 7052 4212 7053 4220 7054 4217 7055 4212 7053 4211 7056 4220 7054 4211 7056 4210 7057 4220 7058 4208 7059 4220 7060 4209 7061 4208 7059 4207 7062 4220 7060 4207 7062 4206 7063 4220 7064 4204 7065 4220 7066 4205 7067 4204 7065 4203 7068 4220 7066 4203 7068 4202 7069 4220 7070 4200 7071 4220 7072 4201 7073 4200 7071 4199 7074 4220 7072 4199 7074 4198 7075 4220 7076 4214 7049 4220 7077 4215 7045 4197 7041 4220 7078 4198 7075 4201 7073 4220 7079 4202 7069 4205 7067 4220 7080 4206 7063 4209 7061 4220 7081 4210 7057 4217 7055 4220 7082 4218 7051</p>
        </triangles>
      </mesh>
    </geometry>
  </library_geometries>
  <library_visual_scenes>
    <visual_scene id="Scene" name="Scene">
      <node id="servo_mount-node" name="servo_mount" type="NODE">
        <instance_geometry url="#servo_mount-mesh">
          <bind_material>
            <technique_common>
              <instance_material symbol="Opaque_244_244_244_" target="#Opaque_244_244_244_"/>
              <instance_material symbol="Opaque_245_245_246_" target="#Opaque_245_245_246_"/>
              <instance_material symbol="Opaque_190_188_186_" target="#Opaque_190_188_186_"/>
            </technique_common>
          </bind_material>
        </instance_geometry>
      </node>
    </visual_scene>
  </library_visual_scenes>
  <scene>
    <instance_visual_scene url="#Scene"/>
  </scene>
</COLLADA>
