<?xml version="1.0" encoding="utf-8"?>
<COLLADA xmlns="http://www.collada.org/2005/11/COLLADASchema" version="1.4.1">
  <asset>
    <contributor>
      <authoring_tool>Fusion URDF/XACRO Exporter</authoring_tool>
    </contributor>
    <created>2026-05-04T15:59:39Z</created>
    <modified>2026-05-04T15:59:39Z</modified>
    <unit name="meter" meter="1.0"/>
    <up_axis>Z_UP</up_axis>
  </asset>
  <library_effects>
    <effect id="Steel_-_Satin-effect">
      <profile_COMMON>
        <technique sid="common">
          <lambert>
            <emission><color>0 0 0 1</color></emission>
            <ambient><color>0.0000 0.0000 0.0000 1</color></ambient>
            <diffuse><color>0.6275 0.6275 0.6275 1</color></diffuse>
            <reflective><color>0 0 0 1</color></reflective>
            <transparent opaque="A_ONE"><color>1 1 1 1</color></transparent>
            <transparency><float>1</float></transparency>
          </lambert>
        </technique>
      </profile_COMMON>
    </effect>
    <effect id="Opaque_0_192_0_-effect">
      <profile_COMMON>
        <technique sid="common">
          <lambert>
            <emission><color>0 0 0 1</color></emission>
            <ambient><color>0.0000 0.0000 0.0000 1</color></ambient>
            <diffuse><color>0.0000 0.7529 0.0000 1</color></diffuse>
            <reflective><color>0 0 0 1</color></reflective>
            <transparent opaque="A_ONE"><color>1 1 1 1</color></transparent>
            <transparency><float>1</float></transparency>
          </lambert>
        </technique>
      </profile_COMMON>
    </effect>
  </library_effects>
  <library_materials>
    <material id="Steel_-_Satin" name="Steel_-_Satin">
      <instance_effect url="#Steel_-_Satin-effect"/>
    </material>
    <material id="Opaque_0_192_0_" name="Opaque(0,192,0)">
      <instance_effect url="#Opaque_0_192_0_-effect"/>
    </material>
  </library_materials>
  <library_geometries>
    <geometry id="Arm02-mesh" name="Arm02">
      <mesh>
        <source id="Arm02-mesh-positions">
          <float_array id="Arm02-mesh-positions-array" count="8190">0.367000 0.000000 -0.098000 0.367000 0.007324 -0.097726 0.367000 0.014606 -0.096905 0.367000 0.021807 -0.095543 0.367000 0.028886 -0.093646 0.367000 0.035803 -0.091226 0.367000 0.042521 -0.088295 0.367000 0.049000 -0.084870 0.367000 0.055205 -0.080971 0.367000 0.061102 -0.076619 0.367000 0.066657 -0.071839 0.367000 0.071839 -0.066657 0.367000 0.076619 -0.061102 0.367000 0.080971 -0.055205 0.367000 0.084870 -0.049000 0.367000 0.088295 -0.042521 0.367000 0.091226 -0.035803 0.367000 0.093646 -0.028886 0.367000 0.095543 -0.021807 0.367000 0.096905 -0.014606 0.367000 0.097726 -0.007324 0.367000 0.098000 -0.000000 0.367000 0.097726 0.007324 0.367000 0.096905 0.014606 0.367000 0.095543 0.021807 0.367000 0.093646 0.028886 0.367000 0.091226 0.035803 0.367000 0.088295 0.042521 0.367000 0.084870 0.049000 0.367000 0.080971 0.055205 0.367000 0.076619 0.061102 0.367000 0.071839 0.066657 0.367000 0.066657 0.071839 0.367000 0.061102 0.076619 0.367000 0.055205 0.080971 0.367000 0.049000 0.084870 0.367000 0.042521 0.088295 0.367000 0.035803 0.091226 0.367000 0.028886 0.093646 0.367000 0.021807 0.095543 0.367000 0.014606 0.096905 0.367000 0.007324 0.097726 0.367000 0.000000 0.098000 0.367000 -0.007324 0.097726 0.367000 -0.014606 0.096905 0.367000 -0.021807 0.095543 0.367000 -0.028886 0.093646 0.367000 -0.035803 0.091226 0.367000 -0.042521 0.088295 0.367000 -0.049000 0.084870 0.367000 -0.055205 0.080971 0.367000 -0.061102 0.076619 0.367000 -0.066657 0.071839 0.367000 -0.071839 0.066657 0.367000 -0.076619 0.061102 0.367000 -0.080971 0.055205 0.367000 -0.084870 0.049000 0.367000 -0.088295 0.042521 0.367000 -0.091226 0.035803 0.367000 -0.093646 0.028886 0.367000 -0.095543 0.021807 0.367000 -0.096905 0.014606 0.367000 -0.097726 0.007324 0.367000 -0.098000 0.000000 0.367000 -0.097726 -0.007324 0.367000 -0.096905 -0.014606 0.367000 -0.095543 -0.021807 0.367000 -0.093646 -0.028886 0.367000 -0.091226 -0.035803 0.367000 -0.088295 -0.042521 0.367000 -0.084870 -0.049000 0.367000 -0.080971 -0.055205 0.367000 -0.076619 -0.061102 0.367000 -0.071839 -0.066657 0.367000 -0.066657 -0.071839 0.367000 -0.061102 -0.076619 0.367000 -0.055205 -0.080971 0.367000 -0.049000 -0.084870 0.367000 -0.042521 -0.088295 0.367000 -0.035803 -0.091226 0.367000 -0.028886 -0.093646 0.367000 -0.021807 -0.095543 0.367000 -0.014606 -0.096905 0.367000 -0.007324 -0.097726 0.000000 0.000000 -0.100000 0.000000 0.007385 -0.099727 0.000000 0.014730 -0.098909 0.000000 0.021995 -0.097551 0.000000 0.029139 -0.095660 0.000000 0.036124 -0.093247 0.000000 0.042912 -0.090325 0.000000 0.049466 -0.086909 0.000000 0.055749 -0.083018 0.000000 0.061728 -0.078674 0.000000 0.067370 -0.073901 0.000000 0.072643 -0.068724 0.000000 0.077520 -0.063171 0.000000 0.081974 -0.057274 0.000000 0.085980 -0.051063 0.000000 0.089516 -0.044574 0.000000 0.092564 -0.037841 0.000000 0.095106 -0.030902 0.000000 0.097128 -0.023794 0.000000 0.098620 -0.016555 0.000000 0.099573 -0.009227 0.000000 0.099983 -0.001848 0.000000 0.099846 0.005541 0.000000 0.099164 0.012900 0.000000 0.097941 0.020188 0.000000 0.096183 0.027366 0.000000 0.093899 0.034395 0.000000 0.091102 0.041236 0.000000 0.087808 0.047851 0.000000 0.084034 0.054205 0.000000 0.079802 0.060263 0.000000 0.075133 0.065992 0.000000 0.070054 0.071361 0.000000 0.064593 0.076340 0.000000 0.058779 0.080902 0.000000 0.052643 0.085022 0.000000 0.046220 0.088677 0.000000 0.039545 0.091849 0.000000 0.032654 0.094518 0.000000 0.025584 0.096672 0.000000 0.018375 0.098297 0.000000 0.011065 0.099386 0.000000 0.003695 0.099932 0.000000 -0.003695 0.099932 0.000000 -0.011065 0.099386 0.000000 -0.018375 0.098297 0.000000 -0.025584 0.096672 0.000000 -0.032654 0.094518 0.000000 -0.039545 0.091849 0.000000 -0.046220 0.088677 0.000000 -0.052643 0.085022 0.000000 -0.058779 0.080902 0.000000 -0.064593 0.076340 0.000000 -0.070054 0.071361 0.000000 -0.075133 0.065992 0.000000 -0.079802 0.060263 0.000000 -0.084034 0.054205 0.000000 -0.087808 0.047851 0.000000 -0.091102 0.041236 0.000000 -0.093899 0.034395 0.000000 -0.096183 0.027366 0.000000 -0.097941 0.020188 0.000000 -0.099164 0.012900 0.000000 -0.099846 0.005541 0.000000 -0.099983 -0.001848 0.000000 -0.099573 -0.009227 0.000000 -0.098620 -0.016555 0.000000 -0.097128 -0.023794 0.000000 -0.095106 -0.030902 0.000000 -0.092564 -0.037841 0.000000 -0.089516 -0.044574 0.000000 -0.085980 -0.051063 0.000000 -0.081974 -0.057274 0.000000 -0.077520 -0.063171 0.000000 -0.072643 -0.068724 0.000000 -0.067370 -0.073901 0.000000 -0.061728 -0.078674 0.000000 -0.055749 -0.083018 0.000000 -0.049466 -0.086909 0.000000 -0.042912 -0.090325 0.000000 -0.036124 -0.093247 0.000000 -0.029139 -0.095660 0.000000 -0.021995 -0.097551 0.000000 -0.014730 -0.098909 0.000000 -0.007385 -0.099727 -0.023000 0.000000 0.077000 -0.023000 0.006443 0.076730 -0.023000 0.012841 0.075922 -0.023000 0.019149 0.074581 -0.023000 0.025323 0.072717 -0.023000 0.031319 0.070343 -0.023000 0.037095 0.067476 -0.023000 0.042611 0.064135 -0.023000 0.047828 0.060344 -0.023000 0.052710 0.056131 -0.023000 0.057222 0.051523 -0.023000 0.061333 0.046554 -0.023000 0.065013 0.041259 -0.023000 0.068238 0.035674 -0.023000 0.070983 0.029839 -0.023000 0.073231 0.023794 -0.023000 0.074966 0.017583 -0.023000 0.076174 0.011248 -0.023000 0.076848 0.004835 -0.023000 0.076983 -0.001613 -0.023000 0.076578 -0.008049 -0.023000 0.075636 -0.014428 -0.023000 0.074164 -0.020707 -0.023000 0.072171 -0.026840 -0.023000 0.069672 -0.032785 -0.023000 0.066684 -0.038500 -0.023000 0.063228 -0.043945 -0.023000 0.059330 -0.049082 -0.023000 0.055014 -0.053874 -0.023000 0.050313 -0.058289 -0.023000 0.045259 -0.062294 -0.023000 0.039888 -0.065863 -0.023000 0.034237 -0.068970 -0.023000 0.028346 -0.071593 -0.023000 0.022255 -0.073714 -0.023000 0.016009 -0.075317 -0.023000 0.009651 -0.076393 -0.023000 0.003224 -0.076932 -0.023000 -0.003224 -0.076932 -0.023000 -0.009651 -0.076393 -0.023000 -0.016009 -0.075317 -0.023000 -0.022255 -0.073714 -0.023000 -0.028346 -0.071593 -0.023000 -0.034237 -0.068970 -0.023000 -0.039888 -0.065863 -0.023000 -0.045259 -0.062294 -0.023000 -0.050313 -0.058289 -0.023000 -0.055014 -0.053874 -0.023000 -0.059330 -0.049082 -0.023000 -0.063228 -0.043945 -0.023000 -0.066684 -0.038500 -0.023000 -0.069672 -0.032785 -0.023000 -0.072171 -0.026840 -0.023000 -0.074164 -0.020707 -0.023000 -0.075636 -0.014428 -0.023000 -0.076578 -0.008049 -0.023000 -0.076983 -0.001613 -0.023000 -0.076848 0.004835 -0.023000 -0.076174 0.011248 -0.023000 -0.074966 0.017583 -0.023000 -0.073231 0.023794 -0.023000 -0.070983 0.029839 -0.023000 -0.068238 0.035674 -0.023000 -0.065013 0.041259 -0.023000 -0.061333 0.046554 -0.023000 -0.057222 0.051523 -0.023000 -0.052710 0.056131 -0.023000 -0.047828 0.060344 -0.023000 -0.042611 0.064135 -0.023000 -0.037095 0.067476 -0.023000 -0.031319 0.070343 -0.023000 -0.025323 0.072717 -0.023000 -0.019149 0.074581 -0.023000 -0.012841 0.075922 -0.023000 -0.006443 0.076730 0.000000 0.000000 0.100000 0.000000 0.007385 0.099727 0.000000 0.014730 0.098909 0.000000 0.021995 0.097551 0.000000 0.029139 0.095660 0.000000 0.036124 0.093247 0.000000 0.042912 0.090325 0.000000 0.049466 0.086909 0.000000 0.055749 0.083018 0.000000 0.061728 0.078674 0.000000 0.067370 0.073901 0.000000 0.072643 0.068724 0.000000 0.077520 0.063171 0.000000 0.081974 0.057274 0.000000 0.085980 0.051063 0.000000 0.089516 0.044574 0.000000 0.092564 0.037841 0.000000 0.095106 0.030902 0.000000 0.097128 0.023794 0.000000 0.098620 0.016555 0.000000 0.099573 0.009227 0.000000 0.099983 0.001848 0.000000 0.099846 -0.005541 0.000000 0.099164 -0.012900 0.000000 0.097941 -0.020188 0.000000 0.096183 -0.027366 0.000000 0.093899 -0.034395 0.000000 0.091102 -0.041236 0.000000 0.087808 -0.047851 0.000000 0.084034 -0.054205 0.000000 0.079802 -0.060263 0.000000 0.075133 -0.065992 0.000000 0.070054 -0.071361 0.000000 0.064593 -0.076340 0.000000 0.058779 -0.080902 0.000000 0.052643 -0.085022 0.000000 0.046220 -0.088677 0.000000 0.039545 -0.091849 0.000000 0.032654 -0.094518 0.000000 0.025584 -0.096672 0.000000 0.018375 -0.098297 0.000000 0.011065 -0.099386 0.000000 0.003695 -0.099932 0.000000 -0.003695 -0.099932 0.000000 -0.011065 -0.099386 0.000000 -0.018375 -0.098297 0.000000 -0.025584 -0.096672 0.000000 -0.032654 -0.094518 0.000000 -0.039545 -0.091849 0.000000 -0.046220 -0.088677 0.000000 -0.052643 -0.085022 0.000000 -0.058779 -0.080902 0.000000 -0.064593 -0.076340 0.000000 -0.070054 -0.071361 0.000000 -0.075133 -0.065992 0.000000 -0.079802 -0.060263 0.000000 -0.084034 -0.054205 0.000000 -0.087808 -0.047851 0.000000 -0.091102 -0.041236 0.000000 -0.093899 -0.034395 0.000000 -0.096183 -0.027366 0.000000 -0.097941 -0.020188 0.000000 -0.099164 -0.012900 0.000000 -0.099846 -0.005541 0.000000 -0.099983 0.001848 0.000000 -0.099573 0.009227 0.000000 -0.098620 0.016555 0.000000 -0.097128 0.023794 0.000000 -0.095106 0.030902 0.000000 -0.092564 0.037841 0.000000 -0.089516 0.044574 0.000000 -0.085980 0.051063 0.000000 -0.081974 0.057274 0.000000 -0.077520 0.063171 0.000000 -0.072643 0.068724 0.000000 -0.067370 0.073901 0.000000 -0.061728 0.078674 0.000000 -0.055749 0.083018 0.000000 -0.049466 0.086909 0.000000 -0.042912 0.090325 0.000000 -0.036124 0.093247 0.000000 -0.029139 0.095660 0.000000 -0.021995 0.097551 0.000000 -0.014730 0.098909 0.000000 -0.007385 0.099727 0.271584 -0.091663 0.058737 0.272699 -0.091546 0.058621 0.273757 -0.091407 0.058260 0.274705 -0.091255 0.057670 0.275495 -0.091095 0.056882 0.276085 -0.090937 0.055935 0.276447 -0.090789 0.054879 0.276563 -0.090657 0.053766 0.276569 -0.087899 0.055115 0.276770 -0.086528 0.055785 0.277115 -0.085186 0.056437 0.277636 -0.083883 0.057064 0.278393 -0.082673 0.057633 0.278897 -0.082136 0.057877 0.279499 -0.081698 0.058066 0.279841 -0.081531 0.058133 0.280211 -0.081410 0.058175 0.280593 -0.081345 0.058189 0.280980 -0.081337 0.058175 0.280883 -0.081280 0.058255 0.279988 -0.080834 0.058871 0.278734 -0.080402 0.059460 0.277194 -0.080101 0.059866 0.275577 -0.080000 0.060000 0.274476 -0.081173 0.059873 0.273558 -0.082490 0.059730 0.272825 -0.083894 0.059578 0.272260 -0.085370 0.059418 0.271852 -0.086913 0.059251 0.271605 -0.088486 0.059081 0.271515 -0.090069 0.058909 0.276010 -0.089257 0.056205 0.277186 -0.080811 0.059617 0.272393 -0.089356 0.058912 0.272613 -0.087146 0.059162 0.272918 -0.085782 0.059316 0.273351 -0.084468 0.059464 0.273917 -0.083207 0.059607 0.274629 -0.082009 0.059742 0.275489 -0.080913 0.059865 0.273265 -0.089377 0.058674 0.273404 -0.087284 0.058946 0.273650 -0.085984 0.059114 0.274018 -0.084727 0.059276 0.274513 -0.083519 0.059431 0.275148 -0.082367 0.059578 0.275925 -0.081311 0.059712 0.276842 -0.080390 0.059828 0.274108 -0.089378 0.058267 0.274173 -0.087402 0.058589 0.274363 -0.086167 0.058787 0.274670 -0.084969 0.058976 0.275098 -0.083813 0.059158 0.275659 -0.082708 0.059329 0.276355 -0.081695 0.059484 0.274873 -0.089358 0.057700 0.274883 -0.087494 0.058096 0.275029 -0.086323 0.058339 0.275283 -0.085183 0.058571 0.275652 -0.084080 0.058791 0.276146 -0.083025 0.058998 0.276768 -0.082055 0.059184 0.277517 -0.081209 0.059343 0.278391 -0.080524 0.059468 0.275518 -0.089316 0.056999 0.275502 -0.087554 0.057489 0.275619 -0.086444 0.057787 0.275836 -0.085361 0.058071 0.276159 -0.084312 0.058340 0.276597 -0.083307 0.058592 0.277154 -0.082383 0.058818 0.277829 -0.081577 0.059010 0.278621 -0.080925 0.059160 0.276002 -0.087581 0.056795 0.276111 -0.086526 0.057154 0.276310 -0.085497 0.057497 0.276603 -0.084502 0.057821 0.277001 -0.083548 0.058125 0.277505 -0.082671 0.058396 0.278117 -0.081907 0.058626 0.278835 -0.081290 0.058804 0.279643 -0.080864 0.058918 0.276337 -0.089183 0.055366 0.276372 -0.087575 0.056050 0.276493 -0.086569 0.056470 0.276693 -0.085591 0.056871 0.276975 -0.084646 0.057252 0.277347 -0.083742 0.057609 0.277814 -0.082914 0.057929 0.278374 -0.082193 0.058200 0.279029 -0.081613 0.058410 0.279764 -0.081214 0.058543 0.280364 -0.081050 0.058587 0.279705 -0.081044 0.058735 0.278935 -0.081457 0.058611 0.278250 -0.082056 0.058418 0.277665 -0.082798 0.058168 0.277181 -0.083651 0.057872 0.276798 -0.084580 0.057541 0.276513 -0.085550 0.057189 0.276317 -0.086552 0.056817 0.276204 -0.087582 0.056427 0.276194 -0.089221 0.055788 0.082416 -0.091663 0.058737 0.081301 -0.091546 0.058621 0.080243 -0.091407 0.058260 0.079295 -0.091255 0.057670 0.078505 -0.091095 0.056882 0.077915 -0.090937 0.055935 0.077553 -0.090789 0.054879 0.077437 -0.090657 0.053766 0.077019 -0.098041 0.053006 0.077148 -0.105435 0.052245 0.077823 -0.112800 0.051487 0.079040 -0.120094 0.050736 0.080793 -0.127279 0.049997 0.083072 -0.134315 0.049273 0.085865 -0.141163 0.048568 0.089156 -0.147785 0.047886 0.092928 -0.154147 0.047231 0.097159 -0.160212 0.046607 0.101828 -0.165948 0.046017 0.106907 -0.171323 0.045464 0.112370 -0.176308 0.044951 0.118186 -0.180876 0.044481 0.124324 -0.185001 0.044056 0.130750 -0.188662 0.043679 0.137429 -0.191837 0.043352 0.144324 -0.194511 0.043077 0.151398 -0.196667 0.042855 0.158612 -0.198295 0.042688 0.165927 -0.199385 0.042576 0.173302 -0.199932 0.042519 0.180698 -0.199932 0.042519 0.188073 -0.199385 0.042576 0.195388 -0.198295 0.042688 0.202602 -0.196667 0.042855 0.209676 -0.194511 0.043077 0.216571 -0.191837 0.043352 0.223250 -0.188662 0.043679 0.229676 -0.185001 0.044056 0.235814 -0.180876 0.044481 0.241630 -0.176308 0.044951 0.247093 -0.171323 0.045464 0.252172 -0.165948 0.046017 0.256841 -0.160212 0.046607 0.261072 -0.154147 0.047231 0.264844 -0.147785 0.047886 0.268135 -0.141163 0.048568 0.270928 -0.134315 0.049273 0.273207 -0.127279 0.049997 0.274960 -0.120094 0.050736 0.276177 -0.112800 0.051487 0.276852 -0.105435 0.052245 0.276981 -0.098041 0.053006 0.271985 -0.098837 0.057959 0.271842 -0.106021 0.057181 0.271156 -0.113173 0.056406 0.269932 -0.120254 0.055639 0.268176 -0.127221 0.054884 0.265898 -0.134036 0.054146 0.263112 -0.140659 0.053429 0.259834 -0.147053 0.052736 0.256081 -0.153180 0.052072 0.251876 -0.159007 0.051441 0.247243 -0.164499 0.050846 0.242208 -0.169625 0.050291 0.236800 -0.174356 0.049778 0.231050 -0.178664 0.049311 0.224990 -0.182526 0.048893 0.218656 -0.185919 0.048525 0.212084 -0.188823 0.048211 0.205311 -0.191222 0.047951 0.198376 -0.193102 0.047747 0.191319 -0.194453 0.047601 0.184180 -0.195267 0.047513 0.177000 -0.195539 0.047483 0.169820 -0.195267 0.047513 0.162681 -0.194453 0.047601 0.155624 -0.193102 0.047747 0.148689 -0.191222 0.047951 0.141916 -0.188823 0.048211 0.135344 -0.185919 0.048525 0.129010 -0.182526 0.048893 0.122950 -0.178664 0.049311 0.117200 -0.174356 0.049778 0.111792 -0.169625 0.050291 0.106757 -0.164499 0.050846 0.102124 -0.159007 0.051441 0.097919 -0.153180 0.052072 0.094166 -0.147053 0.052736 0.090888 -0.140659 0.053429 0.088102 -0.134036 0.054146 0.085824 -0.127221 0.054884 0.084068 -0.120254 0.055639 0.082844 -0.113173 0.056406 0.082158 -0.106021 0.057181 0.082015 -0.098837 0.057959 0.081178 -0.096546 0.058124 0.081103 -0.101533 0.057585 0.081287 -0.106516 0.057045 0.081730 -0.111483 0.056508 0.082432 -0.116420 0.055973 0.083388 -0.121314 0.055444 0.084598 -0.126151 0.054920 0.086057 -0.130919 0.054404 0.087426 -0.134737 0.053991 0.088954 -0.138492 0.053584 0.090640 -0.142180 0.053185 0.092480 -0.145793 0.052794 0.094471 -0.149326 0.052412 0.096610 -0.152770 0.052039 0.098893 -0.156121 0.051676 0.101315 -0.159373 0.051324 0.103872 -0.162520 0.050984 0.106559 -0.165555 0.050655 0.109373 -0.168474 0.050339 0.112308 -0.171271 0.050037 0.115358 -0.173942 0.049748 0.118519 -0.176482 0.049473 0.121783 -0.178886 0.049212 0.125147 -0.181149 0.048967 0.128603 -0.183269 0.048738 0.132146 -0.185240 0.048525 0.135768 -0.187060 0.048328 0.139465 -0.188725 0.048147 0.143228 -0.190233 0.047984 0.147052 -0.191580 0.047839 0.150929 -0.192764 0.047710 0.154853 -0.193783 0.047600 0.158816 -0.194636 0.047508 0.162812 -0.195320 0.047434 0.166834 -0.195835 0.047378 0.170873 -0.196179 0.047341 0.174923 -0.196353 0.047322 0.178977 -0.196355 0.047322 0.183028 -0.196186 0.047340 0.187067 -0.195845 0.047377 0.191089 -0.195335 0.047432 0.195086 -0.194655 0.047506 0.199050 -0.193806 0.047598 0.202975 -0.192791 0.047707 0.206853 -0.191611 0.047835 0.210679 -0.190268 0.047981 0.214444 -0.188764 0.048143 0.218142 -0.187103 0.048323 0.221766 -0.185287 0.048520 0.225311 -0.183319 0.048733 0.228769 -0.181203 0.048962 0.232135 -0.178943 0.049206 0.235402 -0.176543 0.049466 0.238565 -0.174006 0.049741 0.241618 -0.171338 0.050029 0.244556 -0.168544 0.050332 0.247373 -0.165628 0.050647 0.250064 -0.162596 0.050976 0.252624 -0.159452 0.051316 0.255050 -0.156202 0.051668 0.257336 -0.152854 0.052030 0.259478 -0.149411 0.052403 0.261473 -0.145881 0.052785 0.263317 -0.142270 0.053176 0.265006 -0.138584 0.053575 0.266539 -0.134830 0.053981 0.267911 -0.131014 0.054394 0.269121 -0.127143 0.054813 0.270166 -0.123225 0.055237 0.271044 -0.119266 0.055665 0.271755 -0.115274 0.056097 0.272296 -0.111254 0.056532 0.272723 -0.106344 0.057064 0.272898 -0.101418 0.057597 0.272820 -0.096489 0.058131 0.080252 -0.096480 0.057865 0.080180 -0.101514 0.057322 0.080369 -0.106545 0.056779 0.080819 -0.111559 0.056238 0.081529 -0.116542 0.055700 0.082498 -0.121482 0.055168 0.083722 -0.126364 0.054641 0.085197 -0.131176 0.054122 0.086581 -0.135028 0.053706 0.088126 -0.138818 0.053297 0.089829 -0.142540 0.052895 0.091688 -0.146186 0.052502 0.093699 -0.149750 0.052118 0.095860 -0.153226 0.051743 0.098165 -0.156607 0.051378 0.100611 -0.159887 0.051024 0.103193 -0.163062 0.050681 0.105907 -0.166124 0.050351 0.108748 -0.169069 0.050033 0.111711 -0.171891 0.049729 0.114790 -0.174585 0.049438 0.117981 -0.177147 0.049161 0.121276 -0.179572 0.048900 0.124671 -0.181855 0.048653 0.128160 -0.183993 0.048423 0.131735 -0.185981 0.048208 0.135391 -0.187817 0.048010 0.139122 -0.189497 0.047829 0.142920 -0.191017 0.047665 0.146779 -0.192375 0.047518 0.150692 -0.193570 0.047389 0.154651 -0.194598 0.047278 0.158651 -0.195458 0.047186 0.162683 -0.196148 0.047111 0.166741 -0.196667 0.047055 0.170817 -0.197014 0.047018 0.174904 -0.197190 0.046999 0.178995 -0.197192 0.046999 0.183083 -0.197021 0.047017 0.187159 -0.196677 0.047054 0.191217 -0.196163 0.047110 0.195250 -0.195477 0.047184 0.199251 -0.194621 0.047276 0.203212 -0.193597 0.047386 0.207126 -0.192406 0.047515 0.210986 -0.191052 0.047661 0.214786 -0.189536 0.047825 0.218518 -0.187860 0.048005 0.222176 -0.186028 0.048203 0.225753 -0.184043 0.048417 0.229244 -0.181909 0.048648 0.232642 -0.179630 0.048894 0.235940 -0.177208 0.049155 0.239132 -0.174650 0.049431 0.242215 -0.171959 0.049721 0.245180 -0.169140 0.050025 0.248025 -0.166198 0.050343 0.250742 -0.163138 0.050673 0.253327 -0.159967 0.051015 0.255776 -0.156688 0.051369 0.258085 -0.153310 0.051733 0.260249 -0.149836 0.052108 0.262264 -0.146274 0.052493 0.264127 -0.142630 0.052886 0.265834 -0.138911 0.053287 0.267383 -0.135122 0.053696 0.268771 -0.131271 0.054111 0.269994 -0.127365 0.054533 0.271051 -0.123411 0.054959 0.271940 -0.119415 0.055391 0.272659 -0.115385 0.055825 0.273208 -0.111328 0.056263 0.273642 -0.106371 0.056798 0.273822 -0.101398 0.057334 0.273746 -0.096422 0.057871 0.079360 -0.096393 0.057412 0.079290 -0.101474 0.056867 0.079483 -0.106551 0.056322 0.079940 -0.111610 0.055780 0.080660 -0.116639 0.055240 0.081639 -0.121622 0.054705 0.082876 -0.126548 0.054177 0.084367 -0.131403 0.053656 0.085765 -0.135289 0.053239 0.087326 -0.139113 0.052829 0.089046 -0.142867 0.052426 0.090923 -0.146545 0.052032 0.092954 -0.150140 0.051646 0.095135 -0.153645 0.051270 0.097463 -0.157056 0.050904 0.099932 -0.160364 0.050549 0.102538 -0.163566 0.050205 0.105277 -0.166655 0.049874 0.108144 -0.169624 0.049555 0.111134 -0.172470 0.049250 0.114241 -0.175187 0.048958 0.117460 -0.177771 0.048681 0.120785 -0.180216 0.048419 0.124211 -0.182518 0.048171 0.127731 -0.184674 0.047940 0.131338 -0.186679 0.047725 0.135027 -0.188530 0.047526 0.138790 -0.190224 0.047345 0.142622 -0.191757 0.047180 0.146515 -0.193126 0.047033 0.150462 -0.194331 0.046904 0.154456 -0.195368 0.046793 0.158491 -0.196235 0.046700 0.162558 -0.196930 0.046625 0.166652 -0.197454 0.046569 0.170763 -0.197804 0.046531 0.174886 -0.197981 0.046512 0.179013 -0.197983 0.046512 0.183136 -0.197810 0.046530 0.187248 -0.197464 0.046568 0.191342 -0.196945 0.046623 0.195410 -0.196254 0.046697 0.199445 -0.195391 0.046790 0.203441 -0.194358 0.046901 0.207389 -0.193158 0.047030 0.211283 -0.191792 0.047176 0.215117 -0.190263 0.047340 0.218882 -0.188574 0.047522 0.222572 -0.186726 0.047720 0.226182 -0.184725 0.047935 0.229704 -0.182573 0.048166 0.233132 -0.180275 0.048412 0.236459 -0.177833 0.048674 0.239681 -0.175253 0.048951 0.242791 -0.172539 0.049242 0.245784 -0.169696 0.049547 0.248654 -0.166729 0.049866 0.251397 -0.163643 0.050197 0.254006 -0.160444 0.050540 0.256478 -0.157138 0.050895 0.258809 -0.153730 0.051261 0.260994 -0.150227 0.051637 0.263029 -0.146634 0.052022 0.264910 -0.142958 0.052416 0.266634 -0.139206 0.052819 0.268198 -0.135384 0.053229 0.269600 -0.131499 0.053646 0.270836 -0.127558 0.054069 0.271904 -0.123569 0.054497 0.272803 -0.119537 0.054929 0.273531 -0.115471 0.055365 0.274087 -0.111377 0.055805 0.274528 -0.106375 0.056341 0.274712 -0.101357 0.056880 0.274637 -0.096335 0.057418 0.078563 -0.096291 0.056775 0.078493 -0.101413 0.056230 0.078690 -0.106531 0.055685 0.079152 -0.111632 0.055143 0.079879 -0.116701 0.054603 0.080868 -0.121725 0.054068 0.082116 -0.126690 0.053540 0.083621 -0.131584 0.053019 0.085031 -0.135501 0.052602 0.086605 -0.139355 0.052192 0.088340 -0.143138 0.051789 0.090233 -0.146845 0.051394 0.092281 -0.150469 0.051009 0.094481 -0.154002 0.050632 0.096827 -0.157439 0.050267 0.099317 -0.160774 0.049911 0.101944 -0.164000 0.049568 0.104706 -0.167113 0.049237 0.107596 -0.170105 0.048918 0.110611 -0.172973 0.048612 0.113743 -0.175712 0.048321 0.116988 -0.178315 0.048044 0.120340 -0.180779 0.047781 0.123793 -0.183099 0.047534 0.127341 -0.185271 0.047303 0.130977 -0.187292 0.047088 0.134695 -0.189157 0.046889 0.138488 -0.190864 0.046707 0.142350 -0.192408 0.046543 0.146274 -0.193788 0.046396 0.150253 -0.195002 0.046267 0.154278 -0.196047 0.046155 0.158345 -0.196920 0.046062 0.162444 -0.197621 0.045988 0.166570 -0.198149 0.045931 0.170714 -0.198502 0.045894 0.174869 -0.198680 0.045875 0.179028 -0.198682 0.045875 0.183184 -0.198508 0.045893 0.187328 -0.198159 0.045930 0.191455 -0.197636 0.045986 0.195555 -0.196940 0.046060 0.199622 -0.196070 0.046153 0.203649 -0.195030 0.046264 0.207629 -0.193820 0.046392 0.211554 -0.192444 0.046539 0.215418 -0.190904 0.046703 0.219213 -0.189201 0.046884 0.222933 -0.187339 0.047083 0.226571 -0.185323 0.047297 0.230121 -0.183154 0.047528 0.233576 -0.180838 0.047775 0.236931 -0.178377 0.048037 0.240178 -0.175777 0.048314 0.243314 -0.173042 0.048605 0.246331 -0.170177 0.048910 0.249225 -0.167188 0.049229 0.251989 -0.164078 0.049560 0.254620 -0.160854 0.049903 0.257113 -0.157522 0.050258 0.259463 -0.154087 0.050623 0.261667 -0.150556 0.050999 0.263718 -0.146935 0.051385 0.265615 -0.143230 0.051779 0.267354 -0.139448 0.052182 0.268933 -0.135596 0.052592 0.270347 -0.131681 0.053009 0.271594 -0.127708 0.053432 0.272672 -0.123687 0.053860 0.273579 -0.119623 0.054292 0.274314 -0.115524 0.054728 0.274876 -0.111397 0.055168 0.275322 -0.106354 0.055704 0.275508 -0.101295 0.056243 0.275435 -0.096232 0.056781 0.077905 -0.096177 0.055977 0.077835 -0.101334 0.055433 0.078033 -0.106486 0.054890 0.078498 -0.111621 0.054349 0.079229 -0.116724 0.053811 0.080225 -0.121782 0.053277 0.081482 -0.126781 0.052750 0.082997 -0.131707 0.052231 0.084416 -0.135650 0.051815 0.086001 -0.139530 0.051406 0.087747 -0.143339 0.051004 0.089653 -0.147071 0.050611 0.091715 -0.150719 0.050226 0.093929 -0.154276 0.049851 0.096291 -0.157736 0.049486 0.098797 -0.161093 0.049132 0.101443 -0.164341 0.048789 0.104223 -0.167475 0.048458 0.107133 -0.170487 0.048141 0.110167 -0.173375 0.047836 0.113320 -0.176131 0.047545 0.116587 -0.178752 0.047269 0.119961 -0.181233 0.047007 0.123437 -0.183568 0.046760 0.127009 -0.185755 0.046530 0.130669 -0.187789 0.046315 0.134412 -0.189667 0.046117 0.138231 -0.191385 0.045936 0.142119 -0.192940 0.045772 0.146069 -0.194329 0.045625 0.150074 -0.195551 0.045496 0.154127 -0.196603 0.045385 0.158220 -0.197482 0.045292 0.162347 -0.198188 0.045218 0.166500 -0.198719 0.045162 0.170672 -0.199074 0.045124 0.174855 -0.199253 0.045105 0.179042 -0.199256 0.045105 0.183225 -0.199081 0.045123 0.187397 -0.198730 0.045161 0.191551 -0.198203 0.045216 0.195679 -0.197502 0.045290 0.199773 -0.196626 0.045382 0.203827 -0.195579 0.045493 0.207833 -0.194361 0.045622 0.211785 -0.192976 0.045768 0.215674 -0.191425 0.045931 0.219495 -0.189711 0.046112 0.223240 -0.187837 0.046310 0.226902 -0.185807 0.046524 0.230476 -0.183624 0.046755 0.233955 -0.181292 0.047001 0.237331 -0.178815 0.047262 0.240601 -0.176197 0.047538 0.243757 -0.173444 0.047829 0.246794 -0.170560 0.048133 0.249708 -0.167550 0.048450 0.252491 -0.164419 0.048781 0.255139 -0.161174 0.049123 0.257649 -0.157819 0.049477 0.260015 -0.154362 0.049842 0.262233 -0.150807 0.050217 0.264298 -0.147162 0.050601 0.266208 -0.143432 0.050994 0.267958 -0.139624 0.051396 0.269547 -0.135746 0.051805 0.270971 -0.131804 0.052221 0.272226 -0.127805 0.052642 0.273311 -0.123757 0.053069 0.274225 -0.119665 0.053501 0.274965 -0.115539 0.053936 0.275530 -0.111385 0.054374 0.275979 -0.106308 0.054909 0.276166 -0.101215 0.055446 0.276093 -0.096118 0.055983 0.077436 -0.096061 0.055079 0.077364 -0.101242 0.054538 0.077561 -0.106419 0.053998 0.078026 -0.111579 0.053459 0.078760 -0.116707 0.052923 0.079758 -0.121790 0.052393 0.081020 -0.126813 0.051868 0.082540 -0.131764 0.051351 0.083965 -0.135727 0.050937 0.085556 -0.139627 0.050530 0.087310 -0.143455 0.050130 0.089224 -0.147206 0.049738 0.091295 -0.150872 0.049355 0.093519 -0.154448 0.048981 0.095892 -0.157926 0.048618 0.098410 -0.161300 0.048265 0.101067 -0.164566 0.047924 0.103860 -0.167715 0.047595 0.106784 -0.170744 0.047279 0.109833 -0.173646 0.046975 0.113002 -0.176418 0.046686 0.116284 -0.179053 0.046410 0.119675 -0.181546 0.046150 0.123168 -0.183894 0.045904 0.126757 -0.186093 0.045675 0.130436 -0.188138 0.045461 0.134197 -0.190026 0.045264 0.138035 -0.191753 0.045083 0.141942 -0.193316 0.044920 0.145912 -0.194713 0.044774 0.149937 -0.195941 0.044645 0.154011 -0.196999 0.044535 0.158125 -0.197883 0.044442 0.162273 -0.198592 0.044368 0.166447 -0.199126 0.044312 0.170640 -0.199483 0.044275 0.174844 -0.199664 0.044256 0.179052 -0.199666 0.044256 0.183257 -0.199490 0.044274 0.187450 -0.199137 0.044311 0.191625 -0.198608 0.044367 0.195774 -0.197902 0.044440 0.199889 -0.197022 0.044532 0.203963 -0.195969 0.044642 0.207989 -0.194745 0.044770 0.211961 -0.193352 0.044916 0.215870 -0.191793 0.045079 0.219709 -0.190070 0.045259 0.223473 -0.188186 0.045456 0.227153 -0.186145 0.045669 0.230745 -0.183950 0.045899 0.234240 -0.181606 0.046144 0.237634 -0.179116 0.046404 0.240919 -0.176484 0.046679 0.244090 -0.173716 0.046968 0.247142 -0.170817 0.047271 0.250069 -0.167791 0.047587 0.252866 -0.164644 0.047916 0.255527 -0.161382 0.048257 0.258048 -0.158010 0.048609 0.260424 -0.154534 0.048972 0.262652 -0.150961 0.049346 0.264727 -0.147297 0.049728 0.266645 -0.143548 0.050120 0.268403 -0.139722 0.050520 0.269998 -0.135824 0.050927 0.271427 -0.131862 0.051341 0.272687 -0.127843 0.051760 0.273776 -0.123774 0.052185 0.274693 -0.119663 0.052615 0.275435 -0.115516 0.053048 0.276001 -0.111341 0.053484 0.276451 -0.106240 0.054016 0.276638 -0.101122 0.054551 0.276562 -0.096001 0.055085 0.077168 -0.095948 0.054145 0.077092 -0.101144 0.053607 0.077285 -0.106336 0.053069 0.077749 -0.111510 0.052534 0.078481 -0.116654 0.052001 0.079479 -0.121752 0.051473 0.080741 -0.126791 0.050951 0.082263 -0.131758 0.050437 0.083690 -0.135734 0.050025 0.085283 -0.139646 0.049620 0.087040 -0.143487 0.049222 0.088958 -0.147250 0.048832 0.091033 -0.150929 0.048451 0.093262 -0.154517 0.048079 0.095641 -0.158007 0.047718 0.098165 -0.161394 0.047367 0.100829 -0.164671 0.047028 0.103629 -0.167832 0.046700 0.106561 -0.170871 0.046385 0.109619 -0.173785 0.046083 0.112796 -0.176566 0.045795 0.116088 -0.179211 0.045521 0.119489 -0.181714 0.045262 0.122993 -0.184071 0.045018 0.126593 -0.186277 0.044789 0.130283 -0.188330 0.044576 0.134056 -0.190226 0.044380 0.137906 -0.191960 0.044200 0.141826 -0.193529 0.044038 0.145809 -0.194931 0.043892 0.149847 -0.196164 0.043764 0.153934 -0.197226 0.043654 0.158062 -0.198114 0.043562 0.162224 -0.198826 0.043489 0.166412 -0.199362 0.043433 0.170619 -0.199721 0.043396 0.174837 -0.199902 0.043377 0.179059 -0.199904 0.043377 0.183278 -0.199727 0.043395 0.187485 -0.199373 0.043432 0.191674 -0.198841 0.043487 0.195836 -0.198133 0.043560 0.199965 -0.197250 0.043652 0.204053 -0.196193 0.043762 0.208092 -0.194964 0.043889 0.212077 -0.193565 0.044034 0.215998 -0.192000 0.044196 0.219850 -0.190270 0.044375 0.223625 -0.188379 0.044571 0.227317 -0.186330 0.044784 0.230920 -0.184127 0.045012 0.234426 -0.181774 0.045256 0.237830 -0.179274 0.045515 0.241124 -0.176633 0.045788 0.244305 -0.173854 0.046076 0.247365 -0.170945 0.046378 0.250300 -0.167908 0.046692 0.253104 -0.164750 0.047019 0.255772 -0.161475 0.047359 0.258299 -0.158091 0.047709 0.260681 -0.154604 0.048070 0.262914 -0.151019 0.048442 0.264993 -0.147342 0.048823 0.266914 -0.143580 0.049212 0.268676 -0.139741 0.049610 0.270273 -0.135831 0.050015 0.271704 -0.131856 0.050427 0.272966 -0.127824 0.050844 0.274055 -0.123743 0.051267 0.274972 -0.119619 0.051694 0.275713 -0.115459 0.052125 0.276279 -0.111272 0.052558 0.276726 -0.106156 0.053088 0.276910 -0.101024 0.053619 0.276830 -0.095888 0.054151 0.078423 -0.080000 0.060000 0.076806 -0.080101 0.059866 0.075266 -0.080402 0.059460 0.074012 -0.080834 0.058871 0.073117 -0.081280 0.058255 0.073020 -0.081337 0.058175 0.073409 -0.081345 0.058189 0.073790 -0.081410 0.058175 0.074155 -0.081530 0.058133 0.074500 -0.081697 0.058066 0.074818 -0.081904 0.057979 0.075241 -0.082266 0.057818 0.075609 -0.082675 0.057632 0.076365 -0.083885 0.057063 0.076885 -0.085188 0.056437 0.077230 -0.086529 0.055784 0.077431 -0.087900 0.055114 0.082485 -0.090069 0.058909 0.082395 -0.088486 0.059081 0.082148 -0.086913 0.059251 0.081740 -0.085370 0.059418 0.081175 -0.083894 0.059578 0.080442 -0.082490 0.059730 0.079524 -0.081173 0.059873 0.075609 -0.080524 0.059468 0.077663 -0.089183 0.055366 0.078511 -0.080913 0.059865 0.079371 -0.082009 0.059742 0.080083 -0.083207 0.059607 0.080649 -0.084468 0.059464 0.081082 -0.085782 0.059316 0.081387 -0.087146 0.059162 0.081607 -0.089356 0.058912 0.077158 -0.080390 0.059828 0.078075 -0.081311 0.059712 0.078852 -0.082367 0.059578 0.079487 -0.083519 0.059431 0.079982 -0.084727 0.059276 0.080350 -0.085984 0.059114 0.080596 -0.087284 0.058946 0.080735 -0.089377 0.058674 0.075379 -0.080925 0.059160 0.076171 -0.081577 0.059010 0.076846 -0.082383 0.058818 0.077403 -0.083307 0.058592 0.077841 -0.084312 0.058340 0.078164 -0.085361 0.058071 0.078381 -0.086444 0.057787 0.078498 -0.087554 0.057489 0.078482 -0.089316 0.056999 0.079127 -0.089358 0.057700 0.079117 -0.087494 0.058096 0.078971 -0.086323 0.058339 0.078717 -0.085183 0.058571 0.078348 -0.084080 0.058791 0.077854 -0.083025 0.058998 0.077232 -0.082055 0.059184 0.076483 -0.081209 0.059343 0.073636 -0.081050 0.058587 0.074236 -0.081214 0.058543 0.074971 -0.081613 0.058410 0.075626 -0.082193 0.058200 0.076186 -0.082914 0.057929 0.076653 -0.083742 0.057609 0.077025 -0.084646 0.057252 0.077307 -0.085591 0.056871 0.077507 -0.086569 0.056470 0.077628 -0.087575 0.056050 0.077990 -0.089257 0.056205 0.077998 -0.087581 0.056795 0.077889 -0.086526 0.057154 0.077690 -0.085497 0.057497 0.077397 -0.084502 0.057821 0.076999 -0.083548 0.058125 0.076495 -0.082671 0.058396 0.075883 -0.081907 0.058626 0.075165 -0.081290 0.058804 0.074357 -0.080864 0.058918 0.079893 -0.089378 0.058267 0.079827 -0.087402 0.058589 0.079637 -0.086167 0.058787 0.079330 -0.084969 0.058976 0.078902 -0.083813 0.059158 0.078341 -0.082708 0.059329 0.077645 -0.081695 0.059484 0.076814 -0.080811 0.059617 0.072684 -0.083842 0.054503 0.072432 -0.086174 0.050735 0.072251 -0.088335 0.046872 0.072127 -0.090323 0.042915 0.072050 -0.092139 0.038863 0.072011 -0.093780 0.034716 0.072000 -0.095240 0.030485 0.072008 -0.096503 0.026215 0.072029 -0.097570 0.021912 0.072054 -0.098443 0.017576 0.072079 -0.099124 0.013207 0.072100 -0.099612 0.008806 0.072114 -0.099904 0.004371 0.072119 -0.100000 -0.000097 0.072114 -0.099896 -0.004565 0.072100 -0.099594 -0.009000 0.072078 -0.099098 -0.013403 0.072053 -0.098408 -0.017775 0.072027 -0.097524 -0.022114 0.072008 -0.096446 -0.026422 0.072000 -0.095172 -0.030697 0.072012 -0.093703 -0.034925 0.072053 -0.092054 -0.039064 0.072132 -0.090229 -0.043113 0.072258 -0.088229 -0.047070 0.072444 -0.086055 -0.050937 0.072701 -0.083706 -0.054712 0.073043 -0.081181 -0.058392 0.073480 -0.078505 -0.061943 0.074025 -0.075696 -0.065346 0.074688 -0.072756 -0.068604 0.075484 -0.069690 -0.071716 0.076429 -0.066502 -0.074683 0.077536 -0.063197 -0.077500 0.078804 -0.059826 -0.080130 0.080237 -0.056412 -0.082569 0.081844 -0.052964 -0.084822 0.083633 -0.049489 -0.086896 0.085614 -0.045994 -0.088795 0.087796 -0.042489 -0.090524 0.090157 -0.039029 -0.092069 0.092677 -0.035650 -0.093430 0.095356 -0.032357 -0.094620 0.098194 -0.029155 -0.095655 0.101190 -0.026049 -0.096548 0.104347 -0.023042 -0.097309 0.107665 -0.020141 -0.097951 0.111129 -0.017363 -0.098481 0.114696 -0.014745 -0.098907 0.118359 -0.012287 -0.099242 0.122117 -0.009986 -0.099500 0.125969 -0.007843 -0.099692 0.129915 -0.005856 -0.099828 0.133953 -0.004028 -0.099919 0.138086 -0.002359 -0.099972 0.142292 -0.000859 -0.099996 0.146535 0.000460 -0.099999 0.150812 0.001602 -0.099987 0.155125 0.002568 -0.099967 0.159471 0.003359 -0.099944 0.163852 0.003975 -0.099921 0.168268 0.004415 -0.099902 0.172718 0.004679 -0.099890 0.177182 0.004762 -0.099887 0.181624 0.004665 -0.099891 0.186042 0.004390 -0.099904 0.190438 0.003940 -0.099922 0.194812 0.003313 -0.099945 0.199162 0.002509 -0.099969 0.203490 0.001527 -0.099988 0.207795 0.000364 -0.099999 0.212061 -0.000978 -0.099995 0.216265 -0.002493 -0.099969 0.220405 -0.004182 -0.099913 0.224462 -0.006037 -0.099818 0.228421 -0.008050 -0.099675 0.232282 -0.010220 -0.099476 0.236045 -0.012547 -0.099210 0.239708 -0.015030 -0.098864 0.243271 -0.017672 -0.098426 0.246720 -0.020465 -0.097883 0.250019 -0.023378 -0.097229 0.253165 -0.026403 -0.096451 0.256157 -0.029537 -0.095538 0.258997 -0.032775 -0.094476 0.261682 -0.036114 -0.093251 0.264202 -0.039536 -0.091853 0.266524 -0.042983 -0.090291 0.268652 -0.046444 -0.088561 0.270593 -0.049910 -0.086655 0.272355 -0.053373 -0.084566 0.273944 -0.056825 -0.082285 0.275367 -0.060258 -0.079806 0.276613 -0.063619 -0.077153 0.277687 -0.066871 -0.074353 0.278604 -0.070010 -0.071404 0.279379 -0.073033 -0.068309 0.280026 -0.075936 -0.065067 0.280557 -0.078715 -0.061676 0.280985 -0.081365 -0.058135 0.281320 -0.083874 -0.054454 0.281571 -0.086205 -0.050682 0.281751 -0.088359 -0.046826 0.281874 -0.090337 -0.042886 0.281950 -0.092139 -0.038864 0.281989 -0.093765 -0.034759 0.282000 -0.095213 -0.030571 0.281992 -0.096480 -0.026298 0.281972 -0.097556 -0.021972 0.281946 -0.098434 -0.017627 0.281921 -0.099117 -0.013263 0.281900 -0.099605 -0.008880 0.281886 -0.099900 -0.004478 0.281881 -0.100000 -0.000057 0.281886 -0.099904 0.004382 0.281900 -0.099609 0.008837 0.281921 -0.099117 0.013258 0.281946 -0.098433 0.017634 0.281972 -0.097558 0.021965 0.281992 -0.096493 0.026251 0.282000 -0.095238 0.030493 0.281989 -0.093791 0.034689 0.281950 -0.092150 0.038839 0.281873 -0.090328 0.042906 0.281749 -0.088334 0.046873 0.281567 -0.086171 0.050741 0.281315 -0.083838 0.054508 0.276735 -0.092728 0.049939 0.276856 -0.094641 0.046029 0.276935 -0.096398 0.042037 0.276980 -0.097995 0.037968 0.276998 -0.099421 0.033855 0.276998 -0.100677 0.029703 0.276984 -0.101765 0.025514 0.276964 -0.102685 0.021287 0.276941 -0.103439 0.017023 0.276919 -0.104025 0.012722 0.276901 -0.104443 0.008382 0.276890 -0.104689 0.004022 0.276887 -0.104761 -0.000323 0.276891 -0.104664 -0.004652 0.276903 -0.104397 -0.008966 0.276922 -0.103961 -0.013264 0.276944 -0.103356 -0.017546 0.276967 -0.102580 -0.021813 0.276987 -0.101632 -0.026064 0.276999 -0.100512 -0.030286 0.276997 -0.099229 -0.034441 0.276976 -0.097788 -0.038525 0.276927 -0.096188 -0.042538 0.276845 -0.094430 -0.046480 0.276719 -0.092514 -0.050352 0.276542 -0.090437 -0.054151 0.276301 -0.088198 -0.057878 0.275987 -0.085800 -0.061520 0.275591 -0.083272 -0.065034 0.275104 -0.080621 -0.068415 0.274516 -0.077850 -0.071663 0.273815 -0.074962 -0.074778 0.272988 -0.071959 -0.077760 0.272023 -0.068844 -0.080608 0.270903 -0.065618 -0.083318 0.269622 -0.062302 -0.085876 0.268187 -0.058953 -0.088246 0.266593 -0.055580 -0.090431 0.264831 -0.052191 -0.092439 0.262895 -0.048793 -0.094274 0.260775 -0.045394 -0.095942 0.258463 -0.042002 -0.097448 0.255976 -0.038659 -0.098784 0.253337 -0.035404 -0.099949 0.250545 -0.032242 -0.100958 0.247598 -0.029177 -0.101822 0.244497 -0.026216 -0.102555 0.241239 -0.023362 -0.103168 0.237849 -0.020644 -0.103667 0.234353 -0.018082 -0.104064 0.230753 -0.015675 -0.104373 0.227049 -0.013426 -0.104605 0.223241 -0.011333 -0.104773 0.219328 -0.009400 -0.104887 0.215319 -0.007633 -0.104957 0.211240 -0.006045 -0.104991 0.207092 -0.004635 -0.105000 0.202895 -0.003411 -0.104990 0.198672 -0.002377 -0.104970 0.194423 -0.001530 -0.104945 0.190150 -0.000868 -0.104920 0.185851 -0.000392 -0.104900 0.181528 -0.000103 -0.104886 0.177179 -0.000000 -0.104881 0.172805 -0.000088 -0.104885 0.168448 -0.000366 -0.104899 0.164130 -0.000832 -0.104919 0.159849 -0.001482 -0.104943 0.155606 -0.002315 -0.104969 0.151402 -0.003332 -0.104989 0.147235 -0.004533 -0.105000 0.143106 -0.005919 -0.104993 0.139021 -0.007493 -0.104961 0.135026 -0.009235 -0.104895 0.131132 -0.011140 -0.104786 0.127336 -0.013204 -0.104625 0.123640 -0.015426 -0.104401 0.120043 -0.017806 -0.104103 0.116547 -0.020342 -0.103718 0.113152 -0.023036 -0.103232 0.109871 -0.025880 -0.102632 0.106752 -0.028830 -0.101913 0.103795 -0.031874 -0.101067 0.101000 -0.035007 -0.100082 0.098364 -0.038223 -0.098947 0.095885 -0.041517 -0.097650 0.093561 -0.044882 -0.096179 0.091394 -0.048313 -0.094520 0.089410 -0.051750 -0.092687 0.087615 -0.055163 -0.090688 0.085998 -0.058545 -0.088521 0.084548 -0.061887 -0.086181 0.083256 -0.065185 -0.083665 0.082114 -0.068429 -0.080969 0.081119 -0.071596 -0.078104 0.080268 -0.074645 -0.075105 0.079547 -0.077573 -0.071973 0.078944 -0.080378 -0.068711 0.078446 -0.083058 -0.065318 0.078041 -0.085610 -0.061794 0.077720 -0.088026 -0.058151 0.077473 -0.090281 -0.054423 0.077291 -0.092376 -0.050616 0.077162 -0.094312 -0.046730 0.077076 -0.096091 -0.042767 0.077026 -0.097712 -0.038725 0.077003 -0.099175 -0.034606 0.077001 -0.100472 -0.030424 0.077013 -0.101596 -0.026213 0.077032 -0.102547 -0.021975 0.077055 -0.103329 -0.017710 0.077078 -0.103942 -0.013419 0.077096 -0.104386 -0.009101 0.077109 -0.104659 -0.004756 0.077113 -0.104761 -0.000385 0.077110 -0.104690 0.003990 0.077099 -0.104446 0.008338 0.077081 -0.104033 0.012658 0.077059 -0.103450 0.016950 0.077036 -0.102699 0.021215 0.077016 -0.101779 0.025453 0.077002 -0.100688 0.029664 0.077002 -0.099424 0.033847 0.077020 -0.097989 0.037985 0.077065 -0.096394 0.042046 0.077144 -0.094641 0.046031 0.077265 -0.092728 0.049937 0.280354 -0.083888 0.054600 0.280612 -0.086180 0.050903 0.280802 -0.088312 0.047104 0.280935 -0.090282 0.043205 0.281021 -0.092088 0.039204 0.281070 -0.093722 0.035117 0.281089 -0.095168 0.030981 0.281089 -0.096427 0.026800 0.281076 -0.097502 0.022575 0.281055 -0.098393 0.018304 0.281034 -0.099098 0.013990 0.281014 -0.099615 0.009630 0.281001 -0.099943 0.005231 0.280995 -0.100076 0.000842 0.280997 -0.100017 -0.003530 0.281008 -0.099769 -0.007883 0.281025 -0.099332 -0.012217 0.281046 -0.098706 -0.016532 0.281068 -0.097890 -0.020828 0.281085 -0.096882 -0.025104 0.281091 -0.095685 -0.029343 0.281080 -0.094311 -0.033501 0.281044 -0.092764 -0.037576 0.280975 -0.091046 -0.041569 0.280864 -0.089159 -0.045480 0.280700 -0.087101 -0.049309 0.280472 -0.084874 -0.053055 0.280167 -0.082473 -0.056717 0.279775 -0.079923 -0.060261 0.279288 -0.077246 -0.063658 0.278695 -0.074448 -0.066911 0.277982 -0.071534 -0.070020 0.277139 -0.068505 -0.072987 0.276151 -0.065367 -0.075812 0.275003 -0.062122 -0.078495 0.273681 -0.058779 -0.081029 0.272196 -0.055400 -0.083378 0.270544 -0.052001 -0.085539 0.268718 -0.048592 -0.087521 0.266710 -0.045178 -0.089331 0.264513 -0.041769 -0.090975 0.262116 -0.038368 -0.092460 0.259532 -0.035011 -0.093783 0.256787 -0.031742 -0.094938 0.253882 -0.028568 -0.095940 0.250816 -0.025492 -0.096802 0.247588 -0.022519 -0.097535 0.244195 -0.019654 -0.098151 0.240659 -0.016920 -0.098658 0.237010 -0.014343 -0.099064 0.233251 -0.011921 -0.099383 0.229380 -0.009655 -0.099627 0.225400 -0.007548 -0.099807 0.221309 -0.005600 -0.099934 0.217114 -0.003818 -0.100017 0.212842 -0.002215 -0.100064 0.208498 -0.000793 -0.100084 0.204099 0.000443 -0.100085 0.199671 0.001487 -0.100074 0.195216 0.002342 -0.100057 0.190735 0.003009 -0.100039 0.186226 0.003488 -0.100023 0.181691 0.003779 -0.100012 0.177129 0.003880 -0.100008 0.172541 0.003789 -0.100011 0.167972 0.003505 -0.100022 0.163443 0.003031 -0.100038 0.158956 0.002371 -0.100056 0.154508 0.001525 -0.100074 0.150101 0.000494 -0.100085 0.145735 -0.000723 -0.100085 0.141411 -0.002127 -0.100066 0.137135 -0.003719 -0.100020 0.132958 -0.005480 -0.099941 0.128888 -0.007404 -0.099818 0.124923 -0.009487 -0.099643 0.121063 -0.011729 -0.099406 0.117309 -0.014128 -0.099094 0.113661 -0.016684 -0.098698 0.110122 -0.019399 -0.098202 0.106710 -0.022257 -0.097595 0.103471 -0.025217 -0.096874 0.100401 -0.028273 -0.096027 0.097498 -0.031418 -0.095046 0.094761 -0.034648 -0.093917 0.092188 -0.037958 -0.092629 0.089777 -0.041342 -0.091170 0.087531 -0.044789 -0.089527 0.085483 -0.048237 -0.087717 0.083629 -0.051665 -0.085742 0.081959 -0.055066 -0.083598 0.080464 -0.058434 -0.081279 0.079133 -0.061761 -0.078780 0.077960 -0.065039 -0.076094 0.076944 -0.068226 -0.073249 0.076080 -0.071295 -0.070264 0.075352 -0.074244 -0.067137 0.074746 -0.077071 -0.063869 0.074250 -0.079772 -0.060460 0.073851 -0.082341 -0.056908 0.073542 -0.084753 -0.053248 0.073310 -0.086995 -0.049497 0.073142 -0.089069 -0.045655 0.073028 -0.090975 -0.041724 0.072957 -0.092713 -0.037703 0.072920 -0.094279 -0.033592 0.072909 -0.095667 -0.029401 0.072915 -0.096865 -0.025173 0.072932 -0.097872 -0.020913 0.072953 -0.098691 -0.016621 0.072974 -0.099322 -0.012297 0.072992 -0.099764 -0.007941 0.073003 -0.100016 -0.003554 0.073005 -0.100075 0.000864 0.072999 -0.099941 0.005269 0.072986 -0.099614 0.009642 0.072966 -0.099099 0.013982 0.072945 -0.098395 0.018289 0.072925 -0.097505 0.022564 0.072911 -0.096426 0.026806 0.072911 -0.095157 0.031014 0.072931 -0.093698 0.035180 0.072980 -0.092066 0.039256 0.073066 -0.090267 0.043236 0.073199 -0.088304 0.047120 0.073388 -0.086177 0.050908 0.073646 -0.083888 0.054601 0.279375 -0.084172 0.054712 0.279641 -0.086455 0.051012 0.279839 -0.088581 0.047211 0.279980 -0.090545 0.043308 0.280075 -0.092348 0.039302 0.280131 -0.093979 0.035207 0.280158 -0.095423 0.031064 0.280164 -0.096681 0.026874 0.280156 -0.097756 0.022638 0.280141 -0.098645 0.018357 0.280123 -0.099350 0.014030 0.280106 -0.099868 0.009658 0.280095 -0.100195 0.005247 0.280089 -0.100328 0.000844 0.280092 -0.100270 -0.003540 0.280101 -0.100021 -0.007906 0.280116 -0.099584 -0.012252 0.280133 -0.098958 -0.016579 0.280151 -0.098143 -0.020887 0.280162 -0.097136 -0.025173 0.280162 -0.095940 -0.029422 0.280145 -0.094567 -0.033588 0.280101 -0.093023 -0.037671 0.280024 -0.091308 -0.041670 0.279905 -0.089425 -0.045586 0.279732 -0.087373 -0.049418 0.279496 -0.085153 -0.053165 0.279183 -0.082763 -0.056828 0.278784 -0.080224 -0.060371 0.278291 -0.077562 -0.063767 0.277693 -0.074781 -0.067017 0.276977 -0.071885 -0.070123 0.276133 -0.068879 -0.073086 0.275146 -0.065766 -0.075907 0.274002 -0.062548 -0.078586 0.272688 -0.059236 -0.081117 0.271213 -0.055887 -0.083464 0.269576 -0.052522 -0.085624 0.267767 -0.049146 -0.087607 0.265781 -0.045767 -0.089419 0.263609 -0.042390 -0.091068 0.261241 -0.039023 -0.092559 0.258687 -0.035697 -0.093889 0.255976 -0.032457 -0.095054 0.253107 -0.029310 -0.096067 0.250079 -0.026258 -0.096940 0.246890 -0.023307 -0.097686 0.243538 -0.020462 -0.098315 0.240043 -0.017745 -0.098835 0.236436 -0.015181 -0.099255 0.232718 -0.012772 -0.099587 0.228890 -0.010516 -0.099844 0.224952 -0.008416 -0.100036 0.220903 -0.006475 -0.100174 0.216749 -0.004698 -0.100267 0.212520 -0.003099 -0.100323 0.208217 -0.001680 -0.100352 0.203858 -0.000446 -0.100360 0.199471 0.000597 -0.100356 0.195056 0.001451 -0.100344 0.190614 0.002117 -0.100329 0.186146 0.002596 -0.100316 0.181650 0.002887 -0.100307 0.177128 0.002988 -0.100304 0.172580 0.002897 -0.100307 0.168051 0.002613 -0.100316 0.163562 0.002140 -0.100329 0.159114 0.001480 -0.100343 0.154707 0.000635 -0.100355 0.150340 -0.000394 -0.100360 0.146015 -0.001609 -0.100353 0.141731 -0.003011 -0.100326 0.137497 -0.004599 -0.100271 0.133362 -0.006355 -0.100181 0.129333 -0.008273 -0.100047 0.125409 -0.010348 -0.099861 0.121592 -0.012581 -0.099611 0.117879 -0.014968 -0.099287 0.114273 -0.017510 -0.098877 0.110775 -0.020208 -0.098367 0.107404 -0.023047 -0.097747 0.104204 -0.025986 -0.097013 0.101172 -0.029017 -0.096155 0.098305 -0.032136 -0.095163 0.095602 -0.035337 -0.094025 0.093060 -0.038616 -0.092729 0.090677 -0.041967 -0.091263 0.088457 -0.045381 -0.089615 0.086431 -0.048795 -0.087803 0.084595 -0.052189 -0.085828 0.082940 -0.055557 -0.083684 0.081456 -0.058893 -0.081367 0.080133 -0.062190 -0.078871 0.078964 -0.065440 -0.076189 0.077950 -0.068602 -0.073348 0.077086 -0.071648 -0.070366 0.076354 -0.074578 -0.067243 0.075744 -0.077388 -0.063978 0.075241 -0.080074 -0.060571 0.074836 -0.082631 -0.057020 0.074518 -0.085033 -0.053359 0.074278 -0.087267 -0.049606 0.074102 -0.089336 -0.045761 0.073980 -0.091237 -0.041825 0.073901 -0.092971 -0.037798 0.073856 -0.094535 -0.033679 0.073838 -0.095922 -0.029480 0.073838 -0.097118 -0.025243 0.073849 -0.098125 -0.020972 0.073866 -0.098943 -0.016669 0.073884 -0.099574 -0.012333 0.073899 -0.100017 -0.007965 0.073908 -0.100269 -0.003564 0.073911 -0.100328 0.000866 0.073905 -0.100193 0.005285 0.073894 -0.099867 0.009670 0.073877 -0.099351 0.014022 0.073859 -0.098648 0.018342 0.073844 -0.097758 0.022627 0.073836 -0.096680 0.026880 0.073842 -0.095412 0.031097 0.073870 -0.093955 0.035271 0.073926 -0.092326 0.039354 0.074021 -0.090531 0.043339 0.074162 -0.088572 0.047227 0.074359 -0.086452 0.051018 0.074625 -0.084172 0.054712 0.278437 -0.084640 0.054946 0.278710 -0.086916 0.051234 0.278915 -0.089036 0.047420 0.279064 -0.090996 0.043501 0.279165 -0.092795 0.039479 0.279228 -0.094423 0.035368 0.279262 -0.095865 0.031207 0.279273 -0.097122 0.026999 0.279271 -0.098195 0.022744 0.279259 -0.099084 0.018443 0.279245 -0.099788 0.014097 0.279231 -0.100306 0.009704 0.279221 -0.100633 0.005272 0.279216 -0.100766 0.000848 0.279218 -0.100707 -0.003557 0.279226 -0.100459 -0.007943 0.279239 -0.100022 -0.012310 0.279254 -0.099397 -0.016658 0.279267 -0.098582 -0.020985 0.279274 -0.097576 -0.025291 0.279268 -0.096381 -0.029558 0.279245 -0.095010 -0.033742 0.279195 -0.093468 -0.037842 0.279111 -0.091757 -0.041857 0.278984 -0.089878 -0.045788 0.278804 -0.087832 -0.049634 0.278561 -0.085618 -0.053395 0.278242 -0.083235 -0.057069 0.277837 -0.080706 -0.060623 0.277338 -0.078055 -0.064028 0.276736 -0.075286 -0.067287 0.276018 -0.072405 -0.070401 0.275174 -0.069415 -0.073372 0.274189 -0.066319 -0.076200 0.273049 -0.063121 -0.078885 0.271743 -0.059829 -0.081422 0.270279 -0.056502 -0.083774 0.268655 -0.053159 -0.085941 0.266864 -0.049806 -0.087931 0.264897 -0.046449 -0.089750 0.262749 -0.043095 -0.091406 0.260407 -0.039749 -0.092906 0.257884 -0.036443 -0.094245 0.255204 -0.033222 -0.095418 0.252369 -0.030091 -0.096440 0.249376 -0.027054 -0.097323 0.246225 -0.024115 -0.098079 0.242911 -0.021281 -0.098717 0.239455 -0.018573 -0.099246 0.235887 -0.016017 -0.099674 0.232209 -0.013612 -0.100015 0.228420 -0.011361 -0.100279 0.224522 -0.009265 -0.100478 0.220513 -0.007325 -0.100623 0.216399 -0.005550 -0.100722 0.212209 -0.003952 -0.100783 0.207946 -0.002533 -0.100816 0.203626 -0.001299 -0.100829 0.199278 -0.000256 -0.100827 0.194902 0.000599 -0.100817 0.190499 0.001265 -0.100805 0.186068 0.001744 -0.100793 0.181611 0.002035 -0.100785 0.177127 0.002137 -0.100782 0.172618 0.002045 -0.100785 0.168127 0.001761 -0.100793 0.163676 0.001288 -0.100804 0.159267 0.000628 -0.100817 0.154898 -0.000217 -0.100827 0.150570 -0.001247 -0.100829 0.146283 -0.002462 -0.100817 0.142039 -0.003863 -0.100786 0.137845 -0.005451 -0.100726 0.133749 -0.007206 -0.100630 0.129760 -0.009121 -0.100490 0.125876 -0.011194 -0.100297 0.122098 -0.013422 -0.100039 0.118425 -0.015804 -0.099707 0.114858 -0.018339 -0.099288 0.111399 -0.021028 -0.098770 0.108067 -0.023856 -0.098141 0.104903 -0.026782 -0.097397 0.101907 -0.029800 -0.096530 0.099074 -0.032902 -0.095528 0.096402 -0.036086 -0.094381 0.093889 -0.039345 -0.093077 0.091534 -0.042675 -0.091603 0.089338 -0.046066 -0.089947 0.087333 -0.049457 -0.088128 0.085515 -0.052829 -0.086145 0.083874 -0.056174 -0.083995 0.082400 -0.059489 -0.081672 0.081085 -0.062765 -0.079170 0.079921 -0.065995 -0.076482 0.078910 -0.069139 -0.073634 0.078044 -0.072169 -0.070645 0.077311 -0.075084 -0.067514 0.076697 -0.077881 -0.064241 0.076189 -0.080556 -0.060824 0.075778 -0.083104 -0.057262 0.075454 -0.085498 -0.053589 0.075206 -0.087726 -0.049823 0.075023 -0.089789 -0.045964 0.074893 -0.091686 -0.042013 0.074807 -0.093417 -0.037970 0.074756 -0.094978 -0.033834 0.074732 -0.096363 -0.029617 0.074726 -0.097558 -0.025361 0.074733 -0.098564 -0.021071 0.074746 -0.099382 -0.016748 0.074761 -0.100012 -0.012391 0.074774 -0.100454 -0.008003 0.074782 -0.100706 -0.003581 0.074784 -0.100766 0.000871 0.074779 -0.100631 0.005310 0.074769 -0.100304 0.009716 0.074755 -0.099789 0.014089 0.074741 -0.099087 0.018428 0.074729 -0.098197 0.022734 0.074727 -0.097120 0.027005 0.074738 -0.095854 0.031241 0.074772 -0.094399 0.035432 0.074836 -0.092773 0.039532 0.074937 -0.090981 0.043533 0.075085 -0.089028 0.047435 0.075290 -0.086913 0.051240 0.075563 -0.084640 0.054946 0.277614 -0.085278 0.055300 0.277890 -0.087550 0.051565 0.278100 -0.089666 0.047725 0.278252 -0.091623 0.043782 0.278358 -0.093419 0.039734 0.278425 -0.095044 0.035596 0.278462 -0.096483 0.031408 0.278477 -0.097739 0.027173 0.278477 -0.098810 0.022891 0.278469 -0.099698 0.018562 0.278456 -0.100401 0.014187 0.278444 -0.100918 0.009767 0.278435 -0.101245 0.005306 0.278431 -0.101378 0.000854 0.278432 -0.101319 -0.003580 0.278440 -0.101071 -0.007994 0.278451 -0.100635 -0.012389 0.278464 -0.100010 -0.016765 0.278475 -0.099197 -0.021120 0.278479 -0.098192 -0.025454 0.278470 -0.096999 -0.029749 0.278442 -0.095630 -0.033960 0.278389 -0.094091 -0.038086 0.278301 -0.092382 -0.042127 0.278170 -0.090506 -0.046083 0.277986 -0.088464 -0.049954 0.277740 -0.086254 -0.053739 0.277417 -0.083876 -0.057437 0.277009 -0.081352 -0.061014 0.276509 -0.078707 -0.064441 0.275906 -0.075944 -0.067720 0.275189 -0.073070 -0.070854 0.274347 -0.070087 -0.073844 0.273365 -0.066999 -0.076689 0.272232 -0.063809 -0.079392 0.270933 -0.060526 -0.081945 0.269479 -0.057208 -0.084312 0.267868 -0.053873 -0.086493 0.266091 -0.050529 -0.088495 0.264142 -0.047179 -0.090326 0.262013 -0.043832 -0.091993 0.259694 -0.040493 -0.093502 0.257194 -0.037193 -0.094850 0.254541 -0.033977 -0.096032 0.251733 -0.030850 -0.097061 0.248769 -0.027816 -0.097950 0.245648 -0.024881 -0.098710 0.242365 -0.022048 -0.099353 0.238941 -0.019341 -0.099886 0.235406 -0.016785 -0.100317 0.231761 -0.014381 -0.100659 0.228007 -0.012129 -0.100925 0.224142 -0.010031 -0.101126 0.220167 -0.008091 -0.101271 0.216088 -0.006314 -0.101371 0.211933 -0.004715 -0.101432 0.207704 -0.003294 -0.101466 0.203419 -0.002059 -0.101478 0.199106 -0.001014 -0.101476 0.194764 -0.000159 -0.101467 0.190395 0.000508 -0.101454 0.185998 0.000988 -0.101442 0.181576 0.001280 -0.101434 0.177126 0.001381 -0.101431 0.172651 0.001290 -0.101433 0.168195 0.001005 -0.101442 0.163779 0.000531 -0.101453 0.159404 -0.000130 -0.101466 0.155069 -0.000976 -0.101476 0.150776 -0.002007 -0.101478 0.146523 -0.003223 -0.101467 0.142314 -0.004626 -0.101435 0.138154 -0.006215 -0.101375 0.134093 -0.007972 -0.101279 0.130138 -0.009888 -0.101138 0.126288 -0.011962 -0.100943 0.122543 -0.014190 -0.100684 0.118903 -0.016572 -0.100349 0.115369 -0.019107 -0.099928 0.111942 -0.021796 -0.099406 0.108641 -0.024622 -0.098772 0.105508 -0.027546 -0.098024 0.102540 -0.030560 -0.097150 0.099735 -0.033658 -0.096142 0.097089 -0.036836 -0.094987 0.094600 -0.040090 -0.093675 0.092267 -0.043413 -0.092191 0.090091 -0.046797 -0.090525 0.088103 -0.050180 -0.088693 0.086300 -0.053544 -0.086699 0.084672 -0.056881 -0.084535 0.083209 -0.060187 -0.082197 0.081902 -0.063454 -0.079679 0.080744 -0.066676 -0.076973 0.079736 -0.069812 -0.074108 0.078873 -0.072834 -0.071100 0.078141 -0.075743 -0.067949 0.077526 -0.078534 -0.064654 0.077017 -0.081203 -0.061215 0.076603 -0.083746 -0.057630 0.076275 -0.086134 -0.053934 0.076024 -0.088358 -0.050144 0.075837 -0.090418 -0.046260 0.075703 -0.092312 -0.042284 0.075614 -0.094040 -0.038214 0.075558 -0.095598 -0.034052 0.075530 -0.096981 -0.029808 0.075522 -0.098174 -0.025524 0.075525 -0.099179 -0.021207 0.075536 -0.099995 -0.016855 0.075549 -0.100625 -0.012471 0.075560 -0.101067 -0.008054 0.075567 -0.101318 -0.003605 0.075569 -0.101378 0.000876 0.075565 -0.101243 0.005344 0.075556 -0.100917 0.009779 0.075544 -0.100403 0.014180 0.075531 -0.099701 0.018547 0.075523 -0.098813 0.022880 0.075523 -0.097737 0.027179 0.075538 -0.096473 0.031442 0.075576 -0.095020 0.035661 0.075643 -0.093396 0.039787 0.075749 -0.091608 0.043813 0.075901 -0.089658 0.047741 0.076110 -0.087547 0.051570 0.076386 -0.085278 0.055301 0.276970 -0.086046 0.055752 0.277244 -0.088318 0.051983 0.277452 -0.090433 0.048110 0.277604 -0.092388 0.044133 0.277709 -0.094183 0.040050 0.277775 -0.095807 0.035878 0.277812 -0.097245 0.031656 0.277828 -0.098499 0.027386 0.277828 -0.099569 0.023070 0.277820 -0.100456 0.018707 0.277807 -0.101158 0.014298 0.277795 -0.101674 0.009842 0.277786 -0.102001 0.005347 0.277782 -0.102133 0.000860 0.277784 -0.102075 -0.003608 0.277791 -0.101827 -0.008056 0.277802 -0.101392 -0.012486 0.277815 -0.100768 -0.016895 0.277825 -0.099955 -0.021285 0.277829 -0.098952 -0.025653 0.277821 -0.097760 -0.029983 0.277793 -0.096393 -0.034228 0.277740 -0.094855 -0.038388 0.277652 -0.093147 -0.042464 0.277522 -0.091273 -0.046454 0.277340 -0.089231 -0.050359 0.277095 -0.087023 -0.054177 0.276774 -0.084645 -0.057909 0.276369 -0.082120 -0.061519 0.275873 -0.079474 -0.064978 0.275274 -0.076710 -0.068288 0.274562 -0.073834 -0.071453 0.273725 -0.070848 -0.074471 0.272750 -0.067756 -0.077345 0.271624 -0.064561 -0.080073 0.270334 -0.061272 -0.082651 0.268889 -0.057948 -0.085041 0.267288 -0.054606 -0.087242 0.265523 -0.051253 -0.089262 0.263587 -0.047896 -0.091109 0.261471 -0.044541 -0.092789 0.259166 -0.041193 -0.094309 0.256682 -0.037884 -0.095665 0.254046 -0.034660 -0.096853 0.251255 -0.031525 -0.097887 0.248310 -0.028484 -0.098778 0.245209 -0.025541 -0.099540 0.241947 -0.022702 -0.100182 0.238545 -0.019989 -0.100713 0.235033 -0.017427 -0.101142 0.231411 -0.015018 -0.101482 0.227680 -0.012762 -0.101744 0.223840 -0.010661 -0.101941 0.219891 -0.008717 -0.102082 0.215838 -0.006937 -0.102178 0.211709 -0.005335 -0.102235 0.207507 -0.003912 -0.102265 0.203250 -0.002675 -0.102274 0.198964 -0.001629 -0.102269 0.194650 -0.000773 -0.102257 0.190309 -0.000105 -0.102242 0.185941 0.000376 -0.102229 0.181546 0.000668 -0.102220 0.177125 0.000769 -0.102216 0.172679 0.000678 -0.102219 0.168251 0.000393 -0.102228 0.163864 -0.000082 -0.102242 0.159516 -0.000744 -0.102256 0.155210 -0.001591 -0.102269 0.150943 -0.002624 -0.102274 0.146719 -0.003842 -0.102266 0.142536 -0.005247 -0.102238 0.138403 -0.006838 -0.102182 0.134367 -0.008597 -0.102090 0.130438 -0.010517 -0.101953 0.126612 -0.012594 -0.101762 0.122891 -0.014827 -0.101506 0.119275 -0.017214 -0.101175 0.115763 -0.019755 -0.100756 0.112358 -0.022449 -0.100235 0.109078 -0.025281 -0.099602 0.105965 -0.028212 -0.098853 0.103016 -0.031234 -0.097977 0.100228 -0.034340 -0.096964 0.097599 -0.037527 -0.095804 0.095126 -0.040788 -0.094482 0.092807 -0.044120 -0.092988 0.090645 -0.047513 -0.091309 0.088670 -0.050904 -0.089462 0.086879 -0.054275 -0.087449 0.085261 -0.057620 -0.085266 0.083807 -0.060932 -0.082905 0.082509 -0.064205 -0.080363 0.081359 -0.067433 -0.077631 0.080358 -0.070572 -0.074737 0.079501 -0.073598 -0.071700 0.078773 -0.076509 -0.068519 0.078162 -0.079301 -0.065193 0.077657 -0.081971 -0.061722 0.077245 -0.084514 -0.058104 0.076920 -0.086903 -0.054374 0.076671 -0.089126 -0.050550 0.076485 -0.091184 -0.046632 0.076352 -0.093077 -0.042622 0.076263 -0.094803 -0.038518 0.076208 -0.096361 -0.034321 0.076180 -0.097742 -0.030042 0.076171 -0.098934 -0.025724 0.076175 -0.099937 -0.021372 0.076185 -0.100753 -0.016987 0.076198 -0.101382 -0.012568 0.076209 -0.101823 -0.008117 0.076216 -0.102074 -0.003632 0.076218 -0.102133 0.000883 0.076214 -0.101999 0.005386 0.076205 -0.101673 0.009855 0.076193 -0.101159 0.014290 0.076180 -0.100459 0.018691 0.076172 -0.099572 0.023059 0.076172 -0.098497 0.027392 0.076188 -0.097234 0.031690 0.076225 -0.095783 0.035943 0.076292 -0.094161 0.040104 0.076397 -0.092374 0.044164 0.076548 -0.090424 0.048126 0.076756 -0.088315 0.051989 0.077030 -0.086046 0.055753 0.276810 -0.089163 0.052459 0.277011 -0.091281 0.048546 0.277156 -0.093239 0.044529 0.277255 -0.095035 0.040407 0.277317 -0.096659 0.036195 0.277349 -0.098098 0.031933 0.277360 -0.099352 0.027625 0.277357 -0.100422 0.023269 0.277346 -0.101308 0.018868 0.277332 -0.102010 0.014420 0.277318 -0.102526 0.009927 0.277308 -0.102852 0.005392 0.277304 -0.102985 0.000868 0.277306 -0.102926 -0.003639 0.277314 -0.102679 -0.008125 0.277326 -0.102243 -0.012593 0.277340 -0.101620 -0.017041 0.277353 -0.100808 -0.021469 0.277360 -0.099805 -0.025876 0.277355 -0.098613 -0.030245 0.277332 -0.097246 -0.034530 0.277284 -0.095707 -0.038729 0.277202 -0.093998 -0.042843 0.277078 -0.092122 -0.046873 0.276903 -0.090077 -0.050818 0.276665 -0.087865 -0.054676 0.276352 -0.085482 -0.058448 0.275956 -0.082950 -0.062097 0.275468 -0.080296 -0.065595 0.274879 -0.077522 -0.068943 0.274176 -0.074633 -0.072144 0.273348 -0.071633 -0.075199 0.272383 -0.068526 -0.078106 0.271266 -0.065313 -0.080867 0.269985 -0.062004 -0.083476 0.268548 -0.058659 -0.085893 0.266955 -0.055296 -0.088118 0.265197 -0.051921 -0.090160 0.263267 -0.048541 -0.092025 0.261158 -0.045163 -0.093720 0.258860 -0.041792 -0.095251 0.256382 -0.038463 -0.096616 0.253751 -0.035219 -0.097810 0.250968 -0.032066 -0.098846 0.248030 -0.029008 -0.099737 0.244936 -0.026050 -0.100497 0.241682 -0.023198 -0.101136 0.238290 -0.020473 -0.101663 0.234788 -0.017902 -0.102086 0.231178 -0.015485 -0.102418 0.227460 -0.013222 -0.102674 0.223634 -0.011115 -0.102864 0.219699 -0.009167 -0.102998 0.215663 -0.007384 -0.103086 0.211551 -0.005779 -0.103137 0.207367 -0.004354 -0.103160 0.203128 -0.003115 -0.103163 0.198861 -0.002069 -0.103154 0.194567 -0.001211 -0.103138 0.190246 -0.000543 -0.103120 0.185898 -0.000062 -0.103104 0.181525 0.000230 -0.103093 0.177125 0.000332 -0.103089 0.172700 0.000240 -0.103093 0.168293 -0.000045 -0.103103 0.163926 -0.000520 -0.103119 0.159599 -0.001182 -0.103137 0.155311 -0.002030 -0.103153 0.151064 -0.003064 -0.103163 0.146858 -0.004283 -0.103161 0.142693 -0.005690 -0.103139 0.138577 -0.007284 -0.103090 0.134558 -0.009047 -0.103005 0.130643 -0.010971 -0.102875 0.126831 -0.013054 -0.102691 0.123123 -0.015293 -0.102442 0.119518 -0.017688 -0.102118 0.116017 -0.020238 -0.101704 0.112621 -0.022944 -0.101189 0.109350 -0.025789 -0.100559 0.106245 -0.028735 -0.099812 0.103303 -0.031773 -0.098936 0.100522 -0.034897 -0.097921 0.097899 -0.038103 -0.096755 0.095432 -0.041386 -0.095426 0.093119 -0.044740 -0.093920 0.090964 -0.048155 -0.092226 0.088995 -0.051569 -0.090362 0.087211 -0.054963 -0.088328 0.085601 -0.058329 -0.086120 0.084156 -0.061662 -0.083733 0.082866 -0.064955 -0.081160 0.081725 -0.068200 -0.078396 0.080733 -0.071356 -0.075468 0.079886 -0.074396 -0.072395 0.079168 -0.077319 -0.069177 0.078566 -0.080122 -0.065813 0.078069 -0.082801 -0.062302 0.077667 -0.085351 -0.058645 0.077350 -0.087745 -0.054875 0.077108 -0.089972 -0.051011 0.076929 -0.092033 -0.047054 0.076802 -0.093928 -0.043003 0.076718 -0.095656 -0.038860 0.076669 -0.097213 -0.034623 0.076645 -0.098595 -0.030305 0.076640 -0.099787 -0.025948 0.076646 -0.100790 -0.021557 0.076659 -0.101605 -0.017133 0.076674 -0.102233 -0.012676 0.076686 -0.102674 -0.008186 0.076694 -0.102925 -0.003663 0.076696 -0.102984 0.000891 0.076692 -0.102850 0.005432 0.076682 -0.102525 0.009939 0.076668 -0.102011 0.014412 0.076654 -0.101311 0.018852 0.076643 -0.100424 0.023258 0.076640 -0.099350 0.027630 0.076651 -0.098087 0.031967 0.076684 -0.096636 0.036261 0.076746 -0.095013 0.040461 0.076845 -0.093224 0.044561 0.076990 -0.091272 0.048562 0.077190 -0.089159 0.052465 0.276595 -0.090022 0.052955 0.276784 -0.092148 0.049001 0.276918 -0.094113 0.044942 0.277006 -0.095914 0.040778 0.277058 -0.097543 0.036525 0.277082 -0.098984 0.032222 0.277086 -0.100240 0.027872 0.277077 -0.101312 0.023477 0.277060 -0.102199 0.019035 0.277042 -0.102902 0.014548 0.277025 -0.103418 0.010014 0.277013 -0.103744 0.005440 0.277008 -0.103877 0.000875 0.277010 -0.103818 -0.003671 0.277020 -0.103571 -0.008197 0.277035 -0.103135 -0.012704 0.277053 -0.102511 -0.017191 0.277071 -0.101698 -0.021660 0.277084 -0.100694 -0.026108 0.277086 -0.099500 -0.030517 0.277071 -0.098130 -0.034843 0.277031 -0.096588 -0.039083 0.276959 -0.094875 -0.043239 0.276846 -0.092992 -0.047310 0.276682 -0.090940 -0.051296 0.276457 -0.088718 -0.055196 0.276158 -0.086324 -0.059010 0.275775 -0.083779 -0.062701 0.275300 -0.081108 -0.066240 0.274724 -0.078316 -0.069629 0.274033 -0.075407 -0.072870 0.273218 -0.072383 -0.075962 0.272263 -0.069249 -0.078906 0.271156 -0.066008 -0.081701 0.269884 -0.062669 -0.084342 0.268454 -0.059291 -0.086789 0.266865 -0.055894 -0.089040 0.265111 -0.052485 -0.091104 0.263182 -0.049072 -0.092988 0.261073 -0.045661 -0.094698 0.258772 -0.042258 -0.096241 0.256292 -0.038898 -0.097615 0.253658 -0.035626 -0.098813 0.250870 -0.032447 -0.099851 0.247928 -0.029366 -0.100743 0.244830 -0.026388 -0.101500 0.241574 -0.023518 -0.102135 0.238180 -0.020778 -0.102655 0.234677 -0.018195 -0.103071 0.231067 -0.015767 -0.103396 0.227350 -0.013496 -0.103644 0.223527 -0.011383 -0.103825 0.219597 -0.009430 -0.103951 0.215566 -0.007643 -0.104031 0.211461 -0.006035 -0.104074 0.207286 -0.004609 -0.104091 0.203057 -0.003369 -0.104087 0.198800 -0.002322 -0.104072 0.194517 -0.001464 -0.104051 0.190208 -0.000795 -0.104030 0.185872 -0.000315 -0.104011 0.181511 -0.000022 -0.103999 0.177124 0.000079 -0.103995 0.172712 -0.000013 -0.103999 0.168318 -0.000298 -0.104011 0.163964 -0.000773 -0.104029 0.159648 -0.001435 -0.104050 0.155372 -0.002283 -0.104071 0.151136 -0.003318 -0.104087 0.146939 -0.004538 -0.104091 0.142782 -0.005947 -0.104076 0.138674 -0.007543 -0.104034 0.134660 -0.009310 -0.103957 0.130749 -0.011238 -0.103836 0.126941 -0.013327 -0.103660 0.123234 -0.015575 -0.103420 0.119629 -0.017980 -0.103103 0.116128 -0.020542 -0.102696 0.112730 -0.023262 -0.102187 0.109456 -0.026126 -0.101562 0.106347 -0.029091 -0.100817 0.103401 -0.032152 -0.099942 0.100616 -0.035301 -0.098925 0.097989 -0.038535 -0.097754 0.095519 -0.041848 -0.096417 0.093205 -0.045233 -0.094900 0.091049 -0.048682 -0.093191 0.089082 -0.052131 -0.091308 0.087300 -0.055558 -0.089252 0.085695 -0.058958 -0.087019 0.084256 -0.062323 -0.084602 0.082975 -0.065647 -0.081998 0.081843 -0.068921 -0.079200 0.080863 -0.072104 -0.076235 0.080027 -0.075168 -0.073123 0.079322 -0.078112 -0.069866 0.078733 -0.080934 -0.066461 0.078250 -0.083629 -0.062909 0.077861 -0.086192 -0.059210 0.077557 -0.088598 -0.055398 0.077327 -0.090834 -0.051492 0.077160 -0.092903 -0.047492 0.077044 -0.094804 -0.043400 0.076971 -0.096536 -0.039215 0.076930 -0.098098 -0.034938 0.076914 -0.099482 -0.030578 0.076916 -0.100676 -0.026180 0.076929 -0.101680 -0.021749 0.076947 -0.102496 -0.017284 0.076965 -0.103125 -0.012788 0.076980 -0.103566 -0.008258 0.076990 -0.103817 -0.003696 0.076992 -0.103877 0.000898 0.076987 -0.103742 0.005479 0.076975 -0.103417 0.010026 0.076958 -0.102903 0.014540 0.076940 -0.102202 0.019020 0.076923 -0.101314 0.023466 0.076914 -0.100238 0.027878 0.076918 -0.098973 0.032256 0.076942 -0.097519 0.036591 0.076995 -0.095892 0.040832 0.077083 -0.094098 0.044974 0.077217 -0.092140 0.049017 0.077405 -0.090019 0.052961 0.177000 0.000000 -0.120000 0.184385 -0.000273 -0.120000 0.191730 -0.001091 -0.120000 0.198995 -0.002449 -0.120000 0.206139 -0.004340 -0.120000 0.213124 -0.006753 -0.120000 0.219912 -0.009675 -0.120000 0.226466 -0.013091 -0.120000 0.232749 -0.016982 -0.120000 0.238728 -0.021326 -0.120000 0.244370 -0.026099 -0.120000 0.249643 -0.031276 -0.120000 0.254520 -0.036829 -0.120000 0.258974 -0.042726 -0.120000 0.262980 -0.048937 -0.120000 0.266516 -0.055426 -0.120000 0.269564 -0.062159 -0.120000 0.272106 -0.069098 -0.120000 0.274128 -0.076206 -0.120000 0.275620 -0.083445 -0.120000 0.276573 -0.090773 -0.120000 0.276983 -0.098152 -0.120000 0.276846 -0.105541 -0.120000 0.276164 -0.112900 -0.120000 0.274941 -0.120188 -0.120000 0.273183 -0.127366 -0.120000 0.270899 -0.134395 -0.120000 0.268102 -0.141236 -0.120000 0.264808 -0.147851 -0.120000 0.261034 -0.154205 -0.120000 0.256802 -0.160263 -0.120000 0.252133 -0.165992 -0.120000 0.247054 -0.171361 -0.120000 0.241593 -0.176340 -0.120000 0.235779 -0.180902 -0.120000 0.229643 -0.185022 -0.120000 0.223220 -0.188677 -0.120000 0.216545 -0.191849 -0.120000 0.209654 -0.194518 -0.120000 0.202584 -0.196672 -0.120000 0.195375 -0.198297 -0.120000 0.188065 -0.199386 -0.120000 0.180695 -0.199932 -0.120000 0.173305 -0.199932 -0.120000 0.165935 -0.199386 -0.120000 0.158625 -0.198297 -0.120000 0.151416 -0.196672 -0.120000 0.144346 -0.194518 -0.120000 0.137455 -0.191849 -0.120000 0.130780 -0.188677 -0.120000 0.124357 -0.185022 -0.120000 0.118221 -0.180902 -0.120000 0.112407 -0.176340 -0.120000 0.106946 -0.171361 -0.120000 0.101867 -0.165992 -0.120000 0.097198 -0.160263 -0.120000 0.092966 -0.154205 -0.120000 0.089192 -0.147851 -0.120000 0.085898 -0.141236 -0.120000 0.083101 -0.134395 -0.120000 0.080817 -0.127366 -0.120000 0.079059 -0.120188 -0.120000 0.077836 -0.112900 -0.120000 0.077154 -0.105541 -0.120000 0.077017 -0.098152 -0.120000 0.077427 -0.090773 -0.120000 0.078380 -0.083445 -0.120000 0.079872 -0.076206 -0.120000 0.081894 -0.069098 -0.120000 0.084436 -0.062159 -0.120000 0.087484 -0.055426 -0.120000 0.091020 -0.048937 -0.120000 0.095026 -0.042726 -0.120000 0.099480 -0.036829 -0.120000 0.104357 -0.031276 -0.120000 0.109630 -0.026099 -0.120000 0.115272 -0.021326 -0.120000 0.121251 -0.016982 -0.120000 0.127534 -0.013091 -0.120000 0.134088 -0.009675 -0.120000 0.140876 -0.006753 -0.120000 0.147861 -0.004340 -0.120000 0.155005 -0.002449 -0.120000 0.162270 -0.001091 -0.120000 0.169615 -0.000273 -0.120000 0.367000 0.000000 -0.098000 0.367000 -0.007324 -0.097726 0.367000 -0.014606 -0.096905 0.367000 -0.021807 -0.095543 0.367000 -0.028886 -0.093646 0.367000 -0.035803 -0.091226 0.367000 -0.042521 -0.088295 0.367000 -0.049000 -0.084870 0.367000 -0.055205 -0.080971 0.367000 -0.061102 -0.076619 0.367000 -0.066657 -0.071839 0.367000 -0.071839 -0.066657 0.367000 -0.076619 -0.061102 0.367000 -0.080971 -0.055205 0.367000 -0.084870 -0.049000 0.367000 -0.088295 -0.042521 0.367000 -0.091226 -0.035803 0.367000 -0.093646 -0.028886 0.367000 -0.095543 -0.021807 0.367000 -0.096905 -0.014606 0.367000 -0.097726 -0.007324 0.367000 -0.098000 0.000000 0.367000 -0.097726 0.007324 0.367000 -0.096905 0.014606 0.367000 -0.095543 0.021807 0.367000 -0.093646 0.028886 0.367000 -0.091226 0.035803 0.367000 -0.088295 0.042521 0.367000 -0.084870 0.049000 0.367000 -0.080971 0.055205 0.367000 -0.076619 0.061102 0.367000 -0.071839 0.066657 0.367000 -0.066657 0.071839 0.367000 -0.061102 0.076619 0.367000 -0.055205 0.080971 0.367000 -0.049000 0.084870 0.367000 -0.042521 0.088295 0.367000 -0.035803 0.091226 0.367000 -0.028886 0.093646 0.367000 -0.021807 0.095543 0.367000 -0.014606 0.096905 0.367000 -0.007324 0.097726 0.367000 0.000000 0.098000 0.367000 0.007324 0.097726 0.367000 0.014606 0.096905 0.367000 0.021807 0.095543 0.367000 0.028886 0.093646 0.367000 0.035803 0.091226 0.367000 0.042521 0.088295 0.367000 0.049000 0.084870 0.367000 0.055205 0.080971 0.367000 0.061102 0.076619 0.367000 0.066657 0.071839 0.367000 0.071839 0.066657 0.367000 0.076619 0.061102 0.367000 0.080971 0.055205 0.367000 0.084870 0.049000 0.367000 0.088295 0.042521 0.367000 0.091226 0.035803 0.367000 0.093646 0.028886 0.367000 0.095543 0.021807 0.367000 0.096905 0.014606 0.367000 0.097726 0.007324 0.367000 0.098000 -0.000000 0.367000 0.097726 -0.007324 0.367000 0.096905 -0.014606 0.367000 0.095543 -0.021807 0.367000 0.093646 -0.028886 0.367000 0.091226 -0.035803 0.367000 0.088295 -0.042521 0.367000 0.084870 -0.049000 0.367000 0.080971 -0.055205 0.367000 0.076619 -0.061102 0.367000 0.071839 -0.066657 0.367000 0.066657 -0.071839 0.367000 0.061102 -0.076619 0.367000 0.055205 -0.080971 0.367000 0.049000 -0.084870 0.367000 0.042521 -0.088295 0.367000 0.035803 -0.091226 0.367000 0.028886 -0.093646 0.367000 0.021807 -0.095543 0.367000 0.014606 -0.096905 0.367000 0.007324 -0.097726 0.366000 0.000000 -0.098000 0.366000 0.007324 -0.097726 0.366000 0.014606 -0.096905 0.366000 0.021807 -0.095543 0.366000 0.028886 -0.093646 0.366000 0.035803 -0.091226 0.366000 0.042521 -0.088295 0.366000 0.049000 -0.084870 0.366000 0.055205 -0.080971 0.366000 0.061102 -0.076619 0.366000 0.066657 -0.071839 0.366000 0.071839 -0.066657 0.366000 0.076619 -0.061102 0.366000 0.080971 -0.055205 0.366000 0.084870 -0.049000 0.366000 0.088295 -0.042521 0.366000 0.091226 -0.035803 0.366000 0.093646 -0.028886 0.366000 0.095543 -0.021807 0.366000 0.096905 -0.014606 0.366000 0.097726 -0.007324 0.366000 0.098000 -0.000000 0.366000 0.097726 0.007324 0.366000 0.096905 0.014606 0.366000 0.095543 0.021807 0.366000 0.093646 0.028886 0.366000 0.091226 0.035803 0.366000 0.088295 0.042521 0.366000 0.084870 0.049000 0.366000 0.080971 0.055205 0.366000 0.076619 0.061102 0.366000 0.071839 0.066657 0.366000 0.066657 0.071839 0.366000 0.061102 0.076619 0.366000 0.055205 0.080971 0.366000 0.049000 0.084870 0.366000 0.042521 0.088295 0.366000 0.035803 0.091226 0.366000 0.028886 0.093646 0.366000 0.021807 0.095543 0.366000 0.014606 0.096905 0.366000 0.007324 0.097726 0.366000 0.000000 0.098000 0.366000 -0.007324 0.097726 0.366000 -0.014606 0.096905 0.366000 -0.021807 0.095543 0.366000 -0.028886 0.093646 0.366000 -0.035803 0.091226 0.366000 -0.042521 0.088295 0.366000 -0.049000 0.084870 0.366000 -0.055205 0.080971 0.366000 -0.061102 0.076619 0.366000 -0.066657 0.071839 0.366000 -0.071839 0.066657 0.366000 -0.076619 0.061102 0.366000 -0.080971 0.055205 0.366000 -0.084870 0.049000 0.366000 -0.088295 0.042521 0.366000 -0.091226 0.035803 0.366000 -0.093646 0.028886 0.366000 -0.095543 0.021807 0.366000 -0.096905 0.014606 0.366000 -0.097726 0.007324 0.366000 -0.098000 0.000000 0.366000 -0.097726 -0.007324 0.366000 -0.096905 -0.014606 0.366000 -0.095543 -0.021807 0.366000 -0.093646 -0.028886 0.366000 -0.091226 -0.035803 0.366000 -0.088295 -0.042521 0.366000 -0.084870 -0.049000 0.366000 -0.080971 -0.055205 0.366000 -0.076619 -0.061102 0.366000 -0.071839 -0.066657 0.366000 -0.066657 -0.071839 0.366000 -0.061102 -0.076619 0.366000 -0.055205 -0.080971 0.366000 -0.049000 -0.084870 0.366000 -0.042521 -0.088295 0.366000 -0.035803 -0.091226 0.366000 -0.028886 -0.093646 0.366000 -0.021807 -0.095543 0.366000 -0.014606 -0.096905 0.366000 -0.007324 -0.097726 0.366000 0.000000 -0.100000 0.366000 0.007385 -0.099727 0.366000 0.014730 -0.098909 0.366000 0.021995 -0.097551 0.366000 0.029139 -0.095660 0.366000 0.036124 -0.093247 0.366000 0.042912 -0.090325 0.366000 0.049466 -0.086909 0.366000 0.055749 -0.083018 0.366000 0.061728 -0.078674 0.366000 0.067370 -0.073901 0.366000 0.072643 -0.068724 0.366000 0.077520 -0.063171 0.366000 0.081974 -0.057274 0.366000 0.085980 -0.051063 0.366000 0.089516 -0.044574 0.366000 0.092564 -0.037841 0.366000 0.095106 -0.030902 0.366000 0.097128 -0.023794 0.366000 0.098620 -0.016555 0.366000 0.099573 -0.009227 0.366000 0.099983 -0.001848 0.366000 0.099846 0.005541 0.366000 0.099164 0.012900 0.366000 0.097941 0.020188 0.366000 0.096183 0.027366 0.366000 0.093899 0.034395 0.366000 0.091102 0.041236 0.366000 0.087808 0.047851 0.366000 0.084034 0.054205 0.366000 0.079802 0.060263 0.366000 0.075133 0.065992 0.366000 0.070054 0.071361 0.366000 0.064593 0.076340 0.366000 0.058779 0.080902 0.366000 0.052643 0.085022 0.366000 0.046220 0.088677 0.366000 0.039545 0.091849 0.366000 0.032654 0.094518 0.366000 0.025584 0.096672 0.366000 0.018375 0.098297 0.366000 0.011065 0.099386 0.366000 0.003695 0.099932 0.366000 -0.003695 0.099932 0.366000 -0.011065 0.099386 0.366000 -0.018375 0.098297 0.366000 -0.025584 0.096672 0.366000 -0.032654 0.094518 0.366000 -0.039545 0.091849 0.366000 -0.046220 0.088677 0.366000 -0.052643 0.085022 0.366000 -0.058779 0.080902 0.366000 -0.064593 0.076340 0.366000 -0.070054 0.071361 0.366000 -0.075133 0.065992 0.366000 -0.079802 0.060263 0.366000 -0.084034 0.054205 0.366000 -0.087808 0.047851 0.366000 -0.091102 0.041236 0.366000 -0.093899 0.034395 0.366000 -0.096183 0.027366 0.366000 -0.097941 0.020188 0.366000 -0.099164 0.012900 0.366000 -0.099846 0.005541 0.366000 -0.099983 -0.001848 0.366000 -0.099573 -0.009227 0.366000 -0.098620 -0.016555 0.366000 -0.097128 -0.023794 0.366000 -0.095106 -0.030902 0.366000 -0.092564 -0.037841 0.366000 -0.089516 -0.044574 0.366000 -0.085980 -0.051063 0.366000 -0.081974 -0.057274 0.366000 -0.077520 -0.063171 0.366000 -0.072643 -0.068724 0.366000 -0.067370 -0.073901 0.366000 -0.061728 -0.078674 0.366000 -0.055749 -0.083018 0.366000 -0.049466 -0.086909 0.366000 -0.042912 -0.090325 0.366000 -0.036124 -0.093247 0.366000 -0.029139 -0.095660 0.366000 -0.021995 -0.097551 0.366000 -0.014730 -0.098909 0.366000 -0.007385 -0.099727 0.244000 -0.000000 -0.100000 0.122000 -0.007385 -0.099727 0.244000 -0.079802 0.060263 0.122000 -0.079802 0.060263 0.244000 -0.014730 -0.098909 0.244000 -0.007385 -0.099727 0.122000 0.007385 -0.099727 0.244000 0.007385 -0.099727 0.122000 0.000000 -0.100000 0.122000 -0.003695 0.099932 0.244000 -0.003695 0.099932 0.244000 0.003695 0.099932 0.122000 0.003695 0.099932 0.122000 -0.011065 0.099386 0.244000 -0.011065 0.099386 0.122000 -0.018375 0.098297 0.244000 -0.018375 0.098297 0.122000 -0.025584 0.096672 0.244000 -0.025584 0.096672 0.122000 -0.032654 0.094518 0.244000 -0.032654 0.094518 0.122000 -0.039545 0.091849 0.244000 -0.039545 0.091849 0.122000 -0.046220 0.088677 0.244000 -0.046220 0.088677 0.122000 -0.052643 0.085022 0.244000 -0.052643 0.085022 0.122000 -0.058779 0.080902 0.244000 -0.058779 0.080902 0.122000 -0.064593 0.076340 0.244000 -0.064593 0.076340 0.122000 -0.070054 0.071361 0.244000 -0.070054 0.071361 0.122000 -0.075133 0.065992 0.244000 -0.075133 0.065992 0.122000 0.014730 -0.098909 0.244000 0.014730 -0.098909 0.122000 0.021995 -0.097551 0.244000 0.021995 -0.097551 0.122000 0.029139 -0.095660 0.244000 0.029139 -0.095660 0.122000 0.036124 -0.093247 0.244000 0.036124 -0.093247 0.122000 0.042912 -0.090325 0.244000 0.042912 -0.090325 0.122000 0.049466 -0.086909 0.244000 0.049466 -0.086909 0.122000 0.055749 -0.083018 0.244000 0.055749 -0.083018 0.122000 0.061728 -0.078674 0.244000 0.061728 -0.078674 0.122000 0.067370 -0.073901 0.244000 0.067370 -0.073901 0.122000 0.072643 -0.068724 0.244000 0.072643 -0.068724 0.122000 0.077520 -0.063171 0.244000 0.077520 -0.063171 0.122000 0.081974 -0.057274 0.244000 0.081974 -0.057274 0.122000 0.085980 -0.051063 0.244000 0.085980 -0.051063 0.122000 0.089516 -0.044574 0.244000 0.089516 -0.044574 0.122000 0.092564 -0.037841 0.244000 0.092564 -0.037841 0.122000 0.095106 -0.030902 0.244000 0.095106 -0.030902 0.122000 0.097128 -0.023794 0.244000 0.097128 -0.023794 0.122000 0.098620 -0.016555 0.244000 0.098620 -0.016555 0.122000 0.099573 -0.009227 0.244000 0.099573 -0.009227 0.122000 0.099983 -0.001848 0.244000 0.099983 -0.001848 0.122000 0.099846 0.005541 0.244000 0.099846 0.005541 0.122000 0.099164 0.012900 0.244000 0.099164 0.012900 0.122000 0.097941 0.020188 0.244000 0.097941 0.020188 0.122000 0.096183 0.027366 0.244000 0.096183 0.027366 0.122000 0.093899 0.034395 0.244000 0.093899 0.034395 0.122000 0.091102 0.041236 0.244000 0.091102 0.041236 0.122000 0.087808 0.047851 0.244000 0.087808 0.047851 0.122000 0.084034 0.054205 0.244000 0.084034 0.054205 0.122000 0.079802 0.060263 0.244000 0.079802 0.060263 0.122000 0.075133 0.065992 0.244000 0.075133 0.065992 0.122000 0.070054 0.071361 0.244000 0.070054 0.071361 0.122000 0.064593 0.076340 0.244000 0.064593 0.076340 0.122000 0.058779 0.080902 0.244000 0.058779 0.080902 0.122000 0.052643 0.085022 0.244000 0.052643 0.085022 0.122000 0.046220 0.088677 0.244000 0.046220 0.088677 0.122000 0.039545 0.091849 0.244000 0.039545 0.091849 0.122000 0.032654 0.094518 0.244000 0.032654 0.094518 0.122000 0.025584 0.096672 0.244000 0.025584 0.096672 0.122000 0.018375 0.098297 0.244000 0.018375 0.098297 0.122000 0.011065 0.099386 0.244000 0.011065 0.099386</float_array>
          <technique_common>
            <accessor source="#Arm02-mesh-positions-array" count="2730" stride="3">
              <param name="X" type="float"/>
              <param name="Y" type="float"/>
              <param name="Z" type="float"/>
            </accessor>
          </technique_common>
        </source>
        <source id="Arm02-mesh-normals">
          <float_array id="Arm02-mesh-normals-array" count="10899">1.000000 0.000000 0.000000 1.000000 0.000000 0.000000 1.000000 0.000000 0.000000 1.000000 0.000000 0.000000 1.000000 0.000000 0.000000 1.000000 0.000000 0.000000 1.000000 0.000000 0.000000 1.000000 0.000000 0.000000 1.000000 0.000000 0.000000 1.000000 0.000000 0.000000 1.000000 0.000000 0.000000 1.000000 0.000000 0.000000 1.000000 0.000000 0.000000 1.000000 0.000000 0.000000 1.000000 0.000000 0.000000 1.000000 0.000000 0.000000 1.000000 0.000000 0.000000 1.000000 0.000000 0.000000 1.000000 0.000000 0.000000 1.000000 0.000000 0.000000 1.000000 0.000000 0.000000 1.000000 0.000000 0.000000 1.000000 0.000000 0.000000 1.000000 0.000000 0.000000 1.000000 0.000000 0.000000 1.000000 0.000000 0.000000 1.000000 0.000000 0.000000 1.000000 0.000000 0.000000 1.000000 0.000000 0.000000 1.000000 0.000000 0.000000 1.000000 0.000000 0.000000 1.000000 0.000000 0.000000 1.000000 0.000000 0.000000 1.000000 0.000000 0.000000 1.000000 0.000000 0.000000 1.000000 0.000000 0.000000 1.000000 0.000000 0.000000 1.000000 0.000000 0.000000 1.000000 0.000000 0.000000 1.000000 0.000000 0.000000 1.000000 0.000000 0.000000 1.000000 0.000000 0.000000 1.000000 0.000000 0.000000 1.000000 0.000000 0.000000 1.000000 0.000000 0.000000 1.000000 0.000000 0.000000 1.000000 0.000000 0.000000 1.000000 0.000000 0.000000 1.000000 0.000000 0.000000 1.000000 0.000000 0.000000 1.000000 0.000000 0.000000 1.000000 0.000000 0.000000 1.000000 0.000000 0.000000 1.000000 0.000000 0.000000 1.000000 0.000000 0.000000 1.000000 0.000000 0.000000 1.000000 0.000000 0.000000 1.000000 0.000000 0.000000 1.000000 0.000000 0.000000 1.000000 0.000000 0.000000 1.000000 0.000000 0.000000 1.000000 0.000000 0.000000 1.000000 0.000000 0.000000 1.000000 0.000000 0.000000 1.000000 0.000000 0.000000 1.000000 0.000000 0.000000 1.000000 0.000000 0.000000 1.000000 0.000000 0.000000 1.000000 0.000000 0.000000 1.000000 0.000000 0.000000 1.000000 0.000000 0.000000 1.000000 0.000000 0.000000 1.000000 0.000000 0.000000 1.000000 0.000000 0.000000 1.000000 0.000000 0.000000 1.000000 0.000000 0.000000 1.000000 0.000000 0.000000 1.000000 0.000000 0.000000 1.000000 0.000000 0.000000 1.000000 0.000000 0.000000 1.000000 0.000000 0.000000 1.000000 0.000000 0.000000 1.000000 0.000000 0.000000 1.000000 0.000000 0.000000 1.000000 0.000000 0.000000 1.000000 0.000000 0.000000 1.000000 0.000000 0.000000 1.000000 0.000000 0.000000 1.000000 0.000000 0.000000 1.000000 0.000000 0.000000 1.000000 0.000000 0.000000 1.000000 0.000000 0.000000 1.000000 0.000000 0.000000 1.000000 0.000000 0.000000 1.000000 0.000000 0.000000 1.000000 0.000000 0.000000 1.000000 0.000000 0.000000 1.000000 0.000000 0.000000 1.000000 0.000000 0.000000 1.000000 0.000000 0.000000 1.000000 0.000000 0.000000 1.000000 0.000000 0.000000 1.000000 0.000000 0.000000 1.000000 0.000000 0.000000 1.000000 0.000000 0.000000 1.000000 0.000000 0.000000 1.000000 0.000000 0.000000 1.000000 0.000000 0.000000 1.000000 0.000000 0.000000 1.000000 0.000000 0.000000 1.000000 0.000000 0.000000 1.000000 0.000000 0.000000 1.000000 0.000000 0.000000 1.000000 0.000000 0.000000 1.000000 0.000000 0.000000 1.000000 0.000000 0.000000 1.000000 0.000000 0.000000 1.000000 0.000000 0.000000 1.000000 0.000000 0.000000 1.000000 0.000000 0.000000 1.000000 0.000000 0.000000 1.000000 0.000000 0.000000 1.000000 0.000000 0.000000 1.000000 0.000000 0.000000 1.000000 0.000000 0.000000 1.000000 0.000000 0.000000 1.000000 0.000000 0.000000 1.000000 0.000000 0.000000 1.000000 0.000000 0.000000 1.000000 0.000000 0.000000 1.000000 0.000000 0.000000 1.000000 0.000000 0.000000 1.000000 0.000000 0.000000 1.000000 0.000000 0.000000 1.000000 0.000000 0.000000 1.000000 0.000000 0.000000 1.000000 0.000000 0.000000 1.000000 0.000000 0.000000 1.000000 0.000000 0.000000 1.000000 0.000000 0.000000 1.000000 0.000000 0.000000 1.000000 0.000000 0.000000 1.000000 0.000000 0.000000 1.000000 0.000000 0.000000 1.000000 0.000000 0.000000 1.000000 0.000000 0.000000 1.000000 0.000000 0.000000 1.000000 0.000000 0.000000 1.000000 0.000000 0.000000 1.000000 0.000000 0.000000 1.000000 0.000000 0.000000 1.000000 0.000000 0.000000 1.000000 0.000000 0.000000 1.000000 0.000000 0.000000 1.000000 0.000000 0.000000 1.000000 0.000000 0.000000 1.000000 0.000000 0.000000 1.000000 0.000000 0.000000 1.000000 0.000000 0.000000 1.000000 0.000000 0.000000 1.000000 0.000000 0.000000 1.000000 0.000000 0.000000 1.000000 0.000000 0.000000 1.000000 0.000000 0.000000 1.000000 0.000000 0.000000 1.000000 0.000000 0.000000 1.000000 0.000000 0.000000 1.000000 0.000000 0.000000 1.000000 0.000000 0.000000 -1.000000 0.000000 0.000000 -1.000000 0.000000 0.000000 -1.000000 0.000000 0.000000 -1.000000 0.000000 0.000000 -1.000000 0.000000 0.000000 -1.000000 0.000000 0.000000 -1.000000 0.000000 0.000000 -1.000000 0.000000 0.000000 -1.000000 0.000000 0.000000 -1.000000 0.000000 0.000000 -1.000000 0.000000 0.000000 -1.000000 0.000000 0.000000 -1.000000 0.000000 0.000000 -1.000000 0.000000 0.000000 -1.000000 0.000000 0.000000 -1.000000 0.000000 0.000000 -1.000000 0.000000 0.000000 -1.000000 0.000000 0.000000 -1.000000 0.000000 0.000000 -1.000000 0.000000 0.000000 -1.000000 0.000000 0.000000 -1.000000 0.000000 0.000000 -1.000000 0.000000 0.000000 -1.000000 0.000000 0.000000 -1.000000 0.000000 0.000000 -1.000000 0.000000 0.000000 -1.000000 0.000000 0.000000 -1.000000 0.000000 0.000000 -1.000000 0.000000 0.000000 -1.000000 0.000000 0.000000 -1.000000 0.000000 0.000000 -1.000000 0.000000 0.000000 -1.000000 0.000000 0.000000 -1.000000 0.000000 0.000000 -1.000000 0.000000 0.000000 -1.000000 0.000000 0.000000 -1.000000 0.000000 0.000000 -1.000000 0.000000 0.000000 -1.000000 0.000000 0.000000 -1.000000 0.000000 0.000000 -1.000000 0.000000 0.000000 -1.000000 0.000000 0.000000 -1.000000 0.000000 0.000000 -1.000000 0.000000 0.000000 -1.000000 0.000000 0.000000 -1.000000 0.000000 0.000000 -1.000000 0.000000 0.000000 -1.000000 0.000000 0.000000 -1.000000 0.000000 0.000000 -1.000000 0.000000 0.000000 -1.000000 0.000000 0.000000 -1.000000 0.000000 0.000000 -1.000000 0.000000 0.000000 -1.000000 0.000000 0.000000 -1.000000 0.000000 0.000000 -1.000000 0.000000 0.000000 -1.000000 0.000000 0.000000 -1.000000 0.000000 0.000000 -1.000000 0.000000 0.000000 -1.000000 0.000000 0.000000 -1.000000 0.000000 0.000000 -1.000000 0.000000 0.000000 -1.000000 0.000000 0.000000 -1.000000 0.000000 0.000000 -1.000000 0.000000 0.000000 -1.000000 0.000000 0.000000 -1.000000 0.000000 0.000000 -1.000000 0.000000 0.000000 -1.000000 0.000000 0.000000 -1.000000 0.000000 0.000000 -1.000000 0.000000 0.000000 -1.000000 0.000000 0.000000 -1.000000 0.000000 0.000000 -1.000000 0.000000 0.000000 -1.000000 0.000000 0.000000 -0.707107 -0.059169 0.704627 -0.707107 -0.052222 0.705176 -0.707107 -0.000000 0.707107 -0.707107 -0.000000 0.707107 -0.707107 0.052222 0.705176 -0.707107 -0.104158 0.699393 -0.707107 -0.117923 0.697204 -0.707107 -0.155526 0.689791 -0.707107 -0.175850 0.684892 -0.707107 -0.206044 0.676421 -0.707107 -0.232544 0.667775 -0.707107 -0.255436 0.659357 -0.707107 -0.287606 0.645974 -0.707107 -0.303434 0.638692 -0.707107 -0.340651 0.619642 -0.707107 -0.349775 0.614539 -0.707107 -0.391307 0.588964 -0.707107 -0.394205 0.587029 -0.707107 -0.439218 0.554155 -0.707107 -0.436482 0.556313 -0.707107 -0.476375 0.522558 -0.707107 -0.484048 0.515459 -0.707107 -0.513666 0.485950 -0.707107 -0.525483 0.473147 -0.707107 -0.548152 0.446687 -0.707107 -0.563232 0.427516 -0.707107 -0.579644 0.404985 -0.707107 -0.597030 0.378887 -0.707107 -0.607970 0.361071 -0.707107 -0.626641 0.327600 -0.707107 -0.632976 0.315185 -0.707107 -0.651856 0.274015 -0.707107 -0.654525 0.267577 -0.707107 -0.672499 0.218508 -0.707107 -0.672499 0.218508 -0.707107 -0.686799 0.168246 -0.707107 -0.688424 0.161468 -0.707107 -0.697349 0.117064 -0.707107 -0.699521 0.103296 -0.707107 -0.704090 0.065244 -0.707107 -0.705711 0.044400 -0.707107 -0.706986 0.013067 -0.707107 -0.706952 -0.014809 -0.707107 -0.706020 -0.039182 -0.707107 -0.703233 -0.073913 -0.707107 -0.701199 -0.091216 -0.707107 -0.694582 -0.132499 -0.707107 -0.692547 -0.142752 -0.707107 -0.681059 -0.190155 -0.707107 -0.680113 -0.193509 -0.707107 -0.662758 -0.246478 -0.707107 -0.663965 -0.243209 -0.707107 -0.644190 -0.291580 -0.707107 -0.639809 -0.301071 -0.707107 -0.620897 -0.338359 -0.707107 -0.612372 -0.353553 -0.707107 -0.594213 -0.383290 -0.707107 -0.580640 -0.403555 -0.707107 -0.564283 -0.426127 -0.707107 -0.544835 -0.450727 -0.707107 -0.531272 -0.466637 -0.707107 -0.505208 -0.494737 -0.707107 -0.495359 -0.504599 -0.707107 -0.462038 -0.535276 -0.707107 -0.456740 -0.539804 -0.707107 -0.415627 -0.572061 -0.707107 -0.415627 -0.572061 -0.707107 -0.372244 -0.601194 -0.707107 -0.366300 -0.604834 -0.707107 -0.326828 -0.627044 -0.707107 -0.314405 -0.633364 -0.707107 -0.279626 -0.649468 -0.707107 -0.260303 -0.657451 -0.707107 -0.230898 -0.668346 -0.707107 -0.204376 -0.676927 -0.707107 -0.180908 -0.683573 -0.707107 -0.147016 -0.691655 -0.707107 -0.129931 -0.695067 -0.707107 -0.088624 -0.701531 -0.707107 -0.078243 -0.702765 -0.707107 -0.029611 -0.706487 -0.707107 -0.026129 -0.706624 -0.707107 0.029611 -0.706487 -0.707107 0.026129 -0.706624 -0.707107 0.078243 -0.702765 -0.707107 0.088624 -0.701531 -0.707107 0.129931 -0.695067 -0.707107 0.147016 -0.691655 -0.707107 0.180908 -0.683573 -0.707107 0.204376 -0.676927 -0.707107 0.230898 -0.668346 -0.707107 0.260303 -0.657451 -0.707107 0.279626 -0.649468 -0.707107 0.314405 -0.633364 -0.707107 0.326828 -0.627044 -0.707107 0.366300 -0.604834 -0.707107 0.372244 -0.601194 -0.707107 0.415627 -0.572061 -0.707107 0.415627 -0.572061 -0.707107 0.456740 -0.539804 -0.707107 0.462038 -0.535276 -0.707107 0.495359 -0.504599 -0.707107 0.505208 -0.494737 -0.707107 0.531272 -0.466637 -0.707107 0.544835 -0.450727 -0.707107 0.564283 -0.426127 -0.707107 0.580640 -0.403555 -0.707107 0.594213 -0.383290 -0.707107 0.612372 -0.353553 -0.707107 0.620897 -0.338359 -0.707107 0.639809 -0.301071 -0.707107 0.644190 -0.291580 -0.707107 0.662758 -0.246478 -0.707107 0.663965 -0.243209 -0.707107 0.681059 -0.190155 -0.707107 0.680113 -0.193509 -0.707107 0.692547 -0.142752 -0.707107 0.694582 -0.132499 -0.707107 0.701199 -0.091216 -0.707107 0.703233 -0.073913 -0.707107 0.706020 -0.039182 -0.707107 0.706952 -0.014809 -0.707107 0.706986 0.013067 -0.707107 0.705711 0.044400 -0.707107 0.704090 0.065244 -0.707107 0.699521 0.103296 -0.707107 0.697349 0.117064 -0.707107 0.688424 0.161468 -0.707107 0.686799 0.168246 -0.707107 0.672499 0.218508 -0.707107 0.672499 0.218508 -0.707107 0.654525 0.267577 -0.707107 0.651856 0.274015 -0.707107 0.632976 0.315185 -0.707107 0.626641 0.327600 -0.707107 0.607970 0.361071 -0.707107 0.597030 0.378887 -0.707107 0.579644 0.404985 -0.707107 0.563232 0.427516 -0.707107 0.548152 0.446687 -0.707107 0.525483 0.473147 -0.707107 0.513666 0.485950 -0.707107 0.484048 0.515459 -0.707107 0.476375 0.522558 -0.707107 0.439218 0.554155 -0.707107 0.436482 0.556313 -0.707107 0.391307 0.588964 -0.707107 0.394205 0.587029 -0.707107 0.349775 0.614539 -0.707107 0.340651 0.619642 -0.707107 0.303434 0.638692 -0.707107 0.287606 0.645974 -0.707107 0.255436 0.659357 -0.707107 0.232544 0.667775 -0.707107 0.206044 0.676421 -0.707107 0.175850 0.684892 -0.707107 0.155526 0.689791 -0.707107 0.117923 0.697204 -0.707107 0.104158 0.699393 -0.707107 0.059169 0.704627 -0.000000 -0.107703 0.994183 0.222954 -0.084289 0.971178 0.000022 -0.107703 0.994183 0.170985 -0.115189 0.978517 0.155686 -0.137723 0.978159 0.313864 -0.165307 0.934967 0.290581 -0.190579 0.937679 0.433260 -0.227183 0.872166 0.395470 -0.261509 0.880464 0.518173 -0.304264 0.799325 0.465032 -0.345831 0.814952 0.566368 -0.392191 0.724855 0.496523 -0.439880 0.748312 0.577175 -0.488029 0.654750 0.489790 -0.539976 0.684494 0.521785 -0.565451 0.638753 0.419974 -0.615032 0.667351 0.444920 -0.642554 0.623835 0.327192 -0.687523 0.648273 0.425922 -0.718708 0.549590 0.299352 -0.762757 0.573227 0.345293 -0.119384 0.930871 0.434585 -0.056595 0.898851 0.513879 -0.119614 0.849483 0.624145 -0.026026 0.780875 0.666997 -0.115540 0.736047 0.782008 0.005864 0.623241 0.795883 -0.107270 0.595872 0.900155 0.037457 0.433955 0.894342 -0.095355 0.437103 0.972588 0.067147 0.222631 0.931180 -0.088300 0.353704 0.959693 -0.080681 0.269222 0.907422 -0.223603 0.355789 0.966605 -0.182164 0.180251 0.910465 -0.312945 0.270405 0.995626 0.093427 -0.000000 0.824635 -0.437729 0.358290 0.800085 -0.385855 0.459325 0.859272 -0.307474 0.408793 0.873833 -0.224913 0.431079 0.729526 -0.458960 0.507098 0.702889 -0.556928 0.442470 0.646546 -0.526986 0.551601 0.551540 -0.588585 0.591076 0.613352 -0.508694 0.604177 0.534309 -0.667989 0.517982 0.200951 -0.721575 0.662532 0.228790 -0.781125 0.580947 0.153599 -0.796225 0.585177 0.100848 -0.739252 0.665835 0.076900 -0.807058 0.585444 0.018599 -0.801530 0.597666 -0.000016 -0.813366 0.581753 0.136852 -0.675004 0.725011 0.180272 -0.488565 0.853701 0.176792 -0.651595 0.737678 0.189178 -0.687666 0.700947 0.308334 -0.656311 0.688612 0.124919 -0.285164 0.950304 0.199604 -0.469738 0.859945 0.245652 -0.549929 0.798269 0.288409 -0.622899 0.727198 0.000001 -0.107704 0.994183 0.086566 -0.188310 0.978287 0.138581 -0.281940 0.949371 0.207196 -0.366048 0.907237 0.173830 -0.267979 0.947613 0.259788 -0.344792 0.902014 0.206741 -0.251822 0.945433 0.308821 -0.320192 0.895604 0.237219 -0.233532 0.942969 0.354146 -0.292368 0.888314 0.265062 -0.213217 0.940362 0.000007 -0.107709 0.994183 0.102893 -0.180328 0.978210 0.000004 -0.107705 0.994183 0.117978 -0.171303 0.978129 0.000003 -0.107705 0.994183 0.000009 -0.107706 0.994183 0.131721 -0.161291 0.978077 0.144277 -0.150146 0.978080 0.000000 -0.107703 0.994183 -0.000000 -0.107703 0.994183 0.467649 -0.188930 0.863487 0.566344 -0.258249 0.782663 0.628714 -0.339877 0.699430 0.655224 -0.430151 0.621009 0.609718 -0.207240 0.765046 0.684312 -0.282425 0.672275 0.723482 -0.367242 0.584557 0.694286 -0.445723 0.565065 0.406307 -0.383467 0.829378 0.342375 -0.416841 0.842035 0.273443 -0.445717 0.852388 0.733367 -0.219286 0.643496 0.782833 -0.298895 0.545742 0.764150 -0.377650 0.522930 0.419617 -0.482383 0.768914 0.335931 -0.519259 0.785824 0.833526 -0.224675 0.504733 0.823904 -0.304159 0.478194 0.393425 -0.585237 0.709024 -0.000080 -0.107702 0.994183 0.000000 -0.107703 0.994183 -0.180918 -0.098501 0.978553 -0.222954 -0.084289 0.971178 -0.366054 -0.085198 0.926685 -0.434585 -0.056595 0.898851 -0.544395 -0.067979 0.836070 -0.624145 -0.026026 0.780875 -0.703895 -0.047561 0.708710 -0.782008 0.005864 0.623241 -0.835458 -0.024798 0.548994 -0.900155 0.037457 0.433955 -0.929240 -0.001458 0.369474 -0.972588 0.067147 0.222631 -0.982954 0.021012 0.182644 -0.995626 0.093427 -0.000000 -0.999809 0.019542 -0.000006 -0.982822 -0.030007 0.182100 -0.998525 -0.054287 0.000001 -0.980046 -0.080904 0.181561 -0.974624 -0.131679 0.181020 -0.925008 -0.097576 0.367204 -0.919163 -0.145351 0.366078 -0.830605 -0.111013 0.545684 -0.824842 -0.153786 0.544045 -0.699195 -0.120038 0.704782 -0.694044 -0.155948 0.702839 -0.540505 -0.123923 0.832164 -0.536399 -0.151622 0.830233 -0.363398 -0.122753 0.923511 -0.360619 -0.141344 0.921942 -0.179640 -0.117038 0.976745 -0.178282 -0.126217 0.975851 -0.000058 -0.107706 0.994183 -0.000010 -0.107705 0.994183 -0.176457 -0.135288 0.974967 -0.000091 -0.107722 0.994181 -0.174175 -0.144203 0.974099 -0.171442 -0.152965 0.973247 -0.346688 -0.195497 0.917381 -0.340233 -0.212929 0.915916 -0.506184 -0.258306 0.822834 -0.497445 -0.279013 0.821401 -0.644332 -0.321319 0.693967 -0.632073 -0.347611 0.692568 -0.752925 -0.382701 0.535392 -0.737310 -0.413469 0.534246 -0.824726 -0.436682 0.359353 -0.806214 -0.470570 0.358583 -0.859445 -0.479451 0.177429 -0.838643 -0.515099 0.177061 -0.878472 -0.477793 0.000006 -0.840683 -0.541528 0.000002 -0.991769 -0.128040 -0.000002 -0.966581 -0.182057 0.180489 -0.910864 -0.192676 0.364969 -0.816893 -0.196102 0.542429 -0.687064 -0.191445 0.700922 -0.530884 -0.178990 0.828327 -0.356892 -0.159711 0.920391 -0.979597 -0.200974 0.000005 -0.955977 -0.231770 0.179974 -0.900177 -0.239303 0.363888 -0.806819 -0.237744 0.540851 -0.678306 -0.226346 0.699048 -0.523998 -0.205886 0.826461 -0.352244 -0.177759 0.918872 -0.962093 -0.272722 0.000007 -0.942830 -0.280827 0.179465 -0.887125 -0.285248 0.362826 -0.794646 -0.278727 0.539304 -0.667794 -0.260666 0.697212 -0.515761 -0.232321 0.824632 -0.927136 -0.329232 0.178957 -0.939260 -0.343207 -0.000002 -0.912544 -0.367940 0.178558 -0.896393 -0.405873 0.178177 -0.857482 -0.366666 0.360944 -0.841817 -0.402050 0.360139 -0.767286 -0.351237 0.536568 -0.911351 -0.411630 0.000008 -0.878692 -0.443042 0.177801 -0.798419 -0.602103 0.000013 -0.792771 -0.583439 0.176387 -0.816387 -0.549803 0.176715 -0.786276 -0.503717 0.357827 -0.720445 -0.443549 0.533126 -0.618772 -0.373304 0.691206 -0.487898 -0.299241 0.820006 -0.334346 -0.226820 0.914749 -0.168265 -0.161578 0.972409 -0.000032 -0.107712 0.994182 -0.751757 -0.659440 0.000004 -0.741480 -0.647549 0.175746 -0.767803 -0.616019 0.176065 -0.742502 -0.567157 0.356404 -0.765008 -0.535950 0.357100 -0.683050 -0.501513 0.530969 -0.702328 -0.472948 0.532030 -0.589061 -0.422929 0.688577 -0.604434 -0.398408 0.689877 -0.466407 -0.338302 0.817323 -0.477550 -0.319001 0.818648 -0.320948 -0.253642 0.912501 -0.327916 -0.240389 0.913610 -0.162197 -0.175149 0.971090 -0.165366 -0.168442 0.971741 -0.000031 -0.107715 0.994182 -0.713797 -0.678024 0.175436 -0.700881 -0.713278 0.000006 -0.684905 -0.707266 0.175154 -0.654904 -0.735197 0.174889 -0.640284 -0.681785 0.353844 -0.611983 -0.707581 0.353278 -0.570624 -0.630457 0.526225 -0.545224 -0.653215 0.525396 -0.477843 -0.554058 0.681679 -0.456470 -0.572970 0.680691 -0.368351 -0.457831 0.809140 -0.351832 -0.472339 0.808152 -0.247489 -0.346725 0.904727 -0.236383 -0.356450 0.903917 -0.122481 -0.227736 0.965989 -0.116991 -0.232548 0.965523 -0.000055 -0.107761 0.994177 -0.111319 -0.237126 0.965080 -0.000037 -0.107749 0.994178 -0.105466 -0.241471 0.964660 -0.000006 -0.107712 0.994182 -0.099432 -0.245586 0.964262 -0.093254 -0.249447 0.963888 -0.188389 -0.390595 0.901080 -0.175638 -0.397862 0.900476 -0.261453 -0.534133 0.803956 -0.242084 -0.544190 0.803276 -0.314275 -0.666713 0.675815 -0.288634 -0.678831 0.675188 -0.345197 -0.780797 0.520765 -0.313946 -0.794196 0.520279 -0.353104 -0.867748 0.349758 -0.317520 -0.881508 0.349465 -0.340742 -0.924092 0.173055 -0.302142 -0.937445 0.172936 -0.326724 -0.945120 0.000016 -0.263038 -0.949181 0.172820 -0.256087 -0.966654 0.000011 -0.223424 -0.959298 0.172712 -0.183819 -0.982960 0.000002 -0.183318 -0.967778 0.172628 -0.142988 -0.974563 0.172575 -0.170714 -0.921597 0.348591 -0.133143 -0.927818 0.348463 -0.151679 -0.841469 0.518579 -0.118287 -0.846927 0.518385 -0.126748 -0.729081 0.672589 -0.098840 -0.733600 0.672355 -0.097593 -0.591942 0.800050 -0.076103 -0.595404 0.799814 -0.065553 -0.436590 0.897269 -0.051118 -0.438910 0.897076 -0.032457 -0.272219 0.961688 -0.025310 -0.273370 0.961576 -0.000009 -0.107761 0.994177 -0.018139 -0.274232 0.961493 -0.000006 -0.107783 0.994174 -0.010942 -0.274807 0.961437 -0.003714 -0.275095 0.961410 -0.007503 -0.442395 0.896789 0.007143 -0.442402 0.896788 0.010636 -0.600619 0.799465 0.032369 -0.599767 0.799520 0.042042 -0.739301 0.672061 0.070151 -0.737060 0.672176 0.083956 -0.851107 0.518236 0.117466 -0.847044 0.518381 0.132218 -0.927951 0.348460 0.169793 -0.921769 0.348587 0.182329 -0.967965 0.172626 0.222444 -0.959526 0.172710 0.183819 -0.982960 0.000002 0.256087 -0.966654 0.000011 -0.646336 -0.763053 0.000014 -0.623798 -0.761828 0.174629 -0.582685 -0.732157 0.352737 -0.518960 -0.674883 0.524608 -0.434387 -0.590968 0.679754 -0.334771 -0.486140 0.807215 -0.224913 -0.365700 0.903149 -0.591581 -0.787163 0.174373 -0.588154 -0.808749 0.000001 -0.558251 -0.811193 0.174132 -0.524010 -0.833766 0.173922 -0.521075 -0.777670 0.351726 -0.488949 -0.798458 0.351274 -0.463818 -0.714977 0.523145 -0.435109 -0.733276 0.522481 -0.388074 -0.624250 0.678020 -0.363987 -0.639434 0.677228 -0.299012 -0.511653 0.805483 -0.280427 -0.523290 0.804691 -0.200878 -0.382796 0.901729 -0.526714 -0.850043 0.000012 -0.488950 -0.854837 0.173728 -0.456095 -0.817850 0.350856 -0.405773 -0.750336 0.521866 -0.339390 -0.653583 0.676494 -0.462556 -0.886590 0.000014 -0.453072 -0.874420 0.173538 -0.422507 -0.835861 0.350463 -0.375806 -0.766173 0.521295 -0.416368 -0.892517 0.173353 -0.395686 -0.918386 -0.000000 -0.378844 -0.909111 0.173188 -0.110717 -0.993852 0.000019 -0.102495 -0.979656 0.172534 -0.095432 -0.932488 0.348367 -0.084781 -0.851023 0.518239 -0.070839 -0.736991 0.672180 -0.054542 -0.598000 0.799638 -0.036635 -0.440651 0.896931 -0.061833 -0.983067 0.172497 -0.037049 -0.999313 0.000007 -0.020993 -0.984791 0.172468 0.019988 -0.984812 0.172467 -0.019547 -0.937196 0.348255 0.018611 -0.937215 0.348255 -0.017365 -0.855151 0.518089 0.016534 -0.855167 0.518088 -0.014509 -0.740404 0.672006 0.013815 -0.740418 0.672005 -0.011171 -0.600608 0.799465 0.037049 -0.999313 0.000007 0.060832 -0.983130 0.172496 0.056640 -0.935672 0.348295 0.050317 -0.853815 0.518139 0.110717 -0.993852 0.000019 0.101499 -0.979760 0.172534 0.094504 -0.932583 0.348365 0.141995 -0.974708 0.172574 0.326724 -0.945120 0.000016 0.301188 -0.937753 0.172933 0.262072 -0.949448 0.172818 0.207179 -0.914027 0.348757 0.150860 -0.841619 0.518573 0.098153 -0.733697 0.672350 0.054012 -0.598053 0.799634 0.021741 -0.441833 0.896834 0.003537 -0.275098 0.961410 0.000000 -0.107703 0.994183 0.339800 -0.924440 0.173052 0.395686 -0.918386 -0.000000 0.377915 -0.909499 0.173184 0.415456 -0.892943 0.173348 0.352235 -0.868104 0.349750 0.387323 -0.852890 0.350086 0.313172 -0.794509 0.520267 0.344437 -0.781140 0.520752 0.261821 -0.690194 0.674598 0.287998 -0.679116 0.675173 0.201647 -0.562172 0.802061 0.221824 -0.553689 0.802635 0.135453 -0.416646 0.898921 0.149009 -0.410963 0.899392 0.067059 -0.262343 0.962642 0.073767 -0.259530 0.962914 0.000015 -0.107733 0.994180 0.080345 -0.256459 0.963210 0.000047 -0.107782 0.994174 0.086789 -0.253130 0.963532 0.093101 -0.249539 0.963879 0.188079 -0.390780 0.901065 0.200575 -0.382994 0.901713 0.298561 -0.511948 0.805463 0.316725 -0.499557 0.806305 0.411020 -0.608469 0.678843 0.433835 -0.591398 0.679731 0.518305 -0.675401 0.524589 0.544590 -0.653760 0.525376 0.611276 -0.708199 0.353265 0.639601 -0.682433 0.353829 0.684182 -0.707968 0.175147 0.713101 -0.678758 0.175429 0.700881 -0.713278 0.000006 0.751757 -0.659440 0.000004 0.462556 -0.886590 0.000014 0.452180 -0.874882 0.173533 0.421673 -0.836286 0.350453 0.375062 -0.766547 0.521281 0.313652 -0.667022 0.675799 0.241603 -0.544428 0.803260 0.162300 -0.404759 0.899905 0.488079 -0.855336 0.173723 0.526714 -0.850043 0.000012 0.523159 -0.834301 0.173917 0.557420 -0.811765 0.174127 0.488151 -0.798951 0.351264 0.520295 -0.778197 0.351714 0.434396 -0.733710 0.522466 0.463121 -0.715441 0.523128 0.363389 -0.639793 0.677210 0.387488 -0.624636 0.677999 0.279966 -0.523566 0.804672 0.588154 -0.808749 0.000001 0.590776 -0.787769 0.174367 0.551627 -0.756081 0.352206 0.491149 -0.695963 0.523839 0.646336 -0.763053 0.000014 0.623020 -0.762465 0.174623 0.581953 -0.732746 0.352724 0.654154 -0.735866 0.174883 0.740817 -0.648310 0.175738 0.798419 -0.602103 0.000013 0.767173 -0.616806 0.176057 0.792174 -0.584252 0.176379 0.718166 -0.598084 0.355714 0.741934 -0.567911 0.356388 0.640717 -0.556507 0.528944 0.662177 -0.529812 0.529926 0.536937 -0.492544 0.684908 0.555070 -0.470317 0.686075 0.414070 -0.410623 0.812364 0.428117 -0.393555 0.813529 0.278233 -0.315079 0.907365 0.287683 -0.303637 0.908319 0.137674 -0.212080 0.967506 0.142342 -0.206421 0.968054 0.000064 -0.107752 0.994178 0.000049 -0.107736 0.994180 0.146783 -0.200561 0.968623 0.150995 -0.194499 0.969211 0.305209 -0.279530 0.910335 0.313255 -0.266900 0.911392 0.466124 -0.338770 0.817290 0.477286 -0.319481 0.818615 0.618432 -0.373927 0.691173 0.631759 -0.348249 0.692534 0.752556 -0.383465 0.535363 0.766948 -0.352018 0.536539 0.857115 -0.367544 0.360924 0.871378 -0.331412 0.361756 0.926796 -0.330192 0.178947 0.939795 -0.290889 0.179360 0.962093 -0.272722 0.000007 0.951106 -0.251153 0.179774 0.979597 -0.200974 0.000005 0.960738 -0.210986 0.180189 0.968684 -0.170383 0.180611 0.904952 -0.219818 0.364339 0.913012 -0.181716 0.365224 0.811304 -0.220348 0.541509 0.818936 -0.186307 0.542802 0.682196 -0.211770 0.699830 0.688850 -0.183231 0.701365 0.527054 -0.194654 0.827239 0.532292 -0.172658 0.828767 0.354307 -0.170223 0.919506 0.357843 -0.155462 0.920750 0.175188 -0.140480 0.974461 0.176923 -0.133189 0.975171 0.000091 -0.107722 0.994181 0.000010 -0.107705 0.994183 0.178356 -0.125795 0.975892 0.000058 -0.107706 0.994183 0.179678 -0.116720 0.976777 0.180535 -0.107586 0.977667 0.365244 -0.103605 0.925129 0.366058 -0.084979 0.926704 0.544401 -0.067654 0.836093 0.434585 -0.056595 0.898851 0.624145 -0.026026 0.780875 0.703900 -0.047141 0.708733 0.782008 0.005864 0.623241 0.835460 -0.024298 0.549014 0.900155 0.037457 0.433955 0.929235 -0.000901 0.369487 0.972588 0.067147 0.222631 0.982941 0.021601 0.182651 0.995626 0.093427 -0.000000 0.999809 0.019542 -0.000006 0.982855 -0.028831 0.182112 0.998525 -0.054287 0.000001 0.980186 -0.079144 0.181580 0.974933 -0.129339 0.181045 0.919487 -0.143151 0.366130 0.840683 -0.541528 0.000002 0.815824 -0.550641 0.176707 0.764470 -0.536728 0.357083 0.682563 -0.502202 0.530944 0.572316 -0.447315 0.687287 0.441484 -0.375887 0.814740 0.296675 -0.291789 0.909309 0.838113 -0.515964 0.177052 0.878472 -0.477793 0.000006 0.858953 -0.480336 0.177420 0.878238 -0.443945 0.177792 0.805742 -0.471393 0.358564 0.824289 -0.437523 0.359334 0.720015 -0.444279 0.533099 0.736910 -0.414215 0.534218 0.604069 -0.399017 0.689845 0.911351 -0.411630 0.000008 0.895977 -0.406795 0.178167 0.841414 -0.402910 0.360120 0.939260 -0.343207 -0.000002 0.912166 -0.368880 0.178549 0.991769 -0.128040 -0.000002 0.222954 -0.084289 0.971178 0.180920 -0.098393 0.978564 0.000080 -0.107702 0.994183 0.173153 -0.147669 0.973762 0.000032 -0.107712 0.994182 0.170822 -0.154758 0.973072 0.168197 -0.161748 0.972393 0.345427 -0.199126 0.917076 0.340095 -0.213274 0.915887 0.513891 -0.237730 0.824258 0.505979 -0.258820 0.822798 0.665403 -0.267690 0.696836 0.655276 -0.295083 0.695370 0.791868 -0.287119 0.538988 0.780073 -0.319860 0.537750 0.884132 -0.294662 0.362608 0.000031 -0.107715 0.994182 0.165291 -0.168609 0.971725 0.334195 -0.227157 0.914721 0.497220 -0.279515 0.821367 0.644043 -0.321972 0.693932 0.162116 -0.175312 0.971074 0.000084 -0.107742 0.994179 0.158673 -0.181859 0.970438 0.154965 -0.188254 0.969818 0.320770 -0.253964 0.912474 0.000009 -0.107708 0.994183 0.132780 -0.217543 0.966977 -0.000000 -0.107703 0.994183 0.127662 -0.222812 0.966466 0.122349 -0.227857 0.965977 0.257971 -0.336774 0.905557 0.247220 -0.346970 0.904707 0.383942 -0.442987 0.810155 0.367952 -0.458196 0.809116 0.498008 -0.534712 0.682694 0.477326 -0.554533 0.681654 0.594567 -0.607189 0.527077 0.570011 -0.631029 0.526204 0.666927 -0.655431 0.354426 0.000055 -0.107761 0.994177 0.116854 -0.232664 0.965512 0.236106 -0.356683 0.903898 0.351420 -0.472687 0.808128 0.455936 -0.573423 0.680668 0.000037 -0.107749 0.994178 0.111178 -0.237235 0.965069 0.224627 -0.365921 0.903130 0.334345 -0.486470 0.807192 0.105320 -0.241574 0.964650 0.000006 -0.107712 0.994182 0.099282 -0.245684 0.964252 0.000012 -0.107734 0.994180 0.060263 -0.264882 0.962396 0.121722 -0.421772 0.898494 0.181206 -0.569821 0.801541 0.235295 -0.700180 0.674080 0.281477 -0.806562 0.519835 0.316640 -0.881827 0.349458 0.000028 -0.107791 0.994174 0.053389 -0.267141 0.962177 0.107834 -0.426332 0.898116 0.160535 -0.576627 0.801081 0.208465 -0.709068 0.673621 0.249407 -0.817293 0.519451 0.280606 -0.894048 0.349198 0.046434 -0.269121 0.961986 0.000002 -0.107713 0.994182 0.039397 -0.270824 0.961822 0.032282 -0.272251 0.961685 0.079572 -0.433771 0.897503 0.065199 -0.436654 0.897264 0.118465 -0.587734 0.800334 0.097066 -0.592038 0.800043 0.153850 -0.723582 0.672874 0.126064 -0.729205 0.672583 0.184098 -0.834826 0.518819 0.000009 -0.107761 0.994177 0.025135 -0.273394 0.961574 0.050763 -0.438960 0.897071 0.075574 -0.595478 0.799809 0.017963 -0.274249 0.961491 0.000006 -0.107783 0.994174 0.010764 -0.274817 0.961436 -0.000002 -0.107713 0.994182 -0.039571 -0.270785 0.961826 -0.079923 -0.433693 0.897509 -0.118987 -0.587618 0.800342 -0.154528 -0.723430 0.672882 -0.184910 -0.834643 0.518825 -0.208092 -0.913818 0.348762 -0.046606 -0.269076 0.961991 -0.000028 -0.107791 0.994174 -0.053558 -0.267089 0.962182 -0.060431 -0.264823 0.962402 -0.108177 -0.426227 0.898125 -0.122061 -0.421653 0.898504 -0.161045 -0.576470 0.801091 -0.181711 -0.569643 0.801553 -0.209127 -0.708863 0.673631 -0.235950 -0.699948 0.674092 -0.250199 -0.817045 0.519460 -0.282259 -0.806282 0.519845 -0.281496 -0.893765 0.349204 -0.000012 -0.107734 0.994180 -0.067225 -0.262278 0.962648 -0.135789 -0.416513 0.898932 -0.202146 -0.561973 0.802074 -0.262468 -0.689934 0.674612 -0.000015 -0.107733 0.994180 -0.073930 -0.259458 0.962921 -0.149338 -0.410817 0.899404 -0.222314 -0.553471 0.802650 -0.080505 -0.256381 0.963218 -0.000047 -0.107782 0.994174 -0.086945 -0.253045 0.963540 0.000000 -0.107703 0.994183 -0.127790 -0.222685 0.966479 -0.258230 -0.336518 0.905579 -0.384328 -0.442605 0.810181 -0.498507 -0.534213 0.682720 -0.595160 -0.606590 0.527099 -0.667586 -0.654752 0.354441 -0.132903 -0.217412 0.966990 -0.000064 -0.107752 0.994178 -0.137792 -0.211944 0.967519 -0.142454 -0.206279 0.968068 -0.278471 -0.314803 0.907388 -0.287909 -0.303351 0.908343 -0.414423 -0.410211 0.812392 -0.428454 -0.393129 0.813559 -0.537393 -0.492007 0.684936 -0.555504 -0.469762 0.686104 -0.641257 -0.555862 0.528968 -0.662690 -0.529145 0.529950 -0.718764 -0.597355 0.355731 -0.000049 -0.107736 0.994180 -0.146889 -0.200415 0.968637 -0.296891 -0.291493 0.909334 -0.441804 -0.375445 0.814770 -0.572729 -0.446741 0.687317 -0.151095 -0.194347 0.969226 -0.000009 -0.107708 0.994183 -0.155060 -0.188099 0.969833 -0.000084 -0.107742 0.994179 -0.158761 -0.181700 0.970454 -0.180520 -0.107800 0.977646 -0.365214 -0.104038 0.925092 -0.543175 -0.096043 0.834108 -0.702483 -0.083910 0.706736 -0.834148 -0.068018 0.547331 -0.928369 -0.049612 0.368333 -0.313446 -0.266586 0.911418 -0.305413 -0.279224 0.910361 -0.454472 -0.357148 0.816027 -0.268577 -0.325857 0.906467 -0.399715 -0.426701 0.811267 -0.518394 -0.513490 0.683810 -0.618748 -0.581677 0.528018 -0.693794 -0.626554 0.355076 -0.213078 -0.374481 0.902420 -0.317164 -0.499244 0.806326 -0.411588 -0.608061 0.678864 -0.491826 -0.695471 0.523857 -0.552384 -0.755523 0.352218 -0.162623 -0.404600 0.899918 -0.094133 -0.430239 0.897793 -0.140140 -0.582460 0.800688 -0.181991 -0.716689 0.673228 -0.217753 -0.826497 0.519120 -0.245024 -0.904535 0.348969 -0.022099 -0.441812 0.896836 -0.032902 -0.599735 0.799522 -0.042734 -0.739259 0.672064 -0.051145 -0.853765 0.518140 -0.057571 -0.935615 0.348296 0.036279 -0.440686 0.896928 0.093786 -0.430331 0.897786 0.139624 -0.582596 0.800679 0.181321 -0.716867 0.673219 0.216952 -0.826713 0.519112 0.244123 -0.904781 0.348964 0.175322 -0.398033 0.900462 0.260982 -0.534389 0.803938 0.338779 -0.653917 0.676477 0.405045 -0.750739 0.521852 0.455279 -0.818308 0.350846 0.212783 -0.374690 0.902403 0.268329 -0.326124 0.906445 0.399345 -0.427098 0.811240 0.517917 -0.514008 0.683782 0.618182 -0.582299 0.527995 0.693166 -0.627259 0.355060 0.327751 -0.240718 0.913583 0.487653 -0.299732 0.819973 0.350166 -0.184776 0.918282 0.520917 -0.216343 0.825737 0.674378 -0.239921 0.698321 0.802279 -0.253950 0.540239 0.895323 -0.257465 0.363468 0.360768 -0.140489 0.922014 0.536620 -0.150348 0.830322 0.694323 -0.154296 0.702928 0.825157 -0.151817 0.544121 0.363477 -0.122107 0.923566 0.540622 -0.122961 0.832231 0.699340 -0.118792 0.704849 0.830765 -0.109529 0.545741 0.925166 -0.095920 0.367243 0.454169 -0.357605 0.815996 0.588670 -0.423523 0.688546 0.701868 -0.473661 0.532003 0.785768 -0.504521 0.357809 0.543220 -0.095397 0.834153 -0.655539 -0.294415 0.695406 -0.780380 -0.319061 0.537781 -0.871709 -0.330515 0.361776 0.702537 -0.083074 0.706782 0.834203 -0.067024 0.547369 0.928418 -0.048504 0.368359 -0.388175 -0.852499 0.350094 -0.000007 -0.107709 0.994183 -0.000001 -0.107704 0.994183 -0.086565 -0.188309 0.978287 -0.124918 -0.285163 0.950304 -0.138580 -0.281939 0.949372 -0.207194 -0.366046 0.907238 -0.259786 -0.344790 0.902015 -0.342372 -0.416838 0.842037 -0.406304 -0.383465 0.829380 -0.496520 -0.439878 0.748315 -0.566364 -0.392189 0.724858 -0.655221 -0.430150 0.621013 -0.723479 -0.367242 0.584561 -0.800083 -0.385855 0.459329 -0.859270 -0.307474 0.408797 -0.910537 -0.312813 0.270317 -0.907421 -0.223603 0.355794 -0.966634 -0.182072 0.180192 -0.959691 -0.080682 0.269227 -0.995626 0.093427 0.000000 -0.972588 0.067147 0.222631 -0.199602 -0.469735 0.859947 -0.180272 -0.488564 0.853702 -0.245650 -0.549927 0.798271 -0.176791 -0.651593 0.737680 -0.288408 -0.622897 0.727200 -0.327191 -0.687521 0.648275 -0.444919 -0.642553 0.623837 -0.455334 -0.706244 0.542116 -0.534712 -0.667768 0.517849 -0.136852 -0.675004 0.725011 -0.100847 -0.739250 0.665837 -0.200950 -0.721573 0.662534 -0.153704 -0.796200 0.585185 -0.228129 -0.781276 0.581003 -0.018599 -0.801530 0.597666 -0.077293 -0.807010 0.585458 0.000019 -0.813365 0.581753 -0.299126 -0.762817 0.573266 -0.365372 -0.741674 0.562515 -0.551538 -0.588584 0.591079 -0.703136 -0.556726 0.442331 -0.646544 -0.526985 0.551604 -0.824774 -0.437561 0.358173 -0.729524 -0.458959 0.507102 -0.894340 -0.095356 0.437109 -0.900155 0.037457 0.433955 -0.795879 -0.107270 0.595878 -0.782008 0.005864 0.623241 -0.666992 -0.115540 0.736052 -0.624145 -0.026026 0.780875 -0.513874 -0.119614 0.849486 -0.434585 -0.056595 0.898851 -0.345290 -0.119384 0.930872 -0.222954 -0.084289 0.971178 -0.170983 -0.115189 0.978517 -0.000022 -0.107703 0.994183 0.000000 -0.107703 0.994183 -0.155685 -0.137723 0.978159 -0.313861 -0.165307 0.934968 -0.467645 -0.188929 0.863489 -0.609713 -0.207239 0.765050 -0.733363 -0.219286 0.643500 -0.833523 -0.224675 0.504737 -0.000000 -0.107703 0.994183 -0.144275 -0.150146 0.978080 -0.290579 -0.190579 0.937680 -0.433256 -0.227182 0.872168 -0.566339 -0.258248 0.782667 -0.684308 -0.282424 0.672279 -0.782830 -0.298895 0.545746 -0.000009 -0.107706 0.994183 -0.131720 -0.161290 0.978077 -0.265059 -0.213216 0.940363 -0.395466 -0.261508 0.880466 -0.518168 -0.304262 0.799329 -0.628710 -0.339876 0.699434 -0.000003 -0.107705 0.994183 -0.117977 -0.171302 0.978129 -0.237216 -0.233531 0.942970 -0.354143 -0.292366 0.888316 -0.465028 -0.345829 0.814955 -0.000004 -0.107705 0.994183 -0.102893 -0.180327 0.978210 -0.206739 -0.251821 0.945434 -0.308818 -0.320190 0.895606 -0.173828 -0.267978 0.947614 -0.335929 -0.519257 0.785827 -0.273440 -0.445715 0.852390 -0.419615 -0.482380 0.768917 -0.489787 -0.539975 0.684497 -0.393423 -0.585235 0.709026 -0.577172 -0.488027 0.654753 -0.000009 -0.813360 0.581760 -0.000013 -0.838422 0.545021 -0.077281 -0.807007 0.585463 -0.153683 -0.796206 0.585182 -0.190816 -0.815771 0.545992 -0.228103 -0.781280 0.581008 -0.299136 -0.762814 0.573265 -0.365451 -0.741628 0.562525 -0.386658 -0.759063 0.523754 -0.455291 -0.706271 0.542118 -0.534725 -0.667766 0.517840 -0.574221 -0.665485 0.476865 -0.703120 -0.556759 0.442314 -0.738811 -0.537847 0.406053 -0.824768 -0.437594 0.358148 -0.733654 -0.566666 0.375021 -0.867646 -0.384179 0.315590 -0.862857 -0.413105 0.291244 -0.910529 -0.312858 0.270290 -0.949699 -0.244183 0.196078 -0.966634 -0.182075 0.180190 -0.992672 -0.072341 0.096799 -0.995626 0.093431 0.000015 -0.997354 0.072703 -0.000012 -0.991395 -0.096279 0.088690 -0.998563 0.053594 0.000003 -0.989719 -0.118125 0.080634 -0.999350 0.036059 -0.000001 -0.987777 -0.137951 0.072562 -0.999798 0.020107 0.000002 -0.985686 -0.155769 0.064495 -0.999983 0.005760 0.000001 -0.983555 -0.171566 0.056435 -0.999976 -0.006882 0.000003 -0.981505 -0.185204 0.048453 -0.999842 -0.017793 -0.000003 -0.979620 -0.196725 0.040554 -0.999636 -0.026992 0.000022 -0.977967 -0.206177 0.032734 -0.999404 -0.034506 -0.000006 -0.976600 -0.213619 0.024890 -0.999186 -0.040328 -0.000009 -0.975563 -0.219049 0.017138 -0.999011 -0.044461 0.000004 -0.974893 -0.222480 0.009345 -0.998900 -0.046897 -0.000003 -0.974612 -0.223896 0.001529 -0.998866 -0.047612 -0.000000 -0.974735 -0.223273 -0.006304 -0.998914 -0.046594 -0.000003 -0.975257 -0.220624 -0.014101 -0.999038 -0.043856 -0.000002 -0.976155 -0.215968 -0.021888 -0.999223 -0.039422 -0.000002 -0.977399 -0.209308 -0.029685 -0.999446 -0.033293 -0.000001 -0.978949 -0.200628 -0.037515 -0.999675 -0.025476 -0.000001 -0.980754 -0.189896 -0.045399 -0.999873 -0.015957 -0.000000 -0.999989 -0.004723 0.000001 -0.982752 -0.177062 -0.053356 -0.984867 -0.162073 -0.061398 -0.932572 -0.338937 -0.124224 -0.936526 -0.321177 -0.140583 -0.845384 -0.491601 -0.208939 -0.850545 -0.471343 -0.233255 -0.720827 -0.624398 -0.300891 -0.726235 -0.601910 -0.332094 -0.563398 -0.727625 -0.391337 -0.568039 -0.703230 -0.427551 -0.382398 -0.794972 -0.470947 -0.385537 -0.769163 -0.509657 -0.190285 -0.825200 -0.531824 -0.191698 -0.798751 -0.570306 -0.000000 -0.837056 -0.547118 -0.000001 -0.811812 -0.583919 -0.189350 -0.840639 0.507418 -0.000003 -0.861735 0.507359 -0.187850 -0.863458 0.468138 -0.000008 -0.883356 0.468704 -0.186340 -0.884230 0.428270 -0.000003 -0.903234 0.429148 -0.184858 -0.903042 0.387741 -0.000001 -0.921394 0.388629 -0.183438 -0.919915 0.346563 -0.000000 -0.937808 0.347155 -0.182112 -0.934845 0.304795 -0.000000 -0.952402 0.304846 -0.180916 -0.947716 0.262878 0.000000 -0.965027 0.262149 -0.179872 -0.958573 0.220872 -0.000002 -0.975698 0.219119 -0.178976 -0.967475 0.178773 0.000003 -0.984432 0.175768 -0.178271 -0.974472 0.136467 -0.000001 -0.991243 0.132049 -0.177753 -0.979571 0.094042 -0.000001 -0.996115 0.088058 -0.177414 -0.982795 0.051361 0.000000 -0.999044 0.043712 -0.177276 -0.984125 0.008403 -0.000000 -1.000000 -0.000961 -0.177336 -0.983540 -0.034644 -0.000000 -0.998957 -0.045657 -0.177597 -0.981052 -0.077433 -0.000000 -0.995942 -0.090002 -0.178051 -0.976677 -0.119998 -0.000000 -0.990976 -0.134037 -0.178691 -0.970416 -0.162368 -0.000000 -0.984076 -0.177750 -0.179508 -0.962248 -0.204585 -0.000000 -0.975241 -0.221144 -0.180494 -0.952140 -0.246682 -0.000000 -0.964463 -0.264218 -0.181635 -0.940035 -0.288690 -0.000000 -0.951719 -0.306972 -0.182917 -0.925880 -0.330588 -0.000000 -0.937028 -0.349254 -0.184303 -0.909747 -0.372011 -0.000000 -0.920543 -0.390641 -0.185767 -0.891661 -0.412833 -0.000000 -0.902291 -0.431128 -0.187275 -0.871580 -0.453074 -0.000000 -0.882292 -0.470702 -0.188795 -0.849448 -0.492742 -0.000000 -0.860549 -0.509368 -0.192976 -0.770154 -0.607966 0.000000 -0.785044 -0.619440 -0.194046 -0.739643 -0.644417 -0.000001 -0.756960 -0.653461 -0.194848 -0.707229 -0.679604 -0.000000 -0.727557 -0.686047 -0.195314 -0.672900 -0.713483 -0.000003 -0.696913 -0.717156 -0.195381 -0.636711 -0.745939 0.000002 -0.664989 -0.746853 -0.194950 -0.598557 -0.776997 -0.000020 -0.632018 -0.774954 -0.193993 -0.558924 -0.806208 0.000005 -0.598236 -0.801320 -0.192428 -0.518227 -0.833314 -0.000003 -0.564130 -0.825686 -0.190232 -0.476679 -0.858247 0.000000 -0.529636 -0.848225 -0.187370 -0.434430 -0.881001 -0.000001 -0.494885 -0.868959 -0.183820 -0.391651 -0.901565 -0.000002 -0.459943 -0.887949 -0.179570 -0.348530 -0.919936 -0.000003 -0.424899 -0.905241 -0.174643 -0.305414 -0.936067 0.000005 -0.390275 -0.920698 -0.169125 -0.263164 -0.949811 -0.000002 -0.356503 -0.934294 -0.163106 -0.222034 -0.961300 0.000001 -0.323570 -0.946204 -0.156620 -0.182128 -0.970721 -0.000000 -0.291553 -0.956555 0.000000 -0.260485 -0.965478 -0.000001 -0.230423 -0.973090 -0.142472 -0.106431 -0.984060 -0.149728 -0.143566 -0.978249 -0.318005 -0.038522 -0.947306 -0.331242 -0.084191 -0.939782 -0.491316 0.065436 -0.868520 -0.509494 0.014215 -0.860357 -0.651619 0.163198 -0.740782 -0.672685 0.108890 -0.731873 -0.780815 0.250328 -0.572419 -0.802465 0.196222 -0.563512 -0.866154 0.324632 -0.379989 -0.886376 0.274783 -0.372602 -0.903632 0.387058 -0.183400 -0.921662 0.344181 -0.179103 -0.893850 0.448367 -0.000002 -0.910024 0.414555 -0.000002 0.000001 -0.201410 -0.979507 -0.134908 -0.070820 -0.988324 -0.289131 0.047314 -0.956120 -0.273698 0.087256 -0.957849 -0.429023 0.206647 -0.879339 -0.406189 0.249088 -0.879185 -0.549918 0.359261 -0.754004 -0.521033 0.402190 -0.752840 -0.641329 0.492613 -0.588243 -0.608475 0.534140 -0.586901 -0.697328 0.597138 -0.396434 -0.662917 0.635726 -0.395465 -0.717706 0.668384 -0.195347 -0.684008 0.702948 -0.194927 -0.702483 0.711701 -0.000001 -0.671285 0.741199 -0.000001 -0.648716 0.735846 -0.194158 -0.638482 0.769636 -0.000001 -0.612359 0.766631 -0.193115 -0.604534 0.796579 -0.000002 -0.575188 0.795201 -0.191871 -0.569570 0.821943 -0.000000 -0.537249 0.821631 -0.190488 -0.533600 0.845737 -0.000000 -0.498586 0.845981 -0.189019 -0.496641 0.867956 -0.000000 -0.459195 0.868320 -0.187509 -0.458675 0.888604 -0.000000 -0.419147 0.888662 -0.185998 -0.419762 0.907634 -0.000000 -0.378263 0.907120 -0.184525 -0.379732 0.925097 -0.000000 -0.336930 0.923550 -0.183120 -0.338967 0.940798 -0.000001 -0.295267 0.937953 -0.181828 -0.297646 0.954676 -0.000001 -0.253537 0.950304 -0.180670 -0.255989 0.966680 -0.000002 -0.211630 0.960695 -0.179662 -0.213936 0.976848 -0.000001 -0.169544 0.969164 -0.178818 -0.171512 0.985182 -0.000003 -0.127232 0.975744 -0.178147 -0.128704 0.991683 -0.000000 -0.084668 0.980443 -0.177661 -0.085525 0.996336 -0.000000 -0.041772 0.983258 -0.177367 -0.041926 0.999121 -0.000000 0.001218 0.984161 -0.177272 0.001796 0.999998 -0.000000 0.043973 0.983160 -0.177377 0.045278 0.998974 -0.000000 0.086514 0.980278 -0.177678 0.088502 0.996076 -0.000001 0.131493 0.991317 0.000013 0.128907 0.975522 -0.178156 0.174248 0.984702 -0.000005 0.171181 0.968871 -0.178846 0.216715 0.976235 -0.000001 0.213330 0.960312 -0.179700 0.258948 0.965891 -0.000001 0.255438 0.949785 -0.180720 0.300916 0.953651 -0.000000 0.297507 0.937232 -0.181895 0.342400 0.939554 -0.000000 0.339333 0.922654 -0.183200 0.383212 0.923660 -0.000000 0.380771 0.906054 -0.184609 0.423253 0.906012 -0.000001 0.421707 0.887429 -0.186097 0.462421 0.886660 -0.000000 0.462066 0.866773 -0.187617 0.500483 0.865747 -0.000000 0.501602 0.844170 -0.189135 0.537530 0.843245 -0.000000 0.540406 0.819530 -0.190606 0.573531 0.819184 -0.000000 0.578428 0.792820 -0.191985 0.608487 0.793564 -0.000000 0.615638 0.763975 -0.193217 0.642391 0.766377 0.000001 0.651981 0.732933 -0.194242 0.674978 0.737838 -0.000001 0.687112 0.699900 -0.194978 0.705983 0.708229 -0.000001 0.720695 0.665154 -0.195366 0.735448 0.677582 -0.000001 0.752725 0.628690 -0.195329 0.783108 0.590586 -0.194807 0.764368 0.509198 -0.395550 0.793752 0.463857 -0.393438 0.733667 0.348117 -0.583565 0.759863 0.296581 -0.578487 0.654310 0.156642 -0.739826 0.675166 0.101998 -0.730580 0.528086 -0.045483 -0.847972 0.542554 -0.099251 -0.834137 0.365857 -0.235786 -0.900308 0.374268 -0.285248 -0.882359 0.184220 -0.396091 -0.899542 0.187682 -0.438617 -0.878857 0.000000 -0.499095 -0.866547 0.000001 -0.533727 -0.845657 -0.000001 -0.173634 -0.984810 -0.127070 -0.036809 -0.991211 -0.257717 0.125096 -0.958088 -0.382539 0.289063 -0.877557 -0.491083 0.442500 -0.750354 -0.574333 0.573145 -0.584505 -0.627039 0.672130 -0.393782 0.000001 -0.147453 -0.989069 -0.119107 -0.004872 -0.992870 -0.241486 0.160331 -0.957067 -0.358511 0.326059 -0.874732 -0.460608 0.479685 -0.746822 -0.539497 0.609141 -0.581283 -0.590278 0.705881 -0.391540 -0.000001 -0.122865 -0.992423 -0.111086 0.024864 -0.993500 -0.225152 0.192856 -0.955046 -0.334322 0.359997 -0.870994 -0.429881 0.513687 -0.742515 -0.504264 0.642073 -0.577460 -0.552926 0.736909 -0.388893 0.000000 -0.099860 -0.995001 -0.103032 0.052453 -0.993294 -0.208761 0.222776 -0.952255 -0.310042 0.391025 -0.866587 -0.398983 0.544675 -0.737660 -0.468717 0.672104 -0.573220 -0.515052 0.765344 -0.385967 -0.000002 -0.078423 -0.996920 -0.094963 0.077946 -0.992425 -0.192352 0.250188 -0.948898 -0.285723 0.419278 -0.861724 -0.367979 0.572803 -0.732454 -0.432923 0.699379 -0.568724 -0.476719 0.791297 -0.382869 0.000000 -0.058564 -0.998284 -0.086881 0.101388 -0.991046 -0.175929 0.275190 -0.945156 -0.261377 0.444895 -0.856593 -0.336883 0.598229 -0.727070 -0.396896 0.724052 -0.564111 -0.437932 0.814891 -0.379696 -0.000006 -0.040272 -0.999189 -0.078808 0.122802 -0.989297 -0.159532 0.297845 -0.941189 -0.237054 0.467970 -0.851357 -0.305757 0.621063 -0.721660 -0.360706 0.746222 -0.559503 -0.398766 0.836188 -0.376530 0.000002 -0.023594 -0.999722 -0.070690 0.142236 -0.987305 -0.143071 0.318262 -0.937145 -0.212634 0.488660 -0.846167 -0.274452 0.641488 -0.716358 -0.324186 0.766073 -0.555010 -0.359043 0.855352 -0.373445 -0.000005 -0.008585 -0.999963 -0.062633 0.159623 -0.985189 -0.126718 0.336389 -0.933159 -0.188352 0.506924 -0.841161 -0.243262 0.659460 -0.711292 -0.287675 0.783541 -0.550733 -0.319137 0.872281 -0.370510 -0.000001 0.004601 -0.999989 -0.054611 0.174854 -0.983079 -0.110472 0.352175 -0.929392 -0.164230 0.522763 -0.836509 -0.212232 0.675016 -0.706619 -0.251244 0.798678 -0.546800 -0.279142 0.887013 -0.367814 -0.000002 0.016020 -0.999872 -0.046692 0.187950 -0.981068 -0.094431 0.365668 -0.925943 -0.140400 0.536242 -0.832306 -0.181528 0.688223 -0.702422 -0.215093 0.811533 -0.543277 -0.239291 0.899568 -0.365399 -0.000002 0.025677 -0.999670 -0.038829 0.198978 -0.979235 -0.078516 0.376976 -0.922889 -0.116750 0.547497 -0.828623 -0.151016 0.699231 -0.698763 -0.179081 0.822254 -0.540212 -0.199453 0.910073 -0.363299 -0.000002 0.033589 -0.999436 -0.031012 0.207978 -0.977642 -0.062699 0.386166 -0.920296 -0.093239 0.556615 -0.825522 -0.120648 0.708135 -0.695693 -0.143163 0.830929 -0.537644 -0.159599 0.918595 -0.361540 -0.000002 0.039749 -0.999210 -0.023216 0.214975 -0.976344 -0.046932 0.393287 -0.918217 -0.069798 0.563663 -0.823051 -0.090341 0.715008 -0.693254 -0.107255 0.837628 -0.535607 -0.119657 0.925191 -0.360145 -0.000002 0.044156 -0.999025 -0.015423 0.219976 -0.975383 -0.031175 0.398363 -0.916698 -0.046366 0.568678 -0.821253 -0.060025 0.719894 -0.691484 -0.071289 0.842392 -0.534129 -0.079574 0.929888 -0.359134 0.000000 0.046787 -0.998905 -0.007600 0.222972 -0.974795 -0.015363 0.401400 -0.915774 -0.022850 0.571674 -0.820163 -0.029586 0.722811 -0.690412 -0.035146 0.845236 -0.533236 -0.039243 0.932696 -0.358522 -0.000002 0.047618 -0.998866 0.000220 0.223935 -0.974604 0.000446 0.402374 -0.915475 0.000665 0.572634 -0.819811 0.000862 0.723746 -0.690066 0.001024 0.846148 -0.532947 0.001144 0.933596 -0.358324 0.000004 0.046649 -0.998911 0.008005 0.222868 -0.974816 0.016177 0.401294 -0.915806 0.024057 0.571570 -0.820201 0.031147 0.722710 -0.690449 0.036999 0.845138 -0.533267 0.041311 0.932599 -0.358543 -0.000009 0.043905 -0.999036 0.015748 0.219801 -0.975418 0.031847 0.398186 -0.916752 0.047372 0.568503 -0.821316 0.061332 0.719724 -0.691546 0.072844 0.842225 -0.534182 0.081310 0.929723 -0.359170 -0.000006 0.039402 -0.999223 0.023521 0.214733 -0.976390 0.047552 0.393041 -0.918291 0.070721 0.563421 -0.823137 0.091537 0.714775 -0.693338 0.108674 0.837403 -0.535673 0.121237 0.924970 -0.360184 0.000023 0.033130 -0.999451 0.031329 0.207665 -0.977698 0.063324 0.385847 -0.920387 0.094159 0.556300 -0.825630 0.121830 0.707828 -0.695800 0.144559 0.830630 -0.537733 0.161147 0.918301 -0.361601 -0.000003 0.025092 -0.999685 0.039142 0.198572 -0.979304 0.079155 0.376560 -0.923004 0.117702 0.547084 -0.828761 0.152246 0.698827 -0.698900 0.180535 0.821860 -0.540327 0.201065 0.909686 -0.363378 0.000004 0.015271 -0.999883 0.047052 0.187398 -0.981157 0.095159 0.365101 -0.926092 0.141480 0.535677 -0.832486 0.182919 0.687670 -0.702603 0.216733 0.810995 -0.543428 0.241102 0.899043 -0.365503 0.000000 0.003643 -0.999993 0.000002 -0.009779 -0.999952 0.055039 0.174091 -0.983190 0.000003 -0.024926 -0.999689 0.063093 0.158665 -0.985315 0.071194 0.141135 -0.987427 0.127658 0.335395 -0.933388 0.144080 0.317104 -0.937382 0.189751 0.505927 -0.841447 0.214126 0.487485 -0.846468 0.245062 0.658482 -0.711580 0.276362 0.640324 -0.716665 0.289786 0.782592 -0.550976 0.326416 0.764937 -0.555269 0.321450 0.871360 -0.370677 0.361473 0.854250 -0.373623 -0.000001 -0.041822 -0.999125 0.000004 -0.060366 -0.998176 0.079313 0.121482 -0.989420 0.087468 0.099770 -0.991159 0.160566 0.296459 -0.941451 0.177118 0.273470 -0.945433 0.238593 0.466566 -0.851698 0.263138 0.443135 -0.856965 0.307730 0.619680 -0.722010 0.339134 0.596483 -0.727458 0.363006 0.744882 -0.559801 0.399508 0.722356 -0.564443 0.401261 0.834901 -0.376735 0.440749 0.813264 -0.379924 0.000000 -0.080500 -0.996755 0.000000 -0.102200 -0.994764 0.095586 0.076045 -0.992512 0.000002 -0.125464 -0.992098 0.103697 0.050259 -0.993338 0.111780 0.022382 -0.993481 0.210114 0.220406 -0.952509 0.226565 0.190152 -0.955254 0.312046 0.388573 -0.866970 0.336415 0.357184 -0.871347 0.401536 0.542230 -0.738075 0.432541 0.510873 -0.742911 0.471659 0.669733 -0.573581 0.507319 0.639347 -0.577809 0.518194 0.763094 -0.386216 0.556171 0.734335 -0.389135 0.000000 -0.150301 -0.988640 0.000003 -0.176720 -0.984261 0.119820 -0.007632 -0.992766 0.000001 -0.204647 -0.978836 0.127789 -0.039827 -0.991001 0.135604 -0.073962 -0.987999 0.259186 0.121752 -0.958123 0.275116 0.083743 -0.957757 0.384714 0.285540 -0.877760 0.408285 0.245364 -0.879261 0.493838 0.438953 -0.750629 0.523684 0.398428 -0.753001 0.577478 0.569713 -0.584762 0.611493 0.530500 -0.587066 0.630350 0.668919 -0.393962 0.666082 0.632337 -0.395582 0.000000 -0.233779 -0.972290 -0.000001 -0.264028 -0.964515 0.143146 -0.109752 -0.983597 0.150399 -0.147165 -0.977611 0.290507 0.043574 -0.955880 0.305305 0.001267 -0.952254 0.431059 0.202660 -0.879271 0.452949 0.157435 -0.877526 0.552492 0.355222 -0.754036 0.580157 0.309326 -0.753483 0.644254 0.488706 -0.588306 0.675665 0.444315 -0.588270 0.700387 0.593516 -0.396482 0.733202 0.552440 -0.396515 0.000001 -0.295366 -0.955384 -0.000001 -0.327745 -0.944766 0.157297 -0.186115 -0.969855 0.000001 -0.361140 -0.932512 0.163798 -0.226529 -0.960133 -0.000001 -0.395350 -0.918531 0.169832 -0.268284 -0.948252 0.000002 -0.429834 -0.902908 0.175289 -0.310750 -0.934189 0.180082 -0.353395 -0.917978 0.356090 -0.186430 -0.915666 0.000000 -0.464434 -0.885608 0.190478 -0.480805 -0.855888 0.000001 -0.568252 -0.822855 0.192617 -0.522469 -0.830617 0.000003 -0.602589 -0.798052 0.194122 -0.563306 -0.803121 0.000002 -0.636194 -0.771529 0.195025 -0.602534 -0.773898 0.000000 -0.668705 -0.743528 0.195390 -0.640017 -0.743102 0.000000 -0.700101 -0.714044 0.195292 -0.675705 -0.710833 0.000000 -0.730331 -0.683094 0.194802 -0.709584 -0.677158 0.000001 -0.759365 -0.650665 0.193986 -0.741633 -0.642144 0.000000 -0.787151 -0.616760 0.192908 -0.771845 -0.605840 0.000001 -0.813653 -0.581350 0.191628 -0.800219 -0.568268 0.000000 -0.838726 -0.544554 0.190208 -0.826521 -0.529796 0.000000 -0.862055 -0.506815 0.188720 -0.850589 -0.490799 0.000000 -0.883590 -0.468261 0.187207 -0.872528 -0.451274 0.000000 -0.903370 -0.428861 0.185708 -0.892403 -0.411253 0.000000 -0.921390 -0.388640 0.184259 -0.910280 -0.370728 0.000000 -0.937648 -0.347586 0.182887 -0.926207 -0.329687 0.000000 -0.952123 -0.305716 0.181619 -0.940214 -0.288118 0.000000 -0.964802 -0.262977 0.180477 -0.952316 -0.246012 -0.000000 -0.975562 -0.219723 0.179490 -0.962430 -0.203743 0.000001 -0.984342 -0.176269 0.178677 -0.970565 -0.161487 0.000001 -0.991163 -0.132651 0.178033 -0.976774 -0.119231 -0.000003 -0.996051 -0.088788 0.177582 -0.981102 -0.076840 0.000002 -0.998997 -0.044779 0.177338 -0.983548 -0.034405 0.000000 -1.000000 -0.000574 0.177274 -0.984127 0.008203 0.000000 -0.999039 0.043819 0.177413 -0.982814 0.051000 -0.000000 -0.996089 0.088361 0.177750 -0.979583 0.093922 0.000001 -0.991172 0.132580 0.178279 -0.974457 0.136564 0.000002 -0.984330 0.176338 0.178990 -0.967448 0.178903 0.000000 -0.975579 0.219649 0.179873 -0.958549 0.220976 0.000003 -0.964929 0.262510 0.180915 -0.947732 0.262818 0.000000 -0.952376 0.304926 0.182102 -0.934955 0.304462 0.000000 -0.937906 0.346889 0.183417 -0.920158 0.345929 0.000000 -0.921495 0.388391 0.184839 -0.903272 0.387213 -0.000000 -0.903275 0.429062 0.186327 -0.884386 0.427953 0.000001 -0.883341 0.468730 0.187845 -0.863538 0.467992 0.000003 -0.861704 0.507411 0.189355 -0.840678 0.507351 0.000012 -0.838391 0.545069 0.190815 -0.815778 0.545981 0.000011 -0.813358 0.581764 0.153575 -0.796222 0.585188 0.076887 -0.807049 0.585457 0.228760 -0.781126 0.580957 0.299356 -0.762748 0.573238 0.386657 -0.759071 0.523744 0.425838 -0.718756 0.549592 0.534311 -0.667985 0.517985 0.574220 -0.665492 0.476856 0.702871 -0.556960 0.442457 0.738811 -0.537853 0.406045 0.824625 -0.437765 0.358267 0.867646 -0.384185 0.315582 0.910455 -0.312996 0.270379 0.862848 -0.413153 0.291200 0.949693 -0.244231 0.196047 0.946010 -0.269851 0.179570 0.991388 -0.096366 0.088671 0.989705 -0.118290 0.080568 0.999351 0.036015 0.000001 0.999799 0.020042 0.000002 0.966605 -0.182175 0.180241 0.992670 -0.072387 0.096781 0.998563 0.053585 0.000001 0.995626 0.093429 0.000003 0.997352 0.072721 -0.000001 0.999983 0.005784 0.000002 0.985653 -0.156027 0.064373 0.987751 -0.138193 0.072459 0.942069 -0.293088 0.163111 0.857745 -0.439436 0.266776 0.733647 -0.566712 0.374966 0.983538 -0.171682 0.056369 0.999977 -0.006775 0.000003 0.981502 -0.185221 0.048443 0.999844 -0.017648 0.000002 0.979624 -0.196699 0.040573 0.999639 -0.026855 0.000002 0.977972 -0.206153 0.032742 0.999409 -0.034389 0.000001 0.976602 -0.213606 0.024929 0.999190 -0.040252 0.000001 0.975561 -0.219061 0.017112 0.999013 -0.044428 -0.000001 0.998900 -0.046886 0.000001 0.998866 -0.047614 -0.000004 0.974611 -0.223898 0.001491 0.974888 -0.222501 0.009281 0.916978 -0.397435 0.034592 0.918628 -0.391895 0.050399 0.823538 -0.562287 0.074953 0.826157 -0.554772 0.098448 0.696322 -0.706336 0.127379 0.699529 -0.696965 0.157794 0.540852 -0.820047 0.187089 0.544022 -0.808866 0.223106 0.365909 -0.896960 0.248138 0.368385 -0.883955 0.287950 0.974734 -0.223283 -0.006261 0.998912 -0.046638 0.000003 0.975248 -0.220673 -0.013974 0.999033 -0.043973 0.000014 0.976136 -0.216068 -0.021768 0.999215 -0.039611 -0.000024 0.977370 -0.209467 -0.029520 0.999437 -0.033558 0.000003 0.978915 -0.200821 -0.037359 0.999667 -0.025803 -0.000001 0.980723 -0.190087 -0.045273 0.999867 -0.016321 -0.000001 0.999987 -0.005120 -0.000000 0.982724 -0.177253 -0.053248 0.999970 0.007706 0.000001 0.984820 -0.162422 -0.061225 0.999755 0.022118 0.000001 0.986921 -0.145590 -0.069215 0.999273 0.038117 0.000001 0.988926 -0.126733 -0.077228 0.998448 0.055692 0.000001 0.990723 -0.105813 -0.085272 0.997194 0.074862 -0.000000 0.992186 -0.082776 -0.093354 0.995418 0.095624 0.000005 0.993011 0.118018 -0.000009 0.993173 -0.057566 -0.101462 0.989868 0.141993 -0.000004 0.993520 -0.030091 -0.109602 0.993050 -0.000548 -0.117689 0.954586 -0.198546 -0.222137 0.956776 -0.166280 -0.238600 0.870230 -0.365913 -0.329860 0.874130 -0.332282 -0.354239 0.741660 -0.519604 -0.424208 0.746110 -0.485928 -0.455186 0.576709 -0.647807 -0.497748 0.580645 -0.615187 -0.533289 0.388375 -0.742328 -0.545998 0.391098 -0.711565 -0.583709 0.985909 0.167281 -0.000003 0.991600 0.030813 -0.125622 0.957988 -0.131735 -0.254766 0.877121 -0.296050 -0.378170 0.749778 -0.449532 -0.485545 0.583971 -0.579951 -0.568010 0.393409 -0.678499 -0.620378 0.981043 0.193792 -0.000001 0.988998 0.063971 -0.133378 0.958009 -0.094901 -0.270580 0.878973 -0.257184 -0.401575 0.752447 -0.410365 -0.515193 0.586506 -0.542049 -0.601825 0.395186 -0.643095 -0.655940 0.975160 0.221501 -0.000002 0.985068 0.098898 -0.140924 0.956613 -0.055789 -0.285971 0.879440 -0.215671 -0.424348 0.753882 -0.368400 -0.544007 0.588060 -0.501453 -0.634610 0.396298 -0.605339 -0.690299 0.968148 0.250380 -0.000001 0.959881 0.280408 -0.000003 0.979621 0.135559 -0.148213 0.972453 0.173917 -0.155205 0.953563 -0.014424 -0.300848 0.948605 0.029156 -0.315117 0.878262 -0.171525 -0.446358 0.875163 -0.124774 -0.467463 0.753836 -0.323639 -0.571829 0.752046 -0.276100 -0.598494 0.588429 -0.458159 -0.666214 0.587397 -0.412178 -0.696473 0.396606 -0.565234 -0.723335 0.395964 -0.522790 -0.754919 0.950226 0.311560 -0.000001 0.963355 0.213906 -0.161837 0.941479 0.074869 -0.328652 0.869860 -0.075508 -0.487485 0.748244 -0.225867 -0.623791 0.584743 -0.363583 -0.725178 0.394220 -0.478067 -0.784884 0.939032 0.343829 -0.000005 0.926223 0.376976 -0.000000 0.952130 0.255367 -0.168036 0.938797 0.297495 -0.173655 0.931936 0.122508 -0.341303 0.919935 0.171107 -0.352763 0.862082 -0.023956 -0.506202 0.851746 0.028813 -0.523163 0.742170 -0.173169 -0.647454 0.733725 -0.119103 -0.668926 0.580254 -0.312582 -0.752062 0.573842 -0.260224 -0.776523 0.391231 -0.431240 -0.813001 0.386936 -0.383246 -0.838691 0.911875 0.410468 -0.000001 0.923311 0.339975 -0.178646 0.905413 0.220245 -0.362931 0.838776 0.082309 -0.538219 0.722836 -0.064180 -0.688033 0.565444 -0.206988 -0.798392 0.381289 -0.334489 -0.861821 0.895929 0.444198 -0.000001 0.878312 0.478088 -0.000001 0.905605 0.382618 -0.182984 0.885616 0.425253 -0.186665 0.888307 0.269639 -0.371759 0.868569 0.319021 -0.379228 0.823117 0.136181 -0.551302 0.804731 0.190095 -0.562381 0.709452 -0.008771 -0.704699 0.693547 0.046764 -0.718892 0.555021 -0.153219 -0.817604 0.858944 0.512069 -0.000002 0.837751 0.546052 -0.000004 0.863321 0.467657 -0.189669 0.838641 0.509712 -0.192026 0.846206 0.368064 -0.385311 0.821179 0.416566 -0.390049 0.783650 0.243650 -0.571426 0.814637 0.579971 0.000004 0.789764 0.613411 -0.000002 0.811781 0.550891 -0.193727 0.763369 0.645963 -0.000001 -0.732047 0.681254 -0.000001 -0.749770 0.632204 -0.195352 -0.730172 0.556412 -0.396553 -0.672762 0.448614 -0.588333 -0.577599 0.313771 -0.753609 -0.450925 0.161810 -0.877772 -0.303936 0.005350 -0.952677 -0.759998 0.649926 -0.000001 -0.780127 0.594493 -0.194884 -0.761310 0.513645 -0.395696 -0.702597 0.402252 -0.586985 -0.603892 0.265838 -0.751428 -0.471735 0.114699 -0.874248 -0.786363 0.617765 -0.000002 -0.808727 0.555314 -0.193874 -0.790626 0.468922 -0.393730 -0.730674 0.353631 -0.584004 -0.628632 0.215582 -0.747226 -0.811156 0.584830 -0.000001 -0.835489 0.514772 -0.192270 -0.817968 0.422388 -0.390535 -0.756801 0.302930 -0.579211 -0.834389 0.551176 -0.000008 -0.860357 0.472954 -0.190000 -0.843213 0.374182 -0.385979 -0.856053 0.516889 -0.000007 -0.883193 0.430100 -0.187039 -0.875897 0.482499 -0.000003 -0.937372 0.301657 -0.174173 -0.924524 0.381123 0.000002 -0.950860 0.259664 -0.168641 -0.937435 0.348159 -0.000016 -0.962237 0.218367 -0.162531 -0.948864 0.315684 0.000018 -0.971604 0.177970 -0.155923 -0.958812 0.284040 -0.000019 -0.979049 0.138953 -0.148848 -0.967323 0.253546 0.000003 -0.984688 0.101783 -0.141523 -0.974526 0.224274 -0.000005 -0.988765 0.066403 -0.133922 -0.980560 0.196222 0.000001 -0.991470 0.032874 -0.126123 -0.985543 0.169425 -0.000005 -0.992995 0.001210 -0.118149 -0.989593 0.143893 0.000005 -0.993516 -0.028566 -0.110042 -0.992805 0.119743 -0.000001 -0.995266 0.097191 0.000002 -0.997089 0.076241 0.000001 -0.992248 -0.081579 -0.093754 -0.993208 -0.056186 -0.101889 -0.954723 -0.196886 -0.223026 -0.956875 -0.164352 -0.239540 -0.874329 -0.330265 -0.355630 -0.877276 -0.293650 -0.379680 -0.749981 -0.447116 -0.487459 -0.752594 -0.407465 -0.517276 -0.586652 -0.539244 -0.604197 -0.588135 -0.498069 -0.637200 -0.396353 -0.602199 -0.693009 -0.396594 -0.561502 -0.726243 -0.998381 0.056875 0.000002 -0.990798 -0.104817 -0.085637 -0.948359 -0.254077 -0.189895 -0.944556 -0.278829 -0.173404 -0.860970 -0.423272 -0.282083 -0.855789 -0.448610 -0.257632 -0.731657 -0.576772 -0.363335 -0.999236 0.039086 0.000001 -0.989001 -0.125952 -0.077543 -0.940563 -0.301166 -0.156970 -0.986986 -0.145027 -0.069467 -0.999738 0.022876 0.000001 -0.999966 0.008254 0.000001 0.383576 -0.785665 0.485386 0.569751 -0.693471 0.441001 0.380402 -0.809857 0.446571 0.565138 -0.718799 0.404904 0.728271 -0.592818 0.343785 0.377219 -0.831726 0.407355 0.560506 -0.741585 0.368627 0.722840 -0.616287 0.312559 0.852505 -0.463136 0.242365 0.374102 -0.851370 0.367718 0.555968 -0.761957 0.332146 0.717490 -0.637257 0.281267 0.847279 -0.484372 0.217947 0.938020 -0.314025 0.146653 0.371131 -0.868796 0.327804 0.551637 -0.779951 0.295590 0.712365 -0.655766 0.250014 0.842224 -0.503166 0.193605 0.934012 -0.332651 0.130253 0.363738 -0.907908 0.208323 0.361900 -0.916872 0.168449 0.360420 -0.923903 0.128458 0.359319 -0.929030 0.088282 0.358619 -0.932254 0.047915 0.358331 -0.933563 0.007705 0.358459 -0.932986 -0.032321 0.358985 -0.930546 -0.072209 0.359919 -0.926222 -0.112117 0.361246 -0.920001 -0.151985 0.362941 -0.911822 -0.191973 0.364997 -0.901607 -0.232125 0.367377 -0.889318 -0.272300 0.370024 -0.875005 -0.312167 0.372890 -0.858618 -0.351750 0.375923 -0.840085 -0.391076 0.379062 -0.819311 -0.430164 0.382241 -0.796180 -0.469030 0.385376 -0.770575 -0.507642 0.344965 -0.137391 -0.928506 0.511621 0.007812 -0.859176 0.332652 -0.089350 -0.938807 0.493402 0.059859 -0.867740 0.631267 0.209884 -0.746626 0.319386 -0.043073 -0.946645 0.473779 0.109799 -0.873772 0.606474 0.260846 -0.751099 0.705526 0.397423 -0.586760 0.242940 0.157298 -0.957203 0.360663 0.322883 -0.875025 0.463340 0.476497 -0.747172 0.542624 0.606055 -0.581598 0.593584 0.702981 -0.391759 0.193620 0.248153 -0.949174 0.287604 0.417186 -0.862113 0.370380 0.570724 -0.732866 0.435700 0.697363 -0.569078 0.479699 0.789375 -0.383114 0.111339 0.351386 -0.929587 0.165518 0.521974 -0.836748 0.213890 0.674241 -0.706859 0.253194 0.797924 -0.547001 0.281287 0.886278 -0.367952 -0.343527 -0.131490 -0.929892 -0.354770 -0.180260 -0.917412 -0.364813 -0.230152 -0.902187 -0.373456 -0.280106 -0.884348 -0.380658 -0.329644 -0.863965 -0.386442 -0.378484 -0.841078 -0.390852 -0.426363 -0.815751 -0.393961 -0.473054 -0.788045 -0.395829 -0.518270 -0.758100 -0.395290 -0.640481 -0.658430 -0.393540 -0.676310 -0.622681 -0.391244 -0.709723 -0.585851 -0.388527 -0.740744 -0.548037 -0.379206 -0.818316 -0.431929 -0.376044 -0.839312 -0.392614 -0.372983 -0.858068 -0.352992 -0.370086 -0.874669 -0.313034 -0.367412 -0.889136 -0.272848 -0.365033 -0.901428 -0.232763 -0.362979 -0.911639 -0.192772 -0.361277 -0.919851 -0.152817 -0.359945 -0.926125 -0.112839 -0.359001 -0.930496 -0.072768 -0.358460 -0.932978 -0.032545 -0.358332 -0.933561 0.007894 -0.358622 -0.932235 0.048255 -0.359323 -0.929017 0.088395 -0.360413 -0.923918 0.128365 -0.361887 -0.916899 0.168328 -0.363734 -0.907932 0.208224 -0.365912 -0.896944 0.248194 -0.368406 -0.883843 0.288269 -0.371175 -0.868546 0.328416 -0.374142 -0.851131 0.368230 -0.377244 -0.831563 0.407665 -0.380414 -0.809773 0.446713 -0.383576 -0.785624 0.485453 0.547634 -0.795541 0.259254 0.703310 -0.685484 0.188326 0.829395 -0.545179 0.122001 0.920829 -0.384306 0.066202 0.538169 -0.829176 0.151131 0.536008 -0.836321 0.115160 0.534401 -0.841522 0.079097 0.533377 -0.844788 0.042914 0.532958 -0.846114 0.006900 0.533143 -0.845530 -0.028946 0.533919 -0.843058 -0.064683 0.535282 -0.838675 -0.100488 0.537214 -0.832358 -0.136311 0.539690 -0.824037 -0.172332 0.542690 -0.813616 -0.208605 0.546164 -0.801041 -0.245028 0.550024 -0.786343 -0.281315 0.554201 -0.769450 -0.317501 0.558619 -0.750264 -0.353622 0.563189 -0.728662 -0.389704 0.567810 -0.704495 -0.425767 0.572363 -0.677612 -0.461782 -0.526130 -0.038769 -0.849520 -0.541007 -0.093108 -0.835848 -0.553817 -0.147606 -0.819450 -0.564505 -0.201696 -0.800408 -0.573106 -0.255025 -0.778789 -0.579687 -0.307265 -0.754686 -0.584350 -0.358128 -0.728203 -0.587193 -0.407274 -0.699523 -0.588402 -0.454121 -0.668997 -0.584158 -0.577613 -0.570196 -0.580855 -0.613228 -0.535312 -0.576929 -0.646133 -0.499666 -0.572596 -0.676126 -0.463667 -0.558796 -0.749463 -0.355038 -0.554337 -0.768882 -0.318639 -0.550113 -0.785998 -0.282105 -0.546215 -0.800854 -0.245525 -0.542742 -0.813433 -0.209183 -0.539745 -0.823850 -0.173052 -0.537259 -0.832206 -0.137061 -0.535315 -0.838576 -0.101133 -0.533936 -0.843008 -0.065187 -0.533145 -0.845522 -0.029146 -0.532959 -0.846112 0.007069 -0.533383 -0.844769 0.043219 -0.534405 -0.841510 0.079199 -0.536003 -0.836337 0.115074 -0.538157 -0.829204 0.151023 -0.540846 -0.820072 0.186999 -0.544026 -0.808849 0.223158 -0.547664 -0.795425 0.259544 -0.551702 -0.779693 0.296149 -0.556025 -0.761710 0.332616 -0.560542 -0.741415 0.368913 -0.565156 -0.718710 0.405036 -0.569755 -0.693428 0.441063 0.707611 -0.671793 0.219046 0.837499 -0.519478 0.169523 0.930198 -0.348895 0.114035 0.693735 -0.713667 0.097009 0.691809 -0.719002 0.066603 0.690581 -0.722352 0.036126 0.690079 -0.723711 0.005808 0.690300 -0.723112 -0.024366 0.691235 -0.720576 -0.054455 0.692867 -0.716080 -0.084639 0.695178 -0.709602 -0.114861 0.698140 -0.701061 -0.145305 0.701722 -0.690363 -0.176026 0.705862 -0.677445 -0.206947 0.710451 -0.662339 -0.237837 0.715402 -0.644966 -0.268734 0.720618 -0.625223 -0.299675 0.725990 -0.602979 -0.330688 0.731391 -0.578077 -0.361794 0.736671 -0.550356 -0.392967 -0.691578 0.053080 -0.720348 -0.707913 -0.002992 -0.706293 -0.721626 -0.058724 -0.689788 -0.732765 -0.113738 -0.670909 -0.741415 -0.167677 -0.649761 -0.747700 -0.220229 -0.626454 -0.751743 -0.271032 -0.601186 -0.753755 -0.319463 -0.574279 -0.753935 -0.364902 -0.546286 -0.746345 -0.483905 -0.456952 -0.741911 -0.517877 -0.425878 -0.736941 -0.548824 -0.394602 -0.715563 -0.644382 -0.269707 -0.710557 -0.661983 -0.238510 -0.705923 -0.677252 -0.207369 -0.701785 -0.690174 -0.176515 -0.698206 -0.700869 -0.145914 -0.695233 -0.709445 -0.115494 -0.692904 -0.715981 -0.085178 -0.691252 -0.720526 -0.054884 -0.690304 -0.723104 -0.024535 -0.690080 -0.723709 0.005950 -0.690589 -0.722332 0.036382 -0.691814 -0.718990 0.066690 -0.693731 -0.713682 0.096931 -0.696311 -0.706362 0.127292 -0.699520 -0.696991 0.157718 -0.703316 -0.685466 0.188369 -0.707647 -0.671674 0.219293 -0.712441 -0.655501 0.250491 -0.717558 -0.637003 0.281669 -0.722882 -0.616112 0.312805 -0.728294 -0.592725 0.343896 0.833197 -0.533444 0.145673 0.923531 -0.374644 0.082048 0.821584 -0.567762 0.051449 0.820335 -0.571202 0.027902 0.819824 -0.572598 0.004485 0.820049 -0.571984 -0.018819 0.821001 -0.569376 -0.042056 0.822659 -0.564761 -0.065396 0.825000 -0.558119 -0.088760 0.827995 -0.549370 -0.112327 0.831602 -0.538429 -0.136133 0.835752 -0.525240 -0.160126 0.840326 -0.509851 -0.184131 0.845225 -0.492194 -0.208181 0.850342 -0.472178 -0.232306 0.855553 -0.449689 -0.256532 0.860718 -0.424585 -0.280876 0.865673 -0.396724 -0.305319 -0.821330 0.141795 -0.552550 -0.837351 0.087617 -0.539599 -0.850589 0.034044 -0.524727 -0.861141 -0.018589 -0.508026 -0.869139 -0.069985 -0.489591 -0.874715 -0.119800 -0.469598 -0.878069 -0.167412 -0.448294 -0.879408 -0.212217 -0.426152 -0.879056 -0.254312 -0.403220 -0.870455 -0.364187 -0.331174 -0.865923 -0.395187 -0.306602 -0.840431 -0.509488 -0.184654 -0.835813 -0.525044 -0.160454 -0.831665 -0.538235 -0.136512 -0.828061 -0.549173 -0.112799 -0.825056 -0.557958 -0.089251 -0.822696 -0.564661 -0.065806 -0.821018 -0.569327 -0.042394 -0.820053 -0.571974 -0.018950 -0.819825 -0.572596 0.004595 -0.820343 -0.571182 0.028100 -0.821588 -0.567749 0.051517 -0.823535 -0.562301 0.074886 -0.826148 -0.554797 0.098385 -0.829386 -0.545205 0.121942 -0.833202 -0.533426 0.145706 -0.837535 -0.519358 0.169716 -0.842300 -0.502896 0.193976 -0.847346 -0.484115 0.218261 -0.852545 -0.462960 0.242558 -0.857767 -0.439342 0.266860 0.926677 -0.362863 0.097979 0.915920 -0.400922 0.018760 0.915487 -0.402337 0.003015 0.915678 -0.401714 -0.012654 0.916485 -0.399069 -0.028269 0.917887 -0.394397 -0.043981 0.919858 -0.387684 -0.059685 0.922365 -0.378861 -0.075540 0.925361 -0.367864 -0.091559 0.928774 -0.354652 -0.107709 0.932487 -0.339299 -0.123872 0.936401 -0.321765 -0.140073 0.940406 -0.301989 -0.156331 0.944379 -0.279887 -0.172662 0.948178 -0.255356 -0.189081 0.951642 -0.228292 -0.205572 -0.903840 0.225116 -0.363863 -0.918621 0.175917 -0.353820 -0.930819 0.127457 -0.342536 -0.940560 0.079982 -0.330074 -0.947969 0.033779 -0.316566 -0.953201 -0.010580 -0.302153 -0.956431 -0.052544 -0.287191 -0.957959 -0.092188 -0.271691 -0.958027 -0.129453 -0.255786 -0.951810 -0.226804 -0.206439 -0.928824 -0.354455 -0.107929 -0.925414 -0.367668 -0.091814 -0.922420 -0.378664 -0.075857 -0.919905 -0.387521 -0.060017 -0.917918 -0.394296 -0.044248 -0.916499 -0.399020 -0.028504 -0.915681 -0.401704 -0.012741 -0.915487 -0.402335 0.003090 -0.915927 -0.400900 0.018892 -0.916982 -0.397423 0.034640 -0.918625 -0.391909 0.050345 -0.920822 -0.384329 0.066167 -0.923524 -0.374671 0.082009 -0.926682 -0.362845 0.098001 -0.930227 -0.348775 0.114166 -0.934072 -0.332382 0.130503 -0.938072 -0.313770 0.146864 -0.942101 -0.292914 0.163242 -0.946027 -0.269758 0.179622 0.000000 -0.107703 0.994183 0.000000 -0.107703 0.994183 0.000000 -0.107703 0.994183 0.000000 -0.107703 0.994183 0.000000 -0.107703 0.994183 0.000000 -0.107703 0.994183 0.000000 -0.107703 0.994183 0.000000 -0.107703 0.994183 0.000000 -0.107703 0.994183 0.000000 -0.107703 0.994183 0.000000 -0.107703 0.994183 0.000000 -0.107703 0.994183 0.000000 -0.107703 0.994183 0.000000 -0.107703 0.994183 0.000000 -0.107703 0.994183 0.000000 -0.107703 0.994183 0.000000 -0.107703 0.994183 0.000000 -0.107703 0.994183 0.000000 -0.107703 0.994183 0.000000 -0.107703 0.994183 0.000000 -0.107703 0.994183 0.000000 -0.107703 0.994183 0.000000 -0.107703 0.994183 0.000000 -0.107703 0.994183 0.000000 -0.107703 0.994183 0.000000 -0.107703 0.994183 0.000000 -0.107703 0.994183 0.000000 -0.107703 0.994183 0.000000 -0.107703 0.994183 0.000000 -0.107703 0.994183 0.000000 -0.107703 0.994183 0.000000 -0.107703 0.994183 0.000000 -0.107703 0.994183 0.000000 -0.107703 0.994183 0.000000 -0.107703 0.994183 0.000000 -0.107703 0.994183 0.000000 -0.107703 0.994183 0.000000 -0.107703 0.994183 0.000000 -0.107703 0.994183 0.000000 -0.107703 0.994183 0.000000 -0.107703 0.994183 0.000000 -0.107703 0.994183 0.000000 -0.107703 0.994183 0.000000 -0.107703 0.994183 0.000000 -0.107703 0.994183 0.000000 -0.107703 0.994183 0.000000 -0.107703 0.994183 0.000000 -0.107703 0.994183 0.000000 -0.107703 0.994183 0.000000 -0.107703 0.994183 0.000000 -0.107703 0.994183 0.000000 -0.107703 0.994183 0.000000 -0.107703 0.994183 0.000000 -0.107703 0.994183 0.000000 -0.107703 0.994183 0.000000 0.000000 -1.000000 0.000000 0.000000 -1.000000 0.000000 0.000000 -1.000000 0.000000 0.000000 -1.000000 0.000000 0.000000 -1.000000 0.000000 0.000000 -1.000000 0.000000 0.000000 -1.000000 0.000000 0.000000 -1.000000 0.000000 0.000000 -1.000000 0.000000 0.000000 -1.000000 0.000000 0.000000 -1.000000 0.000000 0.000000 -1.000000 0.000000 0.000000 -1.000000 0.000000 0.000000 -1.000000 0.000000 0.000000 -1.000000 0.000000 0.000000 -1.000000 0.000000 0.000000 -1.000000 0.000000 0.000000 -1.000000 0.000000 0.000000 -1.000000 0.000000 0.000000 -1.000000 0.000000 0.000000 -1.000000 0.000000 0.000000 -1.000000 0.000000 0.000000 -1.000000 0.000000 0.000000 -1.000000 0.000000 0.000000 -1.000000 0.000000 0.000000 -1.000000 0.000000 0.000000 -1.000000 0.000000 0.000000 -1.000000 0.000000 0.000000 -1.000000 0.000000 0.000000 -1.000000 0.000000 0.000000 -1.000000 0.000000 0.000000 -1.000000 0.000000 0.000000 -1.000000 0.000000 0.000000 -1.000000 0.000000 0.000000 -1.000000 0.000000 0.000000 -1.000000 0.000000 0.000000 -1.000000 0.000000 0.000000 -1.000000 0.000000 0.000000 -1.000000 0.000000 0.000000 -1.000000 0.000000 0.000000 -1.000000 0.000000 0.000000 -1.000000 0.000000 0.000000 -1.000000 0.000000 0.000000 -1.000000 0.000000 0.000000 -1.000000 0.000000 0.000000 -1.000000 0.000000 0.000000 -1.000000 0.000000 0.000000 -1.000000 0.000000 0.000000 -1.000000 0.000000 0.000000 -1.000000 0.000000 0.000000 -1.000000 0.000000 0.000000 -1.000000 0.000000 0.000000 -1.000000 0.000000 0.000000 -1.000000 0.000000 0.000000 -1.000000 0.000000 0.000000 -1.000000 0.000000 0.000000 -1.000000 0.000000 0.000000 -1.000000 0.000000 0.000000 -1.000000 0.000000 0.000000 -1.000000 0.000000 0.000000 -1.000000 0.000000 0.000000 -1.000000 0.000000 0.000000 -1.000000 0.000000 0.000000 -1.000000 0.000000 0.000000 -1.000000 0.000000 0.000000 -1.000000 0.000000 0.000000 -1.000000 0.000000 0.000000 -1.000000 0.000000 0.000000 -1.000000 0.000000 0.000000 -1.000000 0.000000 0.000000 -1.000000 0.000000 0.000000 -1.000000 0.000000 0.000000 -1.000000 0.000000 0.000000 -1.000000 0.000000 0.000000 -1.000000 0.000000 0.000000 -1.000000 0.000000 0.000000 -1.000000 0.000000 0.000000 -1.000000 0.000000 0.000000 -1.000000 0.000000 0.000000 -1.000000 0.000000 0.000000 -1.000000 0.000000 0.000000 -1.000000 0.000000 0.000000 -1.000000 0.000000 0.000000 -1.000000 0.000000 0.000000 -1.000000 0.000000 -0.074730 -0.997204 0.000000 -0.074730 -0.997204 0.000000 -0.000000 -1.000000 0.000000 -0.000000 -1.000000 0.000000 0.074730 -0.997204 0.000000 0.074730 -0.997204 0.000000 0.149042 -0.988831 0.000000 0.149042 -0.988831 0.000000 0.222521 -0.974928 0.000000 0.222521 -0.974928 0.000000 0.294755 -0.955573 0.000000 0.294755 -0.955573 0.000000 0.365341 -0.930874 0.000000 0.365341 -0.930874 0.000000 0.433884 -0.900969 0.000000 0.433884 -0.900969 0.000000 0.500000 -0.866025 0.000000 0.500000 -0.866025 0.000000 0.563320 -0.826239 0.000000 0.563320 -0.826239 0.000000 0.623490 -0.781831 0.000000 0.623490 -0.781831 0.000000 0.680173 -0.733052 0.000000 0.680173 -0.733052 0.000000 0.733052 -0.680173 0.000000 0.733052 -0.680173 0.000000 0.781831 -0.623490 0.000000 0.781831 -0.623490 0.000000 0.826239 -0.563320 0.000000 0.826239 -0.563320 0.000000 0.866025 -0.500000 0.000000 0.866025 -0.500000 0.000000 0.900969 -0.433884 0.000000 0.900969 -0.433884 0.000000 0.930874 -0.365341 0.000000 0.930874 -0.365341 0.000000 0.955573 -0.294755 0.000000 0.955573 -0.294755 0.000000 0.974928 -0.222521 0.000000 0.974928 -0.222521 0.000000 0.988831 -0.149042 0.000000 0.988831 -0.149042 0.000000 0.997204 -0.074730 0.000000 0.997204 -0.074730 0.000000 1.000000 -0.000000 0.000000 1.000000 -0.000000 0.000000 0.997204 0.074730 0.000000 0.997204 0.074730 0.000000 0.988831 0.149042 0.000000 0.988831 0.149042 0.000000 0.974928 0.222521 0.000000 0.974928 0.222521 0.000000 0.955573 0.294755 0.000000 0.955573 0.294755 0.000000 0.930874 0.365341 0.000000 0.930874 0.365341 0.000000 0.900969 0.433884 0.000000 0.900969 0.433884 0.000000 0.866025 0.500000 0.000000 0.866025 0.500000 0.000000 0.826239 0.563320 0.000000 0.826239 0.563320 0.000000 0.781831 0.623490 0.000000 0.781831 0.623490 0.000000 0.733052 0.680173 0.000000 0.733052 0.680173 0.000000 0.680173 0.733052 0.000000 0.680173 0.733052 0.000000 0.623490 0.781831 0.000000 0.623490 0.781831 0.000000 0.563320 0.826239 0.000000 0.563320 0.826239 0.000000 0.500000 0.866025 0.000000 0.500000 0.866025 0.000000 0.433884 0.900969 0.000000 0.433884 0.900969 0.000000 0.365341 0.930874 0.000000 0.365341 0.930874 0.000000 0.294755 0.955573 0.000000 0.294755 0.955573 0.000000 0.222521 0.974928 0.000000 0.222521 0.974928 0.000000 0.149042 0.988831 0.000000 0.149042 0.988831 0.000000 0.074730 0.997204 0.000000 0.074730 0.997204 0.000000 0.000000 1.000000 0.000000 0.000000 1.000000 0.000000 -0.074730 0.997204 0.000000 -0.074730 0.997204 0.000000 -0.149042 0.988831 0.000000 -0.149042 0.988831 0.000000 -0.222521 0.974928 0.000000 -0.222521 0.974928 0.000000 -0.294755 0.955573 0.000000 -0.294755 0.955573 0.000000 -0.365341 0.930874 0.000000 -0.365341 0.930874 0.000000 -0.433884 0.900969 0.000000 -0.433884 0.900969 0.000000 -0.500000 0.866025 0.000000 -0.500000 0.866025 0.000000 -0.563320 0.826239 0.000000 -0.563320 0.826239 0.000000 -0.623490 0.781831 0.000000 -0.623490 0.781831 0.000000 -0.680173 0.733052 0.000000 -0.680173 0.733052 0.000000 -0.733052 0.680173 0.000000 -0.733052 0.680173 0.000000 -0.781831 0.623490 0.000000 -0.781831 0.623490 0.000000 -0.826239 0.563320 0.000000 -0.826239 0.563320 0.000000 -0.866025 0.500000 0.000000 -0.866025 0.500000 0.000000 -0.900969 0.433884 0.000000 -0.900969 0.433884 0.000000 -0.930874 0.365341 0.000000 -0.930874 0.365341 0.000000 -0.955573 0.294755 0.000000 -0.955573 0.294755 0.000000 -0.974928 0.222521 0.000000 -0.974928 0.222521 0.000000 -0.988831 0.149042 0.000000 -0.988831 0.149042 0.000000 -0.997204 0.074730 0.000000 -0.997204 0.074730 0.000000 -1.000000 0.000000 0.000000 -1.000000 0.000000 0.000000 -0.997204 -0.074730 0.000000 -0.997204 -0.074730 0.000000 -0.988831 -0.149042 0.000000 -0.988831 -0.149042 0.000000 -0.974928 -0.222521 0.000000 -0.974928 -0.222521 0.000000 -0.955573 -0.294755 0.000000 -0.955573 -0.294755 0.000000 -0.930874 -0.365341 0.000000 -0.930874 -0.365341 0.000000 -0.900969 -0.433884 0.000000 -0.900969 -0.433884 0.000000 -0.866025 -0.500000 0.000000 -0.866025 -0.500000 0.000000 -0.826239 -0.563320 0.000000 -0.826239 -0.563320 0.000000 -0.781831 -0.623490 0.000000 -0.781831 -0.623490 0.000000 -0.733052 -0.680173 0.000000 -0.733052 -0.680173 0.000000 -0.680173 -0.733052 0.000000 -0.680173 -0.733052 0.000000 -0.623490 -0.781831 0.000000 -0.623490 -0.781831 0.000000 -0.563320 -0.826239 0.000000 -0.563320 -0.826239 0.000000 -0.500000 -0.866025 0.000000 -0.500000 -0.866025 0.000000 -0.433884 -0.900969 0.000000 -0.433884 -0.900969 0.000000 -0.365341 -0.930874 0.000000 -0.365341 -0.930874 0.000000 -0.294755 -0.955573 0.000000 -0.294755 -0.955573 0.000000 -0.222521 -0.974928 0.000000 -0.222521 -0.974928 0.000000 -0.149042 -0.988831 0.000000 -0.149042 -0.988831 1.000000 0.000000 0.000000 1.000000 0.000000 0.000000 1.000000 0.000000 0.000000 1.000000 0.000000 0.000000 1.000000 0.000000 0.000000 1.000000 0.000000 0.000000 1.000000 0.000000 0.000000 1.000000 0.000000 0.000000 1.000000 0.000000 0.000000 1.000000 0.000000 0.000000 1.000000 0.000000 0.000000 1.000000 0.000000 0.000000 1.000000 0.000000 0.000000 1.000000 0.000000 0.000000 1.000000 0.000000 0.000000 1.000000 0.000000 0.000000 1.000000 0.000000 0.000000 1.000000 0.000000 0.000000 1.000000 0.000000 0.000000 1.000000 0.000000 0.000000 1.000000 0.000000 0.000000 1.000000 0.000000 0.000000 1.000000 0.000000 0.000000 1.000000 0.000000 0.000000 1.000000 0.000000 0.000000 1.000000 0.000000 0.000000 1.000000 0.000000 0.000000 1.000000 0.000000 0.000000 1.000000 0.000000 0.000000 1.000000 0.000000 0.000000 1.000000 0.000000 0.000000 1.000000 0.000000 0.000000 1.000000 0.000000 0.000000 1.000000 0.000000 0.000000 1.000000 0.000000 0.000000 1.000000 0.000000 0.000000 1.000000 0.000000 0.000000 1.000000 0.000000 0.000000 1.000000 0.000000 0.000000 1.000000 0.000000 0.000000 1.000000 0.000000 0.000000 1.000000 0.000000 0.000000 1.000000 0.000000 0.000000 1.000000 0.000000 0.000000 1.000000 0.000000 0.000000 1.000000 0.000000 0.000000 1.000000 0.000000 0.000000 1.000000 0.000000 0.000000 1.000000 0.000000 0.000000 1.000000 0.000000 0.000000 1.000000 0.000000 0.000000 1.000000 0.000000 0.000000 1.000000 0.000000 0.000000 1.000000 0.000000 0.000000 1.000000 0.000000 0.000000 1.000000 0.000000 0.000000 1.000000 0.000000 0.000000 1.000000 0.000000 0.000000 1.000000 0.000000 0.000000 1.000000 0.000000 0.000000 1.000000 0.000000 0.000000 1.000000 0.000000 0.000000 1.000000 0.000000 0.000000 1.000000 0.000000 0.000000 1.000000 0.000000 0.000000 1.000000 0.000000 0.000000 1.000000 0.000000 0.000000 1.000000 0.000000 0.000000 1.000000 0.000000 0.000000 1.000000 0.000000 0.000000 1.000000 0.000000 0.000000 1.000000 0.000000 0.000000 1.000000 0.000000 0.000000 1.000000 0.000000 0.000000 1.000000 0.000000 0.000000 1.000000 0.000000 0.000000 1.000000 0.000000 0.000000 1.000000 0.000000 0.000000 1.000000 0.000000 0.000000 1.000000 0.000000 0.000000 1.000000 0.000000 0.000000 1.000000 0.000000 0.000000 1.000000 0.000000 0.000000 1.000000 0.000000 0.000000 1.000000 0.000000 0.000000 1.000000 0.000000 0.000000 1.000000 0.000000 0.000000 1.000000 0.000000 0.000000 1.000000 0.000000 0.000000 1.000000 0.000000 0.000000 1.000000 0.000000 0.000000 1.000000 0.000000 0.000000 1.000000 0.000000 0.000000 1.000000 0.000000 0.000000 1.000000 0.000000 0.000000 1.000000 0.000000 0.000000 1.000000 0.000000 0.000000 1.000000 0.000000 0.000000 1.000000 0.000000 0.000000 1.000000 0.000000 0.000000 1.000000 0.000000 0.000000 1.000000 0.000000 0.000000 1.000000 0.000000 0.000000 1.000000 0.000000 0.000000 1.000000 0.000000 0.000000 1.000000 0.000000 0.000000 1.000000 0.000000 0.000000 1.000000 0.000000 0.000000 1.000000 0.000000 0.000000 1.000000 0.000000 0.000000 1.000000 0.000000 0.000000 1.000000 0.000000 0.000000 1.000000 0.000000 0.000000 1.000000 0.000000 0.000000 1.000000 0.000000 0.000000 1.000000 0.000000 0.000000 1.000000 0.000000 0.000000 1.000000 0.000000 0.000000 1.000000 0.000000 0.000000 1.000000 0.000000 0.000000 1.000000 0.000000 0.000000 1.000000 0.000000 0.000000 1.000000 0.000000 0.000000 1.000000 0.000000 0.000000 1.000000 0.000000 0.000000 1.000000 0.000000 0.000000 1.000000 0.000000 0.000000 1.000000 0.000000 0.000000 1.000000 0.000000 0.000000 1.000000 0.000000 0.000000 1.000000 0.000000 0.000000 1.000000 0.000000 0.000000 1.000000 0.000000 0.000000 1.000000 0.000000 0.000000 1.000000 0.000000 0.000000 1.000000 0.000000 0.000000 1.000000 0.000000 0.000000 1.000000 0.000000 0.000000 1.000000 0.000000 0.000000 1.000000 0.000000 0.000000 1.000000 0.000000 0.000000 1.000000 0.000000 0.000000 1.000000 0.000000 0.000000 1.000000 0.000000 0.000000 1.000000 0.000000 0.000000 1.000000 0.000000 0.000000 1.000000 0.000000 0.000000 1.000000 0.000000 0.000000 1.000000 0.000000 0.000000 1.000000 0.000000 0.000000 1.000000 0.000000 0.000000 1.000000 0.000000 0.000000 1.000000 0.000000 0.000000 1.000000 0.000000 0.000000 1.000000 0.000000 0.000000 1.000000 0.000000 0.000000 1.000000 0.000000 0.000000 1.000000 0.000000 0.000000 1.000000 0.000000 0.000000 1.000000 0.000000 0.000000 1.000000 0.000000 0.000000 1.000000 0.000000 0.000000 1.000000 0.000000 0.000000 1.000000 0.000000 0.000000 1.000000 0.000000 0.000000 1.000000 0.000000 0.000000 1.000000 0.000000 0.000000 1.000000 0.000000 0.000000 1.000000 0.000000 0.000000 0.000000 -0.800000 0.600000 0.000000 -0.798017 0.602635 0.000000 -0.800000 0.600000 0.000000 -0.775204 0.631711 0.000000 -0.819740 0.572735 0.000000 -0.801004 0.598659 0.000000 -0.798017 0.602635 0.000000 -0.798017 0.602635 0.000000 -0.751332 0.659925 0.000000 -0.726434 0.687237 0.000000 -0.700543 0.713610 0.000000 -0.673696 0.739009 0.000000 -0.645928 0.763398 0.000000 -0.617278 0.786745 0.000000 -0.587785 0.809017 0.000000 -0.557489 0.830184 0.000000 -0.526432 0.850217 0.000000 -0.494656 0.869089 0.000000 -0.462204 0.886774 0.000000 -0.429121 0.903247 0.000000 -0.395451 0.918487 0.000000 -0.361242 0.932472 0.000000 -0.326539 0.945184 0.000000 -0.291390 0.956604 0.000000 -0.255843 0.966718 0.000000 -0.219946 0.975512 0.000000 -0.183750 0.982973 0.000000 -0.147302 0.989092 0.000000 -0.110653 0.993859 0.000000 -0.073853 0.997269 0.000000 -0.036951 0.999317 0.000000 -0.000000 1.000000 0.000000 0.036951 0.999317 0.000000 0.073853 0.997269 0.000000 0.110653 0.993859 0.000000 0.147302 0.989092 0.000000 0.183750 0.982973 0.000000 0.219946 0.975512 0.000000 0.255843 0.966718 0.000000 0.291390 0.956604 0.000000 0.326539 0.945184 0.000000 0.361242 0.932472 0.000000 0.395451 0.918487 0.000000 0.429121 0.903247 0.000000 0.462204 0.886774 0.000000 0.494656 0.869089 0.000000 0.526432 0.850217 0.000000 0.557489 0.830184 0.000000 0.587785 0.809017 0.000000 0.617278 0.786745 0.000000 0.645928 0.763398 0.000000 0.673696 0.739009 0.000000 0.700543 0.713610 0.000000 0.726434 0.687237 0.000000 0.751332 0.659925 0.000000 0.775204 0.631711 0.000000 0.798017 0.602635 0.000000 0.819740 0.572735 0.000000 0.840344 0.542053 0.000000 0.859800 0.510631 0.000000 0.878081 0.478512 0.000000 0.895163 0.445738 0.000000 0.911023 0.412356 0.000000 0.925638 0.378411 0.000000 0.938988 0.343949 0.000000 0.951057 0.309017 0.000000 0.961826 0.273663 0.000000 0.971281 0.237935 0.000000 0.979410 0.201882 0.000000 0.986201 0.165554 0.000000 0.991645 0.128999 0.000000 0.995734 0.092268 0.000000 0.998464 0.055411 0.000000 0.999829 0.018479 0.000000 0.999829 -0.018479 0.000000 0.998464 -0.055411 0.000000 0.995734 -0.092268 0.000000 0.991645 -0.128999 0.000000 0.986201 -0.165554 0.000000 0.979410 -0.201882 0.000000 0.971281 -0.237935 0.000000 0.961826 -0.273663 0.000000 0.951057 -0.309017 0.000000 0.938988 -0.343949 0.000000 0.925638 -0.378411 0.000000 0.911023 -0.412356 0.000000 0.895163 -0.445738 0.000000 0.878081 -0.478512 0.000000 0.859800 -0.510631 0.000000 0.840344 -0.542053 0.000000 0.819740 -0.572735 0.000000 0.798017 -0.602635 0.000000 0.775204 -0.631711 0.000000 0.751332 -0.659925 0.000000 0.726434 -0.687237 0.000000 0.700543 -0.713610 0.000000 0.673696 -0.739009 0.000000 0.645928 -0.763398 0.000000 0.617278 -0.786745 0.000000 0.587785 -0.809017 0.000000 0.557489 -0.830184 0.000000 0.526432 -0.850217 0.000000 0.494656 -0.869089 0.000000 0.462204 -0.886774 0.000000 0.429121 -0.903247 0.000000 0.395451 -0.918487 0.000000 0.361242 -0.932472 0.000000 0.326539 -0.945184 0.000000 0.291390 -0.956604 0.000000 0.255843 -0.966718 0.000000 0.219946 -0.975512 0.000000 0.183750 -0.982973 0.000000 0.147302 -0.989092 0.000000 0.110653 -0.993859 0.000000 0.073853 -0.997269 0.000000 0.036951 -0.999317 0.000000 0.000000 -1.000000 0.000000 -0.036951 -0.999317 0.000000 -0.023595 -0.999722 0.000000 -0.040281 -0.999188 0.000000 -0.804019 0.594603 0.000000 -0.808345 0.588710 0.000000 -0.812798 0.582546 0.000000 -0.813366 0.581753 0.000000 -0.840344 0.542053 0.000000 -0.838381 0.545084 0.000000 -0.861705 0.507409 0.000000 -0.878081 0.478512 0.000000 -0.883339 0.468734 0.000000 -0.903275 0.429062 0.000000 -0.911023 0.412356 0.000000 -0.921496 0.388388 0.000000 -0.938988 0.343949 0.000000 -0.937906 0.346890 0.000000 -0.952376 0.304927 0.000000 -0.961826 0.273663 0.000000 -0.964929 0.262512 0.000000 -0.975579 0.219651 0.000000 -0.979410 0.201882 0.000000 -0.984329 0.176340 0.000000 -0.991645 0.128999 0.000000 -0.991172 0.132581 0.000000 -0.996088 0.088368 0.000000 -0.998464 0.055411 0.000000 -0.999039 0.043823 0.000000 -1.000000 -0.000574 0.000000 -0.999829 -0.018479 0.000000 -0.998997 -0.044781 0.000000 -0.995734 -0.092268 0.000000 -0.996050 -0.088799 0.000000 -0.991166 -0.132629 0.000000 -0.986201 -0.165554 0.000000 -0.984342 -0.176271 0.000000 -0.975562 -0.219723 0.000000 -0.971281 -0.237935 0.000000 -0.964800 -0.262983 0.000000 -0.951057 -0.309017 0.000000 -0.952126 -0.305706 0.000000 -0.937648 -0.347587 0.000000 -0.925638 -0.378411 0.000000 -0.921391 -0.388637 0.000000 -0.903371 -0.428860 0.000000 -0.895163 -0.445738 0.000000 -0.883593 -0.468256 0.000000 -0.859800 -0.510631 0.000000 -0.862052 -0.506819 0.000000 -0.838735 -0.544540 0.000000 -0.819740 -0.572735 0.000000 -0.813655 -0.581349 0.000000 -0.787154 -0.616756 0.000000 -0.775204 -0.631711 0.000000 -0.759365 -0.650665 0.000000 -0.726434 -0.687237 0.000000 -0.730333 -0.683092 0.000000 -0.700101 -0.714044 0.000000 -0.673696 -0.739009 0.000000 -0.668708 -0.743525 0.000000 -0.636191 -0.771532 0.000000 -0.617278 -0.786745 0.000000 -0.602582 -0.798057 0.000000 -0.557489 -0.830184 0.000000 -0.568253 -0.822854 0.000000 -0.533728 -0.845656 0.000000 -0.494656 -0.869089 0.000000 -0.499096 -0.866547 0.000000 -0.464436 -0.885606 0.000000 -0.429121 -0.903247 0.000000 -0.429831 -0.902909 0.000000 -0.395359 -0.918527 0.000000 -0.361242 -0.932472 0.000000 -0.361144 -0.932510 0.000000 -0.327750 -0.944765 0.000000 -0.291390 -0.956604 0.000000 -0.295367 -0.955384 0.000000 -0.264030 -0.964514 0.000000 -0.219946 -0.975512 0.000000 -0.233779 -0.972290 0.000000 -0.204652 -0.978835 0.000000 -0.176721 -0.984261 0.000000 -0.147302 -0.989092 0.000000 -0.147302 -0.989092 0.000000 -0.125467 -0.992098 0.000000 -0.150303 -0.988640 0.000000 -0.073853 -0.997269 0.000000 -0.102201 -0.994764 0.000000 -0.073853 -0.997269 0.000000 -0.080501 -0.996755 0.000000 -0.060371 -0.998176 0.000000 -0.041823 -0.999125 0.000000 -0.000000 -1.000000 0.000000 -0.000000 -1.000000 0.000000 -0.024931 -0.999689 0.000000 -0.009778 -0.999952 0.000000 0.003643 -0.999993 0.000000 0.015271 -0.999883 0.000000 0.025090 -0.999685 0.000000 0.073853 -0.997269 0.000000 0.033126 -0.999451 0.000000 0.039396 -0.999224 0.000000 0.043904 -0.999036 0.000000 0.046649 -0.998911 0.000000 0.047618 -0.998866 0.000000 0.046787 -0.998905 0.000000 0.044155 -0.999025 0.000000 0.039749 -0.999210 0.000000 0.033586 -0.999436 0.000000 0.025676 -0.999670 0.000000 0.016018 -0.999872 0.000000 0.004602 -0.999989 0.000000 -0.008594 -0.999963 0.000000 -0.058564 -0.998284 0.000000 -0.073853 -0.997269 0.000000 -0.110653 -0.993859 0.000000 -0.099861 -0.995001 0.000000 -0.122868 -0.992423 0.000000 -0.078426 -0.996920 0.000000 -0.147454 -0.989069 0.000000 -0.183750 -0.982973 0.000000 -0.173634 -0.984810 0.000000 -0.201412 -0.979507 0.000000 -0.230423 -0.973090 0.000000 -0.255843 -0.966718 0.000000 -0.260487 -0.965477 0.000000 -0.291553 -0.956555 0.000000 -0.326539 -0.945184 0.000000 -0.323573 -0.946203 0.000000 -0.356500 -0.934295 0.000000 -0.395451 -0.918487 0.000000 -0.390290 -0.920692 0.000000 -0.424894 -0.905243 0.000000 -0.462204 -0.886774 0.000000 -0.459942 -0.887949 0.000000 -0.494885 -0.868958 0.000000 -0.526432 -0.850217 0.000000 -0.529639 -0.848223 0.000000 -0.564124 -0.825690 0.000000 -0.587785 -0.809017 0.000000 -0.598260 -0.801302 0.000000 -0.631966 -0.774996 0.000000 -0.645928 -0.763398 0.000000 -0.665017 -0.746828 0.000000 -0.700543 -0.713610 0.000000 -0.696905 -0.717164 0.000000 -0.727562 -0.686042 0.000000 -0.751332 -0.659925 0.000000 -0.756957 -0.653465 0.000000 -0.785053 -0.619429 0.000000 -0.798017 -0.602635 0.000000 -0.811808 -0.583925 0.000000 -0.840344 -0.542053 0.000000 -0.837057 -0.547116 0.000000 -0.860550 -0.509366 0.000000 -0.878081 -0.478512 0.000000 -0.882293 -0.470701 0.000000 -0.902292 -0.431125 0.000000 -0.911023 -0.412356 0.000000 -0.920542 -0.390643 0.000000 -0.938988 -0.343949 0.000000 -0.937030 -0.349249 0.000000 -0.951720 -0.306966 0.000000 -0.961826 -0.273663 0.000000 -0.964464 -0.264216 0.000000 -0.975242 -0.221142 0.000000 -0.979410 -0.201882 0.000000 -0.984076 -0.177748 0.000000 -0.991645 -0.128999 0.000000 -0.990977 -0.134035 0.000000 -0.995942 -0.090002 0.000000 -0.998464 -0.055411 0.000000 -0.998958 -0.045648 0.000000 -1.000000 -0.000968 0.000000 -0.999829 0.018479 0.000000 -0.999044 0.043712 0.000000 -0.995734 0.092268 0.000000 -0.996116 0.088056 0.000000 -0.991240 0.132071 0.000000 -0.986201 0.165554 0.000000 -0.984434 0.175757 0.000000 -0.975699 0.219117 0.000000 -0.971281 0.237935 0.000000 -0.965027 0.262149 0.000000 -0.951057 0.309017 0.000000 -0.952400 0.304850 0.000000 -0.937804 0.347164 0.000000 -0.925638 0.378411 0.000000 -0.921394 0.388630 0.000000 -0.903235 0.429146 0.000000 -0.895163 0.445738 0.000000 -0.883347 0.468720 0.000000 -0.859800 0.510631 0.000000 -0.861741 0.507349 0.000000 -0.838416 0.545030 0.000000 -0.813366 0.581753 0.000000 -0.812798 0.582546 0.000000 -0.808345 0.588710 0.000000 -0.804019 0.594604 0.000000 -0.801004 0.598659 0.000000 -0.751332 0.659925 0.000000 -0.751332 0.659925 0.000000 -0.700543 0.713610 0.000000 -0.700543 0.713610 0.000000 -0.645928 0.763398 0.000000 -0.645928 0.763398 0.000000 -0.587785 0.809017 0.000000 -0.587785 0.809017 0.000000 -0.526432 0.850217 0.000000 -0.526432 0.850217 0.000000 -0.462204 0.886774 0.000000 -0.462204 0.886774 0.000000 -0.395451 0.918487 0.000000 -0.395451 0.918487 0.000000 -0.326539 0.945184 0.000000 -0.326539 0.945184 0.000000 -0.255843 0.966718 0.000000 -0.255843 0.966718 0.000000 -0.183750 0.982973 0.000000 -0.183750 0.982973 0.000000 -0.110653 0.993859 0.000000 -0.110653 0.993859 0.000000 -0.036951 0.999317 0.000000 -0.036951 0.999317 0.000000 0.036951 0.999317 0.000000 0.036951 0.999317 0.000000 0.110653 0.993859 0.000000 0.110653 0.993859 0.000000 0.183750 0.982973 0.000000 0.183750 0.982973 0.000000 0.255843 0.966718 0.000000 0.255843 0.966718 0.000000 0.326539 0.945184 0.000000 0.326539 0.945184 0.000000 0.395451 0.918487 0.000000 0.395451 0.918487 0.000000 0.462204 0.886774 0.000000 0.462204 0.886774 0.000000 0.526432 0.850217 0.000000 0.526432 0.850217 0.000000 0.587785 0.809017 0.000000 0.587785 0.809017 0.000000 0.645928 0.763398 0.000000 0.645928 0.763398 0.000000 0.700543 0.713610 0.000000 0.700543 0.713610 0.000000 0.751332 0.659925 0.000000 0.751332 0.659925 0.000000 0.798017 0.602635 0.000000 0.798017 0.602635 0.000000 0.840344 0.542053 0.000000 0.840344 0.542053 0.000000 0.878081 0.478512 0.000000 0.878081 0.478512 0.000000 0.911023 0.412356 0.000000 0.911023 0.412356 0.000000 0.938988 0.343949 0.000000 0.938988 0.343949 0.000000 0.961826 0.273663 0.000000 0.961826 0.273663 0.000000 0.979410 0.201882 0.000000 0.979410 0.201882 0.000000 0.991645 0.128999 0.000000 0.991645 0.128999 0.000000 0.998464 0.055411 0.000000 0.998464 0.055411 0.000000 0.999829 -0.018479 0.000000 0.999829 -0.018479 0.000000 0.995734 -0.092268 0.000000 0.995734 -0.092268 0.000000 0.986201 -0.165554 0.000000 0.986201 -0.165554 0.000000 0.971281 -0.237935 0.000000 0.971281 -0.237935 0.000000 0.951057 -0.309017 0.000000 0.951057 -0.309017 0.000000 0.925638 -0.378411 0.000000 0.925638 -0.378411 0.000000 0.895163 -0.445738 0.000000 0.895163 -0.445738 0.000000 0.859800 -0.510631 0.000000 0.859800 -0.510631 0.000000 0.819740 -0.572735 0.000000 0.819740 -0.572735 0.000000 0.775204 -0.631711 0.000000 0.775204 -0.631711 0.000000 0.726434 -0.687237 0.000000 0.726434 -0.687237 0.000000 0.673696 -0.739009 0.000000 0.673696 -0.739009 0.000000 0.617278 -0.786745 0.000000 0.617278 -0.786745 0.000000 0.557489 -0.830184 0.000000 0.557489 -0.830184 0.000000 0.494656 -0.869089 0.000000 0.494656 -0.869089 0.000000 0.429121 -0.903247 0.000000 0.429121 -0.903247 0.000000 0.361242 -0.932472 0.000000 0.361242 -0.932472 0.000000 0.291390 -0.956604 0.000000 0.291390 -0.956604 0.000000 0.219946 -0.975512 0.000000 0.219946 -0.975512 0.000000 0.147302 -0.989092 0.000000 0.147302 -0.989092 0.000000 0.073853 -0.997269 -0.073853 0.997269 0.000000 -0.041945 0.999120 0.000000 -0.000000 1.000000 0.000000 0.001790 0.999998 0.000000 0.045277 0.998974 0.000000 -0.147302 0.989092 0.000000 -0.128704 0.991683 0.000000 -0.085518 0.996337 0.000000 -0.171510 0.985182 0.000000 -0.219946 0.975512 0.000000 -0.213936 0.976848 0.000000 -0.255984 0.966681 0.000000 -0.291390 0.956604 0.000000 -0.297653 0.954674 0.000000 -0.338939 0.940808 0.000000 -0.361242 0.932472 0.000000 -0.379787 0.925074 0.000000 -0.429121 0.903247 0.000000 -0.419735 0.907647 0.000000 -0.458683 0.888600 0.000000 -0.494656 0.869089 0.000000 -0.496637 0.867959 0.000000 -0.533599 0.845737 0.000000 -0.557489 0.830184 0.000000 -0.569568 0.821944 0.000000 -0.617278 0.786745 0.000000 -0.604533 0.796580 0.000000 -0.638483 0.769636 0.000000 -0.673696 0.739009 0.000000 -0.671288 0.741196 0.000000 -0.702484 0.711699 0.000000 -0.726434 0.687237 0.000000 -0.732045 0.681256 0.000000 -0.759998 0.649926 0.000000 -0.775204 0.631711 0.000000 -0.786362 0.617766 0.000000 -0.819740 0.572735 0.000000 -0.811155 0.584831 0.000000 -0.834388 0.551177 0.000000 -0.859800 0.510631 0.000000 -0.856061 0.516875 0.000000 -0.875897 0.482499 0.000000 -0.895163 0.445738 0.000000 -0.893849 0.448368 0.000000 -0.910025 0.414554 0.000000 -0.925638 0.378411 0.000000 -0.924523 0.381126 0.000000 -0.937437 0.348154 0.000000 -0.951057 0.309017 0.000000 -0.948856 0.315708 0.000000 -0.958814 0.284036 0.000000 -0.971281 0.237935 0.000000 -0.967323 0.253549 0.000000 -0.974527 0.224272 0.000000 -0.980559 0.196223 0.000000 -0.986201 0.165554 0.000000 -0.985543 0.169423 0.000000 -0.989593 0.143897 0.000000 -0.995734 0.092268 0.000000 -0.992805 0.119743 0.000000 -0.995266 0.097192 0.000000 -0.997089 0.076242 0.000000 -0.998381 0.056876 0.000000 -0.999829 0.018479 0.000000 -0.999236 0.039087 0.000000 -0.999738 0.022877 0.000000 -0.999966 0.008254 0.000000 -0.999989 -0.004722 -0.000000 -0.999873 -0.015957 -0.000000 -0.998464 -0.055411 -0.000000 -0.999675 -0.025474 -0.000000 -0.999446 -0.033292 -0.000000 -0.999223 -0.039419 -0.000000 -0.999038 -0.043856 -0.000000 -0.998914 -0.046593 -0.000000 -0.998866 -0.047612 -0.000000 -0.998522 -0.054353 -0.000000 -0.998900 -0.046897 -0.000000 -0.999011 -0.044461 -0.000000 -0.999187 -0.040327 -0.000000 -0.999405 -0.034504 -0.000000 -0.999636 -0.026994 -0.000000 -0.999842 -0.017792 -0.000000 -0.999808 0.019591 0.000000 -0.999976 -0.006882 -0.000000 -0.999983 0.005760 0.000000 -0.999798 0.020110 0.000000 -0.999350 0.036059 0.000000 -0.998563 0.053595 0.000000 -0.997353 0.072716 0.000000 -0.991774 -0.127999 -0.000000 -0.991645 -0.128999 -0.000000 -0.979603 -0.200945 -0.000000 -0.979410 -0.201882 -0.000000 -0.962073 -0.272792 -0.000000 -0.961826 -0.273663 -0.000000 -0.939282 -0.343147 -0.000000 -0.938988 -0.343949 -0.000000 -0.911353 -0.411626 -0.000000 -0.911023 -0.412356 -0.000000 -0.878440 -0.477853 -0.000000 -0.878081 -0.478512 -0.000000 -0.840722 -0.541466 -0.000000 -0.840344 -0.542053 -0.000000 -0.798407 -0.602118 -0.000000 -0.798017 -0.602635 -0.000000 -0.751724 -0.659477 -0.000000 -0.751332 -0.659925 -0.000000 -0.700931 -0.713230 -0.000000 -0.700543 -0.713610 -0.000000 -0.646303 -0.763081 -0.000000 -0.645928 -0.763398 -0.000000 -0.588141 -0.808758 -0.000000 -0.587785 -0.809017 -0.000000 -0.526762 -0.850013 -0.000000 -0.526432 -0.850217 -0.000000 -0.462502 -0.886618 -0.000000 -0.462204 -0.886774 -0.000000 -0.395713 -0.918374 -0.000000 -0.395451 -0.918487 -0.000000 -0.326759 -0.945108 -0.000000 -0.326539 -0.945184 -0.000000 -0.256018 -0.966672 -0.000000 -0.255843 -0.966718 -0.000000 -0.183877 -0.982949 -0.000000 -0.183750 -0.982973 -0.000000 -0.110730 -0.993851 -0.000000 -0.110653 -0.993859 -0.000000 -0.036977 -0.999316 -0.000000 -0.036951 -0.999317 -0.000000 0.036951 -0.999317 -0.000000 0.036977 -0.999316 -0.000000 0.110653 -0.993859 -0.000000 0.110730 -0.993851 -0.000000 0.183750 -0.982973 -0.000000 0.183877 -0.982949 -0.000000 0.255843 -0.966718 -0.000000 0.256018 -0.966672 -0.000000 0.326539 -0.945184 -0.000000 0.326759 -0.945108 -0.000000 0.395451 -0.918487 -0.000000 0.395713 -0.918374 -0.000000 0.462204 -0.886774 -0.000000 0.462502 -0.886618 -0.000000 0.526432 -0.850217 -0.000000 0.526762 -0.850013 -0.000000 0.587785 -0.809017 -0.000000 0.588141 -0.808758 -0.000000 0.645928 -0.763398 -0.000000 0.646303 -0.763081 -0.000000 0.700543 -0.713610 -0.000000 0.700931 -0.713230 -0.000000 0.751332 -0.659925 -0.000000 0.751724 -0.659477 -0.000000 0.798017 -0.602635 -0.000000 0.798407 -0.602118 -0.000000 0.840344 -0.542053 -0.000000 0.840722 -0.541466 -0.000000 0.878081 -0.478512 -0.000000 0.878440 -0.477853 -0.000000 0.911023 -0.412356 -0.000000 0.911353 -0.411626 -0.000000 0.938988 -0.343949 -0.000000 0.939282 -0.343147 -0.000000 0.961826 -0.273663 -0.000000 0.962073 -0.272792 -0.000000 0.979410 -0.201882 -0.000000 0.979603 -0.200945 -0.000000 0.991645 -0.128999 -0.000000 0.991774 -0.127999 -0.000000 0.998464 -0.055411 -0.000000 0.998522 -0.054353 -0.000000 0.998866 -0.047614 -0.000000 0.998900 -0.046885 -0.000000 0.999829 0.018479 0.000000 0.999867 -0.016321 -0.000000 0.999667 -0.025802 -0.000000 0.999437 -0.033557 -0.000000 0.995734 0.092268 0.000000 0.998448 0.055696 0.000000 0.999273 0.038118 0.000000 0.999755 0.022121 0.000000 0.986201 0.165554 0.000000 0.993011 0.118018 0.000000 0.995417 0.095628 0.000000 0.997194 0.074862 0.000000 0.971281 0.237935 0.000000 0.981043 0.193792 0.000000 0.985909 0.167282 0.000000 0.989867 0.142000 0.000000 0.951057 0.309017 0.000000 0.959881 0.280407 0.000000 0.968148 0.250380 0.000000 0.975160 0.221500 0.000000 0.925638 0.378411 0.000000 0.939035 0.343822 0.000000 0.950226 0.311561 0.000000 0.895163 0.445738 0.000000 0.911874 0.410469 0.000000 0.926223 0.376977 0.000000 0.859800 0.510631 0.000000 0.878311 0.478089 0.000000 0.895929 0.444198 0.000000 0.819740 0.572735 0.000000 0.837748 0.546058 0.000000 0.858945 0.512067 0.000000 0.775204 0.631711 0.000000 0.789762 0.613413 0.000000 0.814629 0.579982 0.000000 0.763369 0.645963 0.000000 0.726434 0.687237 0.000000 0.735446 0.677583 0.000000 0.705985 0.708227 0.000000 0.673696 0.739009 0.000000 0.674971 0.737845 0.000000 0.642385 0.766382 0.000000 0.617278 0.786745 0.000000 0.608487 0.793564 0.000000 0.573530 0.819185 0.000000 0.557489 0.830184 0.000000 0.537527 0.843246 0.000000 0.494656 0.869089 0.000000 0.500485 0.865745 0.000000 0.462406 0.886668 0.000000 0.429121 0.903247 0.000000 0.423284 0.905997 0.000000 0.383194 0.923668 0.000000 0.361242 0.932472 0.000000 0.342400 0.939554 0.000000 0.291390 0.956604 0.000000 0.300925 0.953648 0.000000 0.258949 0.965891 0.000000 0.219946 0.975512 0.000000 0.216717 0.976235 0.000000 0.174231 0.984705 0.000000 0.147302 0.989092 0.000000 0.131496 0.991317 0.000000 0.073853 0.997269 0.000000 0.088512 0.996075 0.000000 0.999970 0.007706 0.000000 0.999987 -0.005116 -0.000000 0.999215 -0.039608 -0.000000 0.999033 -0.043967 -0.000000 0.998912 -0.046637 -0.000000 0.999013 -0.044427 -0.000000 0.999190 -0.040252 -0.000000 0.999409 -0.034389 -0.000000 0.999639 -0.026852 -0.000000 0.999844 -0.017648 -0.000000 0.999808 0.019591 0.000000 0.999977 -0.006772 -0.000000 0.999983 0.005786 0.000000 0.999799 0.020047 0.000000 0.999351 0.036019 0.000000 0.998563 0.053586 0.000000 0.997352 0.072722 0.000000 0.995626 0.093427 0.000000 1.000000 0.000000 0.000000 1.000000 0.000000 0.000000 1.000000 0.000000 0.000000 1.000000 0.000000 0.000000 1.000000 0.000000 0.000000 1.000000 0.000000 0.000000 1.000000 0.000000 0.000000 1.000000 0.000000 0.000000 1.000000 0.000000 0.000000 1.000000 0.000000 0.000000 1.000000 0.000000 0.000000 1.000000 0.000000 0.000000 1.000000 0.000000 0.000000 1.000000 0.000000 0.000000 1.000000 0.000000 0.000000 1.000000 0.000000 0.000000 1.000000 0.000000 0.000000 1.000000 0.000000 0.000000 1.000000 0.000000 0.000000 1.000000 0.000000 0.000000 1.000000 0.000000 0.000000 1.000000 0.000000 0.000000 1.000000 0.000000 0.000000 1.000000 0.000000 0.000000 1.000000 0.000000 0.000000 1.000000 0.000000 0.000000 1.000000 0.000000 0.000000 1.000000 0.000000 0.000000 1.000000 0.000000 0.000000 1.000000 0.000000 0.000000 1.000000 0.000000 0.000000 1.000000 0.000000 0.000000 1.000000 0.000000 0.000000 1.000000 0.000000 0.000000 1.000000 0.000000 0.000000 1.000000 0.000000 0.000000 1.000000 0.000000 0.000000 1.000000 0.000000 0.000000 1.000000 0.000000 0.000000 1.000000 0.000000 0.000000 1.000000 0.000000 0.000000 1.000000 0.000000 0.000000 1.000000 0.000000 0.000000 1.000000 0.000000 0.000000 1.000000 0.000000 0.000000 1.000000 0.000000 0.000000 1.000000 0.000000 0.000000 1.000000 0.000000 0.000000 1.000000 0.000000 0.000000 1.000000 0.000000 0.000000 1.000000 0.000000 0.000000 1.000000 0.000000 0.000000 1.000000 0.000000 0.000000 1.000000 0.000000 0.000000 1.000000 0.000000 0.000000 1.000000 0.000000 0.000000 1.000000 0.000000 0.000000 1.000000 0.000000 0.000000 1.000000 0.000000 0.000000 1.000000 0.000000 0.000000 1.000000 0.000000 0.000000 1.000000 0.000000 0.000000 1.000000 0.000000 0.000000 1.000000 0.000000 0.000000 1.000000 0.000000 0.000000 1.000000 0.000000 0.000000 1.000000 0.000000 0.000000 1.000000 0.000000 0.000000 1.000000 0.000000 0.000000 1.000000 0.000000 0.000000 1.000000 0.000000 0.000000 1.000000 0.000000 0.000000 1.000000 0.000000 0.000000 1.000000 0.000000 0.000000 1.000000 0.000000 0.000000 1.000000 0.000000 0.000000 1.000000 0.000000 0.000000 1.000000 0.000000 0.000000 1.000000 0.000000 0.000000 1.000000 0.000000 0.000000 1.000000 0.000000 0.000000 1.000000 0.000000 0.000000 1.000000 0.000000 0.000000 1.000000 0.000000 0.000000</float_array>
          <technique_common>
            <accessor source="#Arm02-mesh-normals-array" count="3633" stride="3">
              <param name="X" type="float"/>
              <param name="Y" type="float"/>
              <param name="Z" type="float"/>
            </accessor>
          </technique_common>
        </source>
        <vertices id="Arm02-mesh-vertices">
          <input semantic="POSITION" source="#Arm02-mesh-positions"/>
        </vertices>
        <triangles material="Steel_-_Satin" count="4109">
          <input semantic="VERTEX" source="#Arm02-mesh-vertices" offset="0"/>
          <input semantic="NORMAL" source="#Arm02-mesh-normals" offset="1"/>
          <p>1 0 41 1 0 2 0 2 41 1 42 3 0 2 42 3 83 4 83 4 42 3 43 5 83 4 43 5 82 6 82 6 43 5 44 7 82 6 44 7 81 8 81 8 44 7 45 9 81 8 45 9 80 10 80 10 45 9 46 11 80 10 46 11 79 12 79 12 46 11 47 13 79 12 47 13 78 14 78 14 47 13 48 15 78 14 48 15 77 16 77 16 48 15 49 17 77 16 49 17 76 18 76 18 49 17 50 19 76 18 50 19 75 20 75 20 50 19 51 21 75 20 51 21 74 22 74 22 51 21 52 23 74 22 52 23 73 24 73 24 52 23 53 25 73 24 53 25 72 26 72 26 53 25 54 27 72 26 54 27 71 28 71 28 54 27 55 29 71 28 55 29 70 30 70 30 55 29 56 31 70 30 56 31 69 32 69 32 56 31 57 33 69 32 57 33 68 34 68 34 57 33 58 35 68 34 58 35 67 36 67 36 58 35 59 37 67 36 59 37 66 38 66 38 59 37 60 39 66 38 60 39 65 40 65 40 60 39 61 41 65 40 61 41 64 42 64 42 61 41 62 43 64 42 62 43 63 44 41 1 1 0 40 45 40 45 1 0 2 46 40 45 2 46 39 47 39 47 2 46 3 48 39 47 3 48 38 49 38 49 3 48 4 50 38 49 4 50 37 51 37 51 4 50 5 52 37 51 5 52 36 53 36 53 5 52 6 54 36 53 6 54 35 55 35 55 6 54 7 56 35 55 7 56 34 57 34 57 7 56 8 58 34 57 8 58 33 59 33 59 8 58 9 60 33 59 9 60 32 61 32 61 9 60 10 62 32 61 10 62 31 63 31 63 10 62 11 64 31 63 11 64 30 65 30 65 11 64 12 66 30 65 12 66 29 67 29 67 12 66 13 68 29 67 13 68 28 69 28 69 13 68 14 70 28 69 14 70 27 71 27 71 14 70 15 72 27 71 15 72 26 73 26 73 15 72 16 74 26 73 16 74 25 75 25 75 16 74 17 76 25 75 17 76 24 77 24 77 17 76 18 78 24 77 18 78 23 79 23 79 18 78 19 80 23 79 19 80 22 81 22 81 19 80 20 82 22 81 20 82 21 83 85 84 126 85 84 86 84 86 126 85 127 87 84 86 127 87 168 88 168 88 127 87 128 89 168 88 128 89 167 90 167 90 128 89 129 91 167 90 129 91 166 92 166 92 129 91 130 93 166 92 130 93 165 94 165 94 130 93 131 95 165 94 131 95 164 96 164 96 131 95 132 97 164 96 132 97 163 98 163 98 132 97 133 99 163 98 133 99 162 100 162 100 133 99 134 101 162 100 134 101 161 102 161 102 134 101 135 103 161 102 135 103 160 104 160 104 135 103 136 105 160 104 136 105 159 106 159 106 136 105 137 107 159 106 137 107 158 108 158 108 137 107 138 109 158 108 138 109 157 110 157 110 138 109 139 111 157 110 139 111 156 112 156 112 139 111 140 113 156 112 140 113 155 114 155 114 140 113 141 115 155 114 141 115 154 116 154 116 141 115 142 117 154 116 142 117 153 118 153 118 142 117 143 119 153 118 143 119 152 120 152 120 143 119 144 121 152 120 144 121 151 122 151 122 144 121 145 123 151 122 145 123 150 124 150 124 145 123 146 125 150 124 146 125 149 126 149 126 146 125 147 127 149 126 147 127 148 128 126 85 85 84 125 129 125 129 85 84 86 130 125 129 86 130 124 131 124 131 86 130 87 132 124 131 87 132 88 133 88 133 89 134 124 131 124 131 89 134 90 135 124 131 90 135 91 136 91 136 92 137 124 131 124 131 92 137 93 138 124 131 93 138 94 139 94 139 95 140 124 131 124 131 95 140 96 141 124 131 96 141 97 142 97 142 98 143 124 131 124 131 98 143 99 144 124 131 99 144 100 145 100 145 101 146 124 131 124 131 101 146 102 147 124 131 102 147 103 148 103 148 104 149 124 131 124 131 104 149 105 150 124 131 105 150 106 151 106 151 107 152 124 131 124 131 107 152 108 153 124 131 108 153 109 154 109 154 110 155 124 131 124 131 110 155 111 156 124 131 111 156 112 157 112 157 113 158 124 131 124 131 113 158 114 159 124 131 114 159 115 160 115 160 116 161 124 131 124 131 116 161 117 162 124 131 117 162 118 163 118 163 119 164 124 131 124 131 119 164 120 165 124 131 120 165 121 166 121 166 122 167 124 131 124 131 122 167 123 168 329 404 330 405 359 406 359 406 330 405 362 407 359 406 362 407 363 408 363 408 362 407 370 409 363 408 370 409 371 410 371 410 370 409 379 411 371 410 379 411 380 412 380 412 379 411 387 413 380 412 387 413 388 414 388 414 387 413 397 415 388 414 397 415 398 416 398 416 397 415 406 417 398 416 406 417 407 418 407 418 406 417 425 419 407 418 425 419 424 420 424 420 425 419 418 421 424 420 418 421 419 422 419 422 418 421 342 423 419 422 342 423 343 424 362 407 330 405 369 425 369 425 330 405 331 426 369 425 331 426 377 427 377 427 331 426 332 428 377 427 332 428 384 429 384 429 332 428 333 430 384 429 333 430 393 431 393 431 333 430 334 432 393 431 334 432 360 433 360 433 334 432 335 434 360 433 335 434 431 435 431 435 335 434 411 436 431 435 411 436 412 437 412 437 411 436 337 438 412 437 337 438 338 439 335 434 336 440 411 436 411 436 336 440 337 438 339 441 414 442 338 439 338 439 414 442 413 443 338 439 413 443 412 437 412 437 413 443 430 444 412 437 430 444 431 435 431 435 430 444 360 433 414 442 339 441 415 445 415 445 339 441 340 446 415 445 340 446 416 447 416 447 340 446 417 448 416 447 417 448 426 449 426 449 417 448 425 419 426 449 425 419 406 417 340 446 341 450 417 448 417 448 341 450 418 421 417 448 418 421 425 419 341 450 342 423 418 421 419 422 343 424 420 451 420 451 343 424 344 452 420 451 344 452 345 453 420 451 345 453 421 454 421 454 345 453 346 455 421 454 346 455 348 456 348 456 346 455 347 457 348 456 349 458 421 454 421 454 349 458 420 451 350 459 410 460 349 458 349 458 410 460 422 461 349 458 422 461 420 451 420 451 422 461 423 462 420 451 423 462 419 422 419 422 423 462 424 420 351 463 392 464 350 459 350 459 392 464 401 465 350 459 401 465 410 460 410 460 401 465 409 466 410 460 409 466 422 461 422 461 409 466 423 462 352 467 368 468 351 463 351 463 368 468 376 469 351 463 376 469 361 470 361 470 376 469 375 471 361 470 375 471 383 472 383 472 375 471 374 473 383 472 374 473 382 474 382 474 374 473 373 475 382 474 373 475 381 476 381 476 373 475 372 477 381 476 372 477 380 412 380 412 372 477 371 410 352 467 353 478 368 468 368 468 353 478 367 479 368 468 367 479 375 471 375 471 367 479 374 473 353 478 354 480 367 479 367 479 354 480 366 481 367 479 366 481 374 473 374 473 366 481 373 475 354 480 355 482 366 481 366 481 355 482 356 483 366 481 356 483 365 484 365 484 356 483 364 485 365 484 364 485 372 477 372 477 364 485 371 410 356 483 357 486 364 485 364 485 357 486 363 408 364 485 363 408 371 410 357 486 358 487 363 408 363 408 358 487 359 406 392 464 351 463 361 470 373 475 366 481 365 484 373 475 365 484 372 477 376 469 368 468 375 471 362 407 369 425 370 409 370 409 369 425 378 488 370 409 378 488 379 411 379 411 378 488 386 489 379 411 386 489 387 413 387 413 386 489 396 490 387 413 396 490 397 415 397 415 396 490 405 491 397 415 405 491 406 417 406 417 405 491 426 449 369 425 377 427 378 488 378 488 377 427 385 492 378 488 385 492 386 489 386 489 385 492 395 493 386 489 395 493 396 490 396 490 395 493 404 494 396 490 404 494 405 491 405 491 404 494 427 495 405 491 427 495 426 449 426 449 427 495 416 447 380 412 388 414 381 476 381 476 388 414 389 496 381 476 389 496 382 474 382 474 389 496 390 497 382 474 390 497 383 472 383 472 390 497 391 498 383 472 391 498 361 470 361 470 391 498 392 464 377 427 384 429 385 492 385 492 384 429 394 499 385 492 394 499 395 493 395 493 394 499 403 500 395 493 403 500 404 494 404 494 403 500 428 501 404 494 428 501 427 495 427 495 428 501 415 445 427 495 415 445 416 447 388 414 398 416 389 496 389 496 398 416 399 502 389 496 399 502 390 497 390 497 399 502 400 503 390 497 400 503 391 498 391 498 400 503 401 465 391 498 401 465 392 464 384 429 393 431 394 499 394 499 393 431 402 504 394 499 402 504 403 500 403 500 402 504 429 505 403 500 429 505 428 501 428 501 429 505 414 442 428 501 414 442 415 445 398 416 407 418 399 502 399 502 407 418 408 506 399 502 408 506 400 503 400 503 408 506 409 466 400 503 409 466 401 465 393 431 360 433 402 504 402 504 360 433 430 444 402 504 430 444 429 505 429 505 430 444 413 443 429 505 413 443 414 442 423 462 409 466 408 506 423 462 408 506 424 420 424 420 408 506 407 418 526 507 432 508 527 509 527 509 432 508 433 510 527 509 433 510 602 511 602 511 433 510 434 512 602 511 434 512 677 513 677 513 434 512 435 514 677 513 435 514 752 515 752 515 435 514 436 516 752 515 436 516 827 517 827 517 436 516 437 518 827 517 437 518 902 519 902 519 437 518 438 520 902 519 438 520 977 521 977 521 438 520 439 522 977 521 439 522 440 523 977 521 440 523 978 524 978 524 440 523 441 525 978 524 441 525 979 526 979 526 441 525 980 527 979 526 980 527 904 528 904 528 980 527 905 529 904 528 905 529 829 530 829 530 905 529 830 531 829 530 830 531 754 532 754 532 830 531 755 533 754 532 755 533 679 534 679 534 755 533 680 535 679 534 680 535 604 536 604 536 680 535 605 537 604 536 605 537 529 538 529 538 605 537 530 539 529 538 530 539 525 540 525 540 530 539 524 541 524 541 530 539 531 542 524 541 531 542 523 543 523 543 531 542 532 544 523 543 532 544 533 545 533 545 532 544 608 546 533 545 608 546 609 547 609 547 608 546 684 548 609 547 684 548 685 549 685 549 684 548 760 550 685 549 760 550 761 551 761 551 760 550 836 552 761 551 836 552 837 553 837 553 836 552 912 554 837 553 912 554 913 555 913 555 912 554 988 556 913 555 988 556 989 557 989 557 988 556 447 558 989 557 447 558 448 559 441 525 442 560 980 527 980 527 442 560 981 561 980 527 981 561 905 529 905 529 981 561 906 562 905 529 906 562 830 531 830 531 906 562 831 563 830 531 831 563 755 533 755 533 831 563 756 564 755 533 756 564 680 535 680 535 756 564 681 565 680 535 681 565 605 537 605 537 681 565 606 566 605 537 606 566 530 539 530 539 606 566 531 542 442 560 443 567 981 561 981 561 443 567 982 568 981 561 982 568 906 562 906 562 982 568 907 569 906 562 907 569 831 563 831 563 907 569 832 570 831 563 832 570 756 564 756 564 832 570 757 571 756 564 757 571 681 565 681 565 757 571 682 572 681 565 682 572 606 566 606 566 682 572 607 573 606 566 607 573 531 542 531 542 607 573 532 544 443 567 444 574 982 568 982 568 444 574 983 575 982 568 983 575 907 569 907 569 983 575 908 576 907 569 908 576 832 570 832 570 908 576 833 577 832 570 833 577 757 571 757 571 833 577 758 578 757 571 758 578 682 572 682 572 758 578 683 579 682 572 683 579 607 573 607 573 683 579 608 546 607 573 608 546 532 544 983 575 444 574 984 580 984 580 444 574 445 581 984 580 445 581 985 582 985 582 445 581 986 583 985 582 986 583 910 584 910 584 986 583 911 585 910 584 911 585 835 586 835 586 911 585 836 552 835 586 836 552 760 550 445 581 446 587 986 583 986 583 446 587 987 588 986 583 987 588 911 585 911 585 987 588 912 554 911 585 912 554 836 552 446 587 447 558 987 588 987 588 447 558 988 556 987 588 988 556 912 554 449 589 991 590 448 559 448 559 991 590 990 591 448 559 990 591 989 557 989 557 990 591 914 592 989 557 914 592 913 555 913 555 914 592 838 593 913 555 838 593 837 553 837 553 838 593 762 594 837 553 762 594 761 551 761 551 762 594 686 595 761 551 686 595 685 549 685 549 686 595 610 596 685 549 610 596 609 547 609 547 610 596 534 597 609 547 534 597 533 545 533 545 534 597 522 598 533 545 522 598 523 543 450 599 993 600 449 589 449 589 993 600 992 601 449 589 992 601 991 590 991 590 992 601 916 602 991 590 916 602 915 603 915 603 916 602 840 604 915 603 840 604 839 605 839 605 840 604 764 606 839 605 764 606 763 607 763 607 764 606 688 608 763 607 688 608 687 609 687 609 688 608 612 610 687 609 612 610 611 611 611 611 612 610 536 612 611 611 536 612 535 613 535 613 536 612 521 614 535 613 521 614 534 597 534 597 521 614 522 598 993 600 450 599 994 615 994 615 450 599 451 616 994 615 451 616 995 617 995 617 451 616 996 618 995 617 996 618 920 619 920 619 996 618 921 620 920 619 921 620 845 621 845 621 921 620 846 622 845 621 846 622 770 623 770 623 846 622 771 624 770 623 771 624 695 625 695 625 771 624 696 626 695 625 696 626 620 627 620 627 696 626 621 628 620 627 621 628 545 629 545 629 621 628 546 630 545 629 546 630 515 631 515 631 546 630 547 632 515 631 547 632 514 633 514 633 547 632 548 634 514 633 548 634 513 635 513 635 548 634 549 636 513 635 549 636 550 637 550 637 549 636 625 638 550 637 625 638 626 639 626 639 625 638 701 640 626 639 701 640 702 641 702 641 701 640 777 642 702 641 777 642 778 643 778 643 777 642 853 644 778 643 853 644 854 645 854 645 853 644 929 646 854 645 929 646 930 647 930 647 929 646 1005 648 930 647 1005 648 1006 649 1006 649 1005 648 457 650 1006 649 457 650 1007 651 1007 651 457 650 458 652 1007 651 458 652 1008 653 1008 653 458 652 459 654 1008 653 459 654 1009 655 1009 655 459 654 1010 656 1009 655 1010 656 934 657 934 657 1010 656 935 658 934 657 935 658 859 659 859 659 935 658 860 660 859 659 860 660 784 661 784 661 860 660 785 662 784 661 785 662 709 663 709 663 785 662 710 664 709 663 710 664 634 665 634 665 710 664 635 666 634 665 635 666 559 667 559 667 635 666 560 668 559 667 560 668 507 669 507 669 560 668 561 670 507 669 561 670 506 671 506 671 561 670 562 672 506 671 562 672 563 673 563 673 562 672 638 674 563 673 638 674 639 675 639 675 638 674 714 676 639 675 714 676 715 677 715 677 714 676 790 678 715 677 790 678 791 679 791 679 790 678 866 680 791 679 866 680 867 681 867 681 866 680 942 682 867 681 942 682 943 683 943 683 942 682 1018 684 943 683 1018 684 1019 685 1019 685 1018 684 464 686 1019 685 464 686 465 687 451 616 452 688 996 618 996 618 452 688 997 689 996 618 997 689 921 620 921 620 997 689 922 690 921 620 922 690 846 622 846 622 922 690 847 691 846 622 847 691 771 624 771 624 847 691 772 692 771 624 772 692 696 626 696 626 772 692 697 693 696 626 697 693 621 628 621 628 697 693 622 694 621 628 622 694 546 630 546 630 622 694 547 632 997 689 452 688 998 695 998 695 452 688 453 696 998 695 453 696 999 697 999 697 453 696 1000 698 999 697 1000 698 924 699 924 699 1000 698 925 700 924 699 925 700 849 701 849 701 925 700 850 702 849 701 850 702 774 703 774 703 850 702 775 704 774 703 775 704 699 705 699 705 775 704 700 706 699 705 700 706 624 707 624 707 700 706 625 638 624 707 625 638 549 636 453 696 454 708 1000 698 1000 698 454 708 1001 709 1000 698 1001 709 925 700 925 700 1001 709 926 710 925 700 926 710 850 702 850 702 926 710 851 711 850 702 851 711 775 704 775 704 851 711 776 712 775 704 776 712 700 706 700 706 776 712 701 640 700 706 701 640 625 638 454 708 455 713 1001 709 1001 709 455 713 1002 714 1001 709 1002 714 926 710 926 710 1002 714 927 715 926 710 927 715 851 711 851 711 927 715 852 716 851 711 852 716 776 712 776 712 852 716 777 642 776 712 777 642 701 640 1002 714 455 713 1003 717 1003 717 455 713 456 718 1003 717 456 718 1004 719 1004 719 456 718 1005 648 1004 719 1005 648 929 646 456 718 457 650 1005 648 459 654 460 720 1010 656 1010 656 460 720 1011 721 1010 656 1011 721 935 658 935 658 1011 721 936 722 935 658 936 722 860 660 860 660 936 722 861 723 860 660 861 723 785 662 785 662 861 723 786 724 785 662 786 724 710 664 710 664 786 724 711 725 710 664 711 725 635 666 635 666 711 725 636 726 635 666 636 726 560 668 560 668 636 726 561 670 1011 721 460 720 1012 727 1012 727 460 720 461 728 1012 727 461 728 1013 729 1013 729 461 728 1014 730 1013 729 1014 730 938 731 938 731 1014 730 939 732 938 731 939 732 863 733 863 733 939 732 864 734 863 733 864 734 788 735 788 735 864 734 789 736 788 735 789 736 713 737 713 737 789 736 714 676 713 737 714 676 638 674 461 728 462 738 1014 730 1014 730 462 738 1015 739 1014 730 1015 739 939 732 939 732 1015 739 940 740 939 732 940 740 864 734 864 734 940 740 865 741 864 734 865 741 789 736 789 736 865 741 790 678 789 736 790 678 714 676 462 738 463 742 1015 739 1015 739 463 742 1016 743 1015 739 1016 743 940 740 940 740 1016 743 941 744 940 740 941 744 865 741 865 741 941 744 866 680 865 741 866 680 790 678 1016 743 463 742 1017 745 1017 745 463 742 464 686 1017 745 464 686 1018 684 466 746 1021 747 465 687 465 687 1021 747 1020 748 465 687 1020 748 1019 685 1019 685 1020 748 944 749 1019 685 944 749 943 683 943 683 944 749 868 750 943 683 868 750 867 681 867 681 868 750 792 751 867 681 792 751 791 679 791 679 792 751 716 752 791 679 716 752 715 677 715 677 716 752 640 753 715 677 640 753 639 675 639 675 640 753 564 754 639 675 564 754 563 673 563 673 564 754 505 755 563 673 505 755 506 671 1021 747 466 746 1022 756 1022 756 466 746 467 757 1022 756 467 757 1023 758 1023 758 467 757 1024 759 1023 758 1024 759 948 760 948 760 1024 759 949 761 948 760 949 761 873 762 873 762 949 761 874 763 873 762 874 763 798 764 798 764 874 763 799 765 798 764 799 765 723 766 723 766 799 765 724 767 723 766 724 767 648 768 648 768 724 767 649 769 648 768 649 769 573 770 573 770 649 769 574 771 573 770 574 771 499 772 499 772 574 771 575 773 499 772 575 773 498 774 498 774 575 773 576 775 498 774 576 775 577 776 577 776 576 775 652 777 577 776 652 777 653 778 653 778 652 777 728 779 653 778 728 779 729 780 729 780 728 779 804 781 729 780 804 781 805 782 805 782 804 781 880 783 805 782 880 783 881 784 881 784 880 783 956 785 881 784 956 785 957 786 957 786 956 785 1032 787 957 786 1032 787 1033 788 1033 788 1032 787 472 789 1033 788 472 789 473 790 467 757 468 791 1024 759 1024 759 468 791 1025 792 1024 759 1025 792 949 761 949 761 1025 792 950 793 949 761 950 793 874 763 874 763 950 793 875 794 874 763 875 794 799 765 799 765 875 794 800 795 799 765 800 795 724 767 724 767 800 795 725 796 724 767 725 796 649 769 649 769 725 796 650 797 649 769 650 797 574 771 574 771 650 797 575 773 1025 792 468 791 1026 798 1026 798 468 791 469 799 1026 798 469 799 1027 800 1027 800 469 799 1028 801 1027 800 1028 801 952 802 952 802 1028 801 953 803 952 802 953 803 877 804 877 804 953 803 878 805 877 804 878 805 802 806 802 806 878 805 803 807 802 806 803 807 727 808 727 808 803 807 728 779 727 808 728 779 652 777 469 799 470 809 1028 801 1028 801 470 809 1029 810 1028 801 1029 810 953 803 953 803 1029 810 954 811 953 803 954 811 878 805 878 805 954 811 879 812 878 805 879 812 803 807 803 807 879 812 804 781 803 807 804 781 728 779 470 809 471 813 1029 810 1029 810 471 813 1030 814 1029 810 1030 814 954 811 954 811 1030 814 955 815 954 811 955 815 879 812 879 812 955 815 880 783 879 812 880 783 804 781 1030 814 471 813 1031 816 1031 816 471 813 472 789 1031 816 472 789 1032 787 1033 788 473 790 1034 817 1034 817 473 790 474 818 1034 817 474 818 1035 819 1035 819 474 818 1036 820 1035 819 1036 820 960 821 960 821 1036 820 961 822 960 821 961 822 885 823 885 823 961 822 886 824 885 823 886 824 810 825 810 825 886 824 811 826 810 825 811 826 735 827 735 827 811 826 736 828 735 827 736 828 660 829 660 829 736 828 661 830 660 829 661 830 585 831 585 831 661 830 586 832 585 831 586 832 493 833 493 833 586 832 492 834 492 834 586 832 587 835 492 834 587 835 588 836 588 836 587 835 663 837 588 836 663 837 664 838 664 838 663 837 739 839 664 838 739 839 740 840 740 840 739 839 815 841 740 840 815 841 816 842 816 842 815 841 891 843 816 842 891 843 892 844 892 844 891 843 967 845 892 844 967 845 968 846 968 846 967 845 1043 847 968 846 1043 847 1044 848 1044 848 1043 847 479 849 1044 848 479 849 1045 850 1045 850 479 849 480 851 1045 850 480 851 1046 852 1046 852 480 851 1047 853 1046 852 1047 853 971 854 971 854 1047 853 972 855 971 854 972 855 896 856 896 856 972 855 897 857 896 856 897 857 821 858 821 858 897 857 822 859 821 858 822 859 746 860 746 860 822 859 747 861 746 860 747 861 671 862 671 862 747 861 672 863 671 862 672 863 596 864 596 864 672 863 597 865 596 864 597 865 487 866 487 866 597 865 486 867 486 867 597 865 598 868 486 867 598 868 485 869 485 869 598 868 599 870 485 869 599 870 600 871 600 871 599 870 675 872 600 871 675 872 676 873 676 873 675 872 751 874 676 873 751 874 331 875 331 875 751 874 332 876 332 876 751 874 826 877 332 876 826 877 333 878 333 878 826 877 901 879 333 878 901 879 334 880 334 880 901 879 976 881 334 880 976 881 335 882 335 882 976 881 1051 883 335 882 1051 883 336 884 336 884 1051 883 483 885 483 885 1051 883 1050 886 483 885 1050 886 482 887 482 887 1050 886 1049 888 482 887 1049 888 1048 889 1048 889 1049 888 973 890 1048 889 973 890 972 855 972 855 973 890 897 857 474 818 475 891 1036 820 1036 820 475 891 1037 892 1036 820 1037 892 961 822 961 822 1037 892 962 893 961 822 962 893 886 824 886 824 962 893 887 894 886 824 887 894 811 826 811 826 887 894 812 895 811 826 812 895 736 828 736 828 812 895 737 896 736 828 737 896 661 830 661 830 737 896 662 897 661 830 662 897 586 832 586 832 662 897 587 835 1037 892 475 891 1038 898 1038 898 475 891 476 899 1038 898 476 899 1039 900 1039 900 476 899 1040 901 1039 900 1040 901 964 902 964 902 1040 901 965 903 964 902 965 903 889 904 889 904 965 903 890 905 889 904 890 905 814 906 814 906 890 905 815 841 814 906 815 841 739 839 476 899 477 907 1040 901 1040 901 477 907 1041 908 1040 901 1041 908 965 903 965 903 1041 908 966 909 965 903 966 909 890 905 890 905 966 909 891 843 890 905 891 843 815 841 477 907 478 910 1041 908 1041 908 478 910 1042 911 1041 908 1042 911 966 909 966 909 1042 911 967 845 966 909 967 845 891 843 1042 911 478 910 1043 847 1043 847 478 910 479 849 480 851 481 912 1047 853 1047 853 481 912 1048 889 1047 853 1048 889 972 855 481 912 482 887 1048 889 331 875 330 913 676 873 676 873 330 913 601 914 676 873 601 914 600 871 600 871 601 914 484 915 600 871 484 915 485 869 330 913 329 404 601 914 601 914 329 404 484 915 596 864 487 866 595 916 595 916 487 866 488 917 595 916 488 917 594 918 594 918 488 917 593 919 594 918 593 919 669 920 669 920 593 919 668 921 669 920 668 921 744 922 744 922 668 921 743 923 744 922 743 923 819 924 819 924 743 923 818 925 819 924 818 925 894 926 894 926 818 925 893 927 894 926 893 927 969 928 969 928 893 927 968 846 969 928 968 846 1044 848 488 917 489 929 593 919 593 919 489 929 592 930 593 919 592 930 668 921 668 921 592 930 667 931 668 921 667 931 743 923 743 923 667 931 742 932 743 923 742 932 818 925 818 925 742 932 817 933 818 925 817 933 893 927 893 927 817 933 892 844 893 927 892 844 968 846 592 930 489 929 591 934 591 934 489 929 490 935 591 934 490 935 590 936 590 936 490 935 589 937 590 936 589 937 665 938 665 938 589 937 664 838 665 938 664 838 740 840 490 935 491 939 589 937 589 937 491 939 588 836 589 937 588 836 664 838 491 939 492 834 588 836 585 831 493 833 584 940 584 940 493 833 494 941 584 940 494 941 583 942 583 942 494 941 582 943 583 942 582 943 658 944 658 944 582 943 657 945 658 944 657 945 733 946 733 946 657 945 732 947 733 946 732 947 808 948 808 948 732 947 807 949 808 948 807 949 883 950 883 950 807 949 882 951 883 950 882 951 958 952 958 952 882 951 957 786 958 952 957 786 1033 788 494 941 495 953 582 943 582 943 495 953 581 954 582 943 581 954 657 945 657 945 581 954 656 955 657 945 656 955 732 947 732 947 656 955 731 956 732 947 731 956 807 949 807 949 731 956 806 957 807 949 806 957 882 951 882 951 806 957 881 784 882 951 881 784 957 786 495 953 496 958 581 954 581 954 496 958 580 959 581 954 580 959 656 955 656 955 580 959 655 960 656 955 655 960 731 956 731 956 655 960 730 961 731 956 730 961 806 957 806 957 730 961 805 782 806 957 805 782 881 784 580 959 496 958 579 962 579 962 496 958 497 963 579 962 497 963 578 964 578 964 497 963 577 776 578 964 577 776 653 778 497 963 498 774 577 776 499 772 500 965 573 770 573 770 500 965 572 966 573 770 572 966 648 768 648 768 572 966 647 967 648 768 647 967 723 766 723 766 647 967 722 968 723 766 722 968 798 764 798 764 722 968 797 969 798 764 797 969 873 762 873 762 797 969 872 970 873 762 872 970 948 760 948 760 872 970 947 971 948 760 947 971 1023 758 1023 758 947 971 1022 756 500 965 501 972 572 966 572 966 501 972 571 973 572 966 571 973 647 967 647 967 571 973 646 974 647 967 646 974 722 968 722 968 646 974 721 975 722 968 721 975 797 969 797 969 721 975 796 976 797 969 796 976 872 970 872 970 796 976 871 977 872 970 871 977 947 971 947 971 871 977 946 978 947 971 946 978 1022 756 1022 756 946 978 1021 747 571 973 501 972 570 979 570 979 501 972 502 980 570 979 502 980 569 981 569 981 502 980 568 982 569 981 568 982 644 983 644 983 568 982 643 984 644 983 643 984 719 985 719 985 643 984 718 986 719 985 718 986 794 987 794 987 718 986 793 988 794 987 793 988 869 989 869 989 793 988 868 750 869 989 868 750 944 749 502 980 503 990 568 982 568 982 503 990 567 991 568 982 567 991 643 984 643 984 567 991 642 992 643 984 642 992 718 986 718 986 642 992 717 993 718 986 717 993 793 988 793 988 717 993 792 751 793 988 792 751 868 750 567 991 503 990 566 994 566 994 503 990 504 995 566 994 504 995 565 996 565 996 504 995 564 754 565 996 564 754 640 753 504 995 505 755 564 754 507 669 508 997 559 667 559 667 508 997 558 998 559 667 558 998 634 665 634 665 558 998 633 999 634 665 633 999 709 663 709 663 633 999 708 1000 709 663 708 1000 784 661 784 661 708 1000 783 1001 784 661 783 1001 859 659 859 659 783 1001 858 1002 859 659 858 1002 934 657 934 657 858 1002 933 1003 934 657 933 1003 1009 655 1009 655 933 1003 1008 653 558 998 508 997 557 1004 557 1004 508 997 509 1005 557 1004 509 1005 556 1006 556 1006 509 1005 555 1007 556 1006 555 1007 631 1008 631 1008 555 1007 630 1009 631 1008 630 1009 706 1010 706 1010 630 1009 705 1011 706 1010 705 1011 781 1012 781 1012 705 1011 780 1013 781 1012 780 1013 856 1014 856 1014 780 1013 855 1015 856 1014 855 1015 931 1016 931 1016 855 1015 930 647 931 1016 930 647 1006 649 509 1005 510 1017 555 1007 555 1007 510 1017 554 1018 555 1007 554 1018 630 1009 630 1009 554 1018 629 1019 630 1009 629 1019 705 1011 705 1011 629 1019 704 1020 705 1011 704 1020 780 1013 780 1013 704 1020 779 1021 780 1013 779 1021 855 1015 855 1015 779 1021 854 645 855 1015 854 645 930 647 510 1017 511 1022 554 1018 554 1018 511 1022 553 1023 554 1018 553 1023 629 1019 629 1019 553 1023 628 1024 629 1019 628 1024 704 1020 704 1020 628 1024 703 1025 704 1020 703 1025 779 1021 779 1021 703 1025 778 643 779 1021 778 643 854 645 553 1023 511 1022 552 1026 552 1026 511 1022 512 1027 552 1026 512 1027 551 1028 551 1028 512 1027 550 637 551 1028 550 637 626 639 512 1027 513 635 550 637 515 631 516 1029 545 629 545 629 516 1029 544 1030 545 629 544 1030 620 627 620 627 544 1030 619 1031 620 627 619 1031 695 625 695 625 619 1031 694 1032 695 625 694 1032 770 623 770 623 694 1032 769 1033 770 623 769 1033 845 621 845 621 769 1033 844 1034 845 621 844 1034 920 619 920 619 844 1034 919 1035 920 619 919 1035 995 617 995 617 919 1035 994 615 544 1030 516 1029 543 1036 543 1036 516 1029 517 1037 543 1036 517 1037 542 1038 542 1038 517 1037 541 1039 542 1038 541 1039 617 1040 617 1040 541 1039 616 1041 617 1040 616 1041 692 1042 692 1042 616 1041 691 1043 692 1042 691 1043 767 1044 767 1044 691 1043 766 1045 767 1044 766 1045 842 1046 842 1046 766 1045 841 1047 842 1046 841 1047 917 1048 917 1048 841 1047 916 602 917 1048 916 602 992 601 517 1037 518 1049 541 1039 541 1039 518 1049 540 1050 541 1039 540 1050 616 1041 616 1041 540 1050 615 1051 616 1041 615 1051 691 1043 691 1043 615 1051 690 1052 691 1043 690 1052 766 1045 766 1045 690 1052 765 1053 766 1045 765 1053 841 1047 841 1047 765 1053 840 604 841 1047 840 604 916 602 540 1050 518 1049 539 1054 539 1054 518 1049 519 1055 539 1054 519 1055 538 1056 538 1056 519 1055 520 1057 538 1056 520 1057 537 1058 537 1058 520 1057 536 612 537 1058 536 612 612 610 520 1057 521 614 536 612 529 538 525 540 528 1059 528 1059 525 540 526 507 528 1059 526 507 527 509 604 536 529 538 528 1059 528 1059 527 509 603 1060 603 1060 527 509 602 511 603 1060 602 511 678 1061 678 1061 602 511 677 513 678 1061 677 513 753 1062 753 1062 677 513 752 515 753 1062 752 515 828 1063 828 1063 752 515 827 517 828 1063 827 517 903 1064 903 1064 827 517 902 519 903 1064 902 519 978 524 978 524 902 519 977 521 611 611 535 613 610 596 610 596 535 613 534 597 538 1056 537 1058 613 1065 613 1065 537 1058 612 610 613 1065 612 610 688 608 615 1051 540 1050 539 1054 539 1054 538 1056 614 1066 614 1066 538 1056 613 1065 614 1066 613 1065 689 1067 689 1067 613 1065 688 608 689 1067 688 608 764 606 619 1031 544 1030 543 1036 543 1036 542 1038 618 1068 618 1068 542 1038 617 1040 618 1068 617 1040 693 1069 693 1069 617 1040 692 1042 693 1069 692 1042 768 1070 768 1070 692 1042 767 1044 768 1070 767 1044 843 1071 843 1071 767 1044 842 1046 843 1071 842 1046 918 1072 918 1072 842 1046 917 1048 918 1072 917 1048 993 600 993 600 917 1048 992 601 624 707 549 636 548 634 548 634 547 632 623 1073 623 1073 547 632 622 694 623 1073 622 694 698 1074 698 1074 622 694 697 693 698 1074 697 693 773 1075 773 1075 697 693 772 692 773 1075 772 692 848 1076 848 1076 772 692 847 691 848 1076 847 691 923 1077 923 1077 847 691 922 690 923 1077 922 690 998 695 998 695 922 690 997 689 628 1024 553 1023 552 1026 552 1026 551 1028 627 1078 627 1078 551 1028 626 639 627 1078 626 639 702 641 633 999 558 998 557 1004 557 1004 556 1006 632 1079 632 1079 556 1006 631 1008 632 1079 631 1008 707 1080 707 1080 631 1008 706 1010 707 1080 706 1010 782 1081 782 1081 706 1010 781 1012 782 1081 781 1012 857 1082 857 1082 781 1012 856 1014 857 1082 856 1014 932 1083 932 1083 856 1014 931 1016 932 1083 931 1016 1007 651 1007 651 931 1016 1006 649 562 672 561 670 637 1084 637 1084 561 670 636 726 637 1084 636 726 712 1085 712 1085 636 726 711 725 712 1085 711 725 787 1086 787 1086 711 725 786 724 787 1086 786 724 862 1087 862 1087 786 724 861 723 862 1087 861 723 937 1088 937 1088 861 723 936 722 937 1088 936 722 1012 727 1012 727 936 722 1011 721 642 992 567 991 566 994 566 994 565 996 641 1089 641 1089 565 996 640 753 641 1089 640 753 716 752 646 974 571 973 570 979 570 979 569 981 645 1090 645 1090 569 981 644 983 645 1090 644 983 720 1091 720 1091 644 983 719 985 720 1091 719 985 795 1092 795 1092 719 985 794 987 795 1092 794 987 870 1093 870 1093 794 987 869 989 870 1093 869 989 945 1094 945 1094 869 989 944 749 945 1094 944 749 1020 748 576 775 575 773 651 1095 651 1095 575 773 650 797 651 1095 650 797 726 1096 726 1096 650 797 725 796 726 1096 725 796 801 1097 801 1097 725 796 800 795 801 1097 800 795 876 1098 876 1098 800 795 875 794 876 1098 875 794 951 1099 951 1099 875 794 950 793 951 1099 950 793 1026 798 1026 798 950 793 1025 792 655 960 580 959 579 962 579 962 578 964 654 1100 654 1100 578 964 653 778 654 1100 653 778 729 780 660 829 585 831 584 940 584 940 583 942 659 1101 659 1101 583 942 658 944 659 1101 658 944 734 1102 734 1102 658 944 733 946 734 1102 733 946 809 1103 809 1103 733 946 808 948 809 1103 808 948 884 1104 884 1104 808 948 883 950 884 1104 883 950 959 1105 959 1105 883 950 958 952 959 1105 958 952 1034 817 1034 817 958 952 1033 788 663 837 587 835 662 897 667 931 592 930 591 934 591 934 590 936 666 1106 666 1106 590 936 665 938 666 1106 665 938 741 1107 741 1107 665 938 740 840 741 1107 740 840 816 842 671 862 596 864 595 916 595 916 594 918 670 1108 670 1108 594 918 669 920 670 1108 669 920 745 1109 745 1109 669 920 744 922 745 1109 744 922 820 1110 820 1110 744 922 819 924 820 1110 819 924 895 1111 895 1111 819 924 894 926 895 1111 894 926 970 1112 970 1112 894 926 969 928 970 1112 969 928 1045 850 1045 850 969 928 1044 848 598 868 597 865 673 1113 673 1113 597 865 672 863 673 1113 672 863 748 1114 748 1114 672 863 747 861 748 1114 747 861 823 1115 823 1115 747 861 822 859 823 1115 822 859 898 1116 898 1116 822 859 897 857 898 1116 897 857 973 890 599 870 598 868 674 1117 674 1117 598 868 673 1113 674 1117 673 1113 749 1118 749 1118 673 1113 748 1114 749 1118 748 1114 824 1119 824 1119 748 1114 823 1115 824 1119 823 1115 899 1120 899 1120 823 1115 898 1116 899 1120 898 1116 974 1121 974 1121 898 1116 973 890 974 1121 973 890 1049 888 679 534 604 536 603 1060 603 1060 604 536 528 1059 679 534 603 1060 678 1061 684 548 608 546 683 579 687 609 611 611 686 595 686 595 611 611 610 596 690 1052 615 1051 614 1066 614 1066 615 1051 539 1054 690 1052 614 1066 689 1067 694 1032 619 1031 618 1068 618 1068 619 1031 543 1036 694 1032 618 1068 693 1069 699 705 624 707 623 1073 623 1073 624 707 548 634 699 705 623 1073 698 1074 703 1025 628 1024 627 1078 627 1078 628 1024 552 1026 703 1025 627 1078 702 641 708 1000 633 999 632 1079 632 1079 633 999 557 1004 708 1000 632 1079 707 1080 713 737 638 674 637 1084 637 1084 638 674 562 672 713 737 637 1084 712 1085 717 993 642 992 641 1089 641 1089 642 992 566 994 717 993 641 1089 716 752 721 975 646 974 645 1090 645 1090 646 974 570 979 721 975 645 1090 720 1091 727 808 652 777 651 1095 651 1095 652 777 576 775 727 808 651 1095 726 1096 730 961 655 960 654 1100 654 1100 655 960 579 962 730 961 654 1100 729 780 735 827 660 829 659 1101 659 1101 660 829 584 940 735 827 659 1101 734 1102 663 837 662 897 738 1122 738 1122 662 897 737 896 738 1122 737 896 813 1123 813 1123 737 896 812 895 813 1123 812 895 888 1124 888 1124 812 895 887 894 888 1124 887 894 963 1125 963 1125 887 894 962 893 963 1125 962 893 1038 898 1038 898 962 893 1037 892 742 932 667 931 666 1106 666 1106 667 931 591 934 742 932 666 1106 741 1107 746 860 671 862 670 1108 670 1108 671 862 595 916 746 860 670 1108 745 1109 599 870 674 1117 675 872 675 872 674 1117 750 1126 675 872 750 1126 751 874 751 874 750 1126 826 877 750 1126 674 1117 749 1118 754 532 679 534 678 1061 754 532 678 1061 753 1062 684 548 683 579 759 1127 759 1127 683 579 758 578 759 1127 758 578 834 1128 834 1128 758 578 833 577 834 1128 833 577 909 1129 909 1129 833 577 908 576 909 1129 908 576 984 580 984 580 908 576 983 575 763 607 687 609 762 594 762 594 687 609 686 595 765 1053 690 1052 689 1067 765 1053 689 1067 764 606 769 1033 694 1032 693 1069 769 1033 693 1069 768 1070 774 703 699 705 698 1074 774 703 698 1074 773 1075 778 643 703 1025 702 641 783 1001 708 1000 707 1080 783 1001 707 1080 782 1081 788 735 713 737 712 1085 788 735 712 1085 787 1086 792 751 717 993 716 752 796 976 721 975 720 1091 796 976 720 1091 795 1092 802 806 727 808 726 1096 802 806 726 1096 801 1097 805 782 730 961 729 780 810 825 735 827 734 1102 810 825 734 1102 809 1103 814 906 739 839 738 1122 738 1122 739 839 663 837 814 906 738 1122 813 1123 817 933 742 932 741 1107 817 933 741 1107 816 842 821 858 746 860 745 1109 821 858 745 1109 820 1110 750 1126 749 1118 825 1130 825 1130 749 1118 824 1119 825 1130 824 1119 900 1131 900 1131 824 1119 899 1120 900 1131 899 1120 975 1132 975 1132 899 1120 974 1121 975 1132 974 1121 1050 886 1050 886 974 1121 1049 888 829 530 754 532 753 1062 829 530 753 1062 828 1063 835 586 760 550 759 1127 759 1127 760 550 684 548 835 586 759 1127 834 1128 839 605 763 607 838 593 838 593 763 607 762 594 840 604 765 1053 764 606 844 1034 769 1033 768 1070 844 1034 768 1070 843 1071 849 701 774 703 773 1075 849 701 773 1075 848 1076 853 644 777 642 852 716 858 1002 783 1001 782 1081 858 1002 782 1081 857 1082 863 733 788 735 787 1086 863 733 787 1086 862 1087 871 977 796 976 795 1092 871 977 795 1092 870 1093 877 804 802 806 801 1097 877 804 801 1097 876 1098 885 823 810 825 809 1103 885 823 809 1103 884 1104 889 904 814 906 813 1123 889 904 813 1123 888 1124 892 844 817 933 816 842 896 856 821 858 820 1110 896 856 820 1110 895 1111 901 879 826 877 825 1130 825 1130 826 877 750 1126 901 879 825 1130 900 1131 904 528 829 530 828 1063 904 528 828 1063 903 1064 910 584 835 586 834 1128 910 584 834 1128 909 1129 915 603 839 605 914 592 914 592 839 605 838 593 919 1035 844 1034 843 1071 919 1035 843 1071 918 1072 924 699 849 701 848 1076 924 699 848 1076 923 1077 853 644 852 716 928 1133 928 1133 852 716 927 715 928 1133 927 715 1003 717 1003 717 927 715 1002 714 933 1003 858 1002 857 1082 933 1003 857 1082 932 1083 938 731 863 733 862 1087 938 731 862 1087 937 1088 942 682 866 680 941 744 946 978 871 977 870 1093 946 978 870 1093 945 1094 952 802 877 804 876 1098 952 802 876 1098 951 1099 956 785 880 783 955 815 960 821 885 823 884 1104 960 821 884 1104 959 1105 964 902 889 904 888 1124 964 902 888 1124 963 1125 971 854 896 856 895 1111 971 854 895 1111 970 1112 976 881 901 879 900 1131 976 881 900 1131 975 1132 979 526 904 528 903 1064 979 526 903 1064 978 524 985 582 910 584 909 1129 985 582 909 1129 984 580 991 590 915 603 990 591 990 591 915 603 914 592 994 615 919 1035 918 1072 994 615 918 1072 993 600 999 697 924 699 923 1077 999 697 923 1077 998 695 1004 719 929 646 928 1133 928 1133 929 646 853 644 1004 719 928 1133 1003 717 1008 653 933 1003 932 1083 1008 653 932 1083 1007 651 1013 729 938 731 937 1088 1013 729 937 1088 1012 727 1016 743 1017 745 941 744 941 744 1017 745 942 682 1017 745 1018 684 942 682 1021 747 946 978 945 1094 1021 747 945 1094 1020 748 1027 800 952 802 951 1099 1027 800 951 1099 1026 798 1030 814 1031 816 955 815 955 815 1031 816 956 785 1031 816 1032 787 956 785 1035 819 960 821 959 1105 1035 819 959 1105 1034 817 1039 900 964 902 963 1125 1039 900 963 1125 1038 898 1043 847 967 845 1042 911 1046 852 971 854 970 1112 1046 852 970 1112 1045 850 1051 883 976 881 975 1132 1051 883 975 1132 1050 886 1075 1134 1052 1135 1078 1136 1078 1136 1052 1135 1053 1137 1078 1136 1053 1137 1085 1138 1085 1138 1053 1137 1137 1139 1085 1138 1137 1139 1136 1140 1136 1140 1137 1139 1108 1141 1136 1140 1108 1141 1107 1142 1107 1142 1108 1141 1096 1143 1107 1142 1096 1143 1097 1144 1097 1144 1096 1143 1124 1145 1097 1144 1124 1145 1123 1146 1123 1146 1124 1145 1117 1147 1123 1146 1117 1147 1118 1148 1118 1148 1117 1147 1067 1149 1118 1148 1067 1149 1119 1150 1119 1150 1067 1149 1068 1151 1119 1150 1068 1151 1077 1152 1077 1152 1068 1151 439 1153 1077 1152 439 1153 438 1154 1137 1139 1053 1137 1076 1155 1076 1155 1053 1137 1054 1156 1076 1155 1054 1156 1093 1157 1093 1157 1054 1156 1129 1158 1093 1157 1129 1158 1128 1159 1128 1159 1129 1158 1112 1160 1128 1159 1112 1160 1113 1161 1113 1161 1112 1160 1063 1162 1113 1161 1063 1162 1064 1163 1054 1156 1055 1164 1129 1158 1129 1158 1055 1164 1110 1165 1129 1158 1110 1165 1111 1166 1111 1166 1110 1165 1059 1167 1111 1166 1059 1167 1060 1168 1055 1164 1056 1169 1110 1165 1110 1165 1056 1169 1058 1170 1110 1165 1058 1170 1059 1167 1056 1169 1057 1171 1058 1170 1060 1168 1061 1172 1111 1166 1111 1166 1061 1172 1112 1160 1111 1166 1112 1160 1129 1158 1061 1172 1062 1173 1112 1160 1112 1160 1062 1173 1063 1162 1113 1161 1064 1163 1114 1174 1114 1174 1064 1163 1065 1175 1114 1174 1065 1175 1115 1176 1115 1176 1065 1175 1066 1177 1115 1176 1066 1177 1116 1178 1116 1178 1066 1177 1117 1147 1116 1178 1117 1147 1124 1145 1066 1177 1067 1149 1117 1147 1077 1152 438 1154 1120 1179 1120 1179 438 1154 437 1180 1120 1179 437 1180 1101 1181 1101 1181 437 1180 436 1182 1101 1181 436 1182 1102 1183 1102 1183 436 1182 435 1184 1102 1183 435 1184 1130 1185 1130 1185 435 1184 434 1186 1130 1185 434 1186 1092 1187 1092 1187 434 1186 433 1188 1092 1187 433 1188 1084 1189 1084 1189 433 1188 432 508 1084 1189 432 508 1069 1190 1069 1190 1070 1191 1084 1189 1084 1189 1070 1191 1083 1192 1084 1189 1083 1192 1092 1187 1092 1187 1083 1192 1091 1193 1092 1187 1091 1193 1130 1185 1130 1185 1091 1193 1131 1194 1130 1185 1131 1194 1102 1183 1102 1183 1131 1194 1103 1195 1102 1183 1103 1195 1101 1181 1101 1181 1103 1195 1100 1196 1101 1181 1100 1196 1120 1179 1120 1179 1100 1196 1121 1197 1120 1179 1121 1197 1077 1152 1077 1152 1121 1197 1119 1150 1070 1191 1071 1198 1083 1192 1083 1192 1071 1198 1082 1199 1083 1192 1082 1199 1091 1193 1091 1193 1082 1199 1090 1200 1091 1193 1090 1200 1131 1194 1131 1194 1090 1200 1132 1201 1131 1194 1132 1201 1103 1195 1103 1195 1132 1201 1104 1202 1103 1195 1104 1202 1100 1196 1100 1196 1104 1202 1099 1203 1100 1196 1099 1203 1121 1197 1121 1197 1099 1203 1122 1204 1121 1197 1122 1204 1119 1150 1119 1150 1122 1204 1118 1148 1071 1198 1072 1205 1082 1199 1082 1199 1072 1205 1081 1206 1082 1199 1081 1206 1090 1200 1090 1200 1081 1206 1089 1207 1090 1200 1089 1207 1132 1201 1132 1201 1089 1207 1133 1208 1132 1201 1133 1208 1104 1202 1104 1202 1133 1208 1105 1209 1104 1202 1105 1209 1099 1203 1099 1203 1105 1209 1098 1210 1099 1203 1098 1210 1122 1204 1122 1204 1098 1210 1123 1146 1122 1204 1123 1146 1118 1148 1072 1205 1073 1211 1081 1206 1081 1206 1073 1211 1080 1212 1081 1206 1080 1212 1089 1207 1089 1207 1080 1212 1088 1213 1089 1207 1088 1213 1133 1208 1133 1208 1088 1213 1134 1214 1133 1208 1134 1214 1105 1209 1105 1209 1134 1214 1106 1215 1105 1209 1106 1215 1098 1210 1098 1210 1106 1215 1097 1144 1098 1210 1097 1144 1123 1146 1073 1211 1074 1216 1080 1212 1080 1212 1074 1216 1079 1217 1080 1212 1079 1217 1088 1213 1088 1213 1079 1217 1087 1218 1088 1213 1087 1218 1134 1214 1134 1214 1087 1218 1135 1219 1134 1214 1135 1219 1106 1215 1106 1215 1135 1219 1107 1142 1106 1215 1107 1142 1097 1144 1074 1216 1075 1134 1079 1217 1079 1217 1075 1134 1078 1136 1079 1217 1078 1136 1087 1218 1087 1218 1078 1136 1086 1220 1087 1218 1086 1220 1135 1219 1135 1219 1086 1220 1136 1140 1135 1219 1136 1140 1107 1142 1136 1140 1086 1220 1085 1138 1085 1138 1086 1220 1078 1136 1093 1157 1094 1221 1076 1155 1076 1155 1094 1221 1109 1222 1076 1155 1109 1222 1137 1139 1137 1139 1109 1222 1108 1141 1108 1141 1109 1222 1095 1223 1095 1223 1109 1222 1094 1221 1095 1223 1094 1221 1126 1224 1126 1224 1094 1221 1127 1225 1126 1224 1127 1225 1114 1174 1114 1174 1127 1225 1113 1161 1094 1221 1093 1157 1127 1225 1127 1225 1093 1157 1128 1159 1127 1225 1128 1159 1113 1161 1108 1141 1095 1223 1096 1143 1096 1143 1095 1223 1125 1226 1096 1143 1125 1226 1124 1145 1124 1145 1125 1226 1116 1178 1125 1226 1095 1223 1126 1224 1125 1226 1126 1224 1115 1176 1115 1176 1126 1224 1114 1174 1115 1176 1116 1178 1125 1226 1057 1227 1138 1228 1058 1229 1058 1229 1138 1228 1059 1230 1059 1230 1138 1228 1518 1231 1059 1230 1518 1231 1060 1232 1060 1232 1518 1231 1061 1233 1061 1233 1518 1231 1062 1234 1062 1234 1518 1231 1645 1235 1062 1234 1645 1235 1063 1236 1063 1236 1645 1235 1064 1237 1064 1237 1645 1235 1772 1238 1064 1237 1772 1238 1065 1239 1065 1239 1772 1238 1899 1240 1065 1239 1899 1240 1066 1241 1066 1241 1899 1240 1898 1242 1066 1241 1898 1242 2026 1243 2026 1243 1898 1242 2025 1244 2026 1243 2025 1244 1067 1245 1067 1245 2025 1244 2151 1246 1067 1245 2151 1246 1068 1247 1068 1247 2151 1246 2276 1248 1068 1247 2276 1248 439 1249 439 1249 2276 1248 1391 1250 1391 1250 2276 1248 2275 1251 1391 1250 2275 1251 1390 1252 1390 1252 2275 1251 2274 1253 1390 1252 2274 1253 1389 1254 1389 1254 2274 1253 2273 1255 1389 1254 2273 1255 1388 1256 1388 1256 2273 1255 2272 1257 1388 1256 2272 1257 1387 1258 1387 1258 2272 1257 2271 1259 1387 1258 2271 1259 1386 1260 1386 1260 2271 1259 2270 1261 1386 1260 2270 1261 1385 1262 1385 1262 2270 1261 2269 1263 1385 1262 2269 1263 1384 1264 1384 1264 2269 1263 2268 1265 1384 1264 2268 1265 1383 1266 1383 1266 2268 1265 2267 1267 1383 1266 2267 1267 1382 1268 1382 1268 2267 1267 2266 1269 1382 1268 2266 1269 1381 1270 1381 1270 2266 1269 2265 1271 1381 1270 2265 1271 1380 1272 1380 1272 2265 1271 2264 1273 1380 1272 2264 1273 1379 1274 1379 1274 2264 1273 2263 1275 1379 1274 2263 1275 1378 1276 1378 1276 2263 1275 2262 1277 1378 1276 2262 1277 1377 1278 1377 1278 2262 1277 2261 1279 1377 1278 2261 1279 1376 1280 1376 1280 2261 1279 2260 1281 1376 1280 2260 1281 1375 1282 1375 1282 2260 1281 2259 1283 1375 1282 2259 1283 1374 1284 1374 1284 2259 1283 2258 1285 1374 1284 2258 1285 1373 1286 1373 1286 2258 1285 1372 1287 1372 1287 2258 1285 2257 1288 1372 1287 2257 1288 2256 1289 2256 1289 2257 1288 2131 1290 2256 1289 2131 1290 2130 1291 2130 1291 2131 1290 2004 1292 2130 1291 2004 1292 2003 1293 2003 1293 2004 1292 1876 1294 2003 1293 1876 1294 1875 1295 1875 1295 1876 1294 1748 1296 1875 1295 1748 1296 1747 1297 1747 1297 1748 1296 1620 1298 1747 1297 1620 1298 1619 1299 1619 1299 1620 1298 1492 1300 1619 1299 1492 1300 1491 1301 1491 1301 1492 1300 1164 1302 1491 1301 1164 1302 1165 1303 1518 1231 1138 1228 1517 1304 1517 1304 1138 1228 1139 1305 1517 1304 1139 1305 1516 1306 1516 1306 1139 1305 1140 1307 1516 1306 1140 1307 1515 1308 1515 1308 1140 1307 1141 1309 1515 1308 1141 1309 1514 1310 1514 1310 1141 1309 1142 1311 1514 1310 1142 1311 1513 1312 1513 1312 1142 1311 1143 1313 1513 1312 1143 1313 1512 1314 1512 1314 1143 1313 1144 1315 1512 1314 1144 1315 1511 1316 1511 1316 1144 1315 1145 1317 1511 1316 1145 1317 1510 1318 1510 1318 1145 1317 1146 1319 1510 1318 1146 1319 1509 1320 1509 1320 1146 1319 1147 1321 1509 1320 1147 1321 1508 1322 1508 1322 1147 1321 1148 1323 1508 1322 1148 1323 1507 1324 1507 1324 1148 1323 1149 1325 1507 1324 1149 1325 1506 1326 1506 1326 1149 1325 1150 1327 1506 1326 1150 1327 1505 1328 1505 1328 1150 1327 1151 1329 1505 1328 1151 1329 1504 1330 1504 1330 1151 1329 1152 1331 1504 1330 1152 1331 1503 1332 1503 1332 1152 1331 1153 1333 1503 1332 1153 1333 1502 1334 1502 1334 1153 1333 1154 1335 1502 1334 1154 1335 1501 1336 1501 1336 1154 1335 1155 1337 1501 1336 1155 1337 1500 1338 1500 1338 1155 1337 1156 1339 1500 1338 1156 1339 1499 1340 1499 1340 1156 1339 1157 1341 1499 1340 1157 1341 1498 1342 1498 1342 1157 1341 1158 1343 1498 1342 1158 1343 1497 1344 1497 1344 1158 1343 1159 1345 1497 1344 1159 1345 1496 1346 1496 1346 1159 1345 1160 1347 1496 1346 1160 1347 1495 1348 1495 1348 1160 1347 1161 1349 1495 1348 1161 1349 1494 1350 1494 1350 1161 1349 1162 1351 1494 1350 1162 1351 1493 1352 1493 1352 1162 1351 1163 1353 1493 1352 1163 1353 1492 1300 1492 1300 1163 1353 1164 1302 1491 1301 1165 1303 1490 1354 1490 1354 1165 1303 1166 1355 1490 1354 1166 1355 1489 1356 1489 1356 1166 1355 1167 1357 1489 1356 1167 1357 1488 1358 1488 1358 1167 1357 1168 1359 1488 1358 1168 1359 1487 1360 1487 1360 1168 1359 1169 1361 1487 1360 1169 1361 1486 1362 1486 1362 1169 1361 1170 1363 1486 1362 1170 1363 1485 1364 1485 1364 1170 1363 1171 1365 1485 1364 1171 1365 1484 1366 1484 1366 1171 1365 1172 1367 1484 1366 1172 1367 1483 1368 1483 1368 1172 1367 1173 1369 1483 1368 1173 1369 1482 1370 1482 1370 1173 1369 1174 1371 1482 1370 1174 1371 1481 1372 1481 1372 1174 1371 1175 1373 1481 1372 1175 1373 1480 1374 1480 1374 1175 1373 1176 1375 1480 1374 1176 1375 1479 1376 1479 1376 1176 1375 1177 1377 1479 1376 1177 1377 1478 1378 1478 1378 1177 1377 1178 1379 1478 1378 1178 1379 1477 1380 1477 1380 1178 1379 1179 1381 1477 1380 1179 1381 1476 1382 1476 1382 1179 1381 1180 1383 1476 1382 1180 1383 1475 1384 1475 1384 1180 1383 1181 1385 1475 1384 1181 1385 1182 1386 1183 1387 1473 1388 1182 1386 1182 1386 1473 1388 1474 1389 1182 1386 1474 1389 1475 1384 1475 1384 1474 1389 1602 1390 1475 1384 1602 1390 1603 1391 1603 1391 1602 1390 1730 1392 1603 1391 1730 1392 1731 1393 1731 1393 1730 1392 1858 1394 1731 1393 1858 1394 1859 1395 1859 1395 1858 1394 1986 1396 1859 1395 1986 1396 1987 1397 1987 1397 1986 1396 2113 1398 1987 1397 2113 1398 2114 1399 2114 1399 2113 1398 2239 1400 2114 1399 2239 1400 2240 1401 2240 1401 2239 1400 1354 1402 2240 1401 1354 1402 1355 1403 1183 1387 1184 1404 1473 1388 1473 1388 1184 1404 1472 1405 1473 1388 1472 1405 1600 1406 1600 1406 1472 1405 1599 1407 1600 1406 1599 1407 1727 1408 1727 1408 1599 1407 1726 1409 1727 1408 1726 1409 1854 1410 1854 1410 1726 1409 1853 1411 1854 1410 1853 1411 1981 1412 1981 1412 1853 1411 1980 1413 1981 1412 1980 1413 2107 1414 2107 1414 1980 1413 2106 1415 2107 1414 2106 1415 2232 1416 2232 1416 2106 1415 2231 1417 2232 1416 2231 1417 1346 1418 1346 1418 2231 1417 1345 1419 1345 1419 2231 1417 2230 1420 1345 1419 2230 1420 1344 1421 1344 1421 2230 1420 2229 1422 1344 1421 2229 1422 1343 1423 1343 1423 2229 1422 2228 1424 1343 1423 2228 1424 1342 1425 1342 1425 2228 1424 2227 1426 1342 1425 2227 1426 1341 1427 1341 1427 2227 1426 2226 1428 1341 1427 2226 1428 1340 1429 1340 1429 2226 1428 2225 1430 1340 1429 2225 1430 1339 1431 1339 1431 2225 1430 2224 1432 1339 1431 2224 1432 1338 1433 1338 1433 2224 1432 2223 1434 1338 1433 2223 1434 1337 1435 1337 1435 2223 1434 2222 1436 1337 1435 2222 1436 1336 1437 1336 1437 2222 1436 2221 1438 1336 1437 2221 1438 1335 1439 1335 1439 2221 1438 2220 1440 1335 1439 2220 1440 1334 1441 1334 1441 2220 1440 2219 1442 1334 1441 2219 1442 1333 1443 1333 1443 2219 1442 2218 1444 1333 1443 2218 1444 1332 1445 1332 1445 2218 1444 2217 1446 1332 1445 2217 1446 1331 1447 1331 1447 2217 1446 2216 1448 1331 1447 2216 1448 1330 1449 1330 1449 2216 1448 2215 1450 1330 1449 2215 1450 1329 1451 1329 1451 2215 1450 2214 1452 1329 1451 2214 1452 1328 1453 1328 1453 2214 1452 2213 1454 1328 1453 2213 1454 1327 1455 1327 1455 2213 1454 2212 1456 1327 1455 2212 1456 1326 1457 1326 1457 2212 1456 1325 1458 1325 1458 2212 1456 2211 1459 1325 1458 2211 1459 1324 1460 1324 1460 2211 1459 2210 1461 1324 1460 2210 1461 1323 1462 1323 1462 2210 1461 2209 1463 1323 1462 2209 1463 1322 1464 1322 1464 2209 1463 2208 1465 1322 1464 2208 1465 1321 1466 1321 1466 2208 1465 2207 1467 1321 1466 2207 1467 1320 1468 1320 1468 2207 1467 2206 1469 1320 1468 2206 1469 1319 1470 1319 1470 2206 1469 2205 1471 1319 1470 2205 1471 1318 1472 1318 1472 2205 1471 2204 1473 1318 1472 2204 1473 1317 1474 1317 1474 2204 1473 2203 1475 1317 1474 2203 1475 1316 1476 1316 1476 2203 1475 2202 1477 1316 1476 2202 1477 1315 1478 1315 1478 2202 1477 2201 1479 1315 1478 2201 1479 1314 1480 1314 1480 2201 1479 2200 1481 1314 1480 2200 1481 1313 1482 1313 1482 2200 1481 2199 1483 1313 1482 2199 1483 1312 1484 1312 1484 2199 1483 2198 1485 1312 1484 2198 1485 1311 1486 1311 1486 2198 1485 2197 1487 1311 1486 2197 1487 1310 1488 1310 1488 2197 1487 2196 1489 1310 1488 2196 1489 1309 1490 1309 1490 2196 1489 2195 1491 1309 1490 2195 1491 2194 1492 2194 1492 2195 1491 2069 1493 2194 1492 2069 1493 2068 1494 2068 1494 2069 1493 1942 1495 2068 1494 1942 1495 1941 1496 1941 1496 1942 1495 1814 1497 1941 1496 1814 1497 1813 1498 1813 1498 1814 1497 1686 1499 1813 1498 1686 1499 1685 1500 1685 1500 1686 1499 1558 1501 1685 1500 1558 1501 1557 1502 1557 1502 1558 1501 1430 1503 1557 1502 1430 1503 1429 1504 1429 1504 1430 1503 1227 1505 1429 1504 1227 1505 1228 1506 1184 1404 1185 1507 1472 1405 1472 1405 1185 1507 1471 1508 1472 1405 1471 1508 1599 1407 1599 1407 1471 1508 1598 1509 1599 1407 1598 1509 1726 1409 1726 1409 1598 1509 1725 1510 1726 1409 1725 1510 1853 1411 1853 1411 1725 1510 1852 1511 1853 1411 1852 1511 1980 1413 1980 1413 1852 1511 1979 1512 1980 1413 1979 1512 2106 1415 2106 1415 1979 1512 2105 1513 2106 1415 2105 1513 2231 1417 2231 1417 2105 1513 2230 1420 1185 1507 1186 1514 1471 1508 1471 1508 1186 1514 1470 1515 1471 1508 1470 1515 1598 1509 1598 1509 1470 1515 1597 1516 1598 1509 1597 1516 1725 1510 1725 1510 1597 1516 1724 1517 1725 1510 1724 1517 1852 1511 1852 1511 1724 1517 1851 1518 1852 1511 1851 1518 1979 1512 1979 1512 1851 1518 1978 1519 1979 1512 1978 1519 2105 1513 2105 1513 1978 1519 2104 1520 2105 1513 2104 1520 2230 1420 2230 1420 2104 1520 2229 1422 1186 1514 1187 1521 1470 1515 1470 1515 1187 1521 1469 1522 1470 1515 1469 1522 1597 1516 1597 1516 1469 1522 1596 1523 1597 1516 1596 1523 1724 1517 1724 1517 1596 1523 1723 1524 1724 1517 1723 1524 1851 1518 1851 1518 1723 1524 1850 1525 1851 1518 1850 1525 1978 1519 1978 1519 1850 1525 1977 1526 1978 1519 1977 1526 2104 1520 2104 1520 1977 1526 2103 1527 2104 1520 2103 1527 2229 1422 2229 1422 2103 1527 2228 1424 1187 1521 1188 1528 1469 1522 1469 1522 1188 1528 1468 1529 1469 1522 1468 1529 1596 1523 1596 1523 1468 1529 1595 1530 1596 1523 1595 1530 1723 1524 1723 1524 1595 1530 1722 1531 1723 1524 1722 1531 1850 1525 1850 1525 1722 1531 1849 1532 1850 1525 1849 1532 1977 1526 1977 1526 1849 1532 1976 1533 1977 1526 1976 1533 2103 1527 2103 1527 1976 1533 2102 1534 2103 1527 2102 1534 2228 1424 2228 1424 2102 1534 2227 1426 1188 1528 1189 1535 1468 1529 1468 1529 1189 1535 1467 1536 1468 1529 1467 1536 1595 1530 1595 1530 1467 1536 1594 1537 1595 1530 1594 1537 1722 1531 1722 1531 1594 1537 1721 1538 1722 1531 1721 1538 1849 1532 1849 1532 1721 1538 1848 1539 1849 1532 1848 1539 1976 1533 1976 1533 1848 1539 1975 1540 1976 1533 1975 1540 2102 1534 2102 1534 1975 1540 2101 1541 2102 1534 2101 1541 2227 1426 2227 1426 2101 1541 2226 1428 1189 1535 1190 1542 1467 1536 1467 1536 1190 1542 1466 1543 1467 1536 1466 1543 1594 1537 1594 1537 1466 1543 1593 1544 1594 1537 1593 1544 1721 1538 1721 1538 1593 1544 1720 1545 1721 1538 1720 1545 1848 1539 1848 1539 1720 1545 1847 1546 1848 1539 1847 1546 1975 1540 1975 1540 1847 1546 1974 1547 1975 1540 1974 1547 2101 1541 2101 1541 1974 1547 2100 1548 2101 1541 2100 1548 2226 1428 2226 1428 2100 1548 2225 1430 1190 1542 1191 1549 1466 1543 1466 1543 1191 1549 1465 1550 1466 1543 1465 1550 1593 1544 1593 1544 1465 1550 1592 1551 1593 1544 1592 1551 1720 1545 1720 1545 1592 1551 1719 1552 1720 1545 1719 1552 1847 1546 1847 1546 1719 1552 1846 1553 1847 1546 1846 1553 1974 1547 1974 1547 1846 1553 1973 1554 1974 1547 1973 1554 2100 1548 2100 1548 1973 1554 2099 1555 2100 1548 2099 1555 2225 1430 2225 1430 2099 1555 2224 1432 1191 1549 1192 1556 1465 1550 1465 1550 1192 1556 1464 1557 1465 1550 1464 1557 1592 1551 1592 1551 1464 1557 1591 1558 1592 1551 1591 1558 1719 1552 1719 1552 1591 1558 1718 1559 1719 1552 1718 1559 1846 1553 1846 1553 1718 1559 1845 1560 1846 1553 1845 1560 1973 1554 1973 1554 1845 1560 1972 1561 1973 1554 1972 1561 2099 1555 2099 1555 1972 1561 2098 1562 2099 1555 2098 1562 2224 1432 2224 1432 2098 1562 2223 1434 1192 1556 1193 1563 1464 1557 1464 1557 1193 1563 1463 1564 1464 1557 1463 1564 1591 1558 1591 1558 1463 1564 1590 1565 1591 1558 1590 1565 1718 1559 1718 1559 1590 1565 1717 1566 1718 1559 1717 1566 1845 1560 1845 1560 1717 1566 1844 1567 1845 1560 1844 1567 1972 1561 1972 1561 1844 1567 1971 1568 1972 1561 1971 1568 2098 1562 2098 1562 1971 1568 2097 1569 2098 1562 2097 1569 2223 1434 2223 1434 2097 1569 2222 1436 1193 1563 1194 1570 1463 1564 1463 1564 1194 1570 1462 1571 1463 1564 1462 1571 1590 1565 1590 1565 1462 1571 1589 1572 1590 1565 1589 1572 1717 1566 1717 1566 1589 1572 1716 1573 1717 1566 1716 1573 1844 1567 1844 1567 1716 1573 1843 1574 1844 1567 1843 1574 1971 1568 1971 1568 1843 1574 1970 1575 1971 1568 1970 1575 2097 1569 2097 1569 1970 1575 2096 1576 2097 1569 2096 1576 2222 1436 2222 1436 2096 1576 2221 1438 1194 1570 1195 1577 1462 1571 1462 1571 1195 1577 1461 1578 1462 1571 1461 1578 1589 1572 1589 1572 1461 1578 1588 1579 1589 1572 1588 1579 1716 1573 1716 1573 1588 1579 1715 1580 1716 1573 1715 1580 1843 1574 1843 1574 1715 1580 1842 1581 1843 1574 1842 1581 1970 1575 1970 1575 1842 1581 1969 1582 1970 1575 1969 1582 2096 1576 2096 1576 1969 1582 2095 1583 2096 1576 2095 1583 2221 1438 2221 1438 2095 1583 2220 1440 1195 1577 1196 1584 1461 1578 1461 1578 1196 1584 1460 1585 1461 1578 1460 1585 1588 1579 1588 1579 1460 1585 1587 1586 1588 1579 1587 1586 1715 1580 1715 1580 1587 1586 1714 1587 1715 1580 1714 1587 1842 1581 1842 1581 1714 1587 1841 1588 1842 1581 1841 1588 1969 1582 1969 1582 1841 1588 1968 1589 1969 1582 1968 1589 2095 1583 2095 1583 1968 1589 2094 1590 2095 1583 2094 1590 2220 1440 2220 1440 2094 1590 2219 1442 1196 1584 1197 1591 1460 1585 1460 1585 1197 1591 1459 1592 1460 1585 1459 1592 1587 1586 1587 1586 1459 1592 1586 1593 1587 1586 1586 1593 1714 1587 1714 1587 1586 1593 1713 1594 1714 1587 1713 1594 1841 1588 1841 1588 1713 1594 1840 1595 1841 1588 1840 1595 1968 1589 1968 1589 1840 1595 1967 1596 1968 1589 1967 1596 2094 1590 2094 1590 1967 1596 2093 1597 2094 1590 2093 1597 2219 1442 2219 1442 2093 1597 2218 1444 1197 1591 1198 1598 1459 1592 1459 1592 1198 1598 1458 1599 1459 1592 1458 1599 1586 1593 1586 1593 1458 1599 1585 1600 1586 1593 1585 1600 1713 1594 1713 1594 1585 1600 1712 1601 1713 1594 1712 1601 1840 1595 1840 1595 1712 1601 1839 1602 1840 1595 1839 1602 1967 1596 1967 1596 1839 1602 1966 1603 1967 1596 1966 1603 2093 1597 2093 1597 1966 1603 2092 1604 2093 1597 2092 1604 2218 1444 2218 1444 2092 1604 2217 1446 1198 1598 1199 1605 1458 1599 1458 1599 1199 1605 1457 1606 1458 1599 1457 1606 1585 1600 1585 1600 1457 1606 1584 1607 1585 1600 1584 1607 1712 1601 1712 1601 1584 1607 1711 1608 1712 1601 1711 1608 1839 1602 1839 1602 1711 1608 1838 1609 1839 1602 1838 1609 1966 1603 1966 1603 1838 1609 1965 1610 1966 1603 1965 1610 2092 1604 2092 1604 1965 1610 2091 1611 2092 1604 2091 1611 2217 1446 2217 1446 2091 1611 2216 1448 1199 1605 1200 1612 1457 1606 1457 1606 1200 1612 1456 1613 1457 1606 1456 1613 1584 1607 1584 1607 1456 1613 1583 1614 1584 1607 1583 1614 1711 1608 1711 1608 1583 1614 1710 1615 1711 1608 1710 1615 1838 1609 1838 1609 1710 1615 1837 1616 1838 1609 1837 1616 1965 1610 1965 1610 1837 1616 1964 1617 1965 1610 1964 1617 2091 1611 2091 1611 1964 1617 2090 1618 2091 1611 2090 1618 2216 1448 2216 1448 2090 1618 2215 1450 1200 1612 1201 1619 1456 1613 1456 1613 1201 1619 1455 1620 1456 1613 1455 1620 1583 1614 1583 1614 1455 1620 1582 1621 1583 1614 1582 1621 1710 1615 1710 1615 1582 1621 1709 1622 1710 1615 1709 1622 1837 1616 1837 1616 1709 1622 1836 1623 1837 1616 1836 1623 1964 1617 1964 1617 1836 1623 1963 1624 1964 1617 1963 1624 2090 1618 2090 1618 1963 1624 2089 1625 2090 1618 2089 1625 2215 1450 2215 1450 2089 1625 2214 1452 1201 1619 1202 1626 1455 1620 1455 1620 1202 1626 1454 1627 1455 1620 1454 1627 1582 1621 1582 1621 1454 1627 1581 1628 1582 1621 1581 1628 1709 1622 1709 1622 1581 1628 1708 1629 1709 1622 1708 1629 1836 1623 1836 1623 1708 1629 1835 1630 1836 1623 1835 1630 1963 1624 1963 1624 1835 1630 1962 1631 1963 1624 1962 1631 2089 1625 2089 1625 1962 1631 2088 1632 2089 1625 2088 1632 2214 1452 2214 1452 2088 1632 2213 1454 1202 1626 1203 1633 1454 1627 1454 1627 1203 1633 1453 1634 1454 1627 1453 1634 1581 1628 1581 1628 1453 1634 1580 1635 1581 1628 1580 1635 1708 1629 1708 1629 1580 1635 1707 1636 1708 1629 1707 1636 1835 1630 1835 1630 1707 1636 1834 1637 1835 1630 1834 1637 1962 1631 1962 1631 1834 1637 1961 1638 1962 1631 1961 1638 2088 1632 2088 1632 1961 1638 2087 1639 2088 1632 2087 1639 2213 1454 2213 1454 2087 1639 2212 1456 1203 1633 1204 1640 1453 1634 1453 1634 1204 1640 1452 1641 1453 1634 1452 1641 1580 1635 1580 1635 1452 1641 1579 1642 1580 1635 1579 1642 1707 1636 1707 1636 1579 1642 1706 1643 1707 1636 1706 1643 1834 1637 1834 1637 1706 1643 1833 1644 1834 1637 1833 1644 1961 1638 1961 1638 1833 1644 1960 1645 1961 1638 1960 1645 2087 1639 2087 1639 1960 1645 2086 1646 2087 1639 2086 1646 2212 1456 2212 1456 2086 1646 2211 1459 1204 1640 1205 1647 1452 1641 1452 1641 1205 1647 1451 1648 1452 1641 1451 1648 1579 1642 1579 1642 1451 1648 1578 1649 1579 1642 1578 1649 1706 1643 1706 1643 1578 1649 1705 1650 1706 1643 1705 1650 1833 1644 1833 1644 1705 1650 1832 1651 1833 1644 1832 1651 1960 1645 1960 1645 1832 1651 1959 1652 1960 1645 1959 1652 2086 1646 2086 1646 1959 1652 2085 1653 2086 1646 2085 1653 2211 1459 2211 1459 2085 1653 2210 1461 1205 1647 1206 1654 1451 1648 1451 1648 1206 1654 1450 1655 1451 1648 1450 1655 1578 1649 1578 1649 1450 1655 1577 1656 1578 1649 1577 1656 1705 1650 1705 1650 1577 1656 1704 1657 1705 1650 1704 1657 1832 1651 1832 1651 1704 1657 1831 1658 1832 1651 1831 1658 1959 1652 1959 1652 1831 1658 1958 1659 1959 1652 1958 1659 2085 1653 2085 1653 1958 1659 2084 1660 2085 1653 2084 1660 2210 1461 2210 1461 2084 1660 2209 1463 1206 1654 1207 1661 1450 1655 1450 1655 1207 1661 1449 1662 1450 1655 1449 1662 1577 1656 1577 1656 1449 1662 1576 1663 1577 1656 1576 1663 1704 1657 1704 1657 1576 1663 1703 1664 1704 1657 1703 1664 1831 1658 1831 1658 1703 1664 1830 1665 1831 1658 1830 1665 1958 1659 1958 1659 1830 1665 1957 1666 1958 1659 1957 1666 2084 1660 2084 1660 1957 1666 2083 1667 2084 1660 2083 1667 2209 1463 2209 1463 2083 1667 2208 1465 1207 1661 1208 1668 1449 1662 1449 1662 1208 1668 1209 1669 1449 1662 1209 1669 1448 1670 1448 1670 1209 1669 1210 1671 1448 1670 1210 1671 1447 1672 1447 1672 1210 1671 1446 1673 1447 1672 1446 1673 1574 1674 1574 1674 1446 1673 1573 1675 1574 1674 1573 1675 1701 1676 1701 1676 1573 1675 1700 1677 1701 1676 1700 1677 1828 1678 1828 1678 1700 1677 1827 1679 1828 1678 1827 1679 1955 1680 1955 1680 1827 1679 1954 1681 1955 1680 1954 1681 2081 1682 2081 1682 1954 1681 2080 1683 2081 1682 2080 1683 2206 1469 2206 1469 2080 1683 2205 1471 1210 1671 1211 1684 1446 1673 1446 1673 1211 1684 1212 1685 1446 1673 1212 1685 1445 1686 1445 1686 1212 1685 1444 1687 1445 1686 1444 1687 1572 1688 1572 1688 1444 1687 1571 1689 1572 1688 1571 1689 1699 1690 1699 1690 1571 1689 1698 1691 1699 1690 1698 1691 1826 1692 1826 1692 1698 1691 1825 1693 1826 1692 1825 1693 1953 1694 1953 1694 1825 1693 1952 1695 1953 1694 1952 1695 2079 1696 2079 1696 1952 1695 2078 1697 2079 1696 2078 1697 2204 1473 2204 1473 2078 1697 2203 1475 1212 1685 1213 1698 1444 1687 1444 1687 1213 1698 1214 1699 1444 1687 1214 1699 1443 1700 1443 1700 1214 1699 1215 1701 1443 1700 1215 1701 1442 1702 1442 1702 1215 1701 1441 1703 1442 1702 1441 1703 1569 1704 1569 1704 1441 1703 1568 1705 1569 1704 1568 1705 1696 1706 1696 1706 1568 1705 1695 1707 1696 1706 1695 1707 1823 1708 1823 1708 1695 1707 1822 1709 1823 1708 1822 1709 1950 1710 1950 1710 1822 1709 1949 1711 1950 1710 1949 1711 2076 1712 2076 1712 1949 1711 2075 1713 2076 1712 2075 1713 2201 1479 2201 1479 2075 1713 2200 1481 1215 1701 1216 1714 1441 1703 1441 1703 1216 1714 1217 1715 1441 1703 1217 1715 1440 1716 1440 1716 1217 1715 1218 1717 1440 1716 1218 1717 1439 1718 1439 1718 1218 1717 1438 1719 1439 1718 1438 1719 1566 1720 1566 1720 1438 1719 1565 1721 1566 1720 1565 1721 1693 1722 1693 1722 1565 1721 1692 1723 1693 1722 1692 1723 1820 1724 1820 1724 1692 1723 1819 1725 1820 1724 1819 1725 1947 1726 1947 1726 1819 1725 1946 1727 1947 1726 1946 1727 2073 1728 2073 1728 1946 1727 2072 1729 2073 1728 2072 1729 2198 1485 2198 1485 2072 1729 2197 1487 1218 1717 1219 1730 1438 1719 1438 1719 1219 1730 1220 1731 1438 1719 1220 1731 1437 1732 1437 1732 1220 1731 1436 1733 1437 1732 1436 1733 1564 1734 1564 1734 1436 1733 1563 1735 1564 1734 1563 1735 1691 1736 1691 1736 1563 1735 1690 1737 1691 1736 1690 1737 1818 1738 1818 1738 1690 1737 1817 1739 1818 1738 1817 1739 1945 1740 1945 1740 1817 1739 1944 1741 1945 1740 1944 1741 2071 1742 2071 1742 1944 1741 2070 1743 2071 1742 2070 1743 2196 1489 2196 1489 2070 1743 2195 1491 1220 1731 1221 1744 1436 1733 1436 1733 1221 1744 1222 1745 1436 1733 1222 1745 1435 1746 1435 1746 1222 1745 1223 1747 1435 1746 1223 1747 1434 1748 1434 1748 1223 1747 1224 1749 1434 1748 1224 1749 1433 1750 1433 1750 1224 1749 1225 1751 1433 1750 1225 1751 1432 1752 1432 1752 1225 1751 1431 1753 1432 1752 1431 1753 1559 1754 1559 1754 1431 1753 1558 1501 1559 1754 1558 1501 1686 1499 1225 1751 1226 1755 1431 1753 1431 1753 1226 1755 1430 1503 1431 1753 1430 1503 1558 1501 1226 1755 1227 1505 1430 1503 1429 1504 1228 1506 1428 1756 1428 1756 1228 1506 1229 1757 1428 1756 1229 1757 1427 1758 1427 1758 1229 1757 1230 1759 1427 1758 1230 1759 1426 1760 1426 1760 1230 1759 1231 1761 1426 1760 1231 1761 1425 1762 1425 1762 1231 1761 1232 1763 1425 1762 1232 1763 1424 1764 1424 1764 1232 1763 1233 1765 1424 1764 1233 1765 1423 1766 1423 1766 1233 1765 1234 1767 1423 1766 1234 1767 1422 1768 1422 1768 1234 1767 1235 1769 1422 1768 1235 1769 1421 1770 1421 1770 1235 1769 1236 1771 1421 1770 1236 1771 1420 1772 1420 1772 1236 1771 1237 1773 1420 1772 1237 1773 1419 1774 1419 1774 1237 1773 1238 1775 1419 1774 1238 1775 1418 1776 1418 1776 1238 1775 1239 1777 1418 1776 1239 1777 1417 1778 1417 1778 1239 1777 1240 1779 1417 1778 1240 1779 1416 1780 1416 1780 1240 1779 1241 1781 1416 1780 1241 1781 1415 1782 1415 1782 1241 1781 1242 1783 1415 1782 1242 1783 1414 1784 1414 1784 1242 1783 1243 1785 1414 1784 1243 1785 1413 1786 1413 1786 1243 1785 1244 1787 1413 1786 1244 1787 1412 1788 1412 1788 1244 1787 1245 1789 1412 1788 1245 1789 1411 1790 1411 1790 1245 1789 1246 1791 1411 1790 1246 1791 1410 1792 1410 1792 1246 1791 1247 1793 1410 1792 1247 1793 1409 1794 1409 1794 1247 1793 1248 1795 1409 1794 1248 1795 1408 1796 1408 1796 1248 1795 1249 1797 1408 1796 1249 1797 1407 1798 1407 1798 1249 1797 1250 1799 1407 1798 1250 1799 1406 1800 1406 1800 1250 1799 1251 1801 1406 1800 1251 1801 1405 1802 1405 1802 1251 1801 1252 1803 1405 1802 1252 1803 1404 1804 1404 1804 1252 1803 1253 1805 1404 1804 1253 1805 1403 1806 1403 1806 1253 1805 1254 1807 1403 1806 1254 1807 1402 1808 1402 1808 1254 1807 1255 1809 1402 1808 1255 1809 1401 1810 1401 1810 1255 1809 1256 1811 1401 1810 1256 1811 1400 1812 1400 1812 1256 1811 1257 1813 1400 1812 1257 1813 1399 1814 1399 1814 1257 1813 1258 1815 1399 1814 1258 1815 1398 1816 1398 1816 1258 1815 1259 1817 1398 1816 1259 1817 1397 1818 1397 1818 1259 1817 1260 1819 1397 1818 1260 1819 1396 1820 1396 1820 1260 1819 1261 1821 1396 1820 1261 1821 1395 1822 1395 1822 1261 1821 1262 1823 1395 1822 1262 1823 1394 1824 1394 1824 1262 1823 1263 1825 1394 1824 1263 1825 1393 1826 1393 1826 1263 1825 1264 1827 1393 1826 1264 1827 1392 1828 1392 1828 1264 1827 347 1829 1392 1828 347 1829 345 1830 345 1830 347 1829 346 1831 345 1830 344 1832 1392 1828 1392 1828 344 1832 343 1833 1392 1828 343 1833 1519 1834 1519 1834 343 1833 342 1835 1519 1834 342 1835 341 1836 1519 1834 341 1836 1646 1837 1646 1837 341 1836 340 1838 1646 1837 340 1838 1773 1839 1773 1839 340 1838 339 1840 1773 1839 339 1840 1900 1841 1900 1841 339 1840 338 1842 1900 1841 338 1842 1901 1843 1901 1843 338 1842 2027 1844 1901 1843 2027 1844 2028 1845 2028 1845 2027 1844 2153 1846 2028 1845 2153 1846 2154 1847 2154 1847 2153 1846 1267 1848 2154 1847 1267 1848 1268 1849 338 1842 337 1850 2027 1844 2027 1844 337 1850 2152 1851 2027 1844 2152 1851 2153 1846 2153 1846 2152 1851 1266 1852 2153 1846 1266 1852 1267 1848 337 1850 336 1853 2152 1851 2152 1851 336 1853 1265 1854 2152 1851 1265 1854 1266 1852 1269 1855 2156 1856 1268 1849 1268 1849 2156 1856 2155 1857 1268 1849 2155 1857 2154 1847 2154 1847 2155 1857 2029 1858 2154 1847 2029 1858 2028 1845 2028 1845 2029 1858 1902 1859 2028 1845 1902 1859 1901 1843 1901 1843 1902 1859 1774 1860 1901 1843 1774 1860 1773 1839 1773 1839 1774 1860 1646 1837 2156 1856 1269 1855 2157 1861 2157 1861 1269 1855 1270 1862 2157 1861 1270 1862 2158 1863 2158 1863 1270 1862 1271 1864 2158 1863 1271 1864 2159 1865 2159 1865 1271 1864 1272 1866 2159 1865 1272 1866 2160 1867 2160 1867 1272 1866 1273 1868 2160 1867 1273 1868 2161 1869 2161 1869 1273 1868 1274 1870 2161 1869 1274 1870 2162 1871 2162 1871 1274 1870 1275 1872 2162 1871 1275 1872 1276 1873 1277 1874 2164 1875 1276 1873 1276 1873 2164 1875 2163 1876 1276 1873 2163 1876 2162 1871 2162 1871 2163 1876 2037 1877 2162 1871 2037 1877 2036 1878 2036 1878 2037 1877 1910 1879 2036 1878 1910 1879 1909 1880 1909 1880 1910 1879 1782 1881 1909 1880 1782 1881 1781 1882 1781 1882 1782 1881 1654 1883 1781 1882 1654 1883 1653 1884 1653 1884 1654 1883 1526 1885 1653 1884 1526 1885 1525 1886 1525 1886 1526 1885 1398 1816 1525 1886 1398 1816 1397 1818 2164 1875 1277 1874 2165 1887 2165 1887 1277 1874 1278 1888 2165 1887 1278 1888 2166 1889 2166 1889 1278 1888 1279 1890 2166 1889 1279 1890 2167 1891 2167 1891 1279 1890 1280 1892 2167 1891 1280 1892 2168 1893 2168 1893 1280 1892 1281 1894 2168 1893 1281 1894 2169 1895 2169 1895 1281 1894 1282 1896 2169 1895 1282 1896 2170 1897 2170 1897 1282 1896 1283 1898 2170 1897 1283 1898 1284 1899 2170 1897 1284 1899 2171 1900 2171 1900 1284 1899 1285 1901 2171 1900 1285 1901 2172 1902 2172 1902 1285 1901 1286 1903 2172 1902 1286 1903 2173 1904 2173 1904 1286 1903 1287 1905 2173 1904 1287 1905 2174 1906 2174 1906 1287 1905 1288 1907 2174 1906 1288 1907 2175 1908 2175 1908 1288 1907 1289 1909 2175 1908 1289 1909 2176 1910 2176 1910 1289 1909 1290 1911 2176 1910 1290 1911 1291 1912 2176 1910 1291 1912 2177 1913 2177 1913 1291 1912 1292 1914 2177 1913 1292 1914 2178 1915 2178 1915 1292 1914 2179 1916 2178 1915 2179 1916 2053 1917 2053 1917 2179 1916 2054 1918 2053 1917 2054 1918 1927 1919 1927 1919 2054 1918 1928 1920 1927 1919 1928 1920 1800 1921 1800 1921 1928 1920 1801 1922 1800 1921 1801 1922 1673 1923 1673 1923 1801 1922 1674 1924 1673 1923 1674 1924 1546 1925 1546 1925 1674 1924 1547 1926 1546 1925 1547 1926 1419 1774 1419 1774 1547 1926 1420 1772 1292 1914 1293 1927 2179 1916 2179 1916 1293 1927 2180 1928 2179 1916 2180 1928 2054 1918 2054 1918 2180 1928 2055 1929 2054 1918 2055 1929 1928 1920 1928 1920 2055 1929 1929 1930 1928 1920 1929 1930 1801 1922 1801 1922 1929 1930 1802 1931 1801 1922 1802 1931 1674 1924 1674 1924 1802 1931 1675 1932 1674 1924 1675 1932 1547 1926 1547 1926 1675 1932 1548 1933 1547 1926 1548 1933 1420 1772 1420 1772 1548 1933 1421 1770 1293 1927 1294 1934 2180 1928 2180 1928 1294 1934 2181 1935 2180 1928 2181 1935 2055 1929 2055 1929 2181 1935 2056 1936 2055 1929 2056 1936 1929 1930 1929 1930 2056 1936 1930 1937 1929 1930 1930 1937 1802 1931 1802 1931 1930 1937 1803 1938 1802 1931 1803 1938 1675 1932 1675 1932 1803 1938 1676 1939 1675 1932 1676 1939 1548 1933 1548 1933 1676 1939 1549 1940 1548 1933 1549 1940 1421 1770 1421 1770 1549 1940 1422 1768 1294 1934 1295 1941 2181 1935 2181 1935 1295 1941 2182 1942 2181 1935 2182 1942 2056 1936 2056 1936 2182 1942 2057 1943 2056 1936 2057 1943 1930 1937 1930 1937 2057 1943 1931 1944 1930 1937 1931 1944 1803 1938 1803 1938 1931 1944 1804 1945 1803 1938 1804 1945 1676 1939 1676 1939 1804 1945 1677 1946 1676 1939 1677 1946 1549 1940 1549 1940 1677 1946 1550 1947 1549 1940 1550 1947 1422 1768 1422 1768 1550 1947 1423 1766 1295 1941 1296 1948 2182 1942 2182 1942 1296 1948 1297 1949 2182 1942 1297 1949 2183 1950 2183 1950 1297 1949 2184 1951 2183 1950 2184 1951 2058 1952 2058 1952 2184 1951 2059 1953 2058 1952 2059 1953 1932 1954 1932 1954 2059 1953 1933 1955 1932 1954 1933 1955 1805 1956 1805 1956 1933 1955 1806 1957 1805 1956 1806 1957 1678 1958 1678 1958 1806 1957 1679 1959 1678 1958 1679 1959 1551 1960 1551 1960 1679 1959 1552 1961 1551 1960 1552 1961 1424 1764 1424 1764 1552 1961 1425 1762 1297 1949 1298 1962 2184 1951 2184 1951 1298 1962 2185 1963 2184 1951 2185 1963 2059 1953 2059 1953 2185 1963 2060 1964 2059 1953 2060 1964 1933 1955 1933 1955 2060 1964 1934 1965 1933 1955 1934 1965 1806 1957 1806 1957 1934 1965 1807 1966 1806 1957 1807 1966 1679 1959 1679 1959 1807 1966 1680 1967 1679 1959 1680 1967 1552 1961 1552 1961 1680 1967 1553 1968 1552 1961 1553 1968 1425 1762 1425 1762 1553 1968 1426 1760 1298 1962 1299 1969 2185 1963 2185 1963 1299 1969 1300 1970 2185 1963 1300 1970 2186 1971 2186 1971 1300 1970 2187 1972 2186 1971 2187 1972 2061 1973 2061 1973 2187 1972 2062 1974 2061 1973 2062 1974 1935 1975 1935 1975 2062 1974 1936 1976 1935 1975 1936 1976 1808 1977 1808 1977 1936 1976 1809 1978 1808 1977 1809 1978 1681 1979 1681 1979 1809 1978 1682 1980 1681 1979 1682 1980 1554 1981 1554 1981 1682 1980 1555 1982 1554 1981 1555 1982 1427 1758 1427 1758 1555 1982 1428 1756 1300 1970 1301 1983 2187 1972 2187 1972 1301 1983 2188 1984 2187 1972 2188 1984 2062 1974 2062 1974 2188 1984 2063 1985 2062 1974 2063 1985 1936 1976 1936 1976 2063 1985 1937 1986 1936 1976 1937 1986 1809 1978 1809 1978 1937 1986 1810 1987 1809 1978 1810 1987 1682 1980 1682 1980 1810 1987 1683 1988 1682 1980 1683 1988 1555 1982 1555 1982 1683 1988 1556 1989 1555 1982 1556 1989 1428 1756 1428 1756 1556 1989 1429 1504 1301 1983 1302 1990 2188 1984 2188 1984 1302 1990 1303 1991 2188 1984 1303 1991 2189 1992 2189 1992 1303 1991 2190 1993 2189 1992 2190 1993 2064 1994 2064 1994 2190 1993 2065 1995 2064 1994 2065 1995 1938 1996 1938 1996 2065 1995 1939 1997 1938 1996 1939 1997 1811 1998 1811 1998 1939 1997 1812 1999 1811 1998 1812 1999 1684 2000 1684 2000 1812 1999 1685 1500 1684 2000 1685 1500 1557 1502 1303 1991 1304 2001 2190 1993 2190 1993 1304 2001 1305 2002 2190 1993 1305 2002 2191 2003 2191 2003 1305 2002 2192 2004 2191 2003 2192 2004 2066 2005 2066 2005 2192 2004 2067 2006 2066 2005 2067 2006 1940 2007 1940 2007 2067 2006 1941 1496 1940 2007 1941 1496 1813 1498 1305 2002 1306 2008 2192 2004 2192 2004 1306 2008 1307 2009 2192 2004 1307 2009 2193 2010 2193 2010 1307 2009 2194 1492 2193 2010 2194 1492 2068 1494 1307 2009 1308 2011 2194 1492 2194 1492 1308 2011 1309 1490 1346 1418 1347 2012 2232 1416 2232 1416 1347 2012 2233 2013 2232 1416 2233 2013 2107 1414 2107 1414 2233 2013 2108 2014 2107 1414 2108 2014 1981 1412 1981 1412 2108 2014 1982 2015 1981 1412 1982 2015 1854 1410 1854 1410 1982 2015 1855 2016 1854 1410 1855 2016 1727 1408 1727 1408 1855 2016 1728 2017 1727 1408 1728 2017 1600 1406 1600 1406 1728 2017 1601 2018 1600 1406 1601 2018 1473 1388 1473 1388 1601 2018 1474 1389 1347 2012 1348 2019 2233 2013 2233 2013 1348 2019 2234 2020 2233 2013 2234 2020 2108 2014 2108 2014 2234 2020 2109 2021 2108 2014 2109 2021 1982 2015 1982 2015 2109 2021 1983 2022 1982 2015 1983 2022 1855 2016 1855 2016 1983 2022 1856 2023 1855 2016 1856 2023 1728 2017 1728 2017 1856 2023 1729 2024 1728 2017 1729 2024 1601 2018 1601 2018 1729 2024 1602 1390 1601 2018 1602 1390 1474 1389 1348 2019 1349 2025 2234 2020 2234 2020 1349 2025 2235 2026 2234 2020 2235 2026 2109 2021 2109 2021 2235 2026 2110 2027 2109 2021 2110 2027 1983 2022 1983 2022 2110 2027 1984 2028 1983 2022 1984 2028 1856 2023 1856 2023 1984 2028 1857 2029 1856 2023 1857 2029 1729 2024 1729 2024 1857 2029 1730 1392 1729 2024 1730 1392 1602 1390 1349 2025 1350 2030 2235 2026 2235 2026 1350 2030 2236 2031 2235 2026 2236 2031 2110 2027 2110 2027 2236 2031 2111 2032 2110 2027 2111 2032 1984 2028 1984 2028 2111 2032 1985 2033 1984 2028 1985 2033 1857 2029 1857 2029 1985 2033 1858 1394 1857 2029 1858 1394 1730 1392 1350 2030 1351 2034 2236 2031 2236 2031 1351 2034 2237 2035 2236 2031 2237 2035 2111 2032 2111 2032 2237 2035 2112 2036 2111 2032 2112 2036 1985 2033 1985 2033 2112 2036 1986 1396 1985 2033 1986 1396 1858 1394 1351 2034 1352 2037 2237 2035 2237 2035 1352 2037 2238 2038 2237 2035 2238 2038 2112 2036 2112 2036 2238 2038 2113 1398 2112 2036 2113 1398 1986 1396 1352 2037 1353 2039 2238 2038 2238 2038 1353 2039 2239 1400 2238 2038 2239 1400 2113 1398 1353 2039 1354 1402 2239 1400 2240 1401 1355 1403 2241 2040 2241 2040 1355 1403 1356 2041 2241 2040 1356 2041 2242 2042 2242 2042 1356 2041 1357 2043 2242 2042 1357 2043 2243 2044 2243 2044 1357 2043 1358 2045 2243 2044 1358 2045 2244 2046 2244 2046 1358 2045 1359 2047 2244 2046 1359 2047 2245 2048 2245 2048 1359 2047 1360 2049 2245 2048 1360 2049 2246 2050 2246 2050 1360 2049 1361 2051 2246 2050 1361 2051 2247 2052 2247 2052 1361 2051 1362 2053 2247 2052 1362 2053 2248 2054 2248 2054 1362 2053 1363 2055 2248 2054 1363 2055 2249 2056 2249 2056 1363 2055 1364 2057 2249 2056 1364 2057 2250 2058 2250 2058 1364 2057 1365 2059 2250 2058 1365 2059 1366 2060 1367 2061 2252 2062 1366 2060 1366 2060 2252 2062 2251 2063 1366 2060 2251 2063 2250 2058 2250 2058 2251 2063 2125 2064 2250 2058 2125 2064 2124 2065 2124 2065 2125 2064 1998 2066 2124 2065 1998 2066 1997 2067 1997 2067 1998 2066 1870 2068 1997 2067 1870 2068 1869 2069 1869 2069 1870 2068 1742 2070 1869 2069 1742 2070 1741 2071 1741 2071 1742 2070 1614 2072 1741 2071 1614 2072 1613 2073 1613 2073 1614 2072 1486 1362 1613 2073 1486 1362 1485 1364 1367 2061 1368 2074 2252 2062 2252 2062 1368 2074 2253 2075 2252 2062 2253 2075 2127 2076 2127 2076 2253 2075 2128 2077 2127 2076 2128 2077 2001 2078 2001 2078 2128 2077 2002 2079 2001 2078 2002 2079 1874 2080 1874 2080 2002 2079 1875 1295 1874 2080 1875 1295 1747 1297 1368 2074 1369 2081 2253 2075 2253 2075 1369 2081 2254 2082 2253 2075 2254 2082 2128 2077 2128 2077 2254 2082 2129 2083 2128 2077 2129 2083 2002 2079 2002 2079 2129 2083 2003 1293 2002 2079 2003 1293 1875 1295 2254 2082 1369 2081 2255 2084 2255 2084 1369 2081 1370 2085 2255 2084 1370 2085 2256 1289 2256 1289 1370 2085 1371 2086 2256 1289 1371 2086 1372 1287 1067 1245 1066 1241 2026 1243 1393 1826 1392 1828 1520 2087 1520 2087 1392 1828 1519 1834 1520 2087 1519 1834 1647 2088 1647 2088 1519 1834 1646 1837 1647 2088 1646 1837 1774 1860 1394 1824 1393 1826 1521 2089 1521 2089 1393 1826 1520 2087 1521 2089 1520 2087 1648 2090 1648 2090 1520 2087 1647 2088 1648 2090 1647 2088 1775 2091 1775 2091 1647 2088 1774 1860 1775 2091 1774 1860 1902 1859 1395 1822 1394 1824 1522 2092 1522 2092 1394 1824 1521 2089 1522 2092 1521 2089 1649 2093 1649 2093 1521 2089 1648 2090 1649 2093 1648 2090 1776 2094 1776 2094 1648 2090 1775 2091 1776 2094 1775 2091 1903 2095 1903 2095 1775 2091 1902 1859 1903 2095 1902 1859 2029 1858 1396 1820 1395 1822 1523 2096 1523 2096 1395 1822 1522 2092 1523 2096 1522 2092 1650 2097 1650 2097 1522 2092 1649 2093 1650 2097 1649 2093 1777 2098 1777 2098 1649 2093 1776 2094 1777 2098 1776 2094 1904 2099 1904 2099 1776 2094 1903 2095 1904 2099 1903 2095 2030 2100 2030 2100 1903 2095 2029 1858 2030 2100 2029 1858 2155 1857 1397 1818 1396 1820 1524 2101 1524 2101 1396 1820 1523 2096 1524 2101 1523 2096 1651 2102 1651 2102 1523 2096 1650 2097 1651 2102 1650 2097 1778 2103 1778 2103 1650 2097 1777 2098 1778 2103 1777 2098 1905 2104 1905 2104 1777 2098 1904 2099 1905 2104 1904 2099 2031 2105 2031 2105 1904 2099 2030 2100 2031 2105 2030 2100 2156 1856 2156 1856 2030 2100 2155 1857 1398 1816 1526 1885 1399 1814 1399 1814 1526 1885 1527 2106 1399 1814 1527 2106 1400 1812 1400 1812 1527 2106 1528 2107 1400 1812 1528 2107 1401 1810 1401 1810 1528 2107 1529 2108 1401 1810 1529 2108 1402 1808 1402 1808 1529 2108 1530 2109 1402 1808 1530 2109 1403 1806 1403 1806 1530 2109 1531 2110 1403 1806 1531 2110 1404 1804 1404 1804 1531 2110 1532 2111 1404 1804 1532 2111 1405 1802 1405 1802 1532 2111 1533 2112 1405 1802 1533 2112 1406 1800 1406 1800 1533 2112 1534 2113 1406 1800 1534 2113 1407 1798 1407 1798 1534 2113 1535 2114 1407 1798 1535 2114 1408 1796 1408 1796 1535 2114 1536 2115 1408 1796 1536 2115 1409 1794 1409 1794 1536 2115 1537 2116 1409 1794 1537 2116 1410 1792 1410 1792 1537 2116 1538 2117 1410 1792 1538 2117 1411 1790 1411 1790 1538 2117 1539 2118 1411 1790 1539 2118 1412 1788 1412 1788 1539 2118 1540 2119 1412 1788 1540 2119 1413 1786 1413 1786 1540 2119 1541 2120 1413 1786 1541 2120 1414 1784 1414 1784 1541 2120 1542 2121 1414 1784 1542 2121 1415 1782 1415 1782 1542 2121 1543 2122 1415 1782 1543 2122 1416 1780 1416 1780 1543 2122 1544 2123 1416 1780 1544 2123 1417 1778 1417 1778 1544 2123 1545 2124 1417 1778 1545 2124 1418 1776 1418 1776 1545 2124 1546 1925 1418 1776 1546 1925 1419 1774 1551 1960 1424 1764 1423 1766 1551 1960 1423 1766 1550 1947 1554 1981 1427 1758 1426 1760 1554 1981 1426 1760 1553 1968 1557 1502 1429 1504 1556 1989 1433 1750 1432 1752 1560 2125 1560 2125 1432 1752 1559 1754 1560 2125 1559 1754 1687 2126 1687 2126 1559 1754 1686 1499 1687 2126 1686 1499 1814 1497 1434 1748 1433 1750 1561 2127 1561 2127 1433 1750 1560 2125 1561 2127 1560 2125 1688 2128 1688 2128 1560 2125 1687 2126 1688 2128 1687 2126 1815 2129 1815 2129 1687 2126 1814 1497 1815 2129 1814 1497 1942 1495 1563 1735 1436 1733 1435 1746 1435 1746 1434 1748 1562 2130 1562 2130 1434 1748 1561 2127 1562 2130 1561 2127 1689 2131 1689 2131 1561 2127 1688 2128 1689 2131 1688 2128 1816 2132 1816 2132 1688 2128 1815 2129 1816 2132 1815 2129 1943 2133 1943 2133 1815 2129 1942 1495 1943 2133 1942 1495 2069 1493 1565 1721 1438 1719 1437 1732 1565 1721 1437 1732 1564 1734 1568 1705 1441 1703 1440 1716 1440 1716 1439 1718 1567 2134 1567 2134 1439 1718 1566 1720 1567 2134 1566 1720 1694 2135 1694 2135 1566 1720 1693 1722 1694 2135 1693 1722 1821 2136 1821 2136 1693 1722 1820 1724 1821 2136 1820 1724 1948 2137 1948 2137 1820 1724 1947 1726 1948 2137 1947 1726 2074 2138 2074 2138 1947 1726 2073 1728 2074 2138 2073 1728 2199 1483 2199 1483 2073 1728 2198 1485 1571 1689 1444 1687 1443 1700 1443 1700 1442 1702 1570 2139 1570 2139 1442 1702 1569 1704 1570 2139 1569 1704 1697 2140 1697 2140 1569 1704 1696 1706 1697 2140 1696 1706 1824 2141 1824 2141 1696 1706 1823 1708 1824 2141 1823 1708 1951 2142 1951 2142 1823 1708 1950 1710 1951 2142 1950 1710 2077 2143 2077 2143 1950 1710 2076 1712 2077 2143 2076 1712 2202 1477 2202 1477 2076 1712 2201 1479 1573 1675 1446 1673 1445 1686 1573 1675 1445 1686 1572 1688 1576 1663 1449 1662 1448 1670 1448 1670 1447 1672 1575 2144 1575 2144 1447 1672 1574 1674 1575 2144 1574 1674 1702 2145 1702 2145 1574 1674 1701 1676 1702 2145 1701 1676 1829 2146 1829 2146 1701 1676 1828 1678 1829 2146 1828 1678 1956 2147 1956 2147 1828 1678 1955 1680 1956 2147 1955 1680 2082 2148 2082 2148 1955 1680 2081 1682 2082 2148 2081 1682 2207 1467 2207 1467 2081 1682 2206 1469 1475 1384 1603 1391 1476 1382 1476 1382 1603 1391 1604 2149 1476 1382 1604 2149 1477 1380 1477 1380 1604 2149 1605 2150 1477 1380 1605 2150 1478 1378 1478 1378 1605 2150 1606 2151 1478 1378 1606 2151 1479 1376 1479 1376 1606 2151 1607 2152 1479 1376 1607 2152 1480 1374 1480 1374 1607 2152 1608 2153 1480 1374 1608 2153 1481 1372 1481 1372 1608 2153 1609 2154 1481 1372 1609 2154 1482 1370 1482 1370 1609 2154 1610 2155 1482 1370 1610 2155 1483 1368 1483 1368 1610 2155 1611 2156 1483 1368 1611 2156 1484 1366 1484 1366 1611 2156 1612 2157 1484 1366 1612 2157 1485 1364 1485 1364 1612 2157 1613 2073 1486 1362 1614 2072 1487 1360 1487 1360 1614 2072 1615 2158 1487 1360 1615 2158 1488 1358 1488 1358 1615 2158 1616 2159 1488 1358 1616 2159 1489 1356 1489 1356 1616 2159 1617 2160 1489 1356 1617 2160 1490 1354 1490 1354 1617 2160 1618 2161 1490 1354 1618 2161 1491 1301 1491 1301 1618 2161 1619 1299 1492 1300 1620 1298 1493 1352 1493 1352 1620 1298 1621 2162 1493 1352 1621 2162 1494 1350 1494 1350 1621 2162 1622 2163 1494 1350 1622 2163 1495 1348 1495 1348 1622 2163 1623 2164 1495 1348 1623 2164 1496 1346 1496 1346 1623 2164 1624 2165 1496 1346 1624 2165 1497 1344 1497 1344 1624 2165 1625 2166 1497 1344 1625 2166 1498 1342 1498 1342 1625 2166 1626 2167 1498 1342 1626 2167 1499 1340 1499 1340 1626 2167 1627 2168 1499 1340 1627 2168 1500 1338 1500 1338 1627 2168 1628 2169 1500 1338 1628 2169 1501 1336 1501 1336 1628 2169 1629 2170 1501 1336 1629 2170 1502 1334 1502 1334 1629 2170 1630 2171 1502 1334 1630 2171 1503 1332 1503 1332 1630 2171 1631 2172 1503 1332 1631 2172 1504 1330 1504 1330 1631 2172 1632 2173 1504 1330 1632 2173 1505 1328 1505 1328 1632 2173 1633 2174 1505 1328 1633 2174 1506 1326 1506 1326 1633 2174 1634 2175 1506 1326 1634 2175 1507 1324 1507 1324 1634 2175 1635 2176 1507 1324 1635 2176 1508 1322 1508 1322 1635 2176 1636 2177 1508 1322 1636 2177 1509 1320 1509 1320 1636 2177 1637 2178 1509 1320 1637 2178 1510 1318 1510 1318 1637 2178 1638 2179 1510 1318 1638 2179 1511 1316 1511 1316 1638 2179 1639 2180 1511 1316 1639 2180 1512 1314 1512 1314 1639 2180 1640 2181 1512 1314 1640 2181 1513 1312 1513 1312 1640 2181 1641 2182 1513 1312 1641 2182 1514 1310 1514 1310 1641 2182 1642 2183 1514 1310 1642 2183 1515 1308 1515 1308 1642 2183 1643 2184 1515 1308 1643 2184 1516 1306 1516 1306 1643 2184 1644 2185 1516 1306 1644 2185 1517 1304 1517 1304 1644 2185 1645 1235 1517 1304 1645 1235 1518 1231 1397 1818 1524 2101 1525 1886 1525 1886 1524 2101 1652 2186 1525 1886 1652 2186 1653 1884 1653 1884 1652 2186 1780 2187 1653 1884 1780 2187 1781 1882 1781 1882 1780 2187 1908 2188 1781 1882 1908 2188 1909 1880 1909 1880 1908 2188 2035 2189 1909 1880 2035 2189 2036 1878 2036 1878 2035 2189 2161 1869 2036 1878 2161 1869 2162 1871 1652 2186 1524 2101 1651 2102 1526 1885 1654 1883 1527 2106 1527 2106 1654 1883 1655 2190 1527 2106 1655 2190 1528 2107 1528 2107 1655 2190 1656 2191 1528 2107 1656 2191 1529 2108 1529 2108 1656 2191 1657 2192 1529 2108 1657 2192 1530 2109 1530 2109 1657 2192 1658 2193 1530 2109 1658 2193 1531 2110 1531 2110 1658 2193 1659 2194 1531 2110 1659 2194 1532 2111 1532 2111 1659 2194 1660 2195 1532 2111 1660 2195 1533 2112 1533 2112 1660 2195 1661 2196 1533 2112 1661 2196 1534 2113 1534 2113 1661 2196 1662 2197 1534 2113 1662 2197 1535 2114 1535 2114 1662 2197 1663 2198 1535 2114 1663 2198 1536 2115 1536 2115 1663 2198 1664 2199 1536 2115 1664 2199 1537 2116 1537 2116 1664 2199 1665 2200 1537 2116 1665 2200 1538 2117 1538 2117 1665 2200 1666 2201 1538 2117 1666 2201 1539 2118 1539 2118 1666 2201 1667 2202 1539 2118 1667 2202 1540 2119 1540 2119 1667 2202 1668 2203 1540 2119 1668 2203 1541 2120 1541 2120 1668 2203 1669 2204 1541 2120 1669 2204 1542 2121 1542 2121 1669 2204 1670 2205 1542 2121 1670 2205 1543 2122 1543 2122 1670 2205 1671 2206 1543 2122 1671 2206 1544 2123 1544 2123 1671 2206 1672 2207 1544 2123 1672 2207 1545 2124 1545 2124 1672 2207 1673 1923 1545 2124 1673 1923 1546 1925 1678 1958 1551 1960 1550 1947 1678 1958 1550 1947 1677 1946 1681 1979 1554 1981 1553 1968 1681 1979 1553 1968 1680 1967 1684 2000 1557 1502 1556 1989 1684 2000 1556 1989 1683 1988 1690 1737 1563 1735 1562 2130 1562 2130 1563 1735 1435 1746 1690 1737 1562 2130 1689 2131 1692 1723 1565 1721 1564 1734 1692 1723 1564 1734 1691 1736 1695 1707 1568 1705 1567 2134 1567 2134 1568 1705 1440 1716 1695 1707 1567 2134 1694 2135 1698 1691 1571 1689 1570 2139 1570 2139 1571 1689 1443 1700 1698 1691 1570 2139 1697 2140 1700 1677 1573 1675 1572 1688 1700 1677 1572 1688 1699 1690 1703 1664 1576 1663 1575 2144 1575 2144 1576 1663 1448 1670 1703 1664 1575 2144 1702 2145 1603 1391 1731 1393 1604 2149 1604 2149 1731 1393 1732 2208 1604 2149 1732 2208 1605 2150 1605 2150 1732 2208 1733 2209 1605 2150 1733 2209 1606 2151 1606 2151 1733 2209 1734 2210 1606 2151 1734 2210 1607 2152 1607 2152 1734 2210 1735 2211 1607 2152 1735 2211 1608 2153 1608 2153 1735 2211 1736 2212 1608 2153 1736 2212 1609 2154 1609 2154 1736 2212 1737 2213 1609 2154 1737 2213 1610 2155 1610 2155 1737 2213 1738 2214 1610 2155 1738 2214 1611 2156 1611 2156 1738 2214 1739 2215 1611 2156 1739 2215 1612 2157 1612 2157 1739 2215 1740 2216 1612 2157 1740 2216 1613 2073 1613 2073 1740 2216 1741 2071 1614 2072 1742 2070 1615 2158 1615 2158 1742 2070 1743 2217 1615 2158 1743 2217 1616 2159 1616 2159 1743 2217 1744 2218 1616 2159 1744 2218 1617 2160 1617 2160 1744 2218 1745 2219 1617 2160 1745 2219 1618 2161 1618 2161 1745 2219 1746 2220 1618 2161 1746 2220 1619 1299 1619 1299 1746 2220 1747 1297 1620 1298 1748 1296 1621 2162 1621 2162 1748 1296 1749 2221 1621 2162 1749 2221 1622 2163 1622 2163 1749 2221 1750 2222 1622 2163 1750 2222 1623 2164 1623 2164 1750 2222 1751 2223 1623 2164 1751 2223 1624 2165 1624 2165 1751 2223 1752 2224 1624 2165 1752 2224 1625 2166 1625 2166 1752 2224 1753 2225 1625 2166 1753 2225 1626 2167 1626 2167 1753 2225 1754 2226 1626 2167 1754 2226 1627 2168 1627 2168 1754 2226 1755 2227 1627 2168 1755 2227 1628 2169 1628 2169 1755 2227 1756 2228 1628 2169 1756 2228 1629 2170 1629 2170 1756 2228 1757 2229 1629 2170 1757 2229 1630 2171 1630 2171 1757 2229 1758 2230 1630 2171 1758 2230 1631 2172 1631 2172 1758 2230 1759 2231 1631 2172 1759 2231 1632 2173 1632 2173 1759 2231 1760 2232 1632 2173 1760 2232 1633 2174 1633 2174 1760 2232 1761 2233 1633 2174 1761 2233 1634 2175 1634 2175 1761 2233 1762 2234 1634 2175 1762 2234 1635 2176 1635 2176 1762 2234 1763 2235 1635 2176 1763 2235 1636 2177 1636 2177 1763 2235 1764 2236 1636 2177 1764 2236 1637 2178 1637 2178 1764 2236 1765 2237 1637 2178 1765 2237 1638 2179 1638 2179 1765 2237 1766 2238 1638 2179 1766 2238 1639 2180 1639 2180 1766 2238 1767 2239 1639 2180 1767 2239 1640 2181 1640 2181 1767 2239 1768 2240 1640 2181 1768 2240 1641 2182 1641 2182 1768 2240 1769 2241 1641 2182 1769 2241 1642 2183 1642 2183 1769 2241 1770 2242 1642 2183 1770 2242 1643 2184 1643 2184 1770 2242 1771 2243 1643 2184 1771 2243 1644 2185 1644 2185 1771 2243 1772 1238 1644 2185 1772 1238 1645 1235 1652 2186 1651 2102 1779 2244 1779 2244 1651 2102 1778 2103 1779 2244 1778 2103 1906 2245 1906 2245 1778 2103 1905 2104 1906 2245 1905 2104 2032 2246 2032 2246 1905 2104 2031 2105 2032 2246 2031 2105 2157 1861 2157 1861 2031 2105 2156 1856 1654 1883 1782 1881 1655 2190 1655 2190 1782 1881 1783 2247 1655 2190 1783 2247 1656 2191 1656 2191 1783 2247 1784 2248 1656 2191 1784 2248 1657 2192 1657 2192 1784 2248 1785 2249 1657 2192 1785 2249 1658 2193 1658 2193 1785 2249 1786 2250 1658 2193 1786 2250 1659 2194 1659 2194 1786 2250 1787 2251 1659 2194 1787 2251 1660 2195 1660 2195 1787 2251 1788 2252 1660 2195 1788 2252 1661 2196 1661 2196 1788 2252 1789 2253 1661 2196 1789 2253 1662 2197 1662 2197 1789 2253 1790 2254 1662 2197 1790 2254 1663 2198 1663 2198 1790 2254 1791 2255 1663 2198 1791 2255 1664 2199 1664 2199 1791 2255 1792 2256 1664 2199 1792 2256 1665 2200 1665 2200 1792 2256 1793 2257 1665 2200 1793 2257 1666 2201 1666 2201 1793 2257 1794 2258 1666 2201 1794 2258 1667 2202 1667 2202 1794 2258 1795 2259 1667 2202 1795 2259 1668 2203 1668 2203 1795 2259 1796 2260 1668 2203 1796 2260 1669 2204 1669 2204 1796 2260 1797 2261 1669 2204 1797 2261 1670 2205 1670 2205 1797 2261 1798 2262 1670 2205 1798 2262 1671 2206 1671 2206 1798 2262 1799 2263 1671 2206 1799 2263 1672 2207 1672 2207 1799 2263 1800 1921 1672 2207 1800 1921 1673 1923 1805 1956 1678 1958 1677 1946 1805 1956 1677 1946 1804 1945 1808 1977 1681 1979 1680 1967 1808 1977 1680 1967 1807 1966 1811 1998 1684 2000 1683 1988 1811 1998 1683 1988 1810 1987 1813 1498 1685 1500 1812 1999 1817 1739 1690 1737 1689 2131 1817 1739 1689 2131 1816 2132 1819 1725 1692 1723 1691 1736 1819 1725 1691 1736 1818 1738 1822 1709 1695 1707 1694 2135 1822 1709 1694 2135 1821 2136 1825 1693 1698 1691 1697 2140 1825 1693 1697 2140 1824 2141 1827 1679 1700 1677 1699 1690 1827 1679 1699 1690 1826 1692 1830 1665 1703 1664 1702 2145 1830 1665 1702 2145 1829 2146 1731 1393 1859 1395 1732 2208 1732 2208 1859 1395 1860 2264 1732 2208 1860 2264 1733 2209 1733 2209 1860 2264 1861 2265 1733 2209 1861 2265 1734 2210 1734 2210 1861 2265 1862 2266 1734 2210 1862 2266 1735 2211 1735 2211 1862 2266 1863 2267 1735 2211 1863 2267 1736 2212 1736 2212 1863 2267 1864 2268 1736 2212 1864 2268 1737 2213 1737 2213 1864 2268 1865 2269 1737 2213 1865 2269 1738 2214 1738 2214 1865 2269 1866 2270 1738 2214 1866 2270 1739 2215 1739 2215 1866 2270 1867 2271 1739 2215 1867 2271 1740 2216 1740 2216 1867 2271 1868 2272 1740 2216 1868 2272 1741 2071 1741 2071 1868 2272 1869 2069 1742 2070 1870 2068 1743 2217 1743 2217 1870 2068 1871 2273 1743 2217 1871 2273 1744 2218 1744 2218 1871 2273 1872 2274 1744 2218 1872 2274 1745 2219 1745 2219 1872 2274 1873 2275 1745 2219 1873 2275 1746 2220 1746 2220 1873 2275 1874 2080 1746 2220 1874 2080 1747 1297 1748 1296 1876 1294 1749 2221 1749 2221 1876 1294 1877 2276 1749 2221 1877 2276 1750 2222 1750 2222 1877 2276 1878 2277 1750 2222 1878 2277 1751 2223 1751 2223 1878 2277 1879 2278 1751 2223 1879 2278 1752 2224 1752 2224 1879 2278 1880 2279 1752 2224 1880 2279 1753 2225 1753 2225 1880 2279 1881 2280 1753 2225 1881 2280 1754 2226 1754 2226 1881 2280 1882 2281 1754 2226 1882 2281 1755 2227 1755 2227 1882 2281 1883 2282 1755 2227 1883 2282 1756 2228 1756 2228 1883 2282 1884 2283 1756 2228 1884 2283 1757 2229 1757 2229 1884 2283 1885 2284 1757 2229 1885 2284 1758 2230 1758 2230 1885 2284 1886 2285 1758 2230 1886 2285 1759 2231 1759 2231 1886 2285 1887 2286 1759 2231 1887 2286 1760 2232 1760 2232 1887 2286 1888 2287 1760 2232 1888 2287 1761 2233 1761 2233 1888 2287 1889 2288 1761 2233 1889 2288 1762 2234 1762 2234 1889 2288 1890 2289 1762 2234 1890 2289 1763 2235 1763 2235 1890 2289 1891 2290 1763 2235 1891 2290 1764 2236 1764 2236 1891 2290 1892 2291 1764 2236 1892 2291 1765 2237 1765 2237 1892 2291 1893 2292 1765 2237 1893 2292 1766 2238 1766 2238 1893 2292 1894 2293 1766 2238 1894 2293 1767 2239 1767 2239 1894 2293 1895 2294 1767 2239 1895 2294 1768 2240 1768 2240 1895 2294 1896 2295 1768 2240 1896 2295 1769 2241 1769 2241 1896 2295 1897 2296 1769 2241 1897 2296 1770 2242 1770 2242 1897 2296 1898 1242 1770 2242 1898 1242 1771 2243 1771 2243 1898 1242 1899 1240 1771 2243 1899 1240 1772 1238 1900 1841 1901 1843 1773 1839 1652 2186 1779 2244 1780 2187 1780 2187 1779 2244 1907 2297 1780 2187 1907 2297 1908 2188 1908 2188 1907 2297 2034 2298 1908 2188 2034 2298 2035 2189 2035 2189 2034 2298 2160 1867 2035 2189 2160 1867 2161 1869 1907 2297 1779 2244 1906 2245 1782 1881 1910 1879 1783 2247 1783 2247 1910 1879 1911 2299 1783 2247 1911 2299 1784 2248 1784 2248 1911 2299 1912 2300 1784 2248 1912 2300 1785 2249 1785 2249 1912 2300 1913 2301 1785 2249 1913 2301 1786 2250 1786 2250 1913 2301 1914 2302 1786 2250 1914 2302 1787 2251 1787 2251 1914 2302 1915 2303 1787 2251 1915 2303 1788 2252 1788 2252 1915 2303 1916 2304 1788 2252 1916 2304 1789 2253 1789 2253 1916 2304 1917 2305 1789 2253 1917 2305 1790 2254 1790 2254 1917 2305 1918 2306 1790 2254 1918 2306 1791 2255 1791 2255 1918 2306 1919 2307 1791 2255 1919 2307 1792 2256 1792 2256 1919 2307 1920 2308 1792 2256 1920 2308 1793 2257 1793 2257 1920 2308 1921 2309 1793 2257 1921 2309 1794 2258 1794 2258 1921 2309 1922 2310 1794 2258 1922 2310 1795 2259 1795 2259 1922 2310 1923 2311 1795 2259 1923 2311 1796 2260 1796 2260 1923 2311 1924 2312 1796 2260 1924 2312 1797 2261 1797 2261 1924 2312 1925 2313 1797 2261 1925 2313 1798 2262 1798 2262 1925 2313 1926 2314 1798 2262 1926 2314 1799 2263 1799 2263 1926 2314 1927 1919 1799 2263 1927 1919 1800 1921 1932 1954 1805 1956 1804 1945 1932 1954 1804 1945 1931 1944 1935 1975 1808 1977 1807 1966 1935 1975 1807 1966 1934 1965 1938 1996 1811 1998 1810 1987 1938 1996 1810 1987 1937 1986 1940 2007 1813 1498 1812 1999 1940 2007 1812 1999 1939 1997 1944 1741 1817 1739 1816 2132 1944 1741 1816 2132 1943 2133 1946 1727 1819 1725 1818 1738 1946 1727 1818 1738 1945 1740 1949 1711 1822 1709 1821 2136 1949 1711 1821 2136 1948 2137 1952 1695 1825 1693 1824 2141 1952 1695 1824 2141 1951 2142 1954 1681 1827 1679 1826 1692 1954 1681 1826 1692 1953 1694 1957 1666 1830 1665 1829 2146 1957 1666 1829 2146 1956 2147 1859 1395 1987 1397 1860 2264 1860 2264 1987 1397 1988 2315 1860 2264 1988 2315 1861 2265 1861 2265 1988 2315 1989 2316 1861 2265 1989 2316 1862 2266 1862 2266 1989 2316 1990 2317 1862 2266 1990 2317 1863 2267 1863 2267 1990 2317 1991 2318 1863 2267 1991 2318 1864 2268 1864 2268 1991 2318 1992 2319 1864 2268 1992 2319 1865 2269 1865 2269 1992 2319 1993 2320 1865 2269 1993 2320 1866 2270 1866 2270 1993 2320 1994 2321 1866 2270 1994 2321 1867 2271 1867 2271 1994 2321 1995 2322 1867 2271 1995 2322 1868 2272 1868 2272 1995 2322 1996 2323 1868 2272 1996 2323 1869 2069 1869 2069 1996 2323 1997 2067 1870 2068 1998 2066 1871 2273 1871 2273 1998 2066 1999 2324 1871 2273 1999 2324 1872 2274 1872 2274 1999 2324 2000 2325 1872 2274 2000 2325 1873 2275 1873 2275 2000 2325 2001 2078 1873 2275 2001 2078 1874 2080 1876 1294 2004 1292 1877 2276 1877 2276 2004 1292 2005 2326 1877 2276 2005 2326 1878 2277 1878 2277 2005 2326 2006 2327 1878 2277 2006 2327 1879 2278 1879 2278 2006 2327 2007 2328 1879 2278 2007 2328 1880 2279 1880 2279 2007 2328 2008 2329 1880 2279 2008 2329 1881 2280 1881 2280 2008 2329 2009 2330 1881 2280 2009 2330 1882 2281 1882 2281 2009 2330 2010 2331 1882 2281 2010 2331 1883 2282 1883 2282 2010 2331 2011 2332 1883 2282 2011 2332 1884 2283 1884 2283 2011 2332 2012 2333 1884 2283 2012 2333 1885 2284 1885 2284 2012 2333 2013 2334 1885 2284 2013 2334 1886 2285 1886 2285 2013 2334 2014 2335 1886 2285 2014 2335 1887 2286 1887 2286 2014 2335 2015 2336 1887 2286 2015 2336 1888 2287 1888 2287 2015 2336 2016 2337 1888 2287 2016 2337 1889 2288 1889 2288 2016 2337 2017 2338 1889 2288 2017 2338 1890 2289 1890 2289 2017 2338 2018 2339 1890 2289 2018 2339 1891 2290 1891 2290 2018 2339 2019 2340 1891 2290 2019 2340 1892 2291 1892 2291 2019 2340 2020 2341 1892 2291 2020 2341 1893 2292 1893 2292 2020 2341 2021 2342 1893 2292 2021 2342 1894 2293 1894 2293 2021 2342 2022 2343 1894 2293 2022 2343 1895 2294 1895 2294 2022 2343 2023 2344 1895 2294 2023 2344 1896 2295 1896 2295 2023 2344 2024 2345 1896 2295 2024 2345 1897 2296 1897 2296 2024 2345 2025 1244 1897 2296 2025 1244 1898 1242 1907 2297 1906 2245 2033 2346 2033 2346 1906 2245 2032 2246 2033 2346 2032 2246 2158 1863 2158 1863 2032 2246 2157 1861 1910 1879 2037 1877 1911 2299 1911 2299 2037 1877 2038 2347 1911 2299 2038 2347 1912 2300 1912 2300 2038 2347 2039 2348 1912 2300 2039 2348 1913 2301 1913 2301 2039 2348 2040 2349 1913 2301 2040 2349 1914 2302 1914 2302 2040 2349 2041 2350 1914 2302 2041 2350 1915 2303 1915 2303 2041 2350 2042 2351 1915 2303 2042 2351 1916 2304 1916 2304 2042 2351 2043 2352 1916 2304 2043 2352 1917 2305 1917 2305 2043 2352 2044 2353 1917 2305 2044 2353 1918 2306 1918 2306 2044 2353 2045 2354 1918 2306 2045 2354 1919 2307 1919 2307 2045 2354 2046 2355 1919 2307 2046 2355 1920 2308 1920 2308 2046 2355 2047 2356 1920 2308 2047 2356 1921 2309 1921 2309 2047 2356 2048 2357 1921 2309 2048 2357 1922 2310 1922 2310 2048 2357 2049 2358 1922 2310 2049 2358 1923 2311 1923 2311 2049 2358 2050 2359 1923 2311 2050 2359 1924 2312 1924 2312 2050 2359 2051 2360 1924 2312 2051 2360 1925 2313 1925 2313 2051 2360 2052 2361 1925 2313 2052 2361 1926 2314 1926 2314 2052 2361 2053 1917 1926 2314 2053 1917 1927 1919 2058 1952 1932 1954 1931 1944 2058 1952 1931 1944 2057 1943 2061 1973 1935 1975 1934 1965 2061 1973 1934 1965 2060 1964 2064 1994 1938 1996 1937 1986 2064 1994 1937 1986 2063 1985 2066 2005 1940 2007 1939 1997 2066 2005 1939 1997 2065 1995 2068 1494 1941 1496 2067 2006 2070 1743 1944 1741 1943 2133 2070 1743 1943 2133 2069 1493 2072 1729 1946 1727 1945 1740 2072 1729 1945 1740 2071 1742 2075 1713 1949 1711 1948 2137 2075 1713 1948 2137 2074 2138 2078 1697 1952 1695 1951 2142 2078 1697 1951 2142 2077 2143 2080 1683 1954 1681 1953 1694 2080 1683 1953 1694 2079 1696 2083 1667 1957 1666 1956 2147 2083 1667 1956 2147 2082 2148 1987 1397 2114 1399 1988 2315 1988 2315 2114 1399 2115 2362 1988 2315 2115 2362 1989 2316 1989 2316 2115 2362 2116 2363 1989 2316 2116 2363 1990 2317 1990 2317 2116 2363 2117 2364 1990 2317 2117 2364 1991 2318 1991 2318 2117 2364 2118 2365 1991 2318 2118 2365 1992 2319 1992 2319 2118 2365 2119 2366 1992 2319 2119 2366 1993 2320 1993 2320 2119 2366 2120 2367 1993 2320 2120 2367 1994 2321 1994 2321 2120 2367 2121 2368 1994 2321 2121 2368 1995 2322 1995 2322 2121 2368 2122 2369 1995 2322 2122 2369 1996 2323 1996 2323 2122 2369 2123 2370 1996 2323 2123 2370 1997 2067 1997 2067 2123 2370 2124 2065 1998 2066 2125 2064 1999 2324 1999 2324 2125 2064 2126 2371 1999 2324 2126 2371 2000 2325 2000 2325 2126 2371 2127 2076 2000 2325 2127 2076 2001 2078 2130 1291 2003 1293 2129 2083 2004 1292 2131 1290 2005 2326 2005 2326 2131 1290 2132 2372 2005 2326 2132 2372 2006 2327 2006 2327 2132 2372 2133 2373 2006 2327 2133 2373 2007 2328 2007 2328 2133 2373 2134 2374 2007 2328 2134 2374 2008 2329 2008 2329 2134 2374 2135 2375 2008 2329 2135 2375 2009 2330 2009 2330 2135 2375 2136 2376 2009 2330 2136 2376 2010 2331 2010 2331 2136 2376 2137 2377 2010 2331 2137 2377 2011 2332 2011 2332 2137 2377 2138 2378 2011 2332 2138 2378 2012 2333 2012 2333 2138 2378 2139 2379 2012 2333 2139 2379 2013 2334 2013 2334 2139 2379 2140 2380 2013 2334 2140 2380 2014 2335 2014 2335 2140 2380 2141 2381 2014 2335 2141 2381 2015 2336 2015 2336 2141 2381 2142 2382 2015 2336 2142 2382 2016 2337 2016 2337 2142 2382 2143 2383 2016 2337 2143 2383 2017 2338 2017 2338 2143 2383 2144 2384 2017 2338 2144 2384 2018 2339 2018 2339 2144 2384 2145 2385 2018 2339 2145 2385 2019 2340 2019 2340 2145 2385 2146 2386 2019 2340 2146 2386 2020 2341 2020 2341 2146 2386 2147 2387 2020 2341 2147 2387 2021 2342 2021 2342 2147 2387 2148 2388 2021 2342 2148 2388 2022 2343 2022 2343 2148 2388 2149 2389 2022 2343 2149 2389 2023 2344 2023 2344 2149 2389 2150 2390 2023 2344 2150 2390 2024 2345 2024 2345 2150 2390 2151 1246 2024 2345 2151 1246 2025 1244 1907 2297 2033 2346 2034 2298 2034 2298 2033 2346 2159 1865 2034 2298 2159 1865 2160 1867 2159 1865 2033 2346 2158 1863 2037 1877 2163 1876 2038 2347 2038 2347 2163 1876 2164 1875 2038 2347 2164 1875 2039 2348 2039 2348 2164 1875 2165 1887 2039 2348 2165 1887 2040 2349 2040 2349 2165 1887 2166 1889 2040 2349 2166 1889 2041 2350 2041 2350 2166 1889 2167 1891 2041 2350 2167 1891 2042 2351 2042 2351 2167 1891 2168 1893 2042 2351 2168 1893 2043 2352 2043 2352 2168 1893 2169 1895 2043 2352 2169 1895 2044 2353 2044 2353 2169 1895 2170 1897 2044 2353 2170 1897 2045 2354 2045 2354 2170 1897 2171 1900 2045 2354 2171 1900 2046 2355 2046 2355 2171 1900 2172 1902 2046 2355 2172 1902 2047 2356 2047 2356 2172 1902 2173 1904 2047 2356 2173 1904 2048 2357 2048 2357 2173 1904 2174 1906 2048 2357 2174 1906 2049 2358 2049 2358 2174 1906 2175 1908 2049 2358 2175 1908 2050 2359 2050 2359 2175 1908 2176 1910 2050 2359 2176 1910 2051 2360 2051 2360 2176 1910 2177 1913 2051 2360 2177 1913 2052 2361 2052 2361 2177 1913 2178 1915 2052 2361 2178 1915 2053 1917 2183 1950 2058 1952 2057 1943 2183 1950 2057 1943 2182 1942 2186 1971 2061 1973 2060 1964 2186 1971 2060 1964 2185 1963 2189 1992 2064 1994 2063 1985 2189 1992 2063 1985 2188 1984 2191 2003 2066 2005 2065 1995 2191 2003 2065 1995 2190 1993 2193 2010 2068 1494 2067 2006 2193 2010 2067 2006 2192 2004 2195 1491 2070 1743 2069 1493 2197 1487 2072 1729 2071 1742 2197 1487 2071 1742 2196 1489 2200 1481 2075 1713 2074 2138 2200 1481 2074 2138 2199 1483 2203 1475 2078 1697 2077 2143 2203 1475 2077 2143 2202 1477 2205 1471 2080 1683 2079 1696 2205 1471 2079 1696 2204 1473 2208 1465 2083 1667 2082 2148 2208 1465 2082 2148 2207 1467 2114 1399 2240 1401 2115 2362 2115 2362 2240 1401 2241 2040 2115 2362 2241 2040 2116 2363 2116 2363 2241 2040 2242 2042 2116 2363 2242 2042 2117 2364 2117 2364 2242 2042 2243 2044 2117 2364 2243 2044 2118 2365 2118 2365 2243 2044 2244 2046 2118 2365 2244 2046 2119 2366 2119 2366 2244 2046 2245 2048 2119 2366 2245 2048 2120 2367 2120 2367 2245 2048 2246 2050 2120 2367 2246 2050 2121 2368 2121 2368 2246 2050 2247 2052 2121 2368 2247 2052 2122 2369 2122 2369 2247 2052 2248 2054 2122 2369 2248 2054 2123 2370 2123 2370 2248 2054 2249 2056 2123 2370 2249 2056 2124 2065 2124 2065 2249 2056 2250 2058 2252 2062 2127 2076 2126 2371 2252 2062 2126 2371 2251 2063 2251 2063 2126 2371 2125 2064 2254 2082 2255 2084 2129 2083 2129 2083 2255 2084 2130 1291 2255 2084 2256 1289 2130 1291 2131 1290 2257 1288 2132 2372 2132 2372 2257 1288 2258 1285 2132 2372 2258 1285 2133 2373 2133 2373 2258 1285 2259 1283 2133 2373 2259 1283 2134 2374 2134 2374 2259 1283 2260 1281 2134 2374 2260 1281 2135 2375 2135 2375 2260 1281 2261 1279 2135 2375 2261 1279 2136 2376 2136 2376 2261 1279 2262 1277 2136 2376 2262 1277 2137 2377 2137 2377 2262 1277 2263 1275 2137 2377 2263 1275 2138 2378 2138 2378 2263 1275 2264 1273 2138 2378 2264 1273 2139 2379 2139 2379 2264 1273 2265 1271 2139 2379 2265 1271 2140 2380 2140 2380 2265 1271 2266 1269 2140 2380 2266 1269 2141 2381 2141 2381 2266 1269 2267 1267 2141 2381 2267 1267 2142 2382 2142 2382 2267 1267 2268 1265 2142 2382 2268 1265 2143 2383 2143 2383 2268 1265 2269 1263 2143 2383 2269 1263 2144 2384 2144 2384 2269 1263 2270 1261 2144 2384 2270 1261 2145 2385 2145 2385 2270 1261 2271 1259 2145 2385 2271 1259 2146 2386 2146 2386 2271 1259 2272 1257 2146 2386 2272 1257 2147 2387 2147 2387 2272 1257 2273 1255 2147 2387 2273 1255 2148 2388 2148 2388 2273 1255 2274 1253 2148 2388 2274 1253 2149 2389 2149 2389 2274 1253 2275 1251 2149 2389 2275 1251 2150 2390 2150 2390 2275 1251 2276 1248 2150 2390 2276 1248 2151 1246 2363 2531 2529 2532 2362 2533 2362 2533 2529 2532 2446 2534 2362 2533 2446 2534 2445 2535 2445 2535 2446 2534 2447 2536 2445 2535 2447 2536 2444 2537 2444 2537 2447 2536 2448 2538 2444 2537 2448 2538 2443 2539 2443 2539 2448 2538 2449 2540 2443 2539 2449 2540 2442 2541 2442 2541 2449 2540 2450 2542 2442 2541 2450 2542 2441 2543 2441 2543 2450 2542 2451 2544 2441 2543 2451 2544 2440 2545 2440 2545 2451 2544 2452 2546 2440 2545 2452 2546 2439 2547 2439 2547 2452 2546 2453 2548 2439 2547 2453 2548 2438 2549 2438 2549 2453 2548 2454 2550 2438 2549 2454 2550 2437 2551 2437 2551 2454 2550 2455 2552 2437 2551 2455 2552 2436 2553 2436 2553 2455 2552 2456 2554 2436 2553 2456 2554 2435 2555 2435 2555 2456 2554 2457 2556 2435 2555 2457 2556 2434 2557 2434 2557 2457 2556 2458 2558 2434 2557 2458 2558 2433 2559 2433 2559 2458 2558 2459 2560 2433 2559 2459 2560 2432 2561 2432 2561 2459 2560 2460 2562 2432 2561 2460 2562 2431 2563 2431 2563 2460 2562 2461 2564 2431 2563 2461 2564 2430 2565 2430 2565 2461 2564 2462 2566 2430 2565 2462 2566 2429 2567 2429 2567 2462 2566 2463 2568 2429 2567 2463 2568 2428 2569 2428 2569 2463 2568 2464 2570 2428 2569 2464 2570 2427 2571 2427 2571 2464 2570 2465 2572 2427 2571 2465 2572 2426 2573 2426 2573 2465 2572 2466 2574 2426 2573 2466 2574 2425 2575 2425 2575 2466 2574 2467 2576 2425 2575 2467 2576 2424 2577 2424 2577 2467 2576 2468 2578 2424 2577 2468 2578 2423 2579 2423 2579 2468 2578 2469 2580 2423 2579 2469 2580 2422 2581 2422 2581 2469 2580 2470 2582 2422 2581 2470 2582 2421 2583 2421 2583 2470 2582 2471 2584 2421 2583 2471 2584 2420 2585 2420 2585 2471 2584 2472 2586 2420 2585 2472 2586 2419 2587 2419 2587 2472 2586 2473 2588 2419 2587 2473 2588 2418 2589 2418 2589 2473 2588 2474 2590 2418 2589 2474 2590 2417 2591 2417 2591 2474 2590 2475 2592 2417 2591 2475 2592 2416 2593 2416 2593 2475 2592 2476 2594 2416 2593 2476 2594 2415 2595 2415 2595 2476 2594 2477 2596 2415 2595 2477 2596 2414 2597 2414 2597 2477 2596 2478 2598 2414 2597 2478 2598 2413 2599 2413 2599 2478 2598 2479 2600 2413 2599 2479 2600 2412 2601 2412 2601 2479 2600 2480 2602 2412 2601 2480 2602 2411 2603 2411 2603 2480 2602 2481 2604 2411 2603 2481 2604 2410 2605 2410 2605 2481 2604 2482 2606 2410 2605 2482 2606 2409 2607 2409 2607 2482 2606 2483 2608 2409 2607 2483 2608 2408 2609 2408 2609 2483 2608 2484 2610 2408 2609 2484 2610 2407 2611 2407 2611 2484 2610 2485 2612 2407 2611 2485 2612 2406 2613 2406 2613 2485 2612 2486 2614 2406 2613 2486 2614 2405 2615 2405 2615 2486 2614 2487 2616 2405 2615 2487 2616 2404 2617 2404 2617 2487 2616 2488 2618 2404 2617 2488 2618 2403 2619 2403 2619 2488 2618 2489 2620 2403 2619 2489 2620 2402 2621 2402 2621 2489 2620 2490 2622 2402 2621 2490 2622 2401 2623 2401 2623 2490 2622 2491 2624 2401 2623 2491 2624 2400 2625 2400 2625 2491 2624 2492 2626 2400 2625 2492 2626 2399 2627 2399 2627 2492 2626 2493 2628 2399 2627 2493 2628 2398 2629 2398 2629 2493 2628 2494 2630 2398 2629 2494 2630 2397 2631 2397 2631 2494 2630 2495 2632 2397 2631 2495 2632 2396 2633 2396 2633 2495 2632 2496 2634 2396 2633 2496 2634 2395 2635 2395 2635 2496 2634 2497 2636 2395 2635 2497 2636 2394 2637 2394 2637 2497 2636 2498 2638 2394 2637 2498 2638 2393 2639 2393 2639 2498 2638 2499 2640 2393 2639 2499 2640 2392 2641 2392 2641 2499 2640 2500 2642 2392 2641 2500 2642 2391 2643 2391 2643 2500 2642 2501 2644 2391 2643 2501 2644 2390 2645 2390 2645 2501 2644 2502 2646 2390 2645 2502 2646 2389 2647 2389 2647 2502 2646 2503 2648 2389 2647 2503 2648 2388 2649 2388 2649 2503 2648 2504 2650 2388 2649 2504 2650 2387 2651 2387 2651 2504 2650 2505 2652 2387 2651 2505 2652 2386 2653 2386 2653 2505 2652 2506 2654 2386 2653 2506 2654 2385 2655 2385 2655 2506 2654 2507 2656 2385 2655 2507 2656 2384 2657 2384 2657 2507 2656 2508 2658 2384 2657 2508 2658 2383 2659 2383 2659 2508 2658 2509 2660 2383 2659 2509 2660 2382 2661 2382 2661 2509 2660 2510 2662 2382 2661 2510 2662 2381 2663 2381 2663 2510 2662 2511 2664 2381 2663 2511 2664 2380 2665 2380 2665 2511 2664 2512 2666 2380 2665 2512 2666 2379 2667 2379 2667 2512 2666 2513 2668 2379 2667 2513 2668 2378 2669 2378 2669 2513 2668 2514 2670 2378 2669 2514 2670 2377 2671 2377 2671 2514 2670 2515 2672 2377 2671 2515 2672 2376 2673 2376 2673 2515 2672 2516 2674 2376 2673 2516 2674 2375 2675 2375 2675 2516 2674 2517 2676 2375 2675 2517 2676 2374 2677 2374 2677 2517 2676 2518 2678 2374 2677 2518 2678 2373 2679 2373 2679 2518 2678 2519 2680 2373 2679 2519 2680 2372 2681 2372 2681 2519 2680 2520 2682 2372 2681 2520 2682 2371 2683 2371 2683 2520 2682 2521 2684 2371 2683 2521 2684 2370 2685 2370 2685 2521 2684 2522 2686 2370 2685 2522 2686 2369 2687 2369 2687 2522 2686 2523 2688 2369 2687 2523 2688 2368 2689 2368 2689 2523 2688 2524 2690 2368 2689 2524 2690 2367 2691 2367 2691 2524 2690 2525 2692 2367 2691 2525 2692 2366 2693 2366 2693 2525 2692 2526 2694 2366 2693 2526 2694 2365 2695 2365 2695 2526 2694 2527 2696 2365 2695 2527 2696 2364 2697 2364 2697 2527 2696 2528 2698 2364 2697 2528 2698 2363 2531 2363 2531 2528 2698 2529 2532 2614 2699 2530 2700 2446 2701 2446 2701 2530 2700 2531 2702 2446 2701 2531 2702 2447 2703 2447 2703 2531 2702 2532 2704 2447 2703 2532 2704 2448 2705 2448 2705 2532 2704 2533 2706 2448 2705 2533 2706 2449 2707 2449 2707 2533 2706 2534 2708 2449 2707 2534 2708 2450 2709 2450 2709 2534 2708 2535 2710 2450 2709 2535 2710 2451 2711 2451 2711 2535 2710 2536 2712 2451 2711 2536 2712 2452 2713 2452 2713 2536 2712 2537 2714 2452 2713 2537 2714 2453 2715 2453 2715 2537 2714 2538 2716 2453 2715 2538 2716 2454 2717 2454 2717 2538 2716 2539 2718 2454 2717 2539 2718 2455 2719 2455 2719 2539 2718 2540 2720 2455 2719 2540 2720 2456 2721 2456 2721 2540 2720 2541 2722 2456 2721 2541 2722 2457 2723 2457 2723 2541 2722 2542 2724 2457 2723 2542 2724 2458 2725 2458 2725 2542 2724 2543 2726 2458 2725 2543 2726 2459 2727 2459 2727 2543 2726 2544 2728 2459 2727 2544 2728 2460 2729 2460 2729 2544 2728 2545 2730 2460 2729 2545 2730 2461 2731 2461 2731 2545 2730 2546 2732 2461 2731 2546 2732 2462 2733 2462 2733 2546 2732 2547 2734 2462 2733 2547 2734 2463 2735 2463 2735 2547 2734 2548 2736 2463 2735 2548 2736 2464 2737 2464 2737 2548 2736 2549 2738 2464 2737 2549 2738 2465 2739 2465 2739 2549 2738 2550 2740 2465 2739 2550 2740 2466 2741 2466 2741 2550 2740 2551 2742 2466 2741 2551 2742 2467 2743 2467 2743 2551 2742 2552 2744 2467 2743 2552 2744 2468 2745 2468 2745 2552 2744 2553 2746 2468 2745 2553 2746 2469 2747 2469 2747 2553 2746 2554 2748 2469 2747 2554 2748 2470 2749 2470 2749 2554 2748 2555 2750 2470 2749 2555 2750 2471 2751 2471 2751 2555 2750 2556 2752 2471 2751 2556 2752 2472 2753 2472 2753 2556 2752 2557 2754 2472 2753 2557 2754 2473 2755 2473 2755 2557 2754 2558 2756 2473 2755 2558 2756 2474 2757 2474 2757 2558 2756 2559 2758 2474 2757 2559 2758 2475 2759 2475 2759 2559 2758 2560 2760 2475 2759 2560 2760 2476 2761 2476 2761 2560 2760 2561 2762 2476 2761 2561 2762 2477 2763 2477 2763 2561 2762 2562 2764 2477 2763 2562 2764 2478 2765 2478 2765 2562 2764 2563 2766 2478 2765 2563 2766 2479 2767 2479 2767 2563 2766 2564 2768 2479 2767 2564 2768 2480 2769 2480 2769 2564 2768 2565 2770 2480 2769 2565 2770 2481 2771 2481 2771 2565 2770 2566 2772 2481 2771 2566 2772 2482 2773 2482 2773 2566 2772 2567 2774 2482 2773 2567 2774 2483 2775 2483 2775 2567 2774 2568 2776 2483 2775 2568 2776 2484 2777 2484 2777 2568 2776 2569 2778 2484 2777 2569 2778 2485 2779 2485 2779 2569 2778 2570 2780 2485 2779 2570 2780 2486 2781 2486 2781 2570 2780 2571 2782 2486 2781 2571 2782 2487 2783 2487 2783 2571 2782 2572 2784 2487 2783 2572 2784 2488 2785 2488 2785 2572 2784 2573 2786 2488 2785 2573 2786 2489 2787 2489 2787 2573 2786 2574 2788 2489 2787 2574 2788 2490 2789 2490 2789 2574 2788 2575 2790 2490 2789 2575 2790 2491 2791 2491 2791 2575 2790 2576 2792 2491 2791 2576 2792 2492 2793 2492 2793 2576 2792 2577 2794 2492 2793 2577 2794 2493 2795 2493 2795 2577 2794 2578 2796 2493 2795 2578 2796 2494 2797 2494 2797 2578 2796 2579 2798 2494 2797 2579 2798 2495 2799 2495 2799 2579 2798 2580 2800 2495 2799 2580 2800 2496 2801 2496 2801 2580 2800 2581 2802 2496 2801 2581 2802 2497 2803 2497 2803 2581 2802 2582 2804 2497 2803 2582 2804 2498 2805 2498 2805 2582 2804 2583 2806 2498 2805 2583 2806 2499 2807 2499 2807 2583 2806 2584 2808 2499 2807 2584 2808 2500 2809 2500 2809 2584 2808 2585 2810 2500 2809 2585 2810 2501 2811 2501 2811 2585 2810 2586 2812 2501 2811 2586 2812 2502 2813 2502 2813 2586 2812 2587 2814 2502 2813 2587 2814 2503 2815 2503 2815 2587 2814 2588 2816 2503 2815 2588 2816 2504 2817 2504 2817 2588 2816 2589 2818 2504 2817 2589 2818 2505 2819 2505 2819 2589 2818 2590 2820 2505 2819 2590 2820 2506 2821 2506 2821 2590 2820 2591 2822 2506 2821 2591 2822 2507 2823 2507 2823 2591 2822 2592 2824 2507 2823 2592 2824 2508 2825 2508 2825 2592 2824 2593 2826 2508 2825 2593 2826 2509 2827 2509 2827 2593 2826 2594 2828 2509 2827 2594 2828 2510 2829 2510 2829 2594 2828 2595 2830 2510 2829 2595 2830 2511 2831 2511 2831 2595 2830 2596 2832 2511 2831 2596 2832 2512 2833 2512 2833 2596 2832 2597 2834 2512 2833 2597 2834 2513 2835 2513 2835 2597 2834 2598 2836 2513 2835 2598 2836 2514 2837 2514 2837 2598 2836 2599 2838 2514 2837 2599 2838 2515 2839 2515 2839 2599 2838 2600 2840 2515 2839 2600 2840 2516 2841 2516 2841 2600 2840 2601 2842 2516 2841 2601 2842 2517 2843 2517 2843 2601 2842 2602 2844 2517 2843 2602 2844 2518 2845 2518 2845 2602 2844 2603 2846 2518 2845 2603 2846 2519 2847 2519 2847 2603 2846 2604 2848 2519 2847 2604 2848 2520 2849 2520 2849 2604 2848 2605 2850 2520 2849 2605 2850 2521 2851 2521 2851 2605 2850 2606 2852 2521 2851 2606 2852 2522 2853 2522 2853 2606 2852 2607 2854 2522 2853 2607 2854 2523 2855 2523 2855 2607 2854 2608 2856 2523 2855 2608 2856 2524 2857 2524 2857 2608 2856 2609 2858 2524 2857 2609 2858 2525 2859 2525 2859 2609 2858 2610 2860 2525 2859 2610 2860 2526 2861 2526 2861 2610 2860 2611 2862 2526 2861 2611 2862 2527 2863 2527 2863 2611 2862 2612 2864 2527 2863 2612 2864 2528 2865 2528 2865 2612 2864 2613 2866 2528 2865 2613 2866 2529 2867 2529 2867 2613 2866 2614 2699 2529 2867 2614 2699 2446 2701 2445 3549 2405 3550 2362 3551 2362 3551 2405 3550 2404 3552 2362 3551 2404 3552 2363 3553 2363 3553 2404 3552 2403 3554 2363 3553 2403 3554 2364 3555 2364 3555 2403 3554 2402 3556 2364 3555 2402 3556 2365 3557 2365 3557 2402 3556 2401 3558 2365 3557 2401 3558 2366 3559 2366 3559 2401 3558 2400 3560 2366 3559 2400 3560 2367 3561 2367 3561 2400 3560 2399 3562 2367 3561 2399 3562 2368 3563 2368 3563 2399 3562 2398 3564 2368 3563 2398 3564 2369 3565 2369 3565 2398 3564 2397 3566 2369 3565 2397 3566 2370 3567 2370 3567 2397 3566 2396 3568 2370 3567 2396 3568 2371 3569 2371 3569 2396 3568 2395 3570 2371 3569 2395 3570 2372 3571 2372 3571 2395 3570 2394 3572 2372 3571 2394 3572 2373 3573 2373 3573 2394 3572 2393 3574 2373 3573 2393 3574 2374 3575 2374 3575 2393 3574 2392 3576 2374 3575 2392 3576 2375 3577 2375 3577 2392 3576 2391 3578 2375 3577 2391 3578 2376 3579 2376 3579 2391 3578 2390 3580 2376 3579 2390 3580 2377 3581 2377 3581 2390 3580 2389 3582 2377 3581 2389 3582 2378 3583 2378 3583 2389 3582 2388 3584 2378 3583 2388 3584 2379 3585 2379 3585 2388 3584 2387 3586 2379 3585 2387 3586 2380 3587 2380 3587 2387 3586 2386 3588 2380 3587 2386 3588 2381 3589 2381 3589 2386 3588 2385 3590 2381 3589 2385 3590 2382 3591 2382 3591 2385 3590 2384 3592 2382 3591 2384 3592 2383 3593 2405 3550 2445 3549 2406 3594 2406 3594 2445 3549 2444 3595 2406 3594 2444 3595 2407 3596 2407 3596 2444 3595 2443 3597 2407 3596 2443 3597 2408 3598 2408 3598 2443 3597 2442 3599 2408 3598 2442 3599 2409 3600 2409 3600 2442 3599 2441 3601 2409 3600 2441 3601 2410 3602 2410 3602 2441 3601 2440 3603 2410 3602 2440 3603 2411 3604 2411 3604 2440 3603 2439 3605 2411 3604 2439 3605 2412 3606 2412 3606 2439 3605 2438 3607 2412 3606 2438 3607 2413 3608 2413 3608 2438 3607 2437 3609 2413 3608 2437 3609 2414 3610 2414 3610 2437 3609 2436 3611 2414 3610 2436 3611 2415 3612 2415 3612 2436 3611 2435 3613 2415 3612 2435 3613 2416 3614 2416 3614 2435 3613 2434 3615 2416 3614 2434 3615 2417 3616 2417 3616 2434 3615 2433 3617 2417 3616 2433 3617 2418 3618 2418 3618 2433 3617 2432 3619 2418 3618 2432 3619 2419 3620 2419 3620 2432 3619 2431 3621 2419 3620 2431 3621 2420 3622 2420 3622 2431 3621 2430 3623 2420 3622 2430 3623 2421 3624 2421 3624 2430 3623 2429 3625 2421 3624 2429 3625 2422 3626 2422 3626 2429 3625 2428 3627 2422 3626 2428 3627 2423 3628 2423 3628 2428 3627 2427 3629 2423 3628 2427 3629 2424 3630 2424 3630 2427 3629 2426 3631 2424 3630 2426 3631 2425 3632</p>
        </triangles>
        <triangles material="Opaque_0_192_0_" count="1174">
          <input semantic="VERTEX" source="#Arm02-mesh-vertices" offset="0"/>
          <input semantic="NORMAL" source="#Arm02-mesh-normals" offset="1"/>
          <p>170 169 206 170 169 171 169 171 206 170 207 172 169 171 207 172 243 173 243 173 207 172 208 174 243 173 208 174 242 175 242 175 208 174 209 176 242 175 209 176 241 177 241 177 209 176 210 178 241 177 210 178 240 179 240 179 210 178 211 180 240 179 211 180 239 181 239 181 211 180 212 182 239 181 212 182 238 183 238 183 212 182 213 184 238 183 213 184 237 185 237 185 213 184 214 186 237 185 214 186 236 187 236 187 214 186 215 188 236 187 215 188 235 189 235 189 215 188 216 190 235 189 216 190 234 191 234 191 216 190 217 192 234 191 217 192 233 193 233 193 217 192 218 194 233 193 218 194 232 195 232 195 218 194 219 196 232 195 219 196 231 197 231 197 219 196 220 198 231 197 220 198 230 199 230 199 220 198 221 200 230 199 221 200 229 201 229 201 221 200 222 202 229 201 222 202 228 203 228 203 222 202 223 204 228 203 223 204 227 205 227 205 223 204 224 206 227 205 224 206 226 207 226 207 224 206 225 208 171 209 172 210 170 169 170 169 172 210 173 211 170 169 173 211 174 212 174 212 175 213 170 169 170 169 175 213 176 214 170 169 176 214 177 215 177 215 178 216 170 169 170 169 178 216 179 217 170 169 179 217 180 218 180 218 181 219 170 169 170 169 181 219 182 220 170 169 182 220 183 221 183 221 184 222 170 169 170 169 184 222 185 223 170 169 185 223 186 224 186 224 187 225 170 169 170 169 187 225 188 226 170 169 188 226 189 227 189 227 190 228 170 169 170 169 190 228 191 229 170 169 191 229 192 230 192 230 193 231 170 169 170 169 193 231 194 232 170 169 194 232 195 233 195 233 196 234 170 169 170 169 196 234 197 235 170 169 197 235 198 236 198 236 199 237 170 169 170 169 199 237 200 238 170 169 200 238 201 239 201 239 202 240 170 169 170 169 202 240 203 241 170 169 203 241 204 242 204 242 205 243 170 169 170 169 205 243 206 170 243 244 328 245 169 246 169 246 328 245 244 247 169 246 244 247 245 248 328 245 243 244 327 249 327 249 243 244 242 250 327 249 242 250 326 251 326 251 242 250 241 252 326 251 241 252 325 253 325 253 241 252 240 254 325 253 240 254 324 255 324 255 240 254 239 256 324 255 239 256 323 257 323 257 239 256 238 258 323 257 238 258 322 259 322 259 238 258 237 260 322 259 237 260 321 261 321 261 237 260 236 262 321 261 236 262 320 263 320 263 236 262 319 264 319 264 236 262 235 265 319 264 235 265 318 266 318 266 235 265 234 267 318 266 234 267 317 268 317 268 234 267 233 269 317 268 233 269 316 270 316 270 233 269 232 271 316 270 232 271 315 272 315 272 232 271 231 273 315 272 231 273 314 274 314 274 231 273 230 275 314 274 230 275 313 276 313 276 230 275 229 277 313 276 229 277 312 278 312 278 229 277 311 279 311 279 229 277 228 280 311 279 228 280 310 281 310 281 228 280 227 282 310 281 227 282 309 283 309 283 227 282 226 284 309 283 226 284 308 285 308 285 226 284 225 286 308 285 225 286 307 287 307 287 225 286 224 288 307 287 224 288 306 289 306 289 224 288 223 290 306 289 223 290 305 291 305 291 223 290 222 292 305 291 222 292 304 293 304 293 222 292 221 294 304 293 221 294 303 295 303 295 221 294 302 296 302 296 221 294 220 297 302 296 220 297 301 298 301 298 220 297 219 299 301 298 219 299 300 300 300 300 219 299 218 301 300 300 218 301 299 302 299 302 218 301 217 303 299 302 217 303 298 304 298 304 217 303 216 305 298 304 216 305 297 306 297 306 216 305 215 307 297 306 215 307 296 308 296 308 215 307 214 309 296 308 214 309 295 310 295 310 214 309 294 311 294 311 214 309 213 312 294 311 213 312 293 313 293 313 213 312 212 314 293 313 212 314 292 315 292 315 212 314 211 316 292 315 211 316 291 317 291 317 211 316 210 318 291 317 210 318 290 319 290 319 210 318 209 320 290 319 209 320 289 321 289 321 209 320 208 322 289 321 208 322 288 323 288 323 208 322 207 324 288 323 207 324 287 325 287 325 207 324 206 326 287 325 206 326 286 327 286 327 206 326 285 328 285 328 206 326 205 329 285 328 205 329 284 330 284 330 205 329 204 331 284 330 204 331 283 332 283 332 204 331 203 333 283 332 203 333 282 334 282 334 203 333 202 335 282 334 202 335 281 336 281 336 202 335 201 337 281 336 201 337 280 338 280 338 201 337 200 339 280 338 200 339 279 340 279 340 200 339 199 341 279 340 199 341 278 342 278 342 199 341 277 343 277 343 199 341 198 344 277 343 198 344 276 345 276 345 198 344 197 346 276 345 197 346 275 347 275 347 197 346 196 348 275 347 196 348 274 349 274 349 196 348 195 350 274 349 195 350 273 351 273 351 195 350 194 352 273 351 194 352 272 353 272 353 194 352 193 354 272 353 193 354 271 355 271 355 193 354 192 356 271 355 192 356 270 357 270 357 192 356 191 358 270 357 191 358 269 359 269 359 191 358 268 360 268 360 191 358 190 361 268 360 190 361 267 362 267 362 190 361 189 363 267 362 189 363 266 364 266 364 189 363 188 365 266 364 188 365 265 366 265 366 188 365 187 367 265 366 187 367 264 368 264 368 187 367 186 369 264 368 186 369 263 370 263 370 186 369 185 371 263 370 185 371 262 372 262 372 185 371 184 373 262 372 184 373 261 374 261 374 184 373 260 375 260 375 184 373 183 376 260 375 183 376 259 377 259 377 183 376 182 378 259 377 182 378 258 379 258 379 182 378 181 380 258 379 181 380 257 381 257 381 181 380 180 382 257 381 180 382 256 383 256 383 180 382 179 384 256 383 179 384 255 385 255 385 179 384 178 386 255 385 178 386 254 387 254 387 178 386 177 388 254 387 177 388 253 389 253 389 177 388 176 390 253 389 176 390 252 391 252 391 176 390 251 392 251 392 176 390 175 393 251 392 175 393 250 394 250 394 175 393 174 395 250 394 174 395 249 396 249 396 174 395 173 397 249 396 173 397 248 398 248 398 173 397 172 399 248 398 172 399 247 400 247 400 172 399 171 401 247 400 171 401 246 402 246 402 171 401 170 403 246 402 170 403 245 248 245 248 170 403 169 246 526 2391 484 2392 432 508 432 508 484 2392 329 404 432 508 329 404 1069 2393 1069 2393 329 404 359 2394 1069 2393 359 2394 1070 2395 1070 2395 359 2394 358 487 1070 2395 358 487 1071 2396 1071 2396 358 487 357 2397 1071 2396 357 2397 1072 2398 1072 2398 357 2397 356 2399 1072 2398 356 2399 1073 2400 1073 2400 356 2399 355 2401 1073 2400 355 2401 1074 2402 1074 2402 355 2401 354 2403 1074 2402 354 2403 1075 2404 1075 2404 354 2403 353 2405 1075 2404 353 2405 1052 2406 1052 2406 353 2405 352 2407 484 2392 526 2391 485 2408 485 2408 526 2391 525 2409 485 2408 525 2409 486 2410 486 2410 525 2409 524 2411 486 2410 524 2411 487 2412 487 2412 524 2411 523 2413 487 2412 523 2413 488 2414 488 2414 523 2413 522 2415 488 2414 522 2415 489 2416 489 2416 522 2415 521 2417 489 2416 521 2417 490 2418 490 2418 521 2417 520 2419 490 2418 520 2419 491 2420 491 2420 520 2419 519 2421 491 2420 519 2421 492 2422 492 2422 519 2421 518 2423 492 2422 518 2423 493 2424 493 2424 518 2423 517 2425 493 2424 517 2425 494 941 494 941 517 2425 516 1029 494 941 516 1029 495 2426 495 2426 516 1029 515 2427 495 2426 515 2427 496 2428 496 2428 515 2427 514 2429 496 2428 514 2429 497 2430 497 2430 514 2429 513 2431 497 2430 513 2431 498 2432 498 2432 513 2431 512 2433 498 2432 512 2433 499 2434 499 2434 512 2433 511 2435 499 2434 511 2435 500 2436 500 2436 511 2435 510 2437 500 2436 510 2437 501 2438 501 2438 510 2437 509 2439 501 2438 509 2439 502 2440 502 2440 509 2439 508 2441 502 2440 508 2441 503 2442 503 2442 508 2441 507 2443 503 2442 507 2443 504 2444 504 2444 507 2443 506 2445 504 2444 506 2445 505 755 2277 2446 2278 2447 2361 2448 2361 2448 2278 2447 2360 2449 2360 2449 2278 2447 2279 2450 2360 2449 2279 2450 2359 2451 2359 2451 2279 2450 2280 2452 2359 2451 2280 2452 2358 2453 2358 2453 2280 2452 2281 2454 2358 2453 2281 2454 2357 2455 2357 2455 2281 2454 2282 2456 2357 2455 2282 2456 2356 2457 2356 2457 2282 2456 2283 2458 2356 2457 2283 2458 2355 2459 2355 2459 2283 2458 2284 2460 2355 2459 2284 2460 2354 2461 2354 2461 2284 2460 2285 2462 2354 2461 2285 2462 2353 2463 2353 2463 2285 2462 2286 2464 2353 2463 2286 2464 2352 2465 2352 2465 2286 2464 2287 2466 2352 2465 2287 2466 2351 2467 2351 2467 2287 2466 2288 2468 2351 2467 2288 2468 2350 2469 2350 2469 2288 2468 2289 2470 2350 2469 2289 2470 2349 2471 2349 2471 2289 2470 2290 2472 2349 2471 2290 2472 2348 2473 2348 2473 2290 2472 2291 2474 2348 2473 2291 2474 2347 2475 2347 2475 2291 2474 2292 2476 2347 2475 2292 2476 2346 2477 2346 2477 2292 2476 2293 2478 2346 2477 2293 2478 2345 2479 2345 2479 2293 2478 2294 2480 2345 2479 2294 2480 2344 2481 2344 2481 2294 2480 2295 2482 2344 2481 2295 2482 2343 2483 2343 2483 2295 2482 2296 2484 2343 2483 2296 2484 2342 2485 2342 2485 2296 2484 2297 2486 2342 2485 2297 2486 2341 2487 2341 2487 2297 2486 2298 2488 2341 2487 2298 2488 2340 2489 2340 2489 2298 2488 2299 2490 2340 2489 2299 2490 2339 2491 2339 2491 2299 2490 2300 2492 2339 2491 2300 2492 2338 2493 2338 2493 2300 2492 2301 2494 2338 2493 2301 2494 2337 2495 2337 2495 2301 2494 2302 2496 2337 2495 2302 2496 2336 2497 2336 2497 2302 2496 2303 2498 2336 2497 2303 2498 2335 2499 2335 2499 2303 2498 2304 2500 2335 2499 2304 2500 2334 2501 2334 2501 2304 2500 2305 2502 2334 2501 2305 2502 2333 2503 2333 2503 2305 2502 2306 2504 2333 2503 2306 2504 2332 2505 2332 2505 2306 2504 2307 2506 2332 2505 2307 2506 2331 2507 2331 2507 2307 2506 2308 2508 2331 2507 2308 2508 2330 2509 2330 2509 2308 2508 2309 2510 2330 2509 2309 2510 2329 2511 2329 2511 2309 2510 2310 2512 2329 2511 2310 2512 2328 2513 2328 2513 2310 2512 2311 2514 2328 2513 2311 2514 2327 2515 2327 2515 2311 2514 2312 2516 2327 2515 2312 2516 2326 2517 2326 2517 2312 2516 2313 2518 2326 2517 2313 2518 2325 2519 2325 2519 2313 2518 2314 2520 2325 2519 2314 2520 2324 2521 2324 2521 2314 2520 2315 2522 2324 2521 2315 2522 2323 2523 2323 2523 2315 2522 2316 2524 2323 2523 2316 2524 2322 2525 2322 2525 2316 2524 2317 2526 2322 2525 2317 2526 2321 2527 2321 2527 2317 2526 2318 2528 2321 2527 2318 2528 2320 2529 2320 2529 2318 2528 2319 2530 352 2868 2618 2869 1052 2870 1052 2870 2618 2869 317 2871 1052 2870 317 2871 316 2872 351 2873 2585 2874 352 2868 352 2868 2585 2874 2617 2875 352 2868 2617 2875 2618 2869 2618 2869 2617 2875 2648 2876 2618 2869 2648 2876 317 2871 317 2871 2648 2876 318 2877 318 2877 2648 2876 2646 2878 318 2877 2646 2878 319 2879 319 2879 2646 2878 2644 2880 319 2879 2644 2880 320 2881 320 2881 2644 2880 2642 2882 320 2881 2642 2882 321 2883 321 2883 2642 2882 2640 2884 321 2883 2640 2884 322 2885 322 2885 2640 2884 2638 2886 322 2885 2638 2886 323 2887 323 2887 2638 2886 2636 2888 323 2887 2636 2888 324 2889 324 2889 2636 2888 2634 2890 324 2889 2634 2890 325 2891 325 2891 2634 2890 2632 2892 325 2891 2632 2892 326 2893 326 2893 2632 2892 2630 2894 326 2893 2630 2894 327 2895 327 2895 2630 2894 2628 2896 327 2895 2628 2896 328 2897 328 2897 2628 2896 2624 2898 328 2897 2624 2898 244 2899 244 2899 2624 2898 2627 2900 244 2899 2627 2900 245 2901 245 2901 2627 2900 2728 2902 245 2901 2728 2902 246 2903 246 2903 2728 2902 2726 2904 246 2903 2726 2904 247 2905 247 2905 2726 2904 2724 2906 247 2905 2724 2906 248 2907 248 2907 2724 2906 2722 2908 248 2907 2722 2908 249 2909 249 2909 2722 2908 2720 2910 249 2909 2720 2910 250 2911 250 2911 2720 2910 2718 2912 250 2911 2718 2912 251 2913 251 2913 2718 2912 2716 2914 251 2913 2716 2914 252 2915 252 2915 2716 2914 2714 2916 252 2915 2714 2916 253 2917 253 2917 2714 2916 2712 2918 253 2917 2712 2918 254 2919 254 2919 2712 2918 2710 2920 254 2919 2710 2920 255 2921 255 2921 2710 2920 2708 2922 255 2921 2708 2922 256 2923 256 2923 2708 2922 2706 2924 256 2923 2706 2924 257 2925 257 2925 2706 2924 2704 2926 257 2925 2704 2926 258 2927 258 2927 2704 2926 2702 2928 258 2927 2702 2928 259 2929 259 2929 2702 2928 2700 2930 259 2929 2700 2930 260 2931 260 2931 2700 2930 2698 2932 260 2931 2698 2932 261 2933 261 2933 2698 2932 2696 2934 261 2933 2696 2934 262 2935 262 2935 2696 2934 2694 2936 262 2935 2694 2936 263 2937 263 2937 2694 2936 2692 2938 263 2937 2692 2938 264 2939 264 2939 2692 2938 2690 2940 264 2939 2690 2940 265 2941 265 2941 2690 2940 2688 2942 265 2941 2688 2942 266 2943 266 2943 2688 2942 2686 2944 266 2943 2686 2944 267 2945 267 2945 2686 2944 2684 2946 267 2945 2684 2946 268 2947 268 2947 2684 2946 2682 2948 268 2947 2682 2948 269 2949 269 2949 2682 2948 2680 2950 269 2949 2680 2950 270 2951 270 2951 2680 2950 2678 2952 270 2951 2678 2952 271 2953 271 2953 2678 2952 2676 2954 271 2953 2676 2954 272 2955 272 2955 2676 2954 2674 2956 272 2955 2674 2956 273 2957 273 2957 2674 2956 2672 2958 273 2957 2672 2958 274 2959 274 2959 2672 2958 2670 2960 274 2959 2670 2960 275 2961 275 2961 2670 2960 2668 2962 275 2961 2668 2962 276 2963 276 2963 2668 2962 2666 2964 276 2963 2666 2964 277 2965 277 2965 2666 2964 2664 2966 277 2965 2664 2966 278 2967 278 2967 2664 2966 2662 2968 278 2967 2662 2968 279 2969 279 2969 2662 2968 2660 2970 279 2969 2660 2970 280 2971 280 2971 2660 2970 2658 2972 280 2971 2658 2972 281 2973 281 2973 2658 2972 2656 2974 281 2973 2656 2974 282 2975 282 2975 2656 2974 2654 2976 282 2975 2654 2976 283 2977 283 2977 2654 2976 2652 2978 283 2977 2652 2978 284 2979 284 2979 2652 2978 2650 2980 284 2979 2650 2980 285 2981 285 2981 2650 2980 2621 2982 285 2981 2621 2982 286 2983 286 2983 2621 2982 2623 2984 286 2983 2623 2984 287 2985 287 2985 2623 2984 1192 2986 287 2985 1192 2986 1191 2987 351 2873 350 2988 2585 2874 2585 2874 350 2988 349 2989 2585 2874 349 2989 348 2990 348 2990 347 2991 2585 2874 2585 2874 347 2991 2586 2992 2586 2992 347 2991 1264 2993 2586 2992 1264 2993 1263 2994 2586 2992 1263 2994 2587 2995 2587 2995 1263 2994 1262 2996 2587 2995 1262 2996 1261 2997 2587 2995 1261 2997 2588 2998 2588 2998 1261 2997 1260 2999 2588 2998 1260 2999 2589 3000 2589 3000 1260 2999 1259 3001 2589 3000 1259 3001 1258 3002 2589 3000 1258 3002 2590 3003 2590 3003 1258 3002 1257 3004 2590 3003 1257 3004 1256 3005 2590 3003 1256 3005 2591 3006 2591 3006 1256 3005 1255 3007 2591 3006 1255 3007 2592 3008 2592 3008 1255 3007 1254 3009 2592 3008 1254 3009 1253 3010 2592 3008 1253 3010 2593 3011 2593 3011 1253 3010 1252 3012 2593 3011 1252 3012 1251 3013 2593 3011 1251 3013 2594 3014 2594 3014 1251 3013 1250 3015 2594 3014 1250 3015 2595 3016 2595 3016 1250 3015 1249 3017 2595 3016 1249 3017 1248 3018 2595 3016 1248 3018 2596 3019 2596 3019 1248 3018 1247 3020 2596 3019 1247 3020 1246 3021 2596 3019 1246 3021 2597 3022 2597 3022 1246 3021 1245 3023 2597 3022 1245 3023 2598 3024 2598 3024 1245 3023 1244 3025 2598 3024 1244 3025 1243 3026 2598 3024 1243 3026 2599 3027 2599 3027 1243 3026 1242 3028 2599 3027 1242 3028 1241 3029 2599 3027 1241 3029 2600 3030 2600 3030 1241 3029 1240 3031 2600 3030 1240 3031 2601 3032 2601 3032 1240 3031 1239 3033 2601 3032 1239 3033 1238 3034 2601 3032 1238 3034 2602 3035 2602 3035 1238 3034 1237 3036 2602 3035 1237 3036 1236 3037 2602 3035 1236 3037 2603 3038 2603 3038 1236 3037 1235 3039 2603 3038 1235 3039 2604 3040 2604 3040 1235 3039 1234 3041 2604 3040 1234 3041 1233 3042 2604 3040 1233 3042 2605 3043 2605 3043 1233 3042 1232 3044 2605 3043 1232 3044 1231 3045 2605 3043 1231 3045 2606 3046 2606 3046 1231 3045 1230 3047 2606 3046 1230 3047 2607 3048 2607 3048 1230 3047 1229 3049 2607 3048 1229 3049 1228 3050 2607 3048 1228 3050 2608 3051 2608 3051 1228 3050 1227 3052 2608 3051 1227 3052 1226 3053 2608 3051 1226 3053 2609 3054 2609 3054 1226 3053 1225 3055 2609 3054 1225 3055 1224 3056 2609 3054 1224 3056 2610 3057 2610 3057 1224 3056 1223 3058 2610 3057 1223 3058 1222 3059 2610 3057 1222 3059 2611 3060 2611 3060 1222 3059 1221 3061 2611 3060 1221 3061 1220 3062 2611 3060 1220 3062 2612 3063 2612 3063 1220 3062 1219 3064 2612 3063 1219 3064 1218 3065 1218 3065 1217 3066 2612 3063 2612 3063 1217 3066 2613 3067 2613 3067 1217 3066 2619 3068 2613 3067 2619 3068 1215 3069 1215 3069 2619 3068 1216 3070 1216 3070 2619 3068 1217 3066 2613 3067 1215 3069 2614 3071 2614 3071 1215 3069 1214 3072 2614 3071 1214 3072 2620 3073 2620 3073 1214 3072 1213 3074 2620 3073 1213 3074 1212 3075 1212 3075 1211 3076 2620 3073 2620 3073 1211 3076 2530 3077 2620 3073 2530 3077 2614 3071 2530 3077 1211 3076 2615 3078 2615 3078 1211 3076 1210 3079 2615 3078 1210 3079 1209 3080 1209 3080 1208 3081 2615 3078 2615 3078 1208 3081 1207 3082 2615 3078 1207 3082 1206 3083 2615 3078 1206 3083 2622 3084 2622 3084 1206 3083 1205 3085 2622 3084 1205 3085 1204 3086 1204 3086 1203 3087 2622 3084 2622 3084 1203 3087 1202 3088 2622 3084 1202 3088 1201 3089 2622 3084 1201 3089 2621 2982 2621 2982 1201 3089 1200 3090 2621 2982 1200 3090 1199 3091 1199 3091 1198 3092 2621 2982 2621 2982 1198 3092 1197 3093 2621 2982 1197 3093 1196 3094 2621 2982 1196 3094 2623 2984 2623 2984 1196 3094 1195 3095 2623 2984 1195 3095 1194 3096 1194 3096 1193 3097 2623 2984 2623 2984 1193 3097 1192 2986 1191 2987 1190 3098 287 2985 287 2985 1190 3098 2616 3099 287 2985 2616 3099 288 3100 288 3100 2616 3099 1188 3101 288 3100 1188 3101 1187 3102 1190 3098 1189 3103 2616 3099 2616 3099 1189 3103 1188 3101 1187 3102 1186 3104 288 3100 288 3100 1186 3104 289 3105 289 3105 1186 3104 1185 3106 289 3105 1185 3106 1184 3107 1184 3107 1183 3108 289 3105 289 3105 1183 3108 290 3109 290 3109 1183 3108 1182 3110 290 3109 1182 3110 1181 3111 290 3109 1181 3111 291 3112 291 3112 1181 3111 1180 3113 291 3112 1180 3113 1179 3114 291 3112 1179 3114 292 3115 292 3115 1179 3114 1178 3116 292 3115 1178 3116 1177 3117 292 3115 1177 3117 293 3118 293 3118 1177 3117 1176 3119 293 3118 1176 3119 1175 3120 293 3118 1175 3120 294 3121 294 3121 1175 3120 1174 3122 294 3121 1174 3122 1173 3123 294 3121 1173 3123 295 3124 295 3124 1173 3123 1172 3125 295 3124 1172 3125 1171 3126 295 3124 1171 3126 296 3127 296 3127 1171 3126 1170 3128 296 3127 1170 3128 297 3129 297 3129 1170 3128 1169 3130 297 3129 1169 3130 1168 3131 297 3129 1168 3131 298 3132 298 3132 1168 3131 1167 3133 298 3132 1167 3133 1166 3134 298 3132 1166 3134 299 3135 299 3135 1166 3134 1165 3136 299 3135 1165 3136 300 3137 300 3137 1165 3136 1164 3138 300 3137 1164 3138 1163 3139 300 3137 1163 3139 301 3140 301 3140 1163 3139 1162 3141 301 3140 1162 3141 1161 3142 301 3140 1161 3142 302 3143 302 3143 1161 3142 1160 3144 302 3143 1160 3144 303 3145 303 3145 1160 3144 1159 3146 303 3145 1159 3146 1158 3147 303 3145 1158 3147 304 3148 304 3148 1158 3147 1157 3149 304 3148 1157 3149 1156 3150 304 3148 1156 3150 305 3151 305 3151 1156 3150 1155 3152 305 3151 1155 3152 306 3153 306 3153 1155 3152 1154 3154 306 3153 1154 3154 1153 3155 306 3153 1153 3155 307 3156 307 3156 1153 3155 1152 3157 307 3156 1152 3157 1151 3158 307 3156 1151 3158 308 3159 308 3159 1151 3158 1150 3160 308 3159 1150 3160 309 3161 309 3161 1150 3160 1149 3162 309 3161 1149 3162 1148 3163 309 3161 1148 3163 310 3164 310 3164 1148 3163 1147 3165 310 3164 1147 3165 1146 3166 310 3164 1146 3166 311 3167 311 3167 1146 3166 1145 3168 311 3167 1145 3168 312 3169 312 3169 1145 3168 1144 3170 312 3169 1144 3170 1143 3171 312 3169 1143 3171 313 3172 313 3172 1143 3171 1142 3173 313 3172 1142 3173 1141 3174 313 3172 1141 3174 314 3175 314 3175 1141 3174 1140 3176 314 3175 1140 3176 315 3177 315 3177 1140 3176 1139 3178 315 3177 1139 3178 1138 3179 315 3177 1138 3179 316 2872 316 2872 1138 3179 1057 3180 316 2872 1057 3180 1056 3181 1056 3181 1055 3182 316 2872 316 2872 1055 3182 1054 3183 316 2872 1054 3183 1053 3184 1053 3184 1052 2870 316 2872 2617 2875 2585 2874 2649 3185 2649 3185 2585 2874 2584 3186 2649 3185 2584 3186 2647 3187 2647 3187 2584 3186 2583 3188 2647 3187 2583 3188 2645 3189 2645 3189 2583 3188 2582 3190 2645 3189 2582 3190 2643 3191 2643 3191 2582 3190 2581 3192 2643 3191 2581 3192 2641 3193 2641 3193 2581 3192 2580 3194 2641 3193 2580 3194 2639 3195 2639 3195 2580 3194 2579 3196 2639 3195 2579 3196 2637 3197 2637 3197 2579 3196 2578 3198 2637 3197 2578 3198 2635 3199 2635 3199 2578 3198 2577 3200 2635 3199 2577 3200 2633 3201 2633 3201 2577 3200 2576 3202 2633 3201 2576 3202 2631 3203 2631 3203 2576 3202 2575 3204 2631 3203 2575 3204 2629 3205 2629 3205 2575 3204 2574 3206 2629 3205 2574 3206 2625 3207 2625 3207 2574 3206 2573 3208 2625 3207 2573 3208 2626 3209 2626 3209 2573 3208 2572 3210 2626 3209 2572 3210 2729 3211 2729 3211 2572 3210 2571 3212 2729 3211 2571 3212 2727 3213 2727 3213 2571 3212 2570 3214 2727 3213 2570 3214 2725 3215 2725 3215 2570 3214 2569 3216 2725 3215 2569 3216 2723 3217 2723 3217 2569 3216 2568 3218 2723 3217 2568 3218 2721 3219 2721 3219 2568 3218 2567 3220 2721 3219 2567 3220 2719 3221 2719 3221 2567 3220 2566 3222 2719 3221 2566 3222 2717 3223 2717 3223 2566 3222 2565 3224 2717 3223 2565 3224 2715 3225 2715 3225 2565 3224 2564 3226 2715 3225 2564 3226 2713 3227 2713 3227 2564 3226 2563 3228 2713 3227 2563 3228 2711 3229 2711 3229 2563 3228 2562 3230 2711 3229 2562 3230 2709 3231 2709 3231 2562 3230 2561 3232 2709 3231 2561 3232 2707 3233 2707 3233 2561 3232 2560 3234 2707 3233 2560 3234 2705 3235 2705 3235 2560 3234 2559 3236 2705 3235 2559 3236 2703 3237 2703 3237 2559 3236 2558 3238 2703 3237 2558 3238 2701 3239 2701 3239 2558 3238 2557 3240 2701 3239 2557 3240 2699 3241 2699 3241 2557 3240 2556 3242 2699 3241 2556 3242 2697 3243 2697 3243 2556 3242 2555 3244 2697 3243 2555 3244 2695 3245 2695 3245 2555 3244 2554 3246 2695 3245 2554 3246 2693 3247 2693 3247 2554 3246 2553 3248 2693 3247 2553 3248 2691 3249 2691 3249 2553 3248 2552 3250 2691 3249 2552 3250 2689 3251 2689 3251 2552 3250 2551 3252 2689 3251 2551 3252 2687 3253 2687 3253 2551 3252 2550 3254 2687 3253 2550 3254 2685 3255 2685 3255 2550 3254 2549 3256 2685 3255 2549 3256 2683 3257 2683 3257 2549 3256 2548 3258 2683 3257 2548 3258 2681 3259 2681 3259 2548 3258 2547 3260 2681 3259 2547 3260 2679 3261 2679 3261 2547 3260 2546 3262 2679 3261 2546 3262 2677 3263 2677 3263 2546 3262 2545 3264 2677 3263 2545 3264 2675 3265 2675 3265 2545 3264 2544 3266 2675 3265 2544 3266 2673 3267 2673 3267 2544 3266 2543 3268 2673 3267 2543 3268 2671 3269 2671 3269 2543 3268 2542 3270 2671 3269 2542 3270 2669 3271 2669 3271 2542 3270 2541 3272 2669 3271 2541 3272 2667 3273 2667 3273 2541 3272 2540 3274 2667 3273 2540 3274 2665 3275 2665 3275 2540 3274 2539 3276 2665 3275 2539 3276 2663 3277 2663 3277 2539 3276 2538 3278 2663 3277 2538 3278 2661 3279 2661 3279 2538 3278 2537 3280 2661 3279 2537 3280 2659 3281 2659 3281 2537 3280 2536 3282 2659 3281 2536 3282 2657 3283 2657 3283 2536 3282 2535 3284 2657 3283 2535 3284 2655 3285 2655 3285 2535 3284 2534 3286 2655 3285 2534 3286 2653 3287 2653 3287 2534 3286 2533 3288 2653 3287 2533 3288 2651 3289 2651 3289 2533 3288 2532 3290 2651 3289 2532 3290 2622 3084 2622 3084 2532 3290 2531 3291 2622 3084 2531 3291 2615 3078 2615 3078 2531 3291 2530 3077 2648 2876 2617 2875 2649 3185 2651 3289 2622 3084 2621 2982 2624 2898 2625 3207 2627 2900 2627 2900 2625 3207 2626 3209 2627 2900 2626 3209 2728 2902 2728 2902 2626 3209 2729 3211 2728 2902 2729 3211 2726 2904 2726 2904 2729 3211 2727 3213 2726 2904 2727 3213 2724 2906 2724 2906 2727 3213 2725 3215 2724 2906 2725 3215 2722 2908 2722 2908 2725 3215 2723 3217 2722 2908 2723 3217 2720 2910 2720 2910 2723 3217 2721 3219 2720 2910 2721 3219 2718 2912 2718 2912 2721 3219 2719 3221 2718 2912 2719 3221 2716 2914 2716 2914 2719 3221 2717 3223 2716 2914 2717 3223 2714 2916 2714 2916 2717 3223 2715 3225 2714 2916 2715 3225 2712 2918 2712 2918 2715 3225 2713 3227 2712 2918 2713 3227 2710 2920 2710 2920 2713 3227 2711 3229 2710 2920 2711 3229 2708 2922 2708 2922 2711 3229 2709 3231 2708 2922 2709 3231 2706 2924 2706 2924 2709 3231 2707 3233 2706 2924 2707 3233 2704 2926 2704 2926 2707 3233 2705 3235 2704 2926 2705 3235 2702 2928 2702 2928 2705 3235 2703 3237 2702 2928 2703 3237 2700 2930 2700 2930 2703 3237 2701 3239 2700 2930 2701 3239 2698 2932 2698 2932 2701 3239 2699 3241 2698 2932 2699 3241 2696 2934 2696 2934 2699 3241 2697 3243 2696 2934 2697 3243 2694 2936 2694 2936 2697 3243 2695 3245 2694 2936 2695 3245 2692 2938 2692 2938 2695 3245 2693 3247 2692 2938 2693 3247 2690 2940 2690 2940 2693 3247 2691 3249 2690 2940 2691 3249 2688 2942 2688 2942 2691 3249 2689 3251 2688 2942 2689 3251 2686 2944 2686 2944 2689 3251 2687 3253 2686 2944 2687 3253 2684 2946 2684 2946 2687 3253 2685 3255 2684 2946 2685 3255 2682 2948 2682 2948 2685 3255 2683 3257 2682 2948 2683 3257 2680 2950 2680 2950 2683 3257 2681 3259 2680 2950 2681 3259 2678 2952 2678 2952 2681 3259 2679 3261 2678 2952 2679 3261 2676 2954 2676 2954 2679 3261 2677 3263 2676 2954 2677 3263 2674 2956 2674 2956 2677 3263 2675 3265 2674 2956 2675 3265 2672 2958 2672 2958 2675 3265 2673 3267 2672 2958 2673 3267 2670 2960 2670 2960 2673 3267 2671 3269 2670 2960 2671 3269 2668 2962 2668 2962 2671 3269 2669 3271 2668 2962 2669 3271 2666 2964 2666 2964 2669 3271 2667 3273 2666 2964 2667 3273 2664 2966 2664 2966 2667 3273 2665 3275 2664 2966 2665 3275 2662 2968 2662 2968 2665 3275 2663 3277 2662 2968 2663 3277 2660 2970 2660 2970 2663 3277 2661 3279 2660 2970 2661 3279 2658 2972 2658 2972 2661 3279 2659 3281 2658 2972 2659 3281 2656 2974 2656 2974 2659 3281 2657 3283 2656 2974 2657 3283 2654 2976 2654 2976 2657 3283 2655 3285 2654 2976 2655 3285 2652 2978 2652 2978 2655 3285 2653 3287 2652 2978 2653 3287 2650 2980 2650 2980 2653 3287 2651 3289 2650 2980 2651 3289 2621 2982 2625 3207 2624 2898 2629 3205 2629 3205 2624 2898 2628 2896 2629 3205 2628 2896 2631 3203 2631 3203 2628 2896 2630 2894 2631 3203 2630 2894 2633 3201 2633 3201 2630 2894 2632 2892 2633 3201 2632 2892 2635 3199 2635 3199 2632 2892 2634 2890 2635 3199 2634 2890 2637 3197 2637 3197 2634 2890 2636 2888 2637 3197 2636 2888 2639 3195 2639 3195 2636 2888 2638 2886 2639 3195 2638 2886 2641 3193 2641 3193 2638 2886 2640 2884 2641 3193 2640 2884 2643 3191 2643 3191 2640 2884 2642 2882 2643 3191 2642 2882 2645 3189 2645 3189 2642 2882 2644 2880 2645 3189 2644 2880 2647 3187 2647 3187 2644 2880 2646 2878 2647 3187 2646 2878 2649 3185 2649 3185 2646 2878 2648 2876 2361 3292 1329 3293 2277 3294 2277 3294 1329 3293 1328 3295 2277 3294 1328 3295 1327 3296 2360 3297 1331 3298 2361 3292 2361 3292 1331 3298 1330 3299 2361 3292 1330 3299 1329 3293 1331 3298 2360 3297 1332 3300 1332 3300 2360 3297 2359 3301 1332 3300 2359 3301 1333 3302 1333 3302 2359 3301 1334 3303 1334 3303 2359 3301 2358 3304 1334 3303 2358 3304 1335 3305 1335 3305 2358 3304 1336 3306 1336 3306 2358 3304 2357 3307 1336 3306 2357 3307 1337 3308 1337 3308 2357 3307 2356 3309 1337 3308 2356 3309 1338 3310 1338 3310 2356 3309 1339 3311 1339 3311 2356 3309 2355 3312 1339 3311 2355 3312 1340 3313 1340 3313 2355 3312 1341 3314 1341 3314 2355 3312 2354 3315 1341 3314 2354 3315 1342 3316 1342 3316 2354 3315 2353 3317 1342 3316 2353 3317 1343 3318 1343 3318 2353 3317 1344 3319 1344 3319 2353 3317 2352 3320 1344 3319 2352 3320 1345 3321 1345 3321 2352 3320 1346 3322 1346 3322 2352 3320 2351 3323 1346 3322 2351 3323 1347 3324 1347 3324 2351 3323 1348 3325 1348 3325 2351 3323 2350 3326 1348 3325 2350 3326 1349 3327 1349 3327 2350 3326 2349 3328 1349 3327 2349 3328 1350 3329 1350 3329 2349 3328 1351 3330 1351 3330 2349 3328 2348 3331 1351 3330 2348 3331 1352 3332 1352 3332 2348 3331 1353 3333 1353 3333 2348 3331 2347 3334 1353 3333 2347 3334 1354 3335 1354 3335 2347 3334 1355 3336 1355 3336 2347 3334 2346 3337 1355 3336 2346 3337 1356 3338 1356 3338 2346 3337 1357 3339 1357 3339 2346 3337 2345 3340 1357 3339 2345 3340 1358 3341 1358 3341 2345 3340 1359 3342 1359 3342 2345 3340 2344 3343 1359 3342 2344 3343 1360 3344 1360 3344 2344 3343 1361 3345 1361 3345 2344 3343 1362 3346 1362 3346 2344 3343 2343 3347 1362 3346 2343 3347 1363 3348 1363 3348 2343 3347 1364 3349 1364 3349 2343 3347 2342 3350 1364 3349 2342 3350 1365 3351 1365 3351 2342 3350 1366 3352 1366 3352 2342 3350 1367 3353 1367 3353 2342 3350 1368 3354 1368 3354 2342 3350 2341 3355 1368 3354 2341 3355 1369 3356 1369 3356 2341 3355 1370 3357 1370 3357 2341 3355 1371 3358 1371 3358 2341 3355 1372 3359 1372 3359 2341 3355 1373 3360 1373 3360 2341 3355 2340 3361 1373 3360 2340 3361 1374 3362 1374 3362 2340 3361 1375 3363 1375 3363 2340 3361 1376 3364 1376 3364 2340 3361 1377 3365 1377 3365 2340 3361 1378 3366 1378 3366 2340 3361 1379 3367 1379 3367 2340 3361 441 3368 1379 3367 441 3368 1380 3369 1380 3369 441 3368 1381 3370 1381 3370 441 3368 1382 3371 1382 3371 441 3368 1383 3372 1383 3372 441 3368 1384 3373 1384 3373 441 3368 1385 3374 1385 3374 441 3368 440 3375 1385 3374 440 3375 1386 3376 1386 3376 440 3375 1387 3377 1387 3377 440 3375 1388 3378 1388 3378 440 3375 1389 3379 1389 3379 440 3375 1390 3380 1390 3380 440 3375 1391 3381 1391 3381 440 3375 439 522 441 3368 2340 3361 442 3382 442 3382 2340 3361 2339 3383 442 3382 2339 3383 443 3384 443 3384 2339 3383 2338 3385 443 3384 2338 3385 444 3386 444 3386 2338 3385 2337 3387 444 3386 2337 3387 445 3388 445 3388 2337 3387 2336 3389 445 3388 2336 3389 446 3390 446 3390 2336 3389 2335 3391 446 3390 2335 3391 447 3392 447 3392 2335 3391 2334 3393 447 3392 2334 3393 448 3394 448 3394 2334 3393 2333 3395 448 3394 2333 3395 449 3396 449 3396 2333 3395 2332 3397 449 3396 2332 3397 450 3398 450 3398 2332 3397 2331 3399 450 3398 2331 3399 451 3400 451 3400 2331 3399 2330 3401 451 3400 2330 3401 452 3402 452 3402 2330 3401 2329 3403 452 3402 2329 3403 453 3404 453 3404 2329 3403 2328 3405 453 3404 2328 3405 454 3406 454 3406 2328 3405 2327 3407 454 3406 2327 3407 455 3408 455 3408 2327 3407 2326 3409 455 3408 2326 3409 456 3410 456 3410 2326 3409 2325 3411 456 3410 2325 3411 457 3412 457 3412 2325 3411 2324 3413 457 3412 2324 3413 458 3414 458 3414 2324 3413 2323 3415 458 3414 2323 3415 459 3416 459 3416 2323 3415 2322 3417 459 3416 2322 3417 460 3418 460 3418 2322 3417 2321 3419 460 3418 2321 3419 461 3420 461 3420 2321 3419 2320 3421 461 3420 2320 3421 2319 3422 461 3420 2319 3422 462 3423 462 3423 2319 3422 2318 3424 462 3423 2318 3424 463 3425 463 3425 2318 3424 2317 3426 463 3425 2317 3426 464 3427 464 3427 2317 3426 2316 3428 464 3427 2316 3428 465 3429 465 3429 2316 3428 2315 3430 465 3429 2315 3430 466 3431 466 3431 2315 3430 2314 3432 466 3431 2314 3432 467 3433 467 3433 2314 3432 2313 3434 467 3433 2313 3434 468 3435 468 3435 2313 3434 2312 3436 468 3435 2312 3436 469 3437 469 3437 2312 3436 2311 3438 469 3437 2311 3438 470 3439 470 3439 2311 3438 2310 3440 470 3439 2310 3440 471 3441 471 3441 2310 3440 2309 3442 471 3441 2309 3442 472 3443 472 3443 2309 3442 2308 3444 472 3443 2308 3444 473 3445 473 3445 2308 3444 2307 3446 473 3445 2307 3446 474 3447 474 3447 2307 3446 2306 3448 474 3447 2306 3448 475 3449 475 3449 2306 3448 2305 3450 475 3449 2305 3450 476 3451 476 3451 2305 3450 2304 3452 476 3451 2304 3452 477 3453 477 3453 2304 3452 2303 3454 477 3453 2303 3454 478 3455 478 3455 2303 3454 2302 3456 478 3455 2302 3456 479 3457 479 3457 2302 3456 2301 3458 479 3457 2301 3458 480 3459 480 3459 2301 3458 2300 3460 480 3459 2300 3460 481 3461 481 3461 2300 3460 2299 3462 481 3461 2299 3462 482 3463 482 3463 2299 3462 1277 3464 482 3463 1277 3464 1276 3465 2298 3466 1283 3467 2299 3462 2299 3462 1283 3467 1282 3468 2299 3462 1282 3468 1281 3469 2297 3470 1288 3471 2298 3466 2298 3466 1288 3471 1287 3472 2298 3466 1287 3472 1286 3473 2296 3474 1291 3475 2297 3470 2297 3470 1291 3475 1290 3476 2297 3470 1290 3476 1289 3477 2295 3478 1294 3479 2296 3474 2296 3474 1294 3479 1293 3480 2296 3474 1293 3480 1292 3481 2294 3482 1297 3483 2295 3478 2295 3478 1297 3483 1296 3484 2295 3478 1296 3484 1295 3485 2293 3486 1299 3487 2294 3482 2294 3482 1299 3487 1298 3488 2294 3482 1298 3488 1297 3483 2292 3489 1301 3490 2293 3486 2293 3486 1301 3490 1300 3491 2293 3486 1300 3491 1299 3487 2291 3492 1303 3493 2292 3489 2292 3489 1303 3493 1302 3494 2292 3489 1302 3494 1301 3490 2290 3495 1305 3496 2291 3492 2291 3492 1305 3496 1304 3497 2291 3492 1304 3497 1303 3493 2289 3498 1307 3499 2290 3495 2290 3495 1307 3499 1306 3500 2290 3495 1306 3500 1305 3496 1307 3499 2289 3498 1308 3501 1308 3501 2289 3498 2288 3502 1308 3501 2288 3502 1309 3503 1309 3503 2288 3502 1310 3504 1310 3504 2288 3502 2287 3505 1310 3504 2287 3505 1311 3506 1311 3506 2287 3505 1312 3507 1312 3507 2287 3505 2286 3508 1312 3507 2286 3508 1313 3509 1313 3509 2286 3508 1314 3510 1314 3510 2286 3508 2285 3511 1314 3510 2285 3511 1315 3512 1315 3512 2285 3511 2284 3513 1315 3512 2284 3513 1316 3514 1316 3514 2284 3513 1317 3515 1317 3515 2284 3513 2283 3516 1317 3515 2283 3516 1318 3517 1318 3517 2283 3516 1319 3518 1319 3518 2283 3516 2282 3519 1319 3518 2282 3519 1320 3520 1320 3520 2282 3519 2281 3521 1320 3520 2281 3521 1321 3522 1321 3522 2281 3521 1322 3523 1322 3523 2281 3521 2280 3524 1322 3523 2280 3524 1323 3525 1323 3525 2280 3524 1324 3526 1324 3526 2280 3524 2279 3527 1324 3526 2279 3527 1325 3528 1325 3528 2279 3527 2278 3529 1325 3528 2278 3529 1326 3530 1326 3530 2278 3529 1327 3296 1327 3296 2278 3529 2277 3294 1295 3485 1294 3479 2295 3478 1292 3481 1291 3475 2296 3474 1289 3477 1288 3471 2297 3470 1286 3473 1285 3531 2298 3466 2298 3466 1285 3531 1284 3532 2298 3466 1284 3532 1283 3467 1281 3469 1280 3533 2299 3462 2299 3462 1280 3533 1279 3534 2299 3462 1279 3534 1278 3535 1278 3535 1277 3464 2299 3462 1276 3465 1275 3536 482 3463 482 3463 1275 3536 1274 3537 482 3463 1274 3537 1273 3538 1273 3538 1272 3539 482 3463 482 3463 1272 3539 1271 3540 482 3463 1271 3540 483 3541 483 3541 1271 3540 1270 3542 483 3541 1270 3542 1269 3543 1269 3543 1268 3544 483 3541 483 3541 1268 3544 1267 3545 483 3541 1267 3545 1266 3546 1266 3546 1265 3547 483 3541 483 3541 1265 3547 336 3548</p>
        </triangles>
      </mesh>
    </geometry>
  </library_geometries>
  <library_visual_scenes>
    <visual_scene id="Scene" name="Scene">
      <node id="Arm02-node" name="Arm02" type="NODE">
        <instance_geometry url="#Arm02-mesh">
          <bind_material>
            <technique_common>
              <instance_material symbol="Steel_-_Satin" target="#Steel_-_Satin"/>
              <instance_material symbol="Opaque_0_192_0_" target="#Opaque_0_192_0_"/>
            </technique_common>
          </bind_material>
        </instance_geometry>
      </node>
    </visual_scene>
  </library_visual_scenes>
  <scene>
    <instance_visual_scene url="#Scene"/>
  </scene>
</COLLADA>
