<?xml version="1.0" encoding="utf-8"?>
<COLLADA xmlns="http://www.collada.org/2005/11/COLLADASchema" version="1.4.1">
  <asset>
    <contributor>
      <authoring_tool>Fusion URDF/XACRO Exporter</authoring_tool>
    </contributor>
    <created>2026-05-04T15:59:38Z</created>
    <modified>2026-05-04T15:59:38Z</modified>
    <unit name="meter" meter="1.0"/>
    <up_axis>Z_UP</up_axis>
  </asset>
  <library_effects>
    <effect id="Opaque_0_192_0_-effect">
      <profile_COMMON>
        <technique sid="common">
          <lambert>
            <emission><color>0 0 0 1</color></emission>
            <ambient><color>0.0000 0.0000 0.0000 1</color></ambient>
            <diffuse><color>0.0000 0.7529 0.0000 1</color></diffuse>
            <reflective><color>0 0 0 1</color></reflective>
            <transparent opaque="A_ONE"><color>1 1 1 1</color></transparent>
            <transparency><float>1</float></transparency>
          </lambert>
        </technique>
      </profile_COMMON>
    </effect>
  </library_effects>
  <library_materials>
    <material id="Opaque_0_192_0_" name="Opaque(0,192,0)">
      <instance_effect url="#Opaque_0_192_0_-effect"/>
    </material>
  </library_materials>
  <library_geometries>
    <geometry id="Arm01-mesh" name="Arm01">
      <mesh>
        <source id="Arm01-mesh-positions">
          <float_array id="Arm01-mesh-positions-array" count="7632">0.100000 -1.000000 -0.100000 0.100000 -0.987467 -0.099211 0.100000 -0.975131 -0.096858 0.100000 -0.963188 -0.092978 0.100000 -0.951825 -0.087631 0.100000 -0.941221 -0.080902 0.100000 -0.931545 -0.072897 0.100000 -0.922949 -0.063742 0.100000 -0.915567 -0.053583 0.100000 -0.909517 -0.042578 0.100000 -0.904894 -0.030902 0.100000 -0.901771 -0.018738 0.100000 -0.900197 -0.006279 0.100000 -0.900197 0.006279 0.100000 -0.901771 0.018738 0.100000 -0.904894 0.030902 0.100000 -0.909517 0.042578 0.100000 -0.915567 0.053583 0.100000 -0.922949 0.063742 0.100000 -0.931545 0.072897 0.100000 -0.941221 0.080902 0.100000 -0.951825 0.087631 0.100000 -0.963188 0.092978 0.100000 -0.975131 0.096858 0.100000 -0.987467 0.099211 0.100000 -1.000000 0.100000 0.100000 -1.012533 0.099211 0.100000 -1.024869 0.096858 0.100000 -1.036812 0.092978 0.100000 -1.048175 0.087631 0.100000 -1.058779 0.080902 0.100000 -1.068455 0.072897 0.100000 -1.077051 0.063742 0.100000 -1.084433 0.053583 0.100000 -1.090483 0.042578 0.100000 -1.095106 0.030902 0.100000 -1.098229 0.018738 0.100000 -1.099803 0.006279 0.100000 -1.099803 -0.006279 0.100000 -1.098229 -0.018738 0.100000 -1.095106 -0.030902 0.100000 -1.090483 -0.042578 0.100000 -1.084433 -0.053583 0.100000 -1.077051 -0.063742 0.100000 -1.068455 -0.072897 0.100000 -1.058779 -0.080902 0.100000 -1.048175 -0.087631 0.100000 -1.036812 -0.092978 0.100000 -1.024869 -0.096858 0.100000 -1.012533 -0.099211 0.020000 -1.000000 0.100000 0.020000 -0.987467 0.099211 0.020000 -0.975131 0.096858 0.020000 -0.963188 0.092978 0.020000 -0.951825 0.087631 0.020000 -0.941221 0.080902 0.020000 -0.931545 0.072897 0.020000 -0.922949 0.063742 0.020000 -0.915567 0.053583 0.020000 -0.909517 0.042578 0.020000 -0.904894 0.030902 0.020000 -0.901771 0.018738 0.020000 -0.900197 0.006279 0.020000 -0.900197 -0.006279 0.020000 -0.901771 -0.018738 0.020000 -0.904894 -0.030902 0.020000 -0.909517 -0.042578 0.020000 -0.915567 -0.053583 0.020000 -0.922949 -0.063742 0.020000 -0.931545 -0.072897 0.020000 -0.941221 -0.080902 0.020000 -0.951825 -0.087631 0.020000 -0.963188 -0.092978 0.020000 -0.975131 -0.096858 0.020000 -0.987467 -0.099211 0.020000 -1.000000 -0.100000 0.020000 -1.012533 -0.099211 0.020000 -1.024869 -0.096858 0.020000 -1.036812 -0.092978 0.020000 -1.048175 -0.087631 0.020000 -1.058779 -0.080902 0.020000 -1.068455 -0.072897 0.020000 -1.077051 -0.063742 0.020000 -1.084433 -0.053583 0.020000 -1.090483 -0.042578 0.020000 -1.095106 -0.030902 0.020000 -1.098229 -0.018738 0.020000 -1.099803 -0.006279 0.020000 -1.099803 0.006279 0.020000 -1.098229 0.018738 0.020000 -1.095106 0.030902 0.020000 -1.090483 0.042578 0.020000 -1.084433 0.053583 0.020000 -1.077051 0.063742 0.020000 -1.068455 0.072897 0.020000 -1.058779 0.080902 0.020000 -1.048175 0.087631 0.020000 -1.036812 0.092978 0.020000 -1.024869 0.096858 0.020000 -1.012533 0.099211 0.020000 0.000000 0.075000 0.020000 0.010920 0.074201 0.020000 0.021607 0.071820 0.020000 0.031834 0.067909 0.020000 0.041383 0.062550 0.020000 0.050049 0.055858 0.020000 0.057649 0.047975 0.020000 0.064019 0.039071 0.020000 0.069026 0.029333 0.020000 0.072561 0.018970 0.020000 0.074550 0.008203 0.020000 0.074950 -0.002739 0.020000 0.073752 -0.013623 0.020000 0.070983 -0.024216 0.020000 0.066701 -0.034293 0.020000 0.060997 -0.043639 0.020000 0.053993 -0.052056 0.020000 0.045838 -0.059362 0.020000 0.036706 -0.065404 0.020000 0.026792 -0.070051 0.020000 0.016307 -0.073206 0.020000 0.005475 -0.074800 0.020000 -0.005475 -0.074800 0.020000 -0.016307 -0.073206 0.020000 -0.026792 -0.070051 0.020000 -0.036706 -0.065404 0.020000 -0.045838 -0.059362 0.020000 -0.053993 -0.052056 0.020000 -0.060997 -0.043639 0.020000 -0.066701 -0.034293 0.020000 -0.070983 -0.024216 0.020000 -0.073752 -0.013623 0.020000 -0.074950 -0.002739 0.020000 -0.074550 0.008203 0.020000 -0.072561 0.018970 0.020000 -0.069026 0.029333 0.020000 -0.064019 0.039071 0.020000 -0.057649 0.047975 0.020000 -0.050049 0.055858 0.020000 -0.041383 0.062550 0.020000 -0.031834 0.067909 0.020000 -0.021607 0.071820 0.020000 -0.010920 0.074201 0.100000 0.000000 -0.075000 0.100000 0.010920 -0.074201 0.100000 0.021607 -0.071820 0.100000 0.031834 -0.067909 0.100000 0.041383 -0.062550 0.100000 0.050049 -0.055858 0.100000 0.057649 -0.047975 0.100000 0.064019 -0.039071 0.100000 0.069026 -0.029333 0.100000 0.072561 -0.018970 0.100000 0.074550 -0.008203 0.100000 0.074950 0.002739 0.100000 0.073752 0.013623 0.100000 0.070983 0.024216 0.100000 0.066701 0.034293 0.100000 0.060997 0.043639 0.100000 0.053993 0.052056 0.100000 0.045838 0.059362 0.100000 0.036706 0.065404 0.100000 0.026792 0.070051 0.100000 0.016307 0.073206 0.100000 0.005475 0.074800 0.100000 -0.005475 0.074800 0.100000 -0.016307 0.073206 0.100000 -0.026792 0.070051 0.100000 -0.036706 0.065404 0.100000 -0.045838 0.059362 0.100000 -0.053993 0.052056 0.100000 -0.060997 0.043639 0.100000 -0.066701 0.034293 0.100000 -0.070983 0.024216 0.100000 -0.073752 0.013623 0.100000 -0.074950 0.002739 0.100000 -0.074550 -0.008203 0.100000 -0.072561 -0.018970 0.100000 -0.069026 -0.029333 0.100000 -0.064019 -0.039071 0.100000 -0.057649 -0.047975 0.100000 -0.050049 -0.055858 0.100000 -0.041383 -0.062550 0.100000 -0.031834 -0.067909 0.100000 -0.021607 -0.071820 0.100000 -0.010920 -0.074201 0.000000 0.000000 -0.100000 0.000000 0.012533 -0.099211 0.000000 0.024869 -0.096858 0.000000 0.036812 -0.092978 0.000000 0.048175 -0.087631 0.000000 0.058779 -0.080902 0.000000 0.068455 -0.072897 0.000000 0.077051 -0.063742 0.000000 0.084433 -0.053583 0.000000 0.090483 -0.042578 0.000000 0.095106 -0.030902 0.000000 0.098229 -0.018738 0.000000 0.099803 -0.006279 0.000000 0.099803 0.006279 0.000000 0.098229 0.018738 0.000000 0.095106 0.030902 0.000000 0.090483 0.042578 0.000000 0.084433 0.053583 0.000000 0.077051 0.063742 0.000000 0.068455 0.072897 0.000000 0.058779 0.080902 0.000000 0.048175 0.087631 0.000000 0.036812 0.092978 0.000000 0.024869 0.096858 0.000000 0.012533 0.099211 0.000000 -0.000000 0.100000 0.000000 -0.012533 0.099211 0.000000 -0.024869 0.096858 0.000000 -0.036812 0.092978 0.000000 -0.048175 0.087631 0.000000 -0.058779 0.080902 0.000000 -0.068455 0.072897 0.000000 -0.077051 0.063742 0.000000 -0.084433 0.053583 0.000000 -0.090483 0.042578 0.000000 -0.095106 0.030902 0.000000 -0.098229 0.018738 0.000000 -0.099803 0.006279 0.000000 -0.099803 -0.006279 0.000000 -0.098229 -0.018738 0.000000 -0.095106 -0.030902 0.000000 -0.090483 -0.042578 0.000000 -0.084433 -0.053583 0.000000 -0.077051 -0.063742 0.000000 -0.068455 -0.072897 0.000000 -0.058779 -0.080902 0.000000 -0.048175 -0.087631 0.000000 -0.036812 -0.092978 0.000000 -0.024869 -0.096858 0.000000 -0.012533 -0.099211 0.120000 0.000000 -0.100000 0.120000 -0.012533 -0.099211 0.120000 -0.024869 -0.096858 0.120000 -0.036812 -0.092978 0.120000 -0.048175 -0.087631 0.120000 -0.058779 -0.080902 0.120000 -0.068455 -0.072897 0.120000 -0.077051 -0.063742 0.120000 -0.084433 -0.053583 0.120000 -0.090483 -0.042578 0.120000 -0.095106 -0.030902 0.120000 -0.098229 -0.018738 0.120000 -0.099803 -0.006279 0.120000 -0.099803 0.006279 0.120000 -0.098229 0.018738 0.120000 -0.095106 0.030902 0.120000 -0.090483 0.042578 0.120000 -0.084433 0.053583 0.120000 -0.077051 0.063742 0.120000 -0.068455 0.072897 0.120000 -0.058779 0.080902 0.120000 -0.048175 0.087631 0.120000 -0.036812 0.092978 0.120000 -0.024869 0.096858 0.120000 -0.012533 0.099211 0.120000 -0.000000 0.100000 0.120000 0.012533 0.099211 0.120000 0.024869 0.096858 0.120000 0.036812 0.092978 0.120000 0.048175 0.087631 0.120000 0.058779 0.080902 0.120000 0.068455 0.072897 0.120000 0.077051 0.063742 0.120000 0.084433 0.053583 0.120000 0.090483 0.042578 0.120000 0.095106 0.030902 0.120000 0.098229 0.018738 0.120000 0.099803 0.006279 0.120000 0.099803 -0.006279 0.120000 0.098229 -0.018738 0.120000 0.095106 -0.030902 0.120000 0.090483 -0.042578 0.120000 0.084433 -0.053583 0.120000 0.077051 -0.063742 0.120000 0.068455 -0.072897 0.120000 0.058779 -0.080902 0.120000 0.048175 -0.087631 0.120000 0.036812 -0.092978 0.120000 0.024869 -0.096858 0.120000 0.012533 -0.099211 0.061360 -0.080000 0.060000 0.061360 -0.072783 0.068576 0.061360 -0.064652 0.076290 0.061360 -0.055709 0.083046 0.061360 -0.046065 0.088758 0.061360 -0.035843 0.093356 0.061360 -0.025171 0.096780 0.061360 -0.014183 0.098989 0.108000 -0.014183 0.098989 0.108000 -0.026338 0.096469 0.108000 -0.038087 0.092463 0.108000 -0.049250 0.087031 0.108000 -0.059653 0.080259 0.108000 -0.069137 0.072250 0.108000 -0.077556 0.063127 0.108000 -0.084780 0.053032 0.108000 -0.090697 0.042119 0.108000 -0.095217 0.030557 0.108000 -0.098269 0.018525 0.108000 -0.099807 0.006207 0.108000 -0.099807 -0.006207 0.108000 -0.098269 -0.018525 0.108000 -0.095217 -0.030557 0.108000 -0.090697 -0.042119 0.108000 -0.084780 -0.053032 0.108000 -0.077556 -0.063127 0.108000 -0.069137 -0.072250 0.108000 -0.059653 -0.080259 0.108000 -0.049250 -0.087031 0.108000 -0.038087 -0.092463 0.108000 -0.026338 -0.096469 0.108000 -0.014183 -0.098989 0.061360 -0.014183 -0.098989 0.061360 -0.025171 -0.096780 0.061360 -0.035843 -0.093356 0.061360 -0.046065 -0.088758 0.061360 -0.055709 -0.083046 0.061360 -0.064652 -0.076290 0.061360 -0.072783 -0.068576 0.061360 -0.080000 -0.060000 0.089360 -0.080000 -0.060000 0.089360 -0.086457 -0.050251 0.089360 -0.091732 -0.039815 0.089360 -0.095753 -0.028835 0.089360 -0.098464 -0.017460 0.089360 -0.099829 -0.005847 0.089360 -0.099829 0.005847 0.089360 -0.098464 0.017460 0.089360 -0.095753 0.028835 0.089360 -0.091732 0.039815 0.089360 -0.086457 0.050251 0.089360 -0.080000 0.060000 0.120000 0.000000 -0.090000 0.120000 -0.011996 -0.089197 0.120000 -0.023778 -0.086802 0.120000 -0.035135 -0.082858 0.120000 -0.045865 -0.077436 0.120000 -0.055777 -0.070632 0.120000 -0.064694 -0.062567 0.120000 -0.072456 -0.053386 0.120000 -0.078925 -0.043252 0.120000 -0.083986 -0.032347 0.120000 -0.087548 -0.020864 0.120000 -0.089548 -0.009009 0.120000 -0.089950 0.003007 0.120000 -0.088746 0.014970 0.120000 -0.085959 0.026665 0.120000 -0.081638 0.037884 0.120000 -0.075860 0.048427 0.120000 -0.068729 0.058107 0.120000 -0.060371 0.066749 0.120000 -0.050935 0.074200 0.120000 -0.040591 0.080327 0.120000 -0.029522 0.085020 0.120000 -0.017927 0.088197 0.120000 -0.006011 0.089799 0.120000 0.006011 0.089799 0.120000 0.017927 0.088197 0.120000 0.029522 0.085020 0.120000 0.040591 0.080327 0.120000 0.050935 0.074200 0.120000 0.060371 0.066749 0.120000 0.068729 0.058107 0.120000 0.075860 0.048427 0.120000 0.081638 0.037884 0.120000 0.085959 0.026665 0.120000 0.088746 0.014970 0.120000 0.089950 0.003007 0.120000 0.089548 -0.009009 0.120000 0.087548 -0.020864 0.120000 0.083986 -0.032347 0.120000 0.078925 -0.043252 0.120000 0.072456 -0.053386 0.120000 0.064694 -0.062567 0.120000 0.055777 -0.070632 0.120000 0.045865 -0.077436 0.120000 0.035135 -0.082858 0.120000 0.023778 -0.086802 0.120000 0.011996 -0.089197 0.000000 0.000000 0.090000 0.000000 -0.011996 0.089197 0.000000 -0.023778 0.086802 0.000000 -0.035135 0.082858 0.000000 -0.045865 0.077436 0.000000 -0.055777 0.070632 0.000000 -0.064694 0.062567 0.000000 -0.072456 0.053386 0.000000 -0.078925 0.043252 0.000000 -0.083986 0.032347 0.000000 -0.087548 0.020864 0.000000 -0.089548 0.009009 0.000000 -0.089950 -0.003007 0.000000 -0.088746 -0.014970 0.000000 -0.085959 -0.026665 0.000000 -0.081638 -0.037884 0.000000 -0.075860 -0.048427 0.000000 -0.068729 -0.058107 0.000000 -0.060371 -0.066749 0.000000 -0.050935 -0.074200 0.000000 -0.040591 -0.080327 0.000000 -0.029522 -0.085020 0.000000 -0.017927 -0.088197 0.000000 -0.006011 -0.089799 0.000000 0.006011 -0.089799 0.000000 0.017927 -0.088197 0.000000 0.029522 -0.085020 0.000000 0.040591 -0.080327 0.000000 0.050935 -0.074200 0.000000 0.060371 -0.066749 0.000000 0.068729 -0.058107 0.000000 0.075860 -0.048427 0.000000 0.081638 -0.037884 0.000000 0.085959 -0.026665 0.000000 0.088746 -0.014970 0.000000 0.089950 -0.003007 0.000000 0.089548 0.009009 0.000000 0.087548 0.020864 0.000000 0.083986 0.032347 0.000000 0.078925 0.043252 0.000000 0.072456 0.053386 0.000000 0.064694 0.062567 0.000000 0.055777 0.070632 0.000000 0.045865 0.077436 0.000000 0.035135 0.082858 0.000000 0.023778 0.086802 0.000000 0.011996 0.089197 0.108000 -0.964269 0.145682 0.108000 -0.902114 0.131276 0.108000 -0.839612 0.118460 0.108000 -0.776802 0.107244 0.108000 -0.713728 0.097634 0.108000 -0.650428 0.089637 0.108000 -0.586945 0.083258 0.108000 -0.523320 0.078501 0.108000 -0.459594 0.075369 0.108000 -0.395809 0.073864 0.108000 -0.332007 0.073988 0.108000 -0.268228 0.075740 0.108000 -0.204515 0.079118 0.108000 -0.140909 0.084122 0.108000 -0.077451 0.090747 0.061360 -0.077451 0.090747 0.061360 -0.140909 0.084122 0.061360 -0.204515 0.079118 0.061360 -0.268228 0.075740 0.061360 -0.332007 0.073988 0.061360 -0.395809 0.073864 0.061360 -0.459594 0.075369 0.061360 -0.523320 0.078501 0.061360 -0.586945 0.083258 0.061360 -0.650428 0.089637 0.061360 -0.713728 0.097634 0.061360 -0.776802 0.107244 0.061360 -0.839612 0.118460 0.061360 -0.902114 0.131276 0.061360 -0.964269 0.145682 0.061360 -0.964269 -0.145682 0.061360 -0.905120 -0.131934 0.061360 -0.845654 -0.119627 0.061360 -0.785907 -0.108768 0.061360 -0.725914 -0.099363 0.061360 -0.665711 -0.091418 0.061360 -0.605332 -0.084937 0.061360 -0.544813 -0.079925 0.061360 -0.484191 -0.076385 0.061360 -0.423500 -0.074317 0.066360 -0.423500 -0.074317 0.066360 -0.387001 -0.073784 0.066360 -0.350499 -0.073784 0.066360 -0.314000 -0.074317 0.061360 -0.314000 -0.074317 0.061360 -0.253834 -0.076360 0.061360 -0.193734 -0.079851 0.061360 -0.133736 -0.084789 0.061360 -0.073874 -0.091169 0.108000 -0.077451 -0.090747 0.108000 -0.140909 -0.084122 0.108000 -0.204515 -0.079118 0.108000 -0.268228 -0.075740 0.108000 -0.332007 -0.073988 0.108000 -0.395809 -0.073864 0.108000 -0.459594 -0.075369 0.108000 -0.523320 -0.078501 0.108000 -0.586945 -0.083258 0.108000 -0.650428 -0.089637 0.108000 -0.713728 -0.097634 0.108000 -0.776802 -0.107244 0.108000 -0.839612 -0.118460 0.108000 -0.902114 -0.131276 0.108000 -0.964269 -0.145682 0.061360 -0.949609 -0.141282 0.061360 -0.935473 -0.135412 0.061360 -0.922010 -0.128131 0.061360 -0.909359 -0.119516 0.061360 -0.897651 -0.109657 0.061360 -0.887009 -0.098656 0.061360 -0.877543 -0.086628 0.061360 -0.869353 -0.073698 0.061360 -0.862523 -0.060000 0.061360 -0.594000 -0.060000 0.061360 -0.594000 0.060000 0.061360 -0.862523 0.060000 0.061360 -0.869353 0.073698 0.061360 -0.877543 0.086628 0.061360 -0.887009 0.098656 0.061360 -0.897651 0.109657 0.061360 -0.909359 0.119516 0.061360 -0.922010 0.128131 0.061360 -0.935473 0.135412 0.061360 -0.949609 0.141282 0.061360 -0.314000 0.060000 0.061360 -0.314000 -0.060000 0.108000 -0.949574 0.141270 0.108000 -0.935407 0.135380 0.108000 -0.921916 0.128074 0.108000 -0.909242 0.119427 0.108000 -0.897517 0.109532 0.108000 -0.886864 0.098490 0.108000 -0.877395 0.086418 0.108000 -0.869209 0.073442 0.108000 -0.862391 0.059697 0.108000 -0.857013 0.045328 0.108000 -0.853130 0.030485 0.108000 -0.850785 0.015323 0.108000 -0.850000 0.000000 0.108000 -0.850785 -0.015323 0.108000 -0.853130 -0.030485 0.108000 -0.857013 -0.045328 0.108000 -0.862391 -0.059697 0.108000 -0.869209 -0.073442 0.108000 -0.877395 -0.086418 0.108000 -0.886864 -0.098490 0.108000 -0.897517 -0.109532 0.108000 -0.909242 -0.119427 0.108000 -0.921916 -0.128074 0.108000 -0.935407 -0.135380 0.108000 -0.949574 -0.141270 0.120000 -1.000000 -0.150000 0.120000 -1.015423 -0.149205 0.120000 -1.030683 -0.146828 0.120000 -1.045617 -0.142895 0.120000 -1.060068 -0.137448 0.120000 -1.073882 -0.130543 0.120000 -1.086913 -0.122254 0.120000 -1.099023 -0.112670 0.120000 -1.110083 -0.101891 0.120000 -1.119976 -0.090032 0.120000 -1.128597 -0.077219 0.120000 -1.135855 -0.063587 0.120000 -1.141673 -0.049281 0.120000 -1.145990 -0.034453 0.120000 -1.148758 -0.019260 0.120000 -1.149950 -0.003862 0.120000 -1.149553 0.011576 0.120000 -1.147570 0.026892 0.120000 -1.144022 0.041923 0.120000 -1.138949 0.056509 0.120000 -1.132402 0.070497 0.120000 -1.124452 0.083737 0.120000 -1.115182 0.096089 0.120000 -1.104692 0.107423 0.120000 -1.093091 0.117618 0.120000 -1.080504 0.126566 0.120000 -1.067064 0.134173 0.120000 -1.052913 0.140358 0.120000 -1.038201 0.145054 0.120000 -1.023084 0.148213 0.120000 -1.007722 0.149801 0.120000 -0.992278 0.149801 0.120000 -0.976916 0.148213 0.120000 -0.961799 0.145054 0.120000 -0.947087 0.140358 0.120000 -0.932936 0.134173 0.120000 -0.919496 0.126566 0.120000 -0.906909 0.117618 0.120000 -0.895308 0.107423 0.120000 -0.884818 0.096089 0.120000 -0.875548 0.083737 0.120000 -0.867598 0.070497 0.120000 -0.861051 0.056509 0.120000 -0.855978 0.041923 0.120000 -0.852430 0.026892 0.120000 -0.850447 0.011576 0.120000 -0.850050 -0.003862 0.120000 -0.851242 -0.019260 0.120000 -0.854010 -0.034453 0.120000 -0.858327 -0.049281 0.120000 -0.864145 -0.063587 0.120000 -0.871403 -0.077219 0.120000 -0.880024 -0.090032 0.120000 -0.889917 -0.101891 0.120000 -0.900977 -0.112670 0.120000 -0.913087 -0.122254 0.120000 -0.926118 -0.130543 0.120000 -0.939932 -0.137448 0.120000 -0.954383 -0.142895 0.120000 -0.969317 -0.146828 0.120000 -0.984577 -0.149205 0.000000 -1.000000 -0.150000 0.000000 -0.984577 -0.149205 0.000000 -0.969317 -0.146828 0.000000 -0.954383 -0.142895 0.000000 -0.939932 -0.137448 0.000000 -0.926118 -0.130543 0.000000 -0.913087 -0.122254 0.000000 -0.900977 -0.112670 0.000000 -0.889917 -0.101891 0.000000 -0.880024 -0.090032 0.000000 -0.871403 -0.077219 0.000000 -0.864145 -0.063587 0.000000 -0.858327 -0.049281 0.000000 -0.854010 -0.034453 0.000000 -0.851242 -0.019260 0.000000 -0.850050 -0.003862 0.000000 -0.850447 0.011576 0.000000 -0.852430 0.026892 0.000000 -0.855978 0.041923 0.000000 -0.861051 0.056509 0.000000 -0.867598 0.070497 0.000000 -0.875548 0.083737 0.000000 -0.884818 0.096089 0.000000 -0.895308 0.107423 0.000000 -0.906909 0.117618 0.000000 -0.919496 0.126566 0.000000 -0.932936 0.134173 0.000000 -0.947087 0.140358 0.000000 -0.961799 0.145054 0.000000 -0.976916 0.148213 0.000000 -0.992278 0.149801 0.000000 -1.007722 0.149801 0.000000 -1.023084 0.148213 0.000000 -1.038201 0.145054 0.000000 -1.052913 0.140358 0.000000 -1.067064 0.134173 0.000000 -1.080504 0.126566 0.000000 -1.093091 0.117618 0.000000 -1.104692 0.107423 0.000000 -1.115182 0.096089 0.000000 -1.124452 0.083737 0.000000 -1.132402 0.070497 0.000000 -1.138949 0.056509 0.000000 -1.144022 0.041923 0.000000 -1.147570 0.026892 0.000000 -1.149553 0.011576 0.000000 -1.149950 -0.003862 0.000000 -1.148758 -0.019260 0.000000 -1.145990 -0.034453 0.000000 -1.141673 -0.049281 0.000000 -1.135855 -0.063587 0.000000 -1.128597 -0.077219 0.000000 -1.119976 -0.090032 0.000000 -1.110083 -0.101891 0.000000 -1.099023 -0.112670 0.000000 -1.086913 -0.122254 0.000000 -1.073882 -0.130543 0.000000 -1.060068 -0.137448 0.000000 -1.045617 -0.142895 0.000000 -1.030683 -0.146828 0.000000 -1.015423 -0.149205 0.089360 -0.862523 0.060000 0.089360 -0.857088 0.045564 0.089360 -0.853164 0.030646 0.089360 -0.850793 0.015405 0.089360 -0.850000 0.000000 0.089360 -0.850793 -0.015405 0.089360 -0.853164 -0.030646 0.089360 -0.857088 -0.045564 0.089360 -0.862523 -0.060000 0.120000 -1.000000 -0.140000 0.120000 -1.014881 -0.139207 0.120000 -1.029594 -0.136836 0.120000 -1.043971 -0.132916 0.120000 -1.057850 -0.127489 0.120000 -1.071073 -0.120618 0.120000 -1.083491 -0.112380 0.120000 -1.094964 -0.102868 0.120000 -1.105360 -0.092192 0.120000 -1.114562 -0.080470 0.120000 -1.122467 -0.067837 0.120000 -1.128984 -0.054435 0.120000 -1.134039 -0.040417 0.120000 -1.137576 -0.025940 0.120000 -1.139554 -0.011170 0.120000 -1.139950 0.003727 0.120000 -1.138761 0.018582 0.120000 -1.136000 0.033226 0.120000 -1.131698 0.047493 0.120000 -1.125904 0.061223 0.120000 -1.118683 0.074259 0.120000 -1.110117 0.086453 0.120000 -1.100304 0.097668 0.120000 -1.089354 0.107777 0.120000 -1.077392 0.116664 0.120000 -1.064553 0.124229 0.120000 -1.050982 0.130387 0.120000 -1.036834 0.135068 0.120000 -1.022269 0.138218 0.120000 -1.007451 0.139802 0.120000 -0.992549 0.139802 0.120000 -0.977731 0.138218 0.120000 -0.963166 0.135068 0.120000 -0.949018 0.130387 0.120000 -0.935447 0.124229 0.120000 -0.922608 0.116664 0.120000 -0.910646 0.107777 0.120000 -0.899696 0.097668 0.120000 -0.889883 0.086453 0.120000 -0.881317 0.074259 0.120000 -0.874096 0.061223 0.120000 -0.868302 0.047493 0.120000 -0.864000 0.033226 0.120000 -0.861239 0.018582 0.120000 -0.860050 0.003727 0.120000 -0.860446 -0.011170 0.120000 -0.862424 -0.025940 0.120000 -0.865961 -0.040417 0.120000 -0.871016 -0.054435 0.120000 -0.877533 -0.067837 0.120000 -0.885438 -0.080470 0.120000 -0.894640 -0.092192 0.120000 -0.905036 -0.102868 0.120000 -0.916509 -0.112380 0.120000 -0.928927 -0.120618 0.120000 -0.942150 -0.127489 0.120000 -0.956029 -0.132916 0.120000 -0.970406 -0.136836 0.120000 -0.985119 -0.139207 0.000000 -1.000000 0.140000 0.000000 -1.014881 0.139207 0.000000 -1.029594 0.136836 0.000000 -1.043971 0.132916 0.000000 -1.057850 0.127489 0.000000 -1.071073 0.120618 0.000000 -1.083491 0.112380 0.000000 -1.094964 0.102868 0.000000 -1.105360 0.092192 0.000000 -1.114562 0.080470 0.000000 -1.122467 0.067837 0.000000 -1.128984 0.054435 0.000000 -1.134039 0.040417 0.000000 -1.137576 0.025940 0.000000 -1.139554 0.011170 0.000000 -1.139950 -0.003727 0.000000 -1.138761 -0.018582 0.000000 -1.136000 -0.033226 0.000000 -1.131698 -0.047493 0.000000 -1.125904 -0.061223 0.000000 -1.118683 -0.074259 0.000000 -1.110117 -0.086453 0.000000 -1.100304 -0.097668 0.000000 -1.089354 -0.107777 0.000000 -1.077392 -0.116664 0.000000 -1.064553 -0.124229 0.000000 -1.050982 -0.130387 0.000000 -1.036834 -0.135068 0.000000 -1.022269 -0.138218 0.000000 -1.007451 -0.139802 0.000000 -0.992549 -0.139802 0.000000 -0.977731 -0.138218 0.000000 -0.963166 -0.135068 0.000000 -0.949018 -0.130387 0.000000 -0.935447 -0.124229 0.000000 -0.922608 -0.116664 0.000000 -0.910646 -0.107777 0.000000 -0.899696 -0.097668 0.000000 -0.889883 -0.086453 0.000000 -0.881317 -0.074259 0.000000 -0.874096 -0.061223 0.000000 -0.868302 -0.047493 0.000000 -0.864000 -0.033226 0.000000 -0.861239 -0.018582 0.000000 -0.860050 -0.003727 0.000000 -0.860446 0.011170 0.000000 -0.862424 0.025940 0.000000 -0.865961 0.040417 0.000000 -0.871016 0.054435 0.000000 -0.877533 0.067837 0.000000 -0.885438 0.080470 0.000000 -0.894640 0.092192 0.000000 -0.905036 0.102868 0.000000 -0.916509 0.112380 0.000000 -0.928927 0.120618 0.000000 -0.942150 0.127489 0.000000 -0.956029 0.132916 0.000000 -0.970406 0.136836 0.000000 -0.985119 0.139207 0.020000 0.000000 0.090000 0.020000 -0.011996 0.089197 0.020000 -0.023778 0.086802 0.020000 -0.035135 0.082858 0.020000 -0.045865 0.077436 0.020000 -0.055777 0.070632 0.020000 -0.064694 0.062567 0.020000 -0.072456 0.053386 0.020000 -0.078925 0.043252 0.020000 -0.083986 0.032347 0.020000 -0.087548 0.020864 0.020000 -0.089548 0.009009 0.020000 -0.089950 -0.003007 0.020000 -0.088746 -0.014970 0.020000 -0.085959 -0.026665 0.020000 -0.081638 -0.037884 0.020000 -0.075860 -0.048427 0.020000 -0.068729 -0.058107 0.020000 -0.060371 -0.066749 0.020000 -0.050935 -0.074200 0.020000 -0.040591 -0.080327 0.020000 -0.029522 -0.085020 0.020000 -0.017927 -0.088197 0.020000 -0.006011 -0.089799 0.020000 0.006011 -0.089799 0.020000 0.017927 -0.088197 0.020000 0.029522 -0.085020 0.020000 0.040591 -0.080327 0.020000 0.050935 -0.074200 0.020000 0.060371 -0.066749 0.020000 0.068729 -0.058107 0.020000 0.075860 -0.048427 0.020000 0.081638 -0.037884 0.020000 0.085959 -0.026665 0.020000 0.088746 -0.014970 0.020000 0.089950 -0.003007 0.020000 0.089548 0.009009 0.020000 0.087548 0.020864 0.020000 0.083986 0.032347 0.020000 0.078925 0.043252 0.020000 0.072456 0.053386 0.020000 0.064694 0.062567 0.020000 0.055777 0.070632 0.020000 0.045865 0.077436 0.020000 0.035135 0.082858 0.020000 0.023778 0.086802 0.020000 0.011996 0.089197 0.020000 0.082500 0.005000 0.020000 0.081206 0.004830 0.020000 0.080000 0.004330 0.020000 0.078964 0.003536 0.020000 0.078170 0.002500 0.020000 0.077670 0.001294 0.020000 0.077500 -0.000000 0.020000 0.077670 -0.001294 0.020000 0.078170 -0.002500 0.020000 0.078964 -0.003536 0.020000 0.080000 -0.004330 0.020000 0.081206 -0.004830 0.020000 0.082500 -0.005000 0.020000 0.083794 -0.004830 0.020000 0.085000 -0.004330 0.020000 0.086036 -0.003536 0.020000 0.086830 -0.002500 0.020000 0.087330 -0.001294 0.020000 0.087500 0.000000 0.020000 0.087330 0.001294 0.020000 0.086830 0.002500 0.020000 0.086036 0.003536 0.020000 0.085000 0.004330 0.020000 0.083794 0.004830 0.020000 0.058336 0.063336 0.020000 0.057042 0.063166 0.020000 0.055836 0.062666 0.020000 0.054801 0.061872 0.020000 0.054006 0.060836 0.020000 0.053507 0.059630 0.020000 0.053336 0.058336 0.020000 0.053507 0.057042 0.020000 0.054006 0.055836 0.020000 0.054801 0.054801 0.020000 0.055836 0.054006 0.020000 0.057042 0.053507 0.020000 0.058336 0.053336 0.020000 0.059630 0.053507 0.020000 0.060836 0.054006 0.020000 0.061872 0.054801 0.020000 0.062666 0.055836 0.020000 0.063166 0.057042 0.020000 0.063336 0.058336 0.020000 0.063166 0.059630 0.020000 0.062666 0.060836 0.020000 0.061872 0.061872 0.020000 0.060836 0.062666 0.020000 0.059630 0.063166 0.020000 0.000000 0.087500 0.020000 -0.001294 0.087330 0.020000 -0.002500 0.086830 0.020000 -0.003536 0.086036 0.020000 -0.004330 0.085000 0.020000 -0.004830 0.083794 0.020000 -0.005000 0.082500 0.020000 -0.004830 0.081206 0.020000 -0.004330 0.080000 0.020000 -0.003536 0.078964 0.020000 -0.002500 0.078170 0.020000 -0.001294 0.077670 0.020000 0.000000 0.077500 0.020000 0.001294 0.077670 0.020000 0.002500 0.078170 0.020000 0.003536 0.078964 0.020000 0.004330 0.080000 0.020000 0.004830 0.081206 0.020000 0.005000 0.082500 0.020000 0.004830 0.083794 0.020000 0.004330 0.085000 0.020000 0.003536 0.086036 0.020000 0.002500 0.086830 0.020000 0.001294 0.087330 0.020000 -0.058336 0.063336 0.020000 -0.059630 0.063166 0.020000 -0.060836 0.062666 0.020000 -0.061872 0.061872 0.020000 -0.062666 0.060836 0.020000 -0.063166 0.059630 0.020000 -0.063336 0.058336 0.020000 -0.063166 0.057042 0.020000 -0.062666 0.055836 0.020000 -0.061872 0.054801 0.020000 -0.060836 0.054006 0.020000 -0.059630 0.053507 0.020000 -0.058336 0.053336 0.020000 -0.057042 0.053507 0.020000 -0.055836 0.054006 0.020000 -0.054801 0.054801 0.020000 -0.054006 0.055836 0.020000 -0.053507 0.057042 0.020000 -0.053336 0.058336 0.020000 -0.053507 0.059630 0.020000 -0.054006 0.060836 0.020000 -0.054801 0.061872 0.020000 -0.055836 0.062666 0.020000 -0.057042 0.063166 0.020000 -0.082500 0.005000 0.020000 -0.083794 0.004830 0.020000 -0.085000 0.004330 0.020000 -0.086036 0.003536 0.020000 -0.086830 0.002500 0.020000 -0.087330 0.001294 0.020000 -0.087500 0.000000 0.020000 -0.087330 -0.001294 0.020000 -0.086830 -0.002500 0.020000 -0.086036 -0.003536 0.020000 -0.085000 -0.004330 0.020000 -0.083794 -0.004830 0.020000 -0.082500 -0.005000 0.020000 -0.081206 -0.004830 0.020000 -0.080000 -0.004330 0.020000 -0.078964 -0.003536 0.020000 -0.078170 -0.002500 0.020000 -0.077670 -0.001294 0.020000 -0.077500 0.000000 0.020000 -0.077670 0.001294 0.020000 -0.078170 0.002500 0.020000 -0.078964 0.003536 0.020000 -0.080000 0.004330 0.020000 -0.081206 0.004830 0.020000 -0.058336 -0.053336 0.020000 -0.059630 -0.053507 0.020000 -0.060836 -0.054006 0.020000 -0.061872 -0.054801 0.020000 -0.062666 -0.055836 0.020000 -0.063166 -0.057042 0.020000 -0.063336 -0.058336 0.020000 -0.063166 -0.059630 0.020000 -0.062666 -0.060836 0.020000 -0.061872 -0.061872 0.020000 -0.060836 -0.062666 0.020000 -0.059630 -0.063166 0.020000 -0.058336 -0.063336 0.020000 -0.057042 -0.063166 0.020000 -0.055836 -0.062666 0.020000 -0.054801 -0.061872 0.020000 -0.054006 -0.060836 0.020000 -0.053507 -0.059630 0.020000 -0.053336 -0.058336 0.020000 -0.053507 -0.057042 0.020000 -0.054006 -0.055836 0.020000 -0.054801 -0.054801 0.020000 -0.055836 -0.054006 0.020000 -0.057042 -0.053507 0.020000 -0.000000 -0.077500 0.020000 -0.001294 -0.077670 0.020000 -0.002500 -0.078170 0.020000 -0.003536 -0.078964 0.020000 -0.004330 -0.080000 0.020000 -0.004830 -0.081206 0.020000 -0.005000 -0.082500 0.020000 -0.004830 -0.083794 0.020000 -0.004330 -0.085000 0.020000 -0.003536 -0.086036 0.020000 -0.002500 -0.086830 0.020000 -0.001294 -0.087330 0.020000 -0.000000 -0.087500 0.020000 0.001294 -0.087330 0.020000 0.002500 -0.086830 0.020000 0.003536 -0.086036 0.020000 0.004330 -0.085000 0.020000 0.004830 -0.083794 0.020000 0.005000 -0.082500 0.020000 0.004830 -0.081206 0.020000 0.004330 -0.080000 0.020000 0.003536 -0.078964 0.020000 0.002500 -0.078170 0.020000 0.001294 -0.077670 0.020000 0.058336 -0.053336 0.020000 0.057042 -0.053507 0.020000 0.055836 -0.054006 0.020000 0.054801 -0.054801 0.020000 0.054006 -0.055836 0.020000 0.053507 -0.057042 0.020000 0.053336 -0.058336 0.020000 0.053507 -0.059630 0.020000 0.054006 -0.060836 0.020000 0.054801 -0.061872 0.020000 0.055836 -0.062666 0.020000 0.057042 -0.063166 0.020000 0.058336 -0.063336 0.020000 0.059630 -0.063166 0.020000 0.060836 -0.062666 0.020000 0.061872 -0.061872 0.020000 0.062666 -0.060836 0.020000 0.063166 -0.059630 0.020000 0.063336 -0.058336 0.020000 0.063166 -0.057042 0.020000 0.062666 -0.055836 0.020000 0.061872 -0.054801 0.020000 0.060836 -0.054006 0.020000 0.059630 -0.053507 0.040000 0.058336 -0.053336 0.040000 0.057042 -0.053507 0.040000 0.055836 -0.054006 0.040000 0.054801 -0.054801 0.040000 0.054006 -0.055836 0.040000 0.053507 -0.057042 0.040000 0.053336 -0.058336 0.040000 0.053507 -0.059630 0.040000 0.054006 -0.060836 0.040000 0.054801 -0.061872 0.040000 0.055836 -0.062666 0.040000 0.057042 -0.063166 0.040000 0.058336 -0.063336 0.040000 0.059630 -0.063166 0.040000 0.060836 -0.062666 0.040000 0.061872 -0.061872 0.040000 0.062666 -0.060836 0.040000 0.063166 -0.059630 0.040000 0.063336 -0.058336 0.040000 0.063166 -0.057042 0.040000 0.062666 -0.055836 0.040000 0.061872 -0.054801 0.040000 0.060836 -0.054006 0.040000 0.059630 -0.053507 0.040000 -0.000000 -0.077500 0.040000 -0.001294 -0.077670 0.040000 -0.002500 -0.078170 0.040000 -0.003536 -0.078964 0.040000 -0.004330 -0.080000 0.040000 -0.004830 -0.081206 0.040000 -0.005000 -0.082500 0.040000 -0.004830 -0.083794 0.040000 -0.004330 -0.085000 0.040000 -0.003536 -0.086036 0.040000 -0.002500 -0.086830 0.040000 -0.001294 -0.087330 0.040000 -0.000000 -0.087500 0.040000 0.001294 -0.087330 0.040000 0.002500 -0.086830 0.040000 0.003536 -0.086036 0.040000 0.004330 -0.085000 0.040000 0.004830 -0.083794 0.040000 0.005000 -0.082500 0.040000 0.004830 -0.081206 0.040000 0.004330 -0.080000 0.040000 0.003536 -0.078964 0.040000 0.002500 -0.078170 0.040000 0.001294 -0.077670 0.040000 -0.058336 -0.053336 0.040000 -0.059630 -0.053507 0.040000 -0.060836 -0.054006 0.040000 -0.061872 -0.054801 0.040000 -0.062666 -0.055836 0.040000 -0.063166 -0.057042 0.040000 -0.063336 -0.058336 0.040000 -0.063166 -0.059630 0.040000 -0.062666 -0.060836 0.040000 -0.061872 -0.061872 0.040000 -0.060836 -0.062666 0.040000 -0.059630 -0.063166 0.040000 -0.058336 -0.063336 0.040000 -0.057042 -0.063166 0.040000 -0.055836 -0.062666 0.040000 -0.054801 -0.061872 0.040000 -0.054006 -0.060836 0.040000 -0.053507 -0.059630 0.040000 -0.053336 -0.058336 0.040000 -0.053507 -0.057042 0.040000 -0.054006 -0.055836 0.040000 -0.054801 -0.054801 0.040000 -0.055836 -0.054006 0.040000 -0.057042 -0.053507 0.040000 -0.082500 0.005000 0.040000 -0.083794 0.004830 0.040000 -0.085000 0.004330 0.040000 -0.086036 0.003536 0.040000 -0.086830 0.002500 0.040000 -0.087330 0.001294 0.040000 -0.087500 0.000000 0.040000 -0.087330 -0.001294 0.040000 -0.086830 -0.002500 0.040000 -0.086036 -0.003536 0.040000 -0.085000 -0.004330 0.040000 -0.083794 -0.004830 0.040000 -0.082500 -0.005000 0.040000 -0.081206 -0.004830 0.040000 -0.080000 -0.004330 0.040000 -0.078964 -0.003536 0.040000 -0.078170 -0.002500 0.040000 -0.077670 -0.001294 0.040000 -0.077500 0.000000 0.040000 -0.077670 0.001294 0.040000 -0.078170 0.002500 0.040000 -0.078964 0.003536 0.040000 -0.080000 0.004330 0.040000 -0.081206 0.004830 0.040000 -0.058336 0.063336 0.040000 -0.059630 0.063166 0.040000 -0.060836 0.062666 0.040000 -0.061872 0.061872 0.040000 -0.062666 0.060836 0.040000 -0.063166 0.059630 0.040000 -0.063336 0.058336 0.040000 -0.063166 0.057042 0.040000 -0.062666 0.055836 0.040000 -0.061872 0.054801 0.040000 -0.060836 0.054006 0.040000 -0.059630 0.053507 0.040000 -0.058336 0.053336 0.040000 -0.057042 0.053507 0.040000 -0.055836 0.054006 0.040000 -0.054801 0.054801 0.040000 -0.054006 0.055836 0.040000 -0.053507 0.057042 0.040000 -0.053336 0.058336 0.040000 -0.053507 0.059630 0.040000 -0.054006 0.060836 0.040000 -0.054801 0.061872 0.040000 -0.055836 0.062666 0.040000 -0.057042 0.063166 0.040000 0.000000 0.087500 0.040000 -0.001294 0.087330 0.040000 -0.002500 0.086830 0.040000 -0.003536 0.086036 0.040000 -0.004330 0.085000 0.040000 -0.004830 0.083794 0.040000 -0.005000 0.082500 0.040000 -0.004830 0.081206 0.040000 -0.004330 0.080000 0.040000 -0.003536 0.078964 0.040000 -0.002500 0.078170 0.040000 -0.001294 0.077670 0.040000 0.000000 0.077500 0.040000 0.001294 0.077670 0.040000 0.002500 0.078170 0.040000 0.003536 0.078964 0.040000 0.004330 0.080000 0.040000 0.004830 0.081206 0.040000 0.005000 0.082500 0.040000 0.004830 0.083794 0.040000 0.004330 0.085000 0.040000 0.003536 0.086036 0.040000 0.002500 0.086830 0.040000 0.001294 0.087330 0.040000 0.058336 0.063336 0.040000 0.057042 0.063166 0.040000 0.055836 0.062666 0.040000 0.054801 0.061872 0.040000 0.054006 0.060836 0.040000 0.053507 0.059630 0.040000 0.053336 0.058336 0.040000 0.053507 0.057042 0.040000 0.054006 0.055836 0.040000 0.054801 0.054801 0.040000 0.055836 0.054006 0.040000 0.057042 0.053507 0.040000 0.058336 0.053336 0.040000 0.059630 0.053507 0.040000 0.060836 0.054006 0.040000 0.061872 0.054801 0.040000 0.062666 0.055836 0.040000 0.063166 0.057042 0.040000 0.063336 0.058336 0.040000 0.063166 0.059630 0.040000 0.062666 0.060836 0.040000 0.061872 0.061872 0.040000 0.060836 0.062666 0.040000 0.059630 0.063166 0.040000 0.082500 0.005000 0.040000 0.081206 0.004830 0.040000 0.080000 0.004330 0.040000 0.078964 0.003536 0.040000 0.078170 0.002500 0.040000 0.077670 0.001294 0.040000 0.077500 -0.000000 0.040000 0.077670 -0.001294 0.040000 0.078170 -0.002500 0.040000 0.078964 -0.003536 0.040000 0.080000 -0.004330 0.040000 0.081206 -0.004830 0.040000 0.082500 -0.005000 0.040000 0.083794 -0.004830 0.040000 0.085000 -0.004330 0.040000 0.086036 -0.003536 0.040000 0.086830 -0.002500 0.040000 0.087330 -0.001294 0.040000 0.087500 0.000000 0.040000 0.087330 0.001294 0.040000 0.086830 0.002500 0.040000 0.086036 0.003536 0.040000 0.085000 0.004330 0.040000 0.083794 0.004830 0.100000 -1.000000 -0.140000 0.100000 -0.985119 -0.139207 0.100000 -0.970406 -0.136836 0.100000 -0.956029 -0.132916 0.100000 -0.942150 -0.127489 0.100000 -0.928927 -0.120618 0.100000 -0.916509 -0.112380 0.100000 -0.905036 -0.102868 0.100000 -0.894640 -0.092192 0.100000 -0.885438 -0.080470 0.100000 -0.877533 -0.067837 0.100000 -0.871016 -0.054435 0.100000 -0.865961 -0.040417 0.100000 -0.862424 -0.025940 0.100000 -0.860446 -0.011170 0.100000 -0.860050 0.003727 0.100000 -0.861239 0.018582 0.100000 -0.864000 0.033226 0.100000 -0.868302 0.047493 0.100000 -0.874096 0.061223 0.100000 -0.881317 0.074259 0.100000 -0.889883 0.086453 0.100000 -0.899696 0.097668 0.100000 -0.910646 0.107777 0.100000 -0.922608 0.116664 0.100000 -0.935447 0.124229 0.100000 -0.949018 0.130387 0.100000 -0.963166 0.135068 0.100000 -0.977731 0.138218 0.100000 -0.992549 0.139802 0.100000 -1.007451 0.139802 0.100000 -1.022269 0.138218 0.100000 -1.036834 0.135068 0.100000 -1.050982 0.130387 0.100000 -1.064553 0.124229 0.100000 -1.077392 0.116664 0.100000 -1.089354 0.107777 0.100000 -1.100304 0.097668 0.100000 -1.110117 0.086453 0.100000 -1.118683 0.074259 0.100000 -1.125904 0.061223 0.100000 -1.131698 0.047493 0.100000 -1.136000 0.033226 0.100000 -1.138761 0.018582 0.100000 -1.139950 0.003727 0.100000 -1.139554 -0.011170 0.100000 -1.137576 -0.025940 0.100000 -1.134039 -0.040417 0.100000 -1.128984 -0.054435 0.100000 -1.122467 -0.067837 0.100000 -1.114562 -0.080470 0.100000 -1.105360 -0.092192 0.100000 -1.094964 -0.102868 0.100000 -1.083491 -0.112380 0.100000 -1.071073 -0.120618 0.100000 -1.057850 -0.127489 0.100000 -1.043971 -0.132916 0.100000 -1.029594 -0.136836 0.100000 -1.014881 -0.139207 0.100000 -0.878356 -0.005000 0.100000 -0.879650 -0.004830 0.100000 -0.880856 -0.004330 0.100000 -0.881892 -0.003536 0.100000 -0.882686 -0.002500 0.100000 -0.883186 -0.001294 0.100000 -0.883356 0.000000 0.100000 -0.883186 0.001294 0.100000 -0.882686 0.002500 0.100000 -0.881892 0.003536 0.100000 -0.880856 0.004330 0.100000 -0.879650 0.004830 0.100000 -0.878356 0.005000 0.100000 -0.877062 0.004830 0.100000 -0.875856 0.004330 0.100000 -0.874821 0.003536 0.100000 -0.874026 0.002500 0.100000 -0.873527 0.001294 0.100000 -0.873356 -0.000000 0.100000 -0.873527 -0.001294 0.100000 -0.874026 -0.002500 0.100000 -0.874821 -0.003536 0.100000 -0.875856 -0.004330 0.100000 -0.877062 -0.004830 0.100000 -0.913503 -0.089853 0.100000 -0.914797 -0.089682 0.100000 -0.916003 -0.089183 0.100000 -0.917039 -0.088388 0.100000 -0.917834 -0.087353 0.100000 -0.918333 -0.086147 0.100000 -0.918503 -0.084853 0.100000 -0.918333 -0.083559 0.100000 -0.917834 -0.082353 0.100000 -0.917039 -0.081317 0.100000 -0.916003 -0.080523 0.100000 -0.914797 -0.080023 0.100000 -0.913503 -0.079853 0.100000 -0.912209 -0.080023 0.100000 -0.911003 -0.080523 0.100000 -0.909968 -0.081317 0.100000 -0.909173 -0.082353 0.100000 -0.908674 -0.083559 0.100000 -0.908503 -0.084853 0.100000 -0.908674 -0.086147 0.100000 -0.909173 -0.087353 0.100000 -0.909968 -0.088388 0.100000 -0.911003 -0.089183 0.100000 -0.912209 -0.089682 0.100000 -0.998356 -0.125000 0.100000 -0.999650 -0.124830 0.100000 -1.000856 -0.124330 0.100000 -1.001892 -0.123536 0.100000 -1.002686 -0.122500 0.100000 -1.003186 -0.121294 0.100000 -1.003356 -0.120000 0.100000 -1.003186 -0.118706 0.100000 -1.002686 -0.117500 0.100000 -1.001892 -0.116464 0.100000 -1.000856 -0.115670 0.100000 -0.999650 -0.115170 0.100000 -0.998356 -0.115000 0.100000 -0.997062 -0.115170 0.100000 -0.995856 -0.115670 0.100000 -0.994821 -0.116464 0.100000 -0.994026 -0.117500 0.100000 -0.993527 -0.118706 0.100000 -0.993356 -0.120000 0.100000 -0.993527 -0.121294 0.100000 -0.994026 -0.122500 0.100000 -0.994821 -0.123536 0.100000 -0.995856 -0.124330 0.100000 -0.997062 -0.124830 0.100000 -1.083209 -0.089853 0.100000 -1.084503 -0.089682 0.100000 -1.085709 -0.089183 0.100000 -1.086745 -0.088388 0.100000 -1.087539 -0.087353 0.100000 -1.088039 -0.086147 0.100000 -1.088209 -0.084853 0.100000 -1.088039 -0.083559 0.100000 -1.087539 -0.082353 0.100000 -1.086745 -0.081317 0.100000 -1.085709 -0.080523 0.100000 -1.084503 -0.080023 0.100000 -1.083209 -0.079853 0.100000 -1.081915 -0.080023 0.100000 -1.080709 -0.080523 0.100000 -1.079673 -0.081317 0.100000 -1.078879 -0.082353 0.100000 -1.078379 -0.083559 0.100000 -1.078209 -0.084853 0.100000 -1.078379 -0.086147 0.100000 -1.078879 -0.087353 0.100000 -1.079673 -0.088388 0.100000 -1.080709 -0.089183 0.100000 -1.081915 -0.089682 0.100000 -1.118356 -0.005000 0.100000 -1.119650 -0.004830 0.100000 -1.120856 -0.004330 0.100000 -1.121892 -0.003536 0.100000 -1.122686 -0.002500 0.100000 -1.123186 -0.001294 0.100000 -1.123356 -0.000000 0.100000 -1.123186 0.001294 0.100000 -1.122686 0.002500 0.100000 -1.121892 0.003536 0.100000 -1.120856 0.004330 0.100000 -1.119650 0.004830 0.100000 -1.118356 0.005000 0.100000 -1.117062 0.004830 0.100000 -1.115856 0.004330 0.100000 -1.114821 0.003536 0.100000 -1.114026 0.002500 0.100000 -1.113527 0.001294 0.100000 -1.113356 -0.000000 0.100000 -1.113527 -0.001294 0.100000 -1.114026 -0.002500 0.100000 -1.114821 -0.003536 0.100000 -1.115856 -0.004330 0.100000 -1.117062 -0.004830 0.100000 -1.083209 0.079853 0.100000 -1.084503 0.080023 0.100000 -1.085709 0.080523 0.100000 -1.086745 0.081317 0.100000 -1.087539 0.082353 0.100000 -1.088039 0.083559 0.100000 -1.088209 0.084853 0.100000 -1.088039 0.086147 0.100000 -1.087539 0.087353 0.100000 -1.086745 0.088388 0.100000 -1.085709 0.089183 0.100000 -1.084503 0.089682 0.100000 -1.083209 0.089853 0.100000 -1.081915 0.089682 0.100000 -1.080709 0.089183 0.100000 -1.079673 0.088388 0.100000 -1.078879 0.087353 0.100000 -1.078379 0.086147 0.100000 -1.078209 0.084853 0.100000 -1.078379 0.083559 0.100000 -1.078879 0.082353 0.100000 -1.079673 0.081317 0.100000 -1.080709 0.080523 0.100000 -1.081915 0.080023 0.100000 -0.998356 0.115000 0.100000 -0.999650 0.115170 0.100000 -1.000856 0.115670 0.100000 -1.001892 0.116464 0.100000 -1.002686 0.117500 0.100000 -1.003186 0.118706 0.100000 -1.003356 0.120000 0.100000 -1.003186 0.121294 0.100000 -1.002686 0.122500 0.100000 -1.001892 0.123536 0.100000 -1.000856 0.124330 0.100000 -0.999650 0.124830 0.100000 -0.998356 0.125000 0.100000 -0.997062 0.124830 0.100000 -0.995856 0.124330 0.100000 -0.994821 0.123536 0.100000 -0.994026 0.122500 0.100000 -0.993527 0.121294 0.100000 -0.993356 0.120000 0.100000 -0.993527 0.118706 0.100000 -0.994026 0.117500 0.100000 -0.994821 0.116464 0.100000 -0.995856 0.115670 0.100000 -0.997062 0.115170 0.100000 -0.913503 0.079853 0.100000 -0.914797 0.080023 0.100000 -0.916003 0.080523 0.100000 -0.917039 0.081317 0.100000 -0.917834 0.082353 0.100000 -0.918333 0.083559 0.100000 -0.918503 0.084853 0.100000 -0.918333 0.086147 0.100000 -0.917834 0.087353 0.100000 -0.917039 0.088388 0.100000 -0.916003 0.089183 0.100000 -0.914797 0.089682 0.100000 -0.913503 0.089853 0.100000 -0.912209 0.089682 0.100000 -0.911003 0.089183 0.100000 -0.909968 0.088388 0.100000 -0.909173 0.087353 0.100000 -0.908674 0.086147 0.100000 -0.908503 0.084853 0.100000 -0.908674 0.083559 0.100000 -0.909173 0.082353 0.100000 -0.909968 0.081317 0.100000 -0.911003 0.080523 0.100000 -0.912209 0.080023 0.080000 -0.913503 0.079853 0.080000 -0.914797 0.080023 0.080000 -0.916003 0.080523 0.080000 -0.917039 0.081317 0.080000 -0.917834 0.082353 0.080000 -0.918333 0.083559 0.080000 -0.918503 0.084853 0.080000 -0.918333 0.086147 0.080000 -0.917834 0.087353 0.080000 -0.917039 0.088388 0.080000 -0.916003 0.089183 0.080000 -0.914797 0.089682 0.080000 -0.913503 0.089853 0.080000 -0.912209 0.089682 0.080000 -0.911003 0.089183 0.080000 -0.909968 0.088388 0.080000 -0.909173 0.087353 0.080000 -0.908674 0.086147 0.080000 -0.908503 0.084853 0.080000 -0.908674 0.083559 0.080000 -0.909173 0.082353 0.080000 -0.909968 0.081317 0.080000 -0.911003 0.080523 0.080000 -0.912209 0.080023 0.080000 -0.998356 0.115000 0.080000 -0.999650 0.115170 0.080000 -1.000856 0.115670 0.080000 -1.001892 0.116464 0.080000 -1.002686 0.117500 0.080000 -1.003186 0.118706 0.080000 -1.003356 0.120000 0.080000 -1.003186 0.121294 0.080000 -1.002686 0.122500 0.080000 -1.001892 0.123536 0.080000 -1.000856 0.124330 0.080000 -0.999650 0.124830 0.080000 -0.998356 0.125000 0.080000 -0.997062 0.124830 0.080000 -0.995856 0.124330 0.080000 -0.994821 0.123536 0.080000 -0.994026 0.122500 0.080000 -0.993527 0.121294 0.080000 -0.993356 0.120000 0.080000 -0.993527 0.118706 0.080000 -0.994026 0.117500 0.080000 -0.994821 0.116464 0.080000 -0.995856 0.115670 0.080000 -0.997062 0.115170 0.080000 -1.083209 0.079853 0.080000 -1.084503 0.080023 0.080000 -1.085709 0.080523 0.080000 -1.086745 0.081317 0.080000 -1.087539 0.082353 0.080000 -1.088039 0.083559 0.080000 -1.088209 0.084853 0.080000 -1.088039 0.086147 0.080000 -1.087539 0.087353 0.080000 -1.086745 0.088388 0.080000 -1.085709 0.089183 0.080000 -1.084503 0.089682 0.080000 -1.083209 0.089853 0.080000 -1.081915 0.089682 0.080000 -1.080709 0.089183 0.080000 -1.079673 0.088388 0.080000 -1.078879 0.087353 0.080000 -1.078379 0.086147 0.080000 -1.078209 0.084853 0.080000 -1.078379 0.083559 0.080000 -1.078879 0.082353 0.080000 -1.079673 0.081317 0.080000 -1.080709 0.080523 0.080000 -1.081915 0.080023 0.080000 -1.118356 -0.005000 0.080000 -1.119650 -0.004830 0.080000 -1.120856 -0.004330 0.080000 -1.121892 -0.003536 0.080000 -1.122686 -0.002500 0.080000 -1.123186 -0.001294 0.080000 -1.123356 -0.000000 0.080000 -1.123186 0.001294 0.080000 -1.122686 0.002500 0.080000 -1.121892 0.003536 0.080000 -1.120856 0.004330 0.080000 -1.119650 0.004830 0.080000 -1.118356 0.005000 0.080000 -1.117062 0.004830 0.080000 -1.115856 0.004330 0.080000 -1.114821 0.003536 0.080000 -1.114026 0.002500 0.080000 -1.113527 0.001294 0.080000 -1.113356 -0.000000 0.080000 -1.113527 -0.001294 0.080000 -1.114026 -0.002500 0.080000 -1.114821 -0.003536 0.080000 -1.115856 -0.004330 0.080000 -1.117062 -0.004830 0.080000 -1.083209 -0.089853 0.080000 -1.084503 -0.089682 0.080000 -1.085709 -0.089183 0.080000 -1.086745 -0.088388 0.080000 -1.087539 -0.087353 0.080000 -1.088039 -0.086147 0.080000 -1.088209 -0.084853 0.080000 -1.088039 -0.083559 0.080000 -1.087539 -0.082353 0.080000 -1.086745 -0.081317 0.080000 -1.085709 -0.080523 0.080000 -1.084503 -0.080023 0.080000 -1.083209 -0.079853 0.080000 -1.081915 -0.080023 0.080000 -1.080709 -0.080523 0.080000 -1.079673 -0.081317 0.080000 -1.078879 -0.082353 0.080000 -1.078379 -0.083559 0.080000 -1.078209 -0.084853 0.080000 -1.078379 -0.086147 0.080000 -1.078879 -0.087353 0.080000 -1.079673 -0.088388 0.080000 -1.080709 -0.089183 0.080000 -1.081915 -0.089682 0.080000 -0.998356 -0.125000 0.080000 -0.999650 -0.124830 0.080000 -1.000856 -0.124330 0.080000 -1.001892 -0.123536 0.080000 -1.002686 -0.122500 0.080000 -1.003186 -0.121294 0.080000 -1.003356 -0.120000 0.080000 -1.003186 -0.118706 0.080000 -1.002686 -0.117500 0.080000 -1.001892 -0.116464 0.080000 -1.000856 -0.115670 0.080000 -0.999650 -0.115170 0.080000 -0.998356 -0.115000 0.080000 -0.997062 -0.115170 0.080000 -0.995856 -0.115670 0.080000 -0.994821 -0.116464 0.080000 -0.994026 -0.117500 0.080000 -0.993527 -0.118706 0.080000 -0.993356 -0.120000 0.080000 -0.993527 -0.121294 0.080000 -0.994026 -0.122500 0.080000 -0.994821 -0.123536 0.080000 -0.995856 -0.124330 0.080000 -0.997062 -0.124830 0.080000 -0.913503 -0.089853 0.080000 -0.914797 -0.089682 0.080000 -0.916003 -0.089183 0.080000 -0.917039 -0.088388 0.080000 -0.917834 -0.087353 0.080000 -0.918333 -0.086147 0.080000 -0.918503 -0.084853 0.080000 -0.918333 -0.083559 0.080000 -0.917834 -0.082353 0.080000 -0.917039 -0.081317 0.080000 -0.916003 -0.080523 0.080000 -0.914797 -0.080023 0.080000 -0.913503 -0.079853 0.080000 -0.912209 -0.080023 0.080000 -0.911003 -0.080523 0.080000 -0.909968 -0.081317 0.080000 -0.909173 -0.082353 0.080000 -0.908674 -0.083559 0.080000 -0.908503 -0.084853 0.080000 -0.908674 -0.086147 0.080000 -0.909173 -0.087353 0.080000 -0.909968 -0.088388 0.080000 -0.911003 -0.089183 0.080000 -0.912209 -0.089682 0.080000 -0.878356 -0.005000 0.080000 -0.879650 -0.004830 0.080000 -0.880856 -0.004330 0.080000 -0.881892 -0.003536 0.080000 -0.882686 -0.002500 0.080000 -0.883186 -0.001294 0.080000 -0.883356 0.000000 0.080000 -0.883186 0.001294 0.080000 -0.882686 0.002500 0.080000 -0.881892 0.003536 0.080000 -0.880856 0.004330 0.080000 -0.879650 0.004830 0.080000 -0.878356 0.005000 0.080000 -0.877062 0.004830 0.080000 -0.875856 0.004330 0.080000 -0.874821 0.003536 0.080000 -0.874026 0.002500 0.080000 -0.873527 0.001294 0.080000 -0.873356 -0.000000 0.080000 -0.873527 -0.001294 0.080000 -0.874026 -0.002500 0.080000 -0.874821 -0.003536 0.080000 -0.875856 -0.004330 0.080000 -0.877062 -0.004830 0.100000 0.000000 -0.090000 0.100000 0.011996 -0.089197 0.100000 0.023778 -0.086802 0.100000 0.035135 -0.082858 0.100000 0.045865 -0.077436 0.100000 0.055777 -0.070632 0.100000 0.064694 -0.062567 0.100000 0.072456 -0.053386 0.100000 0.078925 -0.043252 0.100000 0.083986 -0.032347 0.100000 0.087548 -0.020864 0.100000 0.089548 -0.009009 0.100000 0.089950 0.003007 0.100000 0.088746 0.014970 0.100000 0.085959 0.026665 0.100000 0.081638 0.037884 0.100000 0.075860 0.048427 0.100000 0.068729 0.058107 0.100000 0.060371 0.066749 0.100000 0.050935 0.074200 0.100000 0.040591 0.080327 0.100000 0.029522 0.085020 0.100000 0.017927 0.088197 0.100000 0.006011 0.089799 0.100000 -0.006011 0.089799 0.100000 -0.017927 0.088197 0.100000 -0.029522 0.085020 0.100000 -0.040591 0.080327 0.100000 -0.050935 0.074200 0.100000 -0.060371 0.066749 0.100000 -0.068729 0.058107 0.100000 -0.075860 0.048427 0.100000 -0.081638 0.037884 0.100000 -0.085959 0.026665 0.100000 -0.088746 0.014970 0.100000 -0.089950 0.003007 0.100000 -0.089548 -0.009009 0.100000 -0.087548 -0.020864 0.100000 -0.083986 -0.032347 0.100000 -0.078925 -0.043252 0.100000 -0.072456 -0.053386 0.100000 -0.064694 -0.062567 0.100000 -0.055777 -0.070632 0.100000 -0.045865 -0.077436 0.100000 -0.035135 -0.082858 0.100000 -0.023778 -0.086802 0.100000 -0.011996 -0.089197 0.100000 0.082500 -0.005000 0.100000 0.081206 -0.004830 0.100000 0.080000 -0.004330 0.100000 0.078964 -0.003536 0.100000 0.078170 -0.002500 0.100000 0.077670 -0.001294 0.100000 0.077500 0.000000 0.100000 0.077670 0.001294 0.100000 0.078170 0.002500 0.100000 0.078964 0.003536 0.100000 0.080000 0.004330 0.100000 0.081206 0.004830 0.100000 0.082500 0.005000 0.100000 0.083794 0.004830 0.100000 0.085000 0.004330 0.100000 0.086036 0.003536 0.100000 0.086830 0.002500 0.100000 0.087330 0.001294 0.100000 0.087500 -0.000000 0.100000 0.087330 -0.001294 0.100000 0.086830 -0.002500 0.100000 0.086036 -0.003536 0.100000 0.085000 -0.004330 0.100000 0.083794 -0.004830 0.100000 0.058336 -0.063336 0.100000 0.057042 -0.063166 0.100000 0.055836 -0.062666 0.100000 0.054801 -0.061872 0.100000 0.054006 -0.060836 0.100000 0.053507 -0.059630 0.100000 0.053336 -0.058336 0.100000 0.053507 -0.057042 0.100000 0.054006 -0.055836 0.100000 0.054801 -0.054801 0.100000 0.055836 -0.054006 0.100000 0.057042 -0.053507 0.100000 0.058336 -0.053336 0.100000 0.059630 -0.053507 0.100000 0.060836 -0.054006 0.100000 0.061872 -0.054801 0.100000 0.062666 -0.055836 0.100000 0.063166 -0.057042 0.100000 0.063336 -0.058336 0.100000 0.063166 -0.059630 0.100000 0.062666 -0.060836 0.100000 0.061872 -0.061872 0.100000 0.060836 -0.062666 0.100000 0.059630 -0.063166 0.100000 0.000000 -0.087500 0.100000 -0.001294 -0.087330 0.100000 -0.002500 -0.086830 0.100000 -0.003536 -0.086036 0.100000 -0.004330 -0.085000 0.100000 -0.004830 -0.083794 0.100000 -0.005000 -0.082500 0.100000 -0.004830 -0.081206 0.100000 -0.004330 -0.080000 0.100000 -0.003536 -0.078964 0.100000 -0.002500 -0.078170 0.100000 -0.001294 -0.077670 0.100000 0.000000 -0.077500 0.100000 0.001294 -0.077670 0.100000 0.002500 -0.078170 0.100000 0.003536 -0.078964 0.100000 0.004330 -0.080000 0.100000 0.004830 -0.081206 0.100000 0.005000 -0.082500 0.100000 0.004830 -0.083794 0.100000 0.004330 -0.085000 0.100000 0.003536 -0.086036 0.100000 0.002500 -0.086830 0.100000 0.001294 -0.087330 0.100000 -0.058336 -0.063336 0.100000 -0.059630 -0.063166 0.100000 -0.060836 -0.062666 0.100000 -0.061872 -0.061872 0.100000 -0.062666 -0.060836 0.100000 -0.063166 -0.059630 0.100000 -0.063336 -0.058336 0.100000 -0.063166 -0.057042 0.100000 -0.062666 -0.055836 0.100000 -0.061872 -0.054801 0.100000 -0.060836 -0.054006 0.100000 -0.059630 -0.053507 0.100000 -0.058336 -0.053336 0.100000 -0.057042 -0.053507 0.100000 -0.055836 -0.054006 0.100000 -0.054801 -0.054801 0.100000 -0.054006 -0.055836 0.100000 -0.053507 -0.057042 0.100000 -0.053336 -0.058336 0.100000 -0.053507 -0.059630 0.100000 -0.054006 -0.060836 0.100000 -0.054801 -0.061872 0.100000 -0.055836 -0.062666 0.100000 -0.057042 -0.063166 0.100000 -0.082500 -0.005000 0.100000 -0.083794 -0.004830 0.100000 -0.085000 -0.004330 0.100000 -0.086036 -0.003536 0.100000 -0.086830 -0.002500 0.100000 -0.087330 -0.001294 0.100000 -0.087500 -0.000000 0.100000 -0.087330 0.001294 0.100000 -0.086830 0.002500 0.100000 -0.086036 0.003536 0.100000 -0.085000 0.004330 0.100000 -0.083794 0.004830 0.100000 -0.082500 0.005000 0.100000 -0.081206 0.004830 0.100000 -0.080000 0.004330 0.100000 -0.078964 0.003536 0.100000 -0.078170 0.002500 0.100000 -0.077670 0.001294 0.100000 -0.077500 -0.000000 0.100000 -0.077670 -0.001294 0.100000 -0.078170 -0.002500 0.100000 -0.078964 -0.003536 0.100000 -0.080000 -0.004330 0.100000 -0.081206 -0.004830 0.100000 -0.058336 0.053336 0.100000 -0.059630 0.053507 0.100000 -0.060836 0.054006 0.100000 -0.061872 0.054801 0.100000 -0.062666 0.055836 0.100000 -0.063166 0.057042 0.100000 -0.063336 0.058336 0.100000 -0.063166 0.059630 0.100000 -0.062666 0.060836 0.100000 -0.061872 0.061872 0.100000 -0.060836 0.062666 0.100000 -0.059630 0.063166 0.100000 -0.058336 0.063336 0.100000 -0.057042 0.063166 0.100000 -0.055836 0.062666 0.100000 -0.054801 0.061872 0.100000 -0.054006 0.060836 0.100000 -0.053507 0.059630 0.100000 -0.053336 0.058336 0.100000 -0.053507 0.057042 0.100000 -0.054006 0.055836 0.100000 -0.054801 0.054801 0.100000 -0.055836 0.054006 0.100000 -0.057042 0.053507 0.100000 -0.000000 0.077500 0.100000 -0.001294 0.077670 0.100000 -0.002500 0.078170 0.100000 -0.003536 0.078964 0.100000 -0.004330 0.080000 0.100000 -0.004830 0.081206 0.100000 -0.005000 0.082500 0.100000 -0.004830 0.083794 0.100000 -0.004330 0.085000 0.100000 -0.003536 0.086036 0.100000 -0.002500 0.086830 0.100000 -0.001294 0.087330 0.100000 -0.000000 0.087500 0.100000 0.001294 0.087330 0.100000 0.002500 0.086830 0.100000 0.003536 0.086036 0.100000 0.004330 0.085000 0.100000 0.004830 0.083794 0.100000 0.005000 0.082500 0.100000 0.004830 0.081206 0.100000 0.004330 0.080000 0.100000 0.003536 0.078964 0.100000 0.002500 0.078170 0.100000 0.001294 0.077670 0.100000 0.058336 0.053336 0.100000 0.057042 0.053507 0.100000 0.055836 0.054006 0.100000 0.054801 0.054801 0.100000 0.054006 0.055836 0.100000 0.053507 0.057042 0.100000 0.053336 0.058336 0.100000 0.053507 0.059630 0.100000 0.054006 0.060836 0.100000 0.054801 0.061872 0.100000 0.055836 0.062666 0.100000 0.057042 0.063166 0.100000 0.058336 0.063336 0.100000 0.059630 0.063166 0.100000 0.060836 0.062666 0.100000 0.061872 0.061872 0.100000 0.062666 0.060836 0.100000 0.063166 0.059630 0.100000 0.063336 0.058336 0.100000 0.063166 0.057042 0.100000 0.062666 0.055836 0.100000 0.061872 0.054801 0.100000 0.060836 0.054006 0.100000 0.059630 0.053507 0.080000 0.058336 0.053336 0.080000 0.057042 0.053507 0.080000 0.055836 0.054006 0.080000 0.054801 0.054801 0.080000 0.054006 0.055836 0.080000 0.053507 0.057042 0.080000 0.053336 0.058336 0.080000 0.053507 0.059630 0.080000 0.054006 0.060836 0.080000 0.054801 0.061872 0.080000 0.055836 0.062666 0.080000 0.057042 0.063166 0.080000 0.058336 0.063336 0.080000 0.059630 0.063166 0.080000 0.060836 0.062666 0.080000 0.061872 0.061872 0.080000 0.062666 0.060836 0.080000 0.063166 0.059630 0.080000 0.063336 0.058336 0.080000 0.063166 0.057042 0.080000 0.062666 0.055836 0.080000 0.061872 0.054801 0.080000 0.060836 0.054006 0.080000 0.059630 0.053507 0.080000 -0.000000 0.077500 0.080000 -0.001294 0.077670 0.080000 -0.002500 0.078170 0.080000 -0.003536 0.078964 0.080000 -0.004330 0.080000 0.080000 -0.004830 0.081206 0.080000 -0.005000 0.082500 0.080000 -0.004830 0.083794 0.080000 -0.004330 0.085000 0.080000 -0.003536 0.086036 0.080000 -0.002500 0.086830 0.080000 -0.001294 0.087330 0.080000 -0.000000 0.087500 0.080000 0.001294 0.087330 0.080000 0.002500 0.086830 0.080000 0.003536 0.086036 0.080000 0.004330 0.085000 0.080000 0.004830 0.083794 0.080000 0.005000 0.082500 0.080000 0.004830 0.081206 0.080000 0.004330 0.080000 0.080000 0.003536 0.078964 0.080000 0.002500 0.078170 0.080000 0.001294 0.077670 0.080000 -0.058336 0.053336 0.080000 -0.059630 0.053507 0.080000 -0.060836 0.054006 0.080000 -0.061872 0.054801 0.080000 -0.062666 0.055836 0.080000 -0.063166 0.057042 0.080000 -0.063336 0.058336 0.080000 -0.063166 0.059630 0.080000 -0.062666 0.060836 0.080000 -0.061872 0.061872 0.080000 -0.060836 0.062666 0.080000 -0.059630 0.063166 0.080000 -0.058336 0.063336 0.080000 -0.057042 0.063166 0.080000 -0.055836 0.062666 0.080000 -0.054801 0.061872 0.080000 -0.054006 0.060836 0.080000 -0.053507 0.059630 0.080000 -0.053336 0.058336 0.080000 -0.053507 0.057042 0.080000 -0.054006 0.055836 0.080000 -0.054801 0.054801 0.080000 -0.055836 0.054006 0.080000 -0.057042 0.053507 0.080000 -0.082500 -0.005000 0.080000 -0.083794 -0.004830 0.080000 -0.085000 -0.004330 0.080000 -0.086036 -0.003536 0.080000 -0.086830 -0.002500 0.080000 -0.087330 -0.001294 0.080000 -0.087500 -0.000000 0.080000 -0.087330 0.001294 0.080000 -0.086830 0.002500 0.080000 -0.086036 0.003536 0.080000 -0.085000 0.004330 0.080000 -0.083794 0.004830 0.080000 -0.082500 0.005000 0.080000 -0.081206 0.004830 0.080000 -0.080000 0.004330 0.080000 -0.078964 0.003536 0.080000 -0.078170 0.002500 0.080000 -0.077670 0.001294 0.080000 -0.077500 -0.000000 0.080000 -0.077670 -0.001294 0.080000 -0.078170 -0.002500 0.080000 -0.078964 -0.003536 0.080000 -0.080000 -0.004330 0.080000 -0.081206 -0.004830 0.080000 -0.058336 -0.063336 0.080000 -0.059630 -0.063166 0.080000 -0.060836 -0.062666 0.080000 -0.061872 -0.061872 0.080000 -0.062666 -0.060836 0.080000 -0.063166 -0.059630 0.080000 -0.063336 -0.058336 0.080000 -0.063166 -0.057042 0.080000 -0.062666 -0.055836 0.080000 -0.061872 -0.054801 0.080000 -0.060836 -0.054006 0.080000 -0.059630 -0.053507 0.080000 -0.058336 -0.053336 0.080000 -0.057042 -0.053507 0.080000 -0.055836 -0.054006 0.080000 -0.054801 -0.054801 0.080000 -0.054006 -0.055836 0.080000 -0.053507 -0.057042 0.080000 -0.053336 -0.058336 0.080000 -0.053507 -0.059630 0.080000 -0.054006 -0.060836 0.080000 -0.054801 -0.061872 0.080000 -0.055836 -0.062666 0.080000 -0.057042 -0.063166 0.080000 0.000000 -0.087500 0.080000 -0.001294 -0.087330 0.080000 -0.002500 -0.086830 0.080000 -0.003536 -0.086036 0.080000 -0.004330 -0.085000 0.080000 -0.004830 -0.083794 0.080000 -0.005000 -0.082500 0.080000 -0.004830 -0.081206 0.080000 -0.004330 -0.080000 0.080000 -0.003536 -0.078964 0.080000 -0.002500 -0.078170 0.080000 -0.001294 -0.077670 0.080000 0.000000 -0.077500 0.080000 0.001294 -0.077670 0.080000 0.002500 -0.078170 0.080000 0.003536 -0.078964 0.080000 0.004330 -0.080000 0.080000 0.004830 -0.081206 0.080000 0.005000 -0.082500 0.080000 0.004830 -0.083794 0.080000 0.004330 -0.085000 0.080000 0.003536 -0.086036 0.080000 0.002500 -0.086830 0.080000 0.001294 -0.087330 0.080000 0.058336 -0.063336 0.080000 0.057042 -0.063166 0.080000 0.055836 -0.062666 0.080000 0.054801 -0.061872 0.080000 0.054006 -0.060836 0.080000 0.053507 -0.059630 0.080000 0.053336 -0.058336 0.080000 0.053507 -0.057042 0.080000 0.054006 -0.055836 0.080000 0.054801 -0.054801 0.080000 0.055836 -0.054006 0.080000 0.057042 -0.053507 0.080000 0.058336 -0.053336 0.080000 0.059630 -0.053507 0.080000 0.060836 -0.054006 0.080000 0.061872 -0.054801 0.080000 0.062666 -0.055836 0.080000 0.063166 -0.057042 0.080000 0.063336 -0.058336 0.080000 0.063166 -0.059630 0.080000 0.062666 -0.060836 0.080000 0.061872 -0.061872 0.080000 0.060836 -0.062666 0.080000 0.059630 -0.063166 0.080000 0.082500 -0.005000 0.080000 0.081206 -0.004830 0.080000 0.080000 -0.004330 0.080000 0.078964 -0.003536 0.080000 0.078170 -0.002500 0.080000 0.077670 -0.001294 0.080000 0.077500 0.000000 0.080000 0.077670 0.001294 0.080000 0.078170 0.002500 0.080000 0.078964 0.003536 0.080000 0.080000 0.004330 0.080000 0.081206 0.004830 0.080000 0.082500 0.005000 0.080000 0.083794 0.004830 0.080000 0.085000 0.004330 0.080000 0.086036 0.003536 0.080000 0.086830 0.002500 0.080000 0.087330 0.001294 0.080000 0.087500 -0.000000 0.080000 0.087330 -0.001294 0.080000 0.086830 -0.002500 0.080000 0.086036 -0.003536 0.080000 0.085000 -0.004330 0.080000 0.083794 -0.004830 0.020000 -1.000000 0.140000 0.020000 -0.985119 0.139207 0.020000 -0.970406 0.136836 0.020000 -0.956029 0.132916 0.020000 -0.942150 0.127489 0.020000 -0.928927 0.120618 0.020000 -0.916509 0.112380 0.020000 -0.905036 0.102868 0.020000 -0.894640 0.092192 0.020000 -0.885438 0.080470 0.020000 -0.877533 0.067837 0.020000 -0.871016 0.054435 0.020000 -0.865961 0.040417 0.020000 -0.862424 0.025940 0.020000 -0.860446 0.011170 0.020000 -0.860050 -0.003727 0.020000 -0.861239 -0.018582 0.020000 -0.864000 -0.033226 0.020000 -0.868302 -0.047493 0.020000 -0.874096 -0.061223 0.020000 -0.881317 -0.074259 0.020000 -0.889883 -0.086453 0.020000 -0.899696 -0.097668 0.020000 -0.910646 -0.107777 0.020000 -0.922608 -0.116664 0.020000 -0.935447 -0.124229 0.020000 -0.949018 -0.130387 0.020000 -0.963166 -0.135068 0.020000 -0.977731 -0.138218 0.020000 -0.992549 -0.139802 0.020000 -1.007451 -0.139802 0.020000 -1.022269 -0.138218 0.020000 -1.036834 -0.135068 0.020000 -1.050982 -0.130387 0.020000 -1.064553 -0.124229 0.020000 -1.077392 -0.116664 0.020000 -1.089354 -0.107777 0.020000 -1.100304 -0.097668 0.020000 -1.110117 -0.086453 0.020000 -1.118683 -0.074259 0.020000 -1.125904 -0.061223 0.020000 -1.131698 -0.047493 0.020000 -1.136000 -0.033226 0.020000 -1.138761 -0.018582 0.020000 -1.139950 -0.003727 0.020000 -1.139554 0.011170 0.020000 -1.137576 0.025940 0.020000 -1.134039 0.040417 0.020000 -1.128984 0.054435 0.020000 -1.122467 0.067837 0.020000 -1.114562 0.080470 0.020000 -1.105360 0.092192 0.020000 -1.094964 0.102868 0.020000 -1.083491 0.112380 0.020000 -1.071073 0.120618 0.020000 -1.057850 0.127489 0.020000 -1.043971 0.132916 0.020000 -1.029594 0.136836 0.020000 -1.014881 0.139207 0.020000 -0.880000 0.005000 0.020000 -0.881294 0.004830 0.020000 -0.882500 0.004330 0.020000 -0.883536 0.003536 0.020000 -0.884330 0.002500 0.020000 -0.884830 0.001294 0.020000 -0.885000 -0.000000 0.020000 -0.884830 -0.001294 0.020000 -0.884330 -0.002500 0.020000 -0.883536 -0.003536 0.020000 -0.882500 -0.004330 0.020000 -0.881294 -0.004830 0.020000 -0.880000 -0.005000 0.020000 -0.878706 -0.004830 0.020000 -0.877500 -0.004330 0.020000 -0.876464 -0.003536 0.020000 -0.875670 -0.002500 0.020000 -0.875170 -0.001294 0.020000 -0.875000 0.000000 0.020000 -0.875170 0.001294 0.020000 -0.875670 0.002500 0.020000 -0.876464 0.003536 0.020000 -0.877500 0.004330 0.020000 -0.878706 0.004830 0.020000 -0.915147 0.089853 0.020000 -0.916441 0.089682 0.020000 -0.917647 0.089183 0.020000 -0.918683 0.088388 0.020000 -0.919477 0.087353 0.020000 -0.919977 0.086147 0.020000 -0.920147 0.084853 0.020000 -0.919977 0.083559 0.020000 -0.919477 0.082353 0.020000 -0.918683 0.081317 0.020000 -0.917647 0.080523 0.020000 -0.916441 0.080023 0.020000 -0.915147 0.079853 0.020000 -0.913853 0.080023 0.020000 -0.912647 0.080523 0.020000 -0.911612 0.081317 0.020000 -0.910817 0.082353 0.020000 -0.910318 0.083559 0.020000 -0.910147 0.084853 0.020000 -0.910318 0.086147 0.020000 -0.910817 0.087353 0.020000 -0.911612 0.088388 0.020000 -0.912647 0.089183 0.020000 -0.913853 0.089682 0.020000 -1.000000 0.125000 0.020000 -1.001294 0.124830 0.020000 -1.002500 0.124330 0.020000 -1.003536 0.123536 0.020000 -1.004330 0.122500 0.020000 -1.004830 0.121294 0.020000 -1.005000 0.120000 0.020000 -1.004830 0.118706 0.020000 -1.004330 0.117500 0.020000 -1.003536 0.116464 0.020000 -1.002500 0.115670 0.020000 -1.001294 0.115170 0.020000 -1.000000 0.115000 0.020000 -0.998706 0.115170 0.020000 -0.997500 0.115670 0.020000 -0.996464 0.116464 0.020000 -0.995670 0.117500 0.020000 -0.995170 0.118706 0.020000 -0.995000 0.120000 0.020000 -0.995170 0.121294 0.020000 -0.995670 0.122500 0.020000 -0.996464 0.123536 0.020000 -0.997500 0.124330 0.020000 -0.998706 0.124830 0.020000 -1.084853 0.089853 0.020000 -1.086147 0.089682 0.020000 -1.087353 0.089183 0.020000 -1.088388 0.088388 0.020000 -1.089183 0.087353 0.020000 -1.089682 0.086147 0.020000 -1.089853 0.084853 0.020000 -1.089682 0.083559 0.020000 -1.089183 0.082353 0.020000 -1.088388 0.081317 0.020000 -1.087353 0.080523 0.020000 -1.086147 0.080023 0.020000 -1.084853 0.079853 0.020000 -1.083559 0.080023 0.020000 -1.082353 0.080523 0.020000 -1.081317 0.081317 0.020000 -1.080523 0.082353 0.020000 -1.080023 0.083559 0.020000 -1.079853 0.084853 0.020000 -1.080023 0.086147 0.020000 -1.080523 0.087353 0.020000 -1.081317 0.088388 0.020000 -1.082353 0.089183 0.020000 -1.083559 0.089682 0.020000 -1.120000 0.005000 0.020000 -1.121294 0.004830 0.020000 -1.122500 0.004330 0.020000 -1.123536 0.003536 0.020000 -1.124330 0.002500 0.020000 -1.124830 0.001294 0.020000 -1.125000 0.000000 0.020000 -1.124830 -0.001294 0.020000 -1.124330 -0.002500 0.020000 -1.123536 -0.003536 0.020000 -1.122500 -0.004330 0.020000 -1.121294 -0.004830 0.020000 -1.120000 -0.005000 0.020000 -1.118706 -0.004830 0.020000 -1.117500 -0.004330 0.020000 -1.116464 -0.003536 0.020000 -1.115670 -0.002500 0.020000 -1.115170 -0.001294 0.020000 -1.115000 0.000000 0.020000 -1.115170 0.001294 0.020000 -1.115670 0.002500 0.020000 -1.116464 0.003536 0.020000 -1.117500 0.004330 0.020000 -1.118706 0.004830 0.020000 -1.084853 -0.079853 0.020000 -1.086147 -0.080023 0.020000 -1.087353 -0.080523 0.020000 -1.088388 -0.081317 0.020000 -1.089183 -0.082353 0.020000 -1.089682 -0.083559 0.020000 -1.089853 -0.084853 0.020000 -1.089682 -0.086147 0.020000 -1.089183 -0.087353 0.020000 -1.088388 -0.088388 0.020000 -1.087353 -0.089183 0.020000 -1.086147 -0.089682 0.020000 -1.084853 -0.089853 0.020000 -1.083559 -0.089682 0.020000 -1.082353 -0.089183 0.020000 -1.081317 -0.088388 0.020000 -1.080523 -0.087353 0.020000 -1.080023 -0.086147 0.020000 -1.079853 -0.084853 0.020000 -1.080023 -0.083559 0.020000 -1.080523 -0.082353 0.020000 -1.081317 -0.081317 0.020000 -1.082353 -0.080523 0.020000 -1.083559 -0.080023 0.020000 -1.000000 -0.115000 0.020000 -1.001294 -0.115170 0.020000 -1.002500 -0.115670 0.020000 -1.003536 -0.116464 0.020000 -1.004330 -0.117500 0.020000 -1.004830 -0.118706 0.020000 -1.005000 -0.120000 0.020000 -1.004830 -0.121294 0.020000 -1.004330 -0.122500 0.020000 -1.003536 -0.123536 0.020000 -1.002500 -0.124330 0.020000 -1.001294 -0.124830 0.020000 -1.000000 -0.125000 0.020000 -0.998706 -0.124830 0.020000 -0.997500 -0.124330 0.020000 -0.996464 -0.123536 0.020000 -0.995670 -0.122500 0.020000 -0.995170 -0.121294 0.020000 -0.995000 -0.120000 0.020000 -0.995170 -0.118706 0.020000 -0.995670 -0.117500 0.020000 -0.996464 -0.116464 0.020000 -0.997500 -0.115670 0.020000 -0.998706 -0.115170 0.020000 -0.915147 -0.079853 0.020000 -0.916441 -0.080023 0.020000 -0.917647 -0.080523 0.020000 -0.918683 -0.081317 0.020000 -0.919477 -0.082353 0.020000 -0.919977 -0.083559 0.020000 -0.920147 -0.084853 0.020000 -0.919977 -0.086147 0.020000 -0.919477 -0.087353 0.020000 -0.918683 -0.088388 0.020000 -0.917647 -0.089183 0.020000 -0.916441 -0.089682 0.020000 -0.915147 -0.089853 0.020000 -0.913853 -0.089682 0.020000 -0.912647 -0.089183 0.020000 -0.911612 -0.088388 0.020000 -0.910817 -0.087353 0.020000 -0.910318 -0.086147 0.020000 -0.910147 -0.084853 0.020000 -0.910318 -0.083559 0.020000 -0.910817 -0.082353 0.020000 -0.911612 -0.081317 0.020000 -0.912647 -0.080523 0.020000 -0.913853 -0.080023 0.040000 -0.915147 -0.079853 0.040000 -0.916441 -0.080023 0.040000 -0.917647 -0.080523 0.040000 -0.918683 -0.081317 0.040000 -0.919477 -0.082353 0.040000 -0.919977 -0.083559 0.040000 -0.920147 -0.084853 0.040000 -0.919977 -0.086147 0.040000 -0.919477 -0.087353 0.040000 -0.918683 -0.088388 0.040000 -0.917647 -0.089183 0.040000 -0.916441 -0.089682 0.040000 -0.915147 -0.089853 0.040000 -0.913853 -0.089682 0.040000 -0.912647 -0.089183 0.040000 -0.911612 -0.088388 0.040000 -0.910817 -0.087353 0.040000 -0.910318 -0.086147 0.040000 -0.910147 -0.084853 0.040000 -0.910318 -0.083559 0.040000 -0.910817 -0.082353 0.040000 -0.911612 -0.081317 0.040000 -0.912647 -0.080523 0.040000 -0.913853 -0.080023 0.040000 -1.000000 -0.115000 0.040000 -1.001294 -0.115170 0.040000 -1.002500 -0.115670 0.040000 -1.003536 -0.116464 0.040000 -1.004330 -0.117500 0.040000 -1.004830 -0.118706 0.040000 -1.005000 -0.120000 0.040000 -1.004830 -0.121294 0.040000 -1.004330 -0.122500 0.040000 -1.003536 -0.123536 0.040000 -1.002500 -0.124330 0.040000 -1.001294 -0.124830 0.040000 -1.000000 -0.125000 0.040000 -0.998706 -0.124830 0.040000 -0.997500 -0.124330 0.040000 -0.996464 -0.123536 0.040000 -0.995670 -0.122500 0.040000 -0.995170 -0.121294 0.040000 -0.995000 -0.120000 0.040000 -0.995170 -0.118706 0.040000 -0.995670 -0.117500 0.040000 -0.996464 -0.116464 0.040000 -0.997500 -0.115670 0.040000 -0.998706 -0.115170 0.040000 -1.084853 -0.079853 0.040000 -1.086147 -0.080023 0.040000 -1.087353 -0.080523 0.040000 -1.088388 -0.081317 0.040000 -1.089183 -0.082353 0.040000 -1.089682 -0.083559 0.040000 -1.089853 -0.084853 0.040000 -1.089682 -0.086147 0.040000 -1.089183 -0.087353 0.040000 -1.088388 -0.088388 0.040000 -1.087353 -0.089183 0.040000 -1.086147 -0.089682 0.040000 -1.084853 -0.089853 0.040000 -1.083559 -0.089682 0.040000 -1.082353 -0.089183 0.040000 -1.081317 -0.088388 0.040000 -1.080523 -0.087353 0.040000 -1.080023 -0.086147 0.040000 -1.079853 -0.084853 0.040000 -1.080023 -0.083559 0.040000 -1.080523 -0.082353 0.040000 -1.081317 -0.081317 0.040000 -1.082353 -0.080523 0.040000 -1.083559 -0.080023 0.040000 -1.120000 0.005000 0.040000 -1.121294 0.004830 0.040000 -1.122500 0.004330 0.040000 -1.123536 0.003536 0.040000 -1.124330 0.002500 0.040000 -1.124830 0.001294 0.040000 -1.125000 0.000000 0.040000 -1.124830 -0.001294 0.040000 -1.124330 -0.002500 0.040000 -1.123536 -0.003536 0.040000 -1.122500 -0.004330 0.040000 -1.121294 -0.004830 0.040000 -1.120000 -0.005000 0.040000 -1.118706 -0.004830 0.040000 -1.117500 -0.004330 0.040000 -1.116464 -0.003536 0.040000 -1.115670 -0.002500 0.040000 -1.115170 -0.001294 0.040000 -1.115000 0.000000 0.040000 -1.115170 0.001294 0.040000 -1.115670 0.002500 0.040000 -1.116464 0.003536 0.040000 -1.117500 0.004330 0.040000 -1.118706 0.004830 0.040000 -1.084853 0.089853 0.040000 -1.086147 0.089682 0.040000 -1.087353 0.089183 0.040000 -1.088388 0.088388 0.040000 -1.089183 0.087353 0.040000 -1.089682 0.086147 0.040000 -1.089853 0.084853 0.040000 -1.089682 0.083559 0.040000 -1.089183 0.082353 0.040000 -1.088388 0.081317 0.040000 -1.087353 0.080523 0.040000 -1.086147 0.080023 0.040000 -1.084853 0.079853 0.040000 -1.083559 0.080023 0.040000 -1.082353 0.080523 0.040000 -1.081317 0.081317 0.040000 -1.080523 0.082353 0.040000 -1.080023 0.083559 0.040000 -1.079853 0.084853 0.040000 -1.080023 0.086147 0.040000 -1.080523 0.087353 0.040000 -1.081317 0.088388 0.040000 -1.082353 0.089183 0.040000 -1.083559 0.089682 0.040000 -1.000000 0.125000 0.040000 -1.001294 0.124830 0.040000 -1.002500 0.124330 0.040000 -1.003536 0.123536 0.040000 -1.004330 0.122500 0.040000 -1.004830 0.121294 0.040000 -1.005000 0.120000 0.040000 -1.004830 0.118706 0.040000 -1.004330 0.117500 0.040000 -1.003536 0.116464 0.040000 -1.002500 0.115670 0.040000 -1.001294 0.115170 0.040000 -1.000000 0.115000 0.040000 -0.998706 0.115170 0.040000 -0.997500 0.115670 0.040000 -0.996464 0.116464 0.040000 -0.995670 0.117500 0.040000 -0.995170 0.118706 0.040000 -0.995000 0.120000 0.040000 -0.995170 0.121294 0.040000 -0.995670 0.122500 0.040000 -0.996464 0.123536 0.040000 -0.997500 0.124330 0.040000 -0.998706 0.124830 0.040000 -0.915147 0.089853 0.040000 -0.916441 0.089682 0.040000 -0.917647 0.089183 0.040000 -0.918683 0.088388 0.040000 -0.919477 0.087353 0.040000 -0.919977 0.086147 0.040000 -0.920147 0.084853 0.040000 -0.919977 0.083559 0.040000 -0.919477 0.082353 0.040000 -0.918683 0.081317 0.040000 -0.917647 0.080523 0.040000 -0.916441 0.080023 0.040000 -0.915147 0.079853 0.040000 -0.913853 0.080023 0.040000 -0.912647 0.080523 0.040000 -0.911612 0.081317 0.040000 -0.910817 0.082353 0.040000 -0.910318 0.083559 0.040000 -0.910147 0.084853 0.040000 -0.910318 0.086147 0.040000 -0.910817 0.087353 0.040000 -0.911612 0.088388 0.040000 -0.912647 0.089183 0.040000 -0.913853 0.089682 0.040000 -0.880000 0.005000 0.040000 -0.881294 0.004830 0.040000 -0.882500 0.004330 0.040000 -0.883536 0.003536 0.040000 -0.884330 0.002500 0.040000 -0.884830 0.001294 0.040000 -0.885000 -0.000000 0.040000 -0.884830 -0.001294 0.040000 -0.884330 -0.002500 0.040000 -0.883536 -0.003536 0.040000 -0.882500 -0.004330 0.040000 -0.881294 -0.004830 0.040000 -0.880000 -0.005000 0.040000 -0.878706 -0.004830 0.040000 -0.877500 -0.004330 0.040000 -0.876464 -0.003536 0.040000 -0.875670 -0.002500 0.040000 -0.875170 -0.001294 0.040000 -0.875000 0.000000 0.040000 -0.875170 0.001294 0.040000 -0.875670 0.002500 0.040000 -0.876464 0.003536 0.040000 -0.877500 0.004330 0.040000 -0.878706 0.004830 0.066360 -0.314000 0.060000 0.066360 -0.594000 0.060000 0.066360 -0.314000 -0.060000 0.066360 -0.594000 -0.060000</float_array>
          <technique_common>
            <accessor source="#Arm01-mesh-positions-array" count="2544" stride="3">
              <param name="X" type="float"/>
              <param name="Y" type="float"/>
              <param name="Z" type="float"/>
            </accessor>
          </technique_common>
        </source>
        <source id="Arm01-mesh-normals">
          <float_array id="Arm01-mesh-normals-array" count="15324">0.000000 -0.125333 0.992115 0.000000 -0.125333 0.992115 0.000000 -0.000000 1.000000 0.000000 -0.000000 1.000000 0.000000 0.125333 0.992115 0.000000 0.125333 0.992115 0.000000 0.248690 0.968583 0.000000 0.248690 0.968583 0.000000 0.368125 0.929776 0.000000 0.368125 0.929776 0.000000 0.481754 0.876307 0.000000 0.481754 0.876307 0.000000 0.587785 0.809017 0.000000 0.587785 0.809017 0.000000 0.684547 0.728969 0.000000 0.684547 0.728969 0.000000 0.770513 0.637424 0.000000 0.770513 0.637424 0.000000 0.844328 0.535827 0.000000 0.844328 0.535827 0.000000 0.904827 0.425779 0.000000 0.904827 0.425779 0.000000 0.951057 0.309017 0.000000 0.951057 0.309017 0.000000 0.982287 0.187381 0.000000 0.982287 0.187381 0.000000 0.998027 0.062791 0.000000 0.998027 0.062791 0.000000 0.998027 -0.062791 0.000000 0.998027 -0.062791 0.000000 0.982287 -0.187381 0.000000 0.982287 -0.187381 0.000000 0.951057 -0.309017 0.000000 0.951057 -0.309017 0.000000 0.904827 -0.425779 0.000000 0.904827 -0.425779 0.000000 0.844328 -0.535827 0.000000 0.844328 -0.535827 0.000000 0.770513 -0.637424 0.000000 0.770513 -0.637424 0.000000 0.684547 -0.728969 0.000000 0.684547 -0.728969 0.000000 0.587785 -0.809017 0.000000 0.587785 -0.809017 0.000000 0.481754 -0.876307 0.000000 0.481754 -0.876307 0.000000 0.368125 -0.929776 0.000000 0.368125 -0.929776 0.000000 0.248690 -0.968583 0.000000 0.248690 -0.968583 0.000000 0.125333 -0.992115 0.000000 0.125333 -0.992115 0.000000 0.000000 -1.000000 0.000000 0.000000 -1.000000 0.000000 -0.125333 -0.992115 0.000000 -0.125333 -0.992115 0.000000 -0.248690 -0.968583 0.000000 -0.248690 -0.968583 0.000000 -0.368125 -0.929776 0.000000 -0.368125 -0.929776 0.000000 -0.481754 -0.876307 0.000000 -0.481754 -0.876307 0.000000 -0.587785 -0.809017 0.000000 -0.587785 -0.809017 0.000000 -0.684547 -0.728969 0.000000 -0.684547 -0.728969 0.000000 -0.770513 -0.637424 0.000000 -0.770513 -0.637424 0.000000 -0.844328 -0.535827 0.000000 -0.844328 -0.535827 0.000000 -0.904827 -0.425779 0.000000 -0.904827 -0.425779 0.000000 -0.951057 -0.309017 0.000000 -0.951057 -0.309017 0.000000 -0.982287 -0.187381 0.000000 -0.982287 -0.187381 0.000000 -0.998027 -0.062791 0.000000 -0.998027 -0.062791 0.000000 -0.998027 0.062791 0.000000 -0.998027 0.062791 0.000000 -0.982287 0.187381 0.000000 -0.982287 0.187381 0.000000 -0.951057 0.309017 0.000000 -0.951057 0.309017 0.000000 -0.904827 0.425779 0.000000 -0.904827 0.425779 0.000000 -0.844328 0.535827 0.000000 -0.844328 0.535827 0.000000 -0.770513 0.637424 0.000000 -0.770513 0.637424 0.000000 -0.684547 0.728969 0.000000 -0.684547 0.728969 0.000000 -0.587785 0.809017 0.000000 -0.587785 0.809017 0.000000 -0.481754 0.876307 0.000000 -0.481754 0.876307 0.000000 -0.368125 0.929776 0.000000 -0.368125 0.929776 0.000000 -0.248690 0.968583 0.000000 -0.248690 0.968583 -0.000000 -0.145601 -0.989343 -0.000000 -0.072995 -0.997332 -0.000000 0.000000 -1.000000 -0.000000 0.072995 -0.997332 -0.000000 0.145601 -0.989343 -0.000000 0.217430 -0.976076 -0.000000 0.288099 -0.957601 -0.000000 0.357231 -0.934016 -0.000000 0.424457 -0.905448 -0.000000 0.489418 -0.872049 -0.000000 0.551768 -0.833998 -0.000000 0.611174 -0.791496 -0.000000 0.667319 -0.744772 -0.000000 0.719903 -0.694074 -0.000000 0.768647 -0.639673 -0.000000 0.813290 -0.581859 -0.000000 0.853593 -0.520940 -0.000000 0.889342 -0.457242 -0.000000 0.920346 -0.391105 -0.000000 0.946440 -0.322880 -0.000000 0.967484 -0.252933 -0.000000 0.983366 -0.181637 -0.000000 0.994001 -0.109371 -0.000000 0.999333 -0.036522 -0.000000 0.999333 0.036522 -0.000000 0.994001 0.109371 -0.000000 0.983366 0.181637 -0.000000 0.967484 0.252933 -0.000000 0.946440 0.322880 -0.000000 0.920346 0.391105 -0.000000 0.889342 0.457242 -0.000000 0.853593 0.520940 -0.000000 0.813290 0.581859 -0.000000 0.768647 0.639673 -0.000000 0.719903 0.694074 -0.000000 0.667319 0.744772 -0.000000 0.611174 0.791496 -0.000000 0.551768 0.833998 -0.000000 0.489418 0.872049 -0.000000 0.424457 0.905448 -0.000000 0.357231 0.934016 -0.000000 0.288099 0.957601 -0.000000 0.217430 0.976076 -0.000000 0.145601 0.989343 -0.000000 0.072995 0.997332 -0.000000 0.000000 1.000000 -0.000000 -0.072995 0.997332 -0.000000 -0.145601 0.989343 -0.000000 -0.217430 0.976076 -0.000000 -0.288099 0.957601 -0.000000 -0.357231 0.934016 -0.000000 -0.424457 0.905448 -0.000000 -0.489418 0.872049 -0.000000 -0.551768 0.833998 -0.000000 -0.611174 0.791496 -0.000000 -0.667319 0.744772 -0.000000 -0.719903 0.694074 -0.000000 -0.768647 0.639673 -0.000000 -0.813290 0.581859 -0.000000 -0.853593 0.520940 -0.000000 -0.889342 0.457242 -0.000000 -0.920346 0.391105 -0.000000 -0.946440 0.322880 -0.000000 -0.967484 0.252933 -0.000000 -0.983366 0.181637 -0.000000 -0.994001 0.109371 -0.000000 -0.999333 0.036522 -0.000000 -0.999333 -0.036522 -0.000000 -0.994001 -0.109371 -0.000000 -0.983366 -0.181637 -0.000000 -0.967484 -0.252933 -0.000000 -0.946440 -0.322880 -0.000000 -0.920346 -0.391105 -0.000000 -0.889342 -0.457242 -0.000000 -0.853593 -0.520940 -0.000000 -0.813290 -0.581859 -0.000000 -0.768647 -0.639673 -0.000000 -0.719903 -0.694074 -0.000000 -0.667319 -0.744772 -0.000000 -0.611174 -0.791496 -0.000000 -0.551768 -0.833998 -0.000000 -0.489418 -0.872049 -0.000000 -0.424457 -0.905448 -0.000000 -0.357231 -0.934016 -0.000000 -0.288099 -0.957601 -0.000000 -0.217430 -0.976076 0.000000 0.125333 -0.992115 0.000000 0.125333 -0.992115 0.000000 0.000000 -1.000000 0.000000 0.000000 -1.000000 0.000000 -0.125333 -0.992115 0.000000 -0.125333 -0.992115 0.000000 -0.141827 -0.989891 0.000000 -0.141827 -0.989891 0.000000 -0.248690 -0.968583 0.000000 -0.263379 -0.964692 0.000000 -0.368125 -0.929776 0.000000 -0.380872 -0.924628 0.000000 -0.481754 -0.876307 0.000000 -0.492497 -0.870314 0.000000 -0.587785 -0.809017 0.000000 -0.596532 -0.802590 0.000000 -0.684547 -0.728969 0.000000 -0.691374 -0.722497 0.000000 -0.770513 -0.637424 0.000000 -0.775562 -0.631271 0.000000 -0.844328 -0.535827 0.000000 -0.847800 -0.530317 0.000000 -0.904827 -0.425779 0.000000 -0.906972 -0.421191 0.000000 -0.951057 -0.309017 0.000000 -0.952168 -0.305574 0.000000 -0.982287 -0.187381 0.000000 -0.982692 -0.185248 0.000000 -0.998027 -0.062791 0.000000 -0.998072 -0.062068 0.000000 -0.998072 0.062068 0.000000 -0.998027 0.062791 0.000000 -0.982692 0.185248 0.000000 -0.982287 0.187381 0.000000 -0.952168 0.305574 0.000000 -0.951057 0.309017 0.000000 -0.906972 0.421191 0.000000 -0.904827 0.425779 0.000000 -0.847800 0.530317 0.000000 -0.844328 0.535827 0.000000 -0.775562 0.631271 0.000000 -0.770513 0.637424 0.000000 -0.691374 0.722497 0.000000 -0.684547 0.728969 0.000000 -0.596532 0.802590 0.000000 -0.587785 0.809017 0.000000 -0.492497 0.870314 0.000000 -0.481754 0.876307 0.000000 -0.380872 0.924628 0.000000 -0.368125 0.929776 0.000000 -0.263379 0.964692 0.000000 -0.248690 0.968583 0.000000 -0.141827 0.989891 0.000000 -0.125333 0.992115 0.000000 -0.141827 0.989891 0.000000 -0.125333 0.992115 0.000000 -0.248690 0.968583 0.000000 0.248690 -0.968583 0.000000 0.248690 -0.968583 0.000000 0.368125 -0.929776 0.000000 0.368125 -0.929776 0.000000 0.481754 -0.876307 0.000000 0.481754 -0.876307 0.000000 0.587785 -0.809017 0.000000 0.587785 -0.809017 0.000000 0.684547 -0.728969 0.000000 0.684547 -0.728969 0.000000 0.770513 -0.637424 0.000000 0.770513 -0.637424 0.000000 0.844328 -0.535827 0.000000 0.844328 -0.535827 0.000000 0.904827 -0.425779 0.000000 0.904827 -0.425779 0.000000 0.951057 -0.309017 0.000000 0.951057 -0.309017 0.000000 0.982287 -0.187381 0.000000 0.982287 -0.187381 0.000000 0.998027 -0.062791 0.000000 0.998027 -0.062791 0.000000 0.998027 0.062791 0.000000 0.998027 0.062791 0.000000 0.982287 0.187381 0.000000 0.982287 0.187381 0.000000 0.951057 0.309017 0.000000 0.951057 0.309017 0.000000 0.904827 0.425779 0.000000 0.904827 0.425779 0.000000 0.844328 0.535827 0.000000 0.844328 0.535827 0.000000 0.770513 0.637424 0.000000 0.770513 0.637424 0.000000 0.684547 0.728969 0.000000 0.684547 0.728969 0.000000 0.587785 0.809017 0.000000 0.587785 0.809017 0.000000 0.481754 0.876307 0.000000 0.481754 0.876307 0.000000 0.368125 0.929776 0.000000 0.368125 0.929776 0.000000 0.248690 0.968583 0.000000 0.248690 0.968583 0.000000 0.125333 0.992115 0.000000 0.125333 0.992115 0.000000 -0.000000 1.000000 0.000000 -0.000000 1.000000 0.000000 -0.368125 0.929776 0.000000 -0.358433 0.933555 0.000000 -0.251711 0.967802 0.000000 -0.460653 0.887580 0.000000 -0.481754 0.876307 0.000000 -0.557085 0.830455 0.000000 -0.587785 0.809017 0.000000 -0.646519 0.762898 0.000000 -0.684547 0.728969 0.000000 -0.727831 0.685756 0.000000 -0.770513 0.637424 0.000000 -0.800000 0.600000 0.000000 -0.844328 0.535827 0.000000 -0.800000 0.600000 0.000000 -0.864571 0.502511 0.000000 -0.904827 0.425779 0.000000 -0.917320 0.398151 0.000000 -0.951057 0.309017 0.000000 -0.957526 0.288347 0.000000 -0.982287 0.187381 0.000000 -0.984639 0.174601 0.000000 -0.998027 0.062791 0.000000 -0.998289 0.058467 0.000000 -0.998027 -0.062791 0.000000 -0.998289 -0.058467 0.000000 -0.984639 -0.174601 0.000000 -0.982287 -0.187381 0.000000 -0.957526 -0.288347 0.000000 -0.951057 -0.309017 0.000000 -0.917320 -0.398151 0.000000 -0.904827 -0.425779 0.000000 -0.864571 -0.502511 0.000000 -0.844328 -0.535827 0.000000 -0.800000 -0.600000 0.000000 -0.800000 -0.600000 0.000000 -0.770513 -0.637424 0.000000 -0.727831 -0.685756 0.000000 -0.684547 -0.728969 0.000000 -0.646519 -0.762898 0.000000 -0.587785 -0.809017 0.000000 -0.557085 -0.830455 0.000000 -0.481754 -0.876307 0.000000 -0.460653 -0.887580 0.000000 -0.368125 -0.929776 0.000000 -0.358433 -0.933555 0.000000 -0.248690 -0.968583 0.000000 -0.251711 -0.967802 1.000000 0.000000 0.000000 1.000000 0.000000 0.000000 1.000000 0.000000 0.000000 1.000000 0.000000 0.000000 1.000000 0.000000 0.000000 1.000000 0.000000 0.000000 1.000000 0.000000 0.000000 1.000000 0.000000 0.000000 1.000000 0.000000 0.000000 1.000000 0.000000 0.000000 1.000000 0.000000 0.000000 1.000000 0.000000 0.000000 1.000000 0.000000 0.000000 1.000000 0.000000 0.000000 1.000000 0.000000 0.000000 1.000000 0.000000 0.000000 1.000000 0.000000 0.000000 1.000000 0.000000 0.000000 1.000000 0.000000 0.000000 1.000000 0.000000 0.000000 1.000000 0.000000 0.000000 1.000000 0.000000 0.000000 1.000000 0.000000 0.000000 1.000000 0.000000 0.000000 1.000000 0.000000 0.000000 1.000000 0.000000 0.000000 1.000000 0.000000 0.000000 1.000000 0.000000 0.000000 1.000000 0.000000 0.000000 1.000000 0.000000 0.000000 1.000000 0.000000 0.000000 1.000000 0.000000 0.000000 1.000000 0.000000 0.000000 1.000000 0.000000 0.000000 1.000000 0.000000 0.000000 1.000000 0.000000 0.000000 1.000000 0.000000 0.000000 1.000000 0.000000 0.000000 1.000000 0.000000 0.000000 1.000000 0.000000 0.000000 1.000000 0.000000 0.000000 1.000000 0.000000 0.000000 1.000000 0.000000 0.000000 1.000000 0.000000 0.000000 1.000000 0.000000 0.000000 1.000000 0.000000 0.000000 1.000000 0.000000 0.000000 1.000000 0.000000 0.000000 1.000000 0.000000 0.000000 1.000000 0.000000 0.000000 1.000000 0.000000 0.000000 1.000000 0.000000 0.000000 1.000000 0.000000 0.000000 1.000000 0.000000 0.000000 1.000000 0.000000 0.000000 1.000000 0.000000 0.000000 1.000000 0.000000 0.000000 1.000000 0.000000 0.000000 1.000000 0.000000 0.000000 1.000000 0.000000 0.000000 1.000000 0.000000 0.000000 1.000000 0.000000 0.000000 1.000000 0.000000 0.000000 1.000000 0.000000 0.000000 1.000000 0.000000 0.000000 1.000000 0.000000 0.000000 1.000000 0.000000 0.000000 1.000000 0.000000 0.000000 1.000000 0.000000 0.000000 1.000000 0.000000 0.000000 1.000000 0.000000 0.000000 1.000000 0.000000 0.000000 1.000000 0.000000 0.000000 1.000000 0.000000 0.000000 1.000000 0.000000 0.000000 1.000000 0.000000 0.000000 1.000000 0.000000 0.000000 1.000000 0.000000 0.000000 1.000000 0.000000 0.000000 1.000000 0.000000 0.000000 1.000000 0.000000 0.000000 1.000000 0.000000 0.000000 1.000000 0.000000 0.000000 1.000000 0.000000 0.000000 1.000000 0.000000 0.000000 1.000000 0.000000 0.000000 1.000000 0.000000 0.000000 1.000000 0.000000 0.000000 1.000000 0.000000 0.000000 1.000000 0.000000 0.000000 1.000000 0.000000 0.000000 1.000000 0.000000 0.000000 1.000000 0.000000 0.000000 1.000000 0.000000 0.000000 1.000000 0.000000 0.000000 1.000000 0.000000 0.000000 1.000000 0.000000 0.000000 -1.000000 -0.000000 -0.000000 -1.000000 -0.000000 -0.000000 -1.000000 -0.000000 -0.000000 -1.000000 -0.000000 -0.000000 -1.000000 -0.000000 -0.000000 -1.000000 -0.000000 -0.000000 -1.000000 -0.000000 -0.000000 -1.000000 -0.000000 -0.000000 -1.000000 -0.000000 -0.000000 -1.000000 -0.000000 -0.000000 -1.000000 -0.000000 -0.000000 -1.000000 -0.000000 -0.000000 -1.000000 -0.000000 -0.000000 -1.000000 -0.000000 -0.000000 -1.000000 -0.000000 -0.000000 -1.000000 -0.000000 -0.000000 -1.000000 -0.000000 -0.000000 -1.000000 -0.000000 -0.000000 -1.000000 -0.000000 -0.000000 -1.000000 -0.000000 -0.000000 -1.000000 -0.000000 -0.000000 -1.000000 -0.000000 -0.000000 -1.000000 -0.000000 -0.000000 -1.000000 -0.000000 -0.000000 -1.000000 -0.000000 -0.000000 -1.000000 -0.000000 -0.000000 -1.000000 -0.000000 -0.000000 -1.000000 -0.000000 -0.000000 -1.000000 -0.000000 -0.000000 -1.000000 -0.000000 -0.000000 -1.000000 -0.000000 -0.000000 -1.000000 -0.000000 -0.000000 -1.000000 -0.000000 -0.000000 -1.000000 -0.000000 -0.000000 -1.000000 -0.000000 -0.000000 -1.000000 -0.000000 -0.000000 -1.000000 -0.000000 -0.000000 -1.000000 -0.000000 -0.000000 -1.000000 -0.000000 -0.000000 -1.000000 -0.000000 -0.000000 -1.000000 -0.000000 -0.000000 -1.000000 -0.000000 -0.000000 -1.000000 -0.000000 -0.000000 -1.000000 -0.000000 -0.000000 -1.000000 -0.000000 -0.000000 -1.000000 -0.000000 -0.000000 -1.000000 -0.000000 -0.000000 -1.000000 -0.000000 -0.000000 -1.000000 -0.000000 -0.000000 -1.000000 -0.000000 -0.000000 -1.000000 -0.000000 -0.000000 -1.000000 -0.000000 -0.000000 -1.000000 -0.000000 -0.000000 -1.000000 -0.000000 -0.000000 -1.000000 -0.000000 -0.000000 -1.000000 -0.000000 -0.000000 -1.000000 -0.000000 -0.000000 -1.000000 -0.000000 -0.000000 -1.000000 -0.000000 -0.000000 -1.000000 -0.000000 -0.000000 -1.000000 -0.000000 -0.000000 -1.000000 -0.000000 -0.000000 -1.000000 -0.000000 -0.000000 -1.000000 -0.000000 -0.000000 -1.000000 -0.000000 -0.000000 -1.000000 -0.000000 -0.000000 -1.000000 -0.000000 -0.000000 -1.000000 -0.000000 -0.000000 -1.000000 -0.000000 -0.000000 -1.000000 -0.000000 -0.000000 -1.000000 -0.000000 -0.000000 -1.000000 -0.000000 -0.000000 -1.000000 -0.000000 -0.000000 -1.000000 -0.000000 -0.000000 -1.000000 -0.000000 -0.000000 -1.000000 -0.000000 -0.000000 -1.000000 -0.000000 -0.000000 -1.000000 -0.000000 -0.000000 -1.000000 -0.000000 -0.000000 -1.000000 -0.000000 -0.000000 -1.000000 -0.000000 -0.000000 -1.000000 -0.000000 -0.000000 -1.000000 -0.000000 -0.000000 -1.000000 -0.000000 -0.000000 -1.000000 -0.000000 -0.000000 -1.000000 -0.000000 -0.000000 -1.000000 -0.000000 -0.000000 -1.000000 -0.000000 -0.000000 -1.000000 -0.000000 -0.000000 -1.000000 -0.000000 -0.000000 -1.000000 -0.000000 -0.000000 -1.000000 -0.000000 -0.000000 -1.000000 -0.000000 -0.000000 -1.000000 -0.000000 -0.000000 -1.000000 -0.000000 -0.000000 -1.000000 -0.000000 -0.000000 -1.000000 -0.000000 -0.000000 -0.000000 0.238208 0.971214 -0.000000 0.238208 0.971214 -0.000000 0.213346 0.976977 -0.000000 0.213346 0.976977 -0.000000 0.188345 0.982103 -0.000000 0.188345 0.982103 -0.000000 0.163221 0.986590 -0.000000 0.163221 0.986590 -0.000000 0.137991 0.990433 -0.000000 0.137991 0.990433 -0.000000 0.112671 0.993632 -0.000000 0.112671 0.993632 -0.000000 0.087278 0.996184 -0.000000 0.087278 0.996184 -0.000000 0.061828 0.998087 -0.000000 0.061828 0.998087 -0.000000 0.036338 0.999340 -0.000000 0.036338 0.999340 -0.000000 0.010824 0.999941 -0.000000 0.010824 0.999941 0.000000 -0.014697 0.999892 0.000000 -0.014697 0.999892 0.000000 -0.040209 0.999191 0.000000 -0.040209 0.999191 0.000000 -0.065694 0.997840 0.000000 -0.065694 0.997840 0.000000 -0.091137 0.995838 0.000000 -0.091137 0.995838 0.000000 -0.116520 0.993188 0.000000 -0.116520 0.993188 0.000000 0.238208 -0.971214 0.000000 0.214548 -0.976713 0.000000 0.238208 -0.971214 0.000000 0.213346 -0.976977 0.000000 0.190762 -0.981636 0.000000 0.188345 -0.982103 0.000000 0.166863 -0.985980 0.000000 0.163221 -0.986590 0.000000 0.142866 -0.989742 0.000000 0.137991 -0.990433 0.000000 0.118784 -0.992920 0.000000 0.112671 -0.993632 0.000000 0.094633 -0.995512 0.000000 0.087278 -0.996184 0.000000 0.070425 -0.997517 0.000000 0.061828 -0.998087 0.000000 0.046176 -0.998933 0.000000 0.036338 -0.999340 0.000000 0.021900 -0.999760 0.000000 0.010824 -0.999941 0.000000 0.007301 -0.999973 0.000000 -0.007301 -0.999973 0.000000 0.021900 -0.999760 0.000000 -0.014697 -0.999892 0.000000 -0.021900 -0.999760 0.000000 -0.040209 -0.999191 0.000000 -0.021900 -0.999760 0.000000 -0.045967 -0.998943 0.000000 -0.065694 -0.997840 0.000000 -0.070006 -0.997547 0.000000 -0.091137 -0.995838 0.000000 -0.094006 -0.995572 0.000000 -0.116520 -0.993188 0.000000 -0.117951 -0.993019 -1.000000 0.000000 -0.000000 -1.000000 0.000000 -0.000000 -1.000000 0.000000 -0.000000 -1.000000 0.000000 -0.000000 -1.000000 0.000000 -0.000000 -1.000000 0.000000 -0.000000 -1.000000 0.000000 -0.000000 -1.000000 0.000000 -0.000000 -1.000000 0.000000 -0.000000 -1.000000 0.000000 -0.000000 -1.000000 0.000000 -0.000000 -1.000000 0.000000 -0.000000 -1.000000 0.000000 -0.000000 -1.000000 0.000000 -0.000000 -1.000000 0.000000 -0.000000 -1.000000 0.000000 -0.000000 -1.000000 0.000000 -0.000000 -1.000000 0.000000 -0.000000 -1.000000 0.000000 -0.000000 -1.000000 0.000000 -0.000000 -1.000000 0.000000 -0.000000 -1.000000 0.000000 -0.000000 -1.000000 0.000000 -0.000000 -1.000000 0.000000 -0.000000 -1.000000 0.000000 -0.000000 -1.000000 0.000000 -0.000000 -1.000000 0.000000 -0.000000 -1.000000 0.000000 -0.000000 -1.000000 0.000000 -0.000000 -1.000000 0.000000 -0.000000 -1.000000 0.000000 -0.000000 -1.000000 0.000000 -0.000000 -1.000000 0.000000 -0.000000 -1.000000 0.000000 -0.000000 -1.000000 0.000000 -0.000000 -1.000000 0.000000 -0.000000 -1.000000 0.000000 -0.000000 -1.000000 0.000000 -0.000000 -1.000000 0.000000 -0.000000 -1.000000 0.000000 -0.000000 -1.000000 0.000000 -0.000000 -1.000000 0.000000 -0.000000 -1.000000 0.000000 -0.000000 -1.000000 0.000000 -0.000000 -1.000000 0.000000 -0.000000 -1.000000 0.000000 -0.000000 -1.000000 0.000000 -0.000000 -1.000000 0.000000 -0.000000 -1.000000 0.000000 -0.000000 -1.000000 0.000000 -0.000000 -1.000000 0.000000 -0.000000 -1.000000 0.000000 -0.000000 -1.000000 0.000000 -0.000000 -1.000000 0.000000 -0.000000 -1.000000 0.000000 -0.000000 -1.000000 0.000000 -0.000000 -1.000000 0.000000 -0.000000 -1.000000 0.000000 -0.000000 -1.000000 0.000000 -0.000000 -1.000000 0.000000 -0.000000 -1.000000 0.000000 -0.000000 -1.000000 0.000000 -0.000000 -1.000000 0.000000 -0.000000 -1.000000 0.000000 -0.000000 -1.000000 0.000000 -0.000000 -1.000000 0.000000 -0.000000 -1.000000 0.000000 -0.000000 -1.000000 0.000000 -0.000000 1.000000 -0.000000 0.000000 1.000000 -0.000000 0.000000 1.000000 -0.000000 0.000000 1.000000 -0.000000 0.000000 1.000000 -0.000000 0.000000 1.000000 -0.000000 0.000000 1.000000 -0.000000 0.000000 1.000000 -0.000000 0.000000 1.000000 -0.000000 0.000000 1.000000 -0.000000 0.000000 1.000000 -0.000000 0.000000 1.000000 -0.000000 0.000000 1.000000 -0.000000 0.000000 1.000000 -0.000000 0.000000 1.000000 -0.000000 0.000000 1.000000 -0.000000 0.000000 1.000000 -0.000000 0.000000 1.000000 -0.000000 0.000000 1.000000 -0.000000 0.000000 1.000000 -0.000000 0.000000 1.000000 -0.000000 0.000000 1.000000 -0.000000 0.000000 1.000000 -0.000000 0.000000 1.000000 -0.000000 0.000000 1.000000 -0.000000 0.000000 1.000000 -0.000000 0.000000 1.000000 -0.000000 0.000000 1.000000 -0.000000 0.000000 1.000000 -0.000000 0.000000 1.000000 -0.000000 0.000000 1.000000 -0.000000 0.000000 1.000000 -0.000000 0.000000 1.000000 -0.000000 0.000000 1.000000 -0.000000 0.000000 1.000000 -0.000000 0.000000 1.000000 -0.000000 0.000000 1.000000 -0.000000 0.000000 1.000000 -0.000000 0.000000 1.000000 -0.000000 0.000000 1.000000 -0.000000 0.000000 1.000000 -0.000000 0.000000 1.000000 -0.000000 0.000000 1.000000 -0.000000 0.000000 1.000000 -0.000000 0.000000 1.000000 -0.000000 0.000000 1.000000 -0.000000 0.000000 1.000000 -0.000000 0.000000 1.000000 -0.000000 0.000000 1.000000 -0.000000 0.000000 1.000000 -0.000000 0.000000 1.000000 -0.000000 0.000000 1.000000 -0.000000 0.000000 1.000000 -0.000000 0.000000 1.000000 -0.000000 0.000000 1.000000 -0.000000 0.000000 1.000000 -0.000000 0.000000 1.000000 -0.000000 0.000000 1.000000 -0.000000 0.000000 1.000000 -0.000000 0.000000 1.000000 -0.000000 0.000000 1.000000 -0.000000 0.000000 1.000000 -0.000000 0.000000 1.000000 -0.000000 0.000000 1.000000 -0.000000 0.000000 1.000000 -0.000000 0.000000 1.000000 -0.000000 0.000000 1.000000 -0.000000 0.000000 1.000000 -0.000000 0.000000 1.000000 -0.000000 0.000000 1.000000 -0.000000 0.000000 1.000000 -0.000000 0.000000 1.000000 -0.000000 0.000000 1.000000 -0.000000 0.000000 1.000000 -0.000000 0.000000 1.000000 -0.000000 0.000000 1.000000 -0.000000 0.000000 1.000000 -0.000000 0.000000 1.000000 -0.000000 0.000000 1.000000 -0.000000 0.000000 0.000000 -0.102821 -0.994700 0.000000 -0.102821 -0.994700 0.000000 -0.000000 -1.000000 0.000000 -0.000000 -1.000000 0.000000 0.102821 -0.994700 0.000000 0.102821 -0.994700 0.000000 0.204552 -0.978856 0.000000 0.204552 -0.978856 0.000000 0.304115 -0.952635 0.000000 0.335941 -0.941883 0.000000 0.400454 -0.916317 0.000000 0.430177 -0.902745 0.000000 0.492548 -0.870285 0.000000 0.519933 -0.854207 0.000000 0.579421 -0.815028 0.000000 0.604276 -0.796775 0.000000 0.660152 -0.751132 0.000000 0.682328 -0.731047 0.000000 0.733885 -0.679273 0.000000 0.753274 -0.657707 0.000000 0.799839 -0.600214 0.000000 0.816378 -0.577518 0.000000 0.857315 -0.514793 0.000000 0.870981 -0.491317 0.000000 0.905702 -0.423914 0.000000 0.916515 -0.400000 0.000000 0.944489 -0.328542 0.000000 0.916515 -0.400000 0.000000 0.952748 -0.303761 0.000000 0.973264 -0.229688 0.000000 0.978906 -0.204310 0.000000 0.991723 -0.128398 0.000000 0.994713 -0.102698 0.000000 0.999668 -0.025748 0.000000 1.000000 0.000000 0.000000 0.997018 0.077175 0.000000 0.994713 0.102698 0.000000 0.983798 0.179281 0.000000 0.978906 0.204310 0.000000 0.960150 0.279486 0.000000 0.952748 0.303761 0.000000 0.926324 0.376728 0.000000 0.916515 0.400000 0.000000 0.916515 0.400000 0.000000 0.882679 0.469977 0.000000 0.870981 0.491317 0.000000 0.829677 0.558244 0.000000 0.816378 0.577518 0.000000 0.767880 0.640593 0.000000 0.753274 0.657707 0.000000 0.697944 0.716152 0.000000 0.682328 0.731047 0.000000 0.620609 0.784120 0.000000 0.604276 0.796775 0.000000 0.536696 0.843776 0.000000 0.519933 0.854207 0.000000 0.447094 0.894487 0.000000 0.430177 0.902745 0.000000 0.352752 0.935717 0.000000 0.335941 0.941883 0.000000 0.254671 0.967028 0.000000 0.153891 0.988088 0.000000 0.153891 0.988088 0.000000 0.051479 0.998674 0.000000 0.051479 0.998674 0.000000 -0.051479 0.998674 0.000000 -0.051479 0.998674 0.000000 -0.153891 0.988088 0.000000 -0.153891 0.988088 0.000000 -0.254671 0.967028 0.000000 -0.254671 0.967028 0.000000 -0.352752 0.935717 0.000000 -0.352752 0.935717 0.000000 -0.447094 0.894487 0.000000 -0.447094 0.894487 0.000000 -0.536696 0.843776 0.000000 -0.536696 0.843776 0.000000 -0.620609 0.784120 0.000000 -0.620609 0.784120 0.000000 -0.697944 0.716152 0.000000 -0.697944 0.716152 0.000000 -0.767880 0.640593 0.000000 -0.767880 0.640593 0.000000 -0.829677 0.558244 0.000000 -0.829677 0.558244 0.000000 -0.882679 0.469977 0.000000 -0.882679 0.469977 0.000000 -0.926324 0.376728 0.000000 -0.926324 0.376728 0.000000 -0.960150 0.279486 0.000000 -0.960150 0.279486 0.000000 -0.983798 0.179281 0.000000 -0.983798 0.179281 0.000000 -0.997018 0.077175 0.000000 -0.997018 0.077175 0.000000 -0.999668 -0.025748 0.000000 -0.999668 -0.025748 0.000000 -0.991723 -0.128398 0.000000 -0.991723 -0.128398 0.000000 -0.973264 -0.229688 0.000000 -0.973264 -0.229688 0.000000 -0.944489 -0.328542 0.000000 -0.944489 -0.328542 0.000000 -0.905702 -0.423914 0.000000 -0.905702 -0.423914 0.000000 -0.857315 -0.514793 0.000000 -0.857315 -0.514793 0.000000 -0.799839 -0.600214 0.000000 -0.799839 -0.600214 0.000000 -0.733885 -0.679273 0.000000 -0.733885 -0.679273 0.000000 -0.660152 -0.751132 0.000000 -0.660152 -0.751132 0.000000 -0.579421 -0.815028 0.000000 -0.579421 -0.815028 0.000000 -0.492548 -0.870285 0.000000 -0.492548 -0.870285 0.000000 -0.400454 -0.916317 0.000000 -0.400454 -0.916317 0.000000 -0.304115 -0.952635 0.000000 -0.304115 -0.952635 0.000000 -0.204552 -0.978856 0.000000 -0.204552 -0.978856 0.000000 0.254671 0.967028 0.000000 0.336171 0.941801 0.000000 0.352752 0.935717 0.000000 0.430618 0.902534 0.000000 0.447094 0.894487 0.000000 0.520560 0.853825 0.000000 0.536696 0.843776 0.000000 0.605056 0.796183 0.000000 0.620609 0.784120 0.000000 0.683221 0.730212 0.000000 0.697944 0.716152 0.000000 0.754239 0.656601 0.000000 0.767880 0.640593 0.000000 0.817365 0.576120 0.000000 0.829677 0.558244 0.000000 0.871940 0.489612 0.000000 0.882679 0.469977 0.000000 0.917393 0.397982 0.000000 0.926324 0.376728 0.000000 0.953248 0.302188 0.000000 0.960150 0.279486 0.000000 0.979131 0.203232 0.000000 0.983798 0.179281 0.000000 0.994769 0.102150 0.000000 0.997018 0.077175 0.000000 1.000000 0.000000 0.000000 0.999668 -0.025748 0.000000 0.994769 -0.102150 0.000000 0.991723 -0.128398 0.000000 0.979131 -0.203232 0.000000 0.973264 -0.229688 0.000000 0.953248 -0.302188 0.000000 0.944489 -0.328542 0.000000 0.917393 -0.397982 0.000000 0.905702 -0.423914 0.000000 0.871940 -0.489612 0.000000 0.857315 -0.514793 0.000000 0.817365 -0.576120 0.000000 0.799839 -0.600214 0.000000 0.754239 -0.656601 0.000000 0.733885 -0.679273 0.000000 0.683221 -0.730212 0.000000 0.660152 -0.751132 0.000000 0.605056 -0.796183 0.000000 0.579421 -0.815028 0.000000 0.520560 -0.853825 0.000000 0.492548 -0.870285 0.000000 0.430618 -0.902534 0.000000 0.400454 -0.916317 0.000000 0.336171 -0.941801 0.000000 0.304115 -0.952635 1.000000 0.000000 0.000000 1.000000 0.000000 0.000000 1.000000 0.000000 0.000000 1.000000 0.000000 0.000000 1.000000 0.000000 0.000000 1.000000 0.000000 0.000000 1.000000 0.000000 0.000000 1.000000 0.000000 0.000000 1.000000 0.000000 0.000000 1.000000 0.000000 0.000000 1.000000 0.000000 0.000000 1.000000 0.000000 0.000000 1.000000 0.000000 0.000000 1.000000 0.000000 0.000000 1.000000 0.000000 0.000000 1.000000 0.000000 0.000000 1.000000 0.000000 0.000000 1.000000 0.000000 0.000000 1.000000 0.000000 0.000000 1.000000 0.000000 0.000000 1.000000 0.000000 0.000000 1.000000 0.000000 0.000000 1.000000 0.000000 0.000000 1.000000 0.000000 0.000000 1.000000 0.000000 0.000000 1.000000 0.000000 0.000000 1.000000 0.000000 0.000000 1.000000 0.000000 0.000000 1.000000 0.000000 0.000000 1.000000 0.000000 0.000000 1.000000 0.000000 0.000000 1.000000 0.000000 0.000000 1.000000 0.000000 0.000000 1.000000 0.000000 0.000000 1.000000 0.000000 0.000000 1.000000 0.000000 0.000000 1.000000 0.000000 0.000000 1.000000 0.000000 0.000000 1.000000 0.000000 0.000000 1.000000 0.000000 0.000000 1.000000 0.000000 0.000000 1.000000 0.000000 0.000000 1.000000 0.000000 0.000000 1.000000 0.000000 0.000000 1.000000 0.000000 0.000000 1.000000 0.000000 0.000000 1.000000 0.000000 0.000000 1.000000 0.000000 0.000000 1.000000 0.000000 0.000000 1.000000 0.000000 0.000000 1.000000 0.000000 0.000000 1.000000 0.000000 0.000000 1.000000 0.000000 0.000000 1.000000 0.000000 0.000000 1.000000 0.000000 0.000000 1.000000 0.000000 0.000000 1.000000 0.000000 0.000000 1.000000 0.000000 0.000000 1.000000 0.000000 0.000000 1.000000 0.000000 0.000000 1.000000 0.000000 0.000000 1.000000 0.000000 0.000000 1.000000 0.000000 0.000000 1.000000 0.000000 0.000000 1.000000 0.000000 0.000000 1.000000 0.000000 0.000000 1.000000 0.000000 0.000000 1.000000 0.000000 0.000000 1.000000 0.000000 0.000000 1.000000 0.000000 0.000000 1.000000 0.000000 0.000000 1.000000 0.000000 0.000000 1.000000 0.000000 0.000000 1.000000 0.000000 0.000000 1.000000 0.000000 0.000000 1.000000 0.000000 0.000000 1.000000 0.000000 0.000000 1.000000 0.000000 0.000000 1.000000 0.000000 0.000000 1.000000 0.000000 0.000000 1.000000 0.000000 0.000000 1.000000 0.000000 0.000000 1.000000 0.000000 0.000000 1.000000 0.000000 0.000000 1.000000 0.000000 0.000000 1.000000 0.000000 0.000000 1.000000 0.000000 0.000000 1.000000 0.000000 0.000000 1.000000 0.000000 0.000000 1.000000 0.000000 0.000000 1.000000 0.000000 0.000000 1.000000 0.000000 0.000000 1.000000 0.000000 0.000000 1.000000 0.000000 0.000000 1.000000 0.000000 0.000000 1.000000 0.000000 0.000000 1.000000 0.000000 0.000000 1.000000 0.000000 0.000000 1.000000 0.000000 0.000000 1.000000 0.000000 0.000000 1.000000 0.000000 0.000000 1.000000 0.000000 0.000000 1.000000 0.000000 0.000000 1.000000 0.000000 0.000000 1.000000 0.000000 0.000000 1.000000 0.000000 0.000000 1.000000 0.000000 0.000000 1.000000 0.000000 0.000000 1.000000 0.000000 0.000000 1.000000 0.000000 0.000000 1.000000 0.000000 0.000000 1.000000 0.000000 0.000000 1.000000 0.000000 0.000000 1.000000 0.000000 0.000000 1.000000 0.000000 0.000000 1.000000 0.000000 0.000000 1.000000 0.000000 0.000000 1.000000 0.000000 0.000000 1.000000 0.000000 0.000000 1.000000 0.000000 0.000000 -1.000000 -0.000000 -0.000000 -1.000000 -0.000000 -0.000000 -1.000000 -0.000000 -0.000000 -1.000000 -0.000000 -0.000000 -1.000000 -0.000000 -0.000000 -1.000000 -0.000000 -0.000000 -1.000000 -0.000000 -0.000000 -1.000000 -0.000000 -0.000000 -1.000000 -0.000000 -0.000000 -1.000000 -0.000000 -0.000000 -1.000000 -0.000000 -0.000000 -1.000000 -0.000000 -0.000000 -1.000000 -0.000000 -0.000000 -1.000000 -0.000000 -0.000000 -1.000000 -0.000000 -0.000000 -1.000000 -0.000000 -0.000000 -1.000000 -0.000000 -0.000000 -1.000000 -0.000000 -0.000000 -1.000000 -0.000000 -0.000000 -1.000000 -0.000000 -0.000000 -1.000000 -0.000000 -0.000000 -1.000000 -0.000000 -0.000000 -1.000000 -0.000000 -0.000000 -1.000000 -0.000000 -0.000000 -1.000000 -0.000000 -0.000000 -1.000000 -0.000000 -0.000000 -1.000000 -0.000000 -0.000000 -1.000000 -0.000000 -0.000000 -1.000000 -0.000000 -0.000000 -1.000000 -0.000000 -0.000000 -1.000000 -0.000000 -0.000000 -1.000000 -0.000000 -0.000000 -1.000000 -0.000000 -0.000000 -1.000000 -0.000000 -0.000000 -1.000000 -0.000000 -0.000000 -1.000000 -0.000000 -0.000000 -1.000000 -0.000000 -0.000000 -1.000000 -0.000000 -0.000000 -1.000000 -0.000000 -0.000000 -1.000000 -0.000000 -0.000000 -1.000000 -0.000000 -0.000000 -1.000000 -0.000000 -0.000000 -1.000000 -0.000000 -0.000000 -1.000000 -0.000000 -0.000000 -1.000000 -0.000000 -0.000000 -1.000000 -0.000000 -0.000000 -1.000000 -0.000000 -0.000000 -1.000000 -0.000000 -0.000000 -1.000000 -0.000000 -0.000000 -1.000000 -0.000000 -0.000000 -1.000000 -0.000000 -0.000000 -1.000000 -0.000000 -0.000000 -1.000000 -0.000000 -0.000000 -1.000000 -0.000000 -0.000000 -1.000000 -0.000000 -0.000000 -1.000000 -0.000000 -0.000000 -1.000000 -0.000000 -0.000000 -1.000000 -0.000000 -0.000000 -1.000000 -0.000000 -0.000000 -1.000000 -0.000000 -0.000000 -1.000000 -0.000000 -0.000000 -1.000000 -0.000000 -0.000000 -1.000000 -0.000000 -0.000000 -1.000000 -0.000000 -0.000000 -1.000000 -0.000000 -0.000000 -1.000000 -0.000000 -0.000000 -1.000000 -0.000000 -0.000000 -1.000000 -0.000000 -0.000000 -1.000000 -0.000000 -0.000000 -1.000000 -0.000000 -0.000000 -1.000000 -0.000000 -0.000000 -1.000000 -0.000000 -0.000000 -1.000000 -0.000000 -0.000000 -1.000000 -0.000000 -0.000000 -1.000000 -0.000000 -0.000000 -1.000000 -0.000000 -0.000000 -1.000000 -0.000000 -0.000000 -1.000000 -0.000000 -0.000000 -1.000000 -0.000000 -0.000000 -1.000000 -0.000000 -0.000000 -1.000000 -0.000000 -0.000000 -1.000000 -0.000000 -0.000000 -1.000000 -0.000000 -0.000000 -1.000000 -0.000000 -0.000000 -1.000000 -0.000000 -0.000000 -1.000000 -0.000000 -0.000000 -1.000000 -0.000000 -0.000000 -1.000000 -0.000000 -0.000000 -1.000000 -0.000000 -0.000000 -1.000000 -0.000000 -0.000000 -1.000000 -0.000000 -0.000000 -1.000000 -0.000000 -0.000000 -1.000000 -0.000000 -0.000000 -1.000000 -0.000000 -0.000000 -1.000000 -0.000000 -0.000000 -1.000000 -0.000000 -0.000000 -1.000000 -0.000000 -0.000000 -1.000000 -0.000000 -0.000000 -1.000000 -0.000000 -0.000000 -1.000000 -0.000000 -0.000000 -1.000000 -0.000000 -0.000000 -1.000000 -0.000000 -0.000000 -1.000000 -0.000000 -0.000000 -1.000000 -0.000000 -0.000000 -1.000000 -0.000000 -0.000000 -1.000000 -0.000000 -0.000000 -1.000000 -0.000000 -0.000000 -1.000000 -0.000000 -0.000000 -1.000000 -0.000000 -0.000000 -1.000000 -0.000000 -0.000000 -1.000000 -0.000000 -0.000000 -1.000000 -0.000000 -0.000000 -1.000000 -0.000000 -0.000000 -1.000000 -0.000000 -0.000000 -1.000000 -0.000000 -0.000000 -1.000000 -0.000000 -0.000000 -1.000000 -0.000000 -0.000000 -1.000000 -0.000000 -0.000000 -1.000000 -0.000000 -0.000000 -1.000000 -0.000000 -0.000000 -0.000000 0.133287 -0.991077 -0.000000 0.000000 -1.000000 -0.000000 0.000000 -1.000000 -0.000000 -0.133287 -0.991077 -0.000000 -0.133287 -0.991077 -0.000000 -0.264195 -0.964469 -0.000000 -0.264195 -0.964469 -0.000000 -0.390389 -0.920650 -0.000000 -0.390389 -0.920650 -0.000000 -0.509617 -0.860402 -0.000000 -0.509617 -0.860402 -0.000000 -0.619750 -0.784799 -0.000000 -0.619750 -0.784799 -0.000000 -0.718824 -0.695192 -0.000000 -0.718824 -0.695192 -0.000000 -0.805070 -0.593180 -0.000000 -0.805070 -0.593180 -0.000000 -0.876950 -0.480582 -0.000000 -0.876950 -0.480582 -0.000000 -0.933181 -0.359408 -0.000000 -0.933181 -0.359408 -0.000000 -0.972759 -0.231820 -0.000000 -0.972759 -0.231820 -0.000000 -0.994978 -0.100096 -0.000000 -0.994978 -0.100096 -0.000000 -0.999442 0.033415 -0.000000 -0.999442 0.033415 -0.000000 -0.986070 0.166329 -0.000000 -0.986070 0.166329 -0.000000 -0.955102 0.296276 -0.000000 -0.955102 0.296276 -0.000000 -0.907091 0.420935 -0.000000 -0.907091 0.420935 -0.000000 -0.842892 0.538082 -0.000000 -0.842892 0.538082 -0.000000 -0.763652 0.645628 -0.000000 -0.763652 0.645628 -0.000000 -0.670785 0.741652 -0.000000 -0.670785 0.741652 -0.000000 -0.565947 0.824442 -0.000000 -0.565947 0.824442 -0.000000 -0.451010 0.892519 -0.000000 -0.451010 0.892519 -0.000000 -0.328025 0.944669 -0.000000 -0.328025 0.944669 -0.000000 -0.199186 0.979962 -0.000000 -0.199186 0.979962 -0.000000 -0.066793 0.997767 -0.000000 -0.066793 0.997767 -0.000000 0.066793 0.997767 -0.000000 0.066793 0.997767 -0.000000 0.199186 0.979962 -0.000000 0.199186 0.979962 -0.000000 0.328025 0.944669 -0.000000 0.328025 0.944669 -0.000000 0.451010 0.892519 -0.000000 0.451010 0.892519 -0.000000 0.565947 0.824442 -0.000000 0.565947 0.824442 -0.000000 0.670785 0.741652 -0.000000 0.670785 0.741652 -0.000000 0.763652 0.645628 -0.000000 0.763652 0.645628 -0.000000 0.842892 0.538082 -0.000000 0.842892 0.538082 -0.000000 0.907091 0.420935 -0.000000 0.907091 0.420935 -0.000000 0.955102 0.296276 -0.000000 0.955102 0.296276 -0.000000 0.986070 0.166329 -0.000000 0.986070 0.166329 -0.000000 0.999442 0.033415 -0.000000 0.999442 0.033415 -0.000000 0.994978 -0.100096 -0.000000 0.994978 -0.100096 -0.000000 0.972759 -0.231820 -0.000000 0.972759 -0.231820 -0.000000 0.933181 -0.359408 -0.000000 0.933181 -0.359408 -0.000000 0.876950 -0.480582 -0.000000 0.876950 -0.480582 -0.000000 0.805070 -0.593180 -0.000000 0.805070 -0.593180 -0.000000 0.718824 -0.695192 -0.000000 0.718824 -0.695192 -0.000000 0.619750 -0.784799 -0.000000 0.619750 -0.784799 -0.000000 0.509617 -0.860402 -0.000000 0.509617 -0.860402 -0.000000 0.390389 -0.920650 -0.000000 0.390389 -0.920650 -0.000000 0.264195 -0.964469 -0.000000 0.264195 -0.964469 -0.000000 0.133287 -0.991077 -1.000000 0.000000 0.000000 -1.000000 0.000000 0.000000 -1.000000 0.000000 0.000000 -1.000000 0.000000 0.000000 -1.000000 0.000000 0.000000 -1.000000 0.000000 0.000000 -1.000000 0.000000 0.000000 -1.000000 0.000000 0.000000 -1.000000 0.000000 0.000000 -1.000000 0.000000 0.000000 -1.000000 0.000000 0.000000 -1.000000 0.000000 0.000000 -1.000000 0.000000 0.000000 -1.000000 0.000000 0.000000 -1.000000 0.000000 0.000000 -1.000000 0.000000 0.000000 -1.000000 0.000000 0.000000 -1.000000 0.000000 0.000000 -1.000000 0.000000 0.000000 -1.000000 0.000000 0.000000 -1.000000 0.000000 0.000000 -1.000000 0.000000 0.000000 -1.000000 0.000000 0.000000 -1.000000 0.000000 0.000000 -1.000000 0.000000 0.000000 -1.000000 0.000000 0.000000 -1.000000 0.000000 0.000000 -1.000000 0.000000 0.000000 -1.000000 0.000000 0.000000 -1.000000 0.000000 0.000000 -1.000000 0.000000 0.000000 -1.000000 0.000000 0.000000 -1.000000 0.000000 0.000000 -1.000000 0.000000 0.000000 -1.000000 0.000000 0.000000 -1.000000 0.000000 0.000000 -1.000000 0.000000 0.000000 -1.000000 0.000000 0.000000 -1.000000 0.000000 0.000000 -1.000000 0.000000 0.000000 -1.000000 0.000000 0.000000 -1.000000 0.000000 0.000000 -1.000000 0.000000 0.000000 -1.000000 0.000000 0.000000 -1.000000 0.000000 0.000000 -1.000000 0.000000 0.000000 -1.000000 0.000000 0.000000 -1.000000 0.000000 0.000000 -1.000000 0.000000 0.000000 -1.000000 0.000000 0.000000 -1.000000 0.000000 0.000000 -1.000000 0.000000 0.000000 -1.000000 0.000000 0.000000 -1.000000 0.000000 0.000000 -1.000000 0.000000 0.000000 -1.000000 0.000000 0.000000 -1.000000 0.000000 0.000000 -1.000000 0.000000 0.000000 -1.000000 0.000000 0.000000 -1.000000 0.000000 0.000000 -1.000000 0.000000 0.000000 -1.000000 0.000000 0.000000 -1.000000 0.000000 0.000000 -1.000000 0.000000 0.000000 -1.000000 0.000000 0.000000 -1.000000 0.000000 0.000000 -1.000000 0.000000 0.000000 -1.000000 0.000000 0.000000 -1.000000 0.000000 0.000000 -1.000000 0.000000 0.000000 -1.000000 0.000000 0.000000 -1.000000 0.000000 0.000000 -1.000000 0.000000 0.000000 -1.000000 0.000000 0.000000 -1.000000 0.000000 0.000000 -1.000000 0.000000 0.000000 -1.000000 0.000000 0.000000 -1.000000 0.000000 0.000000 -1.000000 0.000000 0.000000 -1.000000 0.000000 0.000000 -1.000000 0.000000 0.000000 -1.000000 0.000000 0.000000 -1.000000 0.000000 0.000000 -1.000000 0.000000 0.000000 -1.000000 0.000000 0.000000 -1.000000 0.000000 0.000000 -1.000000 0.000000 0.000000 -1.000000 0.000000 0.000000 -1.000000 0.000000 0.000000 -1.000000 0.000000 0.000000 -1.000000 0.000000 0.000000 -1.000000 0.000000 0.000000 -1.000000 0.000000 0.000000 -1.000000 0.000000 0.000000 -1.000000 0.000000 0.000000 -1.000000 0.000000 0.000000 -1.000000 0.000000 0.000000 -1.000000 0.000000 0.000000 -1.000000 0.000000 0.000000 -1.000000 0.000000 0.000000 -1.000000 0.000000 0.000000 -1.000000 0.000000 0.000000 -1.000000 0.000000 0.000000 -1.000000 0.000000 0.000000 -1.000000 0.000000 0.000000 -1.000000 0.000000 0.000000 -1.000000 0.000000 0.000000 -1.000000 0.000000 0.000000 -1.000000 0.000000 0.000000 -1.000000 0.000000 0.000000 -1.000000 0.000000 0.000000 -1.000000 0.000000 0.000000 -1.000000 0.000000 0.000000 -1.000000 0.000000 0.000000 -1.000000 0.000000 0.000000 -1.000000 0.000000 0.000000 -1.000000 0.000000 0.000000 -1.000000 0.000000 0.000000 -1.000000 0.000000 0.000000 -1.000000 0.000000 0.000000 -1.000000 0.000000 0.000000 -1.000000 0.000000 0.000000 -1.000000 0.000000 0.000000 -1.000000 0.000000 0.000000 -1.000000 0.000000 0.000000 -1.000000 0.000000 0.000000 -1.000000 0.000000 0.000000 -1.000000 0.000000 0.000000 -1.000000 0.000000 0.000000 -1.000000 0.000000 0.000000 -1.000000 0.000000 0.000000 -1.000000 0.000000 0.000000 -1.000000 0.000000 0.000000 -1.000000 0.000000 0.000000 -1.000000 0.000000 0.000000 -1.000000 0.000000 0.000000 -1.000000 0.000000 0.000000 -1.000000 0.000000 0.000000 -1.000000 0.000000 0.000000 -1.000000 0.000000 0.000000 -1.000000 0.000000 0.000000 -1.000000 0.000000 0.000000 -1.000000 0.000000 0.000000 -1.000000 0.000000 0.000000 -1.000000 0.000000 0.000000 -1.000000 0.000000 0.000000 -1.000000 0.000000 0.000000 -1.000000 0.000000 0.000000 -1.000000 0.000000 0.000000 -1.000000 0.000000 0.000000 -1.000000 0.000000 0.000000 -1.000000 0.000000 0.000000 -1.000000 0.000000 0.000000 -1.000000 0.000000 0.000000 -1.000000 0.000000 0.000000 -1.000000 0.000000 0.000000 -1.000000 0.000000 0.000000 -1.000000 0.000000 0.000000 -1.000000 0.000000 0.000000 -1.000000 0.000000 0.000000 -1.000000 0.000000 0.000000 -1.000000 0.000000 0.000000 -1.000000 0.000000 0.000000 -1.000000 0.000000 0.000000 -1.000000 0.000000 0.000000 -1.000000 0.000000 0.000000 -1.000000 0.000000 0.000000 -1.000000 0.000000 0.000000 -1.000000 0.000000 0.000000 -1.000000 0.000000 0.000000 -1.000000 0.000000 0.000000 -1.000000 0.000000 0.000000 -1.000000 0.000000 0.000000 -1.000000 0.000000 0.000000 -1.000000 0.000000 0.000000 -1.000000 0.000000 0.000000 -1.000000 0.000000 0.000000 -1.000000 0.000000 0.000000 -1.000000 0.000000 0.000000 -1.000000 0.000000 0.000000 -1.000000 0.000000 0.000000 -1.000000 0.000000 0.000000 -1.000000 0.000000 0.000000 -1.000000 0.000000 0.000000 -1.000000 0.000000 0.000000 -1.000000 0.000000 0.000000 -1.000000 0.000000 0.000000 -1.000000 0.000000 0.000000 -1.000000 0.000000 0.000000 -1.000000 0.000000 0.000000 -1.000000 0.000000 0.000000 -1.000000 0.000000 0.000000 -1.000000 0.000000 0.000000 -1.000000 0.000000 0.000000 -1.000000 0.000000 0.000000 -1.000000 0.000000 0.000000 -1.000000 0.000000 0.000000 -1.000000 0.000000 0.000000 -1.000000 0.000000 0.000000 -1.000000 0.000000 0.000000 -1.000000 0.000000 0.000000 -1.000000 0.000000 0.000000 -1.000000 0.000000 0.000000 -1.000000 0.000000 0.000000 -1.000000 0.000000 0.000000 -1.000000 0.000000 0.000000 -1.000000 0.000000 0.000000 -1.000000 0.000000 0.000000 -1.000000 0.000000 0.000000 -1.000000 0.000000 0.000000 -1.000000 0.000000 0.000000 -1.000000 0.000000 0.000000 -1.000000 0.000000 0.000000 -1.000000 0.000000 0.000000 -1.000000 0.000000 0.000000 -1.000000 0.000000 0.000000 -1.000000 0.000000 0.000000 -1.000000 0.000000 0.000000 -1.000000 0.000000 0.000000 -1.000000 0.000000 0.000000 -1.000000 0.000000 0.000000 -1.000000 0.000000 0.000000 -1.000000 0.000000 0.000000 -1.000000 0.000000 0.000000 -1.000000 0.000000 0.000000 -1.000000 0.000000 0.000000 -1.000000 0.000000 0.000000 -1.000000 0.000000 0.000000 -1.000000 0.000000 0.000000 -1.000000 0.000000 0.000000 -1.000000 0.000000 0.000000 -1.000000 0.000000 0.000000 -1.000000 0.000000 0.000000 -1.000000 0.000000 0.000000 -1.000000 0.000000 0.000000 -1.000000 0.000000 0.000000 -1.000000 0.000000 0.000000 -1.000000 0.000000 0.000000 -1.000000 0.000000 0.000000 -1.000000 0.000000 0.000000 -1.000000 0.000000 0.000000 -1.000000 0.000000 0.000000 -1.000000 0.000000 0.000000 -1.000000 0.000000 0.000000 -1.000000 0.000000 0.000000 -1.000000 0.000000 0.000000 -1.000000 0.000000 0.000000 -1.000000 0.000000 0.000000 -1.000000 0.000000 0.000000 -1.000000 0.000000 0.000000 -1.000000 0.000000 0.000000 -1.000000 0.000000 0.000000 -1.000000 0.000000 0.000000 -1.000000 0.000000 0.000000 -1.000000 0.000000 0.000000 -1.000000 0.000000 0.000000 -1.000000 0.000000 0.000000 -1.000000 0.000000 0.000000 -1.000000 0.000000 0.000000 -1.000000 0.000000 0.000000 -1.000000 0.000000 0.000000 -1.000000 0.000000 0.000000 -1.000000 0.000000 0.000000 -1.000000 0.000000 0.000000 -1.000000 0.000000 0.000000 -1.000000 0.000000 0.000000 -1.000000 0.000000 0.000000 -1.000000 0.000000 0.000000 -1.000000 0.000000 0.000000 -1.000000 0.000000 0.000000 -1.000000 0.000000 0.000000 -1.000000 0.000000 0.000000 -1.000000 0.000000 0.000000 -1.000000 0.000000 0.000000 -1.000000 0.000000 0.000000 -1.000000 0.000000 0.000000 -1.000000 0.000000 0.000000 -1.000000 0.000000 0.000000 -1.000000 0.000000 0.000000 -1.000000 0.000000 0.000000 -1.000000 0.000000 0.000000 -1.000000 0.000000 0.000000 -0.000000 0.258819 -0.965926 -0.000000 0.258819 -0.965926 -0.000000 0.000000 -1.000000 -0.000000 0.000000 -1.000000 -0.000000 -0.258819 -0.965926 -0.000000 -0.258819 -0.965926 -0.000000 -0.500000 -0.866025 -0.000000 -0.500000 -0.866025 -0.000000 -0.707107 -0.707107 -0.000000 -0.707107 -0.707107 -0.000000 -0.866025 -0.500000 -0.000000 -0.866025 -0.500000 -0.000000 -0.965926 -0.258819 -0.000000 -0.965926 -0.258819 -0.000000 -1.000000 -0.000000 -0.000000 -1.000000 -0.000000 -0.000000 -0.965926 0.258819 -0.000000 -0.965926 0.258819 -0.000000 -0.866025 0.500000 -0.000000 -0.866025 0.500000 -0.000000 -0.707107 0.707107 -0.000000 -0.707107 0.707107 -0.000000 -0.500000 0.866025 -0.000000 -0.500000 0.866025 -0.000000 -0.258819 0.965926 -0.000000 -0.258819 0.965926 -0.000000 -0.000000 1.000000 -0.000000 -0.000000 1.000000 -0.000000 0.258819 0.965926 -0.000000 0.258819 0.965926 -0.000000 0.500000 0.866025 -0.000000 0.500000 0.866025 -0.000000 0.707107 0.707107 -0.000000 0.707107 0.707107 -0.000000 0.866025 0.500000 -0.000000 0.866025 0.500000 -0.000000 0.965926 0.258819 -0.000000 0.965926 0.258819 -0.000000 1.000000 -0.000000 -0.000000 1.000000 -0.000000 -0.000000 0.965926 -0.258819 -0.000000 0.965926 -0.258819 -0.000000 0.866025 -0.500000 -0.000000 0.866025 -0.500000 -0.000000 0.707107 -0.707107 -0.000000 0.707107 -0.707107 -0.000000 0.500000 -0.866025 -0.000000 0.500000 -0.866025 -1.000000 0.000000 0.000000 -1.000000 0.000000 0.000000 -1.000000 0.000000 0.000000 -1.000000 0.000000 0.000000 -1.000000 0.000000 0.000000 -1.000000 0.000000 0.000000 -1.000000 0.000000 0.000000 -1.000000 0.000000 0.000000 -1.000000 0.000000 0.000000 -1.000000 0.000000 0.000000 -1.000000 0.000000 0.000000 -1.000000 0.000000 0.000000 -1.000000 0.000000 0.000000 -1.000000 0.000000 0.000000 -1.000000 0.000000 0.000000 -1.000000 0.000000 0.000000 -1.000000 0.000000 0.000000 -1.000000 0.000000 0.000000 -1.000000 0.000000 0.000000 -1.000000 0.000000 0.000000 -1.000000 0.000000 0.000000 -1.000000 0.000000 0.000000 -1.000000 0.000000 0.000000 -1.000000 0.000000 0.000000 -0.000000 0.258819 -0.965926 -0.000000 0.258819 -0.965926 -0.000000 0.000000 -1.000000 -0.000000 0.000000 -1.000000 -0.000000 -0.258819 -0.965926 -0.000000 -0.258819 -0.965926 -0.000000 -0.500000 -0.866025 -0.000000 -0.500000 -0.866025 -0.000000 -0.707107 -0.707107 -0.000000 -0.707107 -0.707107 -0.000000 -0.866025 -0.500000 -0.000000 -0.866025 -0.500000 -0.000000 -0.965926 -0.258819 -0.000000 -0.965926 -0.258819 -0.000000 -1.000000 -0.000000 -0.000000 -1.000000 -0.000000 -0.000000 -0.965926 0.258819 -0.000000 -0.965926 0.258819 -0.000000 -0.866025 0.500000 -0.000000 -0.866025 0.500000 -0.000000 -0.707107 0.707107 -0.000000 -0.707107 0.707107 -0.000000 -0.500000 0.866025 -0.000000 -0.500000 0.866025 -0.000000 -0.258819 0.965926 -0.000000 -0.258819 0.965926 -0.000000 -0.000000 1.000000 -0.000000 -0.000000 1.000000 -0.000000 0.258819 0.965926 -0.000000 0.258819 0.965926 -0.000000 0.500000 0.866025 -0.000000 0.500000 0.866025 -0.000000 0.707107 0.707107 -0.000000 0.707107 0.707107 -0.000000 0.866025 0.500000 -0.000000 0.866025 0.500000 -0.000000 0.965926 0.258819 -0.000000 0.965926 0.258819 -0.000000 1.000000 -0.000000 -0.000000 1.000000 -0.000000 -0.000000 0.965926 -0.258819 -0.000000 0.965926 -0.258819 -0.000000 0.866025 -0.500000 -0.000000 0.866025 -0.500000 -0.000000 0.707107 -0.707107 -0.000000 0.707107 -0.707107 -0.000000 0.500000 -0.866025 -0.000000 0.500000 -0.866025 -1.000000 0.000000 0.000000 -1.000000 0.000000 0.000000 -1.000000 0.000000 0.000000 -1.000000 0.000000 0.000000 -1.000000 0.000000 0.000000 -1.000000 0.000000 0.000000 -1.000000 0.000000 0.000000 -1.000000 0.000000 0.000000 -1.000000 0.000000 0.000000 -1.000000 0.000000 0.000000 -1.000000 0.000000 0.000000 -1.000000 0.000000 0.000000 -1.000000 0.000000 0.000000 -1.000000 0.000000 0.000000 -1.000000 0.000000 0.000000 -1.000000 0.000000 0.000000 -1.000000 0.000000 0.000000 -1.000000 0.000000 0.000000 -1.000000 0.000000 0.000000 -1.000000 0.000000 0.000000 -1.000000 0.000000 0.000000 -1.000000 0.000000 0.000000 -1.000000 0.000000 0.000000 -1.000000 0.000000 0.000000 -0.000000 0.258819 -0.965926 -0.000000 0.258819 -0.965926 -0.000000 0.000000 -1.000000 -0.000000 0.000000 -1.000000 -0.000000 -0.258819 -0.965926 -0.000000 -0.258819 -0.965926 -0.000000 -0.500000 -0.866025 -0.000000 -0.500000 -0.866025 -0.000000 -0.707107 -0.707107 -0.000000 -0.707107 -0.707107 -0.000000 -0.866025 -0.500000 -0.000000 -0.866025 -0.500000 -0.000000 -0.965926 -0.258819 -0.000000 -0.965926 -0.258819 -0.000000 -1.000000 -0.000000 -0.000000 -1.000000 -0.000000 -0.000000 -0.965926 0.258819 -0.000000 -0.965926 0.258819 -0.000000 -0.866025 0.500000 -0.000000 -0.866025 0.500000 -0.000000 -0.707107 0.707107 -0.000000 -0.707107 0.707107 -0.000000 -0.500000 0.866025 -0.000000 -0.500000 0.866025 -0.000000 -0.258819 0.965926 -0.000000 -0.258819 0.965926 -0.000000 -0.000000 1.000000 -0.000000 -0.000000 1.000000 -0.000000 0.258819 0.965926 -0.000000 0.258819 0.965926 -0.000000 0.500000 0.866025 -0.000000 0.500000 0.866025 -0.000000 0.707107 0.707107 -0.000000 0.707107 0.707107 -0.000000 0.866025 0.500000 -0.000000 0.866025 0.500000 -0.000000 0.965926 0.258819 -0.000000 0.965926 0.258819 -0.000000 1.000000 -0.000000 -0.000000 1.000000 -0.000000 -0.000000 0.965926 -0.258819 -0.000000 0.965926 -0.258819 -0.000000 0.866025 -0.500000 -0.000000 0.866025 -0.500000 -0.000000 0.707107 -0.707107 -0.000000 0.707107 -0.707107 -0.000000 0.500000 -0.866025 -0.000000 0.500000 -0.866025 -1.000000 0.000000 0.000000 -1.000000 0.000000 0.000000 -1.000000 0.000000 0.000000 -1.000000 0.000000 0.000000 -1.000000 0.000000 0.000000 -1.000000 0.000000 0.000000 -1.000000 0.000000 0.000000 -1.000000 0.000000 0.000000 -1.000000 0.000000 0.000000 -1.000000 0.000000 0.000000 -1.000000 0.000000 0.000000 -1.000000 0.000000 0.000000 -1.000000 0.000000 0.000000 -1.000000 0.000000 0.000000 -1.000000 0.000000 0.000000 -1.000000 0.000000 0.000000 -1.000000 0.000000 0.000000 -1.000000 0.000000 0.000000 -1.000000 0.000000 0.000000 -1.000000 0.000000 0.000000 -1.000000 0.000000 0.000000 -1.000000 0.000000 0.000000 -1.000000 0.000000 0.000000 -1.000000 0.000000 0.000000 -0.000000 0.258819 -0.965926 -0.000000 0.258819 -0.965926 -0.000000 0.000000 -1.000000 -0.000000 0.000000 -1.000000 -0.000000 -0.258819 -0.965926 -0.000000 -0.258819 -0.965926 -0.000000 -0.500000 -0.866025 -0.000000 -0.500000 -0.866025 -0.000000 -0.707107 -0.707107 -0.000000 -0.707107 -0.707107 -0.000000 -0.866025 -0.500000 -0.000000 -0.866025 -0.500000 -0.000000 -0.965926 -0.258819 -0.000000 -0.965926 -0.258819 -0.000000 -1.000000 -0.000000 -0.000000 -1.000000 -0.000000 -0.000000 -0.965926 0.258819 -0.000000 -0.965926 0.258819 -0.000000 -0.866025 0.500000 -0.000000 -0.866025 0.500000 -0.000000 -0.707107 0.707107 -0.000000 -0.707107 0.707107 -0.000000 -0.500000 0.866025 -0.000000 -0.500000 0.866025 -0.000000 -0.258819 0.965926 -0.000000 -0.258819 0.965926 -0.000000 -0.000000 1.000000 -0.000000 -0.000000 1.000000 -0.000000 0.258819 0.965926 -0.000000 0.258819 0.965926 -0.000000 0.500000 0.866025 -0.000000 0.500000 0.866025 -0.000000 0.707107 0.707107 -0.000000 0.707107 0.707107 -0.000000 0.866025 0.500000 -0.000000 0.866025 0.500000 -0.000000 0.965926 0.258819 -0.000000 0.965926 0.258819 -0.000000 1.000000 0.000000 -0.000000 1.000000 0.000000 -0.000000 0.965926 -0.258819 -0.000000 0.965926 -0.258819 -0.000000 0.866025 -0.500000 -0.000000 0.866025 -0.500000 -0.000000 0.707107 -0.707107 -0.000000 0.707107 -0.707107 -0.000000 0.500000 -0.866025 -0.000000 0.500000 -0.866025 -1.000000 0.000000 0.000000 -1.000000 0.000000 0.000000 -1.000000 0.000000 0.000000 -1.000000 0.000000 0.000000 -1.000000 0.000000 0.000000 -1.000000 0.000000 0.000000 -1.000000 0.000000 0.000000 -1.000000 0.000000 0.000000 -1.000000 0.000000 0.000000 -1.000000 0.000000 0.000000 -1.000000 0.000000 0.000000 -1.000000 0.000000 0.000000 -1.000000 0.000000 0.000000 -1.000000 0.000000 0.000000 -1.000000 0.000000 0.000000 -1.000000 0.000000 0.000000 -1.000000 0.000000 0.000000 -1.000000 0.000000 0.000000 -1.000000 0.000000 0.000000 -1.000000 0.000000 0.000000 -1.000000 0.000000 0.000000 -1.000000 0.000000 0.000000 -1.000000 0.000000 0.000000 -1.000000 0.000000 0.000000 -0.000000 0.258819 -0.965926 -0.000000 0.258819 -0.965926 -0.000000 0.000000 -1.000000 -0.000000 0.000000 -1.000000 -0.000000 -0.258819 -0.965926 -0.000000 -0.258819 -0.965926 -0.000000 -0.500000 -0.866025 -0.000000 -0.500000 -0.866025 -0.000000 -0.707107 -0.707107 -0.000000 -0.707107 -0.707107 -0.000000 -0.866025 -0.500000 -0.000000 -0.866025 -0.500000 -0.000000 -0.965926 -0.258819 -0.000000 -0.965926 -0.258819 -0.000000 -1.000000 -0.000000 -0.000000 -1.000000 -0.000000 -0.000000 -0.965926 0.258819 -0.000000 -0.965926 0.258819 -0.000000 -0.866025 0.500000 -0.000000 -0.866025 0.500000 -0.000000 -0.707107 0.707107 -0.000000 -0.707107 0.707107 -0.000000 -0.500000 0.866025 -0.000000 -0.500000 0.866025 -0.000000 -0.258819 0.965926 -0.000000 -0.258819 0.965926 -0.000000 -0.000000 1.000000 -0.000000 -0.000000 1.000000 -0.000000 0.258819 0.965926 -0.000000 0.258819 0.965926 -0.000000 0.500000 0.866025 -0.000000 0.500000 0.866025 -0.000000 0.707107 0.707107 -0.000000 0.707107 0.707107 -0.000000 0.866025 0.500000 -0.000000 0.866025 0.500000 -0.000000 0.965926 0.258819 -0.000000 0.965926 0.258819 -0.000000 1.000000 -0.000000 -0.000000 1.000000 -0.000000 -0.000000 0.965926 -0.258819 -0.000000 0.965926 -0.258819 -0.000000 0.866025 -0.500000 -0.000000 0.866025 -0.500000 -0.000000 0.707107 -0.707107 -0.000000 0.707107 -0.707107 -0.000000 0.500000 -0.866025 -0.000000 0.500000 -0.866025 -1.000000 0.000000 0.000000 -1.000000 0.000000 0.000000 -1.000000 0.000000 0.000000 -1.000000 0.000000 0.000000 -1.000000 0.000000 0.000000 -1.000000 0.000000 0.000000 -1.000000 0.000000 0.000000 -1.000000 0.000000 0.000000 -1.000000 0.000000 0.000000 -1.000000 0.000000 0.000000 -1.000000 0.000000 0.000000 -1.000000 0.000000 0.000000 -1.000000 0.000000 0.000000 -1.000000 0.000000 0.000000 -1.000000 0.000000 0.000000 -1.000000 0.000000 0.000000 -1.000000 0.000000 0.000000 -1.000000 0.000000 0.000000 -1.000000 0.000000 0.000000 -1.000000 0.000000 0.000000 -1.000000 0.000000 0.000000 -1.000000 0.000000 0.000000 -1.000000 0.000000 0.000000 -1.000000 0.000000 0.000000 -0.000000 0.258819 -0.965926 -0.000000 0.258819 -0.965926 -0.000000 0.000000 -1.000000 -0.000000 0.000000 -1.000000 -0.000000 -0.258819 -0.965926 -0.000000 -0.258819 -0.965926 -0.000000 -0.500000 -0.866025 -0.000000 -0.500000 -0.866025 -0.000000 -0.707107 -0.707107 -0.000000 -0.707107 -0.707107 -0.000000 -0.866025 -0.500000 -0.000000 -0.866025 -0.500000 -0.000000 -0.965926 -0.258819 -0.000000 -0.965926 -0.258819 -0.000000 -1.000000 -0.000000 -0.000000 -1.000000 -0.000000 -0.000000 -0.965926 0.258819 -0.000000 -0.965926 0.258819 -0.000000 -0.866025 0.500000 -0.000000 -0.866025 0.500000 -0.000000 -0.707107 0.707107 -0.000000 -0.707107 0.707107 -0.000000 -0.500000 0.866025 -0.000000 -0.500000 0.866025 -0.000000 -0.258819 0.965926 -0.000000 -0.258819 0.965926 -0.000000 -0.000000 1.000000 -0.000000 -0.000000 1.000000 -0.000000 0.258819 0.965926 -0.000000 0.258819 0.965926 -0.000000 0.500000 0.866025 -0.000000 0.500000 0.866025 -0.000000 0.707107 0.707107 -0.000000 0.707107 0.707107 -0.000000 0.866025 0.500000 -0.000000 0.866025 0.500000 -0.000000 0.965926 0.258819 -0.000000 0.965926 0.258819 -0.000000 1.000000 -0.000000 -0.000000 1.000000 -0.000000 -0.000000 0.965926 -0.258819 -0.000000 0.965926 -0.258819 -0.000000 0.866025 -0.500000 -0.000000 0.866025 -0.500000 -0.000000 0.707107 -0.707107 -0.000000 0.707107 -0.707107 -0.000000 0.500000 -0.866025 -0.000000 0.500000 -0.866025 -1.000000 0.000000 0.000000 -1.000000 0.000000 0.000000 -1.000000 0.000000 0.000000 -1.000000 0.000000 0.000000 -1.000000 0.000000 0.000000 -1.000000 0.000000 0.000000 -1.000000 0.000000 0.000000 -1.000000 0.000000 0.000000 -1.000000 0.000000 0.000000 -1.000000 0.000000 0.000000 -1.000000 0.000000 0.000000 -1.000000 0.000000 0.000000 -1.000000 0.000000 0.000000 -1.000000 0.000000 0.000000 -1.000000 0.000000 0.000000 -1.000000 0.000000 0.000000 -1.000000 0.000000 0.000000 -1.000000 0.000000 0.000000 -1.000000 0.000000 0.000000 -1.000000 0.000000 0.000000 -1.000000 0.000000 0.000000 -1.000000 0.000000 0.000000 -1.000000 0.000000 0.000000 -1.000000 0.000000 0.000000 -0.000000 0.258819 -0.965926 -0.000000 0.258819 -0.965926 -0.000000 0.000000 -1.000000 -0.000000 0.000000 -1.000000 -0.000000 -0.258819 -0.965926 -0.000000 -0.258819 -0.965926 -0.000000 -0.500000 -0.866025 -0.000000 -0.500000 -0.866025 -0.000000 -0.707107 -0.707107 -0.000000 -0.707107 -0.707107 -0.000000 -0.866025 -0.500000 -0.000000 -0.866025 -0.500000 -0.000000 -0.965926 -0.258819 -0.000000 -0.965926 -0.258819 -0.000000 -1.000000 -0.000000 -0.000000 -1.000000 -0.000000 -0.000000 -0.965926 0.258819 -0.000000 -0.965926 0.258819 -0.000000 -0.866025 0.500000 -0.000000 -0.866025 0.500000 -0.000000 -0.707107 0.707107 -0.000000 -0.707107 0.707107 -0.000000 -0.500000 0.866025 -0.000000 -0.500000 0.866025 -0.000000 -0.258819 0.965926 -0.000000 -0.258819 0.965926 -0.000000 -0.000000 1.000000 -0.000000 -0.000000 1.000000 -0.000000 0.258819 0.965926 -0.000000 0.258819 0.965926 -0.000000 0.500000 0.866025 -0.000000 0.500000 0.866025 -0.000000 0.707107 0.707107 -0.000000 0.707107 0.707107 -0.000000 0.866025 0.500000 -0.000000 0.866025 0.500000 -0.000000 0.965926 0.258819 -0.000000 0.965926 0.258819 -0.000000 1.000000 -0.000000 -0.000000 1.000000 -0.000000 -0.000000 0.965926 -0.258819 -0.000000 0.965926 -0.258819 -0.000000 0.866025 -0.500000 -0.000000 0.866025 -0.500000 -0.000000 0.707107 -0.707107 -0.000000 0.707107 -0.707107 -0.000000 0.500000 -0.866025 -0.000000 0.500000 -0.866025 -1.000000 0.000000 0.000000 -1.000000 0.000000 0.000000 -1.000000 0.000000 0.000000 -1.000000 0.000000 0.000000 -1.000000 0.000000 0.000000 -1.000000 0.000000 0.000000 -1.000000 0.000000 0.000000 -1.000000 0.000000 0.000000 -1.000000 0.000000 0.000000 -1.000000 0.000000 0.000000 -1.000000 0.000000 0.000000 -1.000000 0.000000 0.000000 -1.000000 0.000000 0.000000 -1.000000 0.000000 0.000000 -1.000000 0.000000 0.000000 -1.000000 0.000000 0.000000 -1.000000 0.000000 0.000000 -1.000000 0.000000 0.000000 -1.000000 0.000000 0.000000 -1.000000 0.000000 0.000000 -1.000000 0.000000 0.000000 -1.000000 0.000000 0.000000 -1.000000 0.000000 0.000000 -1.000000 0.000000 0.000000 -0.000000 0.258819 -0.965926 -0.000000 0.258819 -0.965926 -0.000000 0.000000 -1.000000 -0.000000 0.000000 -1.000000 -0.000000 -0.258819 -0.965926 -0.000000 -0.258819 -0.965926 -0.000000 -0.500000 -0.866025 -0.000000 -0.500000 -0.866025 -0.000000 -0.707107 -0.707107 -0.000000 -0.707107 -0.707107 -0.000000 -0.866025 -0.500000 -0.000000 -0.866025 -0.500000 -0.000000 -0.965926 -0.258819 -0.000000 -0.965926 -0.258819 -0.000000 -1.000000 -0.000000 -0.000000 -1.000000 -0.000000 -0.000000 -0.965926 0.258819 -0.000000 -0.965926 0.258819 -0.000000 -0.866025 0.500000 -0.000000 -0.866025 0.500000 -0.000000 -0.707107 0.707107 -0.000000 -0.707107 0.707107 -0.000000 -0.500000 0.866025 -0.000000 -0.500000 0.866025 -0.000000 -0.258819 0.965926 -0.000000 -0.258819 0.965926 -0.000000 -0.000000 1.000000 -0.000000 -0.000000 1.000000 -0.000000 0.258819 0.965926 -0.000000 0.258819 0.965926 -0.000000 0.500000 0.866025 -0.000000 0.500000 0.866025 -0.000000 0.707107 0.707107 -0.000000 0.707107 0.707107 -0.000000 0.866025 0.500000 -0.000000 0.866025 0.500000 -0.000000 0.965926 0.258819 -0.000000 0.965926 0.258819 -0.000000 1.000000 0.000000 -0.000000 1.000000 0.000000 -0.000000 0.965926 -0.258819 -0.000000 0.965926 -0.258819 -0.000000 0.866025 -0.500000 -0.000000 0.866025 -0.500000 -0.000000 0.707107 -0.707107 -0.000000 0.707107 -0.707107 -0.000000 0.500000 -0.866025 -0.000000 0.500000 -0.866025 -1.000000 0.000000 0.000000 -1.000000 0.000000 0.000000 -1.000000 0.000000 0.000000 -1.000000 0.000000 0.000000 -1.000000 0.000000 0.000000 -1.000000 0.000000 0.000000 -1.000000 0.000000 0.000000 -1.000000 0.000000 0.000000 -1.000000 0.000000 0.000000 -1.000000 0.000000 0.000000 -1.000000 0.000000 0.000000 -1.000000 0.000000 0.000000 -1.000000 0.000000 0.000000 -1.000000 0.000000 0.000000 -1.000000 0.000000 0.000000 -1.000000 0.000000 0.000000 -1.000000 0.000000 0.000000 -1.000000 0.000000 0.000000 -1.000000 0.000000 0.000000 -1.000000 0.000000 0.000000 -1.000000 0.000000 0.000000 -1.000000 0.000000 0.000000 -1.000000 0.000000 0.000000 -1.000000 0.000000 0.000000 1.000000 0.000000 0.000000 1.000000 0.000000 0.000000 1.000000 0.000000 0.000000 1.000000 0.000000 0.000000 1.000000 0.000000 0.000000 1.000000 0.000000 0.000000 1.000000 0.000000 0.000000 1.000000 0.000000 0.000000 1.000000 0.000000 0.000000 1.000000 0.000000 0.000000 1.000000 0.000000 0.000000 1.000000 0.000000 0.000000 1.000000 0.000000 0.000000 1.000000 0.000000 0.000000 1.000000 0.000000 0.000000 1.000000 0.000000 0.000000 1.000000 0.000000 0.000000 1.000000 0.000000 0.000000 1.000000 0.000000 0.000000 1.000000 0.000000 0.000000 1.000000 0.000000 0.000000 1.000000 0.000000 0.000000 1.000000 0.000000 0.000000 1.000000 0.000000 0.000000 1.000000 0.000000 0.000000 1.000000 0.000000 0.000000 1.000000 0.000000 0.000000 1.000000 0.000000 0.000000 1.000000 0.000000 0.000000 1.000000 0.000000 0.000000 1.000000 0.000000 0.000000 1.000000 0.000000 0.000000 1.000000 0.000000 0.000000 1.000000 0.000000 0.000000 1.000000 0.000000 0.000000 1.000000 0.000000 0.000000 1.000000 0.000000 0.000000 1.000000 0.000000 0.000000 1.000000 0.000000 0.000000 1.000000 0.000000 0.000000 1.000000 0.000000 0.000000 1.000000 0.000000 0.000000 1.000000 0.000000 0.000000 1.000000 0.000000 0.000000 1.000000 0.000000 0.000000 1.000000 0.000000 0.000000 1.000000 0.000000 0.000000 1.000000 0.000000 0.000000 1.000000 0.000000 0.000000 1.000000 0.000000 0.000000 1.000000 0.000000 0.000000 1.000000 0.000000 0.000000 1.000000 0.000000 0.000000 1.000000 0.000000 0.000000 1.000000 0.000000 0.000000 1.000000 0.000000 0.000000 1.000000 0.000000 0.000000 1.000000 0.000000 0.000000 1.000000 0.000000 0.000000 1.000000 0.000000 0.000000 1.000000 0.000000 0.000000 1.000000 0.000000 0.000000 1.000000 0.000000 0.000000 1.000000 0.000000 0.000000 1.000000 0.000000 0.000000 1.000000 0.000000 0.000000 1.000000 0.000000 0.000000 1.000000 0.000000 0.000000 1.000000 0.000000 0.000000 1.000000 0.000000 0.000000 1.000000 0.000000 0.000000 1.000000 0.000000 0.000000 1.000000 0.000000 0.000000 1.000000 0.000000 0.000000 1.000000 0.000000 0.000000 1.000000 0.000000 0.000000 1.000000 0.000000 0.000000 1.000000 0.000000 0.000000 1.000000 0.000000 0.000000 1.000000 0.000000 0.000000 1.000000 0.000000 0.000000 1.000000 0.000000 0.000000 1.000000 0.000000 0.000000 1.000000 0.000000 0.000000 1.000000 0.000000 0.000000 1.000000 0.000000 0.000000 1.000000 0.000000 0.000000 1.000000 0.000000 0.000000 1.000000 0.000000 0.000000 1.000000 0.000000 0.000000 1.000000 0.000000 0.000000 1.000000 0.000000 0.000000 1.000000 0.000000 0.000000 1.000000 0.000000 0.000000 1.000000 0.000000 0.000000 1.000000 0.000000 0.000000 1.000000 0.000000 0.000000 1.000000 0.000000 0.000000 1.000000 0.000000 0.000000 1.000000 0.000000 0.000000 1.000000 0.000000 0.000000 1.000000 0.000000 0.000000 1.000000 0.000000 0.000000 1.000000 0.000000 0.000000 1.000000 0.000000 0.000000 1.000000 0.000000 0.000000 1.000000 0.000000 0.000000 1.000000 0.000000 0.000000 1.000000 0.000000 0.000000 1.000000 0.000000 0.000000 1.000000 0.000000 0.000000 1.000000 0.000000 0.000000 1.000000 0.000000 0.000000 1.000000 0.000000 0.000000 1.000000 0.000000 0.000000 1.000000 0.000000 0.000000 1.000000 0.000000 0.000000 1.000000 0.000000 0.000000 1.000000 0.000000 0.000000 1.000000 0.000000 0.000000 1.000000 0.000000 0.000000 1.000000 0.000000 0.000000 1.000000 0.000000 0.000000 1.000000 0.000000 0.000000 1.000000 0.000000 0.000000 1.000000 0.000000 0.000000 1.000000 0.000000 0.000000 1.000000 0.000000 0.000000 1.000000 0.000000 0.000000 1.000000 0.000000 0.000000 1.000000 0.000000 0.000000 1.000000 0.000000 0.000000 1.000000 0.000000 0.000000 1.000000 0.000000 0.000000 1.000000 0.000000 0.000000 1.000000 0.000000 0.000000 1.000000 0.000000 0.000000 1.000000 0.000000 0.000000 1.000000 0.000000 0.000000 1.000000 0.000000 0.000000 1.000000 0.000000 0.000000 1.000000 0.000000 0.000000 1.000000 0.000000 0.000000 1.000000 0.000000 0.000000 1.000000 0.000000 0.000000 1.000000 0.000000 0.000000 1.000000 0.000000 0.000000 1.000000 0.000000 0.000000 1.000000 0.000000 0.000000 1.000000 0.000000 0.000000 1.000000 0.000000 0.000000 1.000000 0.000000 0.000000 1.000000 0.000000 0.000000 1.000000 0.000000 0.000000 1.000000 0.000000 0.000000 1.000000 0.000000 0.000000 1.000000 0.000000 0.000000 1.000000 0.000000 0.000000 1.000000 0.000000 0.000000 1.000000 0.000000 0.000000 1.000000 0.000000 0.000000 1.000000 0.000000 0.000000 1.000000 0.000000 0.000000 1.000000 0.000000 0.000000 1.000000 0.000000 0.000000 1.000000 0.000000 0.000000 1.000000 0.000000 0.000000 1.000000 0.000000 0.000000 1.000000 0.000000 0.000000 1.000000 0.000000 0.000000 1.000000 0.000000 0.000000 1.000000 0.000000 0.000000 1.000000 0.000000 0.000000 1.000000 0.000000 0.000000 1.000000 0.000000 0.000000 1.000000 0.000000 0.000000 1.000000 0.000000 0.000000 1.000000 0.000000 0.000000 1.000000 0.000000 0.000000 1.000000 0.000000 0.000000 1.000000 0.000000 0.000000 1.000000 0.000000 0.000000 1.000000 0.000000 0.000000 1.000000 0.000000 0.000000 1.000000 0.000000 0.000000 1.000000 0.000000 0.000000 1.000000 0.000000 0.000000 1.000000 0.000000 0.000000 1.000000 0.000000 0.000000 1.000000 0.000000 0.000000 1.000000 0.000000 0.000000 1.000000 0.000000 0.000000 1.000000 0.000000 0.000000 1.000000 0.000000 0.000000 1.000000 0.000000 0.000000 1.000000 0.000000 0.000000 1.000000 0.000000 0.000000 1.000000 0.000000 0.000000 1.000000 0.000000 0.000000 1.000000 0.000000 0.000000 1.000000 0.000000 0.000000 1.000000 0.000000 0.000000 1.000000 0.000000 0.000000 1.000000 0.000000 0.000000 1.000000 0.000000 0.000000 1.000000 0.000000 0.000000 1.000000 0.000000 0.000000 1.000000 0.000000 0.000000 1.000000 0.000000 0.000000 1.000000 0.000000 0.000000 1.000000 0.000000 0.000000 1.000000 0.000000 0.000000 1.000000 0.000000 0.000000 1.000000 0.000000 0.000000 1.000000 0.000000 0.000000 1.000000 0.000000 0.000000 1.000000 0.000000 0.000000 1.000000 0.000000 0.000000 1.000000 0.000000 0.000000 1.000000 0.000000 0.000000 1.000000 0.000000 0.000000 1.000000 0.000000 0.000000 1.000000 0.000000 0.000000 1.000000 0.000000 0.000000 1.000000 0.000000 0.000000 1.000000 0.000000 0.000000 1.000000 0.000000 0.000000 1.000000 0.000000 0.000000 1.000000 0.000000 0.000000 1.000000 0.000000 0.000000 1.000000 0.000000 0.000000 1.000000 0.000000 0.000000 1.000000 0.000000 0.000000 1.000000 0.000000 0.000000 1.000000 0.000000 0.000000 1.000000 0.000000 0.000000 1.000000 0.000000 0.000000 1.000000 0.000000 0.000000 1.000000 0.000000 0.000000 1.000000 0.000000 0.000000 1.000000 0.000000 0.000000 1.000000 0.000000 0.000000 1.000000 0.000000 0.000000 1.000000 0.000000 0.000000 1.000000 0.000000 0.000000 1.000000 0.000000 0.000000 1.000000 0.000000 0.000000 1.000000 0.000000 0.000000 1.000000 0.000000 0.000000 1.000000 0.000000 0.000000 1.000000 0.000000 0.000000 1.000000 0.000000 0.000000 1.000000 0.000000 0.000000 1.000000 0.000000 0.000000 1.000000 0.000000 0.000000 1.000000 0.000000 0.000000 1.000000 0.000000 0.000000 1.000000 0.000000 0.000000 1.000000 0.000000 0.000000 1.000000 0.000000 0.000000 1.000000 0.000000 0.000000 1.000000 0.000000 0.000000 1.000000 0.000000 0.000000 1.000000 0.000000 0.000000 1.000000 0.000000 0.000000 1.000000 0.000000 0.000000 1.000000 0.000000 0.000000 1.000000 0.000000 0.000000 1.000000 0.000000 0.000000 1.000000 0.000000 0.000000 1.000000 0.000000 0.000000 1.000000 0.000000 0.000000 1.000000 0.000000 0.000000 1.000000 0.000000 0.000000 1.000000 0.000000 0.000000 1.000000 0.000000 0.000000 1.000000 0.000000 0.000000 1.000000 0.000000 0.000000 1.000000 0.000000 0.000000 1.000000 0.000000 0.000000 1.000000 0.000000 0.000000 1.000000 0.000000 0.000000 1.000000 0.000000 0.000000 1.000000 0.000000 0.000000 1.000000 0.000000 0.000000 1.000000 0.000000 0.000000 1.000000 0.000000 0.000000 1.000000 0.000000 0.000000 1.000000 0.000000 0.000000 1.000000 0.000000 0.000000 1.000000 0.000000 0.000000 1.000000 0.000000 0.000000 1.000000 0.000000 0.000000 1.000000 0.000000 0.000000 1.000000 0.000000 0.000000 1.000000 0.000000 0.000000 1.000000 0.000000 0.000000 1.000000 0.000000 0.000000 1.000000 0.000000 0.000000 1.000000 0.000000 0.000000 1.000000 0.000000 0.000000 0.000000 0.106293 0.994335 0.000000 0.106293 0.994335 0.000000 -0.000000 1.000000 0.000000 -0.000000 1.000000 0.000000 -0.106293 0.994335 0.000000 -0.106293 0.994335 0.000000 -0.211383 0.977403 0.000000 0.211383 0.977403 0.000000 0.211383 0.977403 0.000000 0.314077 0.949398 0.000000 0.314077 0.949398 0.000000 0.413212 0.910635 0.000000 0.413212 0.910635 0.000000 0.507666 0.861554 0.000000 0.507666 0.861554 0.000000 0.596367 0.802712 0.000000 0.596367 0.802712 0.000000 0.678312 0.734774 0.000000 0.678312 0.734774 0.000000 0.752571 0.658511 0.000000 0.752571 0.658511 0.000000 0.818303 0.574787 0.000000 0.818303 0.574787 0.000000 0.874763 0.484551 0.000000 0.874763 0.484551 0.000000 0.921312 0.388824 0.000000 0.921312 0.388824 0.000000 0.957422 0.288692 0.000000 0.957422 0.288692 0.000000 0.982684 0.185289 0.000000 0.982684 0.185289 0.000000 0.996812 0.079786 0.000000 0.996812 0.079786 0.000000 0.999646 -0.026621 0.000000 0.999646 -0.026621 0.000000 0.991153 -0.132726 0.000000 0.991153 -0.132726 0.000000 0.971430 -0.237327 0.000000 0.971430 -0.237327 0.000000 0.940700 -0.339239 0.000000 0.940700 -0.339239 0.000000 0.899312 -0.437307 0.000000 0.899312 -0.437307 0.000000 0.847734 -0.530421 0.000000 0.847734 -0.530421 0.000000 0.786552 -0.617525 0.000000 0.786552 -0.617525 0.000000 0.716457 -0.697632 0.000000 0.716457 -0.697632 0.000000 0.638244 -0.769834 0.000000 0.638244 -0.769834 0.000000 0.552800 -0.833314 0.000000 0.552800 -0.833314 0.000000 0.461093 -0.887352 0.000000 0.461093 -0.887352 0.000000 0.364161 -0.931336 0.000000 0.364161 -0.931336 0.000000 0.263103 -0.964768 0.000000 0.263103 -0.964768 0.000000 0.159063 -0.987268 0.000000 0.159063 -0.987268 0.000000 0.053222 -0.998583 0.000000 0.053222 -0.998583 0.000000 -0.053222 -0.998583 0.000000 -0.053222 -0.998583 0.000000 -0.159063 -0.987268 0.000000 -0.159063 -0.987268 0.000000 -0.263103 -0.964768 0.000000 -0.263103 -0.964768 0.000000 -0.364161 -0.931336 0.000000 -0.364161 -0.931336 0.000000 -0.461093 -0.887352 0.000000 -0.461093 -0.887352 0.000000 -0.552800 -0.833314 0.000000 -0.552800 -0.833314 0.000000 -0.638244 -0.769834 0.000000 -0.638244 -0.769834 0.000000 -0.716457 -0.697632 0.000000 -0.716457 -0.697632 0.000000 -0.786552 -0.617525 0.000000 -0.786552 -0.617525 0.000000 -0.847734 -0.530421 0.000000 -0.847734 -0.530421 0.000000 -0.899312 -0.437307 0.000000 -0.899312 -0.437307 0.000000 -0.940700 -0.339239 0.000000 -0.940700 -0.339239 0.000000 -0.971430 -0.237327 0.000000 -0.971430 -0.237327 0.000000 -0.991153 -0.132726 0.000000 -0.991153 -0.132726 0.000000 -0.999646 -0.026621 0.000000 -0.999646 -0.026621 0.000000 -0.996812 0.079786 0.000000 -0.996812 0.079786 0.000000 -0.982684 0.185289 0.000000 -0.982684 0.185289 0.000000 -0.957422 0.288692 0.000000 -0.957422 0.288692 0.000000 -0.921312 0.388824 0.000000 -0.921312 0.388824 0.000000 -0.874763 0.484551 0.000000 -0.874763 0.484551 0.000000 -0.818303 0.574787 0.000000 -0.818303 0.574787 0.000000 -0.752571 0.658511 0.000000 -0.752571 0.658511 0.000000 -0.678312 0.734774 0.000000 -0.678312 0.734774 0.000000 -0.596367 0.802712 0.000000 -0.596367 0.802712 0.000000 -0.507666 0.861554 0.000000 -0.507666 0.861554 0.000000 -0.413212 0.910635 0.000000 -0.413212 0.910635 0.000000 -0.314077 0.949398 0.000000 -0.314077 0.949398 0.000000 -0.211383 0.977403 0.000000 0.258819 0.965926 0.000000 0.258819 0.965926 0.000000 -0.000000 1.000000 0.000000 -0.000000 1.000000 0.000000 -0.258819 0.965926 0.000000 -0.258819 0.965926 0.000000 -0.500000 0.866025 0.000000 -0.500000 0.866025 0.000000 -0.707107 0.707107 0.000000 -0.707107 0.707107 0.000000 -0.866025 0.500000 0.000000 -0.866025 0.500000 0.000000 -0.965926 0.258819 0.000000 -0.965926 0.258819 0.000000 -1.000000 0.000000 0.000000 -1.000000 0.000000 0.000000 -0.965926 -0.258819 0.000000 -0.965926 -0.258819 0.000000 -0.866025 -0.500000 0.000000 -0.866025 -0.500000 0.000000 -0.707107 -0.707107 0.000000 -0.707107 -0.707107 0.000000 -0.500000 -0.866025 0.000000 -0.500000 -0.866025 0.000000 -0.258819 -0.965926 0.000000 -0.258819 -0.965926 0.000000 -0.000000 -1.000000 0.000000 -0.000000 -1.000000 0.000000 0.258819 -0.965926 0.000000 0.258819 -0.965926 0.000000 0.500000 -0.866025 0.000000 0.500000 -0.866025 0.000000 0.707107 -0.707107 0.000000 0.707107 -0.707107 0.000000 0.866025 -0.500000 0.000000 0.866025 -0.500000 0.000000 0.965926 -0.258819 0.000000 0.965926 -0.258819 0.000000 1.000000 0.000000 0.000000 1.000000 0.000000 0.000000 0.965926 0.258819 0.000000 0.965926 0.258819 0.000000 0.866025 0.500000 0.000000 0.866025 0.500000 0.000000 0.707107 0.707107 0.000000 0.707107 0.707107 0.000000 0.500000 0.866025 0.000000 0.500000 0.866025 1.000000 0.000000 0.000000 1.000000 0.000000 0.000000 1.000000 0.000000 0.000000 1.000000 0.000000 0.000000 1.000000 0.000000 0.000000 1.000000 0.000000 0.000000 1.000000 0.000000 0.000000 1.000000 0.000000 0.000000 1.000000 0.000000 0.000000 1.000000 0.000000 0.000000 1.000000 0.000000 0.000000 1.000000 0.000000 0.000000 1.000000 0.000000 0.000000 1.000000 0.000000 0.000000 1.000000 0.000000 0.000000 1.000000 0.000000 0.000000 1.000000 0.000000 0.000000 1.000000 0.000000 0.000000 1.000000 0.000000 0.000000 1.000000 0.000000 0.000000 1.000000 0.000000 0.000000 1.000000 0.000000 0.000000 1.000000 0.000000 0.000000 1.000000 0.000000 0.000000 0.000000 0.258819 0.965926 0.000000 0.258819 0.965926 0.000000 -0.000000 1.000000 0.000000 -0.000000 1.000000 0.000000 -0.258819 0.965926 0.000000 -0.258819 0.965926 0.000000 -0.500000 0.866025 0.000000 -0.500000 0.866025 0.000000 -0.707107 0.707107 0.000000 -0.707107 0.707107 0.000000 -0.866025 0.500000 0.000000 -0.866025 0.500000 0.000000 -0.965926 0.258819 0.000000 -0.965926 0.258819 0.000000 -1.000000 0.000000 0.000000 -1.000000 0.000000 0.000000 -0.965926 -0.258819 0.000000 -0.965926 -0.258819 0.000000 -0.866025 -0.500000 0.000000 -0.866025 -0.500000 0.000000 -0.707107 -0.707107 0.000000 -0.707107 -0.707107 0.000000 -0.500000 -0.866025 0.000000 -0.500000 -0.866025 0.000000 -0.258819 -0.965926 0.000000 -0.258819 -0.965926 0.000000 -0.000000 -1.000000 0.000000 -0.000000 -1.000000 0.000000 0.258819 -0.965926 0.000000 0.258819 -0.965926 0.000000 0.500000 -0.866025 0.000000 0.500000 -0.866025 0.000000 0.707107 -0.707107 0.000000 0.707107 -0.707107 0.000000 0.866025 -0.500000 0.000000 0.866025 -0.500000 0.000000 0.965926 -0.258819 0.000000 0.965926 -0.258819 0.000000 1.000000 0.000000 0.000000 1.000000 0.000000 0.000000 0.965926 0.258819 0.000000 0.965926 0.258819 0.000000 0.866025 0.500000 0.000000 0.866025 0.500000 0.000000 0.707107 0.707107 0.000000 0.707107 0.707107 0.000000 0.500000 0.866025 0.000000 0.500000 0.866025 1.000000 0.000000 0.000000 1.000000 0.000000 0.000000 1.000000 0.000000 0.000000 1.000000 0.000000 0.000000 1.000000 0.000000 0.000000 1.000000 0.000000 0.000000 1.000000 0.000000 0.000000 1.000000 0.000000 0.000000 1.000000 0.000000 0.000000 1.000000 0.000000 0.000000 1.000000 0.000000 0.000000 1.000000 0.000000 0.000000 1.000000 0.000000 0.000000 1.000000 0.000000 0.000000 1.000000 0.000000 0.000000 1.000000 0.000000 0.000000 1.000000 0.000000 0.000000 1.000000 0.000000 0.000000 1.000000 0.000000 0.000000 1.000000 0.000000 0.000000 1.000000 0.000000 0.000000 1.000000 0.000000 0.000000 1.000000 0.000000 0.000000 1.000000 0.000000 0.000000 0.000000 0.258819 0.965926 0.000000 0.258819 0.965926 0.000000 -0.000000 1.000000 0.000000 -0.000000 1.000000 0.000000 -0.258819 0.965926 0.000000 -0.258819 0.965926 0.000000 -0.500000 0.866025 0.000000 -0.500000 0.866025 0.000000 -0.707107 0.707107 0.000000 -0.707107 0.707107 0.000000 -0.866025 0.500000 0.000000 -0.866025 0.500000 0.000000 -0.965926 0.258819 0.000000 -0.965926 0.258819 0.000000 -1.000000 0.000000 0.000000 -1.000000 0.000000 0.000000 -0.965926 -0.258819 0.000000 -0.965926 -0.258819 0.000000 -0.866025 -0.500000 0.000000 -0.866025 -0.500000 0.000000 -0.707107 -0.707107 0.000000 -0.707107 -0.707107 0.000000 -0.500000 -0.866025 0.000000 -0.500000 -0.866025 0.000000 -0.258819 -0.965926 0.000000 -0.258819 -0.965926 0.000000 -0.000000 -1.000000 0.000000 -0.000000 -1.000000 0.000000 0.258819 -0.965926 0.000000 0.258819 -0.965926 0.000000 0.500000 -0.866025 0.000000 0.500000 -0.866025 0.000000 0.707107 -0.707107 0.000000 0.707107 -0.707107 0.000000 0.866025 -0.500000 0.000000 0.866025 -0.500000 0.000000 0.965926 -0.258819 0.000000 0.965926 -0.258819 0.000000 1.000000 0.000000 0.000000 1.000000 0.000000 0.000000 0.965926 0.258819 0.000000 0.965926 0.258819 0.000000 0.866025 0.500000 0.000000 0.866025 0.500000 0.000000 0.707107 0.707107 0.000000 0.707107 0.707107 0.000000 0.500000 0.866025 0.000000 0.500000 0.866025 1.000000 0.000000 0.000000 1.000000 0.000000 0.000000 1.000000 0.000000 0.000000 1.000000 0.000000 0.000000 1.000000 0.000000 0.000000 1.000000 0.000000 0.000000 1.000000 0.000000 0.000000 1.000000 0.000000 0.000000 1.000000 0.000000 0.000000 1.000000 0.000000 0.000000 1.000000 0.000000 0.000000 1.000000 0.000000 0.000000 1.000000 0.000000 0.000000 1.000000 0.000000 0.000000 1.000000 0.000000 0.000000 1.000000 0.000000 0.000000 1.000000 0.000000 0.000000 1.000000 0.000000 0.000000 1.000000 0.000000 0.000000 1.000000 0.000000 0.000000 1.000000 0.000000 0.000000 1.000000 0.000000 0.000000 1.000000 0.000000 0.000000 1.000000 0.000000 0.000000 0.000000 0.258819 0.965926 0.000000 0.258819 0.965926 0.000000 -0.000000 1.000000 0.000000 -0.000000 1.000000 0.000000 -0.258819 0.965926 0.000000 -0.258819 0.965926 0.000000 -0.500000 0.866025 0.000000 -0.500000 0.866025 0.000000 -0.707107 0.707107 0.000000 -0.707107 0.707107 0.000000 -0.866025 0.500000 0.000000 -0.866025 0.500000 0.000000 -0.965926 0.258819 0.000000 -0.965926 0.258819 0.000000 -1.000000 0.000000 0.000000 -1.000000 0.000000 0.000000 -0.965926 -0.258819 0.000000 -0.965926 -0.258819 0.000000 -0.866025 -0.500000 0.000000 -0.866025 -0.500000 0.000000 -0.707107 -0.707107 0.000000 -0.707107 -0.707107 0.000000 -0.500000 -0.866025 0.000000 -0.500000 -0.866025 0.000000 -0.258819 -0.965926 0.000000 -0.258819 -0.965926 0.000000 -0.000000 -1.000000 0.000000 -0.000000 -1.000000 0.000000 0.258819 -0.965926 0.000000 0.258819 -0.965926 0.000000 0.500000 -0.866025 0.000000 0.500000 -0.866025 0.000000 0.707107 -0.707107 0.000000 0.707107 -0.707107 0.000000 0.866025 -0.500000 0.000000 0.866025 -0.500000 0.000000 0.965926 -0.258819 0.000000 0.965926 -0.258819 0.000000 1.000000 -0.000000 0.000000 1.000000 -0.000000 0.000000 0.965926 0.258819 0.000000 0.965926 0.258819 0.000000 0.866025 0.500000 0.000000 0.866025 0.500000 0.000000 0.707107 0.707107 0.000000 0.707107 0.707107 0.000000 0.500000 0.866025 0.000000 0.500000 0.866025 1.000000 0.000000 0.000000 1.000000 0.000000 0.000000 1.000000 0.000000 0.000000 1.000000 0.000000 0.000000 1.000000 0.000000 0.000000 1.000000 0.000000 0.000000 1.000000 0.000000 0.000000 1.000000 0.000000 0.000000 1.000000 0.000000 0.000000 1.000000 0.000000 0.000000 1.000000 0.000000 0.000000 1.000000 0.000000 0.000000 1.000000 0.000000 0.000000 1.000000 0.000000 0.000000 1.000000 0.000000 0.000000 1.000000 0.000000 0.000000 1.000000 0.000000 0.000000 1.000000 0.000000 0.000000 1.000000 0.000000 0.000000 1.000000 0.000000 0.000000 1.000000 0.000000 0.000000 1.000000 0.000000 0.000000 1.000000 0.000000 0.000000 1.000000 0.000000 0.000000 0.000000 0.258819 0.965926 0.000000 0.258819 0.965926 0.000000 -0.000000 1.000000 0.000000 -0.000000 1.000000 0.000000 -0.258819 0.965926 0.000000 -0.258819 0.965926 0.000000 -0.500000 0.866025 0.000000 -0.500000 0.866025 0.000000 -0.707107 0.707107 0.000000 -0.707107 0.707107 0.000000 -0.866025 0.500000 0.000000 -0.866025 0.500000 0.000000 -0.965926 0.258819 0.000000 -0.965926 0.258819 0.000000 -1.000000 0.000000 0.000000 -1.000000 0.000000 0.000000 -0.965926 -0.258819 0.000000 -0.965926 -0.258819 0.000000 -0.866025 -0.500000 0.000000 -0.866025 -0.500000 0.000000 -0.707107 -0.707107 0.000000 -0.707107 -0.707107 0.000000 -0.500000 -0.866025 0.000000 -0.500000 -0.866025 0.000000 -0.258819 -0.965926 0.000000 -0.258819 -0.965926 0.000000 -0.000000 -1.000000 0.000000 -0.000000 -1.000000 0.000000 0.258819 -0.965926 0.000000 0.258819 -0.965926 0.000000 0.500000 -0.866025 0.000000 0.500000 -0.866025 0.000000 0.707107 -0.707107 0.000000 0.707107 -0.707107 0.000000 0.866025 -0.500000 0.000000 0.866025 -0.500000 0.000000 0.965926 -0.258819 0.000000 0.965926 -0.258819 0.000000 1.000000 0.000000 0.000000 1.000000 0.000000 0.000000 0.965926 0.258819 0.000000 0.965926 0.258819 0.000000 0.866025 0.500000 0.000000 0.866025 0.500000 0.000000 0.707107 0.707107 0.000000 0.707107 0.707107 0.000000 0.500000 0.866025 0.000000 0.500000 0.866025 1.000000 0.000000 0.000000 1.000000 0.000000 0.000000 1.000000 0.000000 0.000000 1.000000 0.000000 0.000000 1.000000 0.000000 0.000000 1.000000 0.000000 0.000000 1.000000 0.000000 0.000000 1.000000 0.000000 0.000000 1.000000 0.000000 0.000000 1.000000 0.000000 0.000000 1.000000 0.000000 0.000000 1.000000 0.000000 0.000000 1.000000 0.000000 0.000000 1.000000 0.000000 0.000000 1.000000 0.000000 0.000000 1.000000 0.000000 0.000000 1.000000 0.000000 0.000000 1.000000 0.000000 0.000000 1.000000 0.000000 0.000000 1.000000 0.000000 0.000000 1.000000 0.000000 0.000000 1.000000 0.000000 0.000000 1.000000 0.000000 0.000000 1.000000 0.000000 0.000000 0.000000 0.258819 0.965926 0.000000 0.258819 0.965926 0.000000 -0.000000 1.000000 0.000000 -0.000000 1.000000 0.000000 -0.258819 0.965926 0.000000 -0.258819 0.965926 0.000000 -0.500000 0.866025 0.000000 -0.500000 0.866025 0.000000 -0.707107 0.707107 0.000000 -0.707107 0.707107 0.000000 -0.866025 0.500000 0.000000 -0.866025 0.500000 0.000000 -0.965926 0.258819 0.000000 -0.965926 0.258819 0.000000 -1.000000 0.000000 0.000000 -1.000000 0.000000 0.000000 -0.965926 -0.258819 0.000000 -0.965926 -0.258819 0.000000 -0.866025 -0.500000 0.000000 -0.866025 -0.500000 0.000000 -0.707107 -0.707107 0.000000 -0.707107 -0.707107 0.000000 -0.500000 -0.866025 0.000000 -0.500000 -0.866025 0.000000 -0.258819 -0.965926 0.000000 -0.258819 -0.965926 0.000000 -0.000000 -1.000000 0.000000 -0.000000 -1.000000 0.000000 0.258819 -0.965926 0.000000 0.258819 -0.965926 0.000000 0.500000 -0.866025 0.000000 0.500000 -0.866025 0.000000 0.707107 -0.707107 0.000000 0.707107 -0.707107 0.000000 0.866025 -0.500000 0.000000 0.866025 -0.500000 0.000000 0.965926 -0.258819 0.000000 0.965926 -0.258819 0.000000 1.000000 0.000000 0.000000 1.000000 0.000000 0.000000 0.965926 0.258819 0.000000 0.965926 0.258819 0.000000 0.866025 0.500000 0.000000 0.866025 0.500000 0.000000 0.707107 0.707107 0.000000 0.707107 0.707107 0.000000 0.500000 0.866025 0.000000 0.500000 0.866025 1.000000 0.000000 0.000000 1.000000 0.000000 0.000000 1.000000 0.000000 0.000000 1.000000 0.000000 0.000000 1.000000 0.000000 0.000000 1.000000 0.000000 0.000000 1.000000 0.000000 0.000000 1.000000 0.000000 0.000000 1.000000 0.000000 0.000000 1.000000 0.000000 0.000000 1.000000 0.000000 0.000000 1.000000 0.000000 0.000000 1.000000 0.000000 0.000000 1.000000 0.000000 0.000000 1.000000 0.000000 0.000000 1.000000 0.000000 0.000000 1.000000 0.000000 0.000000 1.000000 0.000000 0.000000 1.000000 0.000000 0.000000 1.000000 0.000000 0.000000 1.000000 0.000000 0.000000 1.000000 0.000000 0.000000 1.000000 0.000000 0.000000 1.000000 0.000000 0.000000 0.000000 0.258819 0.965926 0.000000 0.258819 0.965926 0.000000 -0.000000 1.000000 0.000000 -0.000000 1.000000 0.000000 -0.258819 0.965926 0.000000 -0.258819 0.965926 0.000000 -0.500000 0.866025 0.000000 -0.500000 0.866025 0.000000 -0.707107 0.707107 0.000000 -0.707107 0.707107 0.000000 -0.866025 0.500000 0.000000 -0.866025 0.500000 0.000000 -0.965926 0.258819 0.000000 -0.965926 0.258819 0.000000 -1.000000 0.000000 0.000000 -1.000000 0.000000 0.000000 -0.965926 -0.258819 0.000000 -0.965926 -0.258819 0.000000 -0.866025 -0.500000 0.000000 -0.866025 -0.500000 0.000000 -0.707107 -0.707107 0.000000 -0.707107 -0.707107 0.000000 -0.500000 -0.866025 0.000000 -0.500000 -0.866025 0.000000 -0.258819 -0.965926 0.000000 -0.258819 -0.965926 0.000000 -0.000000 -1.000000 0.000000 -0.000000 -1.000000 0.000000 0.258819 -0.965926 0.000000 0.258819 -0.965926 0.000000 0.500000 -0.866025 0.000000 0.500000 -0.866025 0.000000 0.707107 -0.707107 0.000000 0.707107 -0.707107 0.000000 0.866025 -0.500000 0.000000 0.866025 -0.500000 0.000000 0.965926 -0.258819 0.000000 0.965926 -0.258819 0.000000 1.000000 0.000000 0.000000 1.000000 0.000000 0.000000 0.965926 0.258819 0.000000 0.965926 0.258819 0.000000 0.866025 0.500000 0.000000 0.866025 0.500000 0.000000 0.707107 0.707107 0.000000 0.707107 0.707107 0.000000 0.500000 0.866025 0.000000 0.500000 0.866025 1.000000 0.000000 0.000000 1.000000 0.000000 0.000000 1.000000 0.000000 0.000000 1.000000 0.000000 0.000000 1.000000 0.000000 0.000000 1.000000 0.000000 0.000000 1.000000 0.000000 0.000000 1.000000 0.000000 0.000000 1.000000 0.000000 0.000000 1.000000 0.000000 0.000000 1.000000 0.000000 0.000000 1.000000 0.000000 0.000000 1.000000 0.000000 0.000000 1.000000 0.000000 0.000000 1.000000 0.000000 0.000000 1.000000 0.000000 0.000000 1.000000 0.000000 0.000000 1.000000 0.000000 0.000000 1.000000 0.000000 0.000000 1.000000 0.000000 0.000000 1.000000 0.000000 0.000000 1.000000 0.000000 0.000000 1.000000 0.000000 0.000000 1.000000 0.000000 0.000000 0.000000 0.258819 0.965926 0.000000 0.258819 0.965926 0.000000 -0.000000 1.000000 0.000000 -0.000000 1.000000 0.000000 -0.258819 0.965926 0.000000 -0.258819 0.965926 0.000000 -0.500000 0.866025 0.000000 -0.500000 0.866025 0.000000 -0.707107 0.707107 0.000000 -0.707107 0.707107 0.000000 -0.866025 0.500000 0.000000 -0.866025 0.500000 0.000000 -0.965926 0.258819 0.000000 -0.965926 0.258819 0.000000 -1.000000 0.000000 0.000000 -1.000000 0.000000 0.000000 -0.965926 -0.258819 0.000000 -0.965926 -0.258819 0.000000 -0.866025 -0.500000 0.000000 -0.866025 -0.500000 0.000000 -0.707107 -0.707107 0.000000 -0.707107 -0.707107 0.000000 -0.500000 -0.866025 0.000000 -0.500000 -0.866025 0.000000 -0.258819 -0.965926 0.000000 -0.258819 -0.965926 0.000000 -0.000000 -1.000000 0.000000 -0.000000 -1.000000 0.000000 0.258819 -0.965926 0.000000 0.258819 -0.965926 0.000000 0.500000 -0.866025 0.000000 0.500000 -0.866025 0.000000 0.707107 -0.707107 0.000000 0.707107 -0.707107 0.000000 0.866025 -0.500000 0.000000 0.866025 -0.500000 0.000000 0.965926 -0.258819 0.000000 0.965926 -0.258819 0.000000 1.000000 -0.000000 0.000000 1.000000 -0.000000 0.000000 0.965926 0.258819 0.000000 0.965926 0.258819 0.000000 0.866025 0.500000 0.000000 0.866025 0.500000 0.000000 0.707107 0.707107 0.000000 0.707107 0.707107 0.000000 0.500000 0.866025 0.000000 0.500000 0.866025 1.000000 0.000000 0.000000 1.000000 0.000000 0.000000 1.000000 0.000000 0.000000 1.000000 0.000000 0.000000 1.000000 0.000000 0.000000 1.000000 0.000000 0.000000 1.000000 0.000000 0.000000 1.000000 0.000000 0.000000 1.000000 0.000000 0.000000 1.000000 0.000000 0.000000 1.000000 0.000000 0.000000 1.000000 0.000000 0.000000 1.000000 0.000000 0.000000 1.000000 0.000000 0.000000 1.000000 0.000000 0.000000 1.000000 0.000000 0.000000 1.000000 0.000000 0.000000 1.000000 0.000000 0.000000 1.000000 0.000000 0.000000 1.000000 0.000000 0.000000 1.000000 0.000000 0.000000 1.000000 0.000000 0.000000 1.000000 0.000000 0.000000 1.000000 0.000000 0.000000 1.000000 0.000000 0.000000 1.000000 0.000000 0.000000 1.000000 0.000000 0.000000 1.000000 0.000000 0.000000 1.000000 0.000000 0.000000 1.000000 0.000000 0.000000 1.000000 0.000000 0.000000 1.000000 0.000000 0.000000 1.000000 0.000000 0.000000 1.000000 0.000000 0.000000 1.000000 0.000000 0.000000 1.000000 0.000000 0.000000 1.000000 0.000000 0.000000 1.000000 0.000000 0.000000 1.000000 0.000000 0.000000 1.000000 0.000000 0.000000 1.000000 0.000000 0.000000 1.000000 0.000000 0.000000 1.000000 0.000000 0.000000 1.000000 0.000000 0.000000 1.000000 0.000000 0.000000 1.000000 0.000000 0.000000 1.000000 0.000000 0.000000 1.000000 0.000000 0.000000 1.000000 0.000000 0.000000 1.000000 0.000000 0.000000 1.000000 0.000000 0.000000 1.000000 0.000000 0.000000 1.000000 0.000000 0.000000 1.000000 0.000000 0.000000 1.000000 0.000000 0.000000 1.000000 0.000000 0.000000 1.000000 0.000000 0.000000 1.000000 0.000000 0.000000 1.000000 0.000000 0.000000 1.000000 0.000000 0.000000 1.000000 0.000000 0.000000 1.000000 0.000000 0.000000 1.000000 0.000000 0.000000 1.000000 0.000000 0.000000 1.000000 0.000000 0.000000 1.000000 0.000000 0.000000 1.000000 0.000000 0.000000 1.000000 0.000000 0.000000 1.000000 0.000000 0.000000 1.000000 0.000000 0.000000 1.000000 0.000000 0.000000 1.000000 0.000000 0.000000 1.000000 0.000000 0.000000 1.000000 0.000000 0.000000 1.000000 0.000000 0.000000 1.000000 0.000000 0.000000 1.000000 0.000000 0.000000 1.000000 0.000000 0.000000 1.000000 0.000000 0.000000 1.000000 0.000000 0.000000 1.000000 0.000000 0.000000 1.000000 0.000000 0.000000 1.000000 0.000000 0.000000 1.000000 0.000000 0.000000 1.000000 0.000000 0.000000 1.000000 0.000000 0.000000 1.000000 0.000000 0.000000 1.000000 0.000000 0.000000 1.000000 0.000000 0.000000 1.000000 0.000000 0.000000 1.000000 0.000000 0.000000 1.000000 0.000000 0.000000 1.000000 0.000000 0.000000 1.000000 0.000000 0.000000 1.000000 0.000000 0.000000 1.000000 0.000000 0.000000 1.000000 0.000000 0.000000 1.000000 0.000000 0.000000 1.000000 0.000000 0.000000 1.000000 0.000000 0.000000 1.000000 0.000000 0.000000 1.000000 0.000000 0.000000 1.000000 0.000000 0.000000 1.000000 0.000000 0.000000 1.000000 0.000000 0.000000 1.000000 0.000000 0.000000 1.000000 0.000000 0.000000 1.000000 0.000000 0.000000 1.000000 0.000000 0.000000 1.000000 0.000000 0.000000 1.000000 0.000000 0.000000 1.000000 0.000000 0.000000 1.000000 0.000000 0.000000 1.000000 0.000000 0.000000 1.000000 0.000000 0.000000 1.000000 0.000000 0.000000 1.000000 0.000000 0.000000 1.000000 0.000000 0.000000 1.000000 0.000000 0.000000 1.000000 0.000000 0.000000 1.000000 0.000000 0.000000 1.000000 0.000000 0.000000 1.000000 0.000000 0.000000 1.000000 0.000000 0.000000 1.000000 0.000000 0.000000 1.000000 0.000000 0.000000 1.000000 0.000000 0.000000 1.000000 0.000000 0.000000 1.000000 0.000000 0.000000 1.000000 0.000000 0.000000 1.000000 0.000000 0.000000 1.000000 0.000000 0.000000 1.000000 0.000000 0.000000 1.000000 0.000000 0.000000 1.000000 0.000000 0.000000 1.000000 0.000000 0.000000 1.000000 0.000000 0.000000 1.000000 0.000000 0.000000 1.000000 0.000000 0.000000 1.000000 0.000000 0.000000 1.000000 0.000000 0.000000 1.000000 0.000000 0.000000 1.000000 0.000000 0.000000 1.000000 0.000000 0.000000 1.000000 0.000000 0.000000 1.000000 0.000000 0.000000 1.000000 0.000000 0.000000 1.000000 0.000000 0.000000 1.000000 0.000000 0.000000 1.000000 0.000000 0.000000 1.000000 0.000000 0.000000 1.000000 0.000000 0.000000 1.000000 0.000000 0.000000 1.000000 0.000000 0.000000 1.000000 0.000000 0.000000 1.000000 0.000000 0.000000 1.000000 0.000000 0.000000 1.000000 0.000000 0.000000 1.000000 0.000000 0.000000 1.000000 0.000000 0.000000 1.000000 0.000000 0.000000 1.000000 0.000000 0.000000 1.000000 0.000000 0.000000 1.000000 0.000000 0.000000 1.000000 0.000000 0.000000 1.000000 0.000000 0.000000 1.000000 0.000000 0.000000 1.000000 0.000000 0.000000 1.000000 0.000000 0.000000 1.000000 0.000000 0.000000 1.000000 0.000000 0.000000 1.000000 0.000000 0.000000 1.000000 0.000000 0.000000 1.000000 0.000000 0.000000 1.000000 0.000000 0.000000 1.000000 0.000000 0.000000 1.000000 0.000000 0.000000 1.000000 0.000000 0.000000 1.000000 0.000000 0.000000 1.000000 0.000000 0.000000 1.000000 0.000000 0.000000 1.000000 0.000000 0.000000 1.000000 0.000000 0.000000 1.000000 0.000000 0.000000 1.000000 0.000000 0.000000 1.000000 0.000000 0.000000 1.000000 0.000000 0.000000 1.000000 0.000000 0.000000 1.000000 0.000000 0.000000 1.000000 0.000000 0.000000 1.000000 0.000000 0.000000 1.000000 0.000000 0.000000 1.000000 0.000000 0.000000 1.000000 0.000000 0.000000 1.000000 0.000000 0.000000 1.000000 0.000000 0.000000 1.000000 0.000000 0.000000 1.000000 0.000000 0.000000 1.000000 0.000000 0.000000 1.000000 0.000000 0.000000 1.000000 0.000000 0.000000 1.000000 0.000000 0.000000 1.000000 0.000000 0.000000 1.000000 0.000000 0.000000 1.000000 0.000000 0.000000 1.000000 0.000000 0.000000 1.000000 0.000000 0.000000 1.000000 0.000000 0.000000 1.000000 0.000000 0.000000 1.000000 0.000000 0.000000 1.000000 0.000000 0.000000 1.000000 0.000000 0.000000 1.000000 0.000000 0.000000 1.000000 0.000000 0.000000 1.000000 0.000000 0.000000 1.000000 0.000000 0.000000 1.000000 0.000000 0.000000 1.000000 0.000000 0.000000 1.000000 0.000000 0.000000 1.000000 0.000000 0.000000 1.000000 0.000000 0.000000 1.000000 0.000000 0.000000 1.000000 0.000000 0.000000 1.000000 0.000000 0.000000 1.000000 0.000000 0.000000 1.000000 0.000000 0.000000 1.000000 0.000000 0.000000 1.000000 0.000000 0.000000 1.000000 0.000000 0.000000 1.000000 0.000000 0.000000 1.000000 0.000000 0.000000 1.000000 0.000000 0.000000 1.000000 0.000000 0.000000 1.000000 0.000000 0.000000 1.000000 0.000000 0.000000 1.000000 0.000000 0.000000 1.000000 0.000000 0.000000 1.000000 0.000000 0.000000 1.000000 0.000000 0.000000 1.000000 0.000000 0.000000 1.000000 0.000000 0.000000 1.000000 0.000000 0.000000 1.000000 0.000000 0.000000 1.000000 0.000000 0.000000 1.000000 0.000000 0.000000 1.000000 0.000000 0.000000 1.000000 0.000000 0.000000 1.000000 0.000000 0.000000 1.000000 0.000000 0.000000 1.000000 0.000000 0.000000 1.000000 0.000000 0.000000 1.000000 0.000000 0.000000 1.000000 0.000000 0.000000 1.000000 0.000000 0.000000 1.000000 0.000000 0.000000 1.000000 0.000000 0.000000 1.000000 0.000000 0.000000 1.000000 0.000000 0.000000 1.000000 0.000000 0.000000 1.000000 0.000000 0.000000 1.000000 0.000000 0.000000 1.000000 0.000000 0.000000 1.000000 0.000000 0.000000 1.000000 0.000000 0.000000 1.000000 0.000000 0.000000 1.000000 0.000000 0.000000 1.000000 0.000000 0.000000 1.000000 0.000000 0.000000 1.000000 0.000000 0.000000 1.000000 0.000000 0.000000 1.000000 0.000000 0.000000 1.000000 0.000000 0.000000 1.000000 0.000000 0.000000 1.000000 0.000000 0.000000 1.000000 0.000000 0.000000 1.000000 0.000000 0.000000 1.000000 0.000000 0.000000 1.000000 0.000000 0.000000 1.000000 0.000000 0.000000 1.000000 0.000000 0.000000 1.000000 0.000000 0.000000 1.000000 0.000000 0.000000 1.000000 0.000000 0.000000 1.000000 0.000000 0.000000 1.000000 0.000000 0.000000 1.000000 0.000000 0.000000 1.000000 0.000000 0.000000 1.000000 0.000000 0.000000 1.000000 0.000000 0.000000 1.000000 0.000000 0.000000 1.000000 0.000000 0.000000 1.000000 0.000000 0.000000 1.000000 0.000000 0.000000 1.000000 0.000000 0.000000 1.000000 0.000000 0.000000 1.000000 0.000000 0.000000 1.000000 0.000000 0.000000 1.000000 0.000000 0.000000 1.000000 0.000000 0.000000 1.000000 0.000000 0.000000 1.000000 0.000000 0.000000 1.000000 0.000000 0.000000 1.000000 0.000000 0.000000 1.000000 0.000000 0.000000 1.000000 0.000000 0.000000 1.000000 0.000000 0.000000 0.000000 0.133287 0.991077 0.000000 -0.000000 1.000000 0.000000 -0.000000 1.000000 0.000000 -0.133287 0.991077 0.000000 -0.133287 0.991077 0.000000 -0.264195 0.964469 0.000000 -0.264195 0.964469 0.000000 -0.390389 0.920650 0.000000 -0.390389 0.920650 0.000000 -0.509617 0.860402 0.000000 -0.509617 0.860402 0.000000 -0.619750 0.784799 0.000000 -0.619750 0.784799 0.000000 -0.718824 0.695192 0.000000 -0.718824 0.695192 0.000000 -0.805070 0.593180 0.000000 -0.805070 0.593180 0.000000 -0.876950 0.480582 0.000000 -0.876950 0.480582 0.000000 -0.933181 0.359408 0.000000 -0.933181 0.359408 0.000000 -0.972759 0.231820 0.000000 -0.972759 0.231820 0.000000 -0.994978 0.100096 0.000000 -0.994978 0.100096 0.000000 -0.999442 -0.033415 0.000000 -0.999442 -0.033415 0.000000 -0.986070 -0.166329 0.000000 -0.986070 -0.166329 0.000000 -0.955102 -0.296276 0.000000 -0.955102 -0.296276 0.000000 -0.907091 -0.420935 0.000000 -0.907091 -0.420935 0.000000 -0.842892 -0.538082 0.000000 -0.842892 -0.538082 0.000000 -0.763652 -0.645628 0.000000 -0.763652 -0.645628 0.000000 -0.670785 -0.741652 0.000000 -0.670785 -0.741652 0.000000 -0.565947 -0.824442 0.000000 -0.565947 -0.824442 0.000000 -0.451010 -0.892519 0.000000 -0.451010 -0.892519 0.000000 -0.328025 -0.944669 0.000000 -0.328025 -0.944669 0.000000 -0.199186 -0.979962 0.000000 -0.199186 -0.979962 0.000000 -0.066793 -0.997767 0.000000 -0.066793 -0.997767 0.000000 0.066793 -0.997767 0.000000 0.066793 -0.997767 0.000000 0.199186 -0.979962 0.000000 0.199186 -0.979962 0.000000 0.328025 -0.944669 0.000000 0.328025 -0.944669 0.000000 0.451010 -0.892519 0.000000 0.451010 -0.892519 0.000000 0.565947 -0.824442 0.000000 0.565947 -0.824442 0.000000 0.670785 -0.741652 0.000000 0.670785 -0.741652 0.000000 0.763652 -0.645628 0.000000 0.763652 -0.645628 0.000000 0.842892 -0.538082 0.000000 0.842892 -0.538082 0.000000 0.907091 -0.420935 0.000000 0.907091 -0.420935 0.000000 0.955102 -0.296276 0.000000 0.955102 -0.296276 0.000000 0.986070 -0.166329 0.000000 0.986070 -0.166329 0.000000 0.999442 -0.033415 0.000000 0.999442 -0.033415 0.000000 0.994978 0.100096 0.000000 0.994978 0.100096 0.000000 0.972759 0.231820 0.000000 0.972759 0.231820 0.000000 0.933181 0.359408 0.000000 0.933181 0.359408 0.000000 0.876950 0.480582 0.000000 0.876950 0.480582 0.000000 0.805070 0.593180 0.000000 0.805070 0.593180 0.000000 0.718824 0.695192 0.000000 0.718824 0.695192 0.000000 0.619750 0.784799 0.000000 0.619750 0.784799 0.000000 0.509617 0.860402 0.000000 0.509617 0.860402 0.000000 0.390389 0.920650 0.000000 0.390389 0.920650 0.000000 0.264195 0.964469 0.000000 0.264195 0.964469 0.000000 0.133287 0.991077 0.000000 0.258819 0.965926 0.000000 0.258819 0.965926 0.000000 -0.000000 1.000000 0.000000 -0.000000 1.000000 0.000000 -0.258819 0.965926 0.000000 -0.258819 0.965926 0.000000 -0.500000 0.866025 0.000000 -0.500000 0.866025 0.000000 -0.707107 0.707107 0.000000 -0.707107 0.707107 0.000000 -0.866025 0.500000 0.000000 -0.866025 0.500000 0.000000 -0.965926 0.258819 0.000000 -0.965926 0.258819 0.000000 -1.000000 0.000000 0.000000 -1.000000 0.000000 0.000000 -0.965926 -0.258819 0.000000 -0.965926 -0.258819 0.000000 -0.866025 -0.500000 0.000000 -0.866025 -0.500000 0.000000 -0.707107 -0.707107 0.000000 -0.707107 -0.707107 0.000000 -0.500000 -0.866025 0.000000 -0.500000 -0.866025 0.000000 -0.258819 -0.965926 0.000000 -0.258819 -0.965926 0.000000 -0.000000 -1.000000 0.000000 -0.000000 -1.000000 0.000000 0.258819 -0.965926 0.000000 0.258819 -0.965926 0.000000 0.500000 -0.866025 0.000000 0.500000 -0.866025 0.000000 0.707107 -0.707107 0.000000 0.707107 -0.707107 0.000000 0.866025 -0.500000 0.000000 0.866025 -0.500000 0.000000 0.965926 -0.258819 0.000000 0.965926 -0.258819 0.000000 1.000000 0.000000 0.000000 1.000000 0.000000 0.000000 0.965926 0.258819 0.000000 0.965926 0.258819 0.000000 0.866025 0.500000 0.000000 0.866025 0.500000 0.000000 0.707107 0.707107 0.000000 0.707107 0.707107 0.000000 0.500000 0.866025 0.000000 0.500000 0.866025 1.000000 0.000000 0.000000 1.000000 0.000000 0.000000 1.000000 0.000000 0.000000 1.000000 0.000000 0.000000 1.000000 0.000000 0.000000 1.000000 0.000000 0.000000 1.000000 0.000000 0.000000 1.000000 0.000000 0.000000 1.000000 0.000000 0.000000 1.000000 0.000000 0.000000 1.000000 0.000000 0.000000 1.000000 0.000000 0.000000 1.000000 0.000000 0.000000 1.000000 0.000000 0.000000 1.000000 0.000000 0.000000 1.000000 0.000000 0.000000 1.000000 0.000000 0.000000 1.000000 0.000000 0.000000 1.000000 0.000000 0.000000 1.000000 0.000000 0.000000 1.000000 0.000000 0.000000 1.000000 0.000000 0.000000 1.000000 0.000000 0.000000 1.000000 0.000000 0.000000 0.000000 0.258819 0.965926 0.000000 0.258819 0.965926 0.000000 -0.000000 1.000000 0.000000 -0.000000 1.000000 0.000000 -0.258819 0.965926 0.000000 -0.258819 0.965926 0.000000 -0.500000 0.866025 0.000000 -0.500000 0.866025 0.000000 -0.707107 0.707107 0.000000 -0.707107 0.707107 0.000000 -0.866025 0.500000 0.000000 -0.866025 0.500000 0.000000 -0.965926 0.258819 0.000000 -0.965926 0.258819 0.000000 -1.000000 0.000000 0.000000 -1.000000 0.000000 0.000000 -0.965926 -0.258819 0.000000 -0.965926 -0.258819 0.000000 -0.866025 -0.500000 0.000000 -0.866025 -0.500000 0.000000 -0.707107 -0.707107 0.000000 -0.707107 -0.707107 0.000000 -0.500000 -0.866025 0.000000 -0.500000 -0.866025 0.000000 -0.258819 -0.965926 0.000000 -0.258819 -0.965926 0.000000 -0.000000 -1.000000 0.000000 -0.000000 -1.000000 0.000000 0.258819 -0.965926 0.000000 0.258819 -0.965926 0.000000 0.500000 -0.866025 0.000000 0.500000 -0.866025 0.000000 0.707107 -0.707107 0.000000 0.707107 -0.707107 0.000000 0.866025 -0.500000 0.000000 0.866025 -0.500000 0.000000 0.965926 -0.258819 0.000000 0.965926 -0.258819 0.000000 1.000000 0.000000 0.000000 1.000000 0.000000 0.000000 0.965926 0.258819 0.000000 0.965926 0.258819 0.000000 0.866025 0.500000 0.000000 0.866025 0.500000 0.000000 0.707107 0.707107 0.000000 0.707107 0.707107 0.000000 0.500000 0.866025 0.000000 0.500000 0.866025 1.000000 0.000000 0.000000 1.000000 0.000000 0.000000 1.000000 0.000000 0.000000 1.000000 0.000000 0.000000 1.000000 0.000000 0.000000 1.000000 0.000000 0.000000 1.000000 0.000000 0.000000 1.000000 0.000000 0.000000 1.000000 0.000000 0.000000 1.000000 0.000000 0.000000 1.000000 0.000000 0.000000 1.000000 0.000000 0.000000 1.000000 0.000000 0.000000 1.000000 0.000000 0.000000 1.000000 0.000000 0.000000 1.000000 0.000000 0.000000 1.000000 0.000000 0.000000 1.000000 0.000000 0.000000 1.000000 0.000000 0.000000 1.000000 0.000000 0.000000 1.000000 0.000000 0.000000 1.000000 0.000000 0.000000 1.000000 0.000000 0.000000 1.000000 0.000000 0.000000 0.000000 0.258819 0.965926 0.000000 0.258819 0.965926 0.000000 -0.000000 1.000000 0.000000 -0.000000 1.000000 0.000000 -0.258819 0.965926 0.000000 -0.258819 0.965926 0.000000 -0.500000 0.866025 0.000000 -0.500000 0.866025 0.000000 -0.707107 0.707107 0.000000 -0.707107 0.707107 0.000000 -0.866025 0.500000 0.000000 -0.866025 0.500000 0.000000 -0.965926 0.258819 0.000000 -0.965926 0.258819 0.000000 -1.000000 0.000000 0.000000 -1.000000 0.000000 0.000000 -0.965926 -0.258819 0.000000 -0.965926 -0.258819 0.000000 -0.866025 -0.500000 0.000000 -0.866025 -0.500000 0.000000 -0.707107 -0.707107 0.000000 -0.707107 -0.707107 0.000000 -0.500000 -0.866025 0.000000 -0.500000 -0.866025 0.000000 -0.258819 -0.965926 0.000000 -0.258819 -0.965926 0.000000 -0.000000 -1.000000 0.000000 -0.000000 -1.000000 0.000000 0.258819 -0.965926 0.000000 0.258819 -0.965926 0.000000 0.500000 -0.866025 0.000000 0.500000 -0.866025 0.000000 0.707107 -0.707107 0.000000 0.707107 -0.707107 0.000000 0.866025 -0.500000 0.000000 0.866025 -0.500000 0.000000 0.965926 -0.258819 0.000000 0.965926 -0.258819 0.000000 1.000000 0.000000 0.000000 1.000000 0.000000 0.000000 0.965926 0.258819 0.000000 0.965926 0.258819 0.000000 0.866025 0.500000 0.000000 0.866025 0.500000 0.000000 0.707107 0.707107 0.000000 0.707107 0.707107 0.000000 0.500000 0.866025 0.000000 0.500000 0.866025 1.000000 0.000000 0.000000 1.000000 0.000000 0.000000 1.000000 0.000000 0.000000 1.000000 0.000000 0.000000 1.000000 0.000000 0.000000 1.000000 0.000000 0.000000 1.000000 0.000000 0.000000 1.000000 0.000000 0.000000 1.000000 0.000000 0.000000 1.000000 0.000000 0.000000 1.000000 0.000000 0.000000 1.000000 0.000000 0.000000 1.000000 0.000000 0.000000 1.000000 0.000000 0.000000 1.000000 0.000000 0.000000 1.000000 0.000000 0.000000 1.000000 0.000000 0.000000 1.000000 0.000000 0.000000 1.000000 0.000000 0.000000 1.000000 0.000000 0.000000 1.000000 0.000000 0.000000 1.000000 0.000000 0.000000 1.000000 0.000000 0.000000 1.000000 0.000000 0.000000 0.000000 0.258819 0.965926 0.000000 0.258819 0.965926 0.000000 -0.000000 1.000000 0.000000 -0.000000 1.000000 0.000000 -0.258819 0.965926 0.000000 -0.258819 0.965926 0.000000 -0.500000 0.866025 0.000000 -0.500000 0.866025 0.000000 -0.707107 0.707107 0.000000 -0.707107 0.707107 0.000000 -0.866025 0.500000 0.000000 -0.866025 0.500000 0.000000 -0.965926 0.258819 0.000000 -0.965926 0.258819 0.000000 -1.000000 0.000000 0.000000 -1.000000 0.000000 0.000000 -0.965926 -0.258819 0.000000 -0.965926 -0.258819 0.000000 -0.866025 -0.500000 0.000000 -0.866025 -0.500000 0.000000 -0.707107 -0.707107 0.000000 -0.707107 -0.707107 0.000000 -0.500000 -0.866025 0.000000 -0.500000 -0.866025 0.000000 -0.258819 -0.965926 0.000000 -0.258819 -0.965926 0.000000 -0.000000 -1.000000 0.000000 -0.000000 -1.000000 0.000000 0.258819 -0.965926 0.000000 0.258819 -0.965926 0.000000 0.500000 -0.866025 0.000000 0.500000 -0.866025 0.000000 0.707107 -0.707107 0.000000 0.707107 -0.707107 0.000000 0.866025 -0.500000 0.000000 0.866025 -0.500000 0.000000 0.965926 -0.258819 0.000000 0.965926 -0.258819 0.000000 1.000000 -0.000000 0.000000 1.000000 -0.000000 0.000000 0.965926 0.258819 0.000000 0.965926 0.258819 0.000000 0.866025 0.500000 0.000000 0.866025 0.500000 0.000000 0.707107 0.707107 0.000000 0.707107 0.707107 0.000000 0.500000 0.866025 0.000000 0.500000 0.866025 1.000000 0.000000 0.000000 1.000000 0.000000 0.000000 1.000000 0.000000 0.000000 1.000000 0.000000 0.000000 1.000000 0.000000 0.000000 1.000000 0.000000 0.000000 1.000000 0.000000 0.000000 1.000000 0.000000 0.000000 1.000000 0.000000 0.000000 1.000000 0.000000 0.000000 1.000000 0.000000 0.000000 1.000000 0.000000 0.000000 1.000000 0.000000 0.000000 1.000000 0.000000 0.000000 1.000000 0.000000 0.000000 1.000000 0.000000 0.000000 1.000000 0.000000 0.000000 1.000000 0.000000 0.000000 1.000000 0.000000 0.000000 1.000000 0.000000 0.000000 1.000000 0.000000 0.000000 1.000000 0.000000 0.000000 1.000000 0.000000 0.000000 1.000000 0.000000 0.000000 0.000000 0.258819 0.965926 0.000000 0.258819 0.965926 0.000000 -0.000000 1.000000 0.000000 -0.000000 1.000000 0.000000 -0.258819 0.965926 0.000000 -0.258819 0.965926 0.000000 -0.500000 0.866025 0.000000 -0.500000 0.866025 0.000000 -0.707107 0.707107 0.000000 -0.707107 0.707107 0.000000 -0.866025 0.500000 0.000000 -0.866025 0.500000 0.000000 -0.965926 0.258819 0.000000 -0.965926 0.258819 0.000000 -1.000000 0.000000 0.000000 -1.000000 0.000000 0.000000 -0.965926 -0.258819 0.000000 -0.965926 -0.258819 0.000000 -0.866025 -0.500000 0.000000 -0.866025 -0.500000 0.000000 -0.707107 -0.707107 0.000000 -0.707107 -0.707107 0.000000 -0.500000 -0.866025 0.000000 -0.500000 -0.866025 0.000000 -0.258819 -0.965926 0.000000 -0.258819 -0.965926 0.000000 -0.000000 -1.000000 0.000000 -0.000000 -1.000000 0.000000 0.258819 -0.965926 0.000000 0.258819 -0.965926 0.000000 0.500000 -0.866025 0.000000 0.500000 -0.866025 0.000000 0.707107 -0.707107 0.000000 0.707107 -0.707107 0.000000 0.866025 -0.500000 0.000000 0.866025 -0.500000 0.000000 0.965926 -0.258819 0.000000 0.965926 -0.258819 0.000000 1.000000 0.000000 0.000000 1.000000 0.000000 0.000000 0.965926 0.258819 0.000000 0.965926 0.258819 0.000000 0.866025 0.500000 0.000000 0.866025 0.500000 0.000000 0.707107 0.707107 0.000000 0.707107 0.707107 0.000000 0.500000 0.866025 0.000000 0.500000 0.866025 1.000000 0.000000 0.000000 1.000000 0.000000 0.000000 1.000000 0.000000 0.000000 1.000000 0.000000 0.000000 1.000000 0.000000 0.000000 1.000000 0.000000 0.000000 1.000000 0.000000 0.000000 1.000000 0.000000 0.000000 1.000000 0.000000 0.000000 1.000000 0.000000 0.000000 1.000000 0.000000 0.000000 1.000000 0.000000 0.000000 1.000000 0.000000 0.000000 1.000000 0.000000 0.000000 1.000000 0.000000 0.000000 1.000000 0.000000 0.000000 1.000000 0.000000 0.000000 1.000000 0.000000 0.000000 1.000000 0.000000 0.000000 1.000000 0.000000 0.000000 1.000000 0.000000 0.000000 1.000000 0.000000 0.000000 1.000000 0.000000 0.000000 1.000000 0.000000 0.000000 0.000000 0.258819 0.965926 0.000000 0.258819 0.965926 0.000000 -0.000000 1.000000 0.000000 -0.000000 1.000000 0.000000 -0.258819 0.965926 0.000000 -0.258819 0.965926 0.000000 -0.500000 0.866025 0.000000 -0.500000 0.866025 0.000000 -0.707107 0.707107 0.000000 -0.707107 0.707107 0.000000 -0.866025 0.500000 0.000000 -0.866025 0.500000 0.000000 -0.965926 0.258819 0.000000 -0.965926 0.258819 0.000000 -1.000000 0.000000 0.000000 -1.000000 0.000000 0.000000 -0.965926 -0.258819 0.000000 -0.965926 -0.258819 0.000000 -0.866025 -0.500000 0.000000 -0.866025 -0.500000 0.000000 -0.707107 -0.707107 0.000000 -0.707107 -0.707107 0.000000 -0.500000 -0.866025 0.000000 -0.500000 -0.866025 0.000000 -0.258819 -0.965926 0.000000 -0.258819 -0.965926 0.000000 -0.000000 -1.000000 0.000000 -0.000000 -1.000000 0.000000 0.258819 -0.965926 0.000000 0.258819 -0.965926 0.000000 0.500000 -0.866025 0.000000 0.500000 -0.866025 0.000000 0.707107 -0.707107 0.000000 0.707107 -0.707107 0.000000 0.866025 -0.500000 0.000000 0.866025 -0.500000 0.000000 0.965926 -0.258819 0.000000 0.965926 -0.258819 0.000000 1.000000 0.000000 0.000000 1.000000 0.000000 0.000000 0.965926 0.258819 0.000000 0.965926 0.258819 0.000000 0.866025 0.500000 0.000000 0.866025 0.500000 0.000000 0.707107 0.707107 0.000000 0.707107 0.707107 0.000000 0.500000 0.866025 0.000000 0.500000 0.866025 1.000000 0.000000 0.000000 1.000000 0.000000 0.000000 1.000000 0.000000 0.000000 1.000000 0.000000 0.000000 1.000000 0.000000 0.000000 1.000000 0.000000 0.000000 1.000000 0.000000 0.000000 1.000000 0.000000 0.000000 1.000000 0.000000 0.000000 1.000000 0.000000 0.000000 1.000000 0.000000 0.000000 1.000000 0.000000 0.000000 1.000000 0.000000 0.000000 1.000000 0.000000 0.000000 1.000000 0.000000 0.000000 1.000000 0.000000 0.000000 1.000000 0.000000 0.000000 1.000000 0.000000 0.000000 1.000000 0.000000 0.000000 1.000000 0.000000 0.000000 1.000000 0.000000 0.000000 1.000000 0.000000 0.000000 1.000000 0.000000 0.000000 1.000000 0.000000 0.000000 0.000000 0.258819 0.965926 0.000000 0.258819 0.965926 0.000000 -0.000000 1.000000 0.000000 -0.000000 1.000000 0.000000 -0.258819 0.965926 0.000000 -0.258819 0.965926 0.000000 -0.500000 0.866025 0.000000 -0.500000 0.866025 0.000000 -0.707107 0.707107 0.000000 -0.707107 0.707107 0.000000 -0.866025 0.500000 0.000000 -0.866025 0.500000 0.000000 -0.965926 0.258819 0.000000 -0.965926 0.258819 0.000000 -1.000000 0.000000 0.000000 -1.000000 0.000000 0.000000 -0.965926 -0.258819 0.000000 -0.965926 -0.258819 0.000000 -0.866025 -0.500000 0.000000 -0.866025 -0.500000 0.000000 -0.707107 -0.707107 0.000000 -0.707107 -0.707107 0.000000 -0.500000 -0.866025 0.000000 -0.500000 -0.866025 0.000000 -0.258819 -0.965926 0.000000 -0.258819 -0.965926 0.000000 -0.000000 -1.000000 0.000000 -0.000000 -1.000000 0.000000 0.258819 -0.965926 0.000000 0.258819 -0.965926 0.000000 0.500000 -0.866025 0.000000 0.500000 -0.866025 0.000000 0.707107 -0.707107 0.000000 0.707107 -0.707107 0.000000 0.866025 -0.500000 0.000000 0.866025 -0.500000 0.000000 0.965926 -0.258819 0.000000 0.965926 -0.258819 0.000000 1.000000 0.000000 0.000000 1.000000 0.000000 0.000000 0.965926 0.258819 0.000000 0.965926 0.258819 0.000000 0.866025 0.500000 0.000000 0.866025 0.500000 0.000000 0.707107 0.707107 0.000000 0.707107 0.707107 0.000000 0.500000 0.866025 0.000000 0.500000 0.866025 1.000000 0.000000 0.000000 1.000000 0.000000 0.000000 1.000000 0.000000 0.000000 1.000000 0.000000 0.000000 1.000000 0.000000 0.000000 1.000000 0.000000 0.000000 1.000000 0.000000 0.000000 1.000000 0.000000 0.000000 1.000000 0.000000 0.000000 1.000000 0.000000 0.000000 1.000000 0.000000 0.000000 1.000000 0.000000 0.000000 1.000000 0.000000 0.000000 1.000000 0.000000 0.000000 1.000000 0.000000 0.000000 1.000000 0.000000 0.000000 1.000000 0.000000 0.000000 1.000000 0.000000 0.000000 1.000000 0.000000 0.000000 1.000000 0.000000 0.000000 1.000000 0.000000 0.000000 1.000000 0.000000 0.000000 1.000000 0.000000 0.000000 1.000000 0.000000 0.000000 0.000000 0.258819 0.965926 0.000000 0.258819 0.965926 0.000000 -0.000000 1.000000 0.000000 -0.000000 1.000000 0.000000 -0.258819 0.965926 0.000000 -0.258819 0.965926 0.000000 -0.500000 0.866025 0.000000 -0.500000 0.866025 0.000000 -0.707107 0.707107 0.000000 -0.707107 0.707107 0.000000 -0.866025 0.500000 0.000000 -0.866025 0.500000 0.000000 -0.965926 0.258819 0.000000 -0.965926 0.258819 0.000000 -1.000000 0.000000 0.000000 -1.000000 0.000000 0.000000 -0.965926 -0.258819 0.000000 -0.965926 -0.258819 0.000000 -0.866025 -0.500000 0.000000 -0.866025 -0.500000 0.000000 -0.707107 -0.707107 0.000000 -0.707107 -0.707107 0.000000 -0.500000 -0.866025 0.000000 -0.500000 -0.866025 0.000000 -0.258819 -0.965926 0.000000 -0.258819 -0.965926 0.000000 -0.000000 -1.000000 0.000000 -0.000000 -1.000000 0.000000 0.258819 -0.965926 0.000000 0.258819 -0.965926 0.000000 0.500000 -0.866025 0.000000 0.500000 -0.866025 0.000000 0.707107 -0.707107 0.000000 0.707107 -0.707107 0.000000 0.866025 -0.500000 0.000000 0.866025 -0.500000 0.000000 0.965926 -0.258819 0.000000 0.965926 -0.258819 0.000000 1.000000 -0.000000 0.000000 1.000000 -0.000000 0.000000 0.965926 0.258819 0.000000 0.965926 0.258819 0.000000 0.866025 0.500000 0.000000 0.866025 0.500000 0.000000 0.707107 0.707107 0.000000 0.707107 0.707107 0.000000 0.500000 0.866025 0.000000 0.500000 0.866025 1.000000 0.000000 0.000000 1.000000 0.000000 0.000000 1.000000 0.000000 0.000000 1.000000 0.000000 0.000000 1.000000 0.000000 0.000000 1.000000 0.000000 0.000000 1.000000 0.000000 0.000000 1.000000 0.000000 0.000000 1.000000 0.000000 0.000000 1.000000 0.000000 0.000000 1.000000 0.000000 0.000000 1.000000 0.000000 0.000000 1.000000 0.000000 0.000000 1.000000 0.000000 0.000000 1.000000 0.000000 0.000000 1.000000 0.000000 0.000000 1.000000 0.000000 0.000000 1.000000 0.000000 0.000000 1.000000 0.000000 0.000000 1.000000 0.000000 0.000000 1.000000 0.000000 0.000000 1.000000 0.000000 0.000000 1.000000 0.000000 0.000000 1.000000 0.000000 0.000000 -1.000000 0.000000 0.000000 -1.000000 0.000000 0.000000 -1.000000 0.000000 0.000000 -1.000000 0.000000 0.000000 -1.000000 0.000000 0.000000 -1.000000 0.000000 0.000000 -1.000000 0.000000 0.000000 -1.000000 0.000000 0.000000 -1.000000 0.000000 0.000000 -1.000000 0.000000 0.000000 -1.000000 0.000000 0.000000 -1.000000 0.000000 0.000000 -1.000000 0.000000 0.000000 -1.000000 0.000000 0.000000 -1.000000 0.000000 0.000000 -1.000000 0.000000 0.000000 -1.000000 0.000000 0.000000 -1.000000 0.000000 0.000000 -1.000000 0.000000 0.000000 -1.000000 0.000000 0.000000 -1.000000 0.000000 0.000000 -1.000000 0.000000 0.000000 -1.000000 0.000000 0.000000 -1.000000 0.000000 0.000000 -1.000000 0.000000 0.000000 -1.000000 0.000000 0.000000 -1.000000 0.000000 0.000000 -1.000000 0.000000 0.000000 -1.000000 0.000000 0.000000 -1.000000 0.000000 0.000000 -1.000000 0.000000 0.000000 -1.000000 0.000000 0.000000 -1.000000 0.000000 0.000000 -1.000000 0.000000 0.000000 -1.000000 0.000000 0.000000 -1.000000 0.000000 0.000000 -1.000000 0.000000 0.000000 -1.000000 0.000000 0.000000 -1.000000 0.000000 0.000000 -1.000000 0.000000 0.000000 -1.000000 0.000000 0.000000 -1.000000 0.000000 0.000000 -1.000000 0.000000 0.000000 -1.000000 0.000000 0.000000 -1.000000 0.000000 0.000000 -1.000000 0.000000 0.000000 -1.000000 0.000000 0.000000 -1.000000 0.000000 0.000000 -1.000000 0.000000 0.000000 -1.000000 0.000000 0.000000 -1.000000 0.000000 0.000000 -1.000000 0.000000 0.000000 -1.000000 0.000000 0.000000 -1.000000 0.000000 0.000000 -1.000000 0.000000 0.000000 -1.000000 0.000000 0.000000 -1.000000 0.000000 0.000000 -1.000000 0.000000 0.000000 -1.000000 0.000000 0.000000 -1.000000 0.000000 0.000000 -1.000000 0.000000 0.000000 -1.000000 0.000000 0.000000 -1.000000 0.000000 0.000000 -1.000000 0.000000 0.000000 -1.000000 0.000000 0.000000 -1.000000 0.000000 0.000000 -1.000000 0.000000 0.000000 -1.000000 0.000000 0.000000 -1.000000 0.000000 0.000000 -1.000000 0.000000 0.000000 -1.000000 0.000000 0.000000 -1.000000 0.000000 0.000000 -1.000000 0.000000 0.000000 -1.000000 0.000000 0.000000 -1.000000 0.000000 0.000000 -1.000000 0.000000 0.000000 -1.000000 0.000000 0.000000 -1.000000 0.000000 0.000000 -1.000000 0.000000 0.000000 -1.000000 0.000000 0.000000 -1.000000 0.000000 0.000000 -1.000000 0.000000 0.000000 -1.000000 0.000000 0.000000 -1.000000 0.000000 0.000000 -1.000000 0.000000 0.000000 -1.000000 0.000000 0.000000 -1.000000 0.000000 0.000000 -1.000000 0.000000 0.000000 -1.000000 0.000000 0.000000 -1.000000 0.000000 0.000000 -1.000000 0.000000 0.000000 -1.000000 0.000000 0.000000 -1.000000 0.000000 0.000000 -1.000000 0.000000 0.000000 -1.000000 0.000000 0.000000 -1.000000 0.000000 0.000000 -1.000000 0.000000 0.000000 -1.000000 0.000000 0.000000 -1.000000 0.000000 0.000000 -1.000000 0.000000 0.000000 -1.000000 0.000000 0.000000 -1.000000 0.000000 0.000000 -1.000000 0.000000 0.000000 -1.000000 0.000000 0.000000 -1.000000 0.000000 0.000000 -1.000000 0.000000 0.000000 -1.000000 0.000000 0.000000 -1.000000 0.000000 0.000000 -1.000000 0.000000 0.000000 -1.000000 0.000000 0.000000 -1.000000 0.000000 0.000000 -1.000000 0.000000 0.000000 -1.000000 0.000000 0.000000 -1.000000 0.000000 0.000000 -1.000000 0.000000 0.000000 -1.000000 0.000000 0.000000 -1.000000 0.000000 0.000000 -1.000000 0.000000 0.000000 -1.000000 0.000000 0.000000 -1.000000 0.000000 0.000000 -1.000000 0.000000 0.000000 -1.000000 0.000000 0.000000 -1.000000 0.000000 0.000000 -1.000000 0.000000 0.000000 -1.000000 0.000000 0.000000 -1.000000 0.000000 0.000000 -1.000000 0.000000 0.000000 -1.000000 0.000000 0.000000 -1.000000 0.000000 0.000000 -1.000000 0.000000 0.000000 -1.000000 0.000000 0.000000 -1.000000 0.000000 0.000000 -1.000000 0.000000 0.000000 -1.000000 0.000000 0.000000 -1.000000 0.000000 0.000000 -1.000000 0.000000 0.000000 -1.000000 0.000000 0.000000 -1.000000 0.000000 0.000000 -1.000000 0.000000 0.000000 -1.000000 0.000000 0.000000 -1.000000 0.000000 0.000000 -1.000000 0.000000 0.000000 -1.000000 0.000000 0.000000 -1.000000 0.000000 0.000000 -1.000000 0.000000 0.000000 -1.000000 0.000000 0.000000 -1.000000 0.000000 0.000000 -1.000000 0.000000 0.000000 -1.000000 0.000000 0.000000 -1.000000 0.000000 0.000000 -1.000000 0.000000 0.000000 -1.000000 0.000000 0.000000 -1.000000 0.000000 0.000000 -1.000000 0.000000 0.000000 -1.000000 0.000000 0.000000 -1.000000 0.000000 0.000000 -1.000000 0.000000 0.000000 -1.000000 0.000000 0.000000 -1.000000 0.000000 0.000000 -1.000000 0.000000 0.000000 -1.000000 0.000000 0.000000 -1.000000 0.000000 0.000000 -1.000000 0.000000 0.000000 -1.000000 0.000000 0.000000 -1.000000 0.000000 0.000000 -1.000000 0.000000 0.000000 -1.000000 0.000000 0.000000 -1.000000 0.000000 0.000000 -1.000000 0.000000 0.000000 -1.000000 0.000000 0.000000 -1.000000 0.000000 0.000000 -1.000000 0.000000 0.000000 -1.000000 0.000000 0.000000 -1.000000 0.000000 0.000000 -1.000000 0.000000 0.000000 -1.000000 0.000000 0.000000 -1.000000 0.000000 0.000000 -1.000000 0.000000 0.000000 -1.000000 0.000000 0.000000 -1.000000 0.000000 0.000000 -1.000000 0.000000 0.000000 -1.000000 0.000000 0.000000 -1.000000 0.000000 0.000000 -1.000000 0.000000 0.000000 -1.000000 0.000000 0.000000 -1.000000 0.000000 0.000000 -1.000000 0.000000 0.000000 -1.000000 0.000000 0.000000 -1.000000 0.000000 0.000000 -1.000000 0.000000 0.000000 -1.000000 0.000000 0.000000 -1.000000 0.000000 0.000000 -1.000000 0.000000 0.000000 -1.000000 0.000000 0.000000 -1.000000 0.000000 0.000000 -1.000000 0.000000 0.000000 -1.000000 0.000000 0.000000 -1.000000 0.000000 0.000000 -1.000000 0.000000 0.000000 -1.000000 0.000000 0.000000 -1.000000 0.000000 0.000000 -1.000000 0.000000 0.000000 -1.000000 0.000000 0.000000 -1.000000 0.000000 0.000000 -1.000000 0.000000 0.000000 -1.000000 0.000000 0.000000 -1.000000 0.000000 0.000000 -1.000000 0.000000 0.000000 -1.000000 0.000000 0.000000 -1.000000 0.000000 0.000000 -1.000000 0.000000 0.000000 -1.000000 0.000000 0.000000 -1.000000 0.000000 0.000000 -1.000000 0.000000 0.000000 -1.000000 0.000000 0.000000 -1.000000 0.000000 0.000000 -1.000000 0.000000 0.000000 -1.000000 0.000000 0.000000 -1.000000 0.000000 0.000000 -1.000000 0.000000 0.000000 -1.000000 0.000000 0.000000 -1.000000 0.000000 0.000000 -1.000000 0.000000 0.000000 -1.000000 0.000000 0.000000 -1.000000 0.000000 0.000000 -1.000000 0.000000 0.000000 -1.000000 0.000000 0.000000 -1.000000 0.000000 0.000000 -1.000000 0.000000 0.000000 -1.000000 0.000000 0.000000 -1.000000 0.000000 0.000000 -1.000000 0.000000 0.000000 -1.000000 0.000000 0.000000 -1.000000 0.000000 0.000000 -1.000000 0.000000 0.000000 -1.000000 0.000000 0.000000 -1.000000 0.000000 0.000000 -1.000000 0.000000 0.000000 -1.000000 0.000000 0.000000 -1.000000 0.000000 0.000000 -1.000000 0.000000 0.000000 -1.000000 0.000000 0.000000 -1.000000 0.000000 0.000000 -1.000000 0.000000 0.000000 -1.000000 0.000000 0.000000 -1.000000 0.000000 0.000000 -1.000000 0.000000 0.000000 -1.000000 0.000000 0.000000 -1.000000 0.000000 0.000000 -1.000000 0.000000 0.000000 -1.000000 0.000000 0.000000 -1.000000 0.000000 0.000000 -1.000000 0.000000 0.000000 -1.000000 0.000000 0.000000 -1.000000 0.000000 0.000000 -1.000000 0.000000 0.000000 -1.000000 0.000000 0.000000 -1.000000 0.000000 0.000000 -1.000000 0.000000 0.000000 -1.000000 0.000000 0.000000 -1.000000 0.000000 0.000000 -1.000000 0.000000 0.000000 -1.000000 0.000000 0.000000 -1.000000 0.000000 0.000000 -1.000000 0.000000 0.000000 -1.000000 0.000000 0.000000 -1.000000 0.000000 0.000000 -1.000000 0.000000 0.000000 -1.000000 0.000000 0.000000 -1.000000 0.000000 0.000000 -1.000000 0.000000 0.000000 -1.000000 0.000000 0.000000 -1.000000 0.000000 0.000000 -1.000000 0.000000 0.000000 -1.000000 0.000000 0.000000 -1.000000 0.000000 0.000000 -1.000000 0.000000 0.000000 -1.000000 0.000000 0.000000 -1.000000 0.000000 0.000000 -1.000000 0.000000 0.000000 -1.000000 0.000000 0.000000 -1.000000 0.000000 0.000000 -1.000000 0.000000 0.000000 -1.000000 0.000000 0.000000 -1.000000 0.000000 0.000000 -1.000000 0.000000 0.000000 -1.000000 0.000000 0.000000 -1.000000 0.000000 0.000000 -1.000000 0.000000 0.000000 -1.000000 0.000000 0.000000 -1.000000 0.000000 0.000000 -1.000000 0.000000 0.000000 -1.000000 0.000000 0.000000 -1.000000 0.000000 0.000000 -1.000000 0.000000 0.000000 -1.000000 0.000000 0.000000 -1.000000 0.000000 0.000000 -1.000000 0.000000 0.000000 -1.000000 0.000000 0.000000 -1.000000 0.000000 0.000000 -1.000000 0.000000 0.000000 -0.000000 0.106293 -0.994335 -0.000000 0.106293 -0.994335 -0.000000 0.000000 -1.000000 -0.000000 0.000000 -1.000000 -0.000000 -0.106293 -0.994335 -0.000000 -0.106293 -0.994335 -0.000000 -0.211383 -0.977403 -0.000000 0.211383 -0.977403 -0.000000 0.211383 -0.977403 -0.000000 0.314077 -0.949398 -0.000000 0.314077 -0.949398 -0.000000 0.413212 -0.910635 -0.000000 0.413212 -0.910635 -0.000000 0.507666 -0.861554 -0.000000 0.507666 -0.861554 -0.000000 0.596367 -0.802712 -0.000000 0.596367 -0.802712 -0.000000 0.678312 -0.734774 -0.000000 0.678312 -0.734774 -0.000000 0.752571 -0.658511 -0.000000 0.752571 -0.658511 -0.000000 0.818303 -0.574787 -0.000000 0.818303 -0.574787 -0.000000 0.874763 -0.484551 -0.000000 0.874763 -0.484551 -0.000000 0.921312 -0.388824 -0.000000 0.921312 -0.388824 -0.000000 0.957422 -0.288692 -0.000000 0.957422 -0.288692 -0.000000 0.982684 -0.185289 -0.000000 0.982684 -0.185289 -0.000000 0.996812 -0.079786 -0.000000 0.996812 -0.079786 -0.000000 0.999646 0.026621 -0.000000 0.999646 0.026621 -0.000000 0.991153 0.132726 -0.000000 0.991153 0.132726 -0.000000 0.971430 0.237327 -0.000000 0.971430 0.237327 -0.000000 0.940700 0.339239 -0.000000 0.940700 0.339239 -0.000000 0.899312 0.437307 -0.000000 0.899312 0.437307 -0.000000 0.847734 0.530421 -0.000000 0.847734 0.530421 -0.000000 0.786552 0.617525 -0.000000 0.786552 0.617525 -0.000000 0.716457 0.697632 -0.000000 0.716457 0.697632 -0.000000 0.638244 0.769834 -0.000000 0.638244 0.769834 -0.000000 0.552800 0.833314 -0.000000 0.552800 0.833314 -0.000000 0.461093 0.887352 -0.000000 0.461093 0.887352 -0.000000 0.364161 0.931336 -0.000000 0.364161 0.931336 -0.000000 0.263103 0.964768 -0.000000 0.263103 0.964768 -0.000000 0.159063 0.987268 -0.000000 0.159063 0.987268 -0.000000 0.053222 0.998583 -0.000000 0.053222 0.998583 -0.000000 -0.053222 0.998583 -0.000000 -0.053222 0.998583 -0.000000 -0.159063 0.987268 -0.000000 -0.159063 0.987268 -0.000000 -0.263103 0.964768 -0.000000 -0.263103 0.964768 -0.000000 -0.364161 0.931336 -0.000000 -0.364161 0.931336 -0.000000 -0.461093 0.887352 -0.000000 -0.461093 0.887352 -0.000000 -0.552800 0.833314 -0.000000 -0.552800 0.833314 -0.000000 -0.638244 0.769834 -0.000000 -0.638244 0.769834 -0.000000 -0.716457 0.697632 -0.000000 -0.716457 0.697632 -0.000000 -0.786552 0.617525 -0.000000 -0.786552 0.617525 -0.000000 -0.847734 0.530421 -0.000000 -0.847734 0.530421 -0.000000 -0.899312 0.437307 -0.000000 -0.899312 0.437307 -0.000000 -0.940700 0.339239 -0.000000 -0.940700 0.339239 -0.000000 -0.971430 0.237327 -0.000000 -0.971430 0.237327 -0.000000 -0.991153 0.132726 -0.000000 -0.991153 0.132726 -0.000000 -0.999646 0.026621 -0.000000 -0.999646 0.026621 -0.000000 -0.996812 -0.079786 -0.000000 -0.996812 -0.079786 -0.000000 -0.982684 -0.185289 -0.000000 -0.982684 -0.185289 -0.000000 -0.957422 -0.288692 -0.000000 -0.957422 -0.288692 -0.000000 -0.921312 -0.388824 -0.000000 -0.921312 -0.388824 -0.000000 -0.874763 -0.484551 -0.000000 -0.874763 -0.484551 -0.000000 -0.818303 -0.574787 -0.000000 -0.818303 -0.574787 -0.000000 -0.752571 -0.658511 -0.000000 -0.752571 -0.658511 -0.000000 -0.678312 -0.734774 -0.000000 -0.678312 -0.734774 -0.000000 -0.596367 -0.802712 -0.000000 -0.596367 -0.802712 -0.000000 -0.507666 -0.861554 -0.000000 -0.507666 -0.861554 -0.000000 -0.413212 -0.910635 -0.000000 -0.413212 -0.910635 -0.000000 -0.314077 -0.949398 -0.000000 -0.314077 -0.949398 -0.000000 -0.211383 -0.977403 -0.000000 0.258819 -0.965926 -0.000000 0.258819 -0.965926 -0.000000 0.000000 -1.000000 -0.000000 0.000000 -1.000000 -0.000000 -0.258819 -0.965926 -0.000000 -0.258819 -0.965926 -0.000000 -0.500000 -0.866025 -0.000000 -0.500000 -0.866025 -0.000000 -0.707107 -0.707107 -0.000000 -0.707107 -0.707107 -0.000000 -0.866025 -0.500000 -0.000000 -0.866025 -0.500000 -0.000000 -0.965926 -0.258819 -0.000000 -0.965926 -0.258819 -0.000000 -1.000000 -0.000000 -0.000000 -1.000000 -0.000000 -0.000000 -0.965926 0.258819 -0.000000 -0.965926 0.258819 -0.000000 -0.866025 0.500000 -0.000000 -0.866025 0.500000 -0.000000 -0.707107 0.707107 -0.000000 -0.707107 0.707107 -0.000000 -0.500000 0.866025 -0.000000 -0.500000 0.866025 -0.000000 -0.258819 0.965926 -0.000000 -0.258819 0.965926 -0.000000 -0.000000 1.000000 -0.000000 -0.000000 1.000000 -0.000000 0.258819 0.965926 -0.000000 0.258819 0.965926 -0.000000 0.500000 0.866025 -0.000000 0.500000 0.866025 -0.000000 0.707107 0.707107 -0.000000 0.707107 0.707107 -0.000000 0.866025 0.500000 -0.000000 0.866025 0.500000 -0.000000 0.965926 0.258819 -0.000000 0.965926 0.258819 -0.000000 1.000000 -0.000000 -0.000000 1.000000 -0.000000 -0.000000 0.965926 -0.258819 -0.000000 0.965926 -0.258819 -0.000000 0.866025 -0.500000 -0.000000 0.866025 -0.500000 -0.000000 0.707107 -0.707107 -0.000000 0.707107 -0.707107 -0.000000 0.500000 -0.866025 -0.000000 0.500000 -0.866025 -1.000000 0.000000 0.000000 -1.000000 0.000000 0.000000 -1.000000 0.000000 0.000000 -1.000000 0.000000 0.000000 -1.000000 0.000000 0.000000 -1.000000 0.000000 0.000000 -1.000000 0.000000 0.000000 -1.000000 0.000000 0.000000 -1.000000 0.000000 0.000000 -1.000000 0.000000 0.000000 -1.000000 0.000000 0.000000 -1.000000 0.000000 0.000000 -1.000000 0.000000 0.000000 -1.000000 0.000000 0.000000 -1.000000 0.000000 0.000000 -1.000000 0.000000 0.000000 -1.000000 0.000000 0.000000 -1.000000 0.000000 0.000000 -1.000000 0.000000 0.000000 -1.000000 0.000000 0.000000 -1.000000 0.000000 0.000000 -1.000000 0.000000 0.000000 -1.000000 0.000000 0.000000 -1.000000 0.000000 0.000000 -0.000000 0.258819 -0.965926 -0.000000 0.258819 -0.965926 -0.000000 0.000000 -1.000000 -0.000000 0.000000 -1.000000 -0.000000 -0.258819 -0.965926 -0.000000 -0.258819 -0.965926 -0.000000 -0.500000 -0.866025 -0.000000 -0.500000 -0.866025 -0.000000 -0.707107 -0.707107 -0.000000 -0.707107 -0.707107 -0.000000 -0.866025 -0.500000 -0.000000 -0.866025 -0.500000 -0.000000 -0.965926 -0.258819 -0.000000 -0.965926 -0.258819 -0.000000 -1.000000 -0.000000 -0.000000 -1.000000 -0.000000 -0.000000 -0.965926 0.258819 -0.000000 -0.965926 0.258819 -0.000000 -0.866025 0.500000 -0.000000 -0.866025 0.500000 -0.000000 -0.707107 0.707107 -0.000000 -0.707107 0.707107 -0.000000 -0.500000 0.866025 -0.000000 -0.500000 0.866025 -0.000000 -0.258819 0.965926 -0.000000 -0.258819 0.965926 -0.000000 -0.000000 1.000000 -0.000000 -0.000000 1.000000 -0.000000 0.258819 0.965926 -0.000000 0.258819 0.965926 -0.000000 0.500000 0.866025 -0.000000 0.500000 0.866025 -0.000000 0.707107 0.707107 -0.000000 0.707107 0.707107 -0.000000 0.866025 0.500000 -0.000000 0.866025 0.500000 -0.000000 0.965926 0.258819 -0.000000 0.965926 0.258819 -0.000000 1.000000 -0.000000 -0.000000 1.000000 -0.000000 -0.000000 0.965926 -0.258819 -0.000000 0.965926 -0.258819 -0.000000 0.866025 -0.500000 -0.000000 0.866025 -0.500000 -0.000000 0.707107 -0.707107 -0.000000 0.707107 -0.707107 -0.000000 0.500000 -0.866025 -0.000000 0.500000 -0.866025 -1.000000 0.000000 0.000000 -1.000000 0.000000 0.000000 -1.000000 0.000000 0.000000 -1.000000 0.000000 0.000000 -1.000000 0.000000 0.000000 -1.000000 0.000000 0.000000 -1.000000 0.000000 0.000000 -1.000000 0.000000 0.000000 -1.000000 0.000000 0.000000 -1.000000 0.000000 0.000000 -1.000000 0.000000 0.000000 -1.000000 0.000000 0.000000 -1.000000 0.000000 0.000000 -1.000000 0.000000 0.000000 -1.000000 0.000000 0.000000 -1.000000 0.000000 0.000000 -1.000000 0.000000 0.000000 -1.000000 0.000000 0.000000 -1.000000 0.000000 0.000000 -1.000000 0.000000 0.000000 -1.000000 0.000000 0.000000 -1.000000 0.000000 0.000000 -1.000000 0.000000 0.000000 -1.000000 0.000000 0.000000 -0.000000 0.258819 -0.965926 -0.000000 0.258819 -0.965926 -0.000000 0.000000 -1.000000 -0.000000 0.000000 -1.000000 -0.000000 -0.258819 -0.965926 -0.000000 -0.258819 -0.965926 -0.000000 -0.500000 -0.866025 -0.000000 -0.500000 -0.866025 -0.000000 -0.707107 -0.707107 -0.000000 -0.707107 -0.707107 -0.000000 -0.866025 -0.500000 -0.000000 -0.866025 -0.500000 -0.000000 -0.965926 -0.258819 -0.000000 -0.965926 -0.258819 -0.000000 -1.000000 -0.000000 -0.000000 -1.000000 -0.000000 -0.000000 -0.965926 0.258819 -0.000000 -0.965926 0.258819 -0.000000 -0.866025 0.500000 -0.000000 -0.866025 0.500000 -0.000000 -0.707107 0.707107 -0.000000 -0.707107 0.707107 -0.000000 -0.500000 0.866025 -0.000000 -0.500000 0.866025 -0.000000 -0.258819 0.965926 -0.000000 -0.258819 0.965926 -0.000000 -0.000000 1.000000 -0.000000 -0.000000 1.000000 -0.000000 0.258819 0.965926 -0.000000 0.258819 0.965926 -0.000000 0.500000 0.866025 -0.000000 0.500000 0.866025 -0.000000 0.707107 0.707107 -0.000000 0.707107 0.707107 -0.000000 0.866025 0.500000 -0.000000 0.866025 0.500000 -0.000000 0.965926 0.258819 -0.000000 0.965926 0.258819 -0.000000 1.000000 -0.000000 -0.000000 1.000000 -0.000000 -0.000000 0.965926 -0.258819 -0.000000 0.965926 -0.258819 -0.000000 0.866025 -0.500000 -0.000000 0.866025 -0.500000 -0.000000 0.707107 -0.707107 -0.000000 0.707107 -0.707107 -0.000000 0.500000 -0.866025 -0.000000 0.500000 -0.866025 -1.000000 0.000000 0.000000 -1.000000 0.000000 0.000000 -1.000000 0.000000 0.000000 -1.000000 0.000000 0.000000 -1.000000 0.000000 0.000000 -1.000000 0.000000 0.000000 -1.000000 0.000000 0.000000 -1.000000 0.000000 0.000000 -1.000000 0.000000 0.000000 -1.000000 0.000000 0.000000 -1.000000 0.000000 0.000000 -1.000000 0.000000 0.000000 -1.000000 0.000000 0.000000 -1.000000 0.000000 0.000000 -1.000000 0.000000 0.000000 -1.000000 0.000000 0.000000 -1.000000 0.000000 0.000000 -1.000000 0.000000 0.000000 -1.000000 0.000000 0.000000 -1.000000 0.000000 0.000000 -1.000000 0.000000 0.000000 -1.000000 0.000000 0.000000 -1.000000 0.000000 0.000000 -1.000000 0.000000 0.000000 -0.000000 0.258819 -0.965926 -0.000000 0.258819 -0.965926 -0.000000 0.000000 -1.000000 -0.000000 0.000000 -1.000000 -0.000000 -0.258819 -0.965926 -0.000000 -0.258819 -0.965926 -0.000000 -0.500000 -0.866025 -0.000000 -0.500000 -0.866025 -0.000000 -0.707107 -0.707107 -0.000000 -0.707107 -0.707107 -0.000000 -0.866025 -0.500000 -0.000000 -0.866025 -0.500000 -0.000000 -0.965926 -0.258819 -0.000000 -0.965926 -0.258819 -0.000000 -1.000000 -0.000000 -0.000000 -1.000000 -0.000000 -0.000000 -0.965926 0.258819 -0.000000 -0.965926 0.258819 -0.000000 -0.866025 0.500000 -0.000000 -0.866025 0.500000 -0.000000 -0.707107 0.707107 -0.000000 -0.707107 0.707107 -0.000000 -0.500000 0.866025 -0.000000 -0.500000 0.866025 -0.000000 -0.258819 0.965926 -0.000000 -0.258819 0.965926 -0.000000 -0.000000 1.000000 -0.000000 -0.000000 1.000000 -0.000000 0.258819 0.965926 -0.000000 0.258819 0.965926 -0.000000 0.500000 0.866025 -0.000000 0.500000 0.866025 -0.000000 0.707107 0.707107 -0.000000 0.707107 0.707107 -0.000000 0.866025 0.500000 -0.000000 0.866025 0.500000 -0.000000 0.965926 0.258819 -0.000000 0.965926 0.258819 -0.000000 1.000000 0.000000 -0.000000 1.000000 0.000000 -0.000000 0.965926 -0.258819 -0.000000 0.965926 -0.258819 -0.000000 0.866025 -0.500000 -0.000000 0.866025 -0.500000 -0.000000 0.707107 -0.707107 -0.000000 0.707107 -0.707107 -0.000000 0.500000 -0.866025 -0.000000 0.500000 -0.866025 -1.000000 0.000000 0.000000 -1.000000 0.000000 0.000000 -1.000000 0.000000 0.000000 -1.000000 0.000000 0.000000 -1.000000 0.000000 0.000000 -1.000000 0.000000 0.000000 -1.000000 0.000000 0.000000 -1.000000 0.000000 0.000000 -1.000000 0.000000 0.000000 -1.000000 0.000000 0.000000 -1.000000 0.000000 0.000000 -1.000000 0.000000 0.000000 -1.000000 0.000000 0.000000 -1.000000 0.000000 0.000000 -1.000000 0.000000 0.000000 -1.000000 0.000000 0.000000 -1.000000 0.000000 0.000000 -1.000000 0.000000 0.000000 -1.000000 0.000000 0.000000 -1.000000 0.000000 0.000000 -1.000000 0.000000 0.000000 -1.000000 0.000000 0.000000 -1.000000 0.000000 0.000000 -1.000000 0.000000 0.000000 -0.000000 0.258819 -0.965926 -0.000000 0.258819 -0.965926 -0.000000 0.000000 -1.000000 -0.000000 0.000000 -1.000000 -0.000000 -0.258819 -0.965926 -0.000000 -0.258819 -0.965926 -0.000000 -0.500000 -0.866025 -0.000000 -0.500000 -0.866025 -0.000000 -0.707107 -0.707107 -0.000000 -0.707107 -0.707107 -0.000000 -0.866025 -0.500000 -0.000000 -0.866025 -0.500000 -0.000000 -0.965926 -0.258819 -0.000000 -0.965926 -0.258819 -0.000000 -1.000000 -0.000000 -0.000000 -1.000000 -0.000000 -0.000000 -0.965926 0.258819 -0.000000 -0.965926 0.258819 -0.000000 -0.866025 0.500000 -0.000000 -0.866025 0.500000 -0.000000 -0.707107 0.707107 -0.000000 -0.707107 0.707107 -0.000000 -0.500000 0.866025 -0.000000 -0.500000 0.866025 -0.000000 -0.258819 0.965926 -0.000000 -0.258819 0.965926 -0.000000 -0.000000 1.000000 -0.000000 -0.000000 1.000000 -0.000000 0.258819 0.965926 -0.000000 0.258819 0.965926 -0.000000 0.500000 0.866025 -0.000000 0.500000 0.866025 -0.000000 0.707107 0.707107 -0.000000 0.707107 0.707107 -0.000000 0.866025 0.500000 -0.000000 0.866025 0.500000 -0.000000 0.965926 0.258819 -0.000000 0.965926 0.258819 -0.000000 1.000000 -0.000000 -0.000000 1.000000 -0.000000 -0.000000 0.965926 -0.258819 -0.000000 0.965926 -0.258819 -0.000000 0.866025 -0.500000 -0.000000 0.866025 -0.500000 -0.000000 0.707107 -0.707107 -0.000000 0.707107 -0.707107 -0.000000 0.500000 -0.866025 -0.000000 0.500000 -0.866025 -1.000000 0.000000 0.000000 -1.000000 0.000000 0.000000 -1.000000 0.000000 0.000000 -1.000000 0.000000 0.000000 -1.000000 0.000000 0.000000 -1.000000 0.000000 0.000000 -1.000000 0.000000 0.000000 -1.000000 0.000000 0.000000 -1.000000 0.000000 0.000000 -1.000000 0.000000 0.000000 -1.000000 0.000000 0.000000 -1.000000 0.000000 0.000000 -1.000000 0.000000 0.000000 -1.000000 0.000000 0.000000 -1.000000 0.000000 0.000000 -1.000000 0.000000 0.000000 -1.000000 0.000000 0.000000 -1.000000 0.000000 0.000000 -1.000000 0.000000 0.000000 -1.000000 0.000000 0.000000 -1.000000 0.000000 0.000000 -1.000000 0.000000 0.000000 -1.000000 0.000000 0.000000 -1.000000 0.000000 0.000000 -0.000000 0.258819 -0.965926 -0.000000 0.258819 -0.965926 -0.000000 0.000000 -1.000000 -0.000000 0.000000 -1.000000 -0.000000 -0.258819 -0.965926 -0.000000 -0.258819 -0.965926 -0.000000 -0.500000 -0.866025 -0.000000 -0.500000 -0.866025 -0.000000 -0.707107 -0.707107 -0.000000 -0.707107 -0.707107 -0.000000 -0.866025 -0.500000 -0.000000 -0.866025 -0.500000 -0.000000 -0.965926 -0.258819 -0.000000 -0.965926 -0.258819 -0.000000 -1.000000 -0.000000 -0.000000 -1.000000 -0.000000 -0.000000 -0.965926 0.258819 -0.000000 -0.965926 0.258819 -0.000000 -0.866025 0.500000 -0.000000 -0.866025 0.500000 -0.000000 -0.707107 0.707107 -0.000000 -0.707107 0.707107 -0.000000 -0.500000 0.866025 -0.000000 -0.500000 0.866025 -0.000000 -0.258819 0.965926 -0.000000 -0.258819 0.965926 -0.000000 -0.000000 1.000000 -0.000000 -0.000000 1.000000 -0.000000 0.258819 0.965926 -0.000000 0.258819 0.965926 -0.000000 0.500000 0.866025 -0.000000 0.500000 0.866025 -0.000000 0.707107 0.707107 -0.000000 0.707107 0.707107 -0.000000 0.866025 0.500000 -0.000000 0.866025 0.500000 -0.000000 0.965926 0.258819 -0.000000 0.965926 0.258819 -0.000000 1.000000 -0.000000 -0.000000 1.000000 -0.000000 -0.000000 0.965926 -0.258819 -0.000000 0.965926 -0.258819 -0.000000 0.866025 -0.500000 -0.000000 0.866025 -0.500000 -0.000000 0.707107 -0.707107 -0.000000 0.707107 -0.707107 -0.000000 0.500000 -0.866025 -0.000000 0.500000 -0.866025 -1.000000 0.000000 0.000000 -1.000000 0.000000 0.000000 -1.000000 0.000000 0.000000 -1.000000 0.000000 0.000000 -1.000000 0.000000 0.000000 -1.000000 0.000000 0.000000 -1.000000 0.000000 0.000000 -1.000000 0.000000 0.000000 -1.000000 0.000000 0.000000 -1.000000 0.000000 0.000000 -1.000000 0.000000 0.000000 -1.000000 0.000000 0.000000 -1.000000 0.000000 0.000000 -1.000000 0.000000 0.000000 -1.000000 0.000000 0.000000 -1.000000 0.000000 0.000000 -1.000000 0.000000 0.000000 -1.000000 0.000000 0.000000 -1.000000 0.000000 0.000000 -1.000000 0.000000 0.000000 -1.000000 0.000000 0.000000 -1.000000 0.000000 0.000000 -1.000000 0.000000 0.000000 -1.000000 0.000000 0.000000 -0.000000 0.258819 -0.965926 -0.000000 0.258819 -0.965926 -0.000000 0.000000 -1.000000 -0.000000 0.000000 -1.000000 -0.000000 -0.258819 -0.965926 -0.000000 -0.258819 -0.965926 -0.000000 -0.500000 -0.866025 -0.000000 -0.500000 -0.866025 -0.000000 -0.707107 -0.707107 -0.000000 -0.707107 -0.707107 -0.000000 -0.866025 -0.500000 -0.000000 -0.866025 -0.500000 -0.000000 -0.965926 -0.258819 -0.000000 -0.965926 -0.258819 -0.000000 -1.000000 -0.000000 -0.000000 -1.000000 -0.000000 -0.000000 -0.965926 0.258819 -0.000000 -0.965926 0.258819 -0.000000 -0.866025 0.500000 -0.000000 -0.866025 0.500000 -0.000000 -0.707107 0.707107 -0.000000 -0.707107 0.707107 -0.000000 -0.500000 0.866025 -0.000000 -0.500000 0.866025 -0.000000 -0.258819 0.965926 -0.000000 -0.258819 0.965926 -0.000000 -0.000000 1.000000 -0.000000 -0.000000 1.000000 -0.000000 0.258819 0.965926 -0.000000 0.258819 0.965926 -0.000000 0.500000 0.866025 -0.000000 0.500000 0.866025 -0.000000 0.707107 0.707107 -0.000000 0.707107 0.707107 -0.000000 0.866025 0.500000 -0.000000 0.866025 0.500000 -0.000000 0.965926 0.258819 -0.000000 0.965926 0.258819 -0.000000 1.000000 -0.000000 -0.000000 1.000000 -0.000000 -0.000000 0.965926 -0.258819 -0.000000 0.965926 -0.258819 -0.000000 0.866025 -0.500000 -0.000000 0.866025 -0.500000 -0.000000 0.707107 -0.707107 -0.000000 0.707107 -0.707107 -0.000000 0.500000 -0.866025 -0.000000 0.500000 -0.866025 -1.000000 0.000000 0.000000 -1.000000 0.000000 0.000000 -1.000000 0.000000 0.000000 -1.000000 0.000000 0.000000 -1.000000 0.000000 0.000000 -1.000000 0.000000 0.000000 -1.000000 0.000000 0.000000 -1.000000 0.000000 0.000000 -1.000000 0.000000 0.000000 -1.000000 0.000000 0.000000 -1.000000 0.000000 0.000000 -1.000000 0.000000 0.000000 -1.000000 0.000000 0.000000 -1.000000 0.000000 0.000000 -1.000000 0.000000 0.000000 -1.000000 0.000000 0.000000 -1.000000 0.000000 0.000000 -1.000000 0.000000 0.000000 -1.000000 0.000000 0.000000 -1.000000 0.000000 0.000000 -1.000000 0.000000 0.000000 -1.000000 0.000000 0.000000 -1.000000 0.000000 0.000000 -1.000000 0.000000 0.000000 -0.000000 0.258819 -0.965926 -0.000000 0.258819 -0.965926 -0.000000 0.000000 -1.000000 -0.000000 0.000000 -1.000000 -0.000000 -0.258819 -0.965926 -0.000000 -0.258819 -0.965926 -0.000000 -0.500000 -0.866025 -0.000000 -0.500000 -0.866025 -0.000000 -0.707107 -0.707107 -0.000000 -0.707107 -0.707107 -0.000000 -0.866025 -0.500000 -0.000000 -0.866025 -0.500000 -0.000000 -0.965926 -0.258819 -0.000000 -0.965926 -0.258819 -0.000000 -1.000000 -0.000000 -0.000000 -1.000000 -0.000000 -0.000000 -0.965926 0.258819 -0.000000 -0.965926 0.258819 -0.000000 -0.866025 0.500000 -0.000000 -0.866025 0.500000 -0.000000 -0.707107 0.707107 -0.000000 -0.707107 0.707107 -0.000000 -0.500000 0.866025 -0.000000 -0.500000 0.866025 -0.000000 -0.258819 0.965926 -0.000000 -0.258819 0.965926 -0.000000 -0.000000 1.000000 -0.000000 -0.000000 1.000000 -0.000000 0.258819 0.965926 -0.000000 0.258819 0.965926 -0.000000 0.500000 0.866025 -0.000000 0.500000 0.866025 -0.000000 0.707107 0.707107 -0.000000 0.707107 0.707107 -0.000000 0.866025 0.500000 -0.000000 0.866025 0.500000 -0.000000 0.965926 0.258819 -0.000000 0.965926 0.258819 -0.000000 1.000000 0.000000 -0.000000 1.000000 0.000000 -0.000000 0.965926 -0.258819 -0.000000 0.965926 -0.258819 -0.000000 0.866025 -0.500000 -0.000000 0.866025 -0.500000 -0.000000 0.707107 -0.707107 -0.000000 0.707107 -0.707107 -0.000000 0.500000 -0.866025 -0.000000 0.500000 -0.866025 -1.000000 0.000000 0.000000 -1.000000 0.000000 0.000000 -1.000000 0.000000 0.000000 -1.000000 0.000000 0.000000 -1.000000 0.000000 0.000000 -1.000000 0.000000 0.000000 -1.000000 0.000000 0.000000 -1.000000 0.000000 0.000000 -1.000000 0.000000 0.000000 -1.000000 0.000000 0.000000 -1.000000 0.000000 0.000000 -1.000000 0.000000 0.000000 -1.000000 0.000000 0.000000 -1.000000 0.000000 0.000000 -1.000000 0.000000 0.000000 -1.000000 0.000000 0.000000 -1.000000 0.000000 0.000000 -1.000000 0.000000 0.000000 -1.000000 0.000000 0.000000 -1.000000 0.000000 0.000000 -1.000000 0.000000 0.000000 -1.000000 0.000000 0.000000 -1.000000 0.000000 0.000000 -1.000000 0.000000 0.000000 0.000000 -0.000000 -1.000000 0.000000 -0.000000 -1.000000 0.000000 -0.000000 -1.000000 0.000000 -0.000000 -1.000000 0.000000 -0.000000 -1.000000 0.000000 -0.000000 -1.000000 0.000000 -0.000000 -1.000000 0.000000 -0.000000 -1.000000 -0.000000 0.000000 1.000000 -0.000000 0.000000 1.000000 -0.000000 0.000000 1.000000 -0.000000 0.000000 1.000000 -0.000000 0.000000 1.000000 -0.000000 0.000000 1.000000 -0.000000 0.000000 1.000000 -0.000000 0.000000 1.000000 -1.000000 0.000000 0.000000 -1.000000 0.000000 0.000000 -1.000000 0.000000 0.000000 -1.000000 0.000000 0.000000 -1.000000 0.000000 0.000000 -1.000000 0.000000 0.000000 -1.000000 0.000000 0.000000 -1.000000 0.000000 0.000000 -1.000000 0.000000 0.000000 -1.000000 0.000000 0.000000 -1.000000 0.000000 0.000000 -1.000000 0.000000 0.000000 -1.000000 0.000000 0.000000 -1.000000 0.000000 0.000000 -1.000000 0.000000 0.000000 -1.000000 0.000000 0.000000 -1.000000 0.000000 0.000000 -1.000000 0.000000 0.000000 -1.000000 0.000000 0.000000 -1.000000 0.000000 0.000000 -1.000000 0.000000 0.000000 1.000000 -0.000000 -0.000000 1.000000 -0.000000 -0.000000 1.000000 -0.000000 -0.000000 1.000000 -0.000000 -0.000000 0.000000 -1.000000 0.000000 0.000000 -1.000000 0.000000 0.000000 -1.000000 0.000000 0.000000 -1.000000 0.000000 0.000000 1.000000 -0.000000 0.000000 1.000000 -0.000000 0.000000 1.000000 -0.000000 0.000000 1.000000 -0.000000 -0.000000 -0.000000 -1.000000 -0.000000 -0.000000 -1.000000 -0.000000 -0.000000 -1.000000 -0.000000 -0.000000 -1.000000 1.000000 -0.000000 -0.000000 1.000000 -0.000000 -0.000000 1.000000 -0.000000 -0.000000 1.000000 -0.000000 -0.000000</float_array>
          <technique_common>
            <accessor source="#Arm01-mesh-normals-array" count="5108" stride="3">
              <param name="X" type="float"/>
              <param name="Y" type="float"/>
              <param name="Z" type="float"/>
            </accessor>
          </technique_common>
        </source>
        <vertices id="Arm01-mesh-vertices">
          <input semantic="POSITION" source="#Arm01-mesh-positions"/>
        </vertices>
        <triangles material="Opaque_0_192_0_" count="5096">
          <input semantic="VERTEX" source="#Arm01-mesh-vertices" offset="0"/>
          <input semantic="NORMAL" source="#Arm01-mesh-normals" offset="1"/>
          <p>1 0 74 1 0 2 0 2 74 1 75 3 0 2 75 3 49 4 49 4 75 3 76 5 49 4 76 5 48 6 48 6 76 5 77 7 48 6 77 7 47 8 47 8 77 7 78 9 47 8 78 9 46 10 46 10 78 9 79 11 46 10 79 11 45 12 45 12 79 11 80 13 45 12 80 13 44 14 44 14 80 13 81 15 44 14 81 15 43 16 43 16 81 15 82 17 43 16 82 17 42 18 42 18 82 17 83 19 42 18 83 19 41 20 41 20 83 19 84 21 41 20 84 21 40 22 40 22 84 21 85 23 40 22 85 23 39 24 39 24 85 23 86 25 39 24 86 25 38 26 38 26 86 25 87 27 38 26 87 27 37 28 37 28 87 27 88 29 37 28 88 29 36 30 36 30 88 29 89 31 36 30 89 31 35 32 35 32 89 31 90 33 35 32 90 33 34 34 34 34 90 33 91 35 34 34 91 35 33 36 33 36 91 35 92 37 33 36 92 37 32 38 32 38 92 37 93 39 32 38 93 39 31 40 31 40 93 39 94 41 31 40 94 41 30 42 30 42 94 41 95 43 30 42 95 43 29 44 29 44 95 43 96 45 29 44 96 45 28 46 28 46 96 45 97 47 28 46 97 47 27 48 27 48 97 47 98 49 27 48 98 49 26 50 26 50 98 49 99 51 26 50 99 51 25 52 25 52 99 51 50 53 25 52 50 53 24 54 24 54 50 53 51 55 24 54 51 55 23 56 23 56 51 55 52 57 23 56 52 57 22 58 22 58 52 57 53 59 22 58 53 59 21 60 21 60 53 59 54 61 21 60 54 61 20 62 20 62 54 61 55 63 20 62 55 63 19 64 19 64 55 63 56 65 19 64 56 65 18 66 18 66 56 65 57 67 18 66 57 67 17 68 17 68 57 67 58 69 17 68 58 69 16 70 16 70 58 69 59 71 16 70 59 71 15 72 15 72 59 71 60 73 15 72 60 73 14 74 14 74 60 73 61 75 14 74 61 75 13 76 13 76 61 75 62 77 13 76 62 77 12 78 12 78 62 77 63 79 12 78 63 79 11 80 11 80 63 79 64 81 11 80 64 81 10 82 10 82 64 81 65 83 10 82 65 83 9 84 9 84 65 83 66 85 9 84 66 85 8 86 8 86 66 85 67 87 8 86 67 87 7 88 7 88 67 87 68 89 7 88 68 89 6 90 6 90 68 89 69 91 6 90 69 91 5 92 5 92 69 91 70 93 5 92 70 93 4 94 4 94 70 93 71 95 4 94 71 95 3 96 3 96 71 95 72 97 3 96 72 97 2 98 2 98 72 97 73 99 2 98 73 99 1 0 1 0 73 99 74 1 101 100 164 101 100 102 100 102 164 101 165 103 100 102 165 103 142 104 142 104 165 103 166 105 142 104 166 105 141 106 141 106 166 105 167 107 141 106 167 107 140 108 140 108 167 107 168 109 140 108 168 109 139 110 139 110 168 109 169 111 139 110 169 111 138 112 138 112 169 111 170 113 138 112 170 113 137 114 137 114 170 113 171 115 137 114 171 115 136 116 136 116 171 115 172 117 136 116 172 117 135 118 135 118 172 117 173 119 135 118 173 119 134 120 134 120 173 119 174 121 134 120 174 121 133 122 133 122 174 121 175 123 133 122 175 123 132 124 132 124 175 123 176 125 132 124 176 125 131 126 131 126 176 125 177 127 131 126 177 127 130 128 130 128 177 127 178 129 130 128 178 129 129 130 129 130 178 129 179 131 129 130 179 131 128 132 128 132 179 131 180 133 128 132 180 133 127 134 127 134 180 133 181 135 127 134 181 135 126 136 126 136 181 135 182 137 126 136 182 137 125 138 125 138 182 137 183 139 125 138 183 139 124 140 124 140 183 139 184 141 124 140 184 141 123 142 123 142 184 141 185 143 123 142 185 143 122 144 122 144 185 143 143 145 122 144 143 145 121 146 121 146 143 145 144 147 121 146 144 147 120 148 120 148 144 147 145 149 120 148 145 149 119 150 119 150 145 149 146 151 119 150 146 151 118 152 118 152 146 151 147 153 118 152 147 153 117 154 117 154 147 153 148 155 117 154 148 155 116 156 116 156 148 155 149 157 116 156 149 157 115 158 115 158 149 157 150 159 115 158 150 159 114 160 114 160 150 159 151 161 114 160 151 161 113 162 113 162 151 161 152 163 113 162 152 163 112 164 112 164 152 163 153 165 112 164 153 165 111 166 111 166 153 165 154 167 111 166 154 167 110 168 110 168 154 167 155 169 110 168 155 169 109 170 109 170 155 169 156 171 109 170 156 171 108 172 108 172 156 171 157 173 108 172 157 173 107 174 107 174 157 173 158 175 107 174 158 175 106 176 106 176 158 175 159 177 106 176 159 177 105 178 105 178 159 177 160 179 105 178 160 179 104 180 104 180 160 179 161 181 104 180 161 181 103 182 103 182 161 181 162 183 103 182 162 183 102 184 102 184 162 183 163 185 102 184 163 185 101 100 101 100 163 185 164 101 187 186 285 187 186 188 186 188 285 187 236 189 186 188 236 189 235 190 235 190 236 189 237 191 235 190 237 191 318 192 318 192 237 191 317 193 317 193 237 191 238 194 317 193 238 194 316 195 316 195 238 194 239 196 316 195 239 196 315 197 315 197 239 196 240 198 315 197 240 198 314 199 314 199 240 198 241 200 314 199 241 200 313 201 313 201 241 200 242 202 313 201 242 202 312 203 312 203 242 202 243 204 312 203 243 204 311 205 311 205 243 204 244 206 311 205 244 206 310 207 310 207 244 206 245 208 310 207 245 208 309 209 309 209 245 208 246 210 309 209 246 210 308 211 308 211 246 210 247 212 308 211 247 212 307 213 307 213 247 212 248 214 307 213 248 214 306 215 306 215 248 214 305 216 305 216 248 214 249 217 305 216 249 217 304 218 304 218 249 217 250 219 304 218 250 219 303 220 303 220 250 219 251 221 303 220 251 221 302 222 302 222 251 221 252 223 302 222 252 223 301 224 301 224 252 223 253 225 301 224 253 225 300 226 300 226 253 225 254 227 300 226 254 227 299 228 299 228 254 227 255 229 299 228 255 229 298 230 298 230 255 229 256 231 298 230 256 231 297 232 297 232 256 231 257 233 297 232 257 233 296 234 296 234 257 233 258 235 296 234 258 235 295 236 295 236 258 235 259 237 295 236 259 237 294 238 294 238 259 237 260 239 294 238 260 239 293 240 293 240 260 239 212 241 293 240 212 241 213 242 285 187 187 186 284 243 284 243 187 186 188 244 284 243 188 244 283 245 283 245 188 244 189 246 283 245 189 246 282 247 282 247 189 246 190 248 282 247 190 248 281 249 281 249 190 248 191 250 281 249 191 250 280 251 280 251 191 250 192 252 280 251 192 252 279 253 279 253 192 252 193 254 279 253 193 254 278 255 278 255 193 254 194 256 278 255 194 256 277 257 277 257 194 256 195 258 277 257 195 258 276 259 276 259 195 258 196 260 276 259 196 260 275 261 275 261 196 260 197 262 275 261 197 262 274 263 274 263 197 262 198 264 274 263 198 264 273 265 273 265 198 264 199 266 273 265 199 266 272 267 272 267 199 266 200 268 272 267 200 268 271 269 271 269 200 268 201 270 271 269 201 270 270 271 270 271 201 270 202 272 270 271 202 272 269 273 269 273 202 272 203 274 269 273 203 274 268 275 268 275 203 274 204 276 268 275 204 276 267 277 267 277 204 276 205 278 267 277 205 278 266 279 266 279 205 278 206 280 266 279 206 280 265 281 265 281 206 280 207 282 265 281 207 282 264 283 264 283 207 282 208 284 264 283 208 284 263 285 263 285 208 284 209 286 263 285 209 286 262 287 262 287 209 286 210 288 262 287 210 288 261 289 261 289 210 288 211 290 261 289 211 290 260 239 260 239 211 290 212 241 214 291 291 292 213 242 213 242 291 292 292 293 213 242 292 293 293 240 291 292 214 291 290 294 290 294 214 291 215 295 290 294 215 295 289 296 289 296 215 295 216 297 289 296 216 297 288 298 288 298 216 297 217 299 288 298 217 299 287 300 287 300 217 299 218 301 287 300 218 301 286 302 286 302 218 301 219 303 286 302 219 303 337 304 337 304 219 303 336 305 336 305 219 303 220 306 336 305 220 306 335 307 335 307 220 306 221 308 335 307 221 308 334 309 334 309 221 308 222 310 334 309 222 310 333 311 333 311 222 310 223 312 333 311 223 312 332 313 332 313 223 312 224 314 332 313 224 314 331 315 331 315 224 314 330 316 330 316 224 314 225 317 330 316 225 317 329 318 329 318 225 317 226 319 329 318 226 319 328 320 328 320 226 319 227 321 328 320 227 321 327 322 327 322 227 321 228 323 327 322 228 323 326 324 326 324 228 323 325 325 325 325 228 323 229 326 325 325 229 326 324 327 324 327 229 326 230 328 324 327 230 328 323 329 323 329 230 328 231 330 323 329 231 330 322 331 322 331 231 330 232 332 322 331 232 332 321 333 321 333 232 332 233 334 321 333 233 334 320 335 320 335 233 334 234 336 320 335 234 336 319 337 319 337 234 336 318 192 318 192 234 336 235 190 237 338 236 339 338 340 338 340 236 339 285 341 338 340 285 341 384 342 384 342 285 341 284 343 384 342 284 343 383 344 383 344 284 343 283 345 383 344 283 345 382 346 382 346 283 345 282 347 382 346 282 347 381 348 381 348 282 347 281 349 381 348 281 349 380 350 380 350 281 349 280 351 380 350 280 351 379 352 379 352 280 351 279 353 379 352 279 353 378 354 378 354 279 353 278 355 378 354 278 355 377 356 377 356 278 355 277 357 377 356 277 357 376 358 376 358 277 357 276 359 376 358 276 359 375 360 375 360 276 359 275 361 375 360 275 361 374 362 374 362 275 361 274 363 374 362 274 363 373 364 373 364 274 363 273 365 373 364 273 365 372 366 372 366 273 365 272 367 372 366 272 367 371 368 371 368 272 367 271 369 371 368 271 369 370 370 370 370 271 369 270 371 370 370 270 371 369 372 369 372 270 371 269 373 369 372 269 373 268 374 369 372 268 374 368 375 368 375 268 374 267 376 368 375 267 376 367 377 367 377 267 376 266 378 367 377 266 378 366 379 366 379 266 378 265 380 366 379 265 380 365 381 365 381 265 380 264 382 365 381 264 382 364 383 364 383 264 382 263 384 364 383 263 384 363 385 363 385 263 384 262 386 363 385 262 386 362 387 362 387 262 386 261 388 362 387 261 388 361 389 361 389 261 388 260 390 361 389 260 390 360 391 360 391 260 390 259 392 360 391 259 392 359 393 359 393 259 392 258 394 359 393 258 394 358 395 358 395 258 394 257 396 358 395 257 396 357 397 357 397 257 396 256 398 357 397 256 398 356 399 356 399 256 398 255 400 356 399 255 400 355 401 355 401 255 400 254 402 355 401 254 402 354 403 354 403 254 402 253 404 354 403 253 404 252 405 354 403 252 405 353 406 353 406 252 405 251 407 353 406 251 407 352 408 352 408 251 407 250 409 352 408 250 409 351 410 351 410 250 409 249 411 351 410 249 411 350 412 350 412 249 411 248 413 350 412 248 413 349 414 349 414 248 413 247 415 349 414 247 415 348 416 348 416 247 415 246 417 348 416 246 417 347 418 347 418 246 417 245 419 347 418 245 419 346 420 346 420 245 419 244 421 346 420 244 421 345 422 345 422 244 421 243 423 345 422 243 423 344 424 344 424 243 423 242 425 344 424 242 425 343 426 343 426 242 425 241 427 343 426 241 427 342 428 342 428 241 427 240 429 342 428 240 429 341 430 341 430 240 429 239 431 341 430 239 431 340 432 340 432 239 431 238 433 340 432 238 433 339 434 339 434 238 433 237 338 339 434 237 338 338 340 235 435 408 436 186 437 186 437 408 436 409 438 186 437 409 438 187 439 187 439 409 438 410 440 187 439 410 440 188 441 188 441 410 440 411 442 188 441 411 442 189 443 189 443 411 442 412 444 189 443 412 444 190 445 190 445 412 444 413 446 190 445 413 446 191 447 191 447 413 446 414 448 191 447 414 448 192 449 192 449 414 448 415 450 192 449 415 450 193 451 193 451 415 450 416 452 193 451 416 452 194 453 194 453 416 452 195 454 195 454 416 452 417 455 195 454 417 455 196 456 196 456 417 455 418 457 196 456 418 457 197 458 197 458 418 457 419 459 197 458 419 459 198 460 198 460 419 459 420 461 198 460 420 461 199 462 199 462 420 461 421 463 199 462 421 463 200 464 200 464 421 463 422 465 200 464 422 465 201 466 201 466 422 465 423 467 201 466 423 467 202 468 202 468 423 467 424 469 202 468 424 469 203 470 203 470 424 469 425 471 203 470 425 471 204 472 204 472 425 471 426 473 204 472 426 473 205 474 205 474 426 473 427 475 205 474 427 475 206 476 206 476 427 475 428 477 206 476 428 477 207 478 207 478 428 477 429 479 207 478 429 479 208 480 208 480 429 479 430 481 208 480 430 481 209 482 209 482 430 481 431 483 209 482 431 483 210 484 210 484 431 483 385 485 210 484 385 485 211 486 211 486 385 485 212 487 212 487 385 485 386 488 212 487 386 488 213 489 213 489 386 488 387 490 213 489 387 490 214 491 214 491 387 490 388 492 214 491 388 492 215 493 215 493 388 492 389 494 215 493 389 494 216 495 216 495 389 494 390 496 216 495 390 496 217 497 217 497 390 496 391 498 217 497 391 498 218 499 218 499 391 498 392 500 218 499 392 500 219 501 219 501 392 500 393 502 219 501 393 502 220 503 220 503 393 502 394 504 220 503 394 504 221 505 221 505 394 504 395 506 221 505 395 506 222 507 222 507 395 506 396 508 222 507 396 508 223 509 223 509 396 508 397 510 223 509 397 510 224 511 224 511 397 510 398 512 224 511 398 512 225 513 225 513 398 512 399 514 225 513 399 514 226 515 226 515 399 514 400 516 226 515 400 516 227 517 227 517 400 516 401 518 227 517 401 518 228 519 228 519 401 518 229 520 229 520 401 518 402 521 229 520 402 521 230 522 230 522 402 521 403 523 230 522 403 523 231 524 231 524 403 523 404 525 231 524 404 525 232 526 232 526 404 525 405 527 232 526 405 527 233 528 233 528 405 527 406 529 233 528 406 529 234 530 234 530 406 529 407 531 234 530 407 531 235 435 235 435 407 531 408 436 461 532 432 533 460 534 460 534 432 533 433 535 460 534 433 535 459 536 459 536 433 535 434 537 459 536 434 537 458 538 458 538 434 537 435 539 458 538 435 539 457 540 457 540 435 539 436 541 457 540 436 541 456 542 456 542 436 541 437 543 456 542 437 543 455 544 455 544 437 543 438 545 455 544 438 545 454 546 454 546 438 545 439 547 454 546 439 547 453 548 453 548 439 547 440 549 453 548 440 549 452 550 452 550 440 549 441 551 452 550 441 551 451 552 451 552 441 551 442 553 451 552 442 553 450 554 450 554 442 553 443 555 450 554 443 555 449 556 449 556 443 555 444 557 449 556 444 557 448 558 448 558 444 557 445 559 448 558 445 559 447 560 447 560 445 559 446 561 447 560 446 561 293 240 293 240 446 561 294 238 462 562 463 563 495 564 495 564 463 563 494 565 494 565 463 563 464 566 494 565 464 566 493 567 493 567 464 566 465 568 493 567 465 568 492 569 492 569 465 568 466 570 492 569 466 570 491 571 491 571 466 570 467 572 491 571 467 572 490 573 490 573 467 572 468 574 490 573 468 574 489 575 489 575 468 574 469 576 489 575 469 576 488 577 488 577 469 576 470 578 488 577 470 578 487 579 487 579 470 578 472 580 487 579 472 580 486 581 486 581 472 580 473 582 486 581 473 582 474 583 470 578 471 584 472 580 486 581 474 583 485 585 485 585 474 583 475 586 485 585 475 586 484 587 484 587 475 586 476 588 484 587 476 588 477 589 484 587 477 589 483 590 483 590 477 589 478 591 483 590 478 591 482 592 482 592 478 591 479 593 482 592 479 593 481 594 481 594 479 593 480 595 481 594 480 595 317 193 317 193 480 595 318 192 318 596 480 597 319 598 319 598 480 597 320 599 320 599 480 597 321 600 321 600 480 597 322 601 322 601 480 597 323 602 323 602 480 597 479 603 323 602 479 603 324 604 324 604 479 603 325 605 325 605 479 603 478 606 325 605 478 606 477 607 325 605 477 607 517 608 517 608 477 607 476 609 517 608 476 609 471 610 470 611 505 612 471 610 471 610 505 612 506 613 471 610 506 613 517 608 517 608 506 613 453 614 517 608 453 614 516 615 516 615 453 614 452 616 516 615 452 616 451 617 470 611 469 618 505 612 505 612 469 618 468 619 505 612 468 619 467 620 505 612 467 620 504 621 504 621 467 620 466 622 504 621 466 622 503 623 503 623 466 622 465 624 503 623 465 624 502 625 502 625 465 624 501 626 501 626 465 624 464 627 501 626 464 627 500 628 500 628 464 627 499 629 499 629 464 627 463 630 499 629 463 630 498 631 498 631 463 630 497 632 497 632 463 630 496 633 496 633 463 630 462 634 507 635 456 636 506 613 506 613 456 636 455 637 506 613 455 637 454 638 456 636 507 635 457 639 457 639 507 635 508 640 457 639 508 640 458 641 458 641 508 640 509 642 458 641 509 642 510 643 458 641 510 643 459 644 459 644 510 643 511 645 459 644 511 645 512 646 459 644 512 646 460 647 460 647 512 646 513 648 460 647 513 648 514 649 514 649 515 650 460 647 460 647 515 650 461 651 454 638 453 614 506 613 451 617 450 652 516 615 516 615 450 652 449 653 516 615 449 653 286 654 286 654 449 653 448 655 286 654 448 655 287 656 287 656 448 655 288 657 288 657 448 655 447 658 288 657 447 658 289 659 289 659 447 658 290 660 290 660 447 658 291 661 291 661 447 658 292 662 292 662 447 658 293 663 432 664 518 665 433 666 433 666 518 665 519 667 433 666 519 667 520 668 520 668 521 669 433 666 433 666 521 669 434 670 434 670 521 669 522 671 434 670 522 671 523 672 434 670 523 672 435 673 435 673 523 672 524 674 435 673 524 674 525 675 435 673 525 675 436 676 436 676 525 675 526 677 436 676 526 677 437 678 437 678 526 677 527 679 437 678 527 679 528 680 437 678 528 680 438 681 438 681 528 680 529 682 438 681 529 682 439 683 439 683 529 682 530 684 439 683 530 684 488 685 488 685 530 684 531 686 488 685 531 686 489 687 489 687 531 686 532 688 489 687 532 688 490 689 490 689 532 688 533 690 490 689 533 690 534 691 490 689 534 691 491 692 491 692 534 691 535 693 491 692 535 693 492 694 492 694 535 693 536 695 492 694 536 695 537 696 492 694 537 696 493 697 493 697 537 696 538 698 493 697 538 698 539 699 493 697 539 699 494 700 494 700 539 699 540 701 494 700 540 701 541 702 541 702 542 703 494 700 494 700 542 703 495 704 439 683 488 685 440 705 440 705 488 685 487 706 440 705 487 706 441 707 441 707 487 706 486 708 441 707 486 708 442 709 442 709 486 708 485 710 442 709 485 710 305 711 305 711 485 710 306 712 306 712 485 710 307 713 307 713 485 710 484 714 307 713 484 714 308 715 308 715 484 714 309 716 309 716 484 714 483 717 309 716 483 717 310 718 310 718 483 717 482 719 310 718 482 719 311 720 311 720 482 719 312 721 312 721 482 719 313 722 313 722 482 719 481 723 313 722 481 723 314 724 314 724 481 723 315 725 315 725 481 723 316 726 316 726 481 723 317 727 305 711 304 728 442 709 442 709 304 728 443 729 443 729 304 728 303 730 443 729 303 730 302 731 443 729 302 731 444 732 444 732 302 731 301 733 444 732 301 733 445 734 445 734 301 733 300 735 445 734 300 735 299 736 299 736 298 737 445 734 445 734 298 737 446 738 446 738 298 737 297 739 446 738 297 739 296 740 296 740 295 741 446 738 446 738 295 741 294 742 544 743 664 744 543 745 543 745 664 744 604 746 543 745 604 746 603 747 603 747 604 746 605 748 603 747 605 748 602 749 602 749 605 748 606 750 602 749 606 750 462 562 462 562 606 750 607 751 462 562 607 751 496 752 496 752 607 751 608 753 496 752 608 753 497 754 497 754 608 753 609 755 497 754 609 755 498 756 498 756 609 755 610 757 498 756 610 757 499 758 499 758 610 757 611 759 499 758 611 759 500 760 500 760 611 759 612 761 500 760 612 761 501 762 501 762 612 761 613 763 501 762 613 763 502 764 502 764 613 763 614 765 502 764 614 765 503 766 503 766 614 765 615 767 503 766 615 767 504 768 504 768 615 767 616 769 504 768 616 769 673 770 673 770 616 769 672 771 672 771 616 769 617 772 672 771 617 772 671 773 671 773 617 772 618 774 671 773 618 774 670 775 670 775 618 774 619 776 670 775 619 776 669 777 669 777 619 776 620 778 669 777 620 778 668 779 668 779 620 778 621 780 668 779 621 780 667 781 667 781 621 780 622 782 667 781 622 782 666 783 666 783 622 782 623 784 666 783 623 784 665 785 665 785 623 784 507 786 507 786 623 784 624 787 507 786 624 787 508 788 508 788 624 787 625 789 508 788 625 789 509 790 509 790 625 789 626 791 509 790 626 791 510 792 510 792 626 791 627 793 510 792 627 793 511 794 511 794 627 793 628 795 511 794 628 795 512 796 512 796 628 795 629 797 512 796 629 797 513 798 513 798 629 797 630 799 513 798 630 799 514 800 514 800 630 799 631 801 514 800 631 801 515 802 515 802 631 801 632 803 515 802 632 803 461 532 461 532 632 803 633 804 461 532 633 804 575 805 575 805 633 804 574 806 574 806 633 804 634 807 574 806 634 807 573 808 573 808 634 807 635 809 573 808 635 809 572 810 572 810 635 809 636 811 572 810 636 811 571 812 571 812 636 811 637 813 571 812 637 813 570 814 570 814 637 813 638 815 570 814 638 815 569 816 569 816 638 815 639 817 569 816 639 817 568 818 568 818 639 817 640 819 568 818 640 819 567 820 567 820 640 819 641 821 567 820 641 821 566 822 566 822 641 821 642 823 566 822 642 823 565 824 565 824 642 823 643 825 565 824 643 825 564 826 564 826 643 825 644 827 564 826 644 827 563 828 563 828 644 827 645 829 563 828 645 829 562 830 562 830 645 829 646 831 562 830 646 831 561 832 561 832 646 831 647 833 561 832 647 833 560 834 560 834 647 833 648 835 560 834 648 835 559 836 559 836 648 835 649 837 559 836 649 837 558 838 558 838 649 837 650 839 558 838 650 839 557 840 557 840 650 839 651 841 557 840 651 841 556 842 556 842 651 841 652 843 556 842 652 843 555 844 555 844 652 843 653 845 555 844 653 845 554 846 554 846 653 845 654 847 554 846 654 847 553 848 553 848 654 847 655 849 553 848 655 849 552 850 552 850 655 849 656 851 552 850 656 851 551 852 551 852 656 851 657 853 551 852 657 853 550 854 550 854 657 853 658 855 550 854 658 855 549 856 549 856 658 855 659 857 549 856 659 857 548 858 548 858 659 857 660 859 548 858 660 859 547 860 547 860 660 859 661 861 547 860 661 861 546 862 546 862 661 861 662 863 546 862 662 863 545 864 545 864 662 863 663 865 545 864 663 865 544 743 544 743 663 865 664 744 461 532 575 805 432 533 432 533 575 805 576 866 432 533 576 866 518 867 518 867 576 866 577 868 518 867 577 868 519 869 519 869 577 868 578 870 519 869 578 870 520 871 520 871 578 870 579 872 520 871 579 872 521 873 521 873 579 872 580 874 521 873 580 874 522 875 522 875 580 874 581 876 522 875 581 876 523 877 523 877 581 876 582 878 523 877 582 878 524 879 524 879 582 878 583 880 524 879 583 880 525 881 525 881 583 880 584 882 525 881 584 882 526 883 526 883 584 882 585 884 526 883 585 884 527 885 527 885 585 884 586 886 527 885 586 886 528 887 528 887 586 886 587 888 528 887 587 888 529 889 529 889 587 888 588 890 529 889 588 890 530 891 530 891 588 890 589 892 530 891 589 892 531 893 531 893 589 892 590 894 531 893 590 894 532 895 532 895 590 894 591 896 532 895 591 896 533 897 533 897 591 896 592 898 533 897 592 898 534 899 534 899 592 898 593 900 534 899 593 900 535 901 535 901 593 900 594 902 535 901 594 902 536 903 536 903 594 902 595 904 536 903 595 904 537 905 537 905 595 904 596 906 537 905 596 906 538 907 538 907 596 906 597 908 538 907 597 908 539 909 539 909 597 908 598 910 539 909 598 910 540 911 540 911 598 910 599 912 540 911 599 912 541 913 541 913 599 912 600 914 541 913 600 914 542 915 542 915 600 914 601 916 542 915 601 916 495 564 495 564 601 916 602 749 495 564 602 749 462 562 544 917 543 918 674 919 674 919 543 918 603 920 674 919 603 920 732 921 732 921 603 920 602 922 732 921 602 922 731 923 731 923 602 922 601 924 731 923 601 924 730 925 730 925 601 924 600 926 730 925 600 926 729 927 729 927 600 926 599 928 729 927 599 928 728 929 728 929 599 928 598 930 728 929 598 930 727 931 727 931 598 930 597 932 727 931 597 932 726 933 726 933 597 932 596 934 726 933 596 934 725 935 725 935 596 934 595 936 725 935 595 936 724 937 724 937 595 936 594 938 724 937 594 938 723 939 723 939 594 938 593 940 723 939 593 940 722 941 722 941 593 940 592 942 722 941 592 942 721 943 721 943 592 942 591 944 721 943 591 944 720 945 720 945 591 944 590 946 720 945 590 946 719 947 719 947 590 946 589 948 719 947 589 948 718 949 718 949 589 948 588 950 718 949 588 950 717 951 717 951 588 950 587 952 717 951 587 952 716 953 716 953 587 952 586 954 716 953 586 954 715 955 715 955 586 954 585 956 715 955 585 956 714 957 714 957 585 956 584 958 714 957 584 958 713 959 713 959 584 958 583 960 713 959 583 960 712 961 712 961 583 960 582 962 712 961 582 962 711 963 711 963 582 962 581 964 711 963 581 964 710 965 710 965 581 964 580 966 710 965 580 966 709 967 709 967 580 966 579 968 709 967 579 968 708 969 708 969 579 968 578 970 708 969 578 970 707 971 707 971 578 970 577 972 707 971 577 972 706 973 706 973 577 972 576 974 706 973 576 974 705 975 705 975 576 974 575 976 705 975 575 976 704 977 704 977 575 976 574 978 704 977 574 978 573 979 704 977 573 979 703 980 703 980 573 979 572 981 703 980 572 981 702 982 702 982 572 981 571 983 702 982 571 983 701 984 701 984 571 983 570 985 701 984 570 985 700 986 700 986 570 985 569 987 700 986 569 987 699 988 699 988 569 987 568 989 699 988 568 989 698 990 698 990 568 989 567 991 698 990 567 991 697 992 697 992 567 991 566 993 697 992 566 993 696 994 696 994 566 993 565 995 696 994 565 995 695 996 695 996 565 995 564 997 695 996 564 997 694 998 694 998 564 997 563 999 694 998 563 999 693 1000 693 1000 563 999 562 1001 693 1000 562 1001 692 1002 692 1002 562 1001 561 1003 692 1002 561 1003 691 1004 691 1004 561 1003 560 1005 691 1004 560 1005 690 1006 690 1006 560 1005 559 1007 690 1006 559 1007 689 1008 689 1008 559 1007 558 1009 689 1008 558 1009 688 1010 688 1010 558 1009 557 1011 688 1010 557 1011 687 1012 687 1012 557 1011 556 1013 687 1012 556 1013 686 1014 686 1014 556 1013 555 1015 686 1014 555 1015 685 1016 685 1016 555 1015 554 1017 685 1016 554 1017 684 1018 684 1018 554 1017 553 1019 684 1018 553 1019 683 1020 683 1020 553 1019 552 1021 683 1020 552 1021 682 1022 682 1022 552 1021 551 1023 682 1022 551 1023 681 1024 681 1024 551 1023 550 1025 681 1024 550 1025 680 1026 680 1026 550 1025 549 1027 680 1026 549 1027 679 1028 679 1028 549 1027 548 1029 679 1028 548 1029 678 1030 678 1030 548 1029 547 1031 678 1030 547 1031 677 1032 677 1032 547 1031 546 1033 677 1032 546 1033 676 1034 676 1034 546 1033 545 1035 676 1034 545 1035 675 1036 675 1036 545 1035 544 917 675 1036 544 917 674 919 664 1037 762 1038 604 1039 604 1039 762 1038 763 1040 604 1039 763 1040 605 1041 605 1041 763 1040 764 1042 605 1041 764 1042 606 1043 606 1043 764 1042 765 1044 606 1043 765 1044 607 1045 607 1045 765 1044 766 1046 607 1045 766 1046 608 1047 608 1047 766 1046 767 1048 608 1047 767 1048 609 1049 609 1049 767 1048 768 1050 609 1049 768 1050 610 1051 610 1051 768 1050 769 1052 610 1051 769 1052 611 1053 611 1053 769 1052 770 1054 611 1053 770 1054 612 1055 612 1055 770 1054 771 1056 612 1055 771 1056 613 1057 613 1057 771 1056 772 1058 613 1057 772 1058 614 1059 614 1059 772 1058 773 1060 614 1059 773 1060 615 1061 615 1061 773 1060 774 1062 615 1061 774 1062 616 1063 616 1063 774 1062 775 1064 616 1063 775 1064 617 1065 617 1065 775 1064 776 1066 617 1065 776 1066 618 1067 618 1067 776 1066 777 1068 618 1067 777 1068 619 1069 619 1069 777 1068 620 1070 620 1070 777 1068 778 1071 620 1070 778 1071 621 1072 621 1072 778 1071 779 1073 621 1072 779 1073 622 1074 622 1074 779 1073 780 1075 622 1074 780 1075 623 1076 623 1076 780 1075 781 1077 623 1076 781 1077 624 1078 624 1078 781 1077 782 1079 624 1078 782 1079 625 1080 625 1080 782 1079 783 1081 625 1080 783 1081 626 1082 626 1082 783 1081 784 1083 626 1082 784 1083 627 1084 627 1084 784 1083 785 1085 627 1084 785 1085 628 1086 628 1086 785 1085 786 1087 628 1086 786 1087 629 1088 629 1088 786 1087 787 1089 629 1088 787 1089 630 1090 630 1090 787 1089 788 1091 630 1090 788 1091 631 1092 631 1092 788 1091 789 1093 631 1092 789 1093 632 1094 632 1094 789 1093 790 1095 632 1094 790 1095 633 1096 633 1096 790 1095 791 1097 633 1096 791 1097 634 1098 634 1098 791 1097 733 1099 634 1098 733 1099 635 1100 635 1100 733 1099 734 1101 635 1100 734 1101 636 1102 636 1102 734 1101 735 1103 636 1102 735 1103 637 1104 637 1104 735 1103 736 1105 637 1104 736 1105 638 1106 638 1106 736 1105 737 1107 638 1106 737 1107 639 1108 639 1108 737 1107 738 1109 639 1108 738 1109 640 1110 640 1110 738 1109 739 1111 640 1110 739 1111 641 1112 641 1112 739 1111 740 1113 641 1112 740 1113 642 1114 642 1114 740 1113 741 1115 642 1114 741 1115 643 1116 643 1116 741 1115 742 1117 643 1116 742 1117 644 1118 644 1118 742 1117 743 1119 644 1118 743 1119 645 1120 645 1120 743 1119 744 1121 645 1120 744 1121 646 1122 646 1122 744 1121 745 1123 646 1122 745 1123 647 1124 647 1124 745 1123 746 1125 647 1124 746 1125 648 1126 648 1126 746 1125 747 1127 648 1126 747 1127 649 1128 649 1128 747 1127 748 1129 649 1128 748 1129 650 1130 650 1130 748 1129 651 1131 651 1131 748 1129 749 1132 651 1131 749 1132 652 1133 652 1133 749 1132 750 1134 652 1133 750 1134 653 1135 653 1135 750 1134 751 1136 653 1135 751 1136 654 1137 654 1137 751 1136 752 1138 654 1137 752 1138 655 1139 655 1139 752 1138 753 1140 655 1139 753 1140 656 1141 656 1141 753 1140 754 1142 656 1141 754 1142 657 1143 657 1143 754 1142 755 1144 657 1143 755 1144 658 1145 658 1145 755 1144 756 1146 658 1145 756 1146 659 1147 659 1147 756 1146 757 1148 659 1147 757 1148 660 1149 660 1149 757 1148 758 1150 660 1149 758 1150 661 1151 661 1151 758 1150 759 1152 661 1151 759 1152 662 1153 662 1153 759 1152 760 1154 662 1153 760 1154 663 1155 663 1155 760 1154 761 1156 663 1155 761 1156 664 1037 664 1037 761 1156 762 1038 793 1157 385 1158 792 1159 792 1159 385 1158 431 1160 792 1159 431 1160 838 1161 838 1161 431 1160 430 1162 838 1161 430 1162 837 1163 837 1163 430 1162 429 1164 837 1163 429 1164 836 1165 836 1165 429 1164 428 1166 836 1165 428 1166 835 1167 835 1167 428 1166 427 1168 835 1167 427 1168 834 1169 834 1169 427 1168 426 1170 834 1169 426 1170 833 1171 833 1171 426 1170 425 1172 833 1171 425 1172 832 1173 832 1173 425 1172 424 1174 832 1173 424 1174 831 1175 831 1175 424 1174 423 1176 831 1175 423 1176 830 1177 830 1177 423 1176 422 1178 830 1177 422 1178 829 1179 829 1179 422 1178 421 1180 829 1179 421 1180 828 1181 828 1181 421 1180 420 1182 828 1181 420 1182 827 1183 827 1183 420 1182 419 1184 827 1183 419 1184 826 1185 826 1185 419 1184 418 1186 826 1185 418 1186 825 1187 825 1187 418 1186 417 1188 825 1187 417 1188 824 1189 824 1189 417 1188 416 1190 824 1189 416 1190 823 1191 823 1191 416 1190 415 1192 823 1191 415 1192 822 1193 822 1193 415 1192 414 1194 822 1193 414 1194 821 1195 821 1195 414 1194 413 1196 821 1195 413 1196 820 1197 820 1197 413 1196 412 1198 820 1197 412 1198 819 1199 819 1199 412 1198 411 1200 819 1199 411 1200 818 1201 818 1201 411 1200 410 1202 818 1201 410 1202 817 1203 817 1203 410 1202 409 1204 817 1203 409 1204 816 1205 816 1205 409 1204 408 1206 816 1205 408 1206 815 1207 815 1207 408 1206 407 1208 815 1207 407 1208 814 1209 814 1209 407 1208 406 1210 814 1209 406 1210 813 1211 813 1211 406 1210 405 1212 813 1211 405 1212 812 1213 812 1213 405 1212 404 1214 812 1213 404 1214 811 1215 811 1215 404 1214 403 1216 811 1215 403 1216 810 1217 810 1217 403 1216 402 1218 810 1217 402 1218 809 1219 809 1219 402 1218 401 1220 809 1219 401 1220 808 1221 808 1221 401 1220 400 1222 808 1221 400 1222 807 1223 807 1223 400 1222 399 1224 807 1223 399 1224 806 1225 806 1225 399 1224 398 1226 806 1225 398 1226 805 1227 805 1227 398 1226 397 1228 805 1227 397 1228 804 1229 804 1229 397 1228 396 1230 804 1229 396 1230 803 1231 803 1231 396 1230 395 1232 803 1231 395 1232 802 1233 802 1233 395 1232 394 1234 802 1233 394 1234 801 1235 801 1235 394 1234 393 1236 801 1235 393 1236 800 1237 800 1237 393 1236 392 1238 800 1237 392 1238 799 1239 799 1239 392 1238 391 1240 799 1239 391 1240 798 1241 798 1241 391 1240 390 1242 798 1241 390 1242 797 1243 797 1243 390 1242 389 1244 797 1243 389 1244 796 1245 796 1245 389 1244 388 1246 796 1245 388 1246 795 1247 795 1247 388 1246 387 1248 795 1247 387 1248 794 1249 794 1249 387 1248 386 1250 794 1249 386 1250 793 1157 793 1157 386 1250 385 1158 838 1251 909 1252 792 1253 792 1253 909 1252 910 1254 792 1253 910 1254 887 1255 837 1256 101 1257 838 1251 838 1251 101 1257 905 1258 838 1251 905 1258 906 1259 101 1257 837 1256 102 1260 102 1260 837 1256 836 1261 102 1260 836 1261 103 1262 103 1262 836 1261 835 1263 103 1262 835 1263 104 1264 104 1264 835 1263 834 1265 104 1264 834 1265 866 1266 866 1266 834 1265 865 1267 865 1267 834 1265 864 1268 864 1268 834 1265 863 1269 863 1269 834 1265 886 1270 886 1270 834 1265 885 1271 885 1271 834 1265 833 1272 885 1271 833 1272 884 1273 884 1273 833 1272 883 1274 883 1274 833 1272 882 1275 882 1275 833 1272 881 1276 881 1276 833 1272 832 1277 881 1276 832 1277 880 1278 880 1278 832 1277 879 1279 879 1279 832 1277 878 1280 878 1280 832 1277 877 1281 877 1281 832 1277 106 1282 877 1281 106 1282 876 1283 876 1283 106 1282 875 1284 875 1284 106 1282 874 1285 874 1285 106 1282 873 1286 873 1286 106 1282 872 1287 872 1287 106 1282 105 1288 872 1287 105 1288 871 1289 871 1289 105 1288 870 1290 870 1290 105 1288 869 1291 869 1291 105 1288 868 1292 868 1292 105 1288 104 1264 868 1292 104 1264 867 1293 867 1293 104 1264 866 1266 106 1282 832 1277 107 1294 107 1294 832 1277 831 1295 107 1294 831 1295 108 1296 108 1296 831 1295 830 1297 108 1296 830 1297 109 1298 109 1298 830 1297 829 1299 109 1298 829 1299 110 1300 110 1300 829 1299 839 1301 110 1300 839 1301 840 1302 829 1299 828 1303 839 1301 839 1301 828 1303 862 1304 862 1304 828 1303 861 1305 861 1305 828 1303 860 1306 860 1306 828 1303 859 1307 859 1307 828 1303 858 1308 858 1308 828 1303 827 1309 858 1308 827 1309 857 1310 857 1310 827 1309 856 1311 856 1311 827 1309 855 1312 855 1312 827 1309 854 1313 854 1313 827 1309 853 1314 853 1314 827 1309 826 1315 853 1314 826 1315 852 1316 852 1316 826 1315 851 1317 851 1317 826 1315 112 1318 851 1317 112 1318 850 1319 850 1319 112 1318 849 1320 849 1320 112 1318 848 1321 848 1321 112 1318 111 1322 848 1321 111 1322 847 1323 847 1323 111 1322 846 1324 846 1324 111 1322 845 1325 845 1325 111 1322 844 1326 844 1326 111 1322 110 1300 844 1326 110 1300 843 1327 843 1327 110 1300 842 1328 842 1328 110 1300 841 1329 841 1329 110 1300 840 1302 826 1315 825 1330 112 1318 112 1318 825 1330 113 1331 113 1331 825 1330 824 1332 113 1331 824 1332 114 1333 114 1333 824 1332 823 1334 114 1333 823 1334 115 1335 115 1335 823 1334 1028 1336 115 1335 1028 1336 1029 1337 823 1334 822 1338 1028 1336 1028 1336 822 1338 1027 1339 1027 1339 822 1338 1026 1340 1026 1340 822 1338 1025 1341 1025 1341 822 1338 1024 1342 1024 1342 822 1338 1023 1343 1023 1343 822 1338 1022 1344 1022 1344 822 1338 821 1345 1022 1344 821 1345 1021 1346 1021 1346 821 1345 1020 1347 1020 1347 821 1345 1019 1348 1019 1348 821 1345 1018 1349 1018 1349 821 1345 820 1350 1018 1349 820 1350 1017 1351 1017 1351 820 1350 1016 1352 1016 1352 820 1350 117 1353 1016 1352 117 1353 1015 1354 1015 1354 117 1353 1014 1355 1014 1355 117 1353 1013 1356 1013 1356 117 1353 1012 1357 1012 1357 117 1353 1011 1358 1011 1358 117 1353 116 1359 1011 1358 116 1359 1010 1360 1010 1360 116 1359 1009 1361 1009 1361 116 1359 1008 1362 1008 1362 116 1359 1007 1363 1007 1363 116 1359 115 1335 1007 1363 115 1335 1030 1364 1030 1364 115 1335 1029 1337 117 1353 820 1350 118 1365 118 1365 820 1350 819 1366 118 1365 819 1366 119 1367 119 1367 819 1366 818 1368 119 1367 818 1368 120 1369 120 1369 818 1368 817 1370 120 1369 817 1370 1001 1371 1001 1371 817 1370 1000 1372 1000 1372 817 1370 816 1373 1000 1372 816 1373 999 1374 999 1374 816 1373 998 1375 998 1375 816 1373 997 1376 997 1376 816 1373 996 1377 996 1377 816 1373 995 1378 995 1378 816 1373 815 1379 995 1378 815 1379 994 1380 994 1380 815 1379 993 1381 993 1381 815 1379 992 1382 992 1382 815 1379 991 1383 991 1383 815 1379 990 1384 990 1384 815 1379 814 1385 990 1384 814 1385 989 1386 989 1386 814 1385 123 1387 989 1386 123 1387 988 1388 988 1388 123 1387 122 1389 988 1388 122 1389 987 1390 987 1390 122 1389 986 1391 986 1391 122 1389 985 1392 985 1392 122 1389 984 1393 984 1393 122 1389 983 1394 983 1394 122 1389 121 1395 983 1394 121 1395 1006 1396 1006 1396 121 1395 1005 1397 1005 1397 121 1395 1004 1398 1004 1398 121 1395 1003 1399 1003 1399 121 1395 1002 1400 1002 1400 121 1395 120 1369 1002 1400 120 1369 1001 1371 814 1385 813 1401 123 1387 123 1387 813 1401 124 1402 124 1402 813 1401 812 1403 124 1402 812 1403 125 1404 125 1404 812 1403 811 1405 125 1404 811 1405 126 1406 126 1406 811 1405 974 1407 126 1406 974 1407 975 1408 810 1409 972 1410 811 1405 811 1405 972 1410 973 1411 811 1405 973 1411 974 1407 809 1412 968 1413 810 1409 810 1409 968 1413 969 1414 810 1409 969 1414 970 1415 808 1416 962 1417 809 1412 809 1412 962 1417 963 1418 809 1412 963 1418 964 1419 807 1420 129 1421 808 1416 808 1416 129 1421 128 1422 808 1416 128 1422 962 1417 962 1417 128 1422 961 1423 961 1423 128 1422 960 1424 960 1424 128 1422 959 1425 959 1425 128 1422 127 1426 959 1425 127 1426 982 1427 982 1427 127 1426 981 1428 981 1428 127 1426 980 1429 980 1429 127 1426 979 1430 979 1430 127 1426 126 1406 979 1430 126 1406 978 1431 978 1431 126 1406 977 1432 977 1432 126 1406 976 1433 976 1433 126 1406 975 1408 129 1421 807 1420 130 1434 130 1434 807 1420 806 1435 130 1434 806 1435 131 1436 131 1436 806 1435 805 1437 131 1436 805 1437 947 1438 947 1438 805 1437 946 1439 946 1439 805 1437 945 1440 945 1440 805 1437 804 1441 945 1440 804 1441 944 1442 944 1442 804 1441 943 1443 943 1443 804 1441 942 1444 942 1444 804 1441 941 1445 941 1445 804 1441 940 1446 940 1446 804 1441 803 1447 940 1446 803 1447 939 1448 939 1448 803 1447 938 1449 938 1449 803 1447 937 1450 937 1450 803 1447 936 1451 936 1451 803 1447 935 1452 935 1452 803 1447 802 1453 935 1452 802 1453 133 1454 133 1454 802 1453 134 1455 134 1455 802 1453 801 1456 134 1455 801 1456 135 1457 135 1457 801 1456 800 1458 135 1457 800 1458 136 1459 136 1459 800 1458 799 1460 136 1459 799 1460 137 1461 137 1461 799 1460 921 1462 137 1461 921 1462 922 1463 798 1464 917 1465 799 1460 799 1460 917 1465 918 1466 799 1460 918 1466 919 1467 797 1468 913 1469 798 1464 798 1464 913 1469 914 1470 798 1464 914 1470 915 1471 796 1472 139 1473 797 1468 797 1468 139 1473 932 1474 797 1468 932 1474 933 1475 139 1473 796 1472 140 1476 140 1476 796 1472 795 1477 140 1476 795 1477 141 1478 141 1478 795 1477 794 1479 141 1478 794 1479 142 1480 142 1480 794 1479 793 1481 142 1480 793 1481 893 1482 893 1482 793 1481 892 1483 892 1483 793 1481 891 1484 891 1484 793 1481 890 1485 890 1485 793 1481 889 1486 889 1486 793 1481 792 1253 889 1486 792 1253 888 1487 888 1487 792 1253 887 1255 893 1482 894 1488 142 1480 142 1480 894 1488 895 1489 142 1480 895 1489 896 1490 896 1490 897 1491 142 1480 142 1480 897 1491 100 1492 100 1492 897 1491 898 1493 100 1492 898 1493 899 1494 899 1494 900 1495 100 1492 100 1492 900 1495 901 1496 100 1492 901 1496 101 1257 101 1257 901 1496 902 1497 101 1257 902 1497 903 1498 903 1498 904 1499 101 1257 101 1257 904 1499 905 1258 906 1259 907 1500 838 1251 838 1251 907 1500 908 1501 838 1251 908 1501 909 1252 934 1502 911 1503 797 1468 797 1468 911 1503 912 1504 797 1468 912 1504 913 1469 915 1471 916 1505 798 1464 798 1464 916 1505 917 1465 919 1467 920 1506 799 1460 799 1460 920 1506 921 1462 922 1463 923 1507 137 1461 137 1461 923 1507 924 1508 137 1461 924 1508 925 1509 925 1509 926 1510 137 1461 137 1461 926 1510 138 1511 138 1511 926 1510 927 1512 138 1511 927 1512 928 1513 928 1513 929 1514 138 1511 138 1511 929 1514 930 1515 138 1511 930 1515 139 1473 139 1473 930 1515 931 1516 139 1473 931 1516 932 1474 933 1475 934 1502 797 1468 947 1438 948 1517 131 1436 131 1436 948 1517 949 1518 131 1436 949 1518 950 1519 131 1436 950 1519 132 1520 132 1520 950 1519 951 1521 132 1520 951 1521 952 1522 952 1522 953 1523 132 1520 132 1520 953 1523 954 1524 132 1520 954 1524 133 1454 133 1454 954 1524 955 1525 133 1454 955 1525 956 1526 956 1526 957 1527 133 1454 133 1454 957 1527 958 1528 133 1454 958 1528 935 1452 964 1419 965 1529 809 1412 809 1412 965 1529 966 1530 809 1412 966 1530 967 1531 967 1531 968 1413 809 1412 970 1415 971 1532 810 1409 810 1409 971 1532 972 1410 1032 1533 1008 1534 1031 1535 1031 1535 1008 1534 1007 1536 1031 1535 1007 1536 1054 1537 1054 1537 1007 1536 1030 1538 1054 1537 1030 1538 1053 1539 1053 1539 1030 1538 1029 1540 1053 1539 1029 1540 1052 1541 1052 1541 1029 1540 1028 1542 1052 1541 1028 1542 1051 1543 1051 1543 1028 1542 1027 1544 1051 1543 1027 1544 1050 1545 1050 1545 1027 1544 1026 1546 1050 1545 1026 1546 1049 1547 1049 1547 1026 1546 1025 1548 1049 1547 1025 1548 1048 1549 1048 1549 1025 1548 1024 1550 1048 1549 1024 1550 1047 1551 1047 1551 1024 1550 1023 1552 1047 1551 1023 1552 1046 1553 1046 1553 1023 1552 1022 1554 1046 1553 1022 1554 1045 1555 1045 1555 1022 1554 1021 1556 1045 1555 1021 1556 1044 1557 1044 1557 1021 1556 1020 1558 1044 1557 1020 1558 1043 1559 1043 1559 1020 1558 1019 1560 1043 1559 1019 1560 1042 1561 1042 1561 1019 1560 1018 1562 1042 1561 1018 1562 1041 1563 1041 1563 1018 1562 1017 1564 1041 1563 1017 1564 1040 1565 1040 1565 1017 1564 1016 1566 1040 1565 1016 1566 1039 1567 1039 1567 1016 1566 1015 1568 1039 1567 1015 1568 1038 1569 1038 1569 1015 1568 1014 1570 1038 1569 1014 1570 1037 1571 1037 1571 1014 1570 1013 1572 1037 1571 1013 1572 1036 1573 1036 1573 1013 1572 1012 1574 1036 1573 1012 1574 1035 1575 1035 1575 1012 1574 1011 1576 1035 1575 1011 1576 1034 1577 1034 1577 1011 1576 1010 1578 1034 1577 1010 1578 1033 1579 1033 1579 1010 1578 1009 1580 1033 1579 1009 1580 1032 1533 1032 1533 1009 1580 1008 1534 1054 1581 1044 1582 1031 1583 1031 1583 1044 1582 1043 1584 1031 1583 1043 1584 1032 1585 1032 1585 1043 1584 1042 1586 1032 1585 1042 1586 1033 1587 1033 1587 1042 1586 1041 1588 1033 1587 1041 1588 1034 1589 1034 1589 1041 1588 1040 1590 1034 1589 1040 1590 1035 1591 1035 1591 1040 1590 1039 1592 1035 1591 1039 1592 1036 1593 1036 1593 1039 1592 1038 1594 1036 1593 1038 1594 1037 1595 1044 1582 1054 1581 1045 1596 1045 1596 1054 1581 1053 1597 1045 1596 1053 1597 1046 1598 1046 1598 1053 1597 1052 1599 1046 1598 1052 1599 1047 1600 1047 1600 1052 1599 1051 1601 1047 1600 1051 1601 1048 1602 1048 1602 1051 1601 1050 1603 1048 1602 1050 1603 1049 1604 1056 1605 984 1606 1055 1607 1055 1607 984 1606 983 1608 1055 1607 983 1608 1078 1609 1078 1609 983 1608 1006 1610 1078 1609 1006 1610 1077 1611 1077 1611 1006 1610 1005 1612 1077 1611 1005 1612 1076 1613 1076 1613 1005 1612 1004 1614 1076 1613 1004 1614 1075 1615 1075 1615 1004 1614 1003 1616 1075 1615 1003 1616 1074 1617 1074 1617 1003 1616 1002 1618 1074 1617 1002 1618 1073 1619 1073 1619 1002 1618 1001 1620 1073 1619 1001 1620 1072 1621 1072 1621 1001 1620 1000 1622 1072 1621 1000 1622 1071 1623 1071 1623 1000 1622 999 1624 1071 1623 999 1624 1070 1625 1070 1625 999 1624 998 1626 1070 1625 998 1626 1069 1627 1069 1627 998 1626 997 1628 1069 1627 997 1628 1068 1629 1068 1629 997 1628 996 1630 1068 1629 996 1630 1067 1631 1067 1631 996 1630 995 1632 1067 1631 995 1632 1066 1633 1066 1633 995 1632 994 1634 1066 1633 994 1634 1065 1635 1065 1635 994 1634 993 1636 1065 1635 993 1636 1064 1637 1064 1637 993 1636 992 1638 1064 1637 992 1638 1063 1639 1063 1639 992 1638 991 1640 1063 1639 991 1640 1062 1641 1062 1641 991 1640 990 1642 1062 1641 990 1642 1061 1643 1061 1643 990 1642 989 1644 1061 1643 989 1644 1060 1645 1060 1645 989 1644 988 1646 1060 1645 988 1646 1059 1647 1059 1647 988 1646 987 1648 1059 1647 987 1648 1058 1649 1058 1649 987 1648 986 1650 1058 1649 986 1650 1057 1651 1057 1651 986 1650 985 1652 1057 1651 985 1652 1056 1605 1056 1605 985 1652 984 1606 1078 1653 1068 1654 1055 1655 1055 1655 1068 1654 1067 1656 1055 1655 1067 1656 1056 1657 1056 1657 1067 1656 1066 1658 1056 1657 1066 1658 1057 1659 1057 1659 1066 1658 1065 1660 1057 1659 1065 1660 1058 1661 1058 1661 1065 1660 1064 1662 1058 1661 1064 1662 1059 1663 1059 1663 1064 1662 1063 1664 1059 1663 1063 1664 1060 1665 1060 1665 1063 1664 1062 1666 1060 1665 1062 1666 1061 1667 1068 1654 1078 1653 1069 1668 1069 1668 1078 1653 1077 1669 1069 1668 1077 1669 1070 1670 1070 1670 1077 1669 1076 1671 1070 1670 1076 1671 1071 1672 1071 1672 1076 1671 1075 1673 1071 1672 1075 1673 1072 1674 1072 1674 1075 1673 1074 1675 1072 1674 1074 1675 1073 1676 1080 1677 960 1678 1079 1679 1079 1679 960 1678 959 1680 1079 1679 959 1680 1102 1681 1102 1681 959 1680 982 1682 1102 1681 982 1682 1101 1683 1101 1683 982 1682 981 1684 1101 1683 981 1684 1100 1685 1100 1685 981 1684 980 1686 1100 1685 980 1686 1099 1687 1099 1687 980 1686 979 1688 1099 1687 979 1688 1098 1689 1098 1689 979 1688 978 1690 1098 1689 978 1690 1097 1691 1097 1691 978 1690 977 1692 1097 1691 977 1692 1096 1693 1096 1693 977 1692 976 1694 1096 1693 976 1694 1095 1695 1095 1695 976 1694 975 1696 1095 1695 975 1696 1094 1697 1094 1697 975 1696 974 1698 1094 1697 974 1698 1093 1699 1093 1699 974 1698 973 1700 1093 1699 973 1700 1092 1701 1092 1701 973 1700 972 1702 1092 1701 972 1702 1091 1703 1091 1703 972 1702 971 1704 1091 1703 971 1704 1090 1705 1090 1705 971 1704 970 1706 1090 1705 970 1706 1089 1707 1089 1707 970 1706 969 1708 1089 1707 969 1708 1088 1709 1088 1709 969 1708 968 1710 1088 1709 968 1710 1087 1711 1087 1711 968 1710 967 1712 1087 1711 967 1712 1086 1713 1086 1713 967 1712 966 1714 1086 1713 966 1714 1085 1715 1085 1715 966 1714 965 1716 1085 1715 965 1716 1084 1717 1084 1717 965 1716 964 1718 1084 1717 964 1718 1083 1719 1083 1719 964 1718 963 1720 1083 1719 963 1720 1082 1721 1082 1721 963 1720 962 1722 1082 1721 962 1722 1081 1723 1081 1723 962 1722 961 1724 1081 1723 961 1724 1080 1677 1080 1677 961 1724 960 1678 1102 1725 1092 1726 1079 1727 1079 1727 1092 1726 1091 1728 1079 1727 1091 1728 1080 1729 1080 1729 1091 1728 1090 1730 1080 1729 1090 1730 1081 1731 1081 1731 1090 1730 1089 1732 1081 1731 1089 1732 1082 1733 1082 1733 1089 1732 1088 1734 1082 1733 1088 1734 1083 1735 1083 1735 1088 1734 1087 1736 1083 1735 1087 1736 1084 1737 1084 1737 1087 1736 1086 1738 1084 1737 1086 1738 1085 1739 1092 1726 1102 1725 1093 1740 1093 1740 1102 1725 1101 1741 1093 1740 1101 1741 1094 1742 1094 1742 1101 1741 1100 1743 1094 1742 1100 1743 1095 1744 1095 1744 1100 1743 1099 1745 1095 1744 1099 1745 1096 1746 1096 1746 1099 1745 1098 1747 1096 1746 1098 1747 1097 1748 1104 1749 936 1750 1103 1751 1103 1751 936 1750 935 1752 1103 1751 935 1752 1126 1753 1126 1753 935 1752 958 1754 1126 1753 958 1754 1125 1755 1125 1755 958 1754 957 1756 1125 1755 957 1756 1124 1757 1124 1757 957 1756 956 1758 1124 1757 956 1758 1123 1759 1123 1759 956 1758 955 1760 1123 1759 955 1760 1122 1761 1122 1761 955 1760 954 1762 1122 1761 954 1762 1121 1763 1121 1763 954 1762 953 1764 1121 1763 953 1764 1120 1765 1120 1765 953 1764 952 1766 1120 1765 952 1766 1119 1767 1119 1767 952 1766 951 1768 1119 1767 951 1768 1118 1769 1118 1769 951 1768 950 1770 1118 1769 950 1770 1117 1771 1117 1771 950 1770 949 1772 1117 1771 949 1772 1116 1773 1116 1773 949 1772 948 1774 1116 1773 948 1774 1115 1775 1115 1775 948 1774 947 1776 1115 1775 947 1776 1114 1777 1114 1777 947 1776 946 1778 1114 1777 946 1778 1113 1779 1113 1779 946 1778 945 1780 1113 1779 945 1780 1112 1781 1112 1781 945 1780 944 1782 1112 1781 944 1782 1111 1783 1111 1783 944 1782 943 1784 1111 1783 943 1784 1110 1785 1110 1785 943 1784 942 1786 1110 1785 942 1786 1109 1787 1109 1787 942 1786 941 1788 1109 1787 941 1788 1108 1789 1108 1789 941 1788 940 1790 1108 1789 940 1790 1107 1791 1107 1791 940 1790 939 1792 1107 1791 939 1792 1106 1793 1106 1793 939 1792 938 1794 1106 1793 938 1794 1105 1795 1105 1795 938 1794 937 1796 1105 1795 937 1796 1104 1749 1104 1749 937 1796 936 1750 1126 1797 1116 1798 1103 1799 1103 1799 1116 1798 1115 1800 1103 1799 1115 1800 1104 1801 1104 1801 1115 1800 1114 1802 1104 1801 1114 1802 1105 1803 1105 1803 1114 1802 1113 1804 1105 1803 1113 1804 1106 1805 1106 1805 1113 1804 1112 1806 1106 1805 1112 1806 1107 1807 1107 1807 1112 1806 1111 1808 1107 1807 1111 1808 1108 1809 1108 1809 1111 1808 1110 1810 1108 1809 1110 1810 1109 1811 1116 1798 1126 1797 1117 1812 1117 1812 1126 1797 1125 1813 1117 1812 1125 1813 1118 1814 1118 1814 1125 1813 1124 1815 1118 1814 1124 1815 1119 1816 1119 1816 1124 1815 1123 1817 1119 1816 1123 1817 1120 1818 1120 1818 1123 1817 1122 1819 1120 1818 1122 1819 1121 1820 1128 1821 912 1822 1127 1823 1127 1823 912 1822 911 1824 1127 1823 911 1824 1150 1825 1150 1825 911 1824 934 1826 1150 1825 934 1826 1149 1827 1149 1827 934 1826 933 1828 1149 1827 933 1828 1148 1829 1148 1829 933 1828 932 1830 1148 1829 932 1830 1147 1831 1147 1831 932 1830 931 1832 1147 1831 931 1832 1146 1833 1146 1833 931 1832 930 1834 1146 1833 930 1834 1145 1835 1145 1835 930 1834 929 1836 1145 1835 929 1836 1144 1837 1144 1837 929 1836 928 1838 1144 1837 928 1838 1143 1839 1143 1839 928 1838 927 1840 1143 1839 927 1840 1142 1841 1142 1841 927 1840 926 1842 1142 1841 926 1842 1141 1843 1141 1843 926 1842 925 1844 1141 1843 925 1844 1140 1845 1140 1845 925 1844 924 1846 1140 1845 924 1846 1139 1847 1139 1847 924 1846 923 1848 1139 1847 923 1848 1138 1849 1138 1849 923 1848 922 1850 1138 1849 922 1850 1137 1851 1137 1851 922 1850 921 1852 1137 1851 921 1852 1136 1853 1136 1853 921 1852 920 1854 1136 1853 920 1854 1135 1855 1135 1855 920 1854 919 1856 1135 1855 919 1856 1134 1857 1134 1857 919 1856 918 1858 1134 1857 918 1858 1133 1859 1133 1859 918 1858 917 1860 1133 1859 917 1860 1132 1861 1132 1861 917 1860 916 1862 1132 1861 916 1862 1131 1863 1131 1863 916 1862 915 1864 1131 1863 915 1864 1130 1865 1130 1865 915 1864 914 1866 1130 1865 914 1866 1129 1867 1129 1867 914 1866 913 1868 1129 1867 913 1868 1128 1821 1128 1821 913 1868 912 1822 1150 1869 1140 1870 1127 1871 1127 1871 1140 1870 1139 1872 1127 1871 1139 1872 1128 1873 1128 1873 1139 1872 1138 1874 1128 1873 1138 1874 1129 1875 1129 1875 1138 1874 1137 1876 1129 1875 1137 1876 1130 1877 1130 1877 1137 1876 1136 1878 1130 1877 1136 1878 1131 1879 1131 1879 1136 1878 1135 1880 1131 1879 1135 1880 1132 1881 1132 1881 1135 1880 1134 1882 1132 1881 1134 1882 1133 1883 1140 1870 1150 1869 1141 1884 1141 1884 1150 1869 1149 1885 1141 1884 1149 1885 1142 1886 1142 1886 1149 1885 1148 1887 1142 1886 1148 1887 1143 1888 1143 1888 1148 1887 1147 1889 1143 1888 1147 1889 1144 1890 1144 1890 1147 1889 1146 1891 1144 1890 1146 1891 1145 1892 1152 1893 888 1894 1151 1895 1151 1895 888 1894 887 1896 1151 1895 887 1896 1174 1897 1174 1897 887 1896 910 1898 1174 1897 910 1898 1173 1899 1173 1899 910 1898 909 1900 1173 1899 909 1900 1172 1901 1172 1901 909 1900 908 1902 1172 1901 908 1902 1171 1903 1171 1903 908 1902 907 1904 1171 1903 907 1904 1170 1905 1170 1905 907 1904 906 1906 1170 1905 906 1906 1169 1907 1169 1907 906 1906 905 1908 1169 1907 905 1908 1168 1909 1168 1909 905 1908 904 1910 1168 1909 904 1910 1167 1911 1167 1911 904 1910 903 1912 1167 1911 903 1912 1166 1913 1166 1913 903 1912 902 1914 1166 1913 902 1914 1165 1915 1165 1915 902 1914 901 1916 1165 1915 901 1916 1164 1917 1164 1917 901 1916 900 1918 1164 1917 900 1918 1163 1919 1163 1919 900 1918 899 1920 1163 1919 899 1920 1162 1921 1162 1921 899 1920 898 1922 1162 1921 898 1922 1161 1923 1161 1923 898 1922 897 1924 1161 1923 897 1924 1160 1925 1160 1925 897 1924 896 1926 1160 1925 896 1926 1159 1927 1159 1927 896 1926 895 1928 1159 1927 895 1928 1158 1929 1158 1929 895 1928 894 1930 1158 1929 894 1930 1157 1931 1157 1931 894 1930 893 1932 1157 1931 893 1932 1156 1933 1156 1933 893 1932 892 1934 1156 1933 892 1934 1155 1935 1155 1935 892 1934 891 1936 1155 1935 891 1936 1154 1937 1154 1937 891 1936 890 1938 1154 1937 890 1938 1153 1939 1153 1939 890 1938 889 1940 1153 1939 889 1940 1152 1893 1152 1893 889 1940 888 1894 1174 1941 1164 1942 1151 1943 1151 1943 1164 1942 1163 1944 1151 1943 1163 1944 1152 1945 1152 1945 1163 1944 1162 1946 1152 1945 1162 1946 1153 1947 1153 1947 1162 1946 1161 1948 1153 1947 1161 1948 1154 1949 1154 1949 1161 1948 1160 1950 1154 1949 1160 1950 1155 1951 1155 1951 1160 1950 1159 1952 1155 1951 1159 1952 1156 1953 1156 1953 1159 1952 1158 1954 1156 1953 1158 1954 1157 1955 1164 1942 1174 1941 1165 1956 1165 1956 1174 1941 1173 1957 1165 1956 1173 1957 1166 1958 1166 1958 1173 1957 1172 1959 1166 1958 1172 1959 1167 1960 1167 1960 1172 1959 1171 1961 1167 1960 1171 1961 1168 1962 1168 1962 1171 1961 1170 1963 1168 1962 1170 1963 1169 1964 1176 1965 864 1966 1175 1967 1175 1967 864 1966 863 1968 1175 1967 863 1968 1198 1969 1198 1969 863 1968 886 1970 1198 1969 886 1970 1197 1971 1197 1971 886 1970 885 1972 1197 1971 885 1972 1196 1973 1196 1973 885 1972 884 1974 1196 1973 884 1974 1195 1975 1195 1975 884 1974 883 1976 1195 1975 883 1976 1194 1977 1194 1977 883 1976 882 1978 1194 1977 882 1978 1193 1979 1193 1979 882 1978 881 1980 1193 1979 881 1980 1192 1981 1192 1981 881 1980 880 1982 1192 1981 880 1982 1191 1983 1191 1983 880 1982 879 1984 1191 1983 879 1984 1190 1985 1190 1985 879 1984 878 1986 1190 1985 878 1986 1189 1987 1189 1987 878 1986 877 1988 1189 1987 877 1988 1188 1989 1188 1989 877 1988 876 1990 1188 1989 876 1990 1187 1991 1187 1991 876 1990 875 1992 1187 1991 875 1992 1186 1993 1186 1993 875 1992 874 1994 1186 1993 874 1994 1185 1995 1185 1995 874 1994 873 1996 1185 1995 873 1996 1184 1997 1184 1997 873 1996 872 1998 1184 1997 872 1998 1183 1999 1183 1999 872 1998 871 2000 1183 1999 871 2000 1182 2001 1182 2001 871 2000 870 2002 1182 2001 870 2002 1181 2003 1181 2003 870 2002 869 2004 1181 2003 869 2004 1180 2005 1180 2005 869 2004 868 2006 1180 2005 868 2006 1179 2007 1179 2007 868 2006 867 2008 1179 2007 867 2008 1178 2009 1178 2009 867 2008 866 2010 1178 2009 866 2010 1177 2011 1177 2011 866 2010 865 2012 1177 2011 865 2012 1176 1965 1176 1965 865 2012 864 1966 1198 2013 1188 2014 1175 2015 1175 2015 1188 2014 1187 2016 1175 2015 1187 2016 1176 2017 1176 2017 1187 2016 1186 2018 1176 2017 1186 2018 1177 2019 1177 2019 1186 2018 1185 2020 1177 2019 1185 2020 1178 2021 1178 2021 1185 2020 1184 2022 1178 2021 1184 2022 1179 2023 1179 2023 1184 2022 1183 2024 1179 2023 1183 2024 1180 2025 1180 2025 1183 2024 1182 2026 1180 2025 1182 2026 1181 2027 1188 2014 1198 2013 1189 2028 1189 2028 1198 2013 1197 2029 1189 2028 1197 2029 1190 2030 1190 2030 1197 2029 1196 2031 1190 2030 1196 2031 1191 2032 1191 2032 1196 2031 1195 2033 1191 2032 1195 2033 1192 2034 1192 2034 1195 2033 1194 2035 1192 2034 1194 2035 1193 2036 1200 2037 840 2038 1199 2039 1199 2039 840 2038 839 2040 1199 2039 839 2040 1222 2041 1222 2041 839 2040 862 2042 1222 2041 862 2042 1221 2043 1221 2043 862 2042 861 2044 1221 2043 861 2044 1220 2045 1220 2045 861 2044 860 2046 1220 2045 860 2046 1219 2047 1219 2047 860 2046 859 2048 1219 2047 859 2048 1218 2049 1218 2049 859 2048 858 2050 1218 2049 858 2050 1217 2051 1217 2051 858 2050 857 2052 1217 2051 857 2052 1216 2053 1216 2053 857 2052 856 2054 1216 2053 856 2054 1215 2055 1215 2055 856 2054 855 2056 1215 2055 855 2056 1214 2057 1214 2057 855 2056 854 2058 1214 2057 854 2058 1213 2059 1213 2059 854 2058 853 2060 1213 2059 853 2060 1212 2061 1212 2061 853 2060 852 2062 1212 2061 852 2062 1211 2063 1211 2063 852 2062 851 2064 1211 2063 851 2064 1210 2065 1210 2065 851 2064 850 2066 1210 2065 850 2066 1209 2067 1209 2067 850 2066 849 2068 1209 2067 849 2068 1208 2069 1208 2069 849 2068 848 2070 1208 2069 848 2070 1207 2071 1207 2071 848 2070 847 2072 1207 2071 847 2072 1206 2073 1206 2073 847 2072 846 2074 1206 2073 846 2074 1205 2075 1205 2075 846 2074 845 2076 1205 2075 845 2076 1204 2077 1204 2077 845 2076 844 2078 1204 2077 844 2078 1203 2079 1203 2079 844 2078 843 2080 1203 2079 843 2080 1202 2081 1202 2081 843 2080 842 2082 1202 2081 842 2082 1201 2083 1201 2083 842 2082 841 2084 1201 2083 841 2084 1200 2037 1200 2037 841 2084 840 2038 1222 2085 1212 2086 1199 2087 1199 2087 1212 2086 1211 2088 1199 2087 1211 2088 1200 2089 1200 2089 1211 2088 1210 2090 1200 2089 1210 2090 1201 2091 1201 2091 1210 2090 1209 2092 1201 2091 1209 2092 1202 2093 1202 2093 1209 2092 1208 2094 1202 2093 1208 2094 1203 2095 1203 2095 1208 2094 1207 2096 1203 2095 1207 2096 1204 2097 1204 2097 1207 2096 1206 2098 1204 2097 1206 2098 1205 2099 1212 2086 1222 2085 1213 2100 1213 2100 1222 2085 1221 2101 1213 2100 1221 2101 1214 2102 1214 2102 1221 2101 1220 2103 1214 2102 1220 2103 1215 2104 1215 2104 1220 2103 1219 2105 1215 2104 1219 2105 1216 2106 1216 2106 1219 2105 1218 2107 1216 2106 1218 2107 1217 2108 1224 2109 1353 2110 1223 2111 1223 2111 1353 2110 1330 2112 1223 2111 1330 2112 1331 2113 1225 2114 1349 2115 1224 2109 1224 2109 1349 2115 1350 2116 1224 2109 1350 2116 1351 2117 1226 2118 2 2119 1225 2114 1225 2114 2 2119 1348 2120 1225 2114 1348 2120 1349 2115 2 2119 1226 2118 3 2121 3 2121 1226 2118 1227 2122 3 2121 1227 2122 4 2123 4 2123 1227 2122 1228 2124 4 2123 1228 2124 5 2125 5 2125 1228 2124 1310 2126 5 2125 1310 2126 1311 2127 1310 2126 1228 2124 1309 2128 1309 2128 1228 2124 1229 2129 1309 2128 1229 2129 1308 2130 1308 2130 1229 2129 1307 2131 1307 2131 1229 2129 1230 2132 1307 2131 1230 2132 1306 2133 1306 2133 1230 2132 1329 2134 1329 2134 1230 2132 1328 2135 1328 2135 1230 2132 1327 2136 1327 2136 1230 2132 1231 2137 1327 2136 1231 2137 1326 2138 1326 2138 1231 2137 1325 2139 1325 2139 1231 2137 1324 2140 1324 2140 1231 2137 1323 2141 1323 2141 1231 2137 1232 2142 1323 2141 1232 2142 1322 2143 1322 2143 1232 2142 1321 2144 1321 2144 1232 2142 1320 2145 1320 2145 1232 2142 8 2146 1320 2145 8 2146 1319 2147 1319 2147 8 2146 7 2148 1319 2147 7 2148 1318 2149 1318 2149 7 2148 1317 2150 1317 2150 7 2148 1316 2151 1316 2151 7 2148 6 2152 1316 2151 6 2152 1315 2153 1315 2153 6 2152 1314 2154 1314 2154 6 2152 1313 2155 1313 2155 6 2152 1312 2156 1312 2156 6 2152 5 2125 1312 2156 5 2125 1311 2127 1232 2142 1233 2157 8 2146 8 2146 1233 2157 9 2158 9 2158 1233 2157 1234 2159 9 2158 1234 2159 10 2160 10 2160 1234 2159 1235 2161 10 2160 1235 2161 11 2162 11 2162 1235 2161 1236 2163 11 2162 1236 2163 1283 2164 1283 2164 1236 2163 1282 2165 1282 2165 1236 2163 1305 2166 1305 2166 1236 2163 1237 2167 1305 2166 1237 2167 1304 2168 1304 2168 1237 2167 1303 2169 1303 2169 1237 2167 1302 2170 1302 2170 1237 2167 1301 2171 1301 2171 1237 2167 1238 2172 1301 2171 1238 2172 1300 2173 1300 2173 1238 2172 1299 2174 1299 2174 1238 2172 1298 2175 1298 2175 1238 2172 1297 2176 1297 2176 1238 2172 1239 2177 1297 2176 1239 2177 1296 2178 1296 2178 1239 2177 1295 2179 1295 2179 1239 2177 1294 2180 1294 2180 1239 2177 1240 2181 1294 2180 1240 2181 1293 2182 1293 2182 1240 2181 14 2183 1293 2182 14 2183 1292 2184 1292 2184 14 2183 1291 2185 1291 2185 14 2183 13 2186 1291 2185 13 2186 1290 2187 1290 2187 13 2186 1289 2188 1289 2188 13 2186 1288 2189 1288 2189 13 2186 12 2190 1288 2189 12 2190 1287 2191 1287 2191 12 2190 1286 2192 1286 2192 12 2190 1285 2193 1285 2193 12 2190 11 2162 1285 2193 11 2162 1284 2194 1284 2194 11 2162 1283 2164 14 2183 1240 2181 15 2195 15 2195 1240 2181 1241 2196 15 2195 1241 2196 16 2197 16 2197 1241 2196 1242 2198 16 2197 1242 2198 17 2199 17 2199 1242 2198 1243 2200 17 2199 1243 2200 1472 2201 1472 2201 1243 2200 1471 2202 1471 2202 1243 2200 1470 2203 1470 2203 1243 2200 1244 2204 1470 2203 1244 2204 1469 2205 1469 2205 1244 2204 1468 2206 1468 2206 1244 2204 1467 2207 1467 2207 1244 2204 1245 2208 1467 2207 1245 2208 1466 2209 1466 2209 1245 2208 1465 2210 1465 2210 1245 2208 1464 2211 1464 2211 1245 2208 1463 2212 1463 2212 1245 2208 1246 2213 1463 2212 1246 2213 1462 2214 1462 2214 1246 2213 1461 2215 1461 2215 1246 2213 1460 2216 1460 2216 1246 2213 1247 2217 1460 2216 1247 2217 1459 2218 1459 2218 1247 2217 1458 2219 1458 2219 1247 2217 20 2220 1458 2219 20 2220 1457 2221 1457 2221 20 2220 1456 2222 1456 2222 20 2220 19 2223 1456 2222 19 2223 1455 2224 1455 2224 19 2223 1454 2225 1454 2225 19 2223 1453 2226 1453 2226 19 2223 1452 2227 1452 2227 19 2223 18 2228 1452 2227 18 2228 1451 2229 1451 2229 18 2228 1450 2230 1450 2230 18 2228 1473 2231 1473 2231 18 2228 17 2199 1473 2231 17 2199 1472 2201 20 2220 1247 2217 21 2232 21 2232 1247 2217 1248 2233 21 2232 1248 2233 22 2234 22 2234 1248 2233 1249 2235 22 2234 1249 2235 1250 2236 22 2234 1250 2236 23 2237 23 2237 1250 2236 1251 2238 23 2237 1251 2238 1444 2239 1444 2239 1251 2238 1443 2240 1443 2240 1251 2238 1442 2241 1442 2241 1251 2238 1441 2242 1441 2242 1251 2238 1252 2243 1441 2242 1252 2243 1440 2244 1440 2244 1252 2243 1439 2245 1439 2245 1252 2243 1438 2246 1438 2246 1252 2243 1253 2247 1438 2246 1253 2247 1437 2248 1437 2248 1253 2247 1436 2249 1436 2249 1253 2247 1435 2250 1435 2250 1253 2247 1434 2251 1434 2251 1253 2247 1254 2252 1434 2251 1254 2252 1433 2253 1433 2253 1254 2252 1432 2254 1432 2254 1254 2252 26 2255 1432 2254 26 2255 1431 2256 1431 2256 26 2255 1430 2257 1430 2257 26 2255 1429 2258 1429 2258 26 2255 1428 2259 1428 2259 26 2255 25 2260 1428 2259 25 2260 1427 2261 1427 2261 25 2260 1426 2262 1426 2262 25 2260 1449 2263 1449 2263 25 2260 24 2264 1449 2263 24 2264 1448 2265 1448 2265 24 2264 1447 2266 1447 2266 24 2264 1446 2267 1446 2267 24 2264 1445 2268 1445 2268 24 2264 23 2237 1445 2268 23 2237 1444 2239 26 2255 1254 2252 27 2269 27 2269 1254 2252 1255 2270 27 2269 1255 2270 28 2271 28 2271 1255 2270 1256 2272 28 2271 1256 2272 1257 2273 28 2271 1257 2273 29 2274 29 2274 1257 2273 1258 2275 29 2274 1258 2275 30 2276 30 2276 1258 2275 1417 2277 30 2276 1417 2277 1418 2278 1259 2279 1415 2280 1258 2275 1258 2275 1415 2280 1416 2281 1258 2275 1416 2281 1417 2277 1260 2282 1412 2283 1259 2279 1259 2279 1412 2283 1413 2284 1259 2279 1413 2284 1414 2285 1261 2286 1408 2287 1260 2282 1260 2282 1408 2287 1409 2288 1260 2282 1409 2288 1410 2289 1262 2290 1406 2291 1261 2286 1261 2286 1406 2291 1407 2292 1261 2286 1407 2292 1408 2287 1263 2293 33 2294 1262 2290 1262 2290 33 2294 1405 2295 1262 2290 1405 2295 1406 2291 33 2294 1263 2293 34 2296 34 2296 1263 2293 1264 2297 34 2296 1264 2297 35 2298 35 2298 1264 2297 1265 2299 35 2298 1265 2299 36 2300 36 2300 1265 2299 1390 2301 36 2300 1390 2301 1391 2302 1265 2299 1266 2303 1390 2301 1390 2301 1266 2303 1389 2304 1389 2304 1266 2303 1388 2305 1388 2305 1266 2303 1387 2306 1387 2306 1266 2303 1267 2307 1387 2306 1267 2307 1386 2308 1386 2308 1267 2307 1385 2309 1385 2309 1267 2307 1384 2310 1384 2310 1267 2307 1383 2311 1383 2311 1267 2307 1268 2312 1383 2311 1268 2312 1382 2313 1382 2313 1268 2312 1381 2314 1381 2314 1268 2312 1380 2315 1380 2315 1268 2312 1269 2316 1380 2315 1269 2316 1379 2317 1379 2317 1269 2316 1378 2318 1378 2318 1269 2316 39 2319 1378 2318 39 2319 1401 2320 1401 2320 39 2319 1400 2321 1400 2321 39 2319 38 2322 1400 2321 38 2322 1399 2323 1399 2323 38 2322 1398 2324 1398 2324 38 2322 1397 2325 1397 2325 38 2322 1396 2326 1396 2326 38 2322 37 2327 1396 2326 37 2327 1395 2328 1395 2328 37 2327 1394 2329 1394 2329 37 2327 1393 2330 1393 2330 37 2327 1392 2331 1392 2331 37 2327 36 2300 1392 2331 36 2300 1391 2302 1269 2316 1270 2332 39 2319 39 2319 1270 2332 40 2333 40 2333 1270 2332 1271 2334 40 2333 1271 2334 41 2335 41 2335 1271 2334 1272 2336 41 2335 1272 2336 42 2337 42 2337 1272 2336 1273 2338 42 2337 1273 2338 1363 2339 1363 2339 1273 2338 1362 2340 1362 2340 1273 2338 1361 2341 1361 2341 1273 2338 1274 2342 1361 2341 1274 2342 1360 2343 1360 2343 1274 2342 1359 2344 1359 2344 1274 2342 1358 2345 1358 2345 1274 2342 1275 2346 1358 2345 1275 2346 1357 2347 1357 2347 1275 2346 1356 2348 1356 2348 1275 2346 1355 2349 1355 2349 1275 2346 1354 2350 1354 2350 1275 2346 1276 2351 1354 2350 1276 2351 1377 2352 1377 2352 1276 2351 1376 2353 1376 2353 1276 2351 1375 2354 1375 2354 1276 2351 1277 2355 1375 2354 1277 2355 45 2356 45 2356 1277 2355 46 2357 46 2357 1277 2355 1278 2358 46 2357 1278 2358 47 2359 47 2359 1278 2358 1279 2360 47 2359 1279 2360 48 2361 48 2361 1279 2360 1280 2362 48 2361 1280 2362 49 2363 49 2363 1280 2362 1336 2364 49 2363 1336 2364 1337 2365 1336 2364 1280 2362 1335 2366 1335 2366 1280 2362 1281 2367 1335 2366 1281 2367 1334 2368 1334 2368 1281 2367 1333 2369 1333 2369 1281 2367 1332 2370 1332 2370 1281 2367 1223 2111 1332 2370 1223 2111 1331 2113 49 2363 1340 2371 0 2372 0 2372 1340 2371 1341 2373 0 2372 1341 2373 1342 2374 44 2375 1371 2376 45 2356 45 2356 1371 2376 1372 2377 45 2356 1372 2377 1373 2378 43 2379 1368 2380 44 2375 44 2375 1368 2380 1369 2381 44 2375 1369 2381 1370 2382 42 2337 1364 2383 43 2379 43 2379 1364 2383 1365 2384 43 2379 1365 2384 1366 2385 1405 2295 33 2294 1404 2386 1404 2386 33 2294 32 2387 1404 2386 32 2387 1403 2388 1403 2388 32 2387 1402 2389 1402 2389 32 2387 1425 2390 1425 2390 32 2387 1424 2391 1424 2391 32 2387 31 2392 1424 2391 31 2392 1423 2393 1423 2393 31 2392 1422 2394 1422 2394 31 2392 1421 2395 1421 2395 31 2392 30 2276 1421 2395 30 2276 1420 2396 1420 2396 30 2276 1419 2397 1419 2397 30 2276 1418 2278 1348 2120 2 2119 1347 2398 1347 2398 2 2119 1 2399 1347 2398 1 2399 1346 2400 1346 2400 1 2399 1345 2401 1345 2401 1 2399 1344 2402 1344 2402 1 2399 1343 2403 1343 2403 1 2399 0 2372 1343 2403 0 2372 1342 2374 1337 2365 1338 2404 49 2363 49 2363 1338 2404 1339 2405 49 2363 1339 2405 1340 2371 1351 2117 1352 2406 1224 2109 1224 2109 1352 2406 1353 2110 1363 2339 1364 2383 42 2337 1366 2385 1367 2407 43 2379 43 2379 1367 2407 1368 2380 1370 2382 1371 2376 44 2375 1373 2378 1374 2408 45 2356 45 2356 1374 2408 1375 2354 1410 2289 1411 2409 1260 2282 1260 2282 1411 2409 1412 2283 1414 2285 1415 2280 1259 2279 1281 2410 675 2411 1223 2412 1223 2412 675 2411 674 2413 1223 2412 674 2413 1224 2414 1224 2414 674 2413 732 2415 1224 2414 732 2415 731 2416 1281 2410 1280 2417 675 2411 675 2411 1280 2417 676 2418 676 2418 1280 2417 1279 2419 676 2418 1279 2419 677 2420 677 2420 1279 2419 1278 2421 677 2420 1278 2421 678 2422 678 2422 1278 2421 1277 2423 678 2422 1277 2423 679 2424 679 2424 1277 2423 1276 2425 679 2424 1276 2425 680 2426 680 2426 1276 2425 1275 2427 680 2426 1275 2427 681 2428 681 2428 1275 2427 1274 2429 681 2428 1274 2429 682 2430 682 2430 1274 2429 1273 2431 682 2430 1273 2431 683 2432 683 2432 1273 2431 1272 2433 683 2432 1272 2433 684 2434 684 2434 1272 2433 1271 2435 684 2434 1271 2435 685 2436 685 2436 1271 2435 1270 2437 685 2436 1270 2437 686 2438 686 2438 1270 2437 1269 2439 686 2438 1269 2439 687 2440 687 2440 1269 2439 1268 2441 687 2440 1268 2441 688 2442 688 2442 1268 2441 1267 2443 688 2442 1267 2443 689 2444 689 2444 1267 2443 1266 2445 689 2444 1266 2445 690 2446 690 2446 1266 2445 1265 2447 690 2446 1265 2447 691 2448 691 2448 1265 2447 1264 2449 691 2448 1264 2449 692 2450 692 2450 1264 2449 1263 2451 692 2450 1263 2451 693 2452 693 2452 1263 2451 1262 2453 693 2452 1262 2453 694 2454 694 2454 1262 2453 1261 2455 694 2454 1261 2455 695 2456 695 2456 1261 2455 1260 2457 695 2456 1260 2457 696 2458 696 2458 1260 2457 1259 2459 696 2458 1259 2459 697 2460 697 2460 1259 2459 1258 2461 697 2460 1258 2461 698 2462 698 2462 1258 2461 1257 2463 698 2462 1257 2463 699 2464 699 2464 1257 2463 1256 2465 699 2464 1256 2465 700 2466 700 2466 1256 2465 1255 2467 700 2466 1255 2467 701 2468 701 2468 1255 2467 1254 2469 701 2468 1254 2469 702 2470 702 2470 1254 2469 1253 2471 702 2470 1253 2471 703 2472 703 2472 1253 2471 1252 2473 703 2472 1252 2473 704 2474 704 2474 1252 2473 1251 2475 704 2474 1251 2475 705 2476 705 2476 1251 2475 1250 2477 705 2476 1250 2477 706 2478 706 2478 1250 2477 1249 2479 706 2478 1249 2479 707 2480 707 2480 1249 2479 1248 2481 707 2480 1248 2481 708 2482 708 2482 1248 2481 1247 2483 708 2482 1247 2483 709 2484 709 2484 1247 2483 1246 2485 709 2484 1246 2485 710 2486 710 2486 1246 2485 1245 2487 710 2486 1245 2487 711 2488 711 2488 1245 2487 1244 2489 711 2488 1244 2489 712 2490 712 2490 1244 2489 1243 2491 712 2490 1243 2491 713 2492 713 2492 1243 2491 1242 2493 713 2492 1242 2493 714 2494 714 2494 1242 2493 1241 2495 714 2494 1241 2495 715 2496 715 2496 1241 2495 1240 2497 715 2496 1240 2497 716 2498 716 2498 1240 2497 1239 2499 716 2498 1239 2499 717 2500 717 2500 1239 2499 1238 2501 717 2500 1238 2501 718 2502 718 2502 1238 2501 1237 2503 718 2502 1237 2503 719 2504 719 2504 1237 2503 1236 2505 719 2504 1236 2505 720 2506 720 2506 1236 2505 1235 2507 720 2506 1235 2507 721 2508 721 2508 1235 2507 1234 2509 721 2508 1234 2509 722 2510 722 2510 1234 2509 1233 2511 722 2510 1233 2511 723 2512 723 2512 1233 2511 1232 2513 723 2512 1232 2513 724 2514 724 2514 1232 2513 1231 2515 724 2514 1231 2515 725 2516 725 2516 1231 2515 1230 2517 725 2516 1230 2517 726 2518 726 2518 1230 2517 1229 2519 726 2518 1229 2519 727 2520 727 2520 1229 2519 1228 2521 727 2520 1228 2521 728 2522 728 2522 1228 2521 1227 2523 728 2522 1227 2523 729 2524 729 2524 1227 2523 1226 2525 729 2524 1226 2525 730 2526 730 2526 1226 2525 1225 2527 730 2526 1225 2527 731 2416 731 2416 1225 2527 1224 2414 1475 2528 1451 2529 1474 2530 1474 2530 1451 2529 1450 2531 1474 2530 1450 2531 1497 2532 1497 2532 1450 2531 1473 2533 1497 2532 1473 2533 1496 2534 1496 2534 1473 2533 1472 2535 1496 2534 1472 2535 1495 2536 1495 2536 1472 2535 1471 2537 1495 2536 1471 2537 1494 2538 1494 2538 1471 2537 1470 2539 1494 2538 1470 2539 1493 2540 1493 2540 1470 2539 1469 2541 1493 2540 1469 2541 1492 2542 1492 2542 1469 2541 1468 2543 1492 2542 1468 2543 1491 2544 1491 2544 1468 2543 1467 2545 1491 2544 1467 2545 1490 2546 1490 2546 1467 2545 1466 2547 1490 2546 1466 2547 1489 2548 1489 2548 1466 2547 1465 2549 1489 2548 1465 2549 1488 2550 1488 2550 1465 2549 1464 2551 1488 2550 1464 2551 1487 2552 1487 2552 1464 2551 1463 2553 1487 2552 1463 2553 1486 2554 1486 2554 1463 2553 1462 2555 1486 2554 1462 2555 1485 2556 1485 2556 1462 2555 1461 2557 1485 2556 1461 2557 1484 2558 1484 2558 1461 2557 1460 2559 1484 2558 1460 2559 1483 2560 1483 2560 1460 2559 1459 2561 1483 2560 1459 2561 1482 2562 1482 2562 1459 2561 1458 2563 1482 2562 1458 2563 1481 2564 1481 2564 1458 2563 1457 2565 1481 2564 1457 2565 1480 2566 1480 2566 1457 2565 1456 2567 1480 2566 1456 2567 1479 2568 1479 2568 1456 2567 1455 2569 1479 2568 1455 2569 1478 2570 1478 2570 1455 2569 1454 2571 1478 2570 1454 2571 1477 2572 1477 2572 1454 2571 1453 2573 1477 2572 1453 2573 1476 2574 1476 2574 1453 2573 1452 2575 1476 2574 1452 2575 1475 2528 1475 2528 1452 2575 1451 2529 1497 2576 1487 2577 1474 2578 1474 2578 1487 2577 1486 2579 1474 2578 1486 2579 1475 2580 1475 2580 1486 2579 1485 2581 1475 2580 1485 2581 1476 2582 1476 2582 1485 2581 1484 2583 1476 2582 1484 2583 1477 2584 1477 2584 1484 2583 1483 2585 1477 2584 1483 2585 1478 2586 1478 2586 1483 2585 1482 2587 1478 2586 1482 2587 1479 2588 1479 2588 1482 2587 1481 2589 1479 2588 1481 2589 1480 2590 1487 2577 1497 2576 1488 2591 1488 2591 1497 2576 1496 2592 1488 2591 1496 2592 1489 2593 1489 2593 1496 2592 1495 2594 1489 2593 1495 2594 1490 2595 1490 2595 1495 2594 1494 2596 1490 2595 1494 2596 1491 2597 1491 2597 1494 2596 1493 2598 1491 2597 1493 2598 1492 2599 1499 2600 1427 2601 1498 2602 1498 2602 1427 2601 1426 2603 1498 2602 1426 2603 1521 2604 1521 2604 1426 2603 1449 2605 1521 2604 1449 2605 1520 2606 1520 2606 1449 2605 1448 2607 1520 2606 1448 2607 1519 2608 1519 2608 1448 2607 1447 2609 1519 2608 1447 2609 1518 2610 1518 2610 1447 2609 1446 2611 1518 2610 1446 2611 1517 2612 1517 2612 1446 2611 1445 2613 1517 2612 1445 2613 1516 2614 1516 2614 1445 2613 1444 2615 1516 2614 1444 2615 1515 2616 1515 2616 1444 2615 1443 2617 1515 2616 1443 2617 1514 2618 1514 2618 1443 2617 1442 2619 1514 2618 1442 2619 1513 2620 1513 2620 1442 2619 1441 2621 1513 2620 1441 2621 1512 2622 1512 2622 1441 2621 1440 2623 1512 2622 1440 2623 1511 2624 1511 2624 1440 2623 1439 2625 1511 2624 1439 2625 1510 2626 1510 2626 1439 2625 1438 2627 1510 2626 1438 2627 1509 2628 1509 2628 1438 2627 1437 2629 1509 2628 1437 2629 1508 2630 1508 2630 1437 2629 1436 2631 1508 2630 1436 2631 1507 2632 1507 2632 1436 2631 1435 2633 1507 2632 1435 2633 1506 2634 1506 2634 1435 2633 1434 2635 1506 2634 1434 2635 1505 2636 1505 2636 1434 2635 1433 2637 1505 2636 1433 2637 1504 2638 1504 2638 1433 2637 1432 2639 1504 2638 1432 2639 1503 2640 1503 2640 1432 2639 1431 2641 1503 2640 1431 2641 1502 2642 1502 2642 1431 2641 1430 2643 1502 2642 1430 2643 1501 2644 1501 2644 1430 2643 1429 2645 1501 2644 1429 2645 1500 2646 1500 2646 1429 2645 1428 2647 1500 2646 1428 2647 1499 2600 1499 2600 1428 2647 1427 2601 1521 2648 1511 2649 1498 2650 1498 2650 1511 2649 1510 2651 1498 2650 1510 2651 1499 2652 1499 2652 1510 2651 1509 2653 1499 2652 1509 2653 1500 2654 1500 2654 1509 2653 1508 2655 1500 2654 1508 2655 1501 2656 1501 2656 1508 2655 1507 2657 1501 2656 1507 2657 1502 2658 1502 2658 1507 2657 1506 2659 1502 2658 1506 2659 1503 2660 1503 2660 1506 2659 1505 2661 1503 2660 1505 2661 1504 2662 1511 2649 1521 2648 1512 2663 1512 2663 1521 2648 1520 2664 1512 2663 1520 2664 1513 2665 1513 2665 1520 2664 1519 2666 1513 2665 1519 2666 1514 2667 1514 2667 1519 2666 1518 2668 1514 2667 1518 2668 1515 2669 1515 2669 1518 2668 1517 2670 1515 2669 1517 2670 1516 2671 1523 2672 1403 2673 1522 2674 1522 2674 1403 2673 1402 2675 1522 2674 1402 2675 1545 2676 1545 2676 1402 2675 1425 2677 1545 2676 1425 2677 1544 2678 1544 2678 1425 2677 1424 2679 1544 2678 1424 2679 1543 2680 1543 2680 1424 2679 1423 2681 1543 2680 1423 2681 1542 2682 1542 2682 1423 2681 1422 2683 1542 2682 1422 2683 1541 2684 1541 2684 1422 2683 1421 2685 1541 2684 1421 2685 1540 2686 1540 2686 1421 2685 1420 2687 1540 2686 1420 2687 1539 2688 1539 2688 1420 2687 1419 2689 1539 2688 1419 2689 1538 2690 1538 2690 1419 2689 1418 2691 1538 2690 1418 2691 1537 2692 1537 2692 1418 2691 1417 2693 1537 2692 1417 2693 1536 2694 1536 2694 1417 2693 1416 2695 1536 2694 1416 2695 1535 2696 1535 2696 1416 2695 1415 2697 1535 2696 1415 2697 1534 2698 1534 2698 1415 2697 1414 2699 1534 2698 1414 2699 1533 2700 1533 2700 1414 2699 1413 2701 1533 2700 1413 2701 1532 2702 1532 2702 1413 2701 1412 2703 1532 2702 1412 2703 1531 2704 1531 2704 1412 2703 1411 2705 1531 2704 1411 2705 1530 2706 1530 2706 1411 2705 1410 2707 1530 2706 1410 2707 1529 2708 1529 2708 1410 2707 1409 2709 1529 2708 1409 2709 1528 2710 1528 2710 1409 2709 1408 2711 1528 2710 1408 2711 1527 2712 1527 2712 1408 2711 1407 2713 1527 2712 1407 2713 1526 2714 1526 2714 1407 2713 1406 2715 1526 2714 1406 2715 1525 2716 1525 2716 1406 2715 1405 2717 1525 2716 1405 2717 1524 2718 1524 2718 1405 2717 1404 2719 1524 2718 1404 2719 1523 2672 1523 2672 1404 2719 1403 2673 1545 2720 1535 2721 1522 2722 1522 2722 1535 2721 1534 2723 1522 2722 1534 2723 1523 2724 1523 2724 1534 2723 1533 2725 1523 2724 1533 2725 1524 2726 1524 2726 1533 2725 1532 2727 1524 2726 1532 2727 1525 2728 1525 2728 1532 2727 1531 2729 1525 2728 1531 2729 1526 2730 1526 2730 1531 2729 1530 2731 1526 2730 1530 2731 1527 2732 1527 2732 1530 2731 1529 2733 1527 2732 1529 2733 1528 2734 1535 2721 1545 2720 1536 2735 1536 2735 1545 2720 1544 2736 1536 2735 1544 2736 1537 2737 1537 2737 1544 2736 1543 2738 1537 2737 1543 2738 1538 2739 1538 2739 1543 2738 1542 2740 1538 2739 1542 2740 1539 2741 1539 2741 1542 2740 1541 2742 1539 2741 1541 2742 1540 2743 1547 2744 1379 2745 1546 2746 1546 2746 1379 2745 1378 2747 1546 2746 1378 2747 1569 2748 1569 2748 1378 2747 1401 2749 1569 2748 1401 2749 1568 2750 1568 2750 1401 2749 1400 2751 1568 2750 1400 2751 1567 2752 1567 2752 1400 2751 1399 2753 1567 2752 1399 2753 1566 2754 1566 2754 1399 2753 1398 2755 1566 2754 1398 2755 1565 2756 1565 2756 1398 2755 1397 2757 1565 2756 1397 2757 1564 2758 1564 2758 1397 2757 1396 2759 1564 2758 1396 2759 1563 2760 1563 2760 1396 2759 1395 2761 1563 2760 1395 2761 1562 2762 1562 2762 1395 2761 1394 2763 1562 2762 1394 2763 1561 2764 1561 2764 1394 2763 1393 2765 1561 2764 1393 2765 1560 2766 1560 2766 1393 2765 1392 2767 1560 2766 1392 2767 1559 2768 1559 2768 1392 2767 1391 2769 1559 2768 1391 2769 1558 2770 1558 2770 1391 2769 1390 2771 1558 2770 1390 2771 1557 2772 1557 2772 1390 2771 1389 2773 1557 2772 1389 2773 1556 2774 1556 2774 1389 2773 1388 2775 1556 2774 1388 2775 1555 2776 1555 2776 1388 2775 1387 2777 1555 2776 1387 2777 1554 2778 1554 2778 1387 2777 1386 2779 1554 2778 1386 2779 1553 2780 1553 2780 1386 2779 1385 2781 1553 2780 1385 2781 1552 2782 1552 2782 1385 2781 1384 2783 1552 2782 1384 2783 1551 2784 1551 2784 1384 2783 1383 2785 1551 2784 1383 2785 1550 2786 1550 2786 1383 2785 1382 2787 1550 2786 1382 2787 1549 2788 1549 2788 1382 2787 1381 2789 1549 2788 1381 2789 1548 2790 1548 2790 1381 2789 1380 2791 1548 2790 1380 2791 1547 2744 1547 2744 1380 2791 1379 2745 1569 2792 1559 2793 1546 2794 1546 2794 1559 2793 1558 2795 1546 2794 1558 2795 1547 2796 1547 2796 1558 2795 1557 2797 1547 2796 1557 2797 1548 2798 1548 2798 1557 2797 1556 2799 1548 2798 1556 2799 1549 2800 1549 2800 1556 2799 1555 2801 1549 2800 1555 2801 1550 2802 1550 2802 1555 2801 1554 2803 1550 2802 1554 2803 1551 2804 1551 2804 1554 2803 1553 2805 1551 2804 1553 2805 1552 2806 1559 2793 1569 2792 1560 2807 1560 2807 1569 2792 1568 2808 1560 2807 1568 2808 1561 2809 1561 2809 1568 2808 1567 2810 1561 2809 1567 2810 1562 2811 1562 2811 1567 2810 1566 2812 1562 2811 1566 2812 1563 2813 1563 2813 1566 2812 1565 2814 1563 2813 1565 2814 1564 2815 1571 2816 1355 2817 1570 2818 1570 2818 1355 2817 1354 2819 1570 2818 1354 2819 1593 2820 1593 2820 1354 2819 1377 2821 1593 2820 1377 2821 1592 2822 1592 2822 1377 2821 1376 2823 1592 2822 1376 2823 1591 2824 1591 2824 1376 2823 1375 2825 1591 2824 1375 2825 1590 2826 1590 2826 1375 2825 1374 2827 1590 2826 1374 2827 1589 2828 1589 2828 1374 2827 1373 2829 1589 2828 1373 2829 1588 2830 1588 2830 1373 2829 1372 2831 1588 2830 1372 2831 1587 2832 1587 2832 1372 2831 1371 2833 1587 2832 1371 2833 1586 2834 1586 2834 1371 2833 1370 2835 1586 2834 1370 2835 1585 2836 1585 2836 1370 2835 1369 2837 1585 2836 1369 2837 1584 2838 1584 2838 1369 2837 1368 2839 1584 2838 1368 2839 1583 2840 1583 2840 1368 2839 1367 2841 1583 2840 1367 2841 1582 2842 1582 2842 1367 2841 1366 2843 1582 2842 1366 2843 1581 2844 1581 2844 1366 2843 1365 2845 1581 2844 1365 2845 1580 2846 1580 2846 1365 2845 1364 2847 1580 2846 1364 2847 1579 2848 1579 2848 1364 2847 1363 2849 1579 2848 1363 2849 1578 2850 1578 2850 1363 2849 1362 2851 1578 2850 1362 2851 1577 2852 1577 2852 1362 2851 1361 2853 1577 2852 1361 2853 1576 2854 1576 2854 1361 2853 1360 2855 1576 2854 1360 2855 1575 2856 1575 2856 1360 2855 1359 2857 1575 2856 1359 2857 1574 2858 1574 2858 1359 2857 1358 2859 1574 2858 1358 2859 1573 2860 1573 2860 1358 2859 1357 2861 1573 2860 1357 2861 1572 2862 1572 2862 1357 2861 1356 2863 1572 2862 1356 2863 1571 2816 1571 2816 1356 2863 1355 2817 1593 2864 1583 2865 1570 2866 1570 2866 1583 2865 1582 2867 1570 2866 1582 2867 1571 2868 1571 2868 1582 2867 1581 2869 1571 2868 1581 2869 1572 2870 1572 2870 1581 2869 1580 2871 1572 2870 1580 2871 1573 2872 1573 2872 1580 2871 1579 2873 1573 2872 1579 2873 1574 2874 1574 2874 1579 2873 1578 2875 1574 2874 1578 2875 1575 2876 1575 2876 1578 2875 1577 2877 1575 2876 1577 2877 1576 2878 1583 2865 1593 2864 1584 2879 1584 2879 1593 2864 1592 2880 1584 2879 1592 2880 1585 2881 1585 2881 1592 2880 1591 2882 1585 2881 1591 2882 1586 2883 1586 2883 1591 2882 1590 2884 1586 2883 1590 2884 1587 2885 1587 2885 1590 2884 1589 2886 1587 2885 1589 2886 1588 2887 1595 2888 1331 2889 1594 2890 1594 2890 1331 2889 1330 2891 1594 2890 1330 2891 1617 2892 1617 2892 1330 2891 1353 2893 1617 2892 1353 2893 1616 2894 1616 2894 1353 2893 1352 2895 1616 2894 1352 2895 1615 2896 1615 2896 1352 2895 1351 2897 1615 2896 1351 2897 1614 2898 1614 2898 1351 2897 1350 2899 1614 2898 1350 2899 1613 2900 1613 2900 1350 2899 1349 2901 1613 2900 1349 2901 1612 2902 1612 2902 1349 2901 1348 2903 1612 2902 1348 2903 1611 2904 1611 2904 1348 2903 1347 2905 1611 2904 1347 2905 1610 2906 1610 2906 1347 2905 1346 2907 1610 2906 1346 2907 1609 2908 1609 2908 1346 2907 1345 2909 1609 2908 1345 2909 1608 2910 1608 2910 1345 2909 1344 2911 1608 2910 1344 2911 1607 2912 1607 2912 1344 2911 1343 2913 1607 2912 1343 2913 1606 2914 1606 2914 1343 2913 1342 2915 1606 2914 1342 2915 1605 2916 1605 2916 1342 2915 1341 2917 1605 2916 1341 2917 1604 2918 1604 2918 1341 2917 1340 2919 1604 2918 1340 2919 1603 2920 1603 2920 1340 2919 1339 2921 1603 2920 1339 2921 1602 2922 1602 2922 1339 2921 1338 2923 1602 2922 1338 2923 1601 2924 1601 2924 1338 2923 1337 2925 1601 2924 1337 2925 1600 2926 1600 2926 1337 2925 1336 2927 1600 2926 1336 2927 1599 2928 1599 2928 1336 2927 1335 2929 1599 2928 1335 2929 1598 2930 1598 2930 1335 2929 1334 2931 1598 2930 1334 2931 1597 2932 1597 2932 1334 2931 1333 2933 1597 2932 1333 2933 1596 2934 1596 2934 1333 2933 1332 2935 1596 2934 1332 2935 1595 2888 1595 2888 1332 2935 1331 2889 1617 2936 1607 2937 1594 2938 1594 2938 1607 2937 1606 2939 1594 2938 1606 2939 1595 2940 1595 2940 1606 2939 1605 2941 1595 2940 1605 2941 1596 2942 1596 2942 1605 2941 1604 2943 1596 2942 1604 2943 1597 2944 1597 2944 1604 2943 1603 2945 1597 2944 1603 2945 1598 2946 1598 2946 1603 2945 1602 2947 1598 2946 1602 2947 1599 2948 1599 2948 1602 2947 1601 2949 1599 2948 1601 2949 1600 2950 1607 2937 1617 2936 1608 2951 1608 2951 1617 2936 1616 2952 1608 2951 1616 2952 1609 2953 1609 2953 1616 2952 1615 2954 1609 2953 1615 2954 1610 2955 1610 2955 1615 2954 1614 2956 1610 2955 1614 2956 1611 2957 1611 2957 1614 2956 1613 2958 1611 2957 1613 2958 1612 2959 1619 2960 1307 2961 1618 2962 1618 2962 1307 2961 1306 2963 1618 2962 1306 2963 1641 2964 1641 2964 1306 2963 1329 2965 1641 2964 1329 2965 1640 2966 1640 2966 1329 2965 1328 2967 1640 2966 1328 2967 1639 2968 1639 2968 1328 2967 1327 2969 1639 2968 1327 2969 1638 2970 1638 2970 1327 2969 1326 2971 1638 2970 1326 2971 1637 2972 1637 2972 1326 2971 1325 2973 1637 2972 1325 2973 1636 2974 1636 2974 1325 2973 1324 2975 1636 2974 1324 2975 1635 2976 1635 2976 1324 2975 1323 2977 1635 2976 1323 2977 1634 2978 1634 2978 1323 2977 1322 2979 1634 2978 1322 2979 1633 2980 1633 2980 1322 2979 1321 2981 1633 2980 1321 2981 1632 2982 1632 2982 1321 2981 1320 2983 1632 2982 1320 2983 1631 2984 1631 2984 1320 2983 1319 2985 1631 2984 1319 2985 1630 2986 1630 2986 1319 2985 1318 2987 1630 2986 1318 2987 1629 2988 1629 2988 1318 2987 1317 2989 1629 2988 1317 2989 1628 2990 1628 2990 1317 2989 1316 2991 1628 2990 1316 2991 1627 2992 1627 2992 1316 2991 1315 2993 1627 2992 1315 2993 1626 2994 1626 2994 1315 2993 1314 2995 1626 2994 1314 2995 1625 2996 1625 2996 1314 2995 1313 2997 1625 2996 1313 2997 1624 2998 1624 2998 1313 2997 1312 2999 1624 2998 1312 2999 1623 3000 1623 3000 1312 2999 1311 3001 1623 3000 1311 3001 1622 3002 1622 3002 1311 3001 1310 3003 1622 3002 1310 3003 1621 3004 1621 3004 1310 3003 1309 3005 1621 3004 1309 3005 1620 3006 1620 3006 1309 3005 1308 3007 1620 3006 1308 3007 1619 2960 1619 2960 1308 3007 1307 2961 1641 3008 1631 3009 1618 3010 1618 3010 1631 3009 1630 3011 1618 3010 1630 3011 1619 3012 1619 3012 1630 3011 1629 3013 1619 3012 1629 3013 1620 3014 1620 3014 1629 3013 1628 3015 1620 3014 1628 3015 1621 3016 1621 3016 1628 3015 1627 3017 1621 3016 1627 3017 1622 3018 1622 3018 1627 3017 1626 3019 1622 3018 1626 3019 1623 3020 1623 3020 1626 3019 1625 3021 1623 3020 1625 3021 1624 3022 1631 3009 1641 3008 1632 3023 1632 3023 1641 3008 1640 3024 1632 3023 1640 3024 1633 3025 1633 3025 1640 3024 1639 3026 1633 3025 1639 3026 1634 3027 1634 3027 1639 3026 1638 3028 1634 3027 1638 3028 1635 3029 1635 3029 1638 3028 1637 3030 1635 3029 1637 3030 1636 3031 1643 3032 1283 3033 1642 3034 1642 3034 1283 3033 1282 3035 1642 3034 1282 3035 1665 3036 1665 3036 1282 3035 1305 3037 1665 3036 1305 3037 1664 3038 1664 3038 1305 3037 1304 3039 1664 3038 1304 3039 1663 3040 1663 3040 1304 3039 1303 3041 1663 3040 1303 3041 1662 3042 1662 3042 1303 3041 1302 3043 1662 3042 1302 3043 1661 3044 1661 3044 1302 3043 1301 3045 1661 3044 1301 3045 1660 3046 1660 3046 1301 3045 1300 3047 1660 3046 1300 3047 1659 3048 1659 3048 1300 3047 1299 3049 1659 3048 1299 3049 1658 3050 1658 3050 1299 3049 1298 3051 1658 3050 1298 3051 1657 3052 1657 3052 1298 3051 1297 3053 1657 3052 1297 3053 1656 3054 1656 3054 1297 3053 1296 3055 1656 3054 1296 3055 1655 3056 1655 3056 1296 3055 1295 3057 1655 3056 1295 3057 1654 3058 1654 3058 1295 3057 1294 3059 1654 3058 1294 3059 1653 3060 1653 3060 1294 3059 1293 3061 1653 3060 1293 3061 1652 3062 1652 3062 1293 3061 1292 3063 1652 3062 1292 3063 1651 3064 1651 3064 1292 3063 1291 3065 1651 3064 1291 3065 1650 3066 1650 3066 1291 3065 1290 3067 1650 3066 1290 3067 1649 3068 1649 3068 1290 3067 1289 3069 1649 3068 1289 3069 1648 3070 1648 3070 1289 3069 1288 3071 1648 3070 1288 3071 1647 3072 1647 3072 1288 3071 1287 3073 1647 3072 1287 3073 1646 3074 1646 3074 1287 3073 1286 3075 1646 3074 1286 3075 1645 3076 1645 3076 1286 3075 1285 3077 1645 3076 1285 3077 1644 3078 1644 3078 1285 3077 1284 3079 1644 3078 1284 3079 1643 3032 1643 3032 1284 3079 1283 3033 1665 3080 1655 3081 1642 3082 1642 3082 1655 3081 1654 3083 1642 3082 1654 3083 1643 3084 1643 3084 1654 3083 1653 3085 1643 3084 1653 3085 1644 3086 1644 3086 1653 3085 1652 3087 1644 3086 1652 3087 1645 3088 1645 3088 1652 3087 1651 3089 1645 3088 1651 3089 1646 3090 1646 3090 1651 3089 1650 3091 1646 3090 1650 3091 1647 3092 1647 3092 1650 3091 1649 3093 1647 3092 1649 3093 1648 3094 1655 3081 1665 3080 1656 3095 1656 3095 1665 3080 1664 3096 1656 3095 1664 3096 1657 3097 1657 3097 1664 3096 1663 3098 1657 3097 1663 3098 1658 3099 1658 3099 1663 3098 1662 3100 1658 3099 1662 3100 1659 3101 1659 3101 1662 3100 1661 3102 1659 3101 1661 3102 1660 3103 1667 3104 1783 3105 1666 3106 1666 3106 1783 3105 1784 3107 1666 3106 1784 3107 1761 3108 1668 3109 144 3110 1667 3104 1667 3104 144 3110 1779 3111 1667 3104 1779 3111 1780 3112 144 3110 1668 3109 145 3113 145 3113 1668 3109 1669 3114 145 3113 1669 3114 146 3115 146 3115 1669 3114 1670 3116 146 3115 1670 3116 147 3117 147 3117 1670 3116 1671 3118 147 3117 1671 3118 1740 3119 1740 3119 1671 3118 1739 3120 1739 3120 1671 3118 1738 3121 1738 3121 1671 3118 1737 3122 1737 3122 1671 3118 1760 3123 1760 3123 1671 3118 1759 3124 1759 3124 1671 3118 1672 3125 1759 3124 1672 3125 1758 3126 1758 3126 1672 3125 1757 3127 1757 3127 1672 3125 1756 3128 1756 3128 1672 3125 1755 3129 1755 3129 1672 3125 1673 3130 1755 3129 1673 3130 1754 3131 1754 3131 1673 3130 1753 3132 1753 3132 1673 3130 1752 3133 1752 3133 1673 3130 1751 3134 1751 3134 1673 3130 149 3135 1751 3134 149 3135 1750 3136 1750 3136 149 3135 1749 3137 1749 3137 149 3135 1748 3138 1748 3138 149 3135 1747 3139 1747 3139 149 3135 1746 3140 1746 3140 149 3135 148 3141 1746 3140 148 3141 1745 3142 1745 3142 148 3141 1744 3143 1744 3143 148 3141 1743 3144 1743 3144 148 3141 1742 3145 1742 3145 148 3141 147 3117 1742 3145 147 3117 1741 3146 1741 3146 147 3117 1740 3119 149 3135 1673 3130 150 3147 150 3147 1673 3130 1674 3148 150 3147 1674 3148 151 3149 151 3149 1674 3148 1675 3150 151 3149 1675 3150 152 3151 152 3151 1675 3150 1676 3152 152 3151 1676 3152 153 3153 153 3153 1676 3152 1713 3154 153 3153 1713 3154 1714 3155 1676 3152 1677 3156 1713 3154 1713 3154 1677 3156 1736 3157 1736 3157 1677 3156 1735 3158 1735 3158 1677 3156 1734 3159 1734 3159 1677 3156 1733 3160 1733 3160 1677 3156 1732 3161 1732 3161 1677 3156 1678 3162 1732 3161 1678 3162 1731 3163 1731 3163 1678 3162 1730 3164 1730 3164 1678 3162 1729 3165 1729 3165 1678 3162 1728 3166 1728 3166 1678 3162 1727 3167 1727 3167 1678 3162 1679 3168 1727 3167 1679 3168 1726 3169 1726 3169 1679 3168 1725 3170 1725 3170 1679 3168 155 3171 1725 3170 155 3171 1724 3172 1724 3172 155 3171 1723 3173 1723 3173 155 3171 1722 3174 1722 3174 155 3171 154 3175 1722 3174 154 3175 1721 3176 1721 3176 154 3175 1720 3177 1720 3177 154 3175 1719 3178 1719 3178 154 3175 1718 3179 1718 3179 154 3175 153 3153 1718 3179 153 3153 1717 3180 1717 3180 153 3153 1716 3181 1716 3181 153 3153 1715 3182 1715 3182 153 3153 1714 3155 1679 3168 1680 3183 155 3171 155 3171 1680 3183 156 3184 156 3184 1680 3183 1681 3185 156 3184 1681 3185 157 3186 157 3186 1681 3185 1682 3187 157 3186 1682 3187 158 3188 158 3188 1682 3187 1902 3189 158 3188 1902 3189 1903 3190 1682 3187 1683 3191 1902 3189 1902 3189 1683 3191 1901 3192 1901 3192 1683 3191 1900 3193 1900 3193 1683 3191 1899 3194 1899 3194 1683 3191 1898 3195 1898 3195 1683 3191 1897 3196 1897 3196 1683 3191 1896 3197 1896 3197 1683 3191 1684 3198 1896 3197 1684 3198 1895 3199 1895 3199 1684 3198 1894 3200 1894 3200 1684 3198 1893 3201 1893 3201 1684 3198 1892 3202 1892 3202 1684 3198 1685 3203 1892 3202 1685 3203 1891 3204 1891 3204 1685 3203 1890 3205 1890 3205 1685 3203 160 3206 1890 3205 160 3206 1889 3207 1889 3207 160 3206 1888 3208 1888 3208 160 3206 1887 3209 1887 3209 160 3206 1886 3210 1886 3210 160 3206 1885 3211 1885 3211 160 3206 159 3212 1885 3211 159 3212 1884 3213 1884 3213 159 3212 1883 3214 1883 3214 159 3212 1882 3215 1882 3215 159 3212 1881 3216 1881 3216 159 3212 158 3188 1881 3216 158 3188 1904 3217 1904 3217 158 3188 1903 3190 160 3206 1685 3203 161 3218 161 3218 1685 3203 1686 3219 161 3218 1686 3219 162 3220 162 3220 1686 3219 1687 3221 162 3220 1687 3221 163 3222 163 3222 1687 3221 1688 3223 163 3222 1688 3223 1875 3224 1875 3224 1688 3223 1874 3225 1874 3225 1688 3223 1689 3226 1874 3225 1689 3226 1873 3227 1873 3227 1689 3226 1872 3228 1872 3228 1689 3226 1871 3229 1871 3229 1689 3226 1870 3230 1870 3230 1689 3226 1869 3231 1869 3231 1689 3226 1690 3232 1869 3231 1690 3232 1868 3233 1868 3233 1690 3232 1867 3234 1867 3234 1690 3232 1866 3235 1866 3235 1690 3232 1865 3236 1865 3236 1690 3232 1864 3237 1864 3237 1690 3232 1691 3238 1864 3237 1691 3238 1863 3239 1863 3239 1691 3238 166 3240 1863 3239 166 3240 1862 3241 1862 3241 166 3240 165 3242 1862 3241 165 3242 1861 3243 1861 3243 165 3242 1860 3244 1860 3244 165 3242 1859 3245 1859 3245 165 3242 1858 3246 1858 3246 165 3242 1857 3247 1857 3247 165 3242 164 3248 1857 3247 164 3248 1880 3249 1880 3249 164 3248 1879 3250 1879 3250 164 3248 1878 3251 1878 3251 164 3248 1877 3252 1877 3252 164 3248 1876 3253 1876 3253 164 3248 163 3222 1876 3253 163 3222 1875 3224 1691 3238 1692 3254 166 3240 166 3240 1692 3254 167 3255 167 3255 1692 3254 1693 3256 167 3255 1693 3256 168 3257 168 3257 1693 3256 1694 3258 168 3257 1694 3258 169 3259 169 3259 1694 3258 1848 3260 169 3259 1848 3260 1849 3261 1695 3262 1846 3263 1694 3258 1694 3258 1846 3263 1847 3264 1694 3258 1847 3264 1848 3260 1696 3265 1842 3266 1695 3262 1695 3262 1842 3266 1843 3267 1695 3262 1843 3267 1844 3268 1697 3269 1836 3270 1696 3265 1696 3265 1836 3270 1837 3271 1696 3265 1837 3271 1838 3272 1698 3273 172 3274 1697 3269 1697 3269 172 3274 171 3275 1697 3269 171 3275 1836 3270 1836 3270 171 3275 1835 3276 1835 3276 171 3275 1834 3277 1834 3277 171 3275 1833 3278 1833 3278 171 3275 170 3279 1833 3278 170 3279 1856 3280 1856 3280 170 3279 1855 3281 1855 3281 170 3279 1854 3282 1854 3282 170 3279 1853 3283 1853 3283 170 3279 169 3259 1853 3283 169 3259 1852 3284 1852 3284 169 3259 1851 3285 1851 3285 169 3259 1850 3286 1850 3286 169 3259 1849 3261 172 3274 1698 3273 173 3287 173 3287 1698 3273 1699 3288 173 3287 1699 3288 174 3289 174 3289 1699 3288 1700 3290 174 3289 1700 3290 1821 3291 1821 3291 1700 3290 1820 3292 1820 3292 1700 3290 1819 3293 1819 3293 1700 3290 1701 3294 1819 3293 1701 3294 1818 3295 1818 3295 1701 3294 1817 3296 1817 3296 1701 3294 1816 3297 1816 3297 1701 3294 1815 3298 1815 3298 1701 3294 1814 3299 1814 3299 1701 3294 1702 3300 1814 3299 1702 3300 1813 3301 1813 3301 1702 3300 1812 3302 1812 3302 1702 3300 1811 3303 1811 3303 1702 3300 1810 3304 1810 3304 1702 3300 1809 3305 1809 3305 1702 3300 1703 3306 1809 3305 1703 3306 176 3307 176 3307 1703 3306 177 3308 177 3308 1703 3306 1704 3309 177 3308 1704 3309 178 3310 178 3310 1704 3309 1705 3311 178 3310 1705 3311 179 3312 179 3312 1705 3311 1706 3313 179 3312 1706 3313 180 3314 180 3314 1706 3313 1795 3315 180 3314 1795 3315 1796 3316 1707 3317 1791 3318 1706 3313 1706 3313 1791 3318 1792 3319 1706 3313 1792 3319 1793 3320 1708 3321 1787 3322 1707 3317 1707 3317 1787 3322 1788 3323 1707 3317 1788 3323 1789 3324 1709 3325 182 3326 1708 3321 1708 3321 182 3326 1806 3327 1708 3321 1806 3327 1807 3328 182 3326 1709 3325 183 3329 183 3329 1709 3325 1710 3330 183 3329 1710 3330 184 3331 184 3331 1710 3330 1711 3332 184 3331 1711 3332 185 3333 185 3333 1711 3332 1712 3334 185 3333 1712 3334 1767 3335 1767 3335 1712 3334 1766 3336 1766 3336 1712 3334 1765 3337 1765 3337 1712 3334 1764 3338 1764 3338 1712 3334 1763 3339 1763 3339 1712 3334 1666 3106 1763 3339 1666 3106 1762 3340 1762 3340 1666 3106 1761 3108 185 3333 1771 3341 143 3342 143 3342 1771 3341 1772 3343 143 3342 1772 3343 1773 3344 181 3345 1804 3346 182 3326 182 3326 1804 3346 1805 3347 182 3326 1805 3347 1806 3327 180 3314 1800 3348 181 3345 181 3345 1800 3348 1801 3349 181 3345 1801 3349 1802 3350 175 3351 1828 3352 176 3307 176 3307 1828 3352 1829 3353 176 3307 1829 3353 1830 3354 174 3289 1824 3355 175 3351 175 3351 1824 3355 1825 3356 175 3351 1825 3356 1826 3357 143 3342 1775 3358 144 3110 144 3110 1775 3358 1776 3359 144 3110 1776 3359 1777 3360 1767 3335 1768 3361 185 3333 185 3333 1768 3361 1769 3362 185 3333 1769 3362 1770 3363 1770 3363 1771 3341 185 3333 1773 3344 1774 3364 143 3342 143 3342 1774 3364 1775 3358 1777 3360 1778 3365 144 3110 144 3110 1778 3365 1779 3111 1780 3112 1781 3366 1667 3104 1667 3104 1781 3366 1782 3367 1667 3104 1782 3367 1783 3105 1808 3368 1785 3369 1708 3321 1708 3321 1785 3369 1786 3370 1708 3321 1786 3370 1787 3322 1789 3324 1790 3371 1707 3317 1707 3317 1790 3371 1791 3318 1793 3320 1794 3372 1706 3313 1706 3313 1794 3372 1795 3315 1796 3316 1797 3373 180 3314 180 3314 1797 3373 1798 3374 180 3314 1798 3374 1799 3375 1799 3375 1800 3348 180 3314 1802 3350 1803 3376 181 3345 181 3345 1803 3376 1804 3346 1807 3328 1808 3368 1708 3321 1821 3291 1822 3377 174 3289 174 3289 1822 3377 1823 3378 174 3289 1823 3378 1824 3355 1826 3357 1827 3379 175 3351 175 3351 1827 3379 1828 3352 1830 3354 1831 3380 176 3307 176 3307 1831 3380 1832 3381 176 3307 1832 3381 1809 3305 1838 3272 1839 3382 1696 3265 1696 3265 1839 3382 1840 3383 1696 3265 1840 3383 1841 3384 1841 3384 1842 3266 1696 3265 1844 3268 1845 3385 1695 3262 1695 3262 1845 3385 1846 3263 1712 3386 338 3387 1666 3388 1666 3388 338 3387 384 3389 1666 3388 384 3389 1667 3390 1667 3390 384 3389 383 3391 1667 3390 383 3391 1668 3392 1668 3392 383 3391 382 3393 1668 3392 382 3393 1669 3394 1669 3394 382 3393 381 3395 1669 3394 381 3395 1670 3396 1670 3396 381 3395 380 3397 1670 3396 380 3397 1671 3398 1671 3398 380 3397 379 3399 1671 3398 379 3399 1672 3400 1672 3400 379 3399 378 3401 1672 3400 378 3401 1673 3402 1673 3402 378 3401 377 3403 1673 3402 377 3403 1674 3404 1674 3404 377 3403 376 3405 1674 3404 376 3405 1675 3406 1675 3406 376 3405 375 3407 1675 3406 375 3407 1676 3408 1676 3408 375 3407 374 3409 1676 3408 374 3409 1677 3410 1677 3410 374 3409 373 3411 1677 3410 373 3411 1678 3412 1678 3412 373 3411 372 3413 1678 3412 372 3413 1679 3414 1679 3414 372 3413 371 3415 1679 3414 371 3415 1680 3416 1680 3416 371 3415 370 3417 1680 3416 370 3417 1681 3418 1681 3418 370 3417 369 3419 1681 3418 369 3419 1682 3420 1682 3420 369 3419 368 3421 1682 3420 368 3421 1683 3422 1683 3422 368 3421 367 3423 1683 3422 367 3423 1684 3424 1684 3424 367 3423 366 3425 1684 3424 366 3425 1685 3426 1685 3426 366 3425 365 3427 1685 3426 365 3427 1686 3428 1686 3428 365 3427 364 3429 1686 3428 364 3429 1687 3430 1687 3430 364 3429 363 3431 1687 3430 363 3431 1688 3432 1688 3432 363 3431 362 3433 1688 3432 362 3433 1689 3434 1689 3434 362 3433 361 3435 1689 3434 361 3435 1690 3436 1690 3436 361 3435 360 3437 1690 3436 360 3437 1691 3438 1691 3438 360 3437 359 3439 1691 3438 359 3439 1692 3440 1692 3440 359 3439 358 3441 1692 3440 358 3441 1693 3442 1693 3442 358 3441 357 3443 1693 3442 357 3443 1694 3444 1694 3444 357 3443 356 3445 1694 3444 356 3445 1695 3446 1695 3446 356 3445 355 3447 1695 3446 355 3447 1696 3448 1696 3448 355 3447 354 3449 1696 3448 354 3449 1697 3450 1697 3450 354 3449 353 3451 1697 3450 353 3451 1698 3452 1698 3452 353 3451 352 3453 1698 3452 352 3453 1699 3454 1699 3454 352 3453 351 3455 1699 3454 351 3455 1700 3456 1700 3456 351 3455 350 3457 1700 3456 350 3457 1701 3458 1701 3458 350 3457 349 3459 1701 3458 349 3459 1702 3460 1702 3460 349 3459 348 3461 1702 3460 348 3461 1703 3462 1703 3462 348 3461 347 3463 1703 3462 347 3463 1704 3464 1704 3464 347 3463 346 3465 1704 3464 346 3465 1705 3466 1705 3466 346 3465 345 3467 1705 3466 345 3467 1706 3468 1706 3468 345 3467 344 3469 1706 3468 344 3469 1707 3470 1707 3470 344 3469 343 3471 1707 3470 343 3471 1708 3472 1708 3472 343 3471 342 3473 1708 3472 342 3473 1709 3474 1709 3474 342 3473 341 3475 1709 3474 341 3475 1710 3476 1710 3476 341 3475 340 3477 1710 3476 340 3477 1711 3478 1711 3478 340 3477 339 3479 1711 3478 339 3479 1712 3386 1712 3386 339 3479 338 3387 1906 3480 1882 3481 1905 3482 1905 3482 1882 3481 1881 3483 1905 3482 1881 3483 1928 3484 1928 3484 1881 3483 1904 3485 1928 3484 1904 3485 1927 3486 1927 3486 1904 3485 1903 3487 1927 3486 1903 3487 1926 3488 1926 3488 1903 3487 1902 3489 1926 3488 1902 3489 1925 3490 1925 3490 1902 3489 1901 3491 1925 3490 1901 3491 1924 3492 1924 3492 1901 3491 1900 3493 1924 3492 1900 3493 1923 3494 1923 3494 1900 3493 1899 3495 1923 3494 1899 3495 1922 3496 1922 3496 1899 3495 1898 3497 1922 3496 1898 3497 1921 3498 1921 3498 1898 3497 1897 3499 1921 3498 1897 3499 1920 3500 1920 3500 1897 3499 1896 3501 1920 3500 1896 3501 1919 3502 1919 3502 1896 3501 1895 3503 1919 3502 1895 3503 1918 3504 1918 3504 1895 3503 1894 3505 1918 3504 1894 3505 1917 3506 1917 3506 1894 3505 1893 3507 1917 3506 1893 3507 1916 3508 1916 3508 1893 3507 1892 3509 1916 3508 1892 3509 1915 3510 1915 3510 1892 3509 1891 3511 1915 3510 1891 3511 1914 3512 1914 3512 1891 3511 1890 3513 1914 3512 1890 3513 1913 3514 1913 3514 1890 3513 1889 3515 1913 3514 1889 3515 1912 3516 1912 3516 1889 3515 1888 3517 1912 3516 1888 3517 1911 3518 1911 3518 1888 3517 1887 3519 1911 3518 1887 3519 1910 3520 1910 3520 1887 3519 1886 3521 1910 3520 1886 3521 1909 3522 1909 3522 1886 3521 1885 3523 1909 3522 1885 3523 1908 3524 1908 3524 1885 3523 1884 3525 1908 3524 1884 3525 1907 3526 1907 3526 1884 3525 1883 3527 1907 3526 1883 3527 1906 3480 1906 3480 1883 3527 1882 3481 1928 3528 1918 3529 1905 3530 1905 3530 1918 3529 1917 3531 1905 3530 1917 3531 1906 3532 1906 3532 1917 3531 1916 3533 1906 3532 1916 3533 1907 3534 1907 3534 1916 3533 1915 3535 1907 3534 1915 3535 1908 3536 1908 3536 1915 3535 1914 3537 1908 3536 1914 3537 1909 3538 1909 3538 1914 3537 1913 3539 1909 3538 1913 3539 1910 3540 1910 3540 1913 3539 1912 3541 1910 3540 1912 3541 1911 3542 1918 3529 1928 3528 1919 3543 1919 3543 1928 3528 1927 3544 1919 3543 1927 3544 1920 3545 1920 3545 1927 3544 1926 3546 1920 3545 1926 3546 1921 3547 1921 3547 1926 3546 1925 3548 1921 3547 1925 3548 1922 3549 1922 3549 1925 3548 1924 3550 1922 3549 1924 3550 1923 3551 1930 3552 1858 3553 1929 3554 1929 3554 1858 3553 1857 3555 1929 3554 1857 3555 1952 3556 1952 3556 1857 3555 1880 3557 1952 3556 1880 3557 1951 3558 1951 3558 1880 3557 1879 3559 1951 3558 1879 3559 1950 3560 1950 3560 1879 3559 1878 3561 1950 3560 1878 3561 1949 3562 1949 3562 1878 3561 1877 3563 1949 3562 1877 3563 1948 3564 1948 3564 1877 3563 1876 3565 1948 3564 1876 3565 1947 3566 1947 3566 1876 3565 1875 3567 1947 3566 1875 3567 1946 3568 1946 3568 1875 3567 1874 3569 1946 3568 1874 3569 1945 3570 1945 3570 1874 3569 1873 3571 1945 3570 1873 3571 1944 3572 1944 3572 1873 3571 1872 3573 1944 3572 1872 3573 1943 3574 1943 3574 1872 3573 1871 3575 1943 3574 1871 3575 1942 3576 1942 3576 1871 3575 1870 3577 1942 3576 1870 3577 1941 3578 1941 3578 1870 3577 1869 3579 1941 3578 1869 3579 1940 3580 1940 3580 1869 3579 1868 3581 1940 3580 1868 3581 1939 3582 1939 3582 1868 3581 1867 3583 1939 3582 1867 3583 1938 3584 1938 3584 1867 3583 1866 3585 1938 3584 1866 3585 1937 3586 1937 3586 1866 3585 1865 3587 1937 3586 1865 3587 1936 3588 1936 3588 1865 3587 1864 3589 1936 3588 1864 3589 1935 3590 1935 3590 1864 3589 1863 3591 1935 3590 1863 3591 1934 3592 1934 3592 1863 3591 1862 3593 1934 3592 1862 3593 1933 3594 1933 3594 1862 3593 1861 3595 1933 3594 1861 3595 1932 3596 1932 3596 1861 3595 1860 3597 1932 3596 1860 3597 1931 3598 1931 3598 1860 3597 1859 3599 1931 3598 1859 3599 1930 3552 1930 3552 1859 3599 1858 3553 1952 3600 1942 3601 1929 3602 1929 3602 1942 3601 1941 3603 1929 3602 1941 3603 1930 3604 1930 3604 1941 3603 1940 3605 1930 3604 1940 3605 1931 3606 1931 3606 1940 3605 1939 3607 1931 3606 1939 3607 1932 3608 1932 3608 1939 3607 1938 3609 1932 3608 1938 3609 1933 3610 1933 3610 1938 3609 1937 3611 1933 3610 1937 3611 1934 3612 1934 3612 1937 3611 1936 3613 1934 3612 1936 3613 1935 3614 1942 3601 1952 3600 1943 3615 1943 3615 1952 3600 1951 3616 1943 3615 1951 3616 1944 3617 1944 3617 1951 3616 1950 3618 1944 3617 1950 3618 1945 3619 1945 3619 1950 3618 1949 3620 1945 3619 1949 3620 1946 3621 1946 3621 1949 3620 1948 3622 1946 3621 1948 3622 1947 3623 1954 3624 1834 3625 1953 3626 1953 3626 1834 3625 1833 3627 1953 3626 1833 3627 1976 3628 1976 3628 1833 3627 1856 3629 1976 3628 1856 3629 1975 3630 1975 3630 1856 3629 1855 3631 1975 3630 1855 3631 1974 3632 1974 3632 1855 3631 1854 3633 1974 3632 1854 3633 1973 3634 1973 3634 1854 3633 1853 3635 1973 3634 1853 3635 1972 3636 1972 3636 1853 3635 1852 3637 1972 3636 1852 3637 1971 3638 1971 3638 1852 3637 1851 3639 1971 3638 1851 3639 1970 3640 1970 3640 1851 3639 1850 3641 1970 3640 1850 3641 1969 3642 1969 3642 1850 3641 1849 3643 1969 3642 1849 3643 1968 3644 1968 3644 1849 3643 1848 3645 1968 3644 1848 3645 1967 3646 1967 3646 1848 3645 1847 3647 1967 3646 1847 3647 1966 3648 1966 3648 1847 3647 1846 3649 1966 3648 1846 3649 1965 3650 1965 3650 1846 3649 1845 3651 1965 3650 1845 3651 1964 3652 1964 3652 1845 3651 1844 3653 1964 3652 1844 3653 1963 3654 1963 3654 1844 3653 1843 3655 1963 3654 1843 3655 1962 3656 1962 3656 1843 3655 1842 3657 1962 3656 1842 3657 1961 3658 1961 3658 1842 3657 1841 3659 1961 3658 1841 3659 1960 3660 1960 3660 1841 3659 1840 3661 1960 3660 1840 3661 1959 3662 1959 3662 1840 3661 1839 3663 1959 3662 1839 3663 1958 3664 1958 3664 1839 3663 1838 3665 1958 3664 1838 3665 1957 3666 1957 3666 1838 3665 1837 3667 1957 3666 1837 3667 1956 3668 1956 3668 1837 3667 1836 3669 1956 3668 1836 3669 1955 3670 1955 3670 1836 3669 1835 3671 1955 3670 1835 3671 1954 3624 1954 3624 1835 3671 1834 3625 1976 3672 1966 3673 1953 3674 1953 3674 1966 3673 1965 3675 1953 3674 1965 3675 1954 3676 1954 3676 1965 3675 1964 3677 1954 3676 1964 3677 1955 3678 1955 3678 1964 3677 1963 3679 1955 3678 1963 3679 1956 3680 1956 3680 1963 3679 1962 3681 1956 3680 1962 3681 1957 3682 1957 3682 1962 3681 1961 3683 1957 3682 1961 3683 1958 3684 1958 3684 1961 3683 1960 3685 1958 3684 1960 3685 1959 3686 1966 3673 1976 3672 1967 3687 1967 3687 1976 3672 1975 3688 1967 3687 1975 3688 1968 3689 1968 3689 1975 3688 1974 3690 1968 3689 1974 3690 1969 3691 1969 3691 1974 3690 1973 3692 1969 3691 1973 3692 1970 3693 1970 3693 1973 3692 1972 3694 1970 3693 1972 3694 1971 3695 1978 3696 1810 3697 1977 3698 1977 3698 1810 3697 1809 3699 1977 3698 1809 3699 2000 3700 2000 3700 1809 3699 1832 3701 2000 3700 1832 3701 1999 3702 1999 3702 1832 3701 1831 3703 1999 3702 1831 3703 1998 3704 1998 3704 1831 3703 1830 3705 1998 3704 1830 3705 1997 3706 1997 3706 1830 3705 1829 3707 1997 3706 1829 3707 1996 3708 1996 3708 1829 3707 1828 3709 1996 3708 1828 3709 1995 3710 1995 3710 1828 3709 1827 3711 1995 3710 1827 3711 1994 3712 1994 3712 1827 3711 1826 3713 1994 3712 1826 3713 1993 3714 1993 3714 1826 3713 1825 3715 1993 3714 1825 3715 1992 3716 1992 3716 1825 3715 1824 3717 1992 3716 1824 3717 1991 3718 1991 3718 1824 3717 1823 3719 1991 3718 1823 3719 1990 3720 1990 3720 1823 3719 1822 3721 1990 3720 1822 3721 1989 3722 1989 3722 1822 3721 1821 3723 1989 3722 1821 3723 1988 3724 1988 3724 1821 3723 1820 3725 1988 3724 1820 3725 1987 3726 1987 3726 1820 3725 1819 3727 1987 3726 1819 3727 1986 3728 1986 3728 1819 3727 1818 3729 1986 3728 1818 3729 1985 3730 1985 3730 1818 3729 1817 3731 1985 3730 1817 3731 1984 3732 1984 3732 1817 3731 1816 3733 1984 3732 1816 3733 1983 3734 1983 3734 1816 3733 1815 3735 1983 3734 1815 3735 1982 3736 1982 3736 1815 3735 1814 3737 1982 3736 1814 3737 1981 3738 1981 3738 1814 3737 1813 3739 1981 3738 1813 3739 1980 3740 1980 3740 1813 3739 1812 3741 1980 3740 1812 3741 1979 3742 1979 3742 1812 3741 1811 3743 1979 3742 1811 3743 1978 3696 1978 3696 1811 3743 1810 3697 2000 3744 1990 3745 1977 3746 1977 3746 1990 3745 1989 3747 1977 3746 1989 3747 1978 3748 1978 3748 1989 3747 1988 3749 1978 3748 1988 3749 1979 3750 1979 3750 1988 3749 1987 3751 1979 3750 1987 3751 1980 3752 1980 3752 1987 3751 1986 3753 1980 3752 1986 3753 1981 3754 1981 3754 1986 3753 1985 3755 1981 3754 1985 3755 1982 3756 1982 3756 1985 3755 1984 3757 1982 3756 1984 3757 1983 3758 1990 3745 2000 3744 1991 3759 1991 3759 2000 3744 1999 3760 1991 3759 1999 3760 1992 3761 1992 3761 1999 3760 1998 3762 1992 3761 1998 3762 1993 3763 1993 3763 1998 3762 1997 3764 1993 3763 1997 3764 1994 3765 1994 3765 1997 3764 1996 3766 1994 3765 1996 3766 1995 3767 2002 3768 1786 3769 2001 3770 2001 3770 1786 3769 1785 3771 2001 3770 1785 3771 2024 3772 2024 3772 1785 3771 1808 3773 2024 3772 1808 3773 2023 3774 2023 3774 1808 3773 1807 3775 2023 3774 1807 3775 2022 3776 2022 3776 1807 3775 1806 3777 2022 3776 1806 3777 2021 3778 2021 3778 1806 3777 1805 3779 2021 3778 1805 3779 2020 3780 2020 3780 1805 3779 1804 3781 2020 3780 1804 3781 2019 3782 2019 3782 1804 3781 1803 3783 2019 3782 1803 3783 2018 3784 2018 3784 1803 3783 1802 3785 2018 3784 1802 3785 2017 3786 2017 3786 1802 3785 1801 3787 2017 3786 1801 3787 2016 3788 2016 3788 1801 3787 1800 3789 2016 3788 1800 3789 2015 3790 2015 3790 1800 3789 1799 3791 2015 3790 1799 3791 2014 3792 2014 3792 1799 3791 1798 3793 2014 3792 1798 3793 2013 3794 2013 3794 1798 3793 1797 3795 2013 3794 1797 3795 2012 3796 2012 3796 1797 3795 1796 3797 2012 3796 1796 3797 2011 3798 2011 3798 1796 3797 1795 3799 2011 3798 1795 3799 2010 3800 2010 3800 1795 3799 1794 3801 2010 3800 1794 3801 2009 3802 2009 3802 1794 3801 1793 3803 2009 3802 1793 3803 2008 3804 2008 3804 1793 3803 1792 3805 2008 3804 1792 3805 2007 3806 2007 3806 1792 3805 1791 3807 2007 3806 1791 3807 2006 3808 2006 3808 1791 3807 1790 3809 2006 3808 1790 3809 2005 3810 2005 3810 1790 3809 1789 3811 2005 3810 1789 3811 2004 3812 2004 3812 1789 3811 1788 3813 2004 3812 1788 3813 2003 3814 2003 3814 1788 3813 1787 3815 2003 3814 1787 3815 2002 3768 2002 3768 1787 3815 1786 3769 2024 3816 2014 3817 2001 3818 2001 3818 2014 3817 2013 3819 2001 3818 2013 3819 2002 3820 2002 3820 2013 3819 2012 3821 2002 3820 2012 3821 2003 3822 2003 3822 2012 3821 2011 3823 2003 3822 2011 3823 2004 3824 2004 3824 2011 3823 2010 3825 2004 3824 2010 3825 2005 3826 2005 3826 2010 3825 2009 3827 2005 3826 2009 3827 2006 3828 2006 3828 2009 3827 2008 3829 2006 3828 2008 3829 2007 3830 2014 3817 2024 3816 2015 3831 2015 3831 2024 3816 2023 3832 2015 3831 2023 3832 2016 3833 2016 3833 2023 3832 2022 3834 2016 3833 2022 3834 2017 3835 2017 3835 2022 3834 2021 3836 2017 3835 2021 3836 2018 3837 2018 3837 2021 3836 2020 3838 2018 3837 2020 3838 2019 3839 2026 3840 1762 3841 2025 3842 2025 3842 1762 3841 1761 3843 2025 3842 1761 3843 2048 3844 2048 3844 1761 3843 1784 3845 2048 3844 1784 3845 2047 3846 2047 3846 1784 3845 1783 3847 2047 3846 1783 3847 2046 3848 2046 3848 1783 3847 1782 3849 2046 3848 1782 3849 2045 3850 2045 3850 1782 3849 1781 3851 2045 3850 1781 3851 2044 3852 2044 3852 1781 3851 1780 3853 2044 3852 1780 3853 2043 3854 2043 3854 1780 3853 1779 3855 2043 3854 1779 3855 2042 3856 2042 3856 1779 3855 1778 3857 2042 3856 1778 3857 2041 3858 2041 3858 1778 3857 1777 3859 2041 3858 1777 3859 2040 3860 2040 3860 1777 3859 1776 3861 2040 3860 1776 3861 2039 3862 2039 3862 1776 3861 1775 3863 2039 3862 1775 3863 2038 3864 2038 3864 1775 3863 1774 3865 2038 3864 1774 3865 2037 3866 2037 3866 1774 3865 1773 3867 2037 3866 1773 3867 2036 3868 2036 3868 1773 3867 1772 3869 2036 3868 1772 3869 2035 3870 2035 3870 1772 3869 1771 3871 2035 3870 1771 3871 2034 3872 2034 3872 1771 3871 1770 3873 2034 3872 1770 3873 2033 3874 2033 3874 1770 3873 1769 3875 2033 3874 1769 3875 2032 3876 2032 3876 1769 3875 1768 3877 2032 3876 1768 3877 2031 3878 2031 3878 1768 3877 1767 3879 2031 3878 1767 3879 2030 3880 2030 3880 1767 3879 1766 3881 2030 3880 1766 3881 2029 3882 2029 3882 1766 3881 1765 3883 2029 3882 1765 3883 2028 3884 2028 3884 1765 3883 1764 3885 2028 3884 1764 3885 2027 3886 2027 3886 1764 3885 1763 3887 2027 3886 1763 3887 2026 3840 2026 3840 1763 3887 1762 3841 2048 3888 2038 3889 2025 3890 2025 3890 2038 3889 2037 3891 2025 3890 2037 3891 2026 3892 2026 3892 2037 3891 2036 3893 2026 3892 2036 3893 2027 3894 2027 3894 2036 3893 2035 3895 2027 3894 2035 3895 2028 3896 2028 3896 2035 3895 2034 3897 2028 3896 2034 3897 2029 3898 2029 3898 2034 3897 2033 3899 2029 3898 2033 3899 2030 3900 2030 3900 2033 3899 2032 3901 2030 3900 2032 3901 2031 3902 2038 3889 2048 3888 2039 3903 2039 3903 2048 3888 2047 3904 2039 3903 2047 3904 2040 3905 2040 3905 2047 3904 2046 3906 2040 3905 2046 3906 2041 3907 2041 3907 2046 3906 2045 3908 2041 3907 2045 3908 2042 3909 2042 3909 2045 3908 2044 3910 2042 3909 2044 3910 2043 3911 2050 3912 1738 3913 2049 3914 2049 3914 1738 3913 1737 3915 2049 3914 1737 3915 2072 3916 2072 3916 1737 3915 1760 3917 2072 3916 1760 3917 2071 3918 2071 3918 1760 3917 1759 3919 2071 3918 1759 3919 2070 3920 2070 3920 1759 3919 1758 3921 2070 3920 1758 3921 2069 3922 2069 3922 1758 3921 1757 3923 2069 3922 1757 3923 2068 3924 2068 3924 1757 3923 1756 3925 2068 3924 1756 3925 2067 3926 2067 3926 1756 3925 1755 3927 2067 3926 1755 3927 2066 3928 2066 3928 1755 3927 1754 3929 2066 3928 1754 3929 2065 3930 2065 3930 1754 3929 1753 3931 2065 3930 1753 3931 2064 3932 2064 3932 1753 3931 1752 3933 2064 3932 1752 3933 2063 3934 2063 3934 1752 3933 1751 3935 2063 3934 1751 3935 2062 3936 2062 3936 1751 3935 1750 3937 2062 3936 1750 3937 2061 3938 2061 3938 1750 3937 1749 3939 2061 3938 1749 3939 2060 3940 2060 3940 1749 3939 1748 3941 2060 3940 1748 3941 2059 3942 2059 3942 1748 3941 1747 3943 2059 3942 1747 3943 2058 3944 2058 3944 1747 3943 1746 3945 2058 3944 1746 3945 2057 3946 2057 3946 1746 3945 1745 3947 2057 3946 1745 3947 2056 3948 2056 3948 1745 3947 1744 3949 2056 3948 1744 3949 2055 3950 2055 3950 1744 3949 1743 3951 2055 3950 1743 3951 2054 3952 2054 3952 1743 3951 1742 3953 2054 3952 1742 3953 2053 3954 2053 3954 1742 3953 1741 3955 2053 3954 1741 3955 2052 3956 2052 3956 1741 3955 1740 3957 2052 3956 1740 3957 2051 3958 2051 3958 1740 3957 1739 3959 2051 3958 1739 3959 2050 3912 2050 3912 1739 3959 1738 3913 2072 3960 2062 3961 2049 3962 2049 3962 2062 3961 2061 3963 2049 3962 2061 3963 2050 3964 2050 3964 2061 3963 2060 3965 2050 3964 2060 3965 2051 3966 2051 3966 2060 3965 2059 3967 2051 3966 2059 3967 2052 3968 2052 3968 2059 3967 2058 3969 2052 3968 2058 3969 2053 3970 2053 3970 2058 3969 2057 3971 2053 3970 2057 3971 2054 3972 2054 3972 2057 3971 2056 3973 2054 3972 2056 3973 2055 3974 2062 3961 2072 3960 2063 3975 2063 3975 2072 3960 2071 3976 2063 3975 2071 3976 2064 3977 2064 3977 2071 3976 2070 3978 2064 3977 2070 3978 2065 3979 2065 3979 2070 3978 2069 3980 2065 3979 2069 3980 2066 3981 2066 3981 2069 3980 2068 3982 2066 3981 2068 3982 2067 3983 2074 3984 1714 3985 2073 3986 2073 3986 1714 3985 1713 3987 2073 3986 1713 3987 2096 3988 2096 3988 1713 3987 1736 3989 2096 3988 1736 3989 2095 3990 2095 3990 1736 3989 1735 3991 2095 3990 1735 3991 2094 3992 2094 3992 1735 3991 1734 3993 2094 3992 1734 3993 2093 3994 2093 3994 1734 3993 1733 3995 2093 3994 1733 3995 2092 3996 2092 3996 1733 3995 1732 3997 2092 3996 1732 3997 2091 3998 2091 3998 1732 3997 1731 3999 2091 3998 1731 3999 2090 4000 2090 4000 1731 3999 1730 4001 2090 4000 1730 4001 2089 4002 2089 4002 1730 4001 1729 4003 2089 4002 1729 4003 2088 4004 2088 4004 1729 4003 1728 4005 2088 4004 1728 4005 2087 4006 2087 4006 1728 4005 1727 4007 2087 4006 1727 4007 2086 4008 2086 4008 1727 4007 1726 4009 2086 4008 1726 4009 2085 4010 2085 4010 1726 4009 1725 4011 2085 4010 1725 4011 2084 4012 2084 4012 1725 4011 1724 4013 2084 4012 1724 4013 2083 4014 2083 4014 1724 4013 1723 4015 2083 4014 1723 4015 2082 4016 2082 4016 1723 4015 1722 4017 2082 4016 1722 4017 2081 4018 2081 4018 1722 4017 1721 4019 2081 4018 1721 4019 2080 4020 2080 4020 1721 4019 1720 4021 2080 4020 1720 4021 2079 4022 2079 4022 1720 4021 1719 4023 2079 4022 1719 4023 2078 4024 2078 4024 1719 4023 1718 4025 2078 4024 1718 4025 2077 4026 2077 4026 1718 4025 1717 4027 2077 4026 1717 4027 2076 4028 2076 4028 1717 4027 1716 4029 2076 4028 1716 4029 2075 4030 2075 4030 1716 4029 1715 4031 2075 4030 1715 4031 2074 3984 2074 3984 1715 4031 1714 3985 2096 4032 2086 4033 2073 4034 2073 4034 2086 4033 2085 4035 2073 4034 2085 4035 2074 4036 2074 4036 2085 4035 2084 4037 2074 4036 2084 4037 2075 4038 2075 4038 2084 4037 2083 4039 2075 4038 2083 4039 2076 4040 2076 4040 2083 4039 2082 4041 2076 4040 2082 4041 2077 4042 2077 4042 2082 4041 2081 4043 2077 4042 2081 4043 2078 4044 2078 4044 2081 4043 2080 4045 2078 4044 2080 4045 2079 4046 2086 4033 2096 4032 2087 4047 2087 4047 2096 4032 2095 4048 2087 4047 2095 4048 2088 4049 2088 4049 2095 4048 2094 4050 2088 4049 2094 4050 2089 4051 2089 4051 2094 4050 2093 4052 2089 4051 2093 4052 2090 4053 2090 4053 2093 4052 2092 4054 2090 4053 2092 4054 2091 4055 2098 4056 2226 4057 2097 4058 2097 4058 2226 4057 2227 4059 2097 4058 2227 4059 2204 4060 2099 4061 2223 4062 2098 4056 2098 4056 2223 4062 2224 4063 2098 4056 2224 4063 2225 4064 2100 4065 52 4066 2099 4061 2099 4061 52 4066 2222 4067 2099 4061 2222 4067 2223 4062 52 4066 2100 4065 53 4068 53 4068 2100 4065 2101 4069 53 4068 2101 4069 54 4070 54 4070 2101 4069 2102 4071 54 4070 2102 4071 55 4072 55 4072 2102 4071 2103 4073 55 4072 2103 4073 2183 4074 2183 4074 2103 4073 2182 4075 2182 4075 2103 4073 2181 4076 2181 4076 2103 4073 2180 4077 2180 4077 2103 4073 2104 4078 2180 4077 2104 4078 2203 4079 2203 4079 2104 4078 2202 4080 2202 4080 2104 4078 2201 4081 2201 4081 2104 4078 2105 4082 2201 4081 2105 4082 2200 4083 2200 4083 2105 4082 2199 4084 2199 4084 2105 4082 2198 4085 2198 4085 2105 4082 2197 4086 2197 4086 2105 4082 2106 4087 2197 4086 2106 4087 2196 4088 2196 4088 2106 4087 2195 4089 2195 4089 2106 4087 58 4090 2195 4089 58 4090 2194 4091 2194 4091 58 4090 2193 4092 2193 4092 58 4090 57 4093 2193 4092 57 4093 2192 4094 2192 4094 57 4093 2191 4095 2191 4095 57 4093 2190 4096 2190 4096 57 4093 56 4097 2190 4096 56 4097 2189 4098 2189 4098 56 4097 2188 4099 2188 4099 56 4097 2187 4100 2187 4100 56 4097 2186 4101 2186 4101 56 4097 55 4072 2186 4101 55 4072 2185 4102 2185 4102 55 4072 2184 4103 2184 4103 55 4072 2183 4074 2106 4087 2107 4104 58 4090 58 4090 2107 4104 59 4105 59 4105 2107 4104 2108 4106 59 4105 2108 4106 60 4107 60 4107 2108 4106 2109 4108 60 4107 2109 4108 61 4109 61 4109 2109 4108 2110 4110 61 4109 2110 4110 2156 4111 2156 4111 2110 4110 2179 4112 2179 4112 2110 4110 2178 4113 2178 4113 2110 4110 2111 4114 2178 4113 2111 4114 2177 4115 2177 4115 2111 4114 2176 4116 2176 4116 2111 4114 2175 4117 2175 4117 2111 4114 2112 4118 2175 4117 2112 4118 2174 4119 2174 4119 2112 4118 2173 4120 2173 4120 2112 4118 2172 4121 2172 4121 2112 4118 2171 4122 2171 4122 2112 4118 2113 4123 2171 4122 2113 4123 2170 4124 2170 4124 2113 4123 2169 4125 2169 4125 2113 4123 2168 4126 2168 4126 2113 4123 2114 4127 2168 4126 2114 4127 64 4128 64 4128 2114 4127 65 4129 65 4129 2114 4127 2115 4130 65 4129 2115 4130 66 4131 66 4131 2115 4130 2116 4132 66 4131 2116 4132 67 4133 67 4133 2116 4132 2117 4134 67 4133 2117 4134 2345 4135 2345 4135 2117 4134 2344 4136 2344 4136 2117 4134 2118 4137 2344 4136 2118 4137 2343 4138 2343 4138 2118 4137 2342 4139 2342 4139 2118 4137 2341 4140 2341 4140 2118 4137 2119 4141 2341 4140 2119 4141 2340 4142 2340 4142 2119 4141 2339 4143 2339 4143 2119 4141 2338 4144 2338 4144 2119 4141 2120 4145 2338 4144 2120 4145 2337 4146 2337 4146 2120 4145 2336 4147 2336 4147 2120 4145 2335 4148 2335 4148 2120 4145 2334 4149 2334 4149 2120 4145 2121 4150 2334 4149 2121 4150 2333 4151 2333 4151 2121 4150 70 4152 2333 4151 70 4152 2332 4153 2332 4153 70 4152 2331 4154 2331 4154 70 4152 2330 4155 2330 4155 70 4152 69 4156 2330 4155 69 4156 2329 4157 2329 4157 69 4156 2328 4158 2328 4158 69 4156 2327 4159 2327 4159 69 4156 2326 4160 2326 4160 69 4156 68 4161 2326 4160 68 4161 2325 4162 2325 4162 68 4161 2324 4163 2324 4163 68 4161 2347 4164 2347 4164 68 4161 67 4133 2347 4164 67 4133 2346 4165 2346 4165 67 4133 2345 4135 70 4152 2121 4150 71 4166 71 4166 2121 4150 2122 4167 71 4166 2122 4167 72 4168 72 4168 2122 4167 2123 4169 72 4168 2123 4169 2124 4170 72 4168 2124 4170 73 4171 73 4171 2124 4170 2125 4172 73 4171 2125 4172 2318 4173 2318 4173 2125 4172 2317 4174 2317 4174 2125 4172 2316 4175 2316 4175 2125 4172 2126 4176 2316 4175 2126 4176 2315 4177 2315 4177 2126 4176 2314 4178 2314 4178 2126 4176 2313 4179 2313 4179 2126 4176 2312 4180 2312 4180 2126 4176 2127 4181 2312 4180 2127 4181 2311 4182 2311 4182 2127 4181 2310 4183 2310 4183 2127 4181 2309 4184 2309 4184 2127 4181 2308 4185 2308 4185 2127 4181 2128 4186 2308 4185 2128 4186 2307 4187 2307 4187 2128 4186 2306 4188 2306 4188 2128 4186 77 4189 2306 4188 77 4189 2305 4190 2305 4190 77 4189 76 4191 2305 4190 76 4191 2304 4192 2304 4192 76 4191 2303 4193 2303 4193 76 4191 2302 4194 2302 4194 76 4191 75 4195 2302 4194 75 4195 2301 4196 2301 4196 75 4195 2300 4197 2300 4197 75 4195 2323 4198 2323 4198 75 4195 2322 4199 2322 4199 75 4195 74 4200 2322 4199 74 4200 2321 4201 2321 4201 74 4200 2320 4202 2320 4202 74 4200 2319 4203 2319 4203 74 4200 73 4171 2319 4203 73 4171 2318 4173 2128 4186 2129 4204 77 4189 77 4189 2129 4204 78 4205 78 4205 2129 4204 2130 4206 78 4205 2130 4206 2131 4207 78 4205 2131 4207 79 4208 79 4208 2131 4207 2132 4209 79 4208 2132 4209 80 4210 80 4210 2132 4209 2291 4211 80 4210 2291 4211 2292 4212 2291 4211 2132 4209 2290 4213 2290 4213 2132 4209 2133 4214 2290 4213 2133 4214 2289 4215 2289 4215 2133 4214 2288 4216 2288 4216 2133 4214 2287 4217 2287 4217 2133 4214 2286 4218 2286 4218 2133 4214 2134 4219 2286 4218 2134 4219 2285 4220 2285 4220 2134 4219 2284 4221 2284 4221 2134 4219 2283 4222 2283 4222 2134 4219 2135 4223 2283 4222 2135 4223 2282 4224 2282 4224 2135 4223 2281 4225 2281 4225 2135 4223 2280 4226 2280 4226 2135 4223 2136 4227 2280 4226 2136 4227 2279 4228 2279 4228 2136 4227 83 4229 2279 4228 83 4229 2278 4230 2278 4230 83 4229 2277 4231 2277 4231 83 4229 82 4232 2277 4231 82 4232 2276 4233 2276 4233 82 4232 2299 4234 2299 4234 82 4232 2298 4235 2298 4235 82 4232 81 4236 2298 4235 81 4236 2297 4237 2297 4237 81 4236 2296 4238 2296 4238 81 4236 2295 4239 2295 4239 81 4236 2294 4240 2294 4240 81 4236 80 4210 2294 4240 80 4210 2293 4241 2293 4241 80 4210 2292 4212 2136 4227 2137 4242 83 4229 83 4229 2137 4242 84 4243 84 4243 2137 4242 2138 4244 84 4243 2138 4244 85 4245 85 4245 2138 4244 2139 4246 85 4245 2139 4246 86 4247 86 4247 2139 4246 2264 4248 86 4247 2264 4248 2265 4249 2139 4246 2140 4250 2264 4248 2264 4248 2140 4250 2263 4251 2263 4251 2140 4250 2262 4252 2262 4252 2140 4250 2261 4253 2261 4253 2140 4250 2141 4254 2261 4253 2141 4254 2260 4255 2260 4255 2141 4254 2259 4256 2259 4256 2141 4254 2258 4257 2258 4257 2141 4254 2257 4258 2257 4258 2141 4254 2142 4259 2257 4258 2142 4259 2256 4260 2256 4260 2142 4259 2255 4261 2255 4261 2142 4259 2254 4262 2254 4262 2142 4259 2143 4263 2254 4262 2143 4263 2253 4264 2253 4264 2143 4263 2252 4265 2252 4265 2143 4263 89 4266 2252 4265 89 4266 2275 4267 2275 4267 89 4266 2274 4268 2274 4268 89 4266 88 4269 2274 4268 88 4269 2273 4270 2273 4270 88 4269 2272 4271 2272 4271 88 4269 2271 4272 2271 4272 88 4269 2270 4273 2270 4273 88 4269 87 4274 2270 4273 87 4274 2269 4275 2269 4275 87 4274 2268 4276 2268 4276 87 4274 2267 4277 2267 4277 87 4274 2266 4278 2266 4278 87 4274 86 4247 2266 4278 86 4247 2265 4249 2143 4263 2144 4279 89 4266 89 4266 2144 4279 90 4280 90 4280 2144 4279 2145 4281 90 4280 2145 4281 91 4282 91 4282 2145 4281 2146 4283 91 4282 2146 4283 92 4284 92 4284 2146 4283 2147 4285 92 4284 2147 4285 2237 4286 2237 4286 2147 4285 2236 4287 2236 4287 2147 4285 2235 4288 2235 4288 2147 4285 2148 4289 2235 4288 2148 4289 2234 4290 2234 4290 2148 4289 2233 4291 2233 4291 2148 4289 2232 4292 2232 4292 2148 4289 2231 4293 2231 4293 2148 4289 2149 4294 2231 4293 2149 4294 2230 4295 2230 4295 2149 4294 2229 4296 2229 4296 2149 4294 2228 4297 2228 4297 2149 4294 2150 4298 2228 4297 2150 4298 2251 4299 2251 4299 2150 4298 2250 4300 2250 4300 2150 4298 2249 4301 2249 4301 2150 4298 95 4302 2249 4301 95 4302 2248 4303 2248 4303 95 4302 2247 4304 2247 4304 95 4302 2246 4305 2246 4305 95 4302 94 4306 2246 4305 94 4306 2245 4307 2245 4307 94 4306 2244 4308 2244 4308 94 4306 2243 4309 2243 4309 94 4306 2242 4310 2242 4310 94 4306 93 4311 2242 4310 93 4311 2241 4312 2241 4312 93 4311 2240 4313 2240 4313 93 4311 2239 4314 2239 4314 93 4311 92 4284 2239 4314 92 4284 2238 4315 2238 4315 92 4284 2237 4286 2150 4298 2151 4316 95 4302 95 4302 2151 4316 96 4317 96 4317 2151 4316 2152 4318 96 4317 2152 4318 97 4319 97 4319 2152 4318 2153 4320 97 4319 2153 4320 98 4321 98 4321 2153 4320 2154 4322 98 4321 2154 4322 2210 4323 2210 4323 2154 4322 2209 4324 2209 4324 2154 4322 2155 4325 2209 4324 2155 4325 2208 4326 2208 4326 2155 4325 2207 4327 2207 4327 2155 4325 2206 4328 2206 4328 2155 4325 2097 4058 2206 4328 2097 4058 2205 4329 2205 4329 2097 4058 2204 4060 99 4330 2214 4331 50 4332 50 4332 2214 4331 2215 4333 50 4332 2215 4333 2216 4334 98 4321 2211 4335 99 4330 99 4330 2211 4335 2212 4336 99 4330 2212 4336 2213 4337 63 4338 2166 4339 64 4128 64 4128 2166 4339 2167 4340 64 4128 2167 4340 2168 4126 62 4341 2162 4342 63 4338 63 4338 2162 4342 2163 4343 63 4338 2163 4343 2164 4344 61 4109 2158 4345 62 4341 62 4341 2158 4345 2159 4346 62 4341 2159 4346 2160 4347 2222 4067 52 4066 2221 4348 2221 4348 52 4066 51 4349 2221 4348 51 4349 2220 4350 2220 4350 51 4349 2219 4351 2219 4351 51 4349 2218 4352 2218 4352 51 4349 50 4332 2218 4352 50 4332 2217 4353 2217 4353 50 4332 2216 4334 2156 4111 2157 4354 61 4109 61 4109 2157 4354 2158 4345 2160 4347 2161 4355 62 4341 62 4341 2161 4355 2162 4342 2164 4344 2165 4356 63 4338 63 4338 2165 4356 2166 4339 2210 4323 2211 4335 98 4321 2213 4337 2214 4331 99 4330 2225 4064 2226 4057 2098 4056 2155 4357 734 4358 2097 4359 2097 4359 734 4358 733 4360 2097 4359 733 4360 2098 4361 2098 4361 733 4360 791 4362 2098 4361 791 4362 790 4363 2155 4357 2154 4364 734 4358 734 4358 2154 4364 735 4365 735 4365 2154 4364 2153 4366 735 4365 2153 4366 736 4367 736 4367 2153 4366 2152 4368 736 4367 2152 4368 737 4369 737 4369 2152 4368 2151 4370 737 4369 2151 4370 738 4371 738 4371 2151 4370 2150 4372 738 4371 2150 4372 739 4373 739 4373 2150 4372 2149 4374 739 4373 2149 4374 740 4375 740 4375 2149 4374 2148 4376 740 4375 2148 4376 741 4377 741 4377 2148 4376 2147 4378 741 4377 2147 4378 742 4379 742 4379 2147 4378 2146 4380 742 4379 2146 4380 743 4381 743 4381 2146 4380 2145 4382 743 4381 2145 4382 744 4383 744 4383 2145 4382 2144 4384 744 4383 2144 4384 745 4385 745 4385 2144 4384 2143 4386 745 4385 2143 4386 746 4387 746 4387 2143 4386 2142 4388 746 4387 2142 4388 747 4389 747 4389 2142 4388 2141 4390 747 4389 2141 4390 748 4391 748 4391 2141 4390 2140 4392 748 4391 2140 4392 749 4393 749 4393 2140 4392 2139 4394 749 4393 2139 4394 750 4395 750 4395 2139 4394 2138 4396 750 4395 2138 4396 751 4397 751 4397 2138 4396 2137 4398 751 4397 2137 4398 752 4399 752 4399 2137 4398 2136 4400 752 4399 2136 4400 753 4401 753 4401 2136 4400 2135 4402 753 4401 2135 4402 754 4403 754 4403 2135 4402 2134 4404 754 4403 2134 4404 755 4405 755 4405 2134 4404 2133 4406 755 4405 2133 4406 756 4407 756 4407 2133 4406 2132 4408 756 4407 2132 4408 757 4409 757 4409 2132 4408 2131 4410 757 4409 2131 4410 758 4411 758 4411 2131 4410 2130 4412 758 4411 2130 4412 759 4413 759 4413 2130 4412 2129 4414 759 4413 2129 4414 760 4415 760 4415 2129 4414 2128 4416 760 4415 2128 4416 761 4417 761 4417 2128 4416 2127 4418 761 4417 2127 4418 762 4419 762 4419 2127 4418 2126 4420 762 4419 2126 4420 763 4421 763 4421 2126 4420 2125 4422 763 4421 2125 4422 764 4423 764 4423 2125 4422 2124 4424 764 4423 2124 4424 765 4425 765 4425 2124 4424 2123 4426 765 4425 2123 4426 766 4427 766 4427 2123 4426 2122 4428 766 4427 2122 4428 767 4429 767 4429 2122 4428 2121 4430 767 4429 2121 4430 768 4431 768 4431 2121 4430 2120 4432 768 4431 2120 4432 769 4433 769 4433 2120 4432 2119 4434 769 4433 2119 4434 770 4435 770 4435 2119 4434 2118 4436 770 4435 2118 4436 771 4437 771 4437 2118 4436 2117 4438 771 4437 2117 4438 772 4439 772 4439 2117 4438 2116 4440 772 4439 2116 4440 773 4441 773 4441 2116 4440 2115 4442 773 4441 2115 4442 774 4443 774 4443 2115 4442 2114 4444 774 4443 2114 4444 775 4445 775 4445 2114 4444 2113 4446 775 4445 2113 4446 776 4447 776 4447 2113 4446 2112 4448 776 4447 2112 4448 777 4449 777 4449 2112 4448 2111 4450 777 4449 2111 4450 778 4451 778 4451 2111 4450 2110 4452 778 4451 2110 4452 779 4453 779 4453 2110 4452 2109 4454 779 4453 2109 4454 780 4455 780 4455 2109 4454 2108 4456 780 4455 2108 4456 781 4457 781 4457 2108 4456 2107 4458 781 4457 2107 4458 782 4459 782 4459 2107 4458 2106 4460 782 4459 2106 4460 783 4461 783 4461 2106 4460 2105 4462 783 4461 2105 4462 784 4463 784 4463 2105 4462 2104 4464 784 4463 2104 4464 785 4465 785 4465 2104 4464 2103 4466 785 4465 2103 4466 786 4467 786 4467 2103 4466 2102 4468 786 4467 2102 4468 787 4469 787 4469 2102 4468 2101 4470 787 4469 2101 4470 788 4471 788 4471 2101 4470 2100 4472 788 4471 2100 4472 789 4473 789 4473 2100 4472 2099 4474 789 4473 2099 4474 790 4363 790 4363 2099 4474 2098 4361 2349 4475 2325 4476 2348 4477 2348 4477 2325 4476 2324 4478 2348 4477 2324 4478 2371 4479 2371 4479 2324 4478 2347 4480 2371 4479 2347 4480 2370 4481 2370 4481 2347 4480 2346 4482 2370 4481 2346 4482 2369 4483 2369 4483 2346 4482 2345 4484 2369 4483 2345 4484 2368 4485 2368 4485 2345 4484 2344 4486 2368 4485 2344 4486 2367 4487 2367 4487 2344 4486 2343 4488 2367 4487 2343 4488 2366 4489 2366 4489 2343 4488 2342 4490 2366 4489 2342 4490 2365 4491 2365 4491 2342 4490 2341 4492 2365 4491 2341 4492 2364 4493 2364 4493 2341 4492 2340 4494 2364 4493 2340 4494 2363 4495 2363 4495 2340 4494 2339 4496 2363 4495 2339 4496 2362 4497 2362 4497 2339 4496 2338 4498 2362 4497 2338 4498 2361 4499 2361 4499 2338 4498 2337 4500 2361 4499 2337 4500 2360 4501 2360 4501 2337 4500 2336 4502 2360 4501 2336 4502 2359 4503 2359 4503 2336 4502 2335 4504 2359 4503 2335 4504 2358 4505 2358 4505 2335 4504 2334 4506 2358 4505 2334 4506 2357 4507 2357 4507 2334 4506 2333 4508 2357 4507 2333 4508 2356 4509 2356 4509 2333 4508 2332 4510 2356 4509 2332 4510 2355 4511 2355 4511 2332 4510 2331 4512 2355 4511 2331 4512 2354 4513 2354 4513 2331 4512 2330 4514 2354 4513 2330 4514 2353 4515 2353 4515 2330 4514 2329 4516 2353 4515 2329 4516 2352 4517 2352 4517 2329 4516 2328 4518 2352 4517 2328 4518 2351 4519 2351 4519 2328 4518 2327 4520 2351 4519 2327 4520 2350 4521 2350 4521 2327 4520 2326 4522 2350 4521 2326 4522 2349 4475 2349 4475 2326 4522 2325 4476 2371 4523 2361 4524 2348 4525 2348 4525 2361 4524 2360 4526 2348 4525 2360 4526 2349 4527 2349 4527 2360 4526 2359 4528 2349 4527 2359 4528 2350 4529 2350 4529 2359 4528 2358 4530 2350 4529 2358 4530 2351 4531 2351 4531 2358 4530 2357 4532 2351 4531 2357 4532 2352 4533 2352 4533 2357 4532 2356 4534 2352 4533 2356 4534 2353 4535 2353 4535 2356 4534 2355 4536 2353 4535 2355 4536 2354 4537 2361 4524 2371 4523 2362 4538 2362 4538 2371 4523 2370 4539 2362 4538 2370 4539 2363 4540 2363 4540 2370 4539 2369 4541 2363 4540 2369 4541 2364 4542 2364 4542 2369 4541 2368 4543 2364 4542 2368 4543 2365 4544 2365 4544 2368 4543 2367 4545 2365 4544 2367 4545 2366 4546 2373 4547 2301 4548 2372 4549 2372 4549 2301 4548 2300 4550 2372 4549 2300 4550 2395 4551 2395 4551 2300 4550 2323 4552 2395 4551 2323 4552 2394 4553 2394 4553 2323 4552 2322 4554 2394 4553 2322 4554 2393 4555 2393 4555 2322 4554 2321 4556 2393 4555 2321 4556 2392 4557 2392 4557 2321 4556 2320 4558 2392 4557 2320 4558 2391 4559 2391 4559 2320 4558 2319 4560 2391 4559 2319 4560 2390 4561 2390 4561 2319 4560 2318 4562 2390 4561 2318 4562 2389 4563 2389 4563 2318 4562 2317 4564 2389 4563 2317 4564 2388 4565 2388 4565 2317 4564 2316 4566 2388 4565 2316 4566 2387 4567 2387 4567 2316 4566 2315 4568 2387 4567 2315 4568 2386 4569 2386 4569 2315 4568 2314 4570 2386 4569 2314 4570 2385 4571 2385 4571 2314 4570 2313 4572 2385 4571 2313 4572 2384 4573 2384 4573 2313 4572 2312 4574 2384 4573 2312 4574 2383 4575 2383 4575 2312 4574 2311 4576 2383 4575 2311 4576 2382 4577 2382 4577 2311 4576 2310 4578 2382 4577 2310 4578 2381 4579 2381 4579 2310 4578 2309 4580 2381 4579 2309 4580 2380 4581 2380 4581 2309 4580 2308 4582 2380 4581 2308 4582 2379 4583 2379 4583 2308 4582 2307 4584 2379 4583 2307 4584 2378 4585 2378 4585 2307 4584 2306 4586 2378 4585 2306 4586 2377 4587 2377 4587 2306 4586 2305 4588 2377 4587 2305 4588 2376 4589 2376 4589 2305 4588 2304 4590 2376 4589 2304 4590 2375 4591 2375 4591 2304 4590 2303 4592 2375 4591 2303 4592 2374 4593 2374 4593 2303 4592 2302 4594 2374 4593 2302 4594 2373 4547 2373 4547 2302 4594 2301 4548 2395 4595 2385 4596 2372 4597 2372 4597 2385 4596 2384 4598 2372 4597 2384 4598 2373 4599 2373 4599 2384 4598 2383 4600 2373 4599 2383 4600 2374 4601 2374 4601 2383 4600 2382 4602 2374 4601 2382 4602 2375 4603 2375 4603 2382 4602 2381 4604 2375 4603 2381 4604 2376 4605 2376 4605 2381 4604 2380 4606 2376 4605 2380 4606 2377 4607 2377 4607 2380 4606 2379 4608 2377 4607 2379 4608 2378 4609 2385 4596 2395 4595 2386 4610 2386 4610 2395 4595 2394 4611 2386 4610 2394 4611 2387 4612 2387 4612 2394 4611 2393 4613 2387 4612 2393 4613 2388 4614 2388 4614 2393 4613 2392 4615 2388 4614 2392 4615 2389 4616 2389 4616 2392 4615 2391 4617 2389 4616 2391 4617 2390 4618 2397 4619 2277 4620 2396 4621 2396 4621 2277 4620 2276 4622 2396 4621 2276 4622 2419 4623 2419 4623 2276 4622 2299 4624 2419 4623 2299 4624 2418 4625 2418 4625 2299 4624 2298 4626 2418 4625 2298 4626 2417 4627 2417 4627 2298 4626 2297 4628 2417 4627 2297 4628 2416 4629 2416 4629 2297 4628 2296 4630 2416 4629 2296 4630 2415 4631 2415 4631 2296 4630 2295 4632 2415 4631 2295 4632 2414 4633 2414 4633 2295 4632 2294 4634 2414 4633 2294 4634 2413 4635 2413 4635 2294 4634 2293 4636 2413 4635 2293 4636 2412 4637 2412 4637 2293 4636 2292 4638 2412 4637 2292 4638 2411 4639 2411 4639 2292 4638 2291 4640 2411 4639 2291 4640 2410 4641 2410 4641 2291 4640 2290 4642 2410 4641 2290 4642 2409 4643 2409 4643 2290 4642 2289 4644 2409 4643 2289 4644 2408 4645 2408 4645 2289 4644 2288 4646 2408 4645 2288 4646 2407 4647 2407 4647 2288 4646 2287 4648 2407 4647 2287 4648 2406 4649 2406 4649 2287 4648 2286 4650 2406 4649 2286 4650 2405 4651 2405 4651 2286 4650 2285 4652 2405 4651 2285 4652 2404 4653 2404 4653 2285 4652 2284 4654 2404 4653 2284 4654 2403 4655 2403 4655 2284 4654 2283 4656 2403 4655 2283 4656 2402 4657 2402 4657 2283 4656 2282 4658 2402 4657 2282 4658 2401 4659 2401 4659 2282 4658 2281 4660 2401 4659 2281 4660 2400 4661 2400 4661 2281 4660 2280 4662 2400 4661 2280 4662 2399 4663 2399 4663 2280 4662 2279 4664 2399 4663 2279 4664 2398 4665 2398 4665 2279 4664 2278 4666 2398 4665 2278 4666 2397 4619 2397 4619 2278 4666 2277 4620 2419 4667 2409 4668 2396 4669 2396 4669 2409 4668 2408 4670 2396 4669 2408 4670 2397 4671 2397 4671 2408 4670 2407 4672 2397 4671 2407 4672 2398 4673 2398 4673 2407 4672 2406 4674 2398 4673 2406 4674 2399 4675 2399 4675 2406 4674 2405 4676 2399 4675 2405 4676 2400 4677 2400 4677 2405 4676 2404 4678 2400 4677 2404 4678 2401 4679 2401 4679 2404 4678 2403 4680 2401 4679 2403 4680 2402 4681 2409 4668 2419 4667 2410 4682 2410 4682 2419 4667 2418 4683 2410 4682 2418 4683 2411 4684 2411 4684 2418 4683 2417 4685 2411 4684 2417 4685 2412 4686 2412 4686 2417 4685 2416 4687 2412 4686 2416 4687 2413 4688 2413 4688 2416 4687 2415 4689 2413 4688 2415 4689 2414 4690 2421 4691 2253 4692 2420 4693 2420 4693 2253 4692 2252 4694 2420 4693 2252 4694 2443 4695 2443 4695 2252 4694 2275 4696 2443 4695 2275 4696 2442 4697 2442 4697 2275 4696 2274 4698 2442 4697 2274 4698 2441 4699 2441 4699 2274 4698 2273 4700 2441 4699 2273 4700 2440 4701 2440 4701 2273 4700 2272 4702 2440 4701 2272 4702 2439 4703 2439 4703 2272 4702 2271 4704 2439 4703 2271 4704 2438 4705 2438 4705 2271 4704 2270 4706 2438 4705 2270 4706 2437 4707 2437 4707 2270 4706 2269 4708 2437 4707 2269 4708 2436 4709 2436 4709 2269 4708 2268 4710 2436 4709 2268 4710 2435 4711 2435 4711 2268 4710 2267 4712 2435 4711 2267 4712 2434 4713 2434 4713 2267 4712 2266 4714 2434 4713 2266 4714 2433 4715 2433 4715 2266 4714 2265 4716 2433 4715 2265 4716 2432 4717 2432 4717 2265 4716 2264 4718 2432 4717 2264 4718 2431 4719 2431 4719 2264 4718 2263 4720 2431 4719 2263 4720 2430 4721 2430 4721 2263 4720 2262 4722 2430 4721 2262 4722 2429 4723 2429 4723 2262 4722 2261 4724 2429 4723 2261 4724 2428 4725 2428 4725 2261 4724 2260 4726 2428 4725 2260 4726 2427 4727 2427 4727 2260 4726 2259 4728 2427 4727 2259 4728 2426 4729 2426 4729 2259 4728 2258 4730 2426 4729 2258 4730 2425 4731 2425 4731 2258 4730 2257 4732 2425 4731 2257 4732 2424 4733 2424 4733 2257 4732 2256 4734 2424 4733 2256 4734 2423 4735 2423 4735 2256 4734 2255 4736 2423 4735 2255 4736 2422 4737 2422 4737 2255 4736 2254 4738 2422 4737 2254 4738 2421 4691 2421 4691 2254 4738 2253 4692 2443 4739 2433 4740 2420 4741 2420 4741 2433 4740 2432 4742 2420 4741 2432 4742 2421 4743 2421 4743 2432 4742 2431 4744 2421 4743 2431 4744 2422 4745 2422 4745 2431 4744 2430 4746 2422 4745 2430 4746 2423 4747 2423 4747 2430 4746 2429 4748 2423 4747 2429 4748 2424 4749 2424 4749 2429 4748 2428 4750 2424 4749 2428 4750 2425 4751 2425 4751 2428 4750 2427 4752 2425 4751 2427 4752 2426 4753 2433 4740 2443 4739 2434 4754 2434 4754 2443 4739 2442 4755 2434 4754 2442 4755 2435 4756 2435 4756 2442 4755 2441 4757 2435 4756 2441 4757 2436 4758 2436 4758 2441 4757 2440 4759 2436 4758 2440 4759 2437 4760 2437 4760 2440 4759 2439 4761 2437 4760 2439 4761 2438 4762 2445 4763 2229 4764 2444 4765 2444 4765 2229 4764 2228 4766 2444 4765 2228 4766 2467 4767 2467 4767 2228 4766 2251 4768 2467 4767 2251 4768 2466 4769 2466 4769 2251 4768 2250 4770 2466 4769 2250 4770 2465 4771 2465 4771 2250 4770 2249 4772 2465 4771 2249 4772 2464 4773 2464 4773 2249 4772 2248 4774 2464 4773 2248 4774 2463 4775 2463 4775 2248 4774 2247 4776 2463 4775 2247 4776 2462 4777 2462 4777 2247 4776 2246 4778 2462 4777 2246 4778 2461 4779 2461 4779 2246 4778 2245 4780 2461 4779 2245 4780 2460 4781 2460 4781 2245 4780 2244 4782 2460 4781 2244 4782 2459 4783 2459 4783 2244 4782 2243 4784 2459 4783 2243 4784 2458 4785 2458 4785 2243 4784 2242 4786 2458 4785 2242 4786 2457 4787 2457 4787 2242 4786 2241 4788 2457 4787 2241 4788 2456 4789 2456 4789 2241 4788 2240 4790 2456 4789 2240 4790 2455 4791 2455 4791 2240 4790 2239 4792 2455 4791 2239 4792 2454 4793 2454 4793 2239 4792 2238 4794 2454 4793 2238 4794 2453 4795 2453 4795 2238 4794 2237 4796 2453 4795 2237 4796 2452 4797 2452 4797 2237 4796 2236 4798 2452 4797 2236 4798 2451 4799 2451 4799 2236 4798 2235 4800 2451 4799 2235 4800 2450 4801 2450 4801 2235 4800 2234 4802 2450 4801 2234 4802 2449 4803 2449 4803 2234 4802 2233 4804 2449 4803 2233 4804 2448 4805 2448 4805 2233 4804 2232 4806 2448 4805 2232 4806 2447 4807 2447 4807 2232 4806 2231 4808 2447 4807 2231 4808 2446 4809 2446 4809 2231 4808 2230 4810 2446 4809 2230 4810 2445 4763 2445 4763 2230 4810 2229 4764 2467 4811 2457 4812 2444 4813 2444 4813 2457 4812 2456 4814 2444 4813 2456 4814 2445 4815 2445 4815 2456 4814 2455 4816 2445 4815 2455 4816 2446 4817 2446 4817 2455 4816 2454 4818 2446 4817 2454 4818 2447 4819 2447 4819 2454 4818 2453 4820 2447 4819 2453 4820 2448 4821 2448 4821 2453 4820 2452 4822 2448 4821 2452 4822 2449 4823 2449 4823 2452 4822 2451 4824 2449 4823 2451 4824 2450 4825 2457 4812 2467 4811 2458 4826 2458 4826 2467 4811 2466 4827 2458 4826 2466 4827 2459 4828 2459 4828 2466 4827 2465 4829 2459 4828 2465 4829 2460 4830 2460 4830 2465 4829 2464 4831 2460 4830 2464 4831 2461 4832 2461 4832 2464 4831 2463 4833 2461 4832 2463 4833 2462 4834 2469 4835 2205 4836 2468 4837 2468 4837 2205 4836 2204 4838 2468 4837 2204 4838 2491 4839 2491 4839 2204 4838 2227 4840 2491 4839 2227 4840 2490 4841 2490 4841 2227 4840 2226 4842 2490 4841 2226 4842 2489 4843 2489 4843 2226 4842 2225 4844 2489 4843 2225 4844 2488 4845 2488 4845 2225 4844 2224 4846 2488 4845 2224 4846 2487 4847 2487 4847 2224 4846 2223 4848 2487 4847 2223 4848 2486 4849 2486 4849 2223 4848 2222 4850 2486 4849 2222 4850 2485 4851 2485 4851 2222 4850 2221 4852 2485 4851 2221 4852 2484 4853 2484 4853 2221 4852 2220 4854 2484 4853 2220 4854 2483 4855 2483 4855 2220 4854 2219 4856 2483 4855 2219 4856 2482 4857 2482 4857 2219 4856 2218 4858 2482 4857 2218 4858 2481 4859 2481 4859 2218 4858 2217 4860 2481 4859 2217 4860 2480 4861 2480 4861 2217 4860 2216 4862 2480 4861 2216 4862 2479 4863 2479 4863 2216 4862 2215 4864 2479 4863 2215 4864 2478 4865 2478 4865 2215 4864 2214 4866 2478 4865 2214 4866 2477 4867 2477 4867 2214 4866 2213 4868 2477 4867 2213 4868 2476 4869 2476 4869 2213 4868 2212 4870 2476 4869 2212 4870 2475 4871 2475 4871 2212 4870 2211 4872 2475 4871 2211 4872 2474 4873 2474 4873 2211 4872 2210 4874 2474 4873 2210 4874 2473 4875 2473 4875 2210 4874 2209 4876 2473 4875 2209 4876 2472 4877 2472 4877 2209 4876 2208 4878 2472 4877 2208 4878 2471 4879 2471 4879 2208 4878 2207 4880 2471 4879 2207 4880 2470 4881 2470 4881 2207 4880 2206 4882 2470 4881 2206 4882 2469 4835 2469 4835 2206 4882 2205 4836 2491 4883 2481 4884 2468 4885 2468 4885 2481 4884 2480 4886 2468 4885 2480 4886 2469 4887 2469 4887 2480 4886 2479 4888 2469 4887 2479 4888 2470 4889 2470 4889 2479 4888 2478 4890 2470 4889 2478 4890 2471 4891 2471 4891 2478 4890 2477 4892 2471 4891 2477 4892 2472 4893 2472 4893 2477 4892 2476 4894 2472 4893 2476 4894 2473 4895 2473 4895 2476 4894 2475 4896 2473 4895 2475 4896 2474 4897 2481 4884 2491 4883 2482 4898 2482 4898 2491 4883 2490 4899 2482 4898 2490 4899 2483 4900 2483 4900 2490 4899 2489 4901 2483 4900 2489 4901 2484 4902 2484 4902 2489 4901 2488 4903 2484 4902 2488 4903 2485 4904 2485 4904 2488 4903 2487 4905 2485 4904 2487 4905 2486 4906 2493 4907 2181 4908 2492 4909 2492 4909 2181 4908 2180 4910 2492 4909 2180 4910 2515 4911 2515 4911 2180 4910 2203 4912 2515 4911 2203 4912 2514 4913 2514 4913 2203 4912 2202 4914 2514 4913 2202 4914 2513 4915 2513 4915 2202 4914 2201 4916 2513 4915 2201 4916 2512 4917 2512 4917 2201 4916 2200 4918 2512 4917 2200 4918 2511 4919 2511 4919 2200 4918 2199 4920 2511 4919 2199 4920 2510 4921 2510 4921 2199 4920 2198 4922 2510 4921 2198 4922 2509 4923 2509 4923 2198 4922 2197 4924 2509 4923 2197 4924 2508 4925 2508 4925 2197 4924 2196 4926 2508 4925 2196 4926 2507 4927 2507 4927 2196 4926 2195 4928 2507 4927 2195 4928 2506 4929 2506 4929 2195 4928 2194 4930 2506 4929 2194 4930 2505 4931 2505 4931 2194 4930 2193 4932 2505 4931 2193 4932 2504 4933 2504 4933 2193 4932 2192 4934 2504 4933 2192 4934 2503 4935 2503 4935 2192 4934 2191 4936 2503 4935 2191 4936 2502 4937 2502 4937 2191 4936 2190 4938 2502 4937 2190 4938 2501 4939 2501 4939 2190 4938 2189 4940 2501 4939 2189 4940 2500 4941 2500 4941 2189 4940 2188 4942 2500 4941 2188 4942 2499 4943 2499 4943 2188 4942 2187 4944 2499 4943 2187 4944 2498 4945 2498 4945 2187 4944 2186 4946 2498 4945 2186 4946 2497 4947 2497 4947 2186 4946 2185 4948 2497 4947 2185 4948 2496 4949 2496 4949 2185 4948 2184 4950 2496 4949 2184 4950 2495 4951 2495 4951 2184 4950 2183 4952 2495 4951 2183 4952 2494 4953 2494 4953 2183 4952 2182 4954 2494 4953 2182 4954 2493 4907 2493 4907 2182 4954 2181 4908 2515 4955 2505 4956 2492 4957 2492 4957 2505 4956 2504 4958 2492 4957 2504 4958 2493 4959 2493 4959 2504 4958 2503 4960 2493 4959 2503 4960 2494 4961 2494 4961 2503 4960 2502 4962 2494 4961 2502 4962 2495 4963 2495 4963 2502 4962 2501 4964 2495 4963 2501 4964 2496 4965 2496 4965 2501 4964 2500 4966 2496 4965 2500 4966 2497 4967 2497 4967 2500 4966 2499 4968 2497 4967 2499 4968 2498 4969 2505 4956 2515 4955 2506 4970 2506 4970 2515 4955 2514 4971 2506 4970 2514 4971 2507 4972 2507 4972 2514 4971 2513 4973 2507 4972 2513 4973 2508 4974 2508 4974 2513 4973 2512 4975 2508 4974 2512 4975 2509 4976 2509 4976 2512 4975 2511 4977 2509 4976 2511 4977 2510 4978 2517 4979 2157 4980 2516 4981 2516 4981 2157 4980 2156 4982 2516 4981 2156 4982 2539 4983 2539 4983 2156 4982 2179 4984 2539 4983 2179 4984 2538 4985 2538 4985 2179 4984 2178 4986 2538 4985 2178 4986 2537 4987 2537 4987 2178 4986 2177 4988 2537 4987 2177 4988 2536 4989 2536 4989 2177 4988 2176 4990 2536 4989 2176 4990 2535 4991 2535 4991 2176 4990 2175 4992 2535 4991 2175 4992 2534 4993 2534 4993 2175 4992 2174 4994 2534 4993 2174 4994 2533 4995 2533 4995 2174 4994 2173 4996 2533 4995 2173 4996 2532 4997 2532 4997 2173 4996 2172 4998 2532 4997 2172 4998 2531 4999 2531 4999 2172 4998 2171 5000 2531 4999 2171 5000 2530 5001 2530 5001 2171 5000 2170 5002 2530 5001 2170 5002 2529 5003 2529 5003 2170 5002 2169 5004 2529 5003 2169 5004 2528 5005 2528 5005 2169 5004 2168 5006 2528 5005 2168 5006 2527 5007 2527 5007 2168 5006 2167 5008 2527 5007 2167 5008 2526 5009 2526 5009 2167 5008 2166 5010 2526 5009 2166 5010 2525 5011 2525 5011 2166 5010 2165 5012 2525 5011 2165 5012 2524 5013 2524 5013 2165 5012 2164 5014 2524 5013 2164 5014 2523 5015 2523 5015 2164 5014 2163 5016 2523 5015 2163 5016 2522 5017 2522 5017 2163 5016 2162 5018 2522 5017 2162 5018 2521 5019 2521 5019 2162 5018 2161 5020 2521 5019 2161 5020 2520 5021 2520 5021 2161 5020 2160 5022 2520 5021 2160 5022 2519 5023 2519 5023 2160 5022 2159 5024 2519 5023 2159 5024 2518 5025 2518 5025 2159 5024 2158 5026 2518 5025 2158 5026 2517 4979 2517 4979 2158 5026 2157 4980 2539 5027 2529 5028 2516 5029 2516 5029 2529 5028 2528 5030 2516 5029 2528 5030 2517 5031 2517 5031 2528 5030 2527 5032 2517 5031 2527 5032 2518 5033 2518 5033 2527 5032 2526 5034 2518 5033 2526 5034 2519 5035 2519 5035 2526 5034 2525 5036 2519 5035 2525 5036 2520 5037 2520 5037 2525 5036 2524 5038 2520 5037 2524 5038 2521 5039 2521 5039 2524 5038 2523 5040 2521 5039 2523 5040 2522 5041 2529 5028 2539 5027 2530 5042 2530 5042 2539 5027 2538 5043 2530 5042 2538 5043 2531 5044 2531 5044 2538 5043 2537 5045 2531 5044 2537 5045 2532 5046 2532 5046 2537 5045 2536 5047 2532 5046 2536 5047 2533 5048 2533 5048 2536 5047 2535 5049 2533 5048 2535 5049 2534 5050 516 5051 286 5052 2540 5053 2540 5053 286 5052 337 5054 2540 5053 337 5054 2541 5055 2541 5055 337 5054 665 5056 2541 5055 665 5056 507 5057 507 5057 506 5058 2541 5055 517 5059 2542 5060 325 5061 325 5061 2542 5060 326 5062 326 5062 2542 5060 2543 5063 326 5062 2543 5063 673 5064 673 5064 2543 5063 504 5065 504 5065 2543 5063 505 5066 337 5067 336 5068 665 5069 665 5069 336 5068 666 5070 666 5070 336 5068 335 5071 666 5070 335 5071 667 5072 667 5072 335 5071 334 5073 667 5072 334 5073 333 5074 667 5072 333 5074 668 5075 668 5075 333 5074 332 5076 668 5075 332 5076 669 5077 669 5077 332 5076 331 5078 669 5077 331 5078 670 5079 670 5079 331 5078 330 5080 670 5079 330 5080 671 5081 671 5081 330 5080 329 5082 671 5081 329 5082 328 5083 671 5081 328 5083 672 5084 672 5084 328 5083 327 5085 672 5084 327 5085 673 5086 673 5086 327 5085 326 5087 2541 5088 2543 5089 2540 5090 2540 5090 2543 5089 2542 5091 2543 5092 2541 5093 505 5094 505 5094 2541 5093 506 5095 517 5096 516 5097 2542 5098 2542 5098 516 5097 2540 5099 472 5100 471 5101 475 5102 475 5102 471 5101 476 5103 475 5104 474 5105 472 5106 472 5106 474 5105 473 5107</p>
        </triangles>
      </mesh>
    </geometry>
  </library_geometries>
  <library_visual_scenes>
    <visual_scene id="Scene" name="Scene">
      <node id="Arm01-node" name="Arm01" type="NODE">
        <instance_geometry url="#Arm01-mesh">
          <bind_material>
            <technique_common>
              <instance_material symbol="Opaque_0_192_0_" target="#Opaque_0_192_0_"/>
            </technique_common>
          </bind_material>
        </instance_geometry>
      </node>
    </visual_scene>
  </library_visual_scenes>
  <scene>
    <instance_visual_scene url="#Scene"/>
  </scene>
</COLLADA>
