<?xml version="1.0" encoding="utf-8"?>
<COLLADA xmlns="http://www.collada.org/2005/11/COLLADASchema" version="1.4.1">
  <asset>
    <contributor>
      <authoring_tool>Fusion URDF/XACRO Exporter</authoring_tool>
    </contributor>
    <created>2026-05-04T15:59:38Z</created>
    <modified>2026-05-04T15:59:38Z</modified>
    <unit name="meter" meter="1.0"/>
    <up_axis>Z_UP</up_axis>
  </asset>
  <library_effects>
    <effect id="Opaque_128_0_0_-effect">
      <profile_COMMON>
        <technique sid="common">
          <lambert>
            <emission><color>0 0 0 1</color></emission>
            <ambient><color>0.0000 0.0000 0.0000 1</color></ambient>
            <diffuse><color>0.5020 0.0000 0.0000 1</color></diffuse>
            <reflective><color>0 0 0 1</color></reflective>
            <transparent opaque="A_ONE"><color>1 1 1 1</color></transparent>
            <transparency><float>1</float></transparency>
          </lambert>
        </technique>
      </profile_COMMON>
    </effect>
    <effect id="Steel_-_Satin-effect">
      <profile_COMMON>
        <technique sid="common">
          <lambert>
            <emission><color>0 0 0 1</color></emission>
            <ambient><color>0.0000 0.0000 0.0000 1</color></ambient>
            <diffuse><color>0.6275 0.6275 0.6275 1</color></diffuse>
            <reflective><color>0 0 0 1</color></reflective>
            <transparent opaque="A_ONE"><color>1 1 1 1</color></transparent>
            <transparency><float>1</float></transparency>
          </lambert>
        </technique>
      </profile_COMMON>
    </effect>
    <effect id="Opaque_0_192_0_-effect">
      <profile_COMMON>
        <technique sid="common">
          <lambert>
            <emission><color>0 0 0 1</color></emission>
            <ambient><color>0.0000 0.0000 0.0000 1</color></ambient>
            <diffuse><color>0.0000 0.7529 0.0000 1</color></diffuse>
            <reflective><color>0 0 0 1</color></reflective>
            <transparent opaque="A_ONE"><color>1 1 1 1</color></transparent>
            <transparency><float>1</float></transparency>
          </lambert>
        </technique>
      </profile_COMMON>
    </effect>
  </library_effects>
  <library_materials>
    <material id="Opaque_128_0_0_" name="Opaque(128,0,0)">
      <instance_effect url="#Opaque_128_0_0_-effect"/>
    </material>
    <material id="Steel_-_Satin" name="Steel_-_Satin">
      <instance_effect url="#Steel_-_Satin-effect"/>
    </material>
    <material id="Opaque_0_192_0_" name="Opaque(0,192,0)">
      <instance_effect url="#Opaque_0_192_0_-effect"/>
    </material>
  </library_materials>
  <library_geometries>
    <geometry id="Base0-mesh" name="Base0">
      <mesh>
        <source id="Base0-mesh-positions">
          <float_array id="Base0-mesh-positions-array" count="9711">0.000000 0.097000 0.225000 -0.016617 0.097000 0.224386 -0.033143 0.097000 0.222546 -0.049488 0.097000 0.219490 -0.065563 0.097000 0.215236 -0.081279 0.097000 0.209806 -0.096552 0.097000 0.203231 -0.111298 0.097000 0.195545 -0.125435 0.097000 0.186791 -0.138888 0.097000 0.177018 -0.151582 0.097000 0.166277 -0.163448 0.097000 0.154628 -0.174421 0.097000 0.142135 -0.184442 0.097000 0.128865 -0.193455 0.097000 0.114892 -0.201412 0.097000 0.100291 -0.208268 0.097000 0.085142 -0.213988 0.097000 0.069529 -0.218538 0.097000 0.053535 -0.221895 0.097000 0.037250 -0.224040 0.097000 0.020760 -0.224962 0.097000 0.004158 -0.224654 0.097000 -0.012468 -0.223120 0.097000 -0.029025 -0.220367 0.097000 -0.045424 -0.216411 0.097000 -0.061574 -0.211272 0.097000 -0.077389 -0.204980 0.097000 -0.092780 -0.197568 0.097000 -0.107665 -0.189077 0.097000 -0.121962 -0.179554 0.097000 -0.135593 -0.169050 0.097000 -0.148483 -0.157622 0.097000 -0.160562 -0.145334 0.097000 -0.171765 -0.132252 0.097000 -0.182029 -0.118447 0.097000 -0.191299 -0.103996 0.097000 -0.199524 -0.088977 0.097000 -0.206660 -0.073471 0.097000 -0.212666 -0.057565 0.097000 -0.217512 -0.041344 0.097000 -0.221169 -0.024897 0.097000 -0.223618 -0.008314 0.097000 -0.224846 0.008314 0.097000 -0.224846 0.024897 0.097000 -0.223618 0.041344 0.097000 -0.221169 0.057565 0.097000 -0.217512 0.073471 0.097000 -0.212666 0.088977 0.097000 -0.206660 0.103996 0.097000 -0.199524 0.118447 0.097000 -0.191299 0.132252 0.097000 -0.182029 0.145334 0.097000 -0.171765 0.157622 0.097000 -0.160562 0.169050 0.097000 -0.148483 0.179554 0.097000 -0.135593 0.189077 0.097000 -0.121962 0.197568 0.097000 -0.107665 0.204980 0.097000 -0.092780 0.211272 0.097000 -0.077389 0.216411 0.097000 -0.061574 0.220367 0.097000 -0.045424 0.223120 0.097000 -0.029025 0.224654 0.097000 -0.012468 0.224962 0.097000 0.004158 0.224040 0.097000 0.020760 0.221895 0.097000 0.037250 0.218538 0.097000 0.053535 0.213988 0.097000 0.069529 0.208268 0.097000 0.085142 0.201412 0.097000 0.100291 0.193455 0.097000 0.114892 0.184442 0.097000 0.128865 0.174421 0.097000 0.142135 0.163448 0.097000 0.154628 0.151582 0.097000 0.166277 0.138888 0.097000 0.177018 0.125435 0.097000 0.186791 0.111298 0.097000 0.195545 0.096552 0.097000 0.203231 0.081279 0.097000 0.209806 0.065563 0.097000 0.215236 0.049488 0.097000 0.219490 0.033143 0.097000 0.222546 0.016617 0.097000 0.224386 0.000000 0.000000 0.225000 0.016617 0.000000 0.224386 0.033143 0.000000 0.222546 0.049488 0.000000 0.219490 0.065563 0.000000 0.215236 0.081279 0.000000 0.209806 0.096552 0.000000 0.203231 0.111298 0.000000 0.195545 0.125435 0.000000 0.186791 0.138888 0.000000 0.177018 0.151582 0.000000 0.166277 0.163448 0.000000 0.154628 0.174421 0.000000 0.142135 0.184442 0.000000 0.128865 0.193455 0.000000 0.114892 0.201412 0.000000 0.100291 0.208268 0.000000 0.085142 0.213988 0.000000 0.069529 0.218538 0.000000 0.053535 0.221895 0.000000 0.037250 0.224040 0.000000 0.020760 0.224962 0.000000 0.004158 0.224654 0.000000 -0.012468 0.223120 0.000000 -0.029025 0.220367 0.000000 -0.045424 0.216411 0.000000 -0.061574 0.211272 0.000000 -0.077389 0.204980 0.000000 -0.092780 0.197568 0.000000 -0.107665 0.189077 0.000000 -0.121962 0.179554 0.000000 -0.135593 0.169050 0.000000 -0.148483 0.157622 0.000000 -0.160562 0.145334 0.000000 -0.171765 0.132252 0.000000 -0.182029 0.118447 0.000000 -0.191299 0.103996 0.000000 -0.199524 0.088977 0.000000 -0.206660 0.073471 0.000000 -0.212666 0.057565 0.000000 -0.217512 0.041344 0.000000 -0.221169 0.024897 0.000000 -0.223618 0.008314 0.000000 -0.224846 -0.008314 0.000000 -0.224846 -0.024897 0.000000 -0.223618 -0.041344 0.000000 -0.221169 -0.057565 0.000000 -0.217512 -0.073471 0.000000 -0.212666 -0.088977 0.000000 -0.206660 -0.103996 0.000000 -0.199524 -0.118447 0.000000 -0.191299 -0.132252 0.000000 -0.182029 -0.145334 0.000000 -0.171765 -0.157622 0.000000 -0.160562 -0.169050 0.000000 -0.148483 -0.179554 0.000000 -0.135593 -0.189077 0.000000 -0.121962 -0.197568 0.000000 -0.107665 -0.204980 0.000000 -0.092780 -0.211272 0.000000 -0.077389 -0.216411 0.000000 -0.061574 -0.220367 0.000000 -0.045424 -0.223120 0.000000 -0.029025 -0.224654 0.000000 -0.012468 -0.224962 0.000000 0.004158 -0.224040 0.000000 0.020760 -0.221895 0.000000 0.037250 -0.218538 0.000000 0.053535 -0.213988 0.000000 0.069529 -0.208268 0.000000 0.085142 -0.201412 0.000000 0.100291 -0.193455 0.000000 0.114892 -0.184442 0.000000 0.128865 -0.174421 0.000000 0.142135 -0.163448 0.000000 0.154628 -0.151582 0.000000 0.166277 -0.138888 0.000000 0.177018 -0.125435 0.000000 0.186791 -0.111298 0.000000 0.195545 -0.096552 0.000000 0.203231 -0.081279 0.000000 0.209806 -0.065563 0.000000 0.215236 -0.049488 0.000000 0.219490 -0.033143 0.000000 0.222546 -0.016617 0.000000 0.224386 0.000000 0.100000 0.222000 0.016395 0.100000 0.221394 0.032701 0.100000 0.219578 0.048828 0.100000 0.216564 0.064689 0.100000 0.212366 0.080196 0.100000 0.207009 0.095265 0.100000 0.200521 0.109814 0.100000 0.192938 0.123763 0.100000 0.184301 0.137036 0.100000 0.174657 0.149560 0.100000 0.164060 0.161268 0.100000 0.152567 0.172095 0.100000 0.140240 0.181982 0.100000 0.127147 0.190876 0.100000 0.113360 0.198726 0.100000 0.098954 0.205492 0.100000 0.084007 0.211135 0.100000 0.068602 0.215624 0.100000 0.052822 0.218937 0.100000 0.036753 0.221053 0.100000 0.020484 0.221962 0.100000 0.004102 0.221659 0.100000 -0.012301 0.220145 0.100000 -0.028638 0.217429 0.100000 -0.044818 0.213525 0.100000 -0.060753 0.208455 0.100000 -0.076357 0.202247 0.100000 -0.091543 0.194934 0.100000 -0.106230 0.186556 0.100000 -0.120336 0.177160 0.100000 -0.133785 0.166796 0.100000 -0.146503 0.155521 0.100000 -0.158421 0.143396 0.100000 -0.169474 0.130488 0.100000 -0.179602 0.116868 0.100000 -0.188748 0.102609 0.100000 -0.196864 0.087790 0.100000 -0.203904 0.072492 0.100000 -0.209831 0.056797 0.100000 -0.214611 0.040792 0.100000 -0.218220 0.024565 0.100000 -0.220637 0.008203 0.100000 -0.221848 -0.008203 0.100000 -0.221848 -0.024565 0.100000 -0.220637 -0.040792 0.100000 -0.218220 -0.056797 0.100000 -0.214611 -0.072492 0.100000 -0.209831 -0.087790 0.100000 -0.203904 -0.102609 0.100000 -0.196864 -0.116868 0.100000 -0.188748 -0.130488 0.100000 -0.179602 -0.143396 0.100000 -0.169474 -0.155521 0.100000 -0.158421 -0.166796 0.100000 -0.146503 -0.177160 0.100000 -0.133785 -0.186556 0.100000 -0.120336 -0.194934 0.100000 -0.106230 -0.202247 0.100000 -0.091543 -0.208455 0.100000 -0.076357 -0.213525 0.100000 -0.060753 -0.217429 0.100000 -0.044818 -0.220145 0.100000 -0.028638 -0.221659 0.100000 -0.012301 -0.221962 0.100000 0.004102 -0.221053 0.100000 0.020484 -0.218937 0.100000 0.036753 -0.215624 0.100000 0.052822 -0.211135 0.100000 0.068602 -0.205492 0.100000 0.084007 -0.198726 0.100000 0.098954 -0.190876 0.100000 0.113360 -0.181982 0.100000 0.127147 -0.172095 0.100000 0.140240 -0.161268 0.100000 0.152567 -0.149560 0.100000 0.164060 -0.137036 0.100000 0.174657 -0.123763 0.100000 0.184301 -0.109814 0.100000 0.192938 -0.095265 0.100000 0.200521 -0.080196 0.100000 0.207009 -0.064689 0.100000 0.212366 -0.048828 0.100000 0.216564 -0.032701 0.100000 0.219578 -0.016395 0.100000 0.221394 0.160075 0.100000 0.040000 0.159574 0.100000 0.044450 0.158094 0.100000 0.048678 0.155712 0.100000 0.052470 0.152545 0.100000 0.055637 0.148753 0.100000 0.058019 0.144525 0.100000 0.059499 0.140075 0.100000 0.060000 -0.140075 0.100000 0.060000 -0.144525 0.100000 0.059499 -0.148753 0.100000 0.058019 -0.152545 0.100000 0.055637 -0.155712 0.100000 0.052470 -0.158094 0.100000 0.048678 -0.159574 0.100000 0.044450 -0.160075 0.100000 0.040000 -0.160075 0.100000 -0.040000 -0.159574 0.100000 -0.044450 -0.158094 0.100000 -0.048678 -0.155712 0.100000 -0.052470 -0.152545 0.100000 -0.055637 -0.148753 0.100000 -0.058019 -0.144525 0.100000 -0.059499 -0.140075 0.100000 -0.060000 0.140075 0.100000 -0.060000 0.144525 0.100000 -0.059499 0.148753 0.100000 -0.058019 0.152545 0.100000 -0.055637 0.155712 0.100000 -0.052470 0.158094 0.100000 -0.048678 0.159574 0.100000 -0.044450 0.160075 0.100000 -0.040000 -0.150075 0.202300 0.040000 -0.150075 0.202300 -0.040000 -0.150075 0.110000 -0.040000 -0.150075 0.110000 0.040000 0.140075 0.110817 0.050000 0.144315 0.133242 0.050000 0.149654 0.155430 0.050000 0.156079 0.177329 0.050000 0.163575 0.198885 0.050000 0.172123 0.220045 0.050000 0.181703 0.240759 0.050000 0.192291 0.260976 0.050000 0.203862 0.280647 0.050000 0.216387 0.299724 0.050000 0.229837 0.318162 0.050000 0.244179 0.335914 0.050000 0.259377 0.352939 0.050000 0.275395 0.369195 0.050000 0.292194 0.384643 0.050000 0.301448 0.393521 0.050000 0.309851 0.403209 0.050000 0.317332 0.413625 0.050000 0.323829 0.424682 0.050000 0.329286 0.436287 0.050000 0.333659 0.448343 0.050000 0.336910 0.460748 0.050000 0.339012 0.473399 0.050000 0.339948 0.486189 0.050000 0.339710 0.499011 0.050000 0.338299 0.511757 0.050000 0.335728 0.524321 0.050000 0.332018 0.536597 0.050000 0.327200 0.548482 0.050000 0.321315 0.559876 0.050000 0.314412 0.570684 0.050000 0.306549 0.580815 0.050000 0.297792 0.590184 0.050000 0.288214 0.598712 0.050000 0.277896 0.606328 0.050000 0.266925 0.612968 0.050000 0.255392 0.618576 0.050000 0.243394 0.623105 0.050000 0.231032 0.626517 0.050000 0.218410 0.628784 0.050000 0.205633 0.629887 0.050000 0.192809 0.629815 0.050000 0.180045 0.628571 0.050000 0.167449 0.626163 0.050000 0.155126 0.622613 0.050000 0.143179 0.617951 0.050000 0.131710 0.612215 0.050000 0.120813 0.605453 0.050000 0.110580 0.597722 0.050000 0.101098 0.589088 0.050000 0.092446 0.579622 0.050000 0.084696 0.569404 0.050000 0.077914 0.558520 0.050000 0.072156 0.547061 0.050000 0.067471 0.535124 0.050000 0.063898 0.522807 0.050000 0.061467 0.510215 0.050000 0.046044 0.476618 0.050000 0.029516 0.443550 0.050000 0.011901 0.411048 0.050000 -0.006782 0.379149 0.050000 -0.026513 0.347886 0.050000 -0.047269 0.317294 0.050000 -0.069027 0.287407 0.050000 -0.091765 0.258258 0.050000 -0.115456 0.229879 0.050000 -0.140075 0.202300 0.050000 -0.140075 0.110000 0.050000 0.140075 0.110000 0.050000 0.065000 0.490000 0.050000 0.065611 0.502833 0.050000 0.067440 0.515549 0.050000 0.070468 0.528034 0.050000 0.074670 0.540174 0.050000 0.080007 0.551861 0.050000 0.086431 0.562987 0.050000 0.093883 0.573451 0.050000 0.102296 0.583161 0.050000 0.111594 0.592026 0.050000 0.121692 0.599968 0.050000 0.132500 0.606913 0.050000 0.143919 0.612800 0.050000 0.155846 0.617575 0.050000 0.168173 0.621195 0.050000 0.180787 0.623626 0.050000 0.193576 0.624847 0.050000 0.206424 0.624847 0.050000 0.219213 0.623626 0.050000 0.231827 0.621195 0.050000 0.244154 0.617575 0.050000 0.256081 0.612800 0.050000 0.267500 0.606913 0.050000 0.278308 0.599968 0.050000 0.288406 0.592026 0.050000 0.297704 0.583161 0.050000 0.306117 0.573451 0.050000 0.313569 0.562987 0.050000 0.319993 0.551861 0.050000 0.325330 0.540174 0.050000 0.329532 0.528034 0.050000 0.332560 0.515549 0.050000 0.334389 0.502833 0.050000 0.335000 0.490000 0.050000 0.334389 0.477167 0.050000 0.332560 0.464451 0.050000 0.329532 0.451966 0.050000 0.325330 0.439826 0.050000 0.319993 0.428139 0.050000 0.313569 0.417013 0.050000 0.306117 0.406549 0.050000 0.297704 0.396839 0.050000 0.288406 0.387974 0.050000 0.278308 0.380032 0.050000 0.267500 0.373087 0.050000 0.256081 0.367200 0.050000 0.244154 0.362425 0.050000 0.231827 0.358805 0.050000 0.219213 0.356374 0.050000 0.206424 0.355153 0.050000 0.193576 0.355153 0.050000 0.180787 0.356374 0.050000 0.168173 0.358805 0.050000 0.155846 0.362425 0.050000 0.143919 0.367200 0.050000 0.132500 0.373087 0.050000 0.121692 0.380032 0.050000 0.111594 0.387974 0.050000 0.102296 0.396839 0.050000 0.093883 0.406549 0.050000 0.086431 0.417013 0.050000 0.080007 0.428139 0.050000 0.074670 0.439826 0.050000 0.070468 0.451966 0.050000 0.067440 0.464451 0.050000 0.065611 0.477167 0.050000 -0.140075 0.202300 -0.050000 -0.115456 0.229879 -0.050000 -0.091765 0.258258 -0.050000 -0.069027 0.287407 -0.050000 -0.047269 0.317294 -0.050000 -0.026513 0.347886 -0.050000 -0.006782 0.379149 -0.050000 0.011901 0.411048 -0.050000 0.029516 0.443550 -0.050000 0.046044 0.476618 -0.050000 0.061467 0.510215 -0.050000 0.063898 0.522807 -0.050000 0.067471 0.535124 -0.050000 0.072156 0.547061 -0.050000 0.077914 0.558520 -0.050000 0.084696 0.569404 -0.050000 0.092446 0.579622 -0.050000 0.101098 0.589088 -0.050000 0.110580 0.597722 -0.050000 0.120813 0.605453 -0.050000 0.131710 0.612215 -0.050000 0.143179 0.617951 -0.050000 0.155126 0.622613 -0.050000 0.167449 0.626163 -0.050000 0.180045 0.628571 -0.050000 0.192809 0.629815 -0.050000 0.205633 0.629887 -0.050000 0.218410 0.628784 -0.050000 0.231032 0.626517 -0.050000 0.243394 0.623105 -0.050000 0.255392 0.618576 -0.050000 0.266925 0.612968 -0.050000 0.277896 0.606328 -0.050000 0.288214 0.598712 -0.050000 0.297792 0.590184 -0.050000 0.306549 0.580815 -0.050000 0.314412 0.570684 -0.050000 0.321315 0.559876 -0.050000 0.327200 0.548482 -0.050000 0.332018 0.536597 -0.050000 0.335728 0.524321 -0.050000 0.338299 0.511757 -0.050000 0.339710 0.499011 -0.050000 0.339948 0.486189 -0.050000 0.339012 0.473399 -0.050000 0.336910 0.460748 -0.050000 0.333659 0.448343 -0.050000 0.329286 0.436287 -0.050000 0.323829 0.424682 -0.050000 0.317332 0.413625 -0.050000 0.309851 0.403209 -0.050000 0.301448 0.393521 -0.050000 0.292194 0.384643 -0.050000 0.275395 0.369195 -0.050000 0.259377 0.352939 -0.050000 0.244179 0.335914 -0.050000 0.229837 0.318162 -0.050000 0.216387 0.299724 -0.050000 0.203862 0.280647 -0.050000 0.192291 0.260976 -0.050000 0.181703 0.240759 -0.050000 0.172123 0.220045 -0.050000 0.163575 0.198885 -0.050000 0.156079 0.177329 -0.050000 0.149654 0.155430 -0.050000 0.144315 0.133242 -0.050000 0.140075 0.110817 -0.050000 0.140075 0.110000 -0.050000 -0.140075 0.110000 -0.050000 -0.147424 0.209083 -0.040000 -0.147424 0.209083 0.040000 -0.123112 0.236313 0.040000 -0.099713 0.264332 0.040000 -0.077252 0.293108 0.040000 -0.055755 0.322611 0.040000 -0.035243 0.352808 0.040000 -0.015740 0.383665 0.040000 0.002733 0.415150 0.040000 0.020156 0.447228 0.040000 0.036510 0.479864 0.040000 0.051777 0.513023 0.040000 0.051777 0.513023 -0.040000 0.036510 0.479864 -0.040000 0.020156 0.447228 -0.040000 0.002733 0.415150 -0.040000 -0.015740 0.383665 -0.040000 -0.035243 0.352808 -0.040000 -0.055755 0.322611 -0.040000 -0.077252 0.293108 -0.040000 -0.099713 0.264332 -0.040000 -0.123112 0.236313 -0.040000 0.054421 0.526148 0.040000 0.058224 0.538985 0.040000 0.063157 0.551432 0.040000 0.069180 0.563390 0.040000 0.076245 0.574763 0.040000 0.084297 0.585461 0.040000 0.093270 0.595398 0.040000 0.103093 0.604495 0.040000 0.113689 0.612680 0.040000 0.124972 0.619888 0.040000 0.136853 0.626061 0.040000 0.149237 0.631149 0.040000 0.162026 0.635114 0.040000 0.175117 0.637922 0.040000 0.188406 0.639551 0.040000 0.201788 0.639989 0.040000 0.215156 0.639232 0.040000 0.228402 0.637286 0.040000 0.241423 0.634167 0.040000 0.254113 0.629899 0.040000 0.266373 0.624516 0.040000 0.278103 0.618062 0.040000 0.289211 0.610587 0.040000 0.299609 0.602152 0.040000 0.309213 0.592823 0.040000 0.317946 0.582675 0.040000 0.325740 0.571788 0.040000 0.332533 0.560250 0.040000 0.338269 0.548152 0.040000 0.342904 0.535591 0.040000 0.346400 0.522667 0.040000 0.348729 0.509482 0.040000 0.349874 0.496142 0.040000 0.349825 0.482753 0.040000 0.348582 0.469422 0.040000 0.346155 0.456255 0.040000 0.342564 0.443357 0.040000 0.337837 0.430830 0.040000 0.332011 0.418775 0.040000 0.325134 0.407287 0.040000 0.317260 0.396458 0.040000 0.308452 0.386375 0.040000 0.298780 0.377117 0.040000 0.298780 0.377117 -0.040000 0.308452 0.386375 -0.040000 0.317260 0.396458 -0.040000 0.325134 0.407287 -0.040000 0.332011 0.418775 -0.040000 0.337837 0.430830 -0.040000 0.342564 0.443357 -0.040000 0.346155 0.456255 -0.040000 0.348582 0.469422 -0.040000 0.349825 0.482753 -0.040000 0.349874 0.496142 -0.040000 0.348729 0.509482 -0.040000 0.346400 0.522667 -0.040000 0.342904 0.535591 -0.040000 0.338269 0.548152 -0.040000 0.332533 0.560250 -0.040000 0.325740 0.571788 -0.040000 0.317946 0.582675 -0.040000 0.309213 0.592823 -0.040000 0.299609 0.602152 -0.040000 0.289211 0.610587 -0.040000 0.278103 0.618062 -0.040000 0.266373 0.624516 -0.040000 0.254113 0.629899 -0.040000 0.241423 0.634167 -0.040000 0.228402 0.637286 -0.040000 0.215156 0.639232 -0.040000 0.201788 0.639989 -0.040000 0.188406 0.639551 -0.040000 0.175117 0.637922 -0.040000 0.162026 0.635114 -0.040000 0.149237 0.631149 -0.040000 0.136853 0.626061 -0.040000 0.124972 0.619888 -0.040000 0.113689 0.612680 -0.040000 0.103093 0.604495 -0.040000 0.093270 0.595398 -0.040000 0.084297 0.585461 -0.040000 0.076245 0.574763 -0.040000 0.069180 0.563390 -0.040000 0.063157 0.551432 -0.040000 0.058224 0.538985 -0.040000 0.054421 0.526148 -0.040000 0.282385 0.362043 0.040000 0.266750 0.346182 0.040000 0.251913 0.329573 0.040000 0.237909 0.312254 0.040000 0.224773 0.294269 0.040000 0.212537 0.275660 0.040000 0.201229 0.256473 0.040000 0.190877 0.236754 0.040000 0.181507 0.216549 0.040000 0.173140 0.195909 0.040000 0.165796 0.174883 0.040000 0.159495 0.153522 0.040000 0.154250 0.131877 0.040000 0.150075 0.110000 0.040000 0.150075 0.110000 -0.040000 0.154250 0.131877 -0.040000 0.159495 0.153522 -0.040000 0.165796 0.174883 -0.040000 0.173140 0.195909 -0.040000 0.181507 0.216549 -0.040000 0.190877 0.236754 -0.040000 0.201229 0.256473 -0.040000 0.212537 0.275660 -0.040000 0.224773 0.294269 -0.040000 0.237909 0.312254 -0.040000 0.251913 0.329573 -0.040000 0.266750 0.346182 -0.040000 0.282385 0.362043 -0.040000 0.075000 0.490000 0.040000 0.075602 0.477748 0.040000 0.077402 0.465614 0.040000 0.080382 0.453714 0.040000 0.084515 0.442165 0.040000 0.089760 0.431075 0.040000 0.096066 0.420554 0.040000 0.103374 0.410701 0.040000 0.111612 0.401612 0.040000 0.120701 0.393374 0.040000 0.130554 0.386066 0.040000 0.141075 0.379760 0.040000 0.152165 0.374515 0.040000 0.163714 0.370382 0.040000 0.175614 0.367402 0.040000 0.187748 0.365602 0.040000 0.200000 0.365000 0.040000 0.212252 0.365602 0.040000 0.224386 0.367402 0.040000 0.236286 0.370382 0.040000 0.247835 0.374515 0.040000 0.258925 0.379760 0.040000 0.269446 0.386066 0.040000 0.279299 0.393374 0.040000 0.288388 0.401612 0.040000 0.296626 0.410701 0.040000 0.303934 0.420554 0.040000 0.310240 0.431075 0.040000 0.315485 0.442165 0.040000 0.319618 0.453714 0.040000 0.322598 0.465614 0.040000 0.324398 0.477748 0.040000 0.325000 0.490000 0.040000 0.324398 0.502252 0.040000 0.322598 0.514386 0.040000 0.319618 0.526286 0.040000 0.315485 0.537835 0.040000 0.310240 0.548925 0.040000 0.303934 0.559446 0.040000 0.296626 0.569299 0.040000 0.288388 0.578388 0.040000 0.279299 0.586626 0.040000 0.269446 0.593934 0.040000 0.258925 0.600240 0.040000 0.247835 0.605485 0.040000 0.236286 0.609618 0.040000 0.224386 0.612598 0.040000 0.212252 0.614398 0.040000 0.200000 0.615000 0.040000 0.187748 0.614398 0.040000 0.175614 0.612598 0.040000 0.163714 0.609618 0.040000 0.152165 0.605485 0.040000 0.141075 0.600240 0.040000 0.130554 0.593934 0.040000 0.120701 0.586626 0.040000 0.111612 0.578388 0.040000 0.103374 0.569299 0.040000 0.096066 0.559446 0.040000 0.089760 0.548925 0.040000 0.084515 0.537835 0.040000 0.080382 0.526286 0.040000 0.077402 0.514386 0.040000 0.075602 0.502252 0.040000 0.325000 0.490000 0.030000 0.324398 0.477748 0.030000 0.322598 0.465614 0.030000 0.319618 0.453714 0.030000 0.315485 0.442165 0.030000 0.310240 0.431075 0.030000 0.303934 0.420554 0.030000 0.296626 0.410701 0.030000 0.288388 0.401612 0.030000 0.279299 0.393374 0.030000 0.269446 0.386066 0.030000 0.258925 0.379760 0.030000 0.247835 0.374515 0.030000 0.236286 0.370382 0.030000 0.224386 0.367402 0.030000 0.212252 0.365602 0.030000 0.200000 0.365000 0.030000 0.187748 0.365602 0.030000 0.175614 0.367402 0.030000 0.163714 0.370382 0.030000 0.152165 0.374515 0.030000 0.141075 0.379760 0.030000 0.130554 0.386066 0.030000 0.120701 0.393374 0.030000 0.111612 0.401612 0.030000 0.103374 0.410701 0.030000 0.096066 0.420554 0.030000 0.089760 0.431075 0.030000 0.084515 0.442165 0.030000 0.080382 0.453714 0.030000 0.077402 0.465614 0.030000 0.075602 0.477748 0.030000 0.075000 0.490000 0.030000 0.075602 0.502252 0.030000 0.077402 0.514386 0.030000 0.080382 0.526286 0.030000 0.084515 0.537835 0.030000 0.089760 0.548925 0.030000 0.096066 0.559446 0.030000 0.103374 0.569299 0.030000 0.111612 0.578388 0.030000 0.120701 0.586626 0.030000 0.130554 0.593934 0.030000 0.141075 0.600240 0.030000 0.152165 0.605485 0.030000 0.163714 0.609618 0.030000 0.175614 0.612598 0.030000 0.187748 0.614398 0.030000 0.200000 0.615000 0.030000 0.212252 0.614398 0.030000 0.224386 0.612598 0.030000 0.236286 0.609618 0.030000 0.247835 0.605485 0.030000 0.258925 0.600240 0.030000 0.269446 0.593934 0.030000 0.279299 0.586626 0.030000 0.288388 0.578388 0.030000 0.296626 0.569299 0.030000 0.303934 0.559446 0.030000 0.310240 0.548925 0.030000 0.315485 0.537835 0.030000 0.319618 0.526286 0.030000 0.322598 0.514386 0.030000 0.324398 0.502252 0.030000 0.206000 0.602500 0.030000 0.205796 0.600947 0.030000 0.205196 0.599500 0.030000 0.204243 0.598257 0.030000 0.203000 0.597304 0.030000 0.201553 0.596704 0.030000 0.200000 0.596500 0.030000 0.198447 0.596704 0.030000 0.197000 0.597304 0.030000 0.195757 0.598257 0.030000 0.194804 0.599500 0.030000 0.194204 0.600947 0.030000 0.194000 0.602500 0.030000 0.194204 0.604053 0.030000 0.194804 0.605500 0.030000 0.195757 0.606743 0.030000 0.197000 0.607696 0.030000 0.198447 0.608296 0.030000 0.200000 0.608500 0.030000 0.201553 0.608296 0.030000 0.203000 0.607696 0.030000 0.204243 0.606743 0.030000 0.205196 0.605500 0.030000 0.205796 0.604053 0.030000 0.139874 0.581014 0.030000 0.139670 0.579462 0.030000 0.139070 0.578014 0.030000 0.138117 0.576772 0.030000 0.136874 0.575818 0.030000 0.135427 0.575219 0.030000 0.133874 0.575014 0.030000 0.132321 0.575219 0.030000 0.130874 0.575818 0.030000 0.129632 0.576772 0.030000 0.128678 0.578014 0.030000 0.128079 0.579462 0.030000 0.127874 0.581014 0.030000 0.128079 0.582567 0.030000 0.128678 0.584014 0.030000 0.129632 0.585257 0.030000 0.130874 0.586211 0.030000 0.132321 0.586810 0.030000 0.133874 0.587014 0.030000 0.135427 0.586810 0.030000 0.136874 0.586211 0.030000 0.138117 0.585257 0.030000 0.139070 0.584014 0.030000 0.139670 0.582567 0.030000 0.099006 0.524764 0.030000 0.098802 0.523212 0.030000 0.098202 0.521764 0.030000 0.097249 0.520522 0.030000 0.096006 0.519568 0.030000 0.094559 0.518969 0.030000 0.093006 0.518764 0.030000 0.091453 0.518969 0.030000 0.090006 0.519568 0.030000 0.088764 0.520522 0.030000 0.087810 0.521764 0.030000 0.087211 0.523212 0.030000 0.087006 0.524764 0.030000 0.087211 0.526317 0.030000 0.087810 0.527764 0.030000 0.088764 0.529007 0.030000 0.090006 0.529961 0.030000 0.091453 0.530560 0.030000 0.093006 0.530764 0.030000 0.094559 0.530560 0.030000 0.096006 0.529961 0.030000 0.097249 0.529007 0.030000 0.098202 0.527764 0.030000 0.098802 0.526317 0.030000 0.099006 0.455236 0.030000 0.098802 0.453683 0.030000 0.098202 0.452236 0.030000 0.097249 0.450993 0.030000 0.096006 0.450039 0.030000 0.094559 0.449440 0.030000 0.093006 0.449236 0.030000 0.091453 0.449440 0.030000 0.090006 0.450039 0.030000 0.088764 0.450993 0.030000 0.087810 0.452236 0.030000 0.087211 0.453683 0.030000 0.087006 0.455236 0.030000 0.087211 0.456788 0.030000 0.087810 0.458236 0.030000 0.088764 0.459478 0.030000 0.090006 0.460432 0.030000 0.091453 0.461031 0.030000 0.093006 0.461236 0.030000 0.094559 0.461031 0.030000 0.096006 0.460432 0.030000 0.097249 0.459478 0.030000 0.098202 0.458236 0.030000 0.098802 0.456788 0.030000 0.139874 0.398986 0.030000 0.139670 0.397433 0.030000 0.139070 0.395986 0.030000 0.138117 0.394743 0.030000 0.136874 0.393789 0.030000 0.135427 0.393190 0.030000 0.133874 0.392986 0.030000 0.132321 0.393190 0.030000 0.130874 0.393789 0.030000 0.129632 0.394743 0.030000 0.128678 0.395986 0.030000 0.128079 0.397433 0.030000 0.127874 0.398986 0.030000 0.128079 0.400538 0.030000 0.128678 0.401986 0.030000 0.129632 0.403228 0.030000 0.130874 0.404182 0.030000 0.132321 0.404781 0.030000 0.133874 0.404986 0.030000 0.135427 0.404781 0.030000 0.136874 0.404182 0.030000 0.138117 0.403228 0.030000 0.139070 0.401986 0.030000 0.139670 0.400538 0.030000 0.206000 0.377500 0.030000 0.205796 0.375947 0.030000 0.205196 0.374500 0.030000 0.204243 0.373257 0.030000 0.203000 0.372304 0.030000 0.201553 0.371704 0.030000 0.200000 0.371500 0.030000 0.198447 0.371704 0.030000 0.197000 0.372304 0.030000 0.195757 0.373257 0.030000 0.194804 0.374500 0.030000 0.194204 0.375947 0.030000 0.194000 0.377500 0.030000 0.194204 0.379053 0.030000 0.194804 0.380500 0.030000 0.195757 0.381743 0.030000 0.197000 0.382696 0.030000 0.198447 0.383296 0.030000 0.200000 0.383500 0.030000 0.201553 0.383296 0.030000 0.203000 0.382696 0.030000 0.204243 0.381743 0.030000 0.205196 0.380500 0.030000 0.205796 0.379053 0.030000 0.272126 0.398986 0.030000 0.271921 0.397433 0.030000 0.271322 0.395986 0.030000 0.270368 0.394743 0.030000 0.269126 0.393789 0.030000 0.267679 0.393190 0.030000 0.266126 0.392986 0.030000 0.264573 0.393190 0.030000 0.263126 0.393789 0.030000 0.261883 0.394743 0.030000 0.260930 0.395986 0.030000 0.260330 0.397433 0.030000 0.260126 0.398986 0.030000 0.260330 0.400538 0.030000 0.260930 0.401986 0.030000 0.261883 0.403228 0.030000 0.263126 0.404182 0.030000 0.264573 0.404781 0.030000 0.266126 0.404986 0.030000 0.267679 0.404781 0.030000 0.269126 0.404182 0.030000 0.270368 0.403228 0.030000 0.271322 0.401986 0.030000 0.271921 0.400538 0.030000 0.312994 0.455236 0.030000 0.312789 0.453683 0.030000 0.312190 0.452236 0.030000 0.311237 0.450993 0.030000 0.309994 0.450039 0.030000 0.308547 0.449440 0.030000 0.306994 0.449236 0.030000 0.305441 0.449440 0.030000 0.303994 0.450039 0.030000 0.302751 0.450993 0.030000 0.301798 0.452236 0.030000 0.301198 0.453683 0.030000 0.300994 0.455236 0.030000 0.301198 0.456788 0.030000 0.301798 0.458236 0.030000 0.302751 0.459478 0.030000 0.303994 0.460432 0.030000 0.305441 0.461031 0.030000 0.306994 0.461236 0.030000 0.308547 0.461031 0.030000 0.309994 0.460432 0.030000 0.311237 0.459478 0.030000 0.312190 0.458236 0.030000 0.312789 0.456788 0.030000 0.312994 0.524764 0.030000 0.312789 0.523212 0.030000 0.312190 0.521764 0.030000 0.311237 0.520522 0.030000 0.309994 0.519568 0.030000 0.308547 0.518969 0.030000 0.306994 0.518764 0.030000 0.305441 0.518969 0.030000 0.303994 0.519568 0.030000 0.302751 0.520522 0.030000 0.301798 0.521764 0.030000 0.301198 0.523212 0.030000 0.300994 0.524764 0.030000 0.301198 0.526317 0.030000 0.301798 0.527764 0.030000 0.302751 0.529007 0.030000 0.303994 0.529961 0.030000 0.305441 0.530560 0.030000 0.306994 0.530764 0.030000 0.308547 0.530560 0.030000 0.309994 0.529961 0.030000 0.311237 0.529007 0.030000 0.312190 0.527764 0.030000 0.312789 0.526317 0.030000 0.272126 0.581014 0.030000 0.271921 0.579462 0.030000 0.271322 0.578014 0.030000 0.270368 0.576772 0.030000 0.269126 0.575818 0.030000 0.267679 0.575219 0.030000 0.266126 0.575014 0.030000 0.264573 0.575219 0.030000 0.263126 0.575818 0.030000 0.261883 0.576772 0.030000 0.260930 0.578014 0.030000 0.260330 0.579462 0.030000 0.260126 0.581014 0.030000 0.260330 0.582567 0.030000 0.260930 0.584014 0.030000 0.261883 0.585257 0.030000 0.263126 0.586211 0.030000 0.264573 0.586810 0.030000 0.266126 0.587014 0.030000 0.267679 0.586810 0.030000 0.269126 0.586211 0.030000 0.270368 0.585257 0.030000 0.271322 0.584014 0.030000 0.271921 0.582567 0.030000 0.272126 0.581014 -0.037840 0.271921 0.579462 -0.037840 0.271322 0.578014 -0.037840 0.270368 0.576772 -0.037840 0.269126 0.575818 -0.037840 0.267679 0.575219 -0.037840 0.266126 0.575014 -0.037840 0.264573 0.575219 -0.037840 0.263126 0.575818 -0.037840 0.261883 0.576772 -0.037840 0.260930 0.578014 -0.037840 0.260330 0.579462 -0.037840 0.260126 0.581014 -0.037840 0.260330 0.582567 -0.037840 0.260930 0.584014 -0.037840 0.261883 0.585257 -0.037840 0.263126 0.586211 -0.037840 0.264573 0.586810 -0.037840 0.266126 0.587014 -0.037840 0.267679 0.586810 -0.037840 0.269126 0.586211 -0.037840 0.270368 0.585257 -0.037840 0.271322 0.584014 -0.037840 0.271921 0.582567 -0.037840 0.260126 0.581014 -0.003920 0.271921 0.579462 -0.003920 0.272126 0.581014 -0.003920 0.271322 0.578014 -0.003920 0.270368 0.576772 -0.003920 0.269126 0.575818 -0.003920 0.267679 0.575219 -0.003920 0.266126 0.575014 -0.003920 0.264573 0.575219 -0.003920 0.263126 0.575818 -0.003920 0.261883 0.576772 -0.003920 0.260930 0.578014 -0.003920 0.260330 0.579462 -0.003920 0.260330 0.582567 -0.003920 0.260930 0.584014 -0.003920 0.261883 0.585257 -0.003920 0.263126 0.586211 -0.003920 0.264573 0.586810 -0.003920 0.266126 0.587014 -0.003920 0.267679 0.586810 -0.003920 0.269126 0.586211 -0.003920 0.270368 0.585257 -0.003920 0.271322 0.584014 -0.003920 0.271921 0.582567 -0.003920 0.312994 0.524764 -0.037840 0.312789 0.523212 -0.037840 0.312190 0.521764 -0.037840 0.311237 0.520522 -0.037840 0.309994 0.519568 -0.037840 0.308547 0.518969 -0.037840 0.306994 0.518764 -0.037840 0.305441 0.518969 -0.037840 0.303994 0.519568 -0.037840 0.302751 0.520522 -0.037840 0.301798 0.521764 -0.037840 0.301198 0.523212 -0.037840 0.300994 0.524764 -0.037840 0.301198 0.526317 -0.037840 0.301798 0.527764 -0.037840 0.302751 0.529007 -0.037840 0.303994 0.529961 -0.037840 0.305441 0.530560 -0.037840 0.306994 0.530764 -0.037840 0.308547 0.530560 -0.037840 0.309994 0.529961 -0.037840 0.311237 0.529007 -0.037840 0.312190 0.527764 -0.037840 0.312789 0.526317 -0.037840 0.300994 0.524764 -0.003920 0.312789 0.523212 -0.003920 0.312994 0.524764 -0.003920 0.312190 0.521764 -0.003920 0.311237 0.520522 -0.003920 0.309994 0.519568 -0.003920 0.308547 0.518969 -0.003920 0.306994 0.518764 -0.003920 0.305441 0.518969 -0.003920 0.303994 0.519568 -0.003920 0.302751 0.520522 -0.003920 0.301798 0.521764 -0.003920 0.301198 0.523212 -0.003920 0.301198 0.526317 -0.003920 0.301798 0.527764 -0.003920 0.302751 0.529007 -0.003920 0.303994 0.529961 -0.003920 0.305441 0.530560 -0.003920 0.306994 0.530764 -0.003920 0.308547 0.530560 -0.003920 0.309994 0.529961 -0.003920 0.311237 0.529007 -0.003920 0.312190 0.527764 -0.003920 0.312789 0.526317 -0.003920 0.312994 0.455236 -0.037840 0.312789 0.453683 -0.037840 0.312190 0.452236 -0.037840 0.311237 0.450993 -0.037840 0.309994 0.450039 -0.037840 0.308547 0.449440 -0.037840 0.306994 0.449236 -0.037840 0.305441 0.449440 -0.037840 0.303994 0.450039 -0.037840 0.302751 0.450993 -0.037840 0.301798 0.452236 -0.037840 0.301198 0.453683 -0.037840 0.300994 0.455236 -0.037840 0.301198 0.456788 -0.037840 0.301798 0.458236 -0.037840 0.302751 0.459478 -0.037840 0.303994 0.460432 -0.037840 0.305441 0.461031 -0.037840 0.306994 0.461236 -0.037840 0.308547 0.461031 -0.037840 0.309994 0.460432 -0.037840 0.311237 0.459478 -0.037840 0.312190 0.458236 -0.037840 0.312789 0.456788 -0.037840 0.300994 0.455236 -0.003920 0.312789 0.453683 -0.003920 0.312994 0.455236 -0.003920 0.312190 0.452236 -0.003920 0.311237 0.450993 -0.003920 0.309994 0.450039 -0.003920 0.308547 0.449440 -0.003920 0.306994 0.449236 -0.003920 0.305441 0.449440 -0.003920 0.303994 0.450039 -0.003920 0.302751 0.450993 -0.003920 0.301798 0.452236 -0.003920 0.301198 0.453683 -0.003920 0.301198 0.456788 -0.003920 0.301798 0.458236 -0.003920 0.302751 0.459478 -0.003920 0.303994 0.460432 -0.003920 0.305441 0.461031 -0.003920 0.306994 0.461236 -0.003920 0.308547 0.461031 -0.003920 0.309994 0.460432 -0.003920 0.311237 0.459478 -0.003920 0.312190 0.458236 -0.003920 0.312789 0.456788 -0.003920 0.272126 0.398986 -0.037840 0.271921 0.397433 -0.037840 0.271322 0.395986 -0.037840 0.270368 0.394743 -0.037840 0.269126 0.393789 -0.037840 0.267679 0.393190 -0.037840 0.266126 0.392986 -0.037840 0.264573 0.393190 -0.037840 0.263126 0.393789 -0.037840 0.261883 0.394743 -0.037840 0.260930 0.395986 -0.037840 0.260330 0.397433 -0.037840 0.260126 0.398986 -0.037840 0.260330 0.400538 -0.037840 0.260930 0.401986 -0.037840 0.261883 0.403228 -0.037840 0.263126 0.404182 -0.037840 0.264573 0.404781 -0.037840 0.266126 0.404986 -0.037840 0.267679 0.404781 -0.037840 0.269126 0.404182 -0.037840 0.270368 0.403228 -0.037840 0.271322 0.401986 -0.037840 0.271921 0.400538 -0.037840 0.260126 0.398986 -0.003920 0.271921 0.397433 -0.003920 0.272126 0.398986 -0.003920 0.271322 0.395986 -0.003920 0.270368 0.394743 -0.003920 0.269126 0.393789 -0.003920 0.267679 0.393190 -0.003920 0.266126 0.392986 -0.003920 0.264573 0.393190 -0.003920 0.263126 0.393789 -0.003920 0.261883 0.394743 -0.003920 0.260930 0.395986 -0.003920 0.260330 0.397433 -0.003920 0.260330 0.400538 -0.003920 0.260930 0.401986 -0.003920 0.261883 0.403228 -0.003920 0.263126 0.404182 -0.003920 0.264573 0.404781 -0.003920 0.266126 0.404986 -0.003920 0.267679 0.404781 -0.003920 0.269126 0.404182 -0.003920 0.270368 0.403228 -0.003920 0.271322 0.401986 -0.003920 0.271921 0.400538 -0.003920 0.206000 0.377500 -0.037840 0.205796 0.375947 -0.037840 0.205196 0.374500 -0.037840 0.204243 0.373257 -0.037840 0.203000 0.372304 -0.037840 0.201553 0.371704 -0.037840 0.200000 0.371500 -0.037840 0.198447 0.371704 -0.037840 0.197000 0.372304 -0.037840 0.195757 0.373257 -0.037840 0.194804 0.374500 -0.037840 0.194204 0.375947 -0.037840 0.194000 0.377500 -0.037840 0.194204 0.379053 -0.037840 0.194804 0.380500 -0.037840 0.195757 0.381743 -0.037840 0.197000 0.382696 -0.037840 0.198447 0.383296 -0.037840 0.200000 0.383500 -0.037840 0.201553 0.383296 -0.037840 0.203000 0.382696 -0.037840 0.204243 0.381743 -0.037840 0.205196 0.380500 -0.037840 0.205796 0.379053 -0.037840 0.194000 0.377500 -0.003920 0.205796 0.375947 -0.003920 0.206000 0.377500 -0.003920 0.205196 0.374500 -0.003920 0.204243 0.373257 -0.003920 0.203000 0.372304 -0.003920 0.201553 0.371704 -0.003920 0.200000 0.371500 -0.003920 0.198447 0.371704 -0.003920 0.197000 0.372304 -0.003920 0.195757 0.373257 -0.003920 0.194804 0.374500 -0.003920 0.194204 0.375947 -0.003920 0.194204 0.379053 -0.003920 0.194804 0.380500 -0.003920 0.195757 0.381743 -0.003920 0.197000 0.382696 -0.003920 0.198447 0.383296 -0.003920 0.200000 0.383500 -0.003920 0.201553 0.383296 -0.003920 0.203000 0.382696 -0.003920 0.204243 0.381743 -0.003920 0.205196 0.380500 -0.003920 0.205796 0.379053 -0.003920 0.139874 0.398986 -0.037840 0.139670 0.397433 -0.037840 0.139070 0.395986 -0.037840 0.138117 0.394743 -0.037840 0.136874 0.393789 -0.037840 0.135427 0.393190 -0.037840 0.133874 0.392986 -0.037840 0.132321 0.393190 -0.037840 0.130874 0.393789 -0.037840 0.129632 0.394743 -0.037840 0.128678 0.395986 -0.037840 0.128079 0.397433 -0.037840 0.127874 0.398986 -0.037840 0.128079 0.400538 -0.037840 0.128678 0.401986 -0.037840 0.129632 0.403228 -0.037840 0.130874 0.404182 -0.037840 0.132321 0.404781 -0.037840 0.133874 0.404986 -0.037840 0.135427 0.404781 -0.037840 0.136874 0.404182 -0.037840 0.138117 0.403228 -0.037840 0.139070 0.401986 -0.037840 0.139670 0.400538 -0.037840 0.127874 0.398986 -0.003920 0.139670 0.397433 -0.003920 0.139874 0.398986 -0.003920 0.139070 0.395986 -0.003920 0.138117 0.394743 -0.003920 0.136874 0.393789 -0.003920 0.135427 0.393190 -0.003920 0.133874 0.392986 -0.003920 0.132321 0.393190 -0.003920 0.130874 0.393789 -0.003920 0.129632 0.394743 -0.003920 0.128678 0.395986 -0.003920 0.128079 0.397433 -0.003920 0.128079 0.400538 -0.003920 0.128678 0.401986 -0.003920 0.129632 0.403228 -0.003920 0.130874 0.404182 -0.003920 0.132321 0.404781 -0.003920 0.133874 0.404986 -0.003920 0.135427 0.404781 -0.003920 0.136874 0.404182 -0.003920 0.138117 0.403228 -0.003920 0.139070 0.401986 -0.003920 0.139670 0.400538 -0.003920 0.099006 0.455236 -0.037840 0.098802 0.453683 -0.037840 0.098202 0.452236 -0.037840 0.097249 0.450993 -0.037840 0.096006 0.450039 -0.037840 0.094559 0.449440 -0.037840 0.093006 0.449236 -0.037840 0.091453 0.449440 -0.037840 0.090006 0.450039 -0.037840 0.088764 0.450993 -0.037840 0.087810 0.452236 -0.037840 0.087211 0.453683 -0.037840 0.087006 0.455236 -0.037840 0.087211 0.456788 -0.037840 0.087810 0.458236 -0.037840 0.088764 0.459478 -0.037840 0.090006 0.460432 -0.037840 0.091453 0.461031 -0.037840 0.093006 0.461236 -0.037840 0.094559 0.461031 -0.037840 0.096006 0.460432 -0.037840 0.097249 0.459478 -0.037840 0.098202 0.458236 -0.037840 0.098802 0.456788 -0.037840 0.087006 0.455236 -0.003920 0.098802 0.453683 -0.003920 0.099006 0.455236 -0.003920 0.098202 0.452236 -0.003920 0.097249 0.450993 -0.003920 0.096006 0.450039 -0.003920 0.094559 0.449440 -0.003920 0.093006 0.449236 -0.003920 0.091453 0.449440 -0.003920 0.090006 0.450039 -0.003920 0.088764 0.450993 -0.003920 0.087810 0.452236 -0.003920 0.087211 0.453683 -0.003920 0.087211 0.456788 -0.003920 0.087810 0.458236 -0.003920 0.088764 0.459478 -0.003920 0.090006 0.460432 -0.003920 0.091453 0.461031 -0.003920 0.093006 0.461236 -0.003920 0.094559 0.461031 -0.003920 0.096006 0.460432 -0.003920 0.097249 0.459478 -0.003920 0.098202 0.458236 -0.003920 0.098802 0.456788 -0.003920 0.099006 0.524764 -0.037840 0.098802 0.523212 -0.037840 0.098202 0.521764 -0.037840 0.097249 0.520522 -0.037840 0.096006 0.519568 -0.037840 0.094559 0.518969 -0.037840 0.093006 0.518764 -0.037840 0.091453 0.518969 -0.037840 0.090006 0.519568 -0.037840 0.088764 0.520522 -0.037840 0.087810 0.521764 -0.037840 0.087211 0.523212 -0.037840 0.087006 0.524764 -0.037840 0.087211 0.526317 -0.037840 0.087810 0.527764 -0.037840 0.088764 0.529007 -0.037840 0.090006 0.529961 -0.037840 0.091453 0.530560 -0.037840 0.093006 0.530764 -0.037840 0.094559 0.530560 -0.037840 0.096006 0.529961 -0.037840 0.097249 0.529007 -0.037840 0.098202 0.527764 -0.037840 0.098802 0.526317 -0.037840 0.087006 0.524764 -0.003920 0.098802 0.523212 -0.003920 0.099006 0.524764 -0.003920 0.098202 0.521764 -0.003920 0.097249 0.520522 -0.003920 0.096006 0.519568 -0.003920 0.094559 0.518969 -0.003920 0.093006 0.518764 -0.003920 0.091453 0.518969 -0.003920 0.090006 0.519568 -0.003920 0.088764 0.520522 -0.003920 0.087810 0.521764 -0.003920 0.087211 0.523212 -0.003920 0.087211 0.526317 -0.003920 0.087810 0.527764 -0.003920 0.088764 0.529007 -0.003920 0.090006 0.529961 -0.003920 0.091453 0.530560 -0.003920 0.093006 0.530764 -0.003920 0.094559 0.530560 -0.003920 0.096006 0.529961 -0.003920 0.097249 0.529007 -0.003920 0.098202 0.527764 -0.003920 0.098802 0.526317 -0.003920 0.139874 0.581014 -0.037840 0.139670 0.579462 -0.037840 0.139070 0.578014 -0.037840 0.138117 0.576772 -0.037840 0.136874 0.575818 -0.037840 0.135427 0.575219 -0.037840 0.133874 0.575014 -0.037840 0.132321 0.575219 -0.037840 0.130874 0.575818 -0.037840 0.129632 0.576772 -0.037840 0.128678 0.578014 -0.037840 0.128079 0.579462 -0.037840 0.127874 0.581014 -0.037840 0.128079 0.582567 -0.037840 0.128678 0.584014 -0.037840 0.129632 0.585257 -0.037840 0.130874 0.586211 -0.037840 0.132321 0.586810 -0.037840 0.133874 0.587014 -0.037840 0.135427 0.586810 -0.037840 0.136874 0.586211 -0.037840 0.138117 0.585257 -0.037840 0.139070 0.584014 -0.037840 0.139670 0.582567 -0.037840 0.127874 0.581014 -0.003920 0.139670 0.579462 -0.003920 0.139874 0.581014 -0.003920 0.139070 0.578014 -0.003920 0.138117 0.576772 -0.003920 0.136874 0.575818 -0.003920 0.135427 0.575219 -0.003920 0.133874 0.575014 -0.003920 0.132321 0.575219 -0.003920 0.130874 0.575818 -0.003920 0.129632 0.576772 -0.003920 0.128678 0.578014 -0.003920 0.128079 0.579462 -0.003920 0.128079 0.582567 -0.003920 0.128678 0.584014 -0.003920 0.129632 0.585257 -0.003920 0.130874 0.586211 -0.003920 0.132321 0.586810 -0.003920 0.133874 0.587014 -0.003920 0.135427 0.586810 -0.003920 0.136874 0.586211 -0.003920 0.138117 0.585257 -0.003920 0.139070 0.584014 -0.003920 0.139670 0.582567 -0.003920 0.206000 0.602500 -0.037840 0.205796 0.600947 -0.037840 0.205196 0.599500 -0.037840 0.204243 0.598257 -0.037840 0.203000 0.597304 -0.037840 0.201553 0.596704 -0.037840 0.200000 0.596500 -0.037840 0.198447 0.596704 -0.037840 0.197000 0.597304 -0.037840 0.195757 0.598257 -0.037840 0.194804 0.599500 -0.037840 0.194204 0.600947 -0.037840 0.194000 0.602500 -0.037840 0.194204 0.604053 -0.037840 0.194804 0.605500 -0.037840 0.195757 0.606743 -0.037840 0.197000 0.607696 -0.037840 0.198447 0.608296 -0.037840 0.200000 0.608500 -0.037840 0.201553 0.608296 -0.037840 0.203000 0.607696 -0.037840 0.204243 0.606743 -0.037840 0.205196 0.605500 -0.037840 0.205796 0.604053 -0.037840 0.194000 0.602500 -0.003920 0.205796 0.600947 -0.003920 0.206000 0.602500 -0.003920 0.205196 0.599500 -0.003920 0.204243 0.598257 -0.003920 0.203000 0.597304 -0.003920 0.201553 0.596704 -0.003920 0.200000 0.596500 -0.003920 0.198447 0.596704 -0.003920 0.197000 0.597304 -0.003920 0.195757 0.598257 -0.003920 0.194804 0.599500 -0.003920 0.194204 0.600947 -0.003920 0.194204 0.604053 -0.003920 0.194804 0.605500 -0.003920 0.195757 0.606743 -0.003920 0.197000 0.607696 -0.003920 0.198447 0.608296 -0.003920 0.200000 0.608500 -0.003920 0.201553 0.608296 -0.003920 0.203000 0.607696 -0.003920 0.204243 0.606743 -0.003920 0.205196 0.605500 -0.003920 0.205796 0.604053 -0.003920 0.000000 0.097776 -0.224898 0.000000 0.098500 -0.224598 0.000000 0.099121 -0.224121 0.000000 0.099598 -0.223500 -0.000000 0.099898 -0.222776 0.008310 0.097776 0.224744 0.008299 0.098500 0.224445 0.008282 0.099121 0.223968 0.008259 0.099598 0.223347 0.008232 0.099898 0.222624 -0.008232 0.099898 0.222624 -0.008259 0.099598 0.223347 -0.008282 0.099121 0.223968 -0.008299 0.098500 0.224445 -0.008310 0.097776 0.224744 0.024886 0.097776 0.223517 0.024852 0.098500 0.223219 0.024800 0.099121 0.222745 0.024731 0.099598 0.222128 0.024651 0.099898 0.221408 0.041325 0.097776 0.221068 0.041270 0.098500 0.220774 0.041182 0.099121 0.220305 0.041068 0.099598 0.219694 0.040935 0.099898 0.218983 0.057538 0.097776 0.217413 0.057462 0.098500 0.217123 0.057340 0.099121 0.216662 0.057181 0.099598 0.216062 0.056996 0.099898 0.215362 0.073438 0.097776 0.212570 0.073340 0.098500 0.212286 0.073184 0.099121 0.211836 0.072981 0.099598 0.211249 0.072745 0.099898 0.210565 0.088936 0.097776 0.206566 0.088818 0.098500 0.206290 0.088629 0.099121 0.205853 0.088383 0.099598 0.205282 0.088097 0.099898 0.204617 0.103949 0.097776 0.199433 0.103810 0.098500 0.199168 0.103590 0.099121 0.198745 0.103303 0.099598 0.198194 0.102968 0.099898 0.197552 0.118393 0.097776 0.191212 0.118236 0.098500 0.190957 0.117985 0.099121 0.190552 0.117658 0.099598 0.190024 0.117277 0.099898 0.189408 0.132192 0.097776 0.181946 0.132015 0.098500 0.181704 0.131735 0.099121 0.181318 0.131370 0.099598 0.180815 0.130945 0.099898 0.180230 0.145268 0.097776 0.171687 0.145074 0.098500 0.171458 0.144766 0.099121 0.171094 0.144365 0.099598 0.170620 0.143898 0.099898 0.170067 0.157551 0.097776 0.160489 0.157341 0.098500 0.160275 0.157007 0.099121 0.159935 0.156571 0.099598 0.159492 0.156065 0.099898 0.158976 0.168973 0.097776 0.148416 0.168748 0.098500 0.148218 0.168389 0.099121 0.147903 0.167923 0.099598 0.147493 0.167379 0.099898 0.147016 0.179472 0.097776 0.135531 0.179233 0.098500 0.135351 0.178853 0.099121 0.135063 0.178357 0.099598 0.134689 0.177779 0.099898 0.134253 0.188992 0.097776 0.121907 0.188740 0.098500 0.121744 0.188339 0.099121 0.121486 0.187817 0.099598 0.121149 0.187209 0.099898 0.120757 0.197479 0.097776 0.107616 0.197215 0.098500 0.107473 0.196797 0.099121 0.107245 0.196251 0.099598 0.106947 0.195616 0.099898 0.106601 0.204887 0.097776 0.092738 0.204614 0.098500 0.092614 0.204180 0.099121 0.092418 0.203614 0.099598 0.092162 0.202954 0.099898 0.091863 0.211176 0.097776 0.077353 0.210895 0.098500 0.077250 0.210447 0.099121 0.077086 0.209864 0.099598 0.076873 0.209184 0.099898 0.076624 0.216312 0.097776 0.061546 0.216024 0.098500 0.061464 0.215566 0.099121 0.061334 0.214968 0.099598 0.061164 0.214272 0.099898 0.060966 0.220267 0.097776 0.045403 0.219974 0.098500 0.045342 0.219507 0.099121 0.045246 0.218898 0.099598 0.045121 0.218189 0.099898 0.044975 0.223019 0.097776 0.029012 0.222721 0.098500 0.028973 0.222249 0.099121 0.028911 0.221633 0.099598 0.028831 0.220915 0.099898 0.028738 0.224552 0.097776 0.012462 0.224253 0.098500 0.012445 0.223777 0.099121 0.012419 0.223157 0.099598 0.012384 0.222434 0.099898 0.012344 0.224859 0.097776 -0.004156 0.224560 0.098500 -0.004150 0.224083 0.099121 -0.004142 0.223462 0.099598 -0.004130 0.222738 0.099898 -0.004117 0.223938 0.097776 -0.020751 0.223640 0.098500 -0.020723 0.223165 0.099121 -0.020679 0.222547 0.099598 -0.020622 0.221826 0.099898 -0.020555 0.221794 0.097776 -0.037233 0.221499 0.098500 -0.037183 0.221029 0.099121 -0.037104 0.220416 0.099598 -0.037001 0.219702 0.099898 -0.036882 0.218439 0.097776 -0.053511 0.218148 0.098500 -0.053440 0.217685 0.099121 -0.053326 0.217081 0.099598 -0.053179 0.216379 0.099898 -0.053006 0.213891 0.097776 -0.069497 0.213605 0.098500 -0.069405 0.213152 0.099121 -0.069257 0.212561 0.099598 -0.069065 0.211873 0.099898 -0.068842 0.208174 0.097776 -0.085104 0.207896 0.098500 -0.084990 0.207455 0.099121 -0.084810 0.206880 0.099598 -0.084575 0.206210 0.099898 -0.084301 0.201320 0.097776 -0.100246 0.201052 0.098500 -0.100112 0.200625 0.099121 -0.099899 0.200069 0.099598 -0.099623 0.199421 0.099898 -0.099300 0.193367 0.097776 -0.114840 0.193109 0.098500 -0.114687 0.192699 0.099121 -0.114443 0.192165 0.099598 -0.114126 0.191543 0.099898 -0.113757 0.184358 0.097776 -0.128807 0.184112 0.098500 -0.128635 0.183721 0.099121 -0.128362 0.183212 0.099598 -0.128006 0.182619 0.099898 -0.127592 0.174342 0.097776 -0.142070 0.174109 0.098500 -0.141881 0.173740 0.099121 -0.141580 0.173258 0.099598 -0.141187 0.172697 0.099898 -0.140730 0.163373 0.097776 -0.154558 0.163156 0.098500 -0.154352 0.162809 0.099121 -0.154024 0.162358 0.099598 -0.153597 0.161832 0.099898 -0.153100 0.151513 0.097776 -0.166201 0.151311 0.098500 -0.165980 0.150990 0.099121 -0.165628 0.150571 0.099598 -0.165168 0.150084 0.099898 -0.164634 0.138825 0.097776 -0.176937 0.138639 0.098500 -0.176701 0.138345 0.099121 -0.176326 0.137962 0.099598 -0.175837 0.137515 0.099898 -0.175268 0.125378 0.097776 -0.186707 0.125211 0.098500 -0.186458 0.124945 0.099121 -0.186062 0.124599 0.099598 -0.185546 0.124196 0.099898 -0.184945 0.111247 0.097776 -0.195456 0.111099 0.098500 -0.195196 0.110863 0.099121 -0.194781 0.110556 0.099598 -0.194241 0.110198 0.099898 -0.193613 0.096508 0.097776 -0.203138 0.096380 0.098500 -0.202868 0.096175 0.099121 -0.202437 0.095908 0.099598 -0.201876 0.095598 0.099898 -0.201222 0.081242 0.097776 -0.209711 0.081134 0.098500 -0.209431 0.080962 0.099121 -0.208987 0.080738 0.099598 -0.208408 0.080476 0.099898 -0.207733 0.065533 0.097776 -0.215138 0.065446 0.098500 -0.214852 0.065307 0.099121 -0.214395 0.065126 0.099598 -0.213801 0.064915 0.099898 -0.213109 0.049465 0.097776 -0.219390 0.049400 0.098500 -0.219098 0.049295 0.099121 -0.218633 0.049158 0.099598 -0.218027 0.048999 0.099898 -0.217321 0.033128 0.097776 -0.222445 0.033084 0.098500 -0.222148 0.033013 0.099121 -0.221677 0.032922 0.099598 -0.221062 0.032815 0.099898 -0.220346 0.016609 0.097776 -0.224284 0.016587 0.098500 -0.223985 0.016552 0.099121 -0.223509 0.016506 0.099598 -0.222890 0.016453 0.099898 -0.222168 -0.016609 0.097776 -0.224284 -0.016587 0.098500 -0.223985 -0.016552 0.099121 -0.223509 -0.016506 0.099598 -0.222890 -0.016453 0.099898 -0.222168 -0.033128 0.097776 -0.222445 -0.033084 0.098500 -0.222148 -0.033013 0.099121 -0.221677 -0.032922 0.099598 -0.221062 -0.032815 0.099898 -0.220346 -0.049465 0.097776 -0.219390 -0.049400 0.098500 -0.219098 -0.049295 0.099121 -0.218633 -0.049158 0.099598 -0.218027 -0.048999 0.099898 -0.217321 -0.065533 0.097776 -0.215138 -0.065446 0.098500 -0.214852 -0.065307 0.099121 -0.214395 -0.065126 0.099598 -0.213801 -0.064915 0.099898 -0.213109 -0.081242 0.097776 -0.209711 -0.081134 0.098500 -0.209431 -0.080962 0.099121 -0.208987 -0.080738 0.099598 -0.208408 -0.080476 0.099898 -0.207733 -0.096508 0.097776 -0.203138 -0.096380 0.098500 -0.202868 -0.096175 0.099121 -0.202437 -0.095908 0.099598 -0.201876 -0.095598 0.099898 -0.201222 -0.111247 0.097776 -0.195456 -0.111099 0.098500 -0.195196 -0.110863 0.099121 -0.194781 -0.110556 0.099598 -0.194241 -0.110198 0.099898 -0.193613 -0.125378 0.097776 -0.186707 -0.125211 0.098500 -0.186458 -0.124945 0.099121 -0.186062 -0.124599 0.099598 -0.185546 -0.124196 0.099898 -0.184945 -0.138825 0.097776 -0.176937 -0.138639 0.098500 -0.176701 -0.138345 0.099121 -0.176326 -0.137962 0.099598 -0.175837 -0.137515 0.099898 -0.175268 -0.151513 0.097776 -0.166201 -0.151311 0.098500 -0.165980 -0.150990 0.099121 -0.165628 -0.150571 0.099598 -0.165168 -0.150084 0.099898 -0.164634 -0.163373 0.097776 -0.154558 -0.163156 0.098500 -0.154352 -0.162809 0.099121 -0.154024 -0.162358 0.099598 -0.153597 -0.161832 0.099898 -0.153100 -0.174342 0.097776 -0.142070 -0.174109 0.098500 -0.141881 -0.173740 0.099121 -0.141580 -0.173258 0.099598 -0.141187 -0.172697 0.099898 -0.140730 -0.184358 0.097776 -0.128807 -0.184112 0.098500 -0.128635 -0.183721 0.099121 -0.128362 -0.183212 0.099598 -0.128006 -0.182619 0.099898 -0.127592 -0.193367 0.097776 -0.114840 -0.193109 0.098500 -0.114687 -0.192699 0.099121 -0.114443 -0.192165 0.099598 -0.114126 -0.191543 0.099898 -0.113757 -0.201320 0.097776 -0.100246 -0.201052 0.098500 -0.100112 -0.200625 0.099121 -0.099899 -0.200069 0.099598 -0.099623 -0.199421 0.099898 -0.099300 -0.208174 0.097776 -0.085104 -0.207896 0.098500 -0.084990 -0.207455 0.099121 -0.084810 -0.206880 0.099598 -0.084575 -0.206210 0.099898 -0.084301 -0.213891 0.097776 -0.069497 -0.213605 0.098500 -0.069405 -0.213152 0.099121 -0.069257 -0.212561 0.099598 -0.069065 -0.211873 0.099898 -0.068842 -0.218439 0.097776 -0.053511 -0.218148 0.098500 -0.053440 -0.217685 0.099121 -0.053326 -0.217081 0.099598 -0.053179 -0.216379 0.099898 -0.053006 -0.221794 0.097776 -0.037233 -0.221499 0.098500 -0.037183 -0.221029 0.099121 -0.037104 -0.220416 0.099598 -0.037001 -0.219702 0.099898 -0.036882 -0.223938 0.097776 -0.020751 -0.223640 0.098500 -0.020723 -0.223165 0.099121 -0.020679 -0.222547 0.099598 -0.020622 -0.221826 0.099898 -0.020555 -0.224859 0.097776 -0.004156 -0.224560 0.098500 -0.004150 -0.224083 0.099121 -0.004142 -0.223462 0.099598 -0.004130 -0.222738 0.099898 -0.004117 -0.224552 0.097776 0.012462 -0.224253 0.098500 0.012445 -0.223777 0.099121 0.012419 -0.223157 0.099598 0.012384 -0.222434 0.099898 0.012344 -0.223019 0.097776 0.029012 -0.222721 0.098500 0.028973 -0.222249 0.099121 0.028911 -0.221633 0.099598 0.028831 -0.220915 0.099898 0.028738 -0.220267 0.097776 0.045403 -0.219974 0.098500 0.045342 -0.219507 0.099121 0.045246 -0.218898 0.099598 0.045121 -0.218189 0.099898 0.044975 -0.216312 0.097776 0.061546 -0.216024 0.098500 0.061464 -0.215566 0.099121 0.061334 -0.214968 0.099598 0.061164 -0.214272 0.099898 0.060966 -0.211176 0.097776 0.077353 -0.210895 0.098500 0.077250 -0.210447 0.099121 0.077086 -0.209864 0.099598 0.076873 -0.209184 0.099898 0.076624 -0.204887 0.097776 0.092738 -0.204614 0.098500 0.092614 -0.204180 0.099121 0.092418 -0.203614 0.099598 0.092162 -0.202954 0.099898 0.091863 -0.197479 0.097776 0.107616 -0.197215 0.098500 0.107473 -0.196797 0.099121 0.107245 -0.196251 0.099598 0.106947 -0.195616 0.099898 0.106601 -0.188992 0.097776 0.121907 -0.188740 0.098500 0.121744 -0.188339 0.099121 0.121486 -0.187817 0.099598 0.121149 -0.187209 0.099898 0.120757 -0.179472 0.097776 0.135531 -0.179233 0.098500 0.135351 -0.178853 0.099121 0.135063 -0.178357 0.099598 0.134689 -0.177779 0.099898 0.134253 -0.168973 0.097776 0.148416 -0.168748 0.098500 0.148218 -0.168389 0.099121 0.147903 -0.167923 0.099598 0.147493 -0.167379 0.099898 0.147016 -0.157551 0.097776 0.160489 -0.157341 0.098500 0.160275 -0.157007 0.099121 0.159935 -0.156571 0.099598 0.159492 -0.156065 0.099898 0.158976 -0.145268 0.097776 0.171687 -0.145074 0.098500 0.171458 -0.144766 0.099121 0.171094 -0.144365 0.099598 0.170620 -0.143898 0.099898 0.170067 -0.132192 0.097776 0.181946 -0.132015 0.098500 0.181704 -0.131735 0.099121 0.181318 -0.131370 0.099598 0.180815 -0.130945 0.099898 0.180230 -0.118393 0.097776 0.191212 -0.118236 0.098500 0.190957 -0.117985 0.099121 0.190552 -0.117658 0.099598 0.190024 -0.117277 0.099898 0.189408 -0.103949 0.097776 0.199433 -0.103810 0.098500 0.199168 -0.103590 0.099121 0.198745 -0.103303 0.099598 0.198194 -0.102968 0.099898 0.197552 -0.088936 0.097776 0.206566 -0.088818 0.098500 0.206290 -0.088629 0.099121 0.205853 -0.088383 0.099598 0.205282 -0.088097 0.099898 0.204617 -0.073438 0.097776 0.212570 -0.073340 0.098500 0.212286 -0.073184 0.099121 0.211836 -0.072981 0.099598 0.211249 -0.072745 0.099898 0.210565 -0.057538 0.097776 0.217413 -0.057462 0.098500 0.217123 -0.057340 0.099121 0.216662 -0.057181 0.099598 0.216062 -0.056996 0.099898 0.215362 -0.041325 0.097776 0.221068 -0.041270 0.098500 0.220774 -0.041182 0.099121 0.220305 -0.041068 0.099598 0.219694 -0.040935 0.099898 0.218983 -0.024886 0.097776 0.223517 -0.024852 0.098500 0.223219 -0.024800 0.099121 0.222745 -0.024731 0.099598 0.222128 -0.024651 0.099898 0.221408 0.332412 0.490000 0.049659 0.330000 0.490000 0.048660 0.327929 0.490000 0.047071 0.326340 0.490000 0.045000 0.325341 0.490000 0.042588 0.247306 0.373929 0.042588 0.102772 0.410899 0.042588 0.102772 0.569101 0.042588 0.247306 0.606071 0.042588 0.067725 0.483973 0.049659 0.070135 0.484083 0.048660 0.072204 0.484177 0.047071 0.073791 0.484250 0.045000 0.074789 0.484295 0.042588 0.074789 0.495705 0.042588 0.073791 0.495750 0.045000 0.072204 0.495823 0.047071 0.070135 0.495917 0.048660 0.067725 0.496027 0.049659 0.068821 0.471970 0.049659 0.071211 0.472298 0.048660 0.073263 0.472580 0.047071 0.074837 0.472797 0.045000 0.075827 0.472933 0.042588 0.071005 0.460116 0.049659 0.073354 0.460660 0.048660 0.075372 0.461128 0.047071 0.076920 0.461486 0.045000 0.077893 0.461712 0.042588 0.074256 0.448510 0.049659 0.076547 0.449265 0.048660 0.078514 0.449914 0.047071 0.080023 0.450412 0.045000 0.080971 0.450725 0.042588 0.078550 0.437247 0.049659 0.080763 0.438208 0.048660 0.082662 0.439033 0.047071 0.084120 0.439666 0.045000 0.085036 0.440064 0.042588 0.083851 0.426422 0.049659 0.085966 0.427580 0.048660 0.087783 0.428574 0.047071 0.089177 0.429337 0.045000 0.090053 0.429817 0.042588 0.090113 0.416123 0.049659 0.092115 0.417469 0.048660 0.093834 0.418624 0.047071 0.095153 0.419511 0.045000 0.095982 0.420068 0.042588 0.097287 0.406437 0.049659 0.099158 0.407959 0.048660 0.100764 0.409266 0.047071 0.101997 0.410269 0.045000 0.105311 0.397443 0.049659 0.107036 0.399128 0.048660 0.108517 0.400576 0.047071 0.109653 0.401687 0.045000 0.110368 0.402385 0.042588 0.114120 0.389215 0.049659 0.115684 0.391051 0.048660 0.117028 0.392628 0.047071 0.118058 0.393837 0.045000 0.118706 0.394598 0.042588 0.123641 0.381824 0.049659 0.125032 0.383794 0.048660 0.126226 0.385486 0.047071 0.127142 0.386784 0.045000 0.127718 0.387600 0.042588 0.144496 0.369783 0.049659 0.145507 0.371972 0.048660 0.146375 0.373853 0.047071 0.147041 0.375296 0.045000 0.147460 0.376203 0.042588 0.137330 0.381452 0.042588 0.136830 0.380587 0.045000 0.136036 0.379210 0.047071 0.135000 0.377417 0.048660 0.133794 0.375328 0.049659 0.155658 0.365234 0.049659 0.156466 0.367506 0.048660 0.157159 0.369458 0.047071 0.157691 0.370955 0.045000 0.158026 0.371896 0.042588 0.167187 0.361718 0.049659 0.167785 0.364055 0.048660 0.168298 0.366061 0.047071 0.168692 0.367601 0.045000 0.168940 0.368569 0.042588 0.178989 0.359266 0.049659 0.179371 0.361647 0.048660 0.179700 0.363692 0.047071 0.179952 0.365261 0.045000 0.180111 0.366247 0.042588 0.190964 0.357897 0.049659 0.191128 0.360303 0.048660 0.191270 0.362369 0.047071 0.191378 0.363955 0.045000 0.191446 0.364951 0.042588 0.203014 0.357623 0.049659 0.202959 0.360034 0.048660 0.202912 0.362104 0.047071 0.202876 0.363693 0.045000 0.202853 0.364692 0.042588 0.215039 0.358445 0.049659 0.214765 0.360841 0.048660 0.214530 0.362899 0.047071 0.214350 0.364478 0.045000 0.214236 0.365470 0.042588 0.226940 0.360358 0.049659 0.226449 0.362719 0.048660 0.226028 0.364747 0.047071 0.225705 0.366303 0.045000 0.225501 0.367281 0.042588 0.238617 0.363345 0.049659 0.237914 0.365652 0.048660 0.237310 0.367633 0.047071 0.236846 0.369153 0.045000 0.236555 0.370108 0.042588 0.249975 0.367381 0.049659 0.249064 0.369614 0.048660 0.248283 0.371532 0.047071 0.247683 0.373004 0.045000 0.260918 0.372434 0.049659 0.259808 0.374575 0.048660 0.258856 0.376414 0.047071 0.258124 0.377825 0.045000 0.257665 0.378712 0.042588 0.271357 0.378460 0.049659 0.270057 0.380492 0.048660 0.268941 0.382236 0.047071 0.268084 0.383575 0.045000 0.267546 0.384417 0.042588 0.281204 0.385411 0.049659 0.279725 0.387316 0.048660 0.278455 0.388952 0.047071 0.277480 0.390207 0.045000 0.276867 0.390996 0.042588 0.290378 0.393229 0.049659 0.288732 0.394991 0.048660 0.287318 0.396505 0.047071 0.286234 0.397666 0.045000 0.285552 0.398396 0.042588 0.298804 0.401848 0.049659 0.297004 0.403454 0.048660 0.295458 0.404833 0.047071 0.294273 0.405891 0.045000 0.293527 0.406556 0.042588 0.306410 0.411198 0.049659 0.304472 0.412633 0.048660 0.302808 0.413866 0.047071 0.301531 0.414812 0.045000 0.300728 0.415406 0.042588 0.313135 0.421201 0.049659 0.311075 0.422454 0.048660 0.309305 0.423530 0.047071 0.307947 0.424356 0.045000 0.307094 0.424875 0.042588 0.318923 0.431774 0.049659 0.316757 0.432834 0.048660 0.314897 0.433745 0.047071 0.313469 0.434444 0.045000 0.312572 0.434883 0.042588 0.323725 0.442829 0.049659 0.321471 0.443689 0.048660 0.319536 0.444426 0.047071 0.318051 0.444993 0.045000 0.317118 0.445348 0.042588 0.327502 0.454276 0.049659 0.325179 0.454926 0.048660 0.323185 0.455485 0.047071 0.321655 0.455914 0.045000 0.320693 0.456183 0.042588 0.330222 0.466018 0.049659 0.327850 0.466455 0.048660 0.325813 0.466830 0.047071 0.324250 0.467118 0.045000 0.323268 0.467299 0.042588 0.331863 0.477959 0.049659 0.329461 0.478178 0.048660 0.327399 0.478367 0.047071 0.325816 0.478511 0.045000 0.324821 0.478602 0.042588 0.331863 0.502041 0.049659 0.329461 0.501822 0.048660 0.327399 0.501633 0.047071 0.325816 0.501489 0.045000 0.324821 0.501398 0.042588 0.330222 0.513982 0.049659 0.327850 0.513545 0.048660 0.325813 0.513170 0.047071 0.324250 0.512882 0.045000 0.323268 0.512701 0.042588 0.327502 0.525724 0.049659 0.325179 0.525074 0.048660 0.323185 0.524515 0.047071 0.321655 0.524086 0.045000 0.320693 0.523817 0.042588 0.323725 0.537171 0.049659 0.321471 0.536311 0.048660 0.319536 0.535574 0.047071 0.318051 0.535007 0.045000 0.317118 0.534652 0.042588 0.318923 0.548226 0.049659 0.316757 0.547166 0.048660 0.314897 0.546255 0.047071 0.313469 0.545556 0.045000 0.312572 0.545117 0.042588 0.313135 0.558799 0.049659 0.311075 0.557546 0.048660 0.309305 0.556470 0.047071 0.307947 0.555644 0.045000 0.307094 0.555125 0.042588 0.306410 0.568802 0.049659 0.304472 0.567367 0.048660 0.302808 0.566134 0.047071 0.301531 0.565188 0.045000 0.300728 0.564594 0.042588 0.298804 0.578152 0.049659 0.297004 0.576546 0.048660 0.295458 0.575167 0.047071 0.294273 0.574109 0.045000 0.293527 0.573444 0.042588 0.290378 0.586771 0.049659 0.288732 0.585009 0.048660 0.287318 0.583495 0.047071 0.286234 0.582334 0.045000 0.285552 0.581604 0.042588 0.281204 0.594589 0.049659 0.279725 0.592684 0.048660 0.278455 0.591048 0.047071 0.277480 0.589793 0.045000 0.276867 0.589004 0.042588 0.271357 0.601540 0.049659 0.270057 0.599508 0.048660 0.268941 0.597764 0.047071 0.268084 0.596425 0.045000 0.267546 0.595583 0.042588 0.260918 0.607566 0.049659 0.259808 0.605425 0.048660 0.258856 0.603586 0.047071 0.258124 0.602175 0.045000 0.257665 0.601288 0.042588 0.249975 0.612619 0.049659 0.249064 0.610386 0.048660 0.248283 0.608468 0.047071 0.247683 0.606996 0.045000 0.238617 0.616655 0.049659 0.237914 0.614348 0.048660 0.237310 0.612367 0.047071 0.236846 0.610847 0.045000 0.236555 0.609892 0.042588 0.226940 0.619642 0.049659 0.226449 0.617281 0.048660 0.226028 0.615253 0.047071 0.225705 0.613697 0.045000 0.225501 0.612719 0.042588 0.215039 0.621555 0.049659 0.214765 0.619159 0.048660 0.214530 0.617101 0.047071 0.214350 0.615522 0.045000 0.214236 0.614530 0.042588 0.203014 0.622378 0.049659 0.202959 0.619966 0.048660 0.202912 0.617896 0.047071 0.202876 0.616307 0.045000 0.202853 0.615308 0.042588 0.190964 0.622103 0.049659 0.191128 0.619697 0.048660 0.191270 0.617631 0.047071 0.191378 0.616045 0.045000 0.191446 0.615049 0.042588 0.178989 0.620734 0.049659 0.179371 0.618353 0.048660 0.179700 0.616308 0.047071 0.179952 0.614739 0.045000 0.180111 0.613753 0.042588 0.167187 0.618282 0.049659 0.167785 0.615945 0.048660 0.168298 0.613939 0.047071 0.168692 0.612399 0.045000 0.168940 0.611431 0.042588 0.155658 0.614766 0.049659 0.156466 0.612494 0.048660 0.157159 0.610542 0.047071 0.157691 0.609045 0.045000 0.158026 0.608104 0.042588 0.144496 0.610217 0.049659 0.145507 0.608028 0.048660 0.146375 0.606147 0.047071 0.147041 0.604704 0.045000 0.147460 0.603797 0.042588 0.123641 0.598176 0.049659 0.125032 0.596206 0.048660 0.126226 0.594514 0.047071 0.127142 0.593216 0.045000 0.127718 0.592400 0.042588 0.137330 0.598548 0.042588 0.136830 0.599413 0.045000 0.136036 0.600790 0.047071 0.135000 0.602583 0.048660 0.133794 0.604672 0.049659 0.114120 0.590785 0.049659 0.115684 0.588949 0.048660 0.117028 0.587372 0.047071 0.118058 0.586163 0.045000 0.118706 0.585402 0.042588 0.105311 0.582557 0.049659 0.107036 0.580872 0.048660 0.108517 0.579424 0.047071 0.109653 0.578313 0.045000 0.110368 0.577615 0.042588 0.097287 0.573564 0.049659 0.099158 0.572041 0.048660 0.100764 0.570734 0.047071 0.101997 0.569731 0.045000 0.090113 0.563877 0.049659 0.092115 0.562531 0.048660 0.093834 0.561376 0.047071 0.095153 0.560489 0.045000 0.095982 0.559932 0.042588 0.083851 0.553578 0.049659 0.085966 0.552420 0.048660 0.087783 0.551426 0.047071 0.089177 0.550663 0.045000 0.090053 0.550183 0.042588 0.078550 0.542753 0.049659 0.080763 0.541792 0.048660 0.082662 0.540967 0.047071 0.084120 0.540334 0.045000 0.085036 0.539936 0.042588 0.074256 0.531490 0.049659 0.076547 0.530735 0.048660 0.078514 0.530086 0.047071 0.080023 0.529588 0.045000 0.080971 0.529275 0.042588 0.071005 0.519884 0.049659 0.073354 0.519340 0.048660 0.075372 0.518872 0.047071 0.076920 0.518514 0.045000 0.077893 0.518288 0.042588 0.068821 0.508030 0.049659 0.071211 0.507702 0.048660 0.073263 0.507420 0.047071 0.074837 0.507203 0.045000 0.075827 0.507067 0.042588 -0.148866 0.207067 -0.040000 -0.149768 0.204759 -0.040000 -0.149768 0.204759 0.040000 -0.148866 0.207067 0.040000 -0.148866 0.207067 -0.000000 -0.149768 0.204759 -0.000000 0.051964 0.512968 0.041956 0.052518 0.512806 0.043835 0.053414 0.512544 0.045564 0.054620 0.512193 0.047078 0.056085 0.511768 0.048317 0.057755 0.511284 0.049238 0.059568 0.510761 0.049806 0.061453 0.510219 0.050000 0.293899 0.382695 0.049659 0.295487 0.380880 0.048660 0.296851 0.379321 0.047071 0.297897 0.378125 0.045000 0.298555 0.377373 0.042588 0.325537 0.422384 0.049659 0.318993 0.411438 0.049659 0.311498 0.401120 0.049659 0.303111 0.391514 0.049659 0.061311 0.523118 0.049659 0.058965 0.523678 0.048660 0.056951 0.524159 0.047071 0.055405 0.524529 0.045000 0.054434 0.524761 0.042588 0.064827 0.535382 0.049659 0.062540 0.536150 0.048660 0.060577 0.536809 0.047071 0.059070 0.537315 0.045000 0.058123 0.537633 0.042588 0.069424 0.547283 0.049659 0.067215 0.548252 0.048660 0.065319 0.549084 0.047071 0.063864 0.549722 0.045000 0.062949 0.550123 0.042588 0.075067 0.558725 0.049659 0.072954 0.559887 0.048660 0.071139 0.560885 0.047071 0.069747 0.561651 0.045000 0.068871 0.562133 0.042588 0.081710 0.569617 0.049659 0.079709 0.570963 0.048660 0.077991 0.572120 0.047071 0.076672 0.573007 0.045000 0.075844 0.573565 0.042588 0.089300 0.579871 0.049659 0.087427 0.581391 0.048660 0.085819 0.582697 0.047071 0.084585 0.583698 0.045000 0.083810 0.584328 0.042588 0.097776 0.589406 0.049659 0.096047 0.591088 0.048660 0.094562 0.592531 0.047071 0.093423 0.593639 0.045000 0.092706 0.594336 0.042588 0.107070 0.598145 0.049659 0.105498 0.599975 0.048660 0.104148 0.601545 0.047071 0.103113 0.602751 0.045000 0.102462 0.603508 0.042588 0.117108 0.606019 0.049659 0.115706 0.607981 0.048660 0.114502 0.609666 0.047071 0.113579 0.610960 0.045000 0.112998 0.611772 0.042588 0.127810 0.612964 0.049659 0.126589 0.615044 0.048660 0.125541 0.616830 0.047071 0.124736 0.618200 0.045000 0.124231 0.619062 0.042588 0.139090 0.618924 0.049659 0.138060 0.621105 0.048660 0.137175 0.622977 0.047071 0.136496 0.624414 0.045000 0.136070 0.625317 0.042588 0.150858 0.623852 0.049659 0.150027 0.626116 0.048660 0.149313 0.628061 0.047071 0.148765 0.629552 0.045000 0.148421 0.630490 0.042588 0.163019 0.627709 0.049659 0.162393 0.630038 0.048660 0.161856 0.632038 0.047071 0.161444 0.633573 0.045000 0.161185 0.634538 0.042588 0.175476 0.630463 0.049659 0.175061 0.632839 0.048660 0.174705 0.634879 0.047071 0.174431 0.636445 0.045000 0.174259 0.637429 0.042588 0.188129 0.632093 0.049659 0.187928 0.634497 0.048660 0.187756 0.636560 0.047071 0.187623 0.638144 0.045000 0.187540 0.639140 0.042588 0.200877 0.632585 0.049659 0.200892 0.634997 0.048660 0.200905 0.637068 0.047071 0.200914 0.638657 0.045000 0.200921 0.639656 0.042588 0.213618 0.631936 0.049659 0.213849 0.634337 0.048660 0.214047 0.636399 0.047071 0.214198 0.637981 0.045000 0.214294 0.638975 0.042588 0.226251 0.630151 0.049659 0.226695 0.632522 0.048660 0.227076 0.634557 0.047071 0.227368 0.636119 0.045000 0.227552 0.637101 0.042588 0.238673 0.627244 0.049659 0.239327 0.629565 0.048660 0.239889 0.631558 0.047071 0.240320 0.633088 0.045000 0.240590 0.634050 0.042588 0.250785 0.623238 0.049659 0.251644 0.625491 0.048660 0.252382 0.627426 0.047071 0.252948 0.628911 0.045000 0.253304 0.629845 0.042588 0.262491 0.618165 0.049659 0.263548 0.620333 0.048660 0.264456 0.622194 0.047071 0.265152 0.623623 0.045000 0.265590 0.624521 0.042588 0.273697 0.612066 0.049659 0.274943 0.614131 0.048660 0.276014 0.615904 0.047071 0.276835 0.617264 0.045000 0.277352 0.618120 0.042588 0.284313 0.604990 0.049659 0.285739 0.606935 0.048660 0.286963 0.608606 0.047071 0.287903 0.609887 0.045000 0.288494 0.610693 0.042588 0.294253 0.596994 0.049659 0.295848 0.598804 0.048660 0.297217 0.600358 0.047071 0.298267 0.601550 0.045000 0.298927 0.602300 0.042588 0.303439 0.588141 0.049659 0.305189 0.589801 0.048660 0.306692 0.591227 0.047071 0.307844 0.592320 0.045000 0.308569 0.593008 0.042588 0.311798 0.578502 0.049659 0.313689 0.579999 0.048660 0.315312 0.581285 0.047071 0.316558 0.582271 0.045000 0.317342 0.582891 0.042588 0.319261 0.568155 0.049659 0.321278 0.569477 0.048660 0.323010 0.570613 0.047071 0.324339 0.571484 0.045000 0.325175 0.572031 0.042588 0.325769 0.557183 0.049659 0.327897 0.558319 0.048660 0.329723 0.559295 0.047071 0.331125 0.560044 0.045000 0.332006 0.560514 0.042588 0.331271 0.545672 0.049659 0.333491 0.546614 0.048660 0.335398 0.547422 0.047071 0.336861 0.548043 0.045000 0.337781 0.548433 0.042588 0.335722 0.533716 0.049659 0.338017 0.534455 0.048660 0.339988 0.535090 0.047071 0.341501 0.535577 0.045000 0.342452 0.535884 0.042588 0.339086 0.521410 0.049659 0.341438 0.521941 0.048660 0.343458 0.522397 0.047071 0.345009 0.522747 0.045000 0.345983 0.522967 0.042588 0.341336 0.508852 0.049659 0.343727 0.509171 0.048660 0.345780 0.509445 0.047071 0.347355 0.509655 0.045000 0.348345 0.509787 0.042588 0.342456 0.496143 0.049659 0.344865 0.496247 0.048660 0.346935 0.496336 0.047071 0.348522 0.496405 0.045000 0.349520 0.496448 0.042588 0.342435 0.483385 0.049659 0.344844 0.483274 0.048660 0.346913 0.483178 0.047071 0.348500 0.483104 0.045000 0.349498 0.483057 0.042588 0.341273 0.470681 0.049659 0.343663 0.470354 0.048660 0.345715 0.470073 0.047071 0.347289 0.469858 0.045000 0.348279 0.469723 0.042588 0.338981 0.458131 0.049659 0.341332 0.457591 0.048660 0.343351 0.457129 0.047071 0.344899 0.456773 0.045000 0.345873 0.456550 0.042588 0.335576 0.445835 0.049659 0.337869 0.445088 0.048660 0.339839 0.444447 0.047071 0.341350 0.443955 0.045000 0.342299 0.443645 0.042588 0.331086 0.433894 0.049659 0.333303 0.432945 0.048660 0.335207 0.432130 0.047071 0.336668 0.431505 0.045000 0.337587 0.431112 0.042588 0.327650 0.421222 0.048660 0.329464 0.420221 0.047071 0.330852 0.419448 0.045000 0.331722 0.418956 0.042588 0.320997 0.410096 0.048660 0.322717 0.408942 0.047071 0.324034 0.408052 0.045000 0.324859 0.407488 0.042588 0.313377 0.399609 0.048660 0.314990 0.398310 0.047071 0.316226 0.397310 0.045000 0.317001 0.396679 0.042588 0.304851 0.389844 0.048660 0.306345 0.388410 0.047071 0.307491 0.387308 0.045000 0.308209 0.386614 0.042588 0.140089 0.110816 0.050000 0.142038 0.110658 0.049805 0.143913 0.110505 0.049234 0.145637 0.110364 0.048310 0.147149 0.110240 0.047068 0.148391 0.110138 0.045554 0.149314 0.110063 0.043827 0.149883 0.110016 0.041950 0.277200 0.367341 0.049659 0.278883 0.365613 0.048660 0.280329 0.364130 0.047071 0.281440 0.362993 0.045000 0.282141 0.362282 0.042588 0.261278 0.351183 0.049659 0.263050 0.349547 0.048660 0.264574 0.348144 0.047071 0.265746 0.347071 0.045000 0.266488 0.346401 0.042588 0.246170 0.334261 0.049659 0.248027 0.332722 0.048660 0.249624 0.331403 0.047071 0.250854 0.330396 0.045000 0.251634 0.329771 0.042588 0.231890 0.316585 0.049659 0.233803 0.315116 0.048660 0.235445 0.313855 0.047071 0.236706 0.312887 0.045000 0.237498 0.312279 0.042588 0.218515 0.298251 0.049659 0.220498 0.296878 0.048660 0.222201 0.295699 0.047071 0.223507 0.294794 0.045000 0.224329 0.294226 0.042588 0.206060 0.279280 0.049659 0.208108 0.278007 0.048660 0.209867 0.276913 0.047071 0.211216 0.276074 0.045000 0.212064 0.275546 0.042588 0.194553 0.259719 0.049659 0.196662 0.258548 0.048660 0.198472 0.257542 0.047071 0.199861 0.256770 0.045000 0.200735 0.256285 0.042588 0.184024 0.239615 0.049659 0.186188 0.238549 0.048660 0.188046 0.237634 0.047071 0.189471 0.236931 0.045000 0.190367 0.236490 0.042588 0.174498 0.219017 0.049659 0.176711 0.218059 0.048660 0.178612 0.217236 0.047071 0.180070 0.216605 0.045000 0.180987 0.216208 0.042588 0.165998 0.197975 0.049659 0.168255 0.197127 0.048660 0.170194 0.196399 0.047071 0.171682 0.195840 0.045000 0.172617 0.195489 0.042588 0.158544 0.176540 0.049659 0.160841 0.175804 0.048660 0.162813 0.175172 0.047071 0.164326 0.174687 0.045000 0.165278 0.174382 0.042588 0.152155 0.154763 0.049659 0.154485 0.154141 0.048660 0.156486 0.153607 0.047071 0.158021 0.153198 0.045000 0.158987 0.152940 0.042588 0.146845 0.132699 0.049659 0.149203 0.132192 0.048660 0.151228 0.131758 0.047071 0.152782 0.131424 0.045000 0.153759 0.131214 0.042588 -0.147173 0.208852 0.042588 -0.146439 0.208174 0.045000 -0.145271 0.207096 0.047071 -0.143749 0.205692 0.048660 -0.141977 0.204056 0.049659 0.037334 0.480793 0.042588 0.038235 0.480361 0.045000 0.039668 0.479674 0.047071 0.041535 0.478779 0.048660 0.043710 0.477737 0.049659 0.020949 0.448011 0.042588 0.021835 0.447550 0.045000 0.023244 0.446816 0.047071 0.025081 0.445859 0.048660 0.027221 0.444745 0.049659 0.003486 0.415791 0.042588 0.004356 0.415301 0.045000 0.005741 0.414520 0.047071 0.007545 0.413503 0.048660 0.009646 0.412319 0.049659 -0.015035 0.384168 0.042588 -0.014182 0.383649 0.045000 -0.012824 0.382823 0.047071 -0.011054 0.381747 0.048660 -0.008994 0.380493 0.049659 -0.034595 0.353176 0.042588 -0.033759 0.352628 0.045000 -0.032429 0.351758 0.047071 -0.030696 0.350624 0.048660 -0.028678 0.349303 0.049659 -0.055171 0.322849 0.042588 -0.054353 0.322274 0.045000 -0.053053 0.321360 0.047071 -0.051359 0.320169 0.048660 -0.049386 0.318782 0.049659 -0.076741 0.293221 0.042588 -0.075943 0.292620 0.045000 -0.074674 0.291663 0.047071 -0.073020 0.290417 0.048660 -0.071094 0.288965 0.049659 -0.099420 0.264152 0.042588 -0.098615 0.263559 0.045000 -0.097351 0.262595 0.047071 -0.095711 0.261329 0.048660 -0.093807 0.259849 0.049659 -0.122840 0.236107 0.042588 -0.122069 0.235471 0.045000 -0.120852 0.234449 0.047071 -0.119270 0.233113 0.048660 -0.117430 0.231553 0.049659 0.142663 0.110000 0.049659 0.145075 0.110000 0.048660 0.147146 0.110000 0.047071 0.148735 0.110000 0.045000 0.149734 0.110000 0.042588 -0.149734 0.202300 0.042588 -0.148735 0.202300 0.045000 -0.147146 0.202300 0.047071 -0.145075 0.202300 0.048660 -0.142663 0.202300 0.049659 -0.148566 0.206905 0.042588 -0.147688 0.206429 0.045000 -0.146291 0.205671 0.047071 -0.144470 0.204684 0.048660 -0.142350 0.203534 0.049659 -0.149438 0.204676 0.042588 -0.148469 0.204430 0.045000 -0.146929 0.204039 0.047071 -0.144921 0.203530 0.048660 -0.142584 0.202937 0.049659 0.157487 0.100341 0.040000 0.155075 0.101340 0.040000 0.153004 0.102929 0.040000 0.151415 0.105000 0.040000 0.150416 0.107412 0.040000 0.140075 0.107412 0.050341 0.140075 0.105000 0.051340 0.140075 0.102929 0.052929 0.140075 0.101340 0.055000 0.140075 0.100341 0.057412 0.150217 0.107412 0.042017 0.151197 0.105000 0.042212 0.152756 0.102929 0.042522 0.154787 0.101340 0.042926 0.157152 0.100341 0.043397 0.149629 0.107412 0.043957 0.150552 0.105000 0.044340 0.152020 0.102929 0.044948 0.153933 0.101340 0.045740 0.156161 0.100341 0.046663 0.148673 0.107412 0.045745 0.149504 0.105000 0.046300 0.150825 0.102929 0.047183 0.152547 0.101340 0.048334 0.154552 0.100341 0.049673 0.145820 0.107412 0.048598 0.146375 0.105000 0.049429 0.147258 0.102929 0.050750 0.148409 0.101340 0.052472 0.149748 0.100341 0.054477 0.152387 0.100341 0.052312 0.150682 0.101340 0.050607 0.149217 0.102929 0.049142 0.148093 0.105000 0.048018 0.147387 0.107412 0.047312 0.144032 0.107412 0.049554 0.144415 0.105000 0.050477 0.145023 0.102929 0.051945 0.145815 0.101340 0.053858 0.146738 0.100341 0.056086 0.142092 0.107412 0.050142 0.142287 0.105000 0.051122 0.142597 0.102929 0.052681 0.143001 0.101340 0.054712 0.143472 0.100341 0.057077 -0.149734 0.110000 0.042588 -0.148735 0.110000 0.045000 -0.147146 0.110000 0.047071 -0.145075 0.110000 0.048660 -0.142663 0.110000 0.049659 -0.142663 0.156150 0.049659 -0.145075 0.156150 0.048660 -0.147146 0.156150 0.047071 -0.148735 0.156150 0.045000 -0.149734 0.156150 0.042588 -0.140075 0.107412 0.050341 -0.140075 0.105000 0.051340 -0.140075 0.102929 0.052929 -0.140075 0.101340 0.055000 -0.140075 0.100341 0.057412 0.084045 0.100341 0.057412 0.028015 0.100341 0.057412 -0.028015 0.100341 0.057412 -0.084045 0.100341 0.057412 0.084045 0.101340 0.055000 0.028015 0.101340 0.055000 -0.028015 0.101340 0.055000 -0.084045 0.101340 0.055000 0.084045 0.102929 0.052929 0.028015 0.102929 0.052929 -0.028015 0.102929 0.052929 -0.084045 0.102929 0.052929 0.084045 0.105000 0.051340 0.028015 0.105000 0.051340 -0.028015 0.105000 0.051340 -0.084045 0.105000 0.051340 0.084045 0.107412 0.050341 0.028015 0.107412 0.050341 -0.028015 0.107412 0.050341 -0.084045 0.107412 0.050341 0.157487 0.100341 -0.040000 0.155075 0.101340 -0.040000 0.153004 0.102929 -0.040000 0.151415 0.105000 -0.040000 0.150416 0.107412 -0.040000 0.150416 0.107412 -0.000000 0.151415 0.105000 -0.000000 0.153004 0.102929 -0.000000 0.155075 0.101340 -0.000000 0.157487 0.100341 -0.000000 -0.150416 0.107412 0.040000 -0.151415 0.105000 0.040000 -0.153004 0.102929 0.040000 -0.155075 0.101340 0.040000 -0.157487 0.100341 0.040000 -0.142092 0.107412 0.050142 -0.142287 0.105000 0.051122 -0.142597 0.102929 0.052681 -0.143001 0.101340 0.054712 -0.143472 0.100341 0.057077 -0.144032 0.107412 0.049554 -0.144415 0.105000 0.050477 -0.145023 0.102929 0.051945 -0.145815 0.101340 0.053858 -0.146738 0.100341 0.056086 -0.145820 0.107412 0.048598 -0.146375 0.105000 0.049429 -0.147258 0.102929 0.050750 -0.148409 0.101340 0.052472 -0.149748 0.100341 0.054477 -0.148673 0.107412 0.045745 -0.149504 0.105000 0.046300 -0.150825 0.102929 0.047183 -0.152547 0.101340 0.048334 -0.154552 0.100341 0.049673 -0.152387 0.100341 0.052312 -0.150682 0.101340 0.050607 -0.149217 0.102929 0.049142 -0.148093 0.105000 0.048018 -0.147387 0.107412 0.047312 -0.149629 0.107412 0.043957 -0.150552 0.105000 0.044340 -0.152020 0.102929 0.044948 -0.153933 0.101340 0.045740 -0.156161 0.100341 0.046663 -0.150217 0.107412 0.042017 -0.151197 0.105000 0.042212 -0.152756 0.102929 0.042522 -0.154787 0.101340 0.042926 -0.157152 0.100341 0.043397 0.140075 0.100341 -0.057412 0.140075 0.101340 -0.055000 0.140075 0.102929 -0.052929 0.140075 0.105000 -0.051340 0.140075 0.107412 -0.050341 0.142663 0.110000 -0.049659 0.145075 0.110000 -0.048660 0.147146 0.110000 -0.047071 0.148735 0.110000 -0.045000 0.149734 0.110000 -0.042588 0.142092 0.107412 -0.050142 0.142287 0.105000 -0.051122 0.142597 0.102929 -0.052681 0.143001 0.101340 -0.054712 0.143472 0.100341 -0.057077 0.144032 0.107412 -0.049554 0.144415 0.105000 -0.050477 0.145023 0.102929 -0.051945 0.145815 0.101340 -0.053858 0.146738 0.100341 -0.056086 0.145820 0.107412 -0.048598 0.146375 0.105000 -0.049429 0.147258 0.102929 -0.050750 0.148409 0.101340 -0.052472 0.149748 0.100341 -0.054477 0.148673 0.107412 -0.045745 0.149504 0.105000 -0.046300 0.150825 0.102929 -0.047183 0.152547 0.101340 -0.048334 0.154552 0.100341 -0.049673 0.152387 0.100341 -0.052312 0.150682 0.101340 -0.050607 0.149217 0.102929 -0.049142 0.148093 0.105000 -0.048018 0.147387 0.107412 -0.047312 0.149629 0.107412 -0.043957 0.150552 0.105000 -0.044340 0.152020 0.102929 -0.044948 0.153933 0.101340 -0.045740 0.156161 0.100341 -0.046663 0.150217 0.107412 -0.042017 0.151197 0.105000 -0.042212 0.152756 0.102929 -0.042522 0.154787 0.101340 -0.042926 0.157152 0.100341 -0.043397 0.140089 0.110816 -0.050000 0.142038 0.110658 -0.049805 0.143913 0.110505 -0.049234 0.145637 0.110364 -0.048310 0.147149 0.110240 -0.047068 0.148391 0.110138 -0.045554 0.149314 0.110063 -0.043827 0.149883 0.110016 -0.041950 -0.150416 0.107412 -0.040000 -0.151415 0.105000 -0.040000 -0.153004 0.102929 -0.040000 -0.155075 0.101340 -0.040000 -0.157487 0.100341 -0.040000 -0.157487 0.100341 0.000000 -0.155075 0.101340 0.000000 -0.153004 0.102929 0.000000 -0.151415 0.105000 0.000000 -0.150416 0.107412 0.000000 -0.140075 0.100341 -0.057412 -0.140075 0.101340 -0.055000 -0.140075 0.102929 -0.052929 -0.140075 0.105000 -0.051340 -0.140075 0.107412 -0.050341 0.084045 0.107412 -0.050341 0.028015 0.107412 -0.050341 -0.028015 0.107412 -0.050341 -0.084045 0.107412 -0.050341 0.084045 0.105000 -0.051340 0.028015 0.105000 -0.051340 -0.028015 0.105000 -0.051340 -0.084045 0.105000 -0.051340 0.084045 0.102929 -0.052929 0.028015 0.102929 -0.052929 -0.028015 0.102929 -0.052929 -0.084045 0.102929 -0.052929 0.084045 0.101340 -0.055000 0.028015 0.101340 -0.055000 -0.028015 0.101340 -0.055000 -0.084045 0.101340 -0.055000 0.084045 0.100341 -0.057412 0.028015 0.100341 -0.057412 -0.028015 0.100341 -0.057412 -0.084045 0.100341 -0.057412 0.293899 0.382695 -0.049659 0.295487 0.380880 -0.048660 0.296851 0.379321 -0.047071 0.297897 0.378125 -0.045000 0.298555 0.377373 -0.042588 0.146845 0.132699 -0.049659 0.149203 0.132192 -0.048660 0.151228 0.131758 -0.047071 0.152782 0.131424 -0.045000 0.153759 0.131214 -0.042588 0.152155 0.154763 -0.049659 0.154485 0.154141 -0.048660 0.156486 0.153607 -0.047071 0.158021 0.153198 -0.045000 0.158987 0.152940 -0.042588 0.158544 0.176540 -0.049659 0.160841 0.175804 -0.048660 0.162813 0.175172 -0.047071 0.164326 0.174687 -0.045000 0.165278 0.174382 -0.042588 0.165998 0.197975 -0.049659 0.168255 0.197127 -0.048660 0.170194 0.196399 -0.047071 0.171682 0.195840 -0.045000 0.172617 0.195489 -0.042588 0.174498 0.219017 -0.049659 0.176711 0.218059 -0.048660 0.178612 0.217236 -0.047071 0.180070 0.216605 -0.045000 0.180987 0.216208 -0.042588 0.184024 0.239615 -0.049659 0.186188 0.238549 -0.048660 0.188046 0.237634 -0.047071 0.189471 0.236931 -0.045000 0.190367 0.236490 -0.042588 0.194553 0.259719 -0.049659 0.196662 0.258548 -0.048660 0.198472 0.257542 -0.047071 0.199861 0.256770 -0.045000 0.200735 0.256285 -0.042588 0.206060 0.279280 -0.049659 0.208108 0.278007 -0.048660 0.209867 0.276913 -0.047071 0.211216 0.276074 -0.045000 0.212064 0.275546 -0.042588 0.218515 0.298251 -0.049659 0.220498 0.296878 -0.048660 0.222201 0.295699 -0.047071 0.223507 0.294794 -0.045000 0.224329 0.294226 -0.042588 0.231890 0.316585 -0.049659 0.233803 0.315116 -0.048660 0.235445 0.313855 -0.047071 0.236706 0.312887 -0.045000 0.237498 0.312279 -0.042588 0.246170 0.334261 -0.049659 0.248027 0.332722 -0.048660 0.249624 0.331403 -0.047071 0.250854 0.330396 -0.045000 0.251634 0.329771 -0.042588 0.261278 0.351183 -0.049659 0.263050 0.349547 -0.048660 0.264574 0.348144 -0.047071 0.265746 0.347071 -0.045000 0.266488 0.346401 -0.042588 0.277200 0.367341 -0.049659 0.278883 0.365613 -0.048660 0.280329 0.364130 -0.047071 0.281440 0.362993 -0.045000 0.282141 0.362282 -0.042588 -0.149734 0.110000 -0.042588 -0.148735 0.110000 -0.045000 -0.147146 0.110000 -0.047071 -0.145075 0.110000 -0.048660 -0.142663 0.110000 -0.049659 -0.143472 0.100341 -0.057077 -0.143001 0.101340 -0.054712 -0.142597 0.102929 -0.052681 -0.142287 0.105000 -0.051122 -0.142092 0.107412 -0.050142 -0.146738 0.100341 -0.056086 -0.145815 0.101340 -0.053858 -0.145023 0.102929 -0.051945 -0.144415 0.105000 -0.050477 -0.144032 0.107412 -0.049554 -0.149748 0.100341 -0.054477 -0.148409 0.101340 -0.052472 -0.147258 0.102929 -0.050750 -0.146375 0.105000 -0.049429 -0.145820 0.107412 -0.048598 -0.152387 0.100341 -0.052312 -0.150682 0.101340 -0.050607 -0.149217 0.102929 -0.049142 -0.148093 0.105000 -0.048018 -0.147387 0.107412 -0.047312 -0.154552 0.100341 -0.049673 -0.152547 0.101340 -0.048334 -0.150825 0.102929 -0.047183 -0.149504 0.105000 -0.046300 -0.148673 0.107412 -0.045745 -0.156161 0.100341 -0.046663 -0.153933 0.101340 -0.045740 -0.152020 0.102929 -0.044948 -0.150552 0.105000 -0.044340 -0.149629 0.107412 -0.043957 -0.157152 0.100341 -0.043397 -0.154787 0.101340 -0.042926 -0.152756 0.102929 -0.042522 -0.151197 0.105000 -0.042212 -0.150217 0.107412 -0.042017 0.061453 0.510219 -0.050000 0.059568 0.510761 -0.049806 0.057755 0.511284 -0.049238 0.056085 0.511768 -0.048317 0.054620 0.512193 -0.047078 0.053414 0.512544 -0.045564 0.052518 0.512806 -0.043835 0.051964 0.512968 -0.041956 0.303111 0.391514 -0.049659 0.304851 0.389844 -0.048660 0.306345 0.388410 -0.047071 0.307491 0.387308 -0.045000 0.308209 0.386614 -0.042588 0.311498 0.401120 -0.049659 0.313377 0.399609 -0.048660 0.314990 0.398310 -0.047071 0.316226 0.397310 -0.045000 0.317001 0.396679 -0.042588 0.318993 0.411438 -0.049659 0.320997 0.410096 -0.048660 0.322717 0.408942 -0.047071 0.324034 0.408052 -0.045000 0.324859 0.407488 -0.042588 0.325537 0.422384 -0.049659 0.327650 0.421222 -0.048660 0.329464 0.420221 -0.047071 0.330852 0.419448 -0.045000 0.331722 0.418956 -0.042588 0.331086 0.433894 -0.049659 0.333303 0.432945 -0.048660 0.335207 0.432130 -0.047071 0.336668 0.431505 -0.045000 0.337587 0.431112 -0.042588 0.335576 0.445835 -0.049659 0.337869 0.445088 -0.048660 0.339839 0.444447 -0.047071 0.341350 0.443955 -0.045000 0.342299 0.443645 -0.042588 0.338981 0.458131 -0.049659 0.341332 0.457591 -0.048660 0.343351 0.457129 -0.047071 0.344899 0.456773 -0.045000 0.345873 0.456550 -0.042588 0.341273 0.470681 -0.049659 0.343663 0.470354 -0.048660 0.345715 0.470073 -0.047071 0.347289 0.469858 -0.045000 0.348279 0.469723 -0.042588 0.342435 0.483385 -0.049659 0.344844 0.483274 -0.048660 0.346913 0.483178 -0.047071 0.348500 0.483104 -0.045000 0.349498 0.483057 -0.042588 0.342456 0.496143 -0.049659 0.344865 0.496247 -0.048660 0.346935 0.496336 -0.047071 0.348522 0.496405 -0.045000 0.349520 0.496448 -0.042588 0.341336 0.508852 -0.049659 0.343727 0.509171 -0.048660 0.345780 0.509445 -0.047071 0.347355 0.509655 -0.045000 0.348345 0.509787 -0.042588 0.339086 0.521410 -0.049659 0.341438 0.521941 -0.048660 0.343458 0.522397 -0.047071 0.345009 0.522747 -0.045000 0.345983 0.522967 -0.042588 0.335722 0.533716 -0.049659 0.338017 0.534455 -0.048660 0.339988 0.535090 -0.047071 0.341501 0.535577 -0.045000 0.342452 0.535884 -0.042588 0.331271 0.545672 -0.049659 0.333491 0.546614 -0.048660 0.335398 0.547422 -0.047071 0.336861 0.548043 -0.045000 0.337781 0.548433 -0.042588 0.325769 0.557183 -0.049659 0.327897 0.558319 -0.048660 0.329723 0.559295 -0.047071 0.331125 0.560044 -0.045000 0.332006 0.560514 -0.042588 0.319261 0.568155 -0.049659 0.321278 0.569477 -0.048660 0.323010 0.570613 -0.047071 0.324339 0.571484 -0.045000 0.325175 0.572031 -0.042588 0.311798 0.578502 -0.049659 0.313689 0.579999 -0.048660 0.315312 0.581285 -0.047071 0.316558 0.582271 -0.045000 0.317342 0.582891 -0.042588 0.303439 0.588141 -0.049659 0.305189 0.589801 -0.048660 0.306692 0.591227 -0.047071 0.307844 0.592320 -0.045000 0.308569 0.593008 -0.042588 0.294253 0.596994 -0.049659 0.295848 0.598804 -0.048660 0.297217 0.600358 -0.047071 0.298267 0.601550 -0.045000 0.298927 0.602300 -0.042588 0.284313 0.604990 -0.049659 0.285739 0.606935 -0.048660 0.286963 0.608606 -0.047071 0.287903 0.609887 -0.045000 0.288494 0.610693 -0.042588 0.273697 0.612066 -0.049659 0.274943 0.614131 -0.048660 0.276014 0.615904 -0.047071 0.276835 0.617264 -0.045000 0.277352 0.618120 -0.042588 0.262491 0.618165 -0.049659 0.263548 0.620333 -0.048660 0.264456 0.622194 -0.047071 0.265152 0.623623 -0.045000 0.265590 0.624521 -0.042588 0.250785 0.623238 -0.049659 0.251644 0.625491 -0.048660 0.252382 0.627426 -0.047071 0.252948 0.628911 -0.045000 0.253304 0.629845 -0.042588 0.238673 0.627244 -0.049659 0.239327 0.629565 -0.048660 0.239889 0.631558 -0.047071 0.240320 0.633088 -0.045000 0.240590 0.634050 -0.042588 0.226251 0.630151 -0.049659 0.226695 0.632522 -0.048660 0.227076 0.634557 -0.047071 0.227368 0.636119 -0.045000 0.227552 0.637101 -0.042588 0.213618 0.631936 -0.049659 0.213849 0.634337 -0.048660 0.214047 0.636399 -0.047071 0.214198 0.637981 -0.045000 0.214294 0.638975 -0.042588 0.200877 0.632585 -0.049659 0.200892 0.634997 -0.048660 0.200905 0.637068 -0.047071 0.200914 0.638657 -0.045000 0.200921 0.639656 -0.042588 0.188129 0.632093 -0.049659 0.187928 0.634497 -0.048660 0.187756 0.636560 -0.047071 0.187623 0.638144 -0.045000 0.187540 0.639140 -0.042588 0.175476 0.630463 -0.049659 0.175061 0.632839 -0.048660 0.174705 0.634879 -0.047071 0.174431 0.636445 -0.045000 0.174259 0.637429 -0.042588 0.163019 0.627709 -0.049659 0.162393 0.630038 -0.048660 0.161856 0.632038 -0.047071 0.161444 0.633573 -0.045000 0.161185 0.634538 -0.042588 0.150858 0.623852 -0.049659 0.150027 0.626116 -0.048660 0.149313 0.628061 -0.047071 0.148765 0.629552 -0.045000 0.148421 0.630490 -0.042588 0.139090 0.618924 -0.049659 0.138060 0.621105 -0.048660 0.137175 0.622977 -0.047071 0.136496 0.624414 -0.045000 0.136070 0.625317 -0.042588 0.127810 0.612964 -0.049659 0.126589 0.615044 -0.048660 0.125541 0.616830 -0.047071 0.124736 0.618200 -0.045000 0.124231 0.619062 -0.042588 0.117108 0.606019 -0.049659 0.115706 0.607981 -0.048660 0.114502 0.609666 -0.047071 0.113579 0.610960 -0.045000 0.112998 0.611772 -0.042588 0.107070 0.598145 -0.049659 0.105498 0.599975 -0.048660 0.104148 0.601545 -0.047071 0.103113 0.602751 -0.045000 0.102462 0.603508 -0.042588 0.097776 0.589406 -0.049659 0.096047 0.591088 -0.048660 0.094562 0.592531 -0.047071 0.093423 0.593639 -0.045000 0.092706 0.594336 -0.042588 0.089300 0.579871 -0.049659 0.087427 0.581391 -0.048660 0.085819 0.582697 -0.047071 0.084585 0.583698 -0.045000 0.083810 0.584328 -0.042588 0.081710 0.569617 -0.049659 0.079709 0.570963 -0.048660 0.077991 0.572120 -0.047071 0.076672 0.573007 -0.045000 0.075844 0.573565 -0.042588 0.075067 0.558725 -0.049659 0.072954 0.559887 -0.048660 0.071139 0.560885 -0.047071 0.069747 0.561651 -0.045000 0.068871 0.562133 -0.042588 0.069424 0.547283 -0.049659 0.067215 0.548252 -0.048660 0.065319 0.549084 -0.047071 0.063864 0.549722 -0.045000 0.062949 0.550123 -0.042588 0.064827 0.535382 -0.049659 0.062540 0.536150 -0.048660 0.060577 0.536809 -0.047071 0.059070 0.537315 -0.045000 0.058123 0.537633 -0.042588 0.061311 0.523118 -0.049659 0.058965 0.523678 -0.048660 0.056951 0.524159 -0.047071 0.055405 0.524529 -0.045000 0.054434 0.524761 -0.042588 -0.149734 0.202300 -0.042588 -0.148735 0.202300 -0.045000 -0.147146 0.202300 -0.047071 -0.145075 0.202300 -0.048660 -0.142663 0.202300 -0.049659 -0.142663 0.156150 -0.049659 -0.145075 0.156150 -0.048660 -0.147146 0.156150 -0.047071 -0.148735 0.156150 -0.045000 -0.149734 0.156150 -0.042588 -0.141977 0.204056 -0.049659 -0.143749 0.205692 -0.048660 -0.145271 0.207096 -0.047071 -0.146439 0.208174 -0.045000 -0.147173 0.208852 -0.042588 0.043710 0.477737 -0.049659 0.041535 0.478779 -0.048660 0.039668 0.479674 -0.047071 0.038235 0.480361 -0.045000 0.037334 0.480793 -0.042588 0.027221 0.444745 -0.049659 0.025081 0.445859 -0.048660 0.023244 0.446816 -0.047071 0.021835 0.447550 -0.045000 0.020949 0.448011 -0.042588 0.009646 0.412319 -0.049659 0.007545 0.413503 -0.048660 0.005741 0.414520 -0.047071 0.004356 0.415301 -0.045000 0.003486 0.415791 -0.042588 -0.008994 0.380493 -0.049659 -0.011054 0.381747 -0.048660 -0.012824 0.382823 -0.047071 -0.014182 0.383649 -0.045000 -0.015035 0.384168 -0.042588 -0.028678 0.349303 -0.049659 -0.030696 0.350624 -0.048660 -0.032429 0.351758 -0.047071 -0.033759 0.352628 -0.045000 -0.034595 0.353176 -0.042588 -0.049386 0.318782 -0.049659 -0.051359 0.320169 -0.048660 -0.053053 0.321360 -0.047071 -0.054353 0.322274 -0.045000 -0.055171 0.322849 -0.042588 -0.071094 0.288965 -0.049659 -0.073020 0.290417 -0.048660 -0.074674 0.291663 -0.047071 -0.075943 0.292620 -0.045000 -0.076741 0.293221 -0.042588 -0.093807 0.259849 -0.049659 -0.095711 0.261329 -0.048660 -0.097351 0.262595 -0.047071 -0.098615 0.263559 -0.045000 -0.099420 0.264152 -0.042588 -0.117430 0.231553 -0.049659 -0.119270 0.233113 -0.048660 -0.120852 0.234449 -0.047071 -0.122069 0.235471 -0.045000 -0.122840 0.236107 -0.042588 -0.149438 0.204676 -0.042588 -0.148469 0.204430 -0.045000 -0.146929 0.204039 -0.047071 -0.144921 0.203530 -0.048660 -0.142584 0.202937 -0.049659 -0.148566 0.206905 -0.042588 -0.147688 0.206429 -0.045000 -0.146291 0.205671 -0.047071 -0.144470 0.204684 -0.048660 -0.142350 0.203534 -0.049659</float_array>
          <technique_common>
            <accessor source="#Base0-mesh-positions-array" count="3237" stride="3">
              <param name="X" type="float"/>
              <param name="Y" type="float"/>
              <param name="Z" type="float"/>
            </accessor>
          </technique_common>
        </source>
        <source id="Base0-mesh-normals">
          <float_array id="Base0-mesh-normals-array" count="11706">-0.073853 0.000000 0.997269 -0.073853 0.000000 0.997269 -0.000000 0.000000 1.000000 -0.000000 0.000000 1.000000 0.073853 0.000000 0.997269 0.073853 0.000000 0.997269 0.147302 0.000000 0.989092 0.147302 0.000000 0.989092 0.219946 0.000000 0.975512 0.219946 0.000000 0.975512 0.291390 0.000000 0.956604 0.291390 0.000000 0.956604 0.361242 0.000000 0.932472 0.361242 0.000000 0.932472 0.429121 0.000000 0.903247 0.429121 0.000000 0.903247 0.494656 0.000000 0.869089 0.494656 0.000000 0.869089 0.557489 0.000000 0.830184 0.557489 0.000000 0.830184 0.617278 0.000000 0.786745 0.617278 0.000000 0.786745 0.673696 0.000000 0.739009 0.673696 0.000000 0.739009 0.726434 0.000000 0.687237 0.726434 0.000000 0.687237 0.775204 0.000000 0.631711 0.775204 0.000000 0.631711 0.819740 0.000000 0.572735 0.819740 0.000000 0.572735 0.859800 0.000000 0.510631 0.859800 0.000000 0.510631 0.895163 0.000000 0.445738 0.895163 0.000000 0.445738 0.925638 0.000000 0.378411 0.925638 0.000000 0.378411 0.951057 0.000000 0.309017 0.951057 0.000000 0.309017 0.971281 0.000000 0.237935 0.971281 0.000000 0.237935 0.986201 0.000000 0.165554 0.986201 0.000000 0.165554 0.995734 0.000000 0.092268 0.995734 0.000000 0.092268 0.999829 0.000000 0.018479 0.999829 0.000000 0.018479 0.998464 0.000000 -0.055411 0.998464 0.000000 -0.055411 0.991645 0.000000 -0.128999 0.991645 0.000000 -0.128999 0.979410 0.000000 -0.201882 0.979410 0.000000 -0.201882 0.961826 0.000000 -0.273663 0.961826 0.000000 -0.273663 0.938988 0.000000 -0.343949 0.938988 0.000000 -0.343949 0.911023 0.000000 -0.412356 0.911023 0.000000 -0.412356 0.878081 0.000000 -0.478512 0.878081 0.000000 -0.478512 0.840344 0.000000 -0.542053 0.840344 0.000000 -0.542053 0.798017 0.000000 -0.602635 0.798017 0.000000 -0.602635 0.751332 0.000000 -0.659925 0.751332 0.000000 -0.659925 0.700543 0.000000 -0.713610 0.700543 0.000000 -0.713610 0.645928 0.000000 -0.763398 0.645928 0.000000 -0.763398 0.587785 0.000000 -0.809017 0.587785 0.000000 -0.809017 0.526432 0.000000 -0.850217 0.526432 0.000000 -0.850217 0.462204 0.000000 -0.886774 0.462204 0.000000 -0.886774 0.395451 0.000000 -0.918487 0.395451 0.000000 -0.918487 0.326539 0.000000 -0.945184 0.326539 0.000000 -0.945184 0.255843 0.000000 -0.966718 0.255843 0.000000 -0.966718 0.183750 0.000000 -0.982973 0.183750 0.000000 -0.982973 0.110653 0.000000 -0.993859 0.110653 0.000000 -0.993859 0.036951 0.000000 -0.999317 0.036951 0.000000 -0.999317 -0.036951 0.000000 -0.999317 -0.036951 0.000000 -0.999317 -0.110653 0.000000 -0.993859 -0.110653 0.000000 -0.993859 -0.183750 0.000000 -0.982973 -0.183750 0.000000 -0.982973 -0.255843 0.000000 -0.966718 -0.255843 0.000000 -0.966718 -0.326539 0.000000 -0.945184 -0.326539 0.000000 -0.945184 -0.395451 0.000000 -0.918487 -0.395451 0.000000 -0.918487 -0.462204 0.000000 -0.886774 -0.462204 0.000000 -0.886774 -0.526432 0.000000 -0.850217 -0.526432 0.000000 -0.850217 -0.587785 0.000000 -0.809017 -0.587785 0.000000 -0.809017 -0.645928 0.000000 -0.763398 -0.645928 0.000000 -0.763398 -0.700543 0.000000 -0.713610 -0.700543 0.000000 -0.713610 -0.751332 0.000000 -0.659925 -0.751332 0.000000 -0.659925 -0.798017 0.000000 -0.602635 -0.798017 0.000000 -0.602635 -0.840344 0.000000 -0.542053 -0.840344 0.000000 -0.542053 -0.878081 0.000000 -0.478512 -0.878081 0.000000 -0.478512 -0.911023 0.000000 -0.412356 -0.911023 0.000000 -0.412356 -0.938988 0.000000 -0.343949 -0.938988 0.000000 -0.343949 -0.961826 0.000000 -0.273663 -0.961826 0.000000 -0.273663 -0.979410 0.000000 -0.201882 -0.979410 0.000000 -0.201882 -0.991645 0.000000 -0.128999 -0.991645 0.000000 -0.128999 -0.998464 0.000000 -0.055411 -0.998464 0.000000 -0.055411 -0.999829 0.000000 0.018479 -0.999829 0.000000 0.018479 -0.995734 0.000000 0.092268 -0.995734 0.000000 0.092268 -0.986201 0.000000 0.165554 -0.986201 0.000000 0.165554 -0.971281 0.000000 0.237935 -0.971281 0.000000 0.237935 -0.951057 0.000000 0.309017 -0.951057 0.000000 0.309017 -0.925638 0.000000 0.378411 -0.925638 0.000000 0.378411 -0.895163 0.000000 0.445738 -0.895163 0.000000 0.445738 -0.859800 0.000000 0.510631 -0.859800 0.000000 0.510631 -0.819740 0.000000 0.572735 -0.819740 0.000000 0.572735 -0.775204 0.000000 0.631711 -0.775204 0.000000 0.631711 -0.726434 0.000000 0.687237 -0.726434 0.000000 0.687237 -0.673696 0.000000 0.739009 -0.673696 0.000000 0.739009 -0.617278 0.000000 0.786745 -0.617278 0.000000 0.786745 -0.557489 0.000000 0.830184 -0.557489 0.000000 0.830184 -0.494656 0.000000 0.869089 -0.494656 0.000000 0.869089 -0.429121 0.000000 0.903247 -0.429121 0.000000 0.903247 -0.361242 0.000000 0.932472 -0.361242 0.000000 0.932472 -0.291390 0.000000 0.956604 -0.291390 0.000000 0.956604 -0.219946 0.000000 0.975512 -0.219946 0.000000 0.975512 -0.147302 0.000000 0.989092 -0.147302 0.000000 0.989092 0.000000 1.000000 0.000000 0.000000 1.000000 0.000000 0.000000 1.000000 0.000000 0.000000 1.000000 0.000000 0.000000 1.000000 0.000000 0.000000 1.000000 0.000000 0.000000 1.000000 0.000000 0.000000 1.000000 0.000000 0.000000 1.000000 0.000000 0.000000 1.000000 0.000000 0.000000 1.000000 0.000000 0.000000 1.000000 0.000000 0.000000 1.000000 0.000000 0.000000 1.000000 0.000000 0.000000 1.000000 0.000000 0.000000 1.000000 0.000000 0.000000 1.000000 0.000000 0.000000 1.000000 0.000000 0.000000 1.000000 0.000000 0.000000 1.000000 0.000000 0.000000 1.000000 0.000000 0.000000 1.000000 0.000000 0.000000 1.000000 0.000000 0.000000 1.000000 0.000000 0.000000 1.000000 0.000000 0.000000 1.000000 0.000000 0.000000 1.000000 0.000000 0.000000 1.000000 0.000000 0.000000 1.000000 0.000000 0.000000 1.000000 0.000000 0.000000 1.000000 0.000000 0.000000 1.000000 0.000000 0.000000 1.000000 0.000000 0.000000 1.000000 0.000000 0.000000 1.000000 0.000000 0.000000 1.000000 0.000000 0.000000 1.000000 0.000000 0.000000 1.000000 0.000000 0.000000 1.000000 0.000000 0.000000 1.000000 0.000000 0.000000 1.000000 0.000000 0.000000 1.000000 0.000000 0.000000 1.000000 0.000000 0.000000 1.000000 0.000000 0.000000 1.000000 0.000000 0.000000 1.000000 0.000000 0.000000 1.000000 0.000000 0.000000 1.000000 0.000000 0.000000 1.000000 0.000000 0.000000 1.000000 0.000000 0.000000 1.000000 0.000000 0.000000 1.000000 0.000000 0.000000 1.000000 0.000000 0.000000 1.000000 0.000000 0.000000 1.000000 0.000000 0.000000 1.000000 0.000000 0.000000 1.000000 0.000000 0.000000 1.000000 0.000000 0.000000 1.000000 0.000000 0.000000 1.000000 0.000000 0.000000 1.000000 0.000000 0.000000 1.000000 0.000000 0.000000 1.000000 0.000000 0.000000 1.000000 0.000000 0.000000 1.000000 0.000000 0.000000 1.000000 0.000000 0.000000 1.000000 0.000000 0.000000 1.000000 0.000000 0.000000 1.000000 0.000000 0.000000 1.000000 0.000000 0.000000 1.000000 0.000000 0.000000 1.000000 0.000000 0.000000 1.000000 0.000000 0.000000 1.000000 0.000000 0.000000 1.000000 0.000000 0.000000 1.000000 0.000000 0.000000 1.000000 0.000000 0.000000 1.000000 0.000000 0.000000 1.000000 0.000000 0.000000 1.000000 0.000000 0.000000 1.000000 0.000000 0.000000 1.000000 0.000000 0.000000 1.000000 0.000000 0.000000 1.000000 0.000000 0.000000 1.000000 0.000000 0.000000 1.000000 0.000000 0.000000 1.000000 0.000000 0.000000 1.000000 0.000000 0.000000 1.000000 0.000000 0.000000 1.000000 0.000000 0.000000 1.000000 0.000000 0.000000 1.000000 0.000000 0.000000 1.000000 0.000000 0.000000 1.000000 0.000000 0.000000 1.000000 0.000000 0.000000 1.000000 0.000000 0.000000 1.000000 0.000000 0.000000 1.000000 0.000000 0.000000 1.000000 0.000000 0.000000 1.000000 0.000000 0.000000 1.000000 0.000000 0.000000 1.000000 0.000000 0.000000 1.000000 0.000000 0.000000 1.000000 0.000000 0.000000 1.000000 0.000000 0.000000 1.000000 0.000000 0.000000 1.000000 0.000000 0.000000 1.000000 0.000000 0.000000 1.000000 0.000000 0.000000 1.000000 0.000000 0.000000 1.000000 0.000000 0.000000 1.000000 0.000000 0.000000 1.000000 0.000000 0.000000 1.000000 0.000000 0.000000 1.000000 0.000000 0.000000 1.000000 0.000000 0.000000 1.000000 0.000000 -0.000000 -1.000000 -0.000000 -0.000000 -1.000000 -0.000000 -0.000000 -1.000000 -0.000000 -0.000000 -1.000000 -0.000000 -0.000000 -1.000000 -0.000000 -0.000000 -1.000000 -0.000000 -0.000000 -1.000000 -0.000000 -0.000000 -1.000000 -0.000000 -0.000000 -1.000000 -0.000000 -0.000000 -1.000000 -0.000000 -0.000000 -1.000000 -0.000000 -0.000000 -1.000000 -0.000000 -0.000000 -1.000000 -0.000000 -0.000000 -1.000000 -0.000000 -0.000000 -1.000000 -0.000000 -0.000000 -1.000000 -0.000000 -0.000000 -1.000000 -0.000000 -0.000000 -1.000000 -0.000000 -0.000000 -1.000000 -0.000000 -0.000000 -1.000000 -0.000000 -0.000000 -1.000000 -0.000000 -0.000000 -1.000000 -0.000000 -0.000000 -1.000000 -0.000000 -0.000000 -1.000000 -0.000000 -0.000000 -1.000000 -0.000000 -0.000000 -1.000000 -0.000000 -0.000000 -1.000000 -0.000000 -0.000000 -1.000000 -0.000000 -0.000000 -1.000000 -0.000000 -0.000000 -1.000000 -0.000000 -0.000000 -1.000000 -0.000000 -0.000000 -1.000000 -0.000000 -0.000000 -1.000000 -0.000000 -0.000000 -1.000000 -0.000000 -0.000000 -1.000000 -0.000000 -0.000000 -1.000000 -0.000000 -0.000000 -1.000000 -0.000000 -0.000000 -1.000000 -0.000000 -0.000000 -1.000000 -0.000000 -0.000000 -1.000000 -0.000000 -0.000000 -1.000000 -0.000000 -0.000000 -1.000000 -0.000000 -0.000000 -1.000000 -0.000000 -0.000000 -1.000000 -0.000000 -0.000000 -1.000000 -0.000000 -0.000000 -1.000000 -0.000000 -0.000000 -1.000000 -0.000000 -0.000000 -1.000000 -0.000000 -0.000000 -1.000000 -0.000000 -0.000000 -1.000000 -0.000000 -0.000000 -1.000000 -0.000000 -0.000000 -1.000000 -0.000000 -0.000000 -1.000000 -0.000000 -0.000000 -1.000000 -0.000000 -0.000000 -1.000000 -0.000000 -0.000000 -1.000000 -0.000000 -0.000000 -1.000000 -0.000000 -0.000000 -1.000000 -0.000000 -0.000000 -1.000000 -0.000000 -0.000000 -1.000000 -0.000000 -0.000000 -1.000000 -0.000000 -0.000000 -1.000000 -0.000000 -0.000000 -1.000000 -0.000000 -0.000000 -1.000000 -0.000000 -0.000000 -1.000000 -0.000000 -0.000000 -1.000000 -0.000000 -0.000000 -1.000000 -0.000000 -0.000000 -1.000000 -0.000000 -0.000000 -1.000000 -0.000000 -0.000000 -1.000000 -0.000000 -0.000000 -1.000000 -0.000000 -0.000000 -1.000000 -0.000000 -0.000000 -1.000000 -0.000000 -0.000000 -1.000000 -0.000000 -0.000000 -1.000000 -0.000000 -0.000000 -1.000000 -0.000000 -0.000000 -1.000000 -0.000000 -0.000000 -1.000000 -0.000000 -0.000000 -1.000000 -0.000000 -0.000000 -1.000000 -0.000000 -0.000000 -1.000000 -0.000000 -0.000000 -1.000000 -0.000000 -0.000000 -1.000000 -0.000000 -0.000000 -1.000000 -0.000000 -0.000000 -1.000000 -0.000000 -1.000000 -0.000000 -0.000000 -1.000000 -0.000000 -0.000000 -1.000000 -0.000000 -0.000000 -1.000000 -0.000000 -0.000000 -0.000000 -0.000000 1.000000 -0.000000 -0.000000 1.000000 -0.000000 -0.000000 1.000000 -0.000000 -0.000000 1.000000 -0.000000 -0.000000 1.000000 -0.000000 -0.000000 1.000000 -0.000000 -0.000000 1.000000 -0.000000 -0.000000 1.000000 -0.000000 -0.000000 1.000000 -0.000000 -0.000000 1.000000 -0.000000 -0.000000 1.000000 -0.000000 -0.000000 1.000000 -0.000000 -0.000000 1.000000 -0.000000 -0.000000 1.000000 -0.000000 -0.000000 1.000000 -0.000000 -0.000000 1.000000 -0.000000 -0.000000 1.000000 -0.000000 -0.000000 1.000000 -0.000000 -0.000000 1.000000 -0.000000 -0.000000 1.000000 -0.000000 -0.000000 1.000000 -0.000000 -0.000000 1.000000 -0.000000 -0.000000 1.000000 -0.000000 -0.000000 1.000000 -0.000000 -0.000000 1.000000 -0.000000 -0.000000 1.000000 -0.000000 -0.000000 1.000000 -0.000000 -0.000000 1.000000 -0.000000 -0.000000 1.000000 -0.000000 -0.000000 1.000000 -0.000000 -0.000000 1.000000 -0.000000 -0.000000 1.000000 -0.000000 -0.000000 1.000000 -0.000000 -0.000000 1.000000 -0.000000 -0.000000 1.000000 -0.000000 -0.000000 1.000000 -0.000000 -0.000000 1.000000 -0.000000 -0.000000 1.000000 -0.000000 -0.000000 1.000000 -0.000000 -0.000000 1.000000 -0.000000 -0.000000 1.000000 -0.000000 -0.000000 1.000000 -0.000000 -0.000000 1.000000 -0.000000 -0.000000 1.000000 -0.000000 -0.000000 1.000000 -0.000000 -0.000000 1.000000 -0.000000 -0.000000 1.000000 -0.000000 -0.000000 1.000000 -0.000000 -0.000000 1.000000 -0.000000 -0.000000 1.000000 -0.000000 -0.000000 1.000000 -0.000000 -0.000000 1.000000 -0.000000 -0.000000 1.000000 -0.000000 -0.000000 1.000000 -0.000000 -0.000000 1.000000 -0.000000 -0.000000 1.000000 -0.000000 -0.000000 1.000000 -0.000000 -0.000000 1.000000 -0.000000 -0.000000 1.000000 -0.000000 -0.000000 1.000000 -0.000000 -0.000000 1.000000 -0.000000 -0.000000 1.000000 -0.000000 -0.000000 1.000000 -0.000000 -0.000000 1.000000 -0.000000 -0.000000 1.000000 -0.000000 -0.000000 1.000000 -0.000000 -0.000000 1.000000 -0.000000 -0.000000 1.000000 -0.000000 -0.000000 1.000000 -0.000000 -0.000000 1.000000 -0.000000 -0.000000 1.000000 -0.000000 -0.000000 1.000000 -0.000000 -0.000000 1.000000 -0.000000 -0.000000 1.000000 -0.000000 -0.000000 1.000000 -0.000000 -0.000000 1.000000 -0.000000 -0.000000 1.000000 -0.000000 -0.000000 1.000000 -0.000000 -0.000000 1.000000 -0.000000 -0.000000 1.000000 -0.000000 -0.000000 1.000000 -0.000000 -0.000000 1.000000 -0.000000 -0.000000 1.000000 -0.000000 -0.000000 1.000000 -0.000000 -0.000000 1.000000 -0.000000 -0.000000 1.000000 -0.000000 -0.000000 1.000000 -0.000000 -0.000000 1.000000 -0.000000 -0.000000 1.000000 -0.000000 -0.000000 1.000000 -0.000000 -0.000000 1.000000 -0.000000 -0.000000 1.000000 -0.000000 -0.000000 1.000000 -0.000000 -0.000000 1.000000 -0.000000 -0.000000 1.000000 -0.000000 -0.000000 1.000000 -0.000000 -0.000000 1.000000 -0.000000 -0.000000 1.000000 -0.000000 -0.000000 1.000000 -0.000000 -0.000000 1.000000 -0.000000 -0.000000 1.000000 -0.000000 -0.000000 1.000000 -0.000000 -0.000000 1.000000 -0.000000 -0.000000 1.000000 -0.000000 -0.000000 1.000000 -0.000000 -0.000000 1.000000 -0.000000 -0.000000 1.000000 -0.000000 -0.000000 1.000000 -0.000000 -0.000000 1.000000 -0.000000 -0.000000 1.000000 -0.000000 -0.000000 1.000000 -0.000000 -0.000000 1.000000 -0.000000 -0.000000 1.000000 -0.000000 -0.000000 1.000000 -0.000000 -0.000000 1.000000 -0.000000 -0.000000 1.000000 -0.000000 -0.000000 1.000000 -0.000000 -0.000000 1.000000 -0.000000 -0.000000 1.000000 -0.000000 -0.000000 1.000000 -0.000000 -0.000000 1.000000 -0.000000 -0.000000 1.000000 -0.000000 -0.000000 1.000000 -0.000000 -0.000000 1.000000 -0.000000 -0.000000 1.000000 -0.000000 -0.000000 1.000000 -0.000000 -0.000000 1.000000 -0.000000 -0.000000 1.000000 -0.000000 -0.000000 1.000000 -0.000000 -0.000000 1.000000 -0.000000 -0.000000 1.000000 -0.000000 -0.000000 1.000000 -0.000000 -0.000000 1.000000 -0.000000 -0.000000 1.000000 -0.000000 -0.000000 1.000000 -0.000000 -0.000000 -1.000000 -0.000000 -0.000000 -1.000000 -0.000000 -0.000000 -1.000000 -0.000000 -0.000000 -1.000000 -0.000000 -0.000000 -1.000000 -0.000000 -0.000000 -1.000000 -0.000000 -0.000000 -1.000000 -0.000000 -0.000000 -1.000000 -0.000000 -0.000000 -1.000000 -0.000000 -0.000000 -1.000000 -0.000000 -0.000000 -1.000000 -0.000000 -0.000000 -1.000000 -0.000000 -0.000000 -1.000000 -0.000000 -0.000000 -1.000000 -0.000000 -0.000000 -1.000000 -0.000000 -0.000000 -1.000000 -0.000000 -0.000000 -1.000000 -0.000000 -0.000000 -1.000000 -0.000000 -0.000000 -1.000000 -0.000000 -0.000000 -1.000000 -0.000000 -0.000000 -1.000000 -0.000000 -0.000000 -1.000000 -0.000000 -0.000000 -1.000000 -0.000000 -0.000000 -1.000000 -0.000000 -0.000000 -1.000000 -0.000000 -0.000000 -1.000000 -0.000000 -0.000000 -1.000000 -0.000000 -0.000000 -1.000000 -0.000000 -0.000000 -1.000000 -0.000000 -0.000000 -1.000000 -0.000000 -0.000000 -1.000000 -0.000000 -0.000000 -1.000000 -0.000000 -0.000000 -1.000000 -0.000000 -0.000000 -1.000000 -0.000000 -0.000000 -1.000000 -0.000000 -0.000000 -1.000000 -0.000000 -0.000000 -1.000000 -0.000000 -0.000000 -1.000000 -0.000000 -0.000000 -1.000000 -0.000000 -0.000000 -1.000000 -0.000000 -0.000000 -1.000000 -0.000000 -0.000000 -1.000000 -0.000000 -0.000000 -1.000000 -0.000000 -0.000000 -1.000000 -0.000000 -0.000000 -1.000000 -0.000000 -0.000000 -1.000000 -0.000000 -0.000000 -1.000000 -0.000000 -0.000000 -1.000000 -0.000000 -0.000000 -1.000000 -0.000000 -0.000000 -1.000000 -0.000000 -0.000000 -1.000000 -0.000000 -0.000000 -1.000000 -0.000000 -0.000000 -1.000000 -0.000000 -0.000000 -1.000000 -0.000000 -0.000000 -1.000000 -0.000000 -0.000000 -1.000000 -0.000000 -0.000000 -1.000000 -0.000000 -0.000000 -1.000000 -0.000000 -0.000000 -1.000000 -0.000000 -0.000000 -1.000000 -0.000000 -0.000000 -1.000000 -0.000000 -0.000000 -1.000000 -0.000000 -0.000000 -1.000000 -0.000000 -0.000000 -1.000000 -0.000000 -0.000000 -1.000000 -0.000000 -0.000000 -1.000000 -0.000000 -0.000000 -1.000000 -0.000000 -0.000000 -1.000000 -0.000000 -0.000000 -1.000000 -0.734855 0.678225 0.000000 -0.734855 0.678225 0.000000 -0.756856 0.653582 0.000000 -0.756856 0.653582 0.000000 -0.778032 0.628225 0.000000 -0.778032 0.628225 0.000000 -0.798358 0.602183 0.000000 -0.798358 0.602183 0.000000 -0.817813 0.575484 0.000000 -0.817813 0.575484 0.000000 -0.836376 0.548157 0.000000 -0.836376 0.548157 0.000000 -0.854025 0.520231 0.000000 -0.854025 0.520231 0.000000 -0.870743 0.491738 0.000000 -0.870743 0.491738 0.000000 -0.886511 0.462708 0.000000 -0.886511 0.462708 0.000000 -0.901311 0.433174 0.000000 -0.901311 0.433174 0.000000 -0.915127 0.403166 0.000000 -0.915127 0.403166 0.000000 -0.988151 0.153484 -0.000000 -0.988151 0.153484 -0.000000 -0.970529 0.240986 -0.000000 -0.970529 0.240986 -0.000000 -0.945174 0.326569 -0.000000 -0.945174 0.326569 -0.000000 -0.912288 0.409549 -0.000000 -0.912288 0.409549 -0.000000 -0.872134 0.489267 -0.000000 -0.872134 0.489267 -0.000000 -0.825032 0.565087 -0.000000 -0.825032 0.565087 -0.000000 -0.771356 0.636404 -0.000000 -0.771356 0.636404 -0.000000 -0.711535 0.702651 -0.000000 -0.711535 0.702651 -0.000000 -0.646045 0.763300 -0.000000 -0.646045 0.763300 -0.000000 -0.575407 0.817867 -0.000000 -0.575407 0.817867 -0.000000 -0.500185 0.865918 -0.000000 -0.500185 0.865918 -0.000000 -0.420978 0.907071 -0.000000 -0.420978 0.907071 -0.000000 -0.338417 0.940996 -0.000000 -0.338417 0.940996 -0.000000 -0.253160 0.967424 -0.000000 -0.253160 0.967424 -0.000000 -0.165886 0.986145 -0.000000 -0.165886 0.986145 -0.000000 -0.077290 0.997009 -0.000000 -0.077290 0.997009 -0.000000 0.011922 0.999929 -0.000000 0.011922 0.999929 -0.000000 0.101038 0.994883 -0.000000 0.101038 0.994883 -0.000000 0.189350 0.981910 -0.000000 0.189350 0.981910 -0.000000 0.276153 0.961114 -0.000000 0.276153 0.961114 -0.000000 0.360756 0.932660 -0.000000 0.360756 0.932660 -0.000000 0.442484 0.896776 -0.000000 0.442484 0.896776 -0.000000 0.520688 0.853747 -0.000000 0.520688 0.853747 -0.000000 0.594743 0.803916 -0.000000 0.594743 0.803916 -0.000000 0.664059 0.747680 -0.000000 0.664059 0.747680 -0.000000 0.728085 0.685487 -0.000000 0.728085 0.685487 -0.000000 0.786309 0.617833 -0.000000 0.786309 0.617833 -0.000000 0.838270 0.545256 -0.000000 0.838270 0.545256 -0.000000 0.883551 0.468335 -0.000000 0.883551 0.468335 -0.000000 0.921793 0.387683 -0.000000 0.921793 0.387683 -0.000000 0.952691 0.303942 -0.000000 0.952691 0.303942 -0.000000 0.975998 0.217779 -0.000000 0.975998 0.217779 -0.000000 0.991530 0.129881 -0.000000 0.991530 0.129881 -0.000000 0.999161 0.040949 -0.000000 0.999161 0.040949 -0.000000 0.998832 -0.048310 -0.000000 0.998832 -0.048310 -0.000000 0.990546 -0.137184 -0.000000 0.990546 -0.137184 -0.000000 0.974367 -0.224965 -0.000000 0.974367 -0.224965 -0.000000 0.950425 -0.310954 -0.000000 0.950425 -0.310954 -0.000000 0.918911 -0.394465 -0.000000 0.918911 -0.394465 -0.000000 0.880076 -0.474833 -0.000000 0.880076 -0.474833 -0.000000 0.834229 -0.551418 -0.000000 0.834229 -0.551418 -0.000000 0.781735 -0.623610 -0.000000 0.781735 -0.623610 -0.000000 0.723013 -0.690834 -0.000000 0.723013 -0.690834 -0.000000 0.658531 -0.752553 -0.000000 0.658531 -0.752553 -0.000000 0.694699 -0.719300 0.000000 0.694699 -0.719300 0.000000 0.729191 -0.684310 0.000000 0.729191 -0.684310 0.000000 0.761922 -0.647669 0.000000 0.761922 -0.647669 0.000000 0.792814 -0.609464 0.000000 0.792814 -0.609464 0.000000 0.821792 -0.569788 0.000000 0.821792 -0.569788 0.000000 0.848786 -0.528736 0.000000 0.848786 -0.528736 0.000000 0.873732 -0.486408 0.000000 0.873732 -0.486408 0.000000 0.896568 -0.442906 0.000000 0.896568 -0.442906 0.000000 0.917240 -0.398335 0.000000 0.917240 -0.398335 0.000000 0.935698 -0.352803 0.000000 0.935698 -0.352803 0.000000 0.951897 -0.306418 0.000000 0.951897 -0.306418 0.000000 0.965798 -0.259294 0.000000 0.965798 -0.259294 0.000000 0.977368 -0.211544 0.000000 0.977368 -0.211544 0.000000 0.986579 -0.163284 0.000000 0.986579 -0.163284 0.000000 0.995185 0.098017 0.000000 0.995185 0.098017 0.000000 1.000000 0.000000 0.000000 1.000000 0.000000 0.000000 0.995185 -0.098017 0.000000 0.995185 -0.098017 0.000000 0.980785 -0.195090 0.000000 0.980785 -0.195090 0.000000 0.956940 -0.290285 0.000000 0.956940 -0.290285 0.000000 0.923880 -0.382683 0.000000 0.923880 -0.382683 0.000000 0.881921 -0.471397 0.000000 0.881921 -0.471397 0.000000 0.831470 -0.555570 0.000000 0.831470 -0.555570 0.000000 0.773010 -0.634393 0.000000 0.773010 -0.634393 0.000000 0.707107 -0.707107 0.000000 0.707107 -0.707107 0.000000 0.634393 -0.773010 0.000000 0.634393 -0.773010 0.000000 0.555570 -0.831470 0.000000 0.555570 -0.831470 0.000000 0.471397 -0.881921 0.000000 0.471397 -0.881921 0.000000 0.382683 -0.923880 0.000000 0.382683 -0.923880 0.000000 0.290285 -0.956940 0.000000 0.290285 -0.956940 0.000000 0.195090 -0.980785 0.000000 0.195090 -0.980785 0.000000 0.098017 -0.995185 0.000000 0.098017 -0.995185 0.000000 -0.000000 -1.000000 0.000000 -0.000000 -1.000000 0.000000 -0.098017 -0.995185 0.000000 -0.098017 -0.995185 0.000000 -0.195090 -0.980785 0.000000 -0.195090 -0.980785 0.000000 -0.290285 -0.956940 0.000000 -0.290285 -0.956940 0.000000 -0.382683 -0.923880 0.000000 -0.382683 -0.923880 0.000000 -0.471397 -0.881921 0.000000 -0.471397 -0.881921 0.000000 -0.555570 -0.831470 0.000000 -0.555570 -0.831470 0.000000 -0.634393 -0.773010 0.000000 -0.634393 -0.773010 0.000000 -0.707107 -0.707107 0.000000 -0.707107 -0.707107 0.000000 -0.773010 -0.634393 0.000000 -0.773010 -0.634393 0.000000 -0.831470 -0.555570 0.000000 -0.831470 -0.555570 0.000000 -0.881921 -0.471397 0.000000 -0.881921 -0.471397 0.000000 -0.923880 -0.382683 0.000000 -0.923880 -0.382683 0.000000 -0.956940 -0.290285 0.000000 -0.956940 -0.290285 0.000000 -0.980785 -0.195090 0.000000 -0.980785 -0.195090 0.000000 -0.995185 -0.098017 0.000000 -0.995185 -0.098017 0.000000 -1.000000 -0.000000 0.000000 -1.000000 -0.000000 0.000000 -0.995185 0.098017 0.000000 -0.995185 0.098017 0.000000 -0.980785 0.195090 0.000000 -0.980785 0.195090 0.000000 -0.956940 0.290285 0.000000 -0.956940 0.290285 0.000000 -0.923880 0.382683 0.000000 -0.923880 0.382683 0.000000 -0.881921 0.471397 0.000000 -0.881921 0.471397 0.000000 -0.831470 0.555570 0.000000 -0.831470 0.555570 0.000000 -0.773010 0.634393 0.000000 -0.773010 0.634393 0.000000 -0.707107 0.707107 0.000000 -0.707107 0.707107 0.000000 -0.634393 0.773010 0.000000 -0.634393 0.773010 0.000000 -0.555570 0.831470 0.000000 -0.555570 0.831470 0.000000 -0.471397 0.881921 0.000000 -0.471397 0.881921 0.000000 -0.382683 0.923880 0.000000 -0.382683 0.923880 0.000000 -0.290285 0.956940 0.000000 -0.290285 0.956940 0.000000 -0.195090 0.980785 0.000000 -0.195090 0.980785 0.000000 -0.098017 0.995185 0.000000 -0.098017 0.995185 0.000000 -0.000000 1.000000 0.000000 0.000000 1.000000 0.000000 0.098017 0.995185 0.000000 0.098017 0.995185 0.000000 0.195090 0.980785 0.000000 0.195090 0.980785 0.000000 0.290285 0.956940 0.000000 0.290285 0.956940 0.000000 0.382683 0.923880 0.000000 0.382683 0.923880 0.000000 0.471397 0.881921 0.000000 0.471397 0.881921 0.000000 0.555570 0.831470 0.000000 0.555570 0.831470 0.000000 0.634393 0.773010 0.000000 0.634393 0.773010 0.000000 0.707107 0.707107 0.000000 0.707107 0.707107 0.000000 0.773010 0.634393 0.000000 0.773010 0.634393 0.000000 0.831470 0.555570 0.000000 0.831470 0.555570 0.000000 0.881921 0.471397 0.000000 0.881921 0.471397 0.000000 0.923880 0.382683 0.000000 0.923880 0.382683 0.000000 0.956940 0.290285 0.000000 0.956940 0.290285 0.000000 0.980785 0.195090 0.000000 0.980785 0.195090 0.000000 0.000000 0.000000 1.000000 0.000000 0.000000 1.000000 0.000000 0.000000 1.000000 0.000000 0.000000 1.000000 0.000000 0.000000 1.000000 0.000000 0.000000 1.000000 0.000000 0.000000 1.000000 0.000000 0.000000 1.000000 0.000000 0.000000 1.000000 0.000000 0.000000 1.000000 0.000000 0.000000 1.000000 0.000000 0.000000 1.000000 0.000000 0.000000 1.000000 0.000000 0.000000 1.000000 0.000000 0.000000 1.000000 0.000000 0.000000 1.000000 0.000000 0.000000 1.000000 0.000000 0.000000 1.000000 0.000000 0.000000 1.000000 0.000000 0.000000 1.000000 0.000000 0.000000 1.000000 0.000000 0.000000 1.000000 0.000000 0.000000 1.000000 0.000000 0.000000 1.000000 0.000000 0.000000 1.000000 0.000000 0.000000 1.000000 0.000000 0.000000 1.000000 0.000000 0.000000 1.000000 0.000000 0.000000 1.000000 0.000000 0.000000 1.000000 0.000000 0.000000 1.000000 0.000000 0.000000 1.000000 0.000000 0.000000 1.000000 0.000000 0.000000 1.000000 0.000000 0.000000 1.000000 0.000000 0.000000 1.000000 0.000000 0.000000 1.000000 0.000000 0.000000 1.000000 0.000000 0.000000 1.000000 0.000000 0.000000 1.000000 0.000000 0.000000 1.000000 0.000000 0.000000 1.000000 0.000000 0.000000 1.000000 0.000000 0.000000 1.000000 0.000000 0.000000 1.000000 0.000000 0.000000 1.000000 0.000000 0.000000 1.000000 0.000000 0.000000 1.000000 0.000000 0.000000 1.000000 0.000000 0.000000 1.000000 0.000000 0.000000 1.000000 0.000000 0.000000 1.000000 0.000000 0.000000 1.000000 0.000000 0.000000 1.000000 0.000000 0.000000 1.000000 0.000000 0.000000 1.000000 0.000000 0.000000 1.000000 0.000000 0.000000 1.000000 0.000000 0.000000 1.000000 0.000000 0.000000 1.000000 0.000000 0.000000 1.000000 0.000000 0.000000 1.000000 0.000000 0.000000 1.000000 0.000000 0.000000 1.000000 0.000000 0.000000 1.000000 0.000000 0.000000 1.000000 0.000000 0.000000 1.000000 0.000000 0.000000 1.000000 0.000000 0.000000 1.000000 0.000000 0.000000 1.000000 0.000000 0.000000 1.000000 0.000000 0.000000 1.000000 0.000000 0.000000 1.000000 0.000000 0.000000 1.000000 0.000000 0.000000 1.000000 0.000000 0.000000 1.000000 0.000000 0.000000 1.000000 0.000000 0.000000 1.000000 0.000000 0.000000 1.000000 0.000000 0.000000 1.000000 0.000000 0.000000 1.000000 0.000000 0.000000 1.000000 0.000000 0.000000 1.000000 0.000000 0.000000 1.000000 0.000000 0.000000 1.000000 0.000000 0.000000 1.000000 0.000000 0.000000 1.000000 0.000000 0.000000 1.000000 0.000000 0.000000 1.000000 0.000000 0.000000 1.000000 0.000000 0.000000 1.000000 0.000000 0.000000 1.000000 0.000000 0.000000 1.000000 0.000000 0.000000 1.000000 0.000000 0.000000 1.000000 0.000000 0.000000 1.000000 0.000000 0.000000 1.000000 0.000000 0.000000 1.000000 0.000000 0.000000 1.000000 0.000000 0.000000 1.000000 0.000000 0.000000 1.000000 0.000000 0.000000 1.000000 0.000000 0.000000 1.000000 0.000000 0.000000 1.000000 0.000000 0.000000 1.000000 0.000000 0.000000 1.000000 0.000000 0.000000 1.000000 0.000000 0.000000 1.000000 0.000000 0.000000 1.000000 0.000000 0.000000 1.000000 0.000000 0.000000 1.000000 0.000000 0.000000 1.000000 0.000000 0.000000 1.000000 0.000000 0.000000 1.000000 0.000000 0.000000 1.000000 0.000000 0.000000 1.000000 0.000000 0.000000 1.000000 0.000000 0.000000 1.000000 0.000000 0.000000 1.000000 0.000000 0.000000 1.000000 0.000000 0.000000 1.000000 0.000000 0.000000 1.000000 0.000000 0.000000 1.000000 0.000000 0.000000 1.000000 0.000000 0.000000 1.000000 0.000000 0.000000 1.000000 0.000000 0.000000 1.000000 0.000000 0.000000 1.000000 0.000000 0.000000 1.000000 0.000000 0.000000 1.000000 0.000000 0.000000 1.000000 0.000000 0.000000 1.000000 0.000000 0.000000 1.000000 0.000000 0.000000 1.000000 0.000000 0.000000 1.000000 0.000000 0.000000 1.000000 0.000000 0.000000 1.000000 0.000000 0.000000 1.000000 0.000000 0.000000 1.000000 0.000000 0.000000 1.000000 0.000000 0.000000 1.000000 0.000000 0.000000 1.000000 0.000000 0.000000 1.000000 0.000000 0.000000 1.000000 0.000000 0.000000 1.000000 0.000000 0.000000 1.000000 0.000000 0.000000 1.000000 0.000000 0.000000 1.000000 0.000000 0.000000 1.000000 0.000000 0.000000 1.000000 0.000000 0.000000 1.000000 0.000000 0.000000 1.000000 0.000000 0.000000 1.000000 0.000000 0.000000 1.000000 0.000000 0.000000 1.000000 0.000000 0.000000 1.000000 0.000000 0.000000 1.000000 0.000000 0.000000 1.000000 0.000000 0.000000 1.000000 0.000000 0.000000 1.000000 0.000000 0.000000 1.000000 0.000000 0.000000 1.000000 0.000000 0.000000 1.000000 0.000000 0.000000 1.000000 0.000000 0.000000 1.000000 0.000000 0.000000 1.000000 0.000000 0.000000 1.000000 0.000000 0.000000 1.000000 0.000000 0.000000 1.000000 0.000000 0.000000 1.000000 0.000000 0.000000 1.000000 0.000000 0.000000 1.000000 0.000000 0.000000 1.000000 0.000000 0.000000 1.000000 0.000000 0.000000 1.000000 0.000000 0.000000 1.000000 0.000000 0.000000 1.000000 0.000000 0.000000 1.000000 0.000000 0.000000 1.000000 0.000000 0.000000 1.000000 0.000000 0.000000 1.000000 0.000000 0.000000 1.000000 0.000000 0.000000 1.000000 0.000000 0.000000 1.000000 0.000000 0.000000 1.000000 0.000000 0.000000 1.000000 0.000000 0.000000 1.000000 0.000000 0.000000 1.000000 0.000000 0.000000 1.000000 0.000000 0.000000 1.000000 0.000000 0.000000 1.000000 0.000000 0.000000 1.000000 0.000000 0.000000 1.000000 0.000000 0.000000 1.000000 0.000000 0.000000 1.000000 0.000000 0.000000 1.000000 0.000000 0.000000 1.000000 0.000000 0.000000 1.000000 0.000000 0.000000 1.000000 0.000000 0.000000 1.000000 0.000000 0.000000 1.000000 0.000000 0.000000 1.000000 0.000000 0.000000 1.000000 0.000000 0.000000 1.000000 0.000000 0.000000 1.000000 0.000000 0.000000 1.000000 0.000000 0.000000 1.000000 0.000000 0.000000 1.000000 0.000000 0.000000 1.000000 0.000000 0.000000 1.000000 0.000000 0.000000 1.000000 0.000000 0.000000 1.000000 0.000000 0.000000 1.000000 0.000000 0.000000 1.000000 0.000000 0.000000 1.000000 0.000000 0.000000 1.000000 0.000000 0.000000 1.000000 0.000000 0.000000 1.000000 0.000000 0.000000 1.000000 0.000000 0.000000 1.000000 0.000000 0.000000 1.000000 0.000000 0.000000 1.000000 0.000000 0.000000 1.000000 0.000000 0.000000 1.000000 0.000000 0.000000 1.000000 0.000000 0.000000 1.000000 0.000000 0.000000 1.000000 0.000000 0.000000 1.000000 0.000000 0.000000 1.000000 0.000000 0.000000 1.000000 0.000000 0.000000 1.000000 0.000000 0.000000 1.000000 0.000000 0.000000 1.000000 0.000000 0.000000 1.000000 0.000000 0.000000 1.000000 0.000000 0.000000 1.000000 0.000000 0.000000 1.000000 0.000000 0.000000 1.000000 0.000000 0.000000 1.000000 0.000000 0.000000 1.000000 0.000000 0.000000 1.000000 0.000000 0.000000 1.000000 0.000000 0.000000 1.000000 0.000000 0.000000 1.000000 0.000000 0.000000 1.000000 0.000000 0.000000 1.000000 0.000000 0.000000 1.000000 0.000000 0.000000 1.000000 0.000000 0.000000 1.000000 0.000000 0.000000 1.000000 0.000000 0.000000 1.000000 0.000000 0.000000 1.000000 0.000000 0.000000 1.000000 0.000000 0.000000 1.000000 0.000000 0.000000 1.000000 0.000000 0.000000 1.000000 0.000000 0.000000 1.000000 0.000000 0.000000 1.000000 0.000000 0.000000 1.000000 0.000000 0.000000 1.000000 0.000000 0.000000 1.000000 0.000000 0.000000 1.000000 0.000000 0.000000 1.000000 0.000000 0.000000 1.000000 0.000000 0.000000 1.000000 0.000000 0.000000 1.000000 0.000000 0.000000 1.000000 0.000000 0.000000 1.000000 0.000000 0.000000 1.000000 0.000000 0.000000 1.000000 0.000000 0.000000 1.000000 0.000000 0.000000 1.000000 0.000000 0.000000 1.000000 0.000000 0.000000 1.000000 0.000000 0.000000 1.000000 0.000000 0.000000 1.000000 0.000000 0.000000 1.000000 0.000000 0.000000 1.000000 0.000000 0.000000 1.000000 0.000000 0.000000 1.000000 0.000000 0.000000 1.000000 0.000000 0.000000 1.000000 0.000000 0.000000 1.000000 0.000000 0.000000 1.000000 0.000000 0.000000 1.000000 0.000000 0.000000 1.000000 0.000000 0.000000 1.000000 0.000000 0.000000 1.000000 0.000000 0.000000 1.000000 0.000000 0.000000 1.000000 0.000000 0.000000 1.000000 0.000000 0.000000 1.000000 0.000000 0.000000 1.000000 0.000000 0.000000 1.000000 0.000000 0.000000 1.000000 0.000000 0.000000 1.000000 0.000000 0.000000 1.000000 0.000000 0.000000 1.000000 0.000000 0.000000 1.000000 0.000000 0.000000 1.000000 0.000000 0.000000 1.000000 0.000000 0.000000 1.000000 0.000000 0.000000 1.000000 0.000000 0.000000 1.000000 -0.965926 0.258819 0.000000 -0.965926 0.258819 0.000000 -1.000000 -0.000000 0.000000 -1.000000 -0.000000 0.000000 -0.965926 -0.258819 0.000000 -0.965926 -0.258819 0.000000 -0.866025 -0.500000 0.000000 -0.866025 -0.500000 0.000000 -0.707107 -0.707107 0.000000 -0.707107 -0.707107 0.000000 -0.500000 -0.866025 0.000000 -0.500000 -0.866025 0.000000 -0.258819 -0.965926 0.000000 -0.258819 -0.965926 0.000000 -0.000000 -1.000000 0.000000 -0.000000 -1.000000 0.000000 0.258819 -0.965926 0.000000 0.258819 -0.965926 0.000000 0.500000 -0.866025 0.000000 0.500000 -0.866025 0.000000 0.707107 -0.707107 0.000000 0.707107 -0.707107 0.000000 0.866025 -0.500000 0.000000 0.866025 -0.500000 0.000000 0.965926 -0.258819 0.000000 0.965926 -0.258819 0.000000 1.000000 -0.000000 0.000000 1.000000 -0.000000 0.000000 0.965926 0.258819 0.000000 0.965926 0.258819 0.000000 0.866025 0.500000 0.000000 0.866025 0.500000 0.000000 0.707107 0.707107 0.000000 0.707107 0.707107 0.000000 0.500000 0.866025 0.000000 0.500000 0.866025 0.000000 0.258819 0.965926 0.000000 0.258819 0.965926 0.000000 -0.000000 1.000000 0.000000 -0.000000 1.000000 0.000000 -0.258819 0.965926 0.000000 -0.258819 0.965926 0.000000 -0.500000 0.866025 0.000000 -0.500000 0.866025 0.000000 -0.707107 0.707107 0.000000 -0.707107 0.707107 0.000000 -0.866025 0.500000 0.000000 -0.866025 0.500000 0.000000 -0.965926 -0.258819 0.000000 -1.000000 -0.000000 0.000000 -0.965926 0.258819 0.000000 -0.866025 0.500000 0.000000 -0.707107 0.707107 0.000000 -0.500000 0.866025 0.000000 -0.258819 0.965926 0.000000 -0.000000 1.000000 0.000000 0.258819 0.965926 0.000000 0.500000 0.866025 0.000000 0.707107 0.707107 0.000000 0.866025 0.500000 0.000000 0.965926 0.258819 0.000000 1.000000 0.000000 0.000000 0.965926 -0.258819 0.000000 0.866025 -0.500000 0.000000 0.707107 -0.707107 0.000000 0.500000 -0.866025 0.000000 0.258819 -0.965926 0.000000 -0.000000 -1.000000 0.000000 -0.258819 -0.965926 0.000000 -0.500000 -0.866025 0.000000 -0.707107 -0.707107 0.000000 -0.866025 -0.500000 0.000000 0.000000 0.000000 1.000000 0.000000 0.000000 1.000000 0.000000 0.000000 1.000000 0.000000 0.000000 1.000000 0.000000 0.000000 1.000000 0.000000 0.000000 1.000000 0.000000 0.000000 1.000000 0.000000 0.000000 1.000000 0.000000 0.000000 1.000000 0.000000 0.000000 1.000000 0.000000 0.000000 1.000000 0.000000 0.000000 1.000000 0.000000 0.000000 1.000000 0.000000 0.000000 1.000000 0.000000 0.000000 1.000000 0.000000 0.000000 1.000000 0.000000 0.000000 1.000000 0.000000 0.000000 1.000000 0.000000 0.000000 1.000000 0.000000 0.000000 1.000000 0.000000 0.000000 1.000000 0.000000 0.000000 1.000000 0.000000 0.000000 1.000000 0.000000 0.000000 1.000000 -0.965926 0.258819 0.000000 -0.965926 0.258819 0.000000 -1.000000 -0.000000 0.000000 -1.000000 -0.000000 0.000000 -0.965926 -0.258819 0.000000 -0.965926 -0.258819 0.000000 -0.866025 -0.500000 0.000000 -0.866025 -0.500000 0.000000 -0.707107 -0.707107 0.000000 -0.707107 -0.707107 0.000000 -0.500000 -0.866025 0.000000 -0.500000 -0.866025 0.000000 -0.258819 -0.965926 0.000000 -0.258819 -0.965926 0.000000 -0.000000 -1.000000 0.000000 -0.000000 -1.000000 0.000000 0.258819 -0.965926 0.000000 0.258819 -0.965926 0.000000 0.500000 -0.866025 0.000000 0.500000 -0.866025 0.000000 0.707107 -0.707107 0.000000 0.707107 -0.707107 0.000000 0.866025 -0.500000 0.000000 0.866025 -0.500000 0.000000 0.965926 -0.258819 0.000000 0.965926 -0.258819 0.000000 1.000000 -0.000000 0.000000 1.000000 -0.000000 0.000000 0.965926 0.258819 0.000000 0.965926 0.258819 0.000000 0.866025 0.500000 0.000000 0.866025 0.500000 0.000000 0.707107 0.707107 0.000000 0.707107 0.707107 0.000000 0.500000 0.866025 0.000000 0.500000 0.866025 0.000000 0.258819 0.965926 0.000000 0.258819 0.965926 0.000000 -0.000000 1.000000 0.000000 -0.000000 1.000000 0.000000 -0.258819 0.965926 0.000000 -0.258819 0.965926 0.000000 -0.500000 0.866025 0.000000 -0.500000 0.866025 0.000000 -0.707107 0.707107 0.000000 -0.707107 0.707107 0.000000 -0.866025 0.500000 0.000000 -0.866025 0.500000 0.000000 -0.965926 -0.258819 0.000000 -1.000000 -0.000000 0.000000 -0.965926 0.258819 0.000000 -0.866025 0.500000 0.000000 -0.707107 0.707107 0.000000 -0.500000 0.866025 0.000000 -0.258819 0.965926 0.000000 -0.000000 1.000000 0.000000 0.258819 0.965926 0.000000 0.500000 0.866025 0.000000 0.707107 0.707107 0.000000 0.866025 0.500000 0.000000 0.965926 0.258819 0.000000 1.000000 0.000000 0.000000 0.965926 -0.258819 0.000000 0.866025 -0.500000 0.000000 0.707107 -0.707107 0.000000 0.500000 -0.866025 0.000000 0.258819 -0.965926 0.000000 -0.000000 -1.000000 0.000000 -0.258819 -0.965926 0.000000 -0.500000 -0.866025 0.000000 -0.707107 -0.707107 0.000000 -0.866025 -0.500000 0.000000 0.000000 0.000000 1.000000 0.000000 0.000000 1.000000 0.000000 0.000000 1.000000 0.000000 0.000000 1.000000 0.000000 0.000000 1.000000 0.000000 0.000000 1.000000 0.000000 0.000000 1.000000 0.000000 0.000000 1.000000 0.000000 0.000000 1.000000 0.000000 0.000000 1.000000 0.000000 0.000000 1.000000 0.000000 0.000000 1.000000 0.000000 0.000000 1.000000 0.000000 0.000000 1.000000 0.000000 0.000000 1.000000 0.000000 0.000000 1.000000 0.000000 0.000000 1.000000 0.000000 0.000000 1.000000 0.000000 0.000000 1.000000 0.000000 0.000000 1.000000 0.000000 0.000000 1.000000 0.000000 0.000000 1.000000 0.000000 0.000000 1.000000 0.000000 0.000000 1.000000 -0.965926 0.258819 0.000000 -0.965926 0.258819 0.000000 -1.000000 -0.000000 0.000000 -1.000000 -0.000000 0.000000 -0.965926 -0.258819 0.000000 -0.965926 -0.258819 0.000000 -0.866025 -0.500000 0.000000 -0.866025 -0.500000 0.000000 -0.707107 -0.707107 0.000000 -0.707107 -0.707107 0.000000 -0.500000 -0.866025 0.000000 -0.500000 -0.866025 0.000000 -0.258819 -0.965926 0.000000 -0.258819 -0.965926 0.000000 -0.000000 -1.000000 0.000000 -0.000000 -1.000000 0.000000 0.258819 -0.965926 0.000000 0.258819 -0.965926 0.000000 0.500000 -0.866025 0.000000 0.500000 -0.866025 0.000000 0.707107 -0.707107 0.000000 0.707107 -0.707107 0.000000 0.866025 -0.500000 0.000000 0.866025 -0.500000 0.000000 0.965926 -0.258819 0.000000 0.965926 -0.258819 0.000000 1.000000 -0.000000 0.000000 1.000000 -0.000000 0.000000 0.965926 0.258819 0.000000 0.965926 0.258819 0.000000 0.866025 0.500000 0.000000 0.866025 0.500000 0.000000 0.707107 0.707107 0.000000 0.707107 0.707107 0.000000 0.500000 0.866025 0.000000 0.500000 0.866025 0.000000 0.258819 0.965926 0.000000 0.258819 0.965926 0.000000 -0.000000 1.000000 0.000000 -0.000000 1.000000 0.000000 -0.258819 0.965926 0.000000 -0.258819 0.965926 0.000000 -0.500000 0.866025 0.000000 -0.500000 0.866025 0.000000 -0.707107 0.707107 0.000000 -0.707107 0.707107 0.000000 -0.866025 0.500000 0.000000 -0.866025 0.500000 0.000000 -0.965926 -0.258819 0.000000 -1.000000 -0.000000 0.000000 -0.965926 0.258819 0.000000 -0.866025 0.500000 0.000000 -0.707107 0.707107 0.000000 -0.500000 0.866025 0.000000 -0.258819 0.965926 0.000000 -0.000000 1.000000 0.000000 0.258819 0.965926 0.000000 0.500000 0.866025 0.000000 0.707107 0.707107 0.000000 0.866025 0.500000 0.000000 0.965926 0.258819 0.000000 1.000000 0.000000 0.000000 0.965926 -0.258819 0.000000 0.866025 -0.500000 0.000000 0.707107 -0.707107 0.000000 0.500000 -0.866025 0.000000 0.258819 -0.965926 0.000000 -0.000000 -1.000000 0.000000 -0.258819 -0.965926 0.000000 -0.500000 -0.866025 0.000000 -0.707107 -0.707107 0.000000 -0.866025 -0.500000 0.000000 0.000000 0.000000 1.000000 0.000000 0.000000 1.000000 0.000000 0.000000 1.000000 0.000000 0.000000 1.000000 0.000000 0.000000 1.000000 0.000000 0.000000 1.000000 0.000000 0.000000 1.000000 0.000000 0.000000 1.000000 0.000000 0.000000 1.000000 0.000000 0.000000 1.000000 0.000000 0.000000 1.000000 0.000000 0.000000 1.000000 0.000000 0.000000 1.000000 0.000000 0.000000 1.000000 0.000000 0.000000 1.000000 0.000000 0.000000 1.000000 0.000000 0.000000 1.000000 0.000000 0.000000 1.000000 0.000000 0.000000 1.000000 0.000000 0.000000 1.000000 0.000000 0.000000 1.000000 0.000000 0.000000 1.000000 0.000000 0.000000 1.000000 0.000000 0.000000 1.000000 -0.965926 0.258819 0.000000 -0.965926 0.258819 0.000000 -1.000000 -0.000000 0.000000 -1.000000 -0.000000 0.000000 -0.965926 -0.258819 0.000000 -0.965926 -0.258819 0.000000 -0.866025 -0.500000 0.000000 -0.866025 -0.500000 0.000000 -0.707107 -0.707107 0.000000 -0.707107 -0.707107 0.000000 -0.500000 -0.866025 0.000000 -0.500000 -0.866025 0.000000 -0.258819 -0.965926 0.000000 -0.258819 -0.965926 0.000000 -0.000000 -1.000000 0.000000 -0.000000 -1.000000 0.000000 0.258819 -0.965926 0.000000 0.258819 -0.965926 0.000000 0.500000 -0.866025 0.000000 0.500000 -0.866025 0.000000 0.707107 -0.707107 0.000000 0.707107 -0.707107 0.000000 0.866025 -0.500000 0.000000 0.866025 -0.500000 0.000000 0.965926 -0.258819 0.000000 0.965926 -0.258819 0.000000 1.000000 -0.000000 0.000000 1.000000 -0.000000 0.000000 0.965926 0.258819 0.000000 0.965926 0.258819 0.000000 0.866025 0.500000 0.000000 0.866025 0.500000 0.000000 0.707107 0.707107 0.000000 0.707107 0.707107 0.000000 0.500000 0.866025 0.000000 0.500000 0.866025 0.000000 0.258819 0.965926 0.000000 0.258819 0.965926 0.000000 -0.000000 1.000000 0.000000 -0.000000 1.000000 0.000000 -0.258819 0.965926 0.000000 -0.258819 0.965926 0.000000 -0.500000 0.866025 0.000000 -0.500000 0.866025 0.000000 -0.707107 0.707107 0.000000 -0.707107 0.707107 0.000000 -0.866025 0.500000 0.000000 -0.866025 0.500000 0.000000 -0.965926 -0.258819 0.000000 -1.000000 -0.000000 0.000000 -0.965926 0.258819 0.000000 -0.866025 0.500000 0.000000 -0.707107 0.707107 0.000000 -0.500000 0.866025 0.000000 -0.258819 0.965926 0.000000 -0.000000 1.000000 0.000000 0.258819 0.965926 0.000000 0.500000 0.866025 0.000000 0.707107 0.707107 0.000000 0.866025 0.500000 0.000000 0.965926 0.258819 0.000000 1.000000 0.000000 0.000000 0.965926 -0.258819 0.000000 0.866025 -0.500000 0.000000 0.707107 -0.707107 0.000000 0.500000 -0.866025 0.000000 0.258819 -0.965926 0.000000 -0.000000 -1.000000 0.000000 -0.258819 -0.965926 0.000000 -0.500000 -0.866025 0.000000 -0.707107 -0.707107 0.000000 -0.866025 -0.500000 0.000000 0.000000 0.000000 1.000000 0.000000 0.000000 1.000000 0.000000 0.000000 1.000000 0.000000 0.000000 1.000000 0.000000 0.000000 1.000000 0.000000 0.000000 1.000000 0.000000 0.000000 1.000000 0.000000 0.000000 1.000000 0.000000 0.000000 1.000000 0.000000 0.000000 1.000000 0.000000 0.000000 1.000000 0.000000 0.000000 1.000000 0.000000 0.000000 1.000000 0.000000 0.000000 1.000000 0.000000 0.000000 1.000000 0.000000 0.000000 1.000000 0.000000 0.000000 1.000000 0.000000 0.000000 1.000000 0.000000 0.000000 1.000000 0.000000 0.000000 1.000000 0.000000 0.000000 1.000000 0.000000 0.000000 1.000000 0.000000 0.000000 1.000000 0.000000 0.000000 1.000000 -0.965926 0.258819 0.000000 -0.965926 0.258819 0.000000 -1.000000 -0.000000 0.000000 -1.000000 -0.000000 0.000000 -0.965926 -0.258819 0.000000 -0.965926 -0.258819 0.000000 -0.866025 -0.500000 0.000000 -0.866025 -0.500000 0.000000 -0.707107 -0.707107 0.000000 -0.707107 -0.707107 0.000000 -0.500000 -0.866025 0.000000 -0.500000 -0.866025 0.000000 -0.258819 -0.965926 0.000000 -0.258819 -0.965926 0.000000 -0.000000 -1.000000 0.000000 -0.000000 -1.000000 0.000000 0.258819 -0.965926 0.000000 0.258819 -0.965926 0.000000 0.500000 -0.866025 0.000000 0.500000 -0.866025 0.000000 0.707107 -0.707107 0.000000 0.707107 -0.707107 0.000000 0.866025 -0.500000 0.000000 0.866025 -0.500000 0.000000 0.965926 -0.258819 0.000000 0.965926 -0.258819 0.000000 1.000000 -0.000000 0.000000 1.000000 -0.000000 0.000000 0.965926 0.258819 0.000000 0.965926 0.258819 0.000000 0.866025 0.500000 0.000000 0.866025 0.500000 0.000000 0.707107 0.707107 0.000000 0.707107 0.707107 0.000000 0.500000 0.866025 0.000000 0.500000 0.866025 0.000000 0.258819 0.965926 0.000000 0.258819 0.965926 0.000000 -0.000000 1.000000 0.000000 -0.000000 1.000000 0.000000 -0.258819 0.965926 0.000000 -0.258819 0.965926 0.000000 -0.500000 0.866025 0.000000 -0.500000 0.866025 0.000000 -0.707107 0.707107 0.000000 -0.707107 0.707107 0.000000 -0.866025 0.500000 0.000000 -0.866025 0.500000 0.000000 -0.965926 -0.258819 0.000000 -1.000000 -0.000000 0.000000 -0.965926 0.258819 0.000000 -0.866025 0.500000 0.000000 -0.707107 0.707107 0.000000 -0.500000 0.866025 0.000000 -0.258819 0.965926 0.000000 -0.000000 1.000000 0.000000 0.258819 0.965926 0.000000 0.500000 0.866025 0.000000 0.707107 0.707107 0.000000 0.866025 0.500000 0.000000 0.965926 0.258819 0.000000 1.000000 0.000000 0.000000 0.965926 -0.258819 0.000000 0.866025 -0.500000 0.000000 0.707107 -0.707107 0.000000 0.500000 -0.866025 0.000000 0.258819 -0.965926 0.000000 -0.000000 -1.000000 0.000000 -0.258819 -0.965926 0.000000 -0.500000 -0.866025 0.000000 -0.707107 -0.707107 0.000000 -0.866025 -0.500000 0.000000 0.000000 0.000000 1.000000 0.000000 0.000000 1.000000 0.000000 0.000000 1.000000 0.000000 0.000000 1.000000 0.000000 0.000000 1.000000 0.000000 0.000000 1.000000 0.000000 0.000000 1.000000 0.000000 0.000000 1.000000 0.000000 0.000000 1.000000 0.000000 0.000000 1.000000 0.000000 0.000000 1.000000 0.000000 0.000000 1.000000 0.000000 0.000000 1.000000 0.000000 0.000000 1.000000 0.000000 0.000000 1.000000 0.000000 0.000000 1.000000 0.000000 0.000000 1.000000 0.000000 0.000000 1.000000 0.000000 0.000000 1.000000 0.000000 0.000000 1.000000 0.000000 0.000000 1.000000 0.000000 0.000000 1.000000 0.000000 0.000000 1.000000 0.000000 0.000000 1.000000 -0.965926 0.258819 0.000000 -0.965926 0.258819 0.000000 -1.000000 -0.000000 0.000000 -1.000000 -0.000000 0.000000 -0.965926 -0.258819 0.000000 -0.965926 -0.258819 0.000000 -0.866025 -0.500000 0.000000 -0.866025 -0.500000 0.000000 -0.707107 -0.707107 0.000000 -0.707107 -0.707107 0.000000 -0.500000 -0.866025 0.000000 -0.500000 -0.866025 0.000000 -0.258819 -0.965926 0.000000 -0.258819 -0.965926 0.000000 -0.000000 -1.000000 0.000000 -0.000000 -1.000000 0.000000 0.258819 -0.965926 0.000000 0.258819 -0.965926 0.000000 0.500000 -0.866025 0.000000 0.500000 -0.866025 0.000000 0.707107 -0.707107 0.000000 0.707107 -0.707107 0.000000 0.866025 -0.500000 0.000000 0.866025 -0.500000 0.000000 0.965926 -0.258819 0.000000 0.965926 -0.258819 0.000000 1.000000 -0.000000 0.000000 1.000000 -0.000000 0.000000 0.965926 0.258819 0.000000 0.965926 0.258819 0.000000 0.866025 0.500000 0.000000 0.866025 0.500000 0.000000 0.707107 0.707107 0.000000 0.707107 0.707107 0.000000 0.500000 0.866025 0.000000 0.500000 0.866025 0.000000 0.258819 0.965926 0.000000 0.258819 0.965926 0.000000 -0.000000 1.000000 0.000000 -0.000000 1.000000 0.000000 -0.258819 0.965926 0.000000 -0.258819 0.965926 0.000000 -0.500000 0.866025 0.000000 -0.500000 0.866025 0.000000 -0.707107 0.707107 0.000000 -0.707107 0.707107 0.000000 -0.866025 0.500000 0.000000 -0.866025 0.500000 0.000000 -0.965926 -0.258819 0.000000 -1.000000 -0.000000 0.000000 -0.965926 0.258819 0.000000 -0.866025 0.500000 0.000000 -0.707107 0.707107 0.000000 -0.500000 0.866025 0.000000 -0.258819 0.965926 0.000000 -0.000000 1.000000 0.000000 0.258819 0.965926 0.000000 0.500000 0.866025 0.000000 0.707107 0.707107 0.000000 0.866025 0.500000 0.000000 0.965926 0.258819 0.000000 1.000000 0.000000 0.000000 0.965926 -0.258819 0.000000 0.866025 -0.500000 0.000000 0.707107 -0.707107 0.000000 0.500000 -0.866025 0.000000 0.258819 -0.965926 0.000000 -0.000000 -1.000000 0.000000 -0.258819 -0.965926 0.000000 -0.500000 -0.866025 0.000000 -0.707107 -0.707107 0.000000 -0.866025 -0.500000 0.000000 0.000000 0.000000 1.000000 0.000000 0.000000 1.000000 0.000000 0.000000 1.000000 0.000000 0.000000 1.000000 0.000000 0.000000 1.000000 0.000000 0.000000 1.000000 0.000000 0.000000 1.000000 0.000000 0.000000 1.000000 0.000000 0.000000 1.000000 0.000000 0.000000 1.000000 0.000000 0.000000 1.000000 0.000000 0.000000 1.000000 0.000000 0.000000 1.000000 0.000000 0.000000 1.000000 0.000000 0.000000 1.000000 0.000000 0.000000 1.000000 0.000000 0.000000 1.000000 0.000000 0.000000 1.000000 0.000000 0.000000 1.000000 0.000000 0.000000 1.000000 0.000000 0.000000 1.000000 0.000000 0.000000 1.000000 0.000000 0.000000 1.000000 0.000000 0.000000 1.000000 -0.965926 0.258819 0.000000 -0.965926 0.258819 0.000000 -1.000000 -0.000000 0.000000 -1.000000 -0.000000 0.000000 -0.965926 -0.258819 0.000000 -0.965926 -0.258819 0.000000 -0.866025 -0.500000 0.000000 -0.866025 -0.500000 0.000000 -0.707107 -0.707107 0.000000 -0.707107 -0.707107 0.000000 -0.500000 -0.866025 0.000000 -0.500000 -0.866025 0.000000 -0.258819 -0.965926 0.000000 -0.258819 -0.965926 0.000000 -0.000000 -1.000000 0.000000 -0.000000 -1.000000 0.000000 0.258819 -0.965926 0.000000 0.258819 -0.965926 0.000000 0.500000 -0.866025 0.000000 0.500000 -0.866025 0.000000 0.707107 -0.707107 0.000000 0.707107 -0.707107 0.000000 0.866025 -0.500000 0.000000 0.866025 -0.500000 0.000000 0.965926 -0.258819 0.000000 0.965926 -0.258819 0.000000 1.000000 -0.000000 0.000000 1.000000 -0.000000 0.000000 0.965926 0.258819 0.000000 0.965926 0.258819 0.000000 0.866025 0.500000 0.000000 0.866025 0.500000 0.000000 0.707107 0.707107 0.000000 0.707107 0.707107 0.000000 0.500000 0.866025 0.000000 0.500000 0.866025 0.000000 0.258819 0.965926 0.000000 0.258819 0.965926 0.000000 -0.000000 1.000000 0.000000 -0.000000 1.000000 0.000000 -0.258819 0.965926 0.000000 -0.258819 0.965926 0.000000 -0.500000 0.866025 0.000000 -0.500000 0.866025 0.000000 -0.707107 0.707107 0.000000 -0.707107 0.707107 0.000000 -0.866025 0.500000 0.000000 -0.866025 0.500000 0.000000 -0.965926 -0.258819 0.000000 -1.000000 -0.000000 0.000000 -0.965926 0.258819 0.000000 -0.866025 0.500000 0.000000 -0.707107 0.707107 0.000000 -0.500000 0.866025 0.000000 -0.258819 0.965926 0.000000 -0.000000 1.000000 0.000000 0.258819 0.965926 0.000000 0.500000 0.866025 0.000000 0.707107 0.707107 0.000000 0.866025 0.500000 0.000000 0.965926 0.258819 0.000000 1.000000 0.000000 0.000000 0.965926 -0.258819 0.000000 0.866025 -0.500000 0.000000 0.707107 -0.707107 0.000000 0.500000 -0.866025 0.000000 0.258819 -0.965926 0.000000 -0.000000 -1.000000 0.000000 -0.258819 -0.965926 0.000000 -0.500000 -0.866025 0.000000 -0.707107 -0.707107 0.000000 -0.866025 -0.500000 0.000000 0.000000 0.000000 1.000000 0.000000 0.000000 1.000000 0.000000 0.000000 1.000000 0.000000 0.000000 1.000000 0.000000 0.000000 1.000000 0.000000 0.000000 1.000000 0.000000 0.000000 1.000000 0.000000 0.000000 1.000000 0.000000 0.000000 1.000000 0.000000 0.000000 1.000000 0.000000 0.000000 1.000000 0.000000 0.000000 1.000000 0.000000 0.000000 1.000000 0.000000 0.000000 1.000000 0.000000 0.000000 1.000000 0.000000 0.000000 1.000000 0.000000 0.000000 1.000000 0.000000 0.000000 1.000000 0.000000 0.000000 1.000000 0.000000 0.000000 1.000000 0.000000 0.000000 1.000000 0.000000 0.000000 1.000000 0.000000 0.000000 1.000000 0.000000 0.000000 1.000000 -0.965926 0.258819 0.000000 -0.965926 0.258819 0.000000 -1.000000 -0.000000 0.000000 -1.000000 -0.000000 0.000000 -0.965926 -0.258819 0.000000 -0.965926 -0.258819 0.000000 -0.866025 -0.500000 0.000000 -0.866025 -0.500000 0.000000 -0.707107 -0.707107 0.000000 -0.707107 -0.707107 0.000000 -0.500000 -0.866025 0.000000 -0.500000 -0.866025 0.000000 -0.258819 -0.965926 0.000000 -0.258819 -0.965926 0.000000 -0.000000 -1.000000 0.000000 -0.000000 -1.000000 0.000000 0.258819 -0.965926 0.000000 0.258819 -0.965926 0.000000 0.500000 -0.866025 0.000000 0.500000 -0.866025 0.000000 0.707107 -0.707107 0.000000 0.707107 -0.707107 0.000000 0.866025 -0.500000 0.000000 0.866025 -0.500000 0.000000 0.965926 -0.258819 0.000000 0.965926 -0.258819 0.000000 1.000000 -0.000000 0.000000 1.000000 -0.000000 0.000000 0.965926 0.258819 0.000000 0.965926 0.258819 0.000000 0.866025 0.500000 0.000000 0.866025 0.500000 0.000000 0.707107 0.707107 0.000000 0.707107 0.707107 0.000000 0.500000 0.866025 0.000000 0.500000 0.866025 0.000000 0.258819 0.965926 0.000000 0.258819 0.965926 0.000000 -0.000000 1.000000 0.000000 -0.000000 1.000000 0.000000 -0.258819 0.965926 0.000000 -0.258819 0.965926 0.000000 -0.500000 0.866025 0.000000 -0.500000 0.866025 0.000000 -0.707107 0.707107 0.000000 -0.707107 0.707107 0.000000 -0.866025 0.500000 0.000000 -0.866025 0.500000 0.000000 -0.965926 -0.258819 0.000000 -1.000000 -0.000000 0.000000 -0.965926 0.258819 0.000000 -0.866025 0.500000 0.000000 -0.707107 0.707107 0.000000 -0.500000 0.866025 0.000000 -0.258819 0.965926 0.000000 -0.000000 1.000000 0.000000 0.258819 0.965926 0.000000 0.500000 0.866025 0.000000 0.707107 0.707107 0.000000 0.866025 0.500000 0.000000 0.965926 0.258819 0.000000 1.000000 0.000000 0.000000 0.965926 -0.258819 0.000000 0.866025 -0.500000 0.000000 0.707107 -0.707107 0.000000 0.500000 -0.866025 0.000000 0.258819 -0.965926 0.000000 -0.000000 -1.000000 0.000000 -0.258819 -0.965926 0.000000 -0.500000 -0.866025 0.000000 -0.707107 -0.707107 0.000000 -0.866025 -0.500000 0.000000 0.000000 0.000000 1.000000 0.000000 0.000000 1.000000 0.000000 0.000000 1.000000 0.000000 0.000000 1.000000 0.000000 0.000000 1.000000 0.000000 0.000000 1.000000 0.000000 0.000000 1.000000 0.000000 0.000000 1.000000 0.000000 0.000000 1.000000 0.000000 0.000000 1.000000 0.000000 0.000000 1.000000 0.000000 0.000000 1.000000 0.000000 0.000000 1.000000 0.000000 0.000000 1.000000 0.000000 0.000000 1.000000 0.000000 0.000000 1.000000 0.000000 0.000000 1.000000 0.000000 0.000000 1.000000 0.000000 0.000000 1.000000 0.000000 0.000000 1.000000 0.000000 0.000000 1.000000 0.000000 0.000000 1.000000 0.000000 0.000000 1.000000 0.000000 0.000000 1.000000 -0.965926 0.258819 0.000000 -0.965926 0.258819 0.000000 -1.000000 -0.000000 0.000000 -1.000000 -0.000000 0.000000 -0.965926 -0.258819 0.000000 -0.965926 -0.258819 0.000000 -0.866025 -0.500000 0.000000 -0.866025 -0.500000 0.000000 -0.707107 -0.707107 0.000000 -0.707107 -0.707107 0.000000 -0.500000 -0.866025 0.000000 -0.500000 -0.866025 0.000000 -0.258819 -0.965926 0.000000 -0.258819 -0.965926 0.000000 -0.000000 -1.000000 0.000000 -0.000000 -1.000000 0.000000 0.258819 -0.965926 0.000000 0.258819 -0.965926 0.000000 0.500000 -0.866025 0.000000 0.500000 -0.866025 0.000000 0.707107 -0.707107 0.000000 0.707107 -0.707107 0.000000 0.866025 -0.500000 0.000000 0.866025 -0.500000 0.000000 0.965926 -0.258819 0.000000 0.965926 -0.258819 0.000000 1.000000 -0.000000 0.000000 1.000000 -0.000000 0.000000 0.965926 0.258819 0.000000 0.965926 0.258819 0.000000 0.866025 0.500000 0.000000 0.866025 0.500000 0.000000 0.707107 0.707107 0.000000 0.707107 0.707107 0.000000 0.500000 0.866025 0.000000 0.500000 0.866025 0.000000 0.258819 0.965926 0.000000 0.258819 0.965926 0.000000 -0.000000 1.000000 0.000000 -0.000000 1.000000 0.000000 -0.258819 0.965926 0.000000 -0.258819 0.965926 0.000000 -0.500000 0.866025 0.000000 -0.500000 0.866025 0.000000 -0.707107 0.707107 0.000000 -0.707107 0.707107 0.000000 -0.866025 0.500000 0.000000 -0.866025 0.500000 0.000000 -0.965926 -0.258819 0.000000 -1.000000 -0.000000 0.000000 -0.965926 0.258819 0.000000 -0.866025 0.500000 0.000000 -0.707107 0.707107 0.000000 -0.500000 0.866025 0.000000 -0.258819 0.965926 0.000000 -0.000000 1.000000 0.000000 0.258819 0.965926 0.000000 0.500000 0.866025 0.000000 0.707107 0.707107 0.000000 0.866025 0.500000 0.000000 0.965926 0.258819 0.000000 1.000000 0.000000 0.000000 0.965926 -0.258819 0.000000 0.866025 -0.500000 0.000000 0.707107 -0.707107 0.000000 0.500000 -0.866025 0.000000 0.258819 -0.965926 0.000000 -0.000000 -1.000000 0.000000 -0.258819 -0.965926 0.000000 -0.500000 -0.866025 0.000000 -0.707107 -0.707107 0.000000 -0.866025 -0.500000 0.000000 0.000000 0.000000 1.000000 0.000000 0.000000 1.000000 0.000000 0.000000 1.000000 0.000000 0.000000 1.000000 0.000000 0.000000 1.000000 0.000000 0.000000 1.000000 0.000000 0.000000 1.000000 0.000000 0.000000 1.000000 0.000000 0.000000 1.000000 0.000000 0.000000 1.000000 0.000000 0.000000 1.000000 0.000000 0.000000 1.000000 0.000000 0.000000 1.000000 0.000000 0.000000 1.000000 0.000000 0.000000 1.000000 0.000000 0.000000 1.000000 0.000000 0.000000 1.000000 0.000000 0.000000 1.000000 0.000000 0.000000 1.000000 0.000000 0.000000 1.000000 0.000000 0.000000 1.000000 0.000000 0.000000 1.000000 0.000000 0.000000 1.000000 0.000000 0.000000 1.000000 -0.965926 0.258819 0.000000 -0.965926 0.258819 0.000000 -1.000000 -0.000000 0.000000 -1.000000 -0.000000 0.000000 -0.965926 -0.258819 0.000000 -0.965926 -0.258819 0.000000 -0.866025 -0.500000 0.000000 -0.866025 -0.500000 0.000000 -0.707107 -0.707107 0.000000 -0.707107 -0.707107 0.000000 -0.500000 -0.866025 0.000000 -0.500000 -0.866025 0.000000 -0.258819 -0.965926 0.000000 -0.258819 -0.965926 0.000000 -0.000000 -1.000000 0.000000 -0.000000 -1.000000 0.000000 0.258819 -0.965926 0.000000 0.258819 -0.965926 0.000000 0.500000 -0.866025 0.000000 0.500000 -0.866025 0.000000 0.707107 -0.707107 0.000000 0.707107 -0.707107 0.000000 0.866025 -0.500000 0.000000 0.866025 -0.500000 0.000000 0.965926 -0.258819 0.000000 0.965926 -0.258819 0.000000 1.000000 -0.000000 0.000000 1.000000 -0.000000 0.000000 0.965926 0.258819 0.000000 0.965926 0.258819 0.000000 0.866025 0.500000 0.000000 0.866025 0.500000 0.000000 0.707107 0.707107 0.000000 0.707107 0.707107 0.000000 0.500000 0.866025 0.000000 0.500000 0.866025 0.000000 0.258819 0.965926 0.000000 0.258819 0.965926 0.000000 -0.000000 1.000000 0.000000 -0.000000 1.000000 0.000000 -0.258819 0.965926 0.000000 -0.258819 0.965926 0.000000 -0.500000 0.866025 0.000000 -0.500000 0.866025 0.000000 -0.707107 0.707107 0.000000 -0.707107 0.707107 0.000000 -0.866025 0.500000 0.000000 -0.866025 0.500000 0.000000 -0.965926 -0.258819 0.000000 -1.000000 -0.000000 0.000000 -0.965926 0.258819 0.000000 -0.866025 0.500000 0.000000 -0.707107 0.707107 0.000000 -0.500000 0.866025 0.000000 -0.258819 0.965926 0.000000 -0.000000 1.000000 0.000000 0.258819 0.965926 0.000000 0.500000 0.866025 0.000000 0.707107 0.707107 0.000000 0.866025 0.500000 0.000000 0.965926 0.258819 0.000000 1.000000 0.000000 0.000000 0.965926 -0.258819 0.000000 0.866025 -0.500000 0.000000 0.707107 -0.707107 0.000000 0.500000 -0.866025 0.000000 0.258819 -0.965926 0.000000 -0.000000 -1.000000 0.000000 -0.258819 -0.965926 0.000000 -0.500000 -0.866025 0.000000 -0.707107 -0.707107 0.000000 -0.866025 -0.500000 0.000000 0.000000 0.000000 1.000000 0.000000 0.000000 1.000000 0.000000 0.000000 1.000000 0.000000 0.000000 1.000000 0.000000 0.000000 1.000000 0.000000 0.000000 1.000000 0.000000 0.000000 1.000000 0.000000 0.000000 1.000000 0.000000 0.000000 1.000000 0.000000 0.000000 1.000000 0.000000 0.000000 1.000000 0.000000 0.000000 1.000000 0.000000 0.000000 1.000000 0.000000 0.000000 1.000000 0.000000 0.000000 1.000000 0.000000 0.000000 1.000000 0.000000 0.000000 1.000000 0.000000 0.000000 1.000000 0.000000 0.000000 1.000000 0.000000 0.000000 1.000000 0.000000 0.000000 1.000000 0.000000 0.000000 1.000000 0.000000 0.000000 1.000000 0.000000 0.000000 1.000000 0.035692 0.258819 0.965266 -0.035692 0.258819 0.965266 -0.106882 0.258819 0.959994 -0.177488 0.258819 0.949479 -0.247125 0.258819 0.933778 -0.315412 0.258819 0.912977 -0.381977 0.258819 0.887190 -0.446455 0.258819 0.856558 -0.508494 0.258819 0.821247 -0.567757 0.258819 0.781450 -0.623919 0.258819 0.737386 -0.676673 0.258819 0.689294 -0.725731 0.258819 0.637438 -0.770825 0.258819 0.582100 -0.811710 0.258819 0.523583 -0.848161 0.258819 0.462207 -0.879980 0.258819 0.398306 -0.906993 0.258819 0.332229 -0.929052 0.258819 0.264338 -0.946037 0.258819 0.195003 -0.957855 0.258819 0.124604 -0.964442 0.258819 0.053523 -0.965761 0.258819 -0.017849 -0.961805 0.258819 -0.089124 -0.952597 0.258819 -0.159913 -0.938185 0.258819 -0.229828 -0.918650 0.258819 -0.298487 -0.894097 0.258819 -0.365517 -0.864661 0.258819 -0.430550 -0.830503 0.258819 -0.493232 -0.791809 0.258819 -0.553220 -0.748790 0.258819 -0.610186 -0.701681 0.258819 -0.663820 -0.650740 0.258819 -0.713828 -0.596245 0.258819 -0.759937 -0.538493 0.258819 -0.801896 -0.477801 0.258819 -0.839475 -0.414499 0.258819 -0.872470 -0.348933 0.258819 -0.900699 -0.281461 0.258819 -0.924009 -0.212452 0.258819 -0.942272 -0.142283 0.258819 -0.955389 -0.071336 0.258819 -0.963288 -0.000000 0.258819 -0.965926 0.071336 0.258819 -0.963288 0.142283 0.258819 -0.955389 0.212452 0.258819 -0.942272 0.281461 0.258819 -0.924009 0.348933 0.258819 -0.900699 0.414499 0.258819 -0.872470 0.477801 0.258819 -0.839475 0.538493 0.258819 -0.801896 0.596245 0.258819 -0.759937 0.650740 0.258819 -0.713828 0.701681 0.258819 -0.663820 0.748790 0.258819 -0.610186 0.791809 0.258819 -0.553220 0.830503 0.258819 -0.493232 0.864661 0.258819 -0.430550 0.894097 0.258819 -0.365517 0.918650 0.258819 -0.298487 0.938185 0.258819 -0.229828 0.952597 0.258819 -0.159913 0.961805 0.258819 -0.089124 0.965761 0.258819 -0.017849 0.964442 0.258819 0.053523 0.957855 0.258819 0.124604 0.946037 0.258819 0.195003 0.929052 0.258819 0.264338 0.906993 0.258819 0.332229 0.879980 0.258819 0.398306 0.848161 0.258819 0.462207 0.811710 0.258819 0.523583 0.770825 0.258819 0.582100 0.725731 0.258819 0.637438 0.676673 0.258819 0.689294 0.623919 0.258819 0.737386 0.567757 0.258819 0.781450 0.508494 0.258819 0.821247 0.446455 0.258819 0.856558 0.381977 0.258819 0.887190 0.315412 0.258819 0.912977 0.247125 0.258819 0.933778 0.177488 0.258819 0.949479 0.106882 0.258819 0.959994 -0.009564 0.965926 0.258642 0.009564 0.965926 0.258642 0.028639 0.965926 0.257230 0.047558 0.965926 0.254412 0.066217 0.965926 0.250205 0.084514 0.965926 0.244632 0.102350 0.965926 0.237722 0.119627 0.965926 0.229514 0.136251 0.965926 0.220052 0.152130 0.965926 0.209389 0.167178 0.965926 0.197582 0.181314 0.965926 0.184696 0.194459 0.965926 0.170801 0.206542 0.965926 0.155973 0.217497 0.965926 0.140294 0.227264 0.965926 0.123848 0.235790 0.965926 0.106726 0.243028 0.965926 0.089021 0.248939 0.965926 0.070829 0.253490 0.965926 0.052251 0.256657 0.965926 0.033387 0.258421 0.965926 0.014342 0.258775 0.965926 -0.004783 0.257715 0.965926 -0.023881 0.255248 0.965926 -0.042848 0.251386 0.965926 -0.061582 0.246152 0.965926 -0.079979 0.239573 0.965926 -0.097940 0.231685 0.965926 -0.115366 0.222533 0.965926 -0.132161 0.212164 0.965926 -0.148235 0.200638 0.965926 -0.163499 0.188015 0.965926 -0.177870 0.174365 0.965926 -0.191270 0.159763 0.965926 -0.203625 0.144289 0.965926 -0.214867 0.128026 0.965926 -0.224937 0.111065 0.965926 -0.233778 0.093496 0.965926 -0.241342 0.075417 0.965926 -0.247587 0.056926 0.965926 -0.252481 0.038124 0.965926 -0.255996 0.019114 0.965926 -0.258112 0.000000 0.965926 -0.258819 -0.019114 0.965926 -0.258112 -0.038124 0.965926 -0.255996 -0.056926 0.965926 -0.252481 -0.075417 0.965926 -0.247587 -0.093496 0.965926 -0.241342 -0.111065 0.965926 -0.233778 -0.128026 0.965926 -0.224937 -0.144289 0.965926 -0.214867 -0.159763 0.965926 -0.203625 -0.174365 0.965926 -0.191270 -0.188015 0.965926 -0.177870 -0.200638 0.965926 -0.163499 -0.212164 0.965926 -0.148235 -0.222533 0.965926 -0.132161 -0.231685 0.965926 -0.115366 -0.239573 0.965926 -0.097940 -0.246152 0.965926 -0.079979 -0.251386 0.965926 -0.061582 -0.255248 0.965926 -0.042848 -0.257715 0.965926 -0.023881 -0.258775 0.965926 -0.004783 -0.258421 0.965926 0.014342 -0.256657 0.965926 0.033387 -0.253490 0.965926 0.052251 -0.248939 0.965926 0.070829 -0.243028 0.965926 0.089021 -0.235790 0.965926 0.106726 -0.227264 0.965926 0.123848 -0.217497 0.965926 0.140294 -0.206542 0.965926 0.155973 -0.194459 0.965926 0.170801 -0.181314 0.965926 0.184696 -0.167178 0.965926 0.197582 -0.152130 0.965926 0.209389 -0.136251 0.965926 0.220052 -0.119627 0.965926 0.229514 -0.102350 0.965926 0.237722 -0.084514 0.965926 0.244632 -0.066217 0.965926 0.250205 -0.047558 0.965926 0.254412 -0.028639 0.965926 0.257230 0.000000 0.500000 -0.866025 0.063958 0.500000 -0.863660 0.127567 0.500000 -0.856578 0.190479 0.500000 -0.844818 0.252351 0.500000 -0.828444 0.312844 0.500000 -0.807545 0.371629 0.500000 -0.782235 0.428385 0.500000 -0.752653 0.482800 0.500000 -0.718960 0.534579 0.500000 -0.681341 0.583438 0.500000 -0.640000 0.629110 0.500000 -0.595164 0.671346 0.500000 -0.547078 0.709916 0.500000 -0.496003 0.744609 0.500000 -0.442220 0.775234 0.500000 -0.386021 0.801626 0.500000 -0.327714 0.823639 0.500000 -0.267617 0.841154 0.500000 -0.206058 0.854075 0.500000 -0.143374 0.862331 0.500000 -0.079907 0.865878 0.500000 -0.016003 0.864695 0.500000 0.047988 0.858789 0.500000 0.111717 0.848194 0.500000 0.174835 0.832965 0.500000 0.236999 0.813188 0.500000 0.297869 0.788969 0.500000 0.357111 0.760441 0.500000 0.414403 0.727759 0.500000 0.469432 0.691103 0.500000 0.521897 0.650673 0.500000 0.571511 0.606688 0.500000 0.618005 0.559390 0.500000 0.661122 0.509037 0.500000 0.700629 0.455904 0.500000 0.736310 0.400280 0.500000 0.767969 0.342471 0.500000 0.795433 0.282791 0.500000 0.818553 0.221566 0.500000 0.837203 0.159132 0.500000 0.851280 0.095828 0.500000 0.860707 0.032001 0.500000 0.865434 -0.032001 0.500000 0.865434 -0.095828 0.500000 0.860707 -0.159132 0.500000 0.851280 -0.221566 0.500000 0.837203 -0.282791 0.500000 0.818553 -0.342471 0.500000 0.795433 -0.400280 0.500000 0.767969 -0.455904 0.500000 0.736310 -0.509037 0.500000 0.700629 -0.559390 0.500000 0.661122 -0.606688 0.500000 0.618005 -0.650673 0.500000 0.571511 -0.691103 0.500000 0.521897 -0.727759 0.500000 0.469432 -0.760441 0.500000 0.414403 -0.788969 0.500000 0.357111 -0.813188 0.500000 0.297869 -0.832965 0.500000 0.236999 -0.848194 0.500000 0.174835 -0.858789 0.500000 0.111717 -0.864695 0.500000 0.047988 -0.865878 0.500000 -0.016003 -0.862331 0.500000 -0.079907 -0.854075 0.500000 -0.143374 -0.841154 0.500000 -0.206058 -0.823639 0.500000 -0.267617 -0.801626 0.500000 -0.327714 -0.775234 0.500000 -0.386021 -0.744609 0.500000 -0.442220 -0.709916 0.500000 -0.496003 -0.671346 0.500000 -0.547078 -0.629110 0.500000 -0.595164 -0.583438 0.500000 -0.640000 -0.534579 0.500000 -0.681341 -0.482800 0.500000 -0.718960 -0.428385 0.500000 -0.752653 -0.371629 0.500000 -0.782235 -0.312844 0.500000 -0.807545 -0.252351 0.500000 -0.828444 -0.190479 0.500000 -0.844818 -0.127567 0.500000 -0.856578 -0.063958 0.500000 -0.863660 0.000000 0.707107 -0.707107 0.052222 0.707107 -0.705176 0.104158 0.707107 -0.699393 0.155526 0.707107 -0.689791 0.206044 0.707107 -0.676421 0.255436 0.707107 -0.659357 0.303434 0.707107 -0.638692 0.349775 0.707107 -0.614539 0.394205 0.707107 -0.587029 0.436482 0.707107 -0.556313 0.476375 0.707107 -0.522558 0.513666 0.707107 -0.485950 0.548152 0.707107 -0.446687 0.579644 0.707107 -0.404985 0.607970 0.707107 -0.361071 0.632976 0.707107 -0.315185 0.654525 0.707107 -0.267577 0.672499 0.707107 -0.218508 0.686799 0.707107 -0.168246 0.697349 0.707107 -0.117064 0.704090 0.707107 -0.065244 0.706986 0.707107 -0.013067 0.706020 0.707107 0.039182 0.701199 0.707107 0.091216 0.692547 0.707107 0.142752 0.680113 0.707107 0.193509 0.663965 0.707107 0.243209 0.644190 0.707107 0.291580 0.620897 0.707107 0.338359 0.594213 0.707107 0.383290 0.564283 0.707107 0.426127 0.531272 0.707107 0.466637 0.495359 0.707107 0.504599 0.456740 0.707107 0.539804 0.415627 0.707107 0.572061 0.372244 0.707107 0.601194 0.326828 0.707107 0.627044 0.279626 0.707107 0.649468 0.230898 0.707107 0.668346 0.180908 0.707107 0.683573 0.129931 0.707107 0.695067 0.078243 0.707107 0.702765 0.026129 0.707107 0.706624 -0.026129 0.707107 0.706624 -0.078243 0.707107 0.702765 -0.129931 0.707107 0.695067 -0.180908 0.707107 0.683573 -0.230898 0.707107 0.668346 -0.279626 0.707107 0.649468 -0.326828 0.707107 0.627044 -0.372244 0.707107 0.601194 -0.415627 0.707107 0.572061 -0.456740 0.707107 0.539804 -0.495359 0.707107 0.504599 -0.531272 0.707107 0.466637 -0.564283 0.707107 0.426127 -0.594213 0.707107 0.383290 -0.620897 0.707107 0.338359 -0.644190 0.707107 0.291580 -0.663965 0.707107 0.243209 -0.680113 0.707107 0.193509 -0.692547 0.707107 0.142752 -0.701199 0.707107 0.091216 -0.706020 0.707107 0.039182 -0.706986 0.707107 -0.013067 -0.704090 0.707107 -0.065244 -0.697349 0.707107 -0.117064 -0.686799 0.707107 -0.168246 -0.672499 0.707107 -0.218508 -0.654525 0.707107 -0.267577 -0.632976 0.707107 -0.315185 -0.607970 0.707107 -0.361071 -0.579644 0.707107 -0.404985 -0.548152 0.707107 -0.446687 -0.513666 0.707107 -0.485950 -0.476375 0.707107 -0.522558 -0.436482 0.707107 -0.556313 -0.394205 0.707107 -0.587029 -0.349775 0.707107 -0.614539 -0.303434 0.707107 -0.638692 -0.255436 0.707107 -0.659357 -0.206044 0.707107 -0.676421 -0.155526 0.707107 -0.689791 -0.104158 0.707107 -0.699393 -0.052222 0.707107 -0.705176 0.000000 0.866025 -0.500000 0.036926 0.866025 -0.498635 0.073651 0.866025 -0.494546 0.109973 0.866025 -0.487756 0.145695 0.866025 -0.478302 0.180621 0.866025 -0.466236 0.214560 0.866025 -0.451624 0.247328 0.866025 -0.434544 0.278745 0.866025 -0.415092 0.308639 0.866025 -0.393372 0.336848 0.866025 -0.369504 0.363217 0.866025 -0.343618 0.387602 0.866025 -0.315856 0.409870 0.866025 -0.286368 0.429900 0.866025 -0.255316 0.447582 0.866025 -0.222869 0.462819 0.866025 -0.189206 0.475528 0.866025 -0.154508 0.485641 0.866025 -0.118968 0.493100 0.866025 -0.082777 0.497867 0.866025 -0.046134 0.499915 0.866025 -0.009239 0.499232 0.866025 0.027706 0.495822 0.866025 0.064500 0.489705 0.866025 0.100941 0.480913 0.866025 0.136831 0.469494 0.866025 0.171974 0.455511 0.866025 0.206178 0.439041 0.866025 0.239256 0.420172 0.866025 0.271027 0.399009 0.866025 0.301317 0.375666 0.866025 0.329962 0.350272 0.866025 0.356805 0.322964 0.866025 0.381699 0.293893 0.866025 0.404508 0.263216 0.866025 0.425109 0.231102 0.866025 0.443387 0.197726 0.866025 0.459243 0.163269 0.866025 0.472592 0.127921 0.866025 0.483359 0.091875 0.866025 0.491487 0.055326 0.866025 0.496930 0.018476 0.866025 0.499659 -0.018476 0.866025 0.499659 -0.055326 0.866025 0.496930 -0.091875 0.866025 0.491487 -0.127921 0.866025 0.483359 -0.163269 0.866025 0.472592 -0.197726 0.866025 0.459243 -0.231102 0.866025 0.443387 -0.263216 0.866025 0.425109 -0.293893 0.866025 0.404508 -0.322964 0.866025 0.381699 -0.350272 0.866025 0.356805 -0.375666 0.866025 0.329962 -0.399009 0.866025 0.301317 -0.420172 0.866025 0.271027 -0.439041 0.866025 0.239256 -0.455511 0.866025 0.206178 -0.469494 0.866025 0.171974 -0.480913 0.866025 0.136831 -0.489705 0.866025 0.100941 -0.495822 0.866025 0.064500 -0.499232 0.866025 0.027706 -0.499915 0.866025 -0.009239 -0.497867 0.866025 -0.046134 -0.493100 0.866025 -0.082777 -0.485641 0.866025 -0.118968 -0.475528 0.866025 -0.154508 -0.462819 0.866025 -0.189206 -0.447582 0.866025 -0.222869 -0.429900 0.866025 -0.255316 -0.409870 0.866025 -0.286368 -0.387602 0.866025 -0.315856 -0.363217 0.866025 -0.343618 -0.336848 0.866025 -0.369504 -0.308639 0.866025 -0.393372 -0.278745 0.866025 -0.415092 -0.247328 0.866025 -0.434544 -0.214560 0.866025 -0.451624 -0.180621 0.866025 -0.466236 -0.145695 0.866025 -0.478302 -0.109973 0.866025 -0.487756 -0.073651 0.866025 -0.494546 -0.036926 0.866025 -0.498635 0.258551 0.011780 0.965926 0.258551 -0.011780 0.965926 0.256408 -0.035243 0.965926 0.252141 -0.058413 0.965926 0.245785 -0.081099 0.965926 0.237392 -0.103114 0.965926 0.227032 -0.124274 0.965926 0.214790 -0.144404 0.965926 0.200769 -0.163338 0.965926 0.185084 -0.180918 0.965926 0.167865 -0.196999 0.965926 0.149256 -0.211447 0.965926 0.129410 -0.224144 0.965926 0.108491 -0.234983 0.965926 0.250000 -0.433013 0.866025 0.209588 -0.453952 0.866025 0.353553 -0.612372 0.707107 0.296403 -0.641986 0.707107 0.433013 -0.750000 0.500000 0.363018 -0.786269 0.500000 0.482963 -0.836516 0.258819 0.404893 -0.876969 0.258819 0.256408 0.035243 0.965926 0.252141 0.058413 0.965926 0.245785 0.081099 0.965926 0.237392 0.103114 0.965926 0.227032 0.124274 0.965926 0.214790 0.144404 0.965926 0.200769 0.163338 0.965926 0.185084 0.180918 0.965926 0.167865 0.196999 0.965926 0.149256 0.211447 0.965926 0.129410 0.224144 0.965926 0.108491 0.234983 0.965926 0.209588 0.453952 0.866025 0.167440 0.471130 0.866025 0.236796 0.666279 0.707107 0.175227 0.685052 0.707107 0.214608 0.839013 0.500000 0.137423 0.855053 0.500000 0.153276 0.953687 0.258819 0.065917 0.963674 0.258819 -0.021988 0.965676 0.258819 -0.109710 0.959675 0.258819 -0.196523 0.945723 0.258819 -0.281708 0.923933 0.258819 -0.364559 0.894488 0.258819 -0.252573 0.828376 0.500000 -0.326855 0.801976 0.500000 -0.206225 0.676366 0.707107 -0.266876 0.654811 0.707107 -0.145823 0.478263 0.866025 -0.188710 0.463021 0.866025 -0.075484 0.247567 0.965926 -0.097683 0.239677 0.965926 0.086673 0.243875 0.965926 0.123904 0.484405 0.866025 0.112206 0.698147 0.707107 0.059100 0.864006 0.500000 0.064137 0.250746 0.965926 0.079341 0.493665 0.866025 0.048255 0.705458 0.707107 -0.019714 0.865801 0.500000 0.041070 0.255540 0.965926 0.034121 0.498834 0.866025 -0.016096 0.706924 0.707107 -0.098363 0.860421 0.500000 0.017662 0.258216 0.965926 -0.011382 0.499870 0.866025 -0.080313 0.702531 0.707107 -0.176198 0.847912 0.500000 -0.005892 0.258752 0.965926 -0.056790 0.496764 0.866025 -0.143865 0.692317 0.707107 -0.029397 0.257144 0.965926 -0.101728 0.489542 0.866025 -0.052658 0.253406 0.965926 -0.119074 0.229802 0.965926 -0.139477 0.218022 0.965926 -0.158725 0.204435 0.965926 -0.176658 0.189154 0.965926 -0.193127 0.172306 0.965926 -0.207995 0.154030 0.965926 -0.221140 0.134478 0.965926 -0.232453 0.113812 0.965926 -0.241839 0.092202 0.965926 -0.249221 0.069829 0.965926 -0.254539 0.046876 0.965926 -0.257747 0.023536 0.965926 -0.258819 0.000000 0.965926 -0.257747 -0.023536 0.965926 -0.497928 -0.045467 0.866025 -0.491731 -0.090558 0.866025 -0.695412 -0.128069 0.707107 -0.680885 -0.190775 0.707107 -0.833911 -0.233651 0.500000 -0.809209 -0.308514 0.500000 -0.902555 -0.344103 0.258819 -0.867525 -0.424751 0.258819 -0.825306 -0.501880 0.258819 -0.776248 -0.574849 0.258819 -0.720758 -0.643056 0.258819 -0.659296 -0.705933 0.258819 -0.592370 -0.762962 0.258819 -0.520536 -0.813668 0.258819 -0.444389 -0.857631 0.258819 -0.364559 -0.894488 0.258819 -0.281708 -0.923933 0.258819 -0.196523 -0.945723 0.258819 -0.252573 -0.828376 0.500000 -0.176198 -0.847912 0.500000 -0.206225 -0.676366 0.707107 -0.143865 -0.692317 0.707107 -0.145823 -0.478263 0.866025 -0.101728 -0.489542 0.866025 -0.075484 -0.247567 0.965926 -0.052658 -0.253406 0.965926 -0.254539 -0.046876 0.965926 -0.481459 -0.134898 0.866025 -0.660716 -0.251901 0.707107 -0.777801 -0.380821 0.500000 -0.249221 -0.069829 0.965926 -0.467197 -0.178121 0.866025 -0.635072 -0.310939 0.707107 -0.739949 -0.449973 0.500000 -0.241839 -0.092202 0.965926 -0.449064 -0.219867 0.866025 -0.604166 -0.367401 0.707107 -0.695965 -0.515396 0.500000 -0.232453 -0.113812 0.965926 -0.427210 -0.259792 0.866025 -0.568253 -0.420819 0.707107 -0.646214 -0.576548 0.500000 -0.221140 -0.134478 0.965926 -0.401816 -0.297564 0.866025 -0.527632 -0.470749 0.707107 -0.591108 -0.632923 0.500000 -0.207995 -0.154030 0.965926 -0.373092 -0.332870 0.866025 -0.482638 -0.516779 0.707107 -0.531105 -0.684053 0.500000 -0.193127 -0.172306 0.965926 -0.341277 -0.365418 0.866025 -0.433645 -0.558527 0.707107 -0.466700 -0.729514 0.500000 -0.176658 -0.189154 0.965926 -0.306633 -0.394938 0.866025 -0.381059 -0.595646 0.707107 -0.398428 -0.768931 0.500000 -0.158725 -0.204435 0.965926 -0.269449 -0.421185 0.866025 -0.325315 -0.627830 0.707107 -0.326855 -0.801976 0.500000 -0.139477 -0.218022 0.965926 -0.230033 -0.443943 0.866025 -0.266876 -0.654811 0.707107 -0.119074 -0.229802 0.965926 -0.188710 -0.463021 0.866025 -0.097683 -0.239677 0.965926 -0.029397 -0.257144 0.965926 -0.005892 -0.258752 0.965926 0.017662 -0.258216 0.965926 0.041070 -0.255540 0.965926 0.064137 -0.250746 0.965926 0.086673 -0.243875 0.965926 0.964925 -0.043964 0.258819 0.964925 0.043964 0.258819 0.956929 0.131527 0.258819 0.941004 0.218000 0.258819 0.917282 0.302667 0.258819 0.885958 0.384826 0.258819 0.847293 0.463796 0.258819 0.801608 0.538923 0.258819 0.749280 0.609584 0.258819 0.718702 0.483185 0.500000 0.671786 0.546538 0.500000 0.586818 0.394519 0.707107 0.548511 0.446247 0.707107 0.414943 0.278967 0.866025 0.387856 0.315544 0.866025 0.956929 -0.131527 0.258819 0.941004 -0.218000 0.258819 0.917282 -0.302667 0.258819 0.885958 -0.384826 0.258819 0.847293 -0.463796 0.258819 0.801608 -0.538923 0.258819 0.749280 -0.609584 0.258819 0.671786 -0.546538 0.500000 0.619303 -0.605363 0.500000 0.505659 -0.494276 0.707107 0.458617 -0.538211 0.707107 0.324291 -0.380572 0.866025 0.288340 -0.408485 0.866025 0.690743 -0.675194 0.258819 0.561689 -0.659171 0.500000 0.407775 -0.577685 0.707107 0.626482 -0.735209 0.258819 0.499420 -0.707517 0.500000 0.557030 -0.789132 0.258819 0.323469 -0.910154 0.258819 0.239364 -0.935798 0.258819 0.153276 -0.953687 0.258819 0.065917 -0.963674 0.258819 -0.021988 -0.965676 0.258819 -0.109710 -0.959675 0.258819 -0.930107 -0.260604 0.258819 -0.851703 -0.156851 0.500000 -0.704177 -0.064301 0.707107 -0.500000 -0.000000 0.866025 -0.949951 -0.174945 0.258819 -0.862437 -0.078752 0.500000 -0.707107 -0.000000 0.707107 -0.497928 0.045467 0.866025 -0.961924 -0.087836 0.258819 -0.866025 -0.000000 0.500000 -0.704177 0.064301 0.707107 -0.491731 0.090558 0.866025 -0.965926 -0.000000 0.258819 -0.862437 0.078752 0.500000 -0.695412 0.128069 0.707107 -0.481459 0.134898 0.866025 -0.961924 0.087836 0.258819 -0.949951 0.174945 0.258819 -0.930107 0.260604 0.258819 -0.902555 0.344103 0.258819 -0.867525 0.424751 0.258819 -0.825306 0.501880 0.258819 -0.776248 0.574849 0.258819 -0.720758 0.643056 0.258819 -0.659296 0.705933 0.258819 -0.592370 0.762962 0.258819 -0.520536 0.813668 0.258819 -0.444389 0.857631 0.258819 0.239364 0.935798 0.258819 0.290014 0.816022 0.500000 0.296403 0.641986 0.707107 0.250000 0.433013 0.866025 0.323469 0.910154 0.258819 0.363018 0.786269 0.500000 0.353553 0.612372 0.707107 0.288340 0.408485 0.866025 0.404893 0.876969 0.258819 0.433013 0.750000 0.500000 0.407775 0.577685 0.707107 0.324291 0.380572 0.866025 0.482963 0.836516 0.258819 0.499420 0.707517 0.500000 0.458617 0.538211 0.707107 0.357555 0.349506 0.866025 0.557030 0.789132 0.258819 0.561689 0.659171 0.500000 0.505659 0.494276 0.707107 0.626482 0.735209 0.258819 0.619303 0.605363 0.500000 0.690743 0.675194 0.258819 0.499482 0.022757 0.866025 0.499482 -0.022757 0.866025 0.495343 -0.068083 0.866025 0.487100 -0.112845 0.866025 0.474820 -0.156672 0.866025 0.458606 -0.199201 0.866025 0.438591 -0.240078 0.866025 0.414943 -0.278967 0.866025 0.387856 -0.315544 0.866025 0.357555 -0.349506 0.866025 0.706374 0.032184 0.707107 0.706374 -0.032184 0.707107 0.700521 -0.096284 0.707107 0.688863 -0.159587 0.707107 0.671497 -0.221568 0.707107 0.648566 -0.281712 0.707107 0.620262 -0.339522 0.707107 0.586818 -0.394519 0.707107 0.548511 -0.446247 0.707107 0.495343 0.068083 0.866025 0.487100 0.112845 0.866025 0.474820 0.156672 0.866025 0.458606 0.199201 0.866025 0.438591 0.240078 0.866025 0.865128 0.039417 0.500000 0.865128 -0.039417 0.500000 0.857959 -0.117924 0.500000 0.843681 -0.195454 0.500000 0.822412 -0.271364 0.500000 0.794328 -0.345025 0.500000 0.759662 -0.415828 0.500000 0.718702 -0.483185 0.500000 0.700521 0.096284 0.707107 0.688863 0.159587 0.707107 0.671497 0.221568 0.707107 0.648566 0.281712 0.707107 0.620262 0.339522 0.707107 0.857959 0.117924 0.500000 0.843681 0.195454 0.500000 0.822412 0.271364 0.500000 0.794328 0.345025 0.500000 0.759662 0.415828 0.500000 -0.230033 0.443943 0.866025 -0.269449 0.421185 0.866025 -0.306633 0.394938 0.866025 -0.341277 0.365418 0.866025 -0.373092 0.332870 0.866025 -0.401816 0.297564 0.866025 -0.427210 0.259792 0.866025 -0.449064 0.219867 0.866025 -0.467197 0.178121 0.866025 -0.325315 0.627830 0.707107 -0.381059 0.595646 0.707107 -0.433645 0.558527 0.707107 -0.482638 0.516779 0.707107 -0.527632 0.470749 0.707107 -0.568253 0.420819 0.707107 -0.604166 0.367401 0.707107 -0.635072 0.310939 0.707107 -0.660716 0.251901 0.707107 -0.680885 0.190775 0.707107 -0.398428 0.768931 0.500000 -0.466700 0.729514 0.500000 -0.531105 0.684053 0.500000 -0.591108 0.632923 0.500000 -0.646214 0.576548 0.500000 -0.695965 0.515396 0.500000 -0.739949 0.449973 0.500000 -0.777801 0.380821 0.500000 -0.809209 0.308514 0.500000 -0.833911 0.233651 0.500000 -0.851703 0.156851 0.500000 -0.056790 -0.496764 0.866025 -0.011382 -0.499870 0.866025 0.034121 -0.498834 0.866025 0.079341 -0.493665 0.866025 0.123904 -0.484405 0.866025 0.167440 -0.471130 0.866025 -0.080313 -0.702531 0.707107 -0.016096 -0.706924 0.707107 0.048255 -0.705458 0.707107 0.112206 -0.698147 0.707107 0.175227 -0.685052 0.707107 0.236796 -0.666279 0.707107 -0.098363 -0.860421 0.500000 -0.019714 -0.865801 0.500000 0.059100 -0.864006 0.500000 0.137423 -0.855053 0.500000 0.214608 -0.839013 0.500000 0.290014 -0.816022 0.500000 -0.879066 0.476699 -0.000000 -0.879066 0.476699 -0.000000 -0.879066 0.476699 -0.000000 -0.969295 0.245900 -0.000000 -0.969295 0.245900 -0.000000 -0.969295 0.245900 -0.000000 -0.969096 0.150356 0.195566 -0.939510 0.224350 0.258819 -0.915697 0.307429 0.258819 -0.842342 0.201147 0.500000 -0.820991 0.275633 0.500000 -0.687769 0.164236 0.707107 -0.670336 0.225054 0.707107 -0.486326 0.116132 0.866025 -0.473999 0.159137 0.866025 -0.251741 0.060115 0.965926 -0.245360 0.082375 0.965926 -0.912691 0.141136 0.383504 -0.821254 0.126307 0.556407 -0.698357 0.106610 0.707765 -0.548964 0.083034 0.831711 -0.378681 0.056663 0.923791 -0.193741 0.028642 0.980634 -0.001443 0.000211 0.999999 -0.237015 0.103977 0.965926 -0.226773 0.124746 0.965926 -0.214715 0.144516 0.965926 -0.200938 0.163130 0.965926 -0.185553 0.180437 0.965926 -0.168682 0.196300 0.965926 -0.150461 0.210592 0.965926 -0.131035 0.223198 0.965926 -0.110560 0.234017 0.965926 -0.089201 0.242962 0.965926 -0.067127 0.249963 0.965926 -0.044516 0.254962 0.965926 -0.021548 0.257920 0.965926 0.001592 0.258814 0.965926 0.024719 0.257636 0.965926 0.047649 0.254395 0.965926 0.070197 0.249118 0.965926 0.092183 0.241846 0.965926 0.113431 0.232639 0.965926 0.133771 0.221569 0.965926 0.153040 0.208725 0.965926 0.171084 0.194210 0.965926 0.187758 0.178141 0.965926 0.202930 0.160645 0.965926 0.216476 0.141864 0.965926 0.228290 0.121947 0.965926 0.238276 0.101053 0.965926 0.246355 0.079351 0.965926 0.252462 0.057013 0.965926 0.256547 0.034219 0.965926 0.258579 0.011151 0.965926 0.258540 -0.012006 0.965926 0.256432 -0.035067 0.965926 0.252272 -0.057848 0.965926 0.246091 -0.080165 0.965926 0.237941 -0.101841 0.965926 0.227868 -0.122734 0.965926 0.215991 -0.142602 0.965926 0.202385 -0.161330 0.965926 0.187161 -0.178768 0.965926 0.170440 -0.194775 0.965926 0.361556 -0.345365 0.866025 0.329266 -0.376277 0.866025 0.511300 -0.488439 0.707107 0.465652 -0.532136 0.707107 0.626191 -0.598235 0.500000 0.570305 -0.651730 0.500000 0.698401 -0.667269 0.258819 0.636092 -0.726911 0.258819 0.755141 -0.602308 0.258819 0.677080 -0.539966 0.500000 0.552865 -0.440841 0.707107 0.390956 -0.311694 0.866025 0.805860 -0.532543 0.258819 0.722565 -0.477388 0.500000 0.590014 -0.389723 0.707107 0.417232 -0.275531 0.866025 0.850153 -0.458533 0.258819 0.762285 -0.411000 0.500000 0.622451 -0.335492 0.707107 0.440173 -0.237166 0.866025 0.888007 -0.380075 0.258819 0.796165 -0.340766 0.500000 0.650066 -0.278234 0.707107 0.459666 -0.196741 0.866025 0.918424 -0.299181 0.258819 0.823437 -0.268238 0.500000 0.844117 -0.193563 0.500000 0.689219 -0.158043 0.707107 0.700586 -0.095806 0.707107 0.495389 -0.067745 0.866025 0.499462 -0.023194 0.866025 0.941490 -0.215891 0.258819 0.858039 -0.117338 0.500000 0.706346 -0.032802 0.707107 0.499536 0.021542 0.866025 0.957019 -0.130874 0.258819 0.865093 -0.040174 0.500000 0.706450 0.030465 0.707107 0.495611 0.066106 0.866025 0.964886 -0.044808 0.258819 0.865221 0.037312 0.500000 0.700899 0.093488 0.707107 0.487718 0.110141 0.866025 0.965029 0.041616 0.258819 0.858423 0.114499 0.500000 0.689738 0.155762 0.707107 0.475921 0.153294 0.866025 0.957446 0.127707 0.258819 0.844753 0.190769 0.500000 0.673054 0.216790 0.707107 0.460314 0.195220 0.866025 0.942199 0.212775 0.258819 0.824320 0.265512 0.500000 0.650983 0.276082 0.707107 0.441023 0.235583 0.866025 0.919409 0.296141 0.258819 0.797288 0.338130 0.500000 0.623700 0.333164 0.707107 0.418200 0.274060 0.866025 0.889259 0.377135 0.258819 0.763873 0.408041 0.500000 0.591424 0.387579 0.707107 0.392030 0.310343 0.866025 0.851990 0.455111 0.258819 0.724344 0.474685 0.500000 0.554414 0.438891 0.707107 0.362721 0.344142 0.866025 0.807900 0.529443 0.258819 0.679015 0.537530 0.500000 0.512965 0.486690 0.707107 0.330509 0.375185 0.866025 0.757343 0.599536 0.258819 0.628251 0.596071 0.500000 0.467410 0.530592 0.707107 0.295650 0.403226 0.866025 0.700723 0.664830 0.258819 0.572458 0.649840 0.500000 0.418113 0.570247 0.707107 0.258425 0.428038 0.866025 0.638494 0.724802 0.258819 0.512082 0.698407 0.500000 0.365469 0.605337 0.707107 0.219132 0.449423 0.866025 0.571153 0.778972 0.258819 0.447606 0.741383 0.500000 0.309899 0.635581 0.707107 0.178083 0.467211 0.866025 0.499239 0.826905 0.258819 0.379547 0.778424 0.500000 0.251848 0.660736 0.707107 0.135610 0.481259 0.866025 0.423330 0.868219 0.258819 0.308450 0.809234 0.500000 0.191781 0.680603 0.707107 0.092050 0.491454 0.866025 0.344031 0.902583 0.258819 0.234883 0.833565 0.500000 0.130179 0.695020 0.707107 0.047754 0.497714 0.866025 0.261978 0.929721 0.258819 0.159436 0.851223 0.500000 0.067535 0.703874 0.707107 0.003076 0.499991 0.866025 0.177828 0.949416 0.258819 0.082713 0.862066 0.500000 0.004350 0.707093 0.707107 -0.041628 0.498264 0.866025 0.092254 0.961510 0.258819 0.005327 0.866009 0.500000 -0.058870 0.704652 0.707107 -0.085997 0.492549 0.866025 0.005942 0.965908 0.258819 -0.072101 0.863019 0.500000 -0.121619 0.696569 0.707107 -0.129679 0.482891 0.866025 -0.080418 0.962572 0.258819 -0.148952 0.853120 0.500000 -0.183394 0.682911 0.707107 -0.172322 0.469367 0.866025 -0.166134 0.951531 0.258819 -0.224610 0.836391 0.500000 -0.243700 0.663785 0.707107 -0.213586 0.452085 0.866025 -0.250520 0.932873 0.258819 -0.298471 0.812967 0.500000 -0.302056 0.639345 0.707107 -0.253140 0.431185 0.866025 -0.332901 0.906747 0.258819 -0.369942 0.783034 0.500000 -0.357994 0.609787 0.707107 -0.290667 0.406832 0.866025 -0.412617 0.873361 0.258819 -0.438451 0.746834 0.500000 -0.411066 0.575348 0.707107 -0.325868 0.379223 0.866025 -0.489029 0.832985 0.258819 -0.503451 0.704654 0.500000 -0.460847 0.536302 0.707107 -0.358460 0.348578 0.866025 -0.561526 0.785939 0.258819 -0.564420 0.656833 0.500000 -0.506939 0.492963 0.707107 -0.388182 0.315142 0.866025 -0.629529 0.732602 0.258819 -0.620871 0.603754 0.500000 -0.548973 0.445678 0.707107 -0.414797 0.279184 0.866025 -0.692491 0.673401 0.258819 -0.672351 0.545842 0.500000 -0.586611 0.394825 0.707107 -0.438091 0.240990 0.866025 -0.749910 0.608808 0.258819 -0.718449 0.483560 0.500000 -0.619554 0.340812 0.707107 -0.457878 0.200868 0.866025 -0.801326 0.539342 0.258819 -0.758796 0.417407 0.500000 -0.647537 0.284070 0.707107 -0.846327 0.465558 0.258819 -0.793068 0.347913 0.500000 -0.884552 0.388046 0.258819 0.487351 -0.111754 0.866025 0.672333 -0.219016 0.707107 0.475412 -0.154867 0.866025 0.671043 -0.694776 0.258819 0.704372 -0.660963 0.258819 0.736000 -0.625553 0.258819 0.766099 -0.588307 0.258819 0.794140 -0.549867 0.258819 0.820255 -0.510093 0.258819 0.844379 -0.469082 0.258819 0.866454 -0.426932 0.258819 0.886426 -0.383746 0.258819 0.904248 -0.339629 0.258819 0.919876 -0.294688 0.258819 0.933271 -0.249032 0.258819 0.944403 -0.202772 0.258819 0.967637 -0.160114 0.195045 0.846728 -0.181801 0.500000 0.911511 -0.150730 0.382659 0.691351 -0.148439 0.707107 0.820472 -0.135535 0.555389 0.697939 -0.115134 0.706842 0.488859 -0.104963 0.866025 0.548845 -0.090386 0.831023 0.378680 -0.062243 0.923432 0.253052 -0.054333 0.965926 0.193750 -0.031780 0.980536 0.001408 -0.000230 0.999999 0.601654 -0.622907 0.500000 0.631548 -0.592577 0.500000 0.659915 -0.560814 0.500000 0.686866 -0.527461 0.500000 0.712007 -0.492997 0.500000 0.735420 -0.457337 0.500000 0.757049 -0.420567 0.500000 0.776841 -0.382777 0.500000 0.794748 -0.344057 0.500000 0.810727 -0.304503 0.500000 0.824738 -0.264210 0.500000 0.836748 -0.223276 0.500000 0.491259 -0.508591 0.707107 0.515677 -0.483815 0.707107 0.538848 -0.457868 0.707107 0.560824 -0.430670 0.707107 0.581351 -0.402531 0.707107 0.600468 -0.373414 0.707107 0.618128 -0.343392 0.707107 0.634288 -0.312536 0.707107 0.648909 -0.280922 0.707107 0.661956 -0.248626 0.707107 0.673396 -0.215727 0.707107 0.683202 -0.182304 0.707107 0.347380 -0.359621 0.866025 0.364654 -0.342093 0.866025 0.381043 -0.323737 0.866025 0.396562 -0.304530 0.866025 0.411077 -0.284632 0.866025 0.424595 -0.264044 0.866025 0.437082 -0.242815 0.866025 0.448509 -0.220996 0.866025 0.458848 -0.198642 0.866025 0.468073 -0.175805 0.866025 0.476163 -0.152542 0.866025 0.483097 -0.128909 0.866025 0.179821 -0.186149 0.965926 0.188766 -0.177073 0.965926 0.197253 -0.167566 0.965926 0.205276 -0.157636 0.965926 0.212789 -0.147336 0.965926 0.219787 -0.136679 0.965926 0.226251 -0.125690 0.965926 0.232166 -0.114396 0.965926 0.237517 -0.102824 0.965926 0.242293 -0.091003 0.965926 0.246480 -0.078962 0.965926 0.250069 -0.066728 0.965926 -0.001335 0.000586 0.999999 -0.179301 0.078786 0.980634 -0.233397 0.111862 0.965926 -0.350513 0.154113 0.923791 -0.450889 0.216100 0.866025 -0.508205 0.223572 0.831711 -0.646589 0.284590 0.707765 -0.637653 0.305612 0.707107 -0.760455 0.334842 0.556407 -0.845190 0.372263 0.383504 -0.780962 0.374296 0.500000 -0.897465 0.395360 0.195566 -0.871050 0.417473 0.258819 -0.856732 0.446120 0.258819 -0.841472 0.474276 0.258819 -0.825287 0.501911 0.258819 -0.808194 0.528994 0.258819 -0.790213 0.555496 0.258819 -0.771364 0.581387 0.258819 -0.751545 0.606789 0.258819 -0.731079 0.631297 0.258819 -0.709815 0.655115 0.258819 -0.636403 0.587360 0.500000 -0.655479 0.565992 0.500000 -0.673839 0.544005 0.500000 -0.691586 0.521257 0.500000 -0.708486 0.498044 0.500000 -0.724607 0.474283 0.500000 -0.739932 0.450001 0.500000 -0.754443 0.425224 0.500000 -0.768125 0.399980 0.500000 -0.519621 0.479577 0.707107 -0.535206 0.462120 0.707107 -0.550205 0.444156 0.707107 -0.564677 0.425605 0.707107 -0.578476 0.406651 0.707107 -0.591639 0.387251 0.707107 -0.604152 0.367424 0.707107 -0.616000 0.347194 0.707107 -0.627171 0.326582 0.707107 -0.367427 0.339112 0.866025 -0.378454 0.326761 0.866025 -0.389066 0.314050 0.866025 -0.399287 0.300948 0.866025 -0.409045 0.287546 0.866025 -0.418352 0.273828 0.866025 -0.427200 0.259808 0.866025 -0.435578 0.245503 0.866025 -0.443477 0.230929 0.866025 -0.190194 0.175537 0.965926 -0.195906 0.169140 0.965926 -0.201402 0.162556 0.965926 -0.206686 0.155782 0.965926 -0.211737 0.148845 0.965926 -0.216555 0.141744 0.965926 -0.221135 0.134487 0.965926 -0.225472 0.127082 0.965926 -0.229561 0.119537 0.965926 1.000000 -0.000000 -0.000000 0.980794 0.000000 0.195045 0.965926 0.000000 0.258819 0.923889 0.000000 0.382659 0.866025 0.000000 0.500000 0.831591 0.000000 0.555389 0.707107 0.000000 0.707107 0.707372 0.000000 0.706842 0.556238 0.000000 0.831023 0.500000 0.000000 0.866025 0.383762 0.000000 0.923432 0.258819 0.000000 0.965926 0.196339 0.000000 0.980536 0.001426 0.000000 0.999999 -0.227519 0.123379 0.965926 -0.439533 0.238350 0.866025 -0.621594 0.337077 0.707107 -0.761294 0.412834 0.500000 -0.849113 0.460456 0.258819 -0.936267 0.237521 0.258819 -0.965926 0.000000 0.258819 -0.866025 0.000000 0.500000 -0.839434 0.212956 0.500000 -0.707107 0.000000 0.707107 -0.685395 0.173878 0.707107 -0.500000 0.000000 0.866025 -0.484648 0.122950 0.866025 -0.258819 0.000000 0.965926 -0.250872 0.063644 0.965926 0.253846 0.965926 0.050493 0.258819 0.965926 -0.000000 0.500000 0.866025 -0.000000 0.490393 0.866025 0.097545 0.707107 0.707107 -0.000000 0.693520 0.707107 0.137950 0.866025 0.500000 -0.000000 0.849385 0.500000 0.168953 0.965926 0.258819 -0.000000 0.947366 0.258819 0.188443 0.892399 0.258819 0.369644 0.803138 0.258819 0.536640 0.683013 0.258819 0.683013 0.536640 0.258819 0.803138 0.481138 0.500000 0.720074 0.331414 0.500000 0.800103 0.270598 0.707107 0.653281 0.137950 0.707107 0.693520 0.097545 0.866025 0.490393 -0.000000 0.866025 0.500000 -0.000000 0.965926 0.258819 0.369644 0.258819 0.892399 0.168953 0.500000 0.849385 -0.000000 0.707107 0.707107 0.188443 0.258819 0.947366 -0.000000 0.500000 0.866025 -0.000000 0.258819 0.965926 0.050493 0.965926 0.253846 0.099046 0.965926 0.239118 0.143792 0.965926 0.215200 0.183013 0.965926 0.183013 0.215200 0.965926 0.143792 0.239118 0.965926 0.099046 0.800103 0.500000 0.331414 0.720074 0.500000 0.481138 0.612372 0.500000 0.612372 0.653281 0.707107 0.270598 0.587938 0.707107 0.392847 0.500000 0.707107 0.500000 0.392847 0.707107 0.587938 0.461940 0.866025 0.191342 0.415735 0.866025 0.277785 0.353553 0.866025 0.353553 0.277785 0.866025 0.415735 0.191342 0.866025 0.461940 -0.258819 -0.000000 0.965926 -0.500000 -0.000000 0.866025 -0.707107 -0.000000 0.707107 -0.866025 -0.000000 0.500000 -0.965926 -0.000000 0.258819 -0.965926 -0.000000 0.258819 -0.866025 -0.000000 0.500000 -0.707107 -0.000000 0.707107 -0.500000 -0.000000 0.866025 -0.258819 -0.000000 0.965926 -0.000000 0.965926 0.258819 -0.000000 0.965926 0.258819 -0.000000 0.965926 0.258819 -0.000000 0.866025 0.500000 -0.000000 0.866025 0.500000 -0.000000 0.707107 0.707107 -0.000000 0.707107 0.707107 -0.000000 0.500000 0.866025 -0.000000 0.500000 0.866025 -0.000000 0.258819 0.965926 -0.000000 0.258819 0.965926 -0.000000 0.258819 0.965926 -0.000000 0.258819 0.965926 -0.000000 0.500000 0.866025 -0.000000 0.500000 0.866025 -0.000000 0.707107 0.707107 -0.000000 0.866025 0.500000 -0.000000 0.258819 0.965926 -0.000000 0.866025 0.500000 -0.000000 0.965926 0.258819 -0.000000 0.965926 0.258819 -0.000000 0.866025 0.500000 -0.000000 0.707107 0.707107 -0.000000 0.707107 0.707107 -0.000000 0.500000 0.866025 1.000000 0.000000 -0.000000 0.965926 0.258819 -0.000000 0.866025 0.500000 -0.000000 0.707107 0.707107 -0.000000 0.500000 0.866025 -0.000000 0.258819 0.965926 -0.000000 0.258819 0.965926 -0.000000 0.500000 0.866025 -0.000000 0.707107 0.707107 -0.000000 0.866025 0.500000 -0.000000 0.965926 0.258819 -0.000000 -0.050493 0.965926 0.253846 -0.097545 0.866025 0.490393 -0.137950 0.707107 0.693520 -0.168953 0.500000 0.849385 -0.188443 0.258819 0.947366 -0.369644 0.258819 0.892399 -0.536640 0.258819 0.803138 -0.683013 0.258819 0.683013 -0.803138 0.258819 0.536640 -0.720074 0.500000 0.481138 -0.800103 0.500000 0.331414 -0.653281 0.707107 0.270598 -0.693520 0.707107 0.137950 -0.490393 0.866025 0.097545 -0.500000 0.866025 0.000000 -0.258819 0.965926 0.000000 -0.892399 0.258819 0.369644 -0.849385 0.500000 0.168953 -0.707107 0.707107 0.000000 -0.947366 0.258819 0.188443 -0.866025 0.500000 0.000000 -0.965926 0.258819 0.000000 -0.253846 0.965926 0.050493 -0.239118 0.965926 0.099046 -0.215200 0.965926 0.143792 -0.183013 0.965926 0.183013 -0.143792 0.965926 0.215200 -0.099046 0.965926 0.239118 -0.331414 0.500000 0.800103 -0.481138 0.500000 0.720074 -0.612372 0.500000 0.612372 -0.270598 0.707107 0.653281 -0.392847 0.707107 0.587938 -0.500000 0.707107 0.500000 -0.587938 0.707107 0.392847 -0.191342 0.866025 0.461940 -0.277785 0.866025 0.415735 -0.353553 0.866025 0.353553 -0.415735 0.866025 0.277785 -0.461940 0.866025 0.191342 0.050493 0.965926 -0.253846 -0.000000 0.965926 -0.258819 -0.000000 0.866025 -0.500000 0.097545 0.866025 -0.490393 -0.000000 0.707107 -0.707107 0.137950 0.707107 -0.693520 -0.000000 0.500000 -0.866025 0.168953 0.500000 -0.849385 -0.000000 0.258819 -0.965926 0.188443 0.258819 -0.947366 0.258819 0.000000 -0.965926 0.369644 0.258819 -0.892399 0.500000 0.000000 -0.866025 0.536640 0.258819 -0.803138 0.707107 0.000000 -0.707107 0.683013 0.258819 -0.683013 0.803138 0.258819 -0.536640 0.720074 0.500000 -0.481138 0.800103 0.500000 -0.331414 0.653281 0.707107 -0.270598 0.693520 0.707107 -0.137950 0.490393 0.866025 -0.097545 0.866025 0.000000 -0.500000 0.892399 0.258819 -0.369644 0.849385 0.500000 -0.168953 0.965926 0.000000 -0.258819 0.947366 0.258819 -0.188443 0.253846 0.965926 -0.050493 0.239118 0.965926 -0.099046 0.215200 0.965926 -0.143792 0.183013 0.965926 -0.183013 0.143792 0.965926 -0.215200 0.099046 0.965926 -0.239118 0.331414 0.500000 -0.800103 0.481138 0.500000 -0.720074 0.612372 0.500000 -0.612372 0.270598 0.707107 -0.653281 0.392847 0.707107 -0.587938 0.500000 0.707107 -0.500000 0.587938 0.707107 -0.392847 0.191342 0.866025 -0.461940 0.277785 0.866025 -0.415735 0.353553 0.866025 -0.353553 0.415735 0.866025 -0.277785 0.461940 0.866025 -0.191342 0.980794 -0.000000 -0.195045 0.923889 -0.000000 -0.382659 0.831591 -0.000000 -0.555389 0.707372 -0.000000 -0.706842 0.556238 -0.000000 -0.831023 0.383762 -0.000000 -0.923432 0.196339 -0.000000 -0.980536 0.001426 -0.000000 -0.999999 -0.258819 0.965926 0.000000 -0.500000 0.866025 0.000000 -0.707107 0.707107 0.000000 -0.866025 0.500000 0.000000 -0.965926 0.258819 0.000000 -0.965926 0.258819 0.000000 -0.866025 0.500000 0.000000 -0.707107 0.707107 0.000000 -0.500000 0.866025 0.000000 -0.258819 0.965926 0.000000 0.000000 0.258819 -0.965926 0.000000 0.258819 -0.965926 0.000000 0.258819 -0.965926 0.000000 0.500000 -0.866025 0.000000 0.500000 -0.866025 0.000000 0.707107 -0.707107 0.000000 0.707107 -0.707107 0.000000 0.866025 -0.500000 0.000000 0.866025 -0.500000 0.000000 0.965926 -0.258819 0.000000 0.965926 -0.258819 0.000000 0.965926 -0.258819 0.000000 0.965926 -0.258819 0.000000 0.866025 -0.500000 0.000000 0.866025 -0.500000 0.000000 0.707107 -0.707107 0.000000 0.500000 -0.866025 0.000000 0.965926 -0.258819 0.000000 0.500000 -0.866025 0.000000 0.258819 -0.965926 0.000000 0.258819 -0.965926 0.000000 0.500000 -0.866025 0.000000 0.707107 -0.707107 0.000000 0.707107 -0.707107 0.000000 0.866025 -0.500000 0.944403 -0.202772 -0.258819 0.967637 -0.160114 -0.195045 0.911511 -0.150730 -0.382659 0.846728 -0.181801 -0.500000 0.820472 -0.135535 -0.555389 0.691351 -0.148439 -0.707107 0.697939 -0.115134 -0.706842 0.488859 -0.104963 -0.866025 0.548845 -0.090386 -0.831023 0.378680 -0.062243 -0.923432 0.253052 -0.054333 -0.965926 0.193750 -0.031780 -0.980536 0.001408 -0.000230 -0.999999 0.250069 -0.066728 -0.965926 0.246480 -0.078962 -0.965926 0.242293 -0.091003 -0.965926 0.237517 -0.102824 -0.965926 0.232166 -0.114396 -0.965926 0.226251 -0.125690 -0.965926 0.219787 -0.136679 -0.965926 0.212789 -0.147336 -0.965926 0.205276 -0.157636 -0.965926 0.197253 -0.167566 -0.965926 0.188766 -0.177073 -0.965926 0.179821 -0.186149 -0.965926 0.170440 -0.194775 -0.965926 0.347380 -0.359621 -0.866025 0.329266 -0.376277 -0.866025 0.491259 -0.508591 -0.707107 0.465652 -0.532136 -0.707107 0.601654 -0.622907 -0.500000 0.570305 -0.651730 -0.500000 0.671043 -0.694776 -0.258819 0.636092 -0.726911 -0.258819 0.704372 -0.660963 -0.258819 0.631548 -0.592577 -0.500000 0.515677 -0.483815 -0.707107 0.364654 -0.342093 -0.866025 0.736000 -0.625553 -0.258819 0.659915 -0.560814 -0.500000 0.538848 -0.457868 -0.707107 0.381043 -0.323737 -0.866025 0.766099 -0.588307 -0.258819 0.686866 -0.527461 -0.500000 0.560824 -0.430670 -0.707107 0.396562 -0.304530 -0.866025 0.411077 -0.284632 -0.866025 0.794140 -0.549867 -0.258819 0.712007 -0.492997 -0.500000 0.735420 -0.457337 -0.500000 0.600468 -0.373414 -0.707107 0.618128 -0.343392 -0.707107 0.437082 -0.242815 -0.866025 0.448509 -0.220996 -0.866025 0.820255 -0.510093 -0.258819 0.757049 -0.420567 -0.500000 0.634288 -0.312536 -0.707107 0.458848 -0.198642 -0.866025 0.844379 -0.469082 -0.258819 0.776841 -0.382777 -0.500000 0.648909 -0.280922 -0.707107 0.468073 -0.175805 -0.866025 0.866454 -0.426932 -0.258819 0.794748 -0.344057 -0.500000 0.661956 -0.248626 -0.707107 0.476163 -0.152542 -0.866025 0.886426 -0.383746 -0.258819 0.810727 -0.304503 -0.500000 0.673396 -0.215727 -0.707107 0.483097 -0.128909 -0.866025 0.904248 -0.339629 -0.258819 0.824738 -0.264210 -0.500000 0.683202 -0.182304 -0.707107 0.919876 -0.294688 -0.258819 0.836748 -0.223276 -0.500000 0.933271 -0.249032 -0.258819 0.424595 -0.264044 -0.866025 0.581351 -0.402531 -0.707107 -0.050493 0.965926 -0.253846 -0.099046 0.965926 -0.239118 -0.143792 0.965926 -0.215200 -0.183013 0.965926 -0.183013 -0.215200 0.965926 -0.143792 -0.239118 0.965926 -0.099046 -0.253846 0.965926 -0.050493 -0.490393 0.866025 -0.097545 -0.461940 0.866025 -0.191342 -0.415735 0.866025 -0.277785 -0.353553 0.866025 -0.353553 -0.277785 0.866025 -0.415735 -0.191342 0.866025 -0.461940 -0.097545 0.866025 -0.490393 -0.137950 0.707107 -0.693520 -0.168953 0.500000 -0.849385 -0.188443 0.258819 -0.947366 -0.258819 0.000000 -0.965926 -0.369644 0.258819 -0.892399 -0.500000 0.000000 -0.866025 -0.536640 0.258819 -0.803138 -0.707107 0.000000 -0.707107 -0.683013 0.258819 -0.683013 -0.803138 0.258819 -0.536640 -0.612372 0.500000 -0.612372 -0.720074 0.500000 -0.481138 -0.500000 0.707107 -0.500000 -0.587938 0.707107 -0.392847 -0.693520 0.707107 -0.137950 -0.653281 0.707107 -0.270598 -0.849385 0.500000 -0.168953 -0.800103 0.500000 -0.331414 -0.947366 0.258819 -0.188443 -0.892399 0.258819 -0.369644 -0.965926 0.000000 -0.258819 -0.866025 0.000000 -0.500000 -0.270598 0.707107 -0.653281 -0.392847 0.707107 -0.587938 -0.331414 0.500000 -0.800103 -0.481138 0.500000 -0.720074 0.698401 -0.667269 -0.258819 0.755141 -0.602308 -0.258819 0.805860 -0.532543 -0.258819 0.850153 -0.458533 -0.258819 0.888007 -0.380075 -0.258819 0.918424 -0.299181 -0.258819 0.941490 -0.215891 -0.258819 0.957019 -0.130874 -0.258819 0.964886 -0.044808 -0.258819 0.965029 0.041616 -0.258819 0.957446 0.127707 -0.258819 0.942199 0.212775 -0.258819 0.919409 0.296141 -0.258819 0.889259 0.377135 -0.258819 0.851990 0.455111 -0.258819 0.807900 0.529443 -0.258819 0.757343 0.599536 -0.258819 0.700723 0.664830 -0.258819 0.638494 0.724802 -0.258819 0.571153 0.778972 -0.258819 0.499239 0.826905 -0.258819 0.423330 0.868219 -0.258819 0.344031 0.902583 -0.258819 0.261978 0.929721 -0.258819 0.177828 0.949416 -0.258819 0.092254 0.961510 -0.258819 0.005942 0.965908 -0.258819 -0.080418 0.962572 -0.258819 -0.166134 0.951531 -0.258819 -0.250520 0.932873 -0.258819 -0.332901 0.906747 -0.258819 -0.412617 0.873361 -0.258819 -0.489029 0.832985 -0.258819 -0.561526 0.785939 -0.258819 -0.629529 0.732602 -0.258819 -0.692491 0.673401 -0.258819 -0.749910 0.608808 -0.258819 -0.801326 0.539342 -0.258819 -0.846327 0.465558 -0.258819 -0.884552 0.388046 -0.258819 -0.915697 0.307429 -0.258819 -0.939510 0.224350 -0.258819 -0.969096 0.150356 -0.195566 -0.912691 0.141136 -0.383504 -0.842342 0.201147 -0.500000 -0.821254 0.126307 -0.556407 -0.687769 0.164236 -0.707107 -0.698357 0.106610 -0.707765 -0.548964 0.083034 -0.831711 -0.486326 0.116132 -0.866025 -0.378681 0.056663 -0.923791 -0.251741 0.060115 -0.965926 -0.193741 0.028642 -0.980634 -0.001443 0.000211 -0.999999 0.626191 -0.598235 -0.500000 0.677080 -0.539966 -0.500000 0.722565 -0.477388 -0.500000 0.762285 -0.411000 -0.500000 0.796165 -0.340766 -0.500000 0.823437 -0.268238 -0.500000 0.844117 -0.193563 -0.500000 0.858039 -0.117338 -0.500000 0.865093 -0.040174 -0.500000 0.865221 0.037312 -0.500000 0.858423 0.114499 -0.500000 0.844753 0.190769 -0.500000 0.824320 0.265512 -0.500000 0.797288 0.338130 -0.500000 0.763873 0.408041 -0.500000 0.724344 0.474685 -0.500000 0.679015 0.537530 -0.500000 0.628251 0.596071 -0.500000 0.572458 0.649840 -0.500000 0.512082 0.698407 -0.500000 0.447606 0.741383 -0.500000 0.379547 0.778424 -0.500000 0.308450 0.809234 -0.500000 0.234883 0.833565 -0.500000 0.159436 0.851223 -0.500000 0.082713 0.862066 -0.500000 0.005327 0.866009 -0.500000 -0.072101 0.863019 -0.500000 -0.148952 0.853120 -0.500000 -0.224610 0.836391 -0.500000 -0.298471 0.812967 -0.500000 -0.369942 0.783034 -0.500000 -0.438451 0.746834 -0.500000 -0.503451 0.704654 -0.500000 -0.564420 0.656833 -0.500000 -0.620871 0.603754 -0.500000 -0.672351 0.545842 -0.500000 -0.718449 0.483560 -0.500000 -0.758796 0.417407 -0.500000 -0.793068 0.347913 -0.500000 -0.820991 0.275633 -0.500000 0.511300 -0.488439 -0.707107 0.552865 -0.440841 -0.707107 0.590014 -0.389723 -0.707107 0.622451 -0.335492 -0.707107 0.650066 -0.278234 -0.707107 0.672333 -0.219016 -0.707107 0.689219 -0.158043 -0.707107 0.700586 -0.095806 -0.707107 0.706346 -0.032802 -0.707107 0.706450 0.030465 -0.707107 0.700899 0.093488 -0.707107 0.689738 0.155762 -0.707107 0.673054 0.216790 -0.707107 0.650983 0.276082 -0.707107 0.623700 0.333164 -0.707107 0.591424 0.387579 -0.707107 0.554414 0.438891 -0.707107 0.512965 0.486690 -0.707107 0.467410 0.530592 -0.707107 0.418113 0.570247 -0.707107 0.365469 0.605337 -0.707107 0.309899 0.635581 -0.707107 0.251848 0.660736 -0.707107 0.191781 0.680603 -0.707107 0.130179 0.695020 -0.707107 0.067535 0.703874 -0.707107 0.004350 0.707093 -0.707107 -0.058870 0.704652 -0.707107 -0.121619 0.696569 -0.707107 -0.183394 0.682911 -0.707107 -0.243700 0.663785 -0.707107 -0.302056 0.639345 -0.707107 -0.357994 0.609787 -0.707107 -0.411066 0.575348 -0.707107 -0.460847 0.536302 -0.707107 -0.506939 0.492963 -0.707107 -0.548973 0.445678 -0.707107 -0.586611 0.394825 -0.707107 -0.619554 0.340812 -0.707107 -0.647537 0.284070 -0.707107 -0.670336 0.225054 -0.707107 0.361556 -0.345365 -0.866025 0.390956 -0.311694 -0.866025 0.417232 -0.275531 -0.866025 0.440173 -0.237166 -0.866025 0.459666 -0.196741 -0.866025 0.475412 -0.154867 -0.866025 0.487351 -0.111754 -0.866025 0.495389 -0.067745 -0.866025 0.499462 -0.023194 -0.866025 0.499536 0.021542 -0.866025 0.495611 0.066106 -0.866025 0.487718 0.110141 -0.866025 0.475921 0.153294 -0.866025 0.460314 0.195220 -0.866025 0.441023 0.235583 -0.866025 0.418200 0.274060 -0.866025 0.392030 0.310343 -0.866025 0.362721 0.344142 -0.866025 0.330509 0.375185 -0.866025 0.295650 0.403226 -0.866025 0.258425 0.428038 -0.866025 0.219132 0.449423 -0.866025 0.178083 0.467211 -0.866025 0.135610 0.481259 -0.866025 0.092050 0.491454 -0.866025 0.047754 0.497714 -0.866025 0.003076 0.499991 -0.866025 -0.041628 0.498264 -0.866025 -0.085997 0.492549 -0.866025 -0.129679 0.482891 -0.866025 -0.172322 0.469367 -0.866025 -0.213586 0.452085 -0.866025 -0.253140 0.431185 -0.866025 -0.290667 0.406832 -0.866025 -0.325868 0.379223 -0.866025 -0.358460 0.348578 -0.866025 -0.388182 0.315142 -0.866025 -0.414797 0.279184 -0.866025 -0.438091 0.240990 -0.866025 -0.457878 0.200868 -0.866025 -0.473999 0.159137 -0.866025 0.187161 -0.178768 -0.965926 0.202385 -0.161330 -0.965926 0.215991 -0.142602 -0.965926 0.227868 -0.122734 -0.965926 0.237941 -0.101841 -0.965926 0.246091 -0.080165 -0.965926 0.252272 -0.057848 -0.965926 0.256432 -0.035067 -0.965926 0.258540 -0.012006 -0.965926 0.258579 0.011151 -0.965926 0.256547 0.034219 -0.965926 0.252462 0.057013 -0.965926 0.246355 0.079351 -0.965926 0.238276 0.101053 -0.965926 0.228290 0.121947 -0.965926 0.216476 0.141864 -0.965926 0.202930 0.160645 -0.965926 0.187758 0.178141 -0.965926 0.171084 0.194210 -0.965926 0.153040 0.208725 -0.965926 0.133771 0.221569 -0.965926 0.113431 0.232639 -0.965926 0.092183 0.241846 -0.965926 0.070197 0.249118 -0.965926 0.047649 0.254395 -0.965926 0.024719 0.257636 -0.965926 0.001592 0.258814 -0.965926 -0.021548 0.257920 -0.965926 -0.044516 0.254962 -0.965926 -0.067127 0.249963 -0.965926 -0.089201 0.242962 -0.965926 -0.110560 0.234017 -0.965926 -0.131035 0.223198 -0.965926 -0.150461 0.210592 -0.965926 -0.168682 0.196300 -0.965926 -0.185553 0.180437 -0.965926 -0.200938 0.163130 -0.965926 -0.214715 0.144516 -0.965926 -0.226773 0.124746 -0.965926 -0.237015 0.103977 -0.965926 -0.245360 0.082375 -0.965926 -0.258819 -0.000000 -0.965926 -0.500000 -0.000000 -0.866025 -0.707107 -0.000000 -0.707107 -0.866025 -0.000000 -0.500000 -0.965926 -0.000000 -0.258819 -0.965926 -0.000000 -0.258819 -0.866025 -0.000000 -0.500000 -0.707107 -0.000000 -0.707107 -0.500000 -0.000000 -0.866025 -0.258819 -0.000000 -0.965926 -0.871050 0.417473 -0.258819 -0.897465 0.395360 -0.195566 -0.845190 0.372263 -0.383504 -0.780962 0.374296 -0.500000 -0.760455 0.334842 -0.556407 -0.637653 0.305612 -0.707107 -0.646589 0.284590 -0.707765 -0.450889 0.216100 -0.866025 -0.508205 0.223572 -0.831711 -0.350513 0.154113 -0.923791 -0.233397 0.111862 -0.965926 -0.179301 0.078786 -0.980634 -0.001335 0.000586 -0.999999 -0.229561 0.119537 -0.965926 -0.225472 0.127082 -0.965926 -0.221135 0.134487 -0.965926 -0.216555 0.141744 -0.965926 -0.211737 0.148845 -0.965926 -0.206686 0.155782 -0.965926 -0.201402 0.162556 -0.965926 -0.195906 0.169140 -0.965926 -0.190194 0.175537 -0.965926 -0.378454 0.326761 -0.866025 -0.367427 0.339112 -0.866025 -0.535206 0.462120 -0.707107 -0.519621 0.479577 -0.707107 -0.655479 0.565992 -0.500000 -0.636403 0.587360 -0.500000 -0.731079 0.631297 -0.258819 -0.709815 0.655115 -0.258819 -0.751545 0.606789 -0.258819 -0.673839 0.544005 -0.500000 -0.550205 0.444156 -0.707107 -0.389066 0.314050 -0.866025 -0.771364 0.581387 -0.258819 -0.691586 0.521257 -0.500000 -0.564677 0.425605 -0.707107 -0.399287 0.300948 -0.866025 -0.790213 0.555496 -0.258819 -0.708486 0.498044 -0.500000 -0.724607 0.474283 -0.500000 -0.591639 0.387251 -0.707107 -0.604152 0.367424 -0.707107 -0.427200 0.259808 -0.866025 -0.435578 0.245503 -0.866025 -0.808194 0.528994 -0.258819 -0.739932 0.450001 -0.500000 -0.616000 0.347194 -0.707107 -0.443477 0.230929 -0.866025 -0.825287 0.501911 -0.258819 -0.754443 0.425224 -0.500000 -0.627171 0.326582 -0.707107 -0.841472 0.474276 -0.258819 -0.768125 0.399980 -0.500000 -0.856732 0.446120 -0.258819 -0.418352 0.273828 -0.866025 -0.409045 0.287546 -0.866025 -0.578476 0.406651 -0.707107 -0.250872 0.063644 -0.965926 -0.484648 0.122950 -0.866025 -0.685395 0.173878 -0.707107 -0.839434 0.212956 -0.500000 -0.936267 0.237521 -0.258819 -0.849113 0.460456 -0.258819 -0.761294 0.412834 -0.500000 -0.621594 0.337077 -0.707107 -0.439533 0.238350 -0.866025 -0.227519 0.123379 -0.965926</float_array>
          <technique_common>
            <accessor source="#Base0-mesh-normals-array" count="3902" stride="3">
              <param name="X" type="float"/>
              <param name="Y" type="float"/>
              <param name="Z" type="float"/>
            </accessor>
          </technique_common>
        </source>
        <vertices id="Base0-mesh-vertices">
          <input semantic="POSITION" source="#Base0-mesh-positions"/>
        </vertices>
        <triangles material="Opaque_128_0_0_" count="287">
          <input semantic="VERTEX" source="#Base0-mesh-vertices" offset="0"/>
          <input semantic="NORMAL" source="#Base0-mesh-normals" offset="1"/>
          <p>1 0 169 1 0 2 0 2 169 1 85 3 0 2 85 3 84 4 84 4 85 3 86 5 84 4 86 5 83 6 83 6 86 5 87 7 83 6 87 7 82 8 82 8 87 7 88 9 82 8 88 9 81 10 81 10 88 9 89 11 81 10 89 11 80 12 80 12 89 11 90 13 80 12 90 13 79 14 79 14 90 13 91 15 79 14 91 15 78 16 78 16 91 15 92 17 78 16 92 17 77 18 77 18 92 17 93 19 77 18 93 19 76 20 76 20 93 19 94 21 76 20 94 21 75 22 75 22 94 21 95 23 75 22 95 23 74 24 74 24 95 23 96 25 74 24 96 25 73 26 73 26 96 25 97 27 73 26 97 27 72 28 72 28 97 27 98 29 72 28 98 29 71 30 71 30 98 29 99 31 71 30 99 31 70 32 70 32 99 31 100 33 70 32 100 33 69 34 69 34 100 33 101 35 69 34 101 35 68 36 68 36 101 35 102 37 68 36 102 37 67 38 67 38 102 37 103 39 67 38 103 39 66 40 66 40 103 39 104 41 66 40 104 41 65 42 65 42 104 41 105 43 65 42 105 43 64 44 64 44 105 43 106 45 64 44 106 45 63 46 63 46 106 45 107 47 63 46 107 47 62 48 62 48 107 47 108 49 62 48 108 49 61 50 61 50 108 49 109 51 61 50 109 51 60 52 60 52 109 51 110 53 60 52 110 53 59 54 59 54 110 53 111 55 59 54 111 55 58 56 58 56 111 55 112 57 58 56 112 57 57 58 57 58 112 57 113 59 57 58 113 59 56 60 56 60 113 59 114 61 56 60 114 61 55 62 55 62 114 61 115 63 55 62 115 63 54 64 54 64 115 63 116 65 54 64 116 65 53 66 53 66 116 65 117 67 53 66 117 67 52 68 52 68 117 67 118 69 52 68 118 69 51 70 51 70 118 69 119 71 51 70 119 71 50 72 50 72 119 71 120 73 50 72 120 73 49 74 49 74 120 73 121 75 49 74 121 75 48 76 48 76 121 75 122 77 48 76 122 77 47 78 47 78 122 77 123 79 47 78 123 79 46 80 46 80 123 79 124 81 46 80 124 81 45 82 45 82 124 81 125 83 45 82 125 83 44 84 44 84 125 83 126 85 44 84 126 85 43 86 43 86 126 85 127 87 43 86 127 87 42 88 42 88 127 87 128 89 42 88 128 89 41 90 41 90 128 89 129 91 41 90 129 91 40 92 40 92 129 91 130 93 40 92 130 93 39 94 39 94 130 93 131 95 39 94 131 95 38 96 38 96 131 95 132 97 38 96 132 97 37 98 37 98 132 97 133 99 37 98 133 99 36 100 36 100 133 99 134 101 36 100 134 101 35 102 35 102 134 101 135 103 35 102 135 103 34 104 34 104 135 103 136 105 34 104 136 105 33 106 33 106 136 105 137 107 33 106 137 107 32 108 32 108 137 107 138 109 32 108 138 109 31 110 31 110 138 109 139 111 31 110 139 111 30 112 30 112 139 111 140 113 30 112 140 113 29 114 29 114 140 113 141 115 29 114 141 115 28 116 28 116 141 115 142 117 28 116 142 117 27 118 27 118 142 117 143 119 27 118 143 119 26 120 26 120 143 119 144 121 26 120 144 121 25 122 25 122 144 121 145 123 25 122 145 123 24 124 24 124 145 123 146 125 24 124 146 125 23 126 23 126 146 125 147 127 23 126 147 127 22 128 22 128 147 127 148 129 22 128 148 129 21 130 21 130 148 129 149 131 21 130 149 131 20 132 20 132 149 131 150 133 20 132 150 133 19 134 19 134 150 133 151 135 19 134 151 135 18 136 18 136 151 135 152 137 18 136 152 137 17 138 17 138 152 137 153 139 17 138 153 139 16 140 16 140 153 139 154 141 16 140 154 141 15 142 15 142 154 141 155 143 15 142 155 143 14 144 14 144 155 143 156 145 14 144 156 145 13 146 13 146 156 145 157 147 13 146 157 147 12 148 12 148 157 147 158 149 12 148 158 149 11 150 11 150 158 149 159 151 11 150 159 151 10 152 10 152 159 151 160 153 10 152 160 153 9 154 9 154 160 153 161 155 9 154 161 155 8 156 8 156 161 155 162 157 8 156 162 157 7 158 7 158 162 157 163 159 7 158 163 159 6 160 6 160 163 159 164 161 6 160 164 161 5 162 5 162 164 161 165 163 5 162 165 163 4 164 4 164 165 163 166 165 4 164 166 165 3 166 3 166 166 165 167 167 3 166 167 167 2 168 2 168 167 167 168 169 2 168 168 169 1 0 1 0 168 169 169 1 171 170 262 171 170 172 170 172 262 171 263 173 170 172 263 173 254 174 254 174 263 173 253 175 253 175 263 173 252 176 252 176 263 173 251 177 251 177 263 173 250 178 250 178 263 173 249 179 249 179 263 173 248 180 248 180 263 173 247 181 247 181 263 173 246 182 246 182 263 173 245 183 245 183 263 173 244 184 244 184 263 173 243 185 243 185 263 173 242 186 242 186 263 173 264 187 242 186 264 187 241 188 241 188 264 187 265 189 241 188 265 189 240 190 240 190 265 189 266 191 240 190 266 191 239 192 239 192 266 191 267 193 239 192 267 193 238 194 238 194 267 193 268 195 238 194 268 195 269 196 171 170 172 197 262 171 262 171 172 197 173 198 262 171 173 198 174 199 174 199 175 200 262 171 262 171 175 200 176 201 262 171 176 201 177 202 177 202 178 203 262 171 262 171 178 203 179 204 262 171 179 204 180 205 180 205 181 206 262 171 262 171 181 206 182 207 262 171 182 207 183 208 262 171 183 208 261 209 261 209 183 208 184 210 261 209 184 210 260 211 260 211 184 210 185 212 260 211 185 212 259 213 259 213 185 212 186 214 259 213 186 214 258 215 258 215 186 214 187 216 258 215 187 216 257 217 257 217 187 216 256 218 256 218 187 216 188 219 256 218 188 219 255 220 255 220 188 219 189 221 255 220 189 221 190 222 190 222 191 223 255 220 255 220 191 223 286 224 286 224 191 223 192 225 286 224 192 225 193 226 193 226 194 227 286 224 286 224 194 227 285 228 285 228 194 227 195 229 285 228 195 229 284 230 284 230 195 229 196 231 284 230 196 231 283 232 283 232 196 231 197 233 283 232 197 233 282 234 282 234 197 233 198 235 282 234 198 235 281 236 281 236 198 235 280 237 280 237 198 235 199 238 280 237 199 238 279 239 279 239 199 238 200 240 279 239 200 240 201 241 201 241 202 242 279 239 279 239 202 242 203 243 279 239 203 243 204 244 204 244 205 245 279 239 279 239 205 245 206 246 279 239 206 246 207 247 207 247 208 248 279 239 279 239 208 248 209 249 279 239 209 249 210 250 210 250 211 251 279 239 279 239 211 251 212 252 279 239 212 252 278 253 278 253 212 252 213 254 278 253 213 254 214 255 214 255 215 256 278 253 278 253 215 256 216 257 278 253 216 257 217 258 217 258 218 259 278 253 278 253 218 259 219 260 278 253 219 260 220 261 220 261 221 262 278 253 278 253 221 262 222 263 278 253 222 263 223 264 223 264 224 265 278 253 278 253 224 265 225 266 278 253 225 266 226 267 278 253 226 267 277 268 277 268 226 267 227 269 277 268 227 269 276 270 276 270 227 269 275 271 275 271 227 269 228 272 275 271 228 272 274 273 274 273 228 272 229 274 274 273 229 274 273 275 273 275 229 274 230 276 273 275 230 276 272 277 272 277 230 276 231 278 272 277 231 278 271 279 271 279 231 278 232 280 271 279 232 280 233 281 233 281 234 282 271 279 271 279 234 282 270 283 270 283 234 282 235 284 270 283 235 284 236 285 236 285 237 286 270 283 270 283 237 286 269 196 269 196 237 286 238 194</p>
        </triangles>
        <triangles material="Steel_-_Satin" count="5523">
          <input semantic="VERTEX" source="#Base0-mesh-vertices" offset="0"/>
          <input semantic="NORMAL" source="#Base0-mesh-normals" offset="1"/>
          <p>169 287 128 288 85 289 85 289 128 288 127 290 85 289 127 290 86 291 86 291 127 290 126 292 86 291 126 292 87 293 87 293 126 292 125 294 87 293 125 294 88 295 88 295 125 294 89 296 89 296 125 294 90 297 90 297 125 294 91 298 91 298 125 294 92 299 92 299 125 294 93 300 93 300 125 294 94 301 94 301 125 294 95 302 95 302 125 294 96 303 96 303 125 294 97 304 97 304 125 294 98 305 98 305 125 294 99 306 99 306 125 294 100 307 100 307 125 294 101 308 101 308 125 294 102 309 102 309 125 294 103 310 103 310 125 294 104 311 104 311 125 294 105 312 105 312 125 294 106 313 106 313 125 294 107 314 107 314 125 294 108 315 108 315 125 294 109 316 109 316 125 294 110 317 110 317 125 294 111 318 111 318 125 294 112 319 112 319 125 294 113 320 113 320 125 294 114 321 114 321 125 294 115 322 115 322 125 294 116 323 116 323 125 294 117 324 117 324 125 294 118 325 118 325 125 294 119 326 119 326 125 294 120 327 120 327 125 294 121 328 121 328 125 294 122 329 122 329 125 294 123 330 123 330 125 294 124 331 128 288 169 287 129 332 129 332 169 287 168 333 129 332 168 333 130 334 130 334 168 333 167 335 130 334 167 335 131 336 131 336 167 335 166 337 131 336 166 337 132 338 132 338 166 337 165 339 132 338 165 339 133 340 133 340 165 339 164 341 133 340 164 341 134 342 134 342 164 341 163 343 134 342 163 343 135 344 135 344 163 343 162 345 135 344 162 345 136 346 136 346 162 345 161 347 136 346 161 347 137 348 137 348 161 347 160 349 137 348 160 349 138 350 138 350 160 349 159 351 138 350 159 351 139 352 139 352 159 351 158 353 139 352 158 353 140 354 140 354 158 353 157 355 140 354 157 355 141 356 141 356 157 355 156 357 141 356 156 357 142 358 142 358 156 357 155 359 142 358 155 359 143 360 143 360 155 359 154 361 143 360 154 361 144 362 144 362 154 361 153 363 144 362 153 363 145 364 145 364 153 363 152 365 145 364 152 365 146 366 146 366 152 365 151 367 146 366 151 367 147 368 147 368 151 367 150 369 147 368 150 369 148 370 148 370 150 369 149 371 632 718 726 719 631 720 631 720 726 719 727 721 631 720 727 721 694 722 694 722 727 721 728 723 694 722 728 723 693 724 693 724 728 723 729 725 693 724 729 725 692 726 692 726 729 725 730 727 692 726 730 727 691 728 691 728 730 727 731 729 691 728 731 729 690 730 690 730 731 729 732 731 690 730 732 731 689 732 689 732 732 731 733 733 689 732 733 733 688 734 688 734 733 733 734 735 688 734 734 735 687 736 687 736 734 735 735 737 687 736 735 737 686 738 686 738 735 737 736 739 686 738 736 739 685 740 685 740 736 739 737 741 685 740 737 741 684 742 684 742 737 741 738 743 684 742 738 743 683 744 683 744 738 743 739 745 683 744 739 745 682 746 682 746 739 745 740 747 682 746 740 747 681 748 681 748 740 747 741 749 681 748 741 749 680 750 680 750 741 749 742 751 680 750 742 751 679 752 679 752 742 751 743 753 679 752 743 753 678 754 678 754 743 753 744 755 678 754 744 755 677 756 677 756 744 755 745 757 677 756 745 757 676 758 676 758 745 757 746 759 676 758 746 759 675 760 675 760 746 759 747 761 675 760 747 761 674 762 674 762 747 761 748 763 674 762 748 763 673 764 673 764 748 763 749 765 673 764 749 765 672 766 672 766 749 765 750 767 672 766 750 767 671 768 671 768 750 767 751 769 671 768 751 769 670 770 670 770 751 769 752 771 670 770 752 771 669 772 669 772 752 771 753 773 669 772 753 773 668 774 668 774 753 773 754 775 668 774 754 775 667 776 667 776 754 775 755 777 667 776 755 777 666 778 666 778 755 777 756 779 666 778 756 779 665 780 665 780 756 779 757 781 665 780 757 781 664 782 664 782 757 781 758 783 664 782 758 783 663 784 663 784 758 783 695 785 663 784 695 785 662 786 662 786 695 785 696 787 662 786 696 787 661 788 661 788 696 787 697 789 661 788 697 789 660 790 660 790 697 789 698 791 660 790 698 791 659 792 659 792 698 791 699 793 659 792 699 793 658 794 658 794 699 793 700 795 658 794 700 795 657 796 657 796 700 795 701 797 657 796 701 797 656 798 656 798 701 797 702 799 656 798 702 799 655 800 655 800 702 799 703 801 655 800 703 801 654 802 654 802 703 801 704 803 654 802 704 803 653 804 653 804 704 803 705 805 653 804 705 805 652 806 652 806 705 805 706 807 652 806 706 807 651 808 651 808 706 807 707 809 651 808 707 809 650 810 650 810 707 809 708 811 650 810 708 811 649 812 649 812 708 811 709 813 649 812 709 813 648 814 648 814 709 813 710 815 648 814 710 815 647 816 647 816 710 815 711 817 647 816 711 817 646 818 646 818 711 817 712 819 646 818 712 819 645 820 645 820 712 819 713 821 645 820 713 821 644 822 644 822 713 821 714 823 644 822 714 823 643 824 643 824 714 823 715 825 643 824 715 825 642 826 642 826 715 825 716 827 642 826 716 827 641 828 641 828 716 827 717 829 641 828 717 829 640 830 640 830 717 829 718 831 640 830 718 831 639 832 639 832 718 831 719 833 639 832 719 833 638 834 638 834 719 833 720 835 638 834 720 835 637 836 637 836 720 835 721 837 637 836 721 837 636 838 636 838 721 837 722 839 636 838 722 839 635 840 635 840 722 839 723 841 635 840 723 841 634 842 634 842 723 841 724 843 634 842 724 843 633 844 633 844 724 843 725 845 633 844 725 845 632 718 632 718 725 845 726 719 1000 1150 1024 1151 999 1152 999 1152 1024 1151 1025 1153 999 1152 1025 1153 1022 1154 1022 1154 1025 1153 1046 1155 1022 1154 1046 1155 1021 1156 1021 1156 1046 1155 1045 1157 1021 1156 1045 1157 1020 1158 1020 1158 1045 1157 1044 1159 1020 1158 1044 1159 1019 1160 1019 1160 1044 1159 1043 1161 1019 1160 1043 1161 1018 1162 1018 1162 1043 1161 1042 1163 1018 1162 1042 1163 1017 1164 1017 1164 1042 1163 1041 1165 1017 1164 1041 1165 1016 1166 1016 1166 1041 1165 1040 1167 1016 1166 1040 1167 1015 1168 1015 1168 1040 1167 1039 1169 1015 1168 1039 1169 1014 1170 1014 1170 1039 1169 1038 1171 1014 1170 1038 1171 1013 1172 1013 1172 1038 1171 1037 1173 1013 1172 1037 1173 1012 1174 1012 1174 1037 1173 1036 1175 1012 1174 1036 1175 1011 1176 1011 1176 1036 1175 1023 1177 1011 1176 1023 1177 1010 1178 1010 1178 1023 1177 1035 1179 1010 1178 1035 1179 1009 1180 1009 1180 1035 1179 1034 1181 1009 1180 1034 1181 1008 1182 1008 1182 1034 1181 1033 1183 1008 1182 1033 1183 1007 1184 1007 1184 1033 1183 1032 1185 1007 1184 1032 1185 1006 1186 1006 1186 1032 1185 1031 1187 1006 1186 1031 1187 1005 1188 1005 1188 1031 1187 1030 1189 1005 1188 1030 1189 1004 1190 1004 1190 1030 1189 1029 1191 1004 1190 1029 1191 1003 1192 1003 1192 1029 1191 1028 1193 1003 1192 1028 1193 1002 1194 1002 1194 1028 1193 1027 1195 1002 1194 1027 1195 1001 1196 1001 1196 1027 1195 1026 1197 1001 1196 1026 1197 1000 1150 1000 1150 1026 1197 1024 1151 998 1198 1046 1155 975 1199 975 1199 1046 1155 1025 1153 975 1199 1025 1153 976 1200 976 1200 1025 1153 1024 1151 976 1200 1024 1151 977 1201 977 1201 1024 1151 1026 1197 977 1201 1026 1197 978 1202 978 1202 1026 1197 1027 1195 978 1202 1027 1195 979 1203 979 1203 1027 1195 1028 1193 979 1203 1028 1193 980 1204 980 1204 1028 1193 1029 1191 980 1204 1029 1191 981 1205 981 1205 1029 1191 1030 1189 981 1205 1030 1189 982 1206 982 1206 1030 1189 1031 1187 982 1206 1031 1187 983 1207 983 1207 1031 1187 1032 1185 983 1207 1032 1185 984 1208 984 1208 1032 1185 1033 1183 984 1208 1033 1183 985 1209 985 1209 1033 1183 1034 1181 985 1209 1034 1181 986 1210 986 1210 1034 1181 1035 1179 986 1210 1035 1179 987 1211 987 1211 1035 1179 1023 1177 987 1211 1023 1177 988 1212 988 1212 1023 1177 1036 1175 988 1212 1036 1175 989 1213 989 1213 1036 1175 1037 1173 989 1213 1037 1173 990 1214 990 1214 1037 1173 1038 1171 990 1214 1038 1171 991 1215 991 1215 1038 1171 1039 1169 991 1215 1039 1169 992 1216 992 1216 1039 1169 1040 1167 992 1216 1040 1167 993 1217 993 1217 1040 1167 1041 1165 993 1217 1041 1165 994 1218 994 1218 1041 1165 1042 1163 994 1218 1042 1163 995 1219 995 1219 1042 1163 1043 1161 995 1219 1043 1161 996 1220 996 1220 1043 1161 1044 1159 996 1220 1044 1159 997 1221 997 1221 1044 1159 1045 1157 997 1221 1045 1157 998 1198 998 1198 1045 1157 1046 1155 1022 1222 1012 1223 999 1224 999 1224 1012 1223 1011 1225 999 1224 1011 1225 1000 1226 1000 1226 1011 1225 1010 1227 1000 1226 1010 1227 1001 1228 1001 1228 1010 1227 1009 1229 1001 1228 1009 1229 1002 1230 1002 1230 1009 1229 1008 1231 1002 1230 1008 1231 1003 1232 1003 1232 1008 1231 1007 1233 1003 1232 1007 1233 1004 1234 1004 1234 1007 1233 1006 1235 1004 1234 1006 1235 1005 1236 1012 1223 1022 1222 1013 1237 1013 1237 1022 1222 1021 1238 1013 1237 1021 1238 1014 1239 1014 1239 1021 1238 1020 1240 1014 1239 1020 1240 1015 1241 1015 1241 1020 1240 1019 1242 1015 1241 1019 1242 1016 1243 1016 1243 1019 1242 1018 1244 1016 1243 1018 1244 1017 1245 1048 1246 1072 1247 1047 1248 1047 1248 1072 1247 1073 1249 1047 1248 1073 1249 1070 1250 1070 1250 1073 1249 1094 1251 1070 1250 1094 1251 1069 1252 1069 1252 1094 1251 1093 1253 1069 1252 1093 1253 1068 1254 1068 1254 1093 1253 1092 1255 1068 1254 1092 1255 1067 1256 1067 1256 1092 1255 1091 1257 1067 1256 1091 1257 1066 1258 1066 1258 1091 1257 1090 1259 1066 1258 1090 1259 1065 1260 1065 1260 1090 1259 1089 1261 1065 1260 1089 1261 1064 1262 1064 1262 1089 1261 1088 1263 1064 1262 1088 1263 1063 1264 1063 1264 1088 1263 1087 1265 1063 1264 1087 1265 1062 1266 1062 1266 1087 1265 1086 1267 1062 1266 1086 1267 1061 1268 1061 1268 1086 1267 1085 1269 1061 1268 1085 1269 1060 1270 1060 1270 1085 1269 1084 1271 1060 1270 1084 1271 1059 1272 1059 1272 1084 1271 1071 1273 1059 1272 1071 1273 1058 1274 1058 1274 1071 1273 1083 1275 1058 1274 1083 1275 1057 1276 1057 1276 1083 1275 1082 1277 1057 1276 1082 1277 1056 1278 1056 1278 1082 1277 1081 1279 1056 1278 1081 1279 1055 1280 1055 1280 1081 1279 1080 1281 1055 1280 1080 1281 1054 1282 1054 1282 1080 1281 1079 1283 1054 1282 1079 1283 1053 1284 1053 1284 1079 1283 1078 1285 1053 1284 1078 1285 1052 1286 1052 1286 1078 1285 1077 1287 1052 1286 1077 1287 1051 1288 1051 1288 1077 1287 1076 1289 1051 1288 1076 1289 1050 1290 1050 1290 1076 1289 1075 1291 1050 1290 1075 1291 1049 1292 1049 1292 1075 1291 1074 1293 1049 1292 1074 1293 1048 1246 1048 1246 1074 1293 1072 1247 974 1294 1094 1251 951 1295 951 1295 1094 1251 1073 1249 951 1295 1073 1249 952 1296 952 1296 1073 1249 1072 1247 952 1296 1072 1247 953 1297 953 1297 1072 1247 1074 1293 953 1297 1074 1293 954 1298 954 1298 1074 1293 1075 1291 954 1298 1075 1291 955 1299 955 1299 1075 1291 1076 1289 955 1299 1076 1289 956 1300 956 1300 1076 1289 1077 1287 956 1300 1077 1287 957 1301 957 1301 1077 1287 1078 1285 957 1301 1078 1285 958 1302 958 1302 1078 1285 1079 1283 958 1302 1079 1283 959 1303 959 1303 1079 1283 1080 1281 959 1303 1080 1281 960 1304 960 1304 1080 1281 1081 1279 960 1304 1081 1279 961 1305 961 1305 1081 1279 1082 1277 961 1305 1082 1277 962 1306 962 1306 1082 1277 1083 1275 962 1306 1083 1275 963 1307 963 1307 1083 1275 1071 1273 963 1307 1071 1273 964 1308 964 1308 1071 1273 1084 1271 964 1308 1084 1271 965 1309 965 1309 1084 1271 1085 1269 965 1309 1085 1269 966 1310 966 1310 1085 1269 1086 1267 966 1310 1086 1267 967 1311 967 1311 1086 1267 1087 1265 967 1311 1087 1265 968 1312 968 1312 1087 1265 1088 1263 968 1312 1088 1263 969 1313 969 1313 1088 1263 1089 1261 969 1313 1089 1261 970 1314 970 1314 1089 1261 1090 1259 970 1314 1090 1259 971 1315 971 1315 1090 1259 1091 1257 971 1315 1091 1257 972 1316 972 1316 1091 1257 1092 1255 972 1316 1092 1255 973 1317 973 1317 1092 1255 1093 1253 973 1317 1093 1253 974 1294 974 1294 1093 1253 1094 1251 1070 1318 1060 1319 1047 1320 1047 1320 1060 1319 1059 1321 1047 1320 1059 1321 1048 1322 1048 1322 1059 1321 1058 1323 1048 1322 1058 1323 1049 1324 1049 1324 1058 1323 1057 1325 1049 1324 1057 1325 1050 1326 1050 1326 1057 1325 1056 1327 1050 1326 1056 1327 1051 1328 1051 1328 1056 1327 1055 1329 1051 1328 1055 1329 1052 1330 1052 1330 1055 1329 1054 1331 1052 1330 1054 1331 1053 1332 1060 1319 1070 1318 1061 1333 1061 1333 1070 1318 1069 1334 1061 1333 1069 1334 1062 1335 1062 1335 1069 1334 1068 1336 1062 1335 1068 1336 1063 1337 1063 1337 1068 1336 1067 1338 1063 1337 1067 1338 1064 1339 1064 1339 1067 1338 1066 1340 1064 1339 1066 1340 1065 1341 1096 1342 1120 1343 1095 1344 1095 1344 1120 1343 1121 1345 1095 1344 1121 1345 1118 1346 1118 1346 1121 1345 1142 1347 1118 1346 1142 1347 1117 1348 1117 1348 1142 1347 1141 1349 1117 1348 1141 1349 1116 1350 1116 1350 1141 1349 1140 1351 1116 1350 1140 1351 1115 1352 1115 1352 1140 1351 1139 1353 1115 1352 1139 1353 1114 1354 1114 1354 1139 1353 1138 1355 1114 1354 1138 1355 1113 1356 1113 1356 1138 1355 1137 1357 1113 1356 1137 1357 1112 1358 1112 1358 1137 1357 1136 1359 1112 1358 1136 1359 1111 1360 1111 1360 1136 1359 1135 1361 1111 1360 1135 1361 1110 1362 1110 1362 1135 1361 1134 1363 1110 1362 1134 1363 1109 1364 1109 1364 1134 1363 1133 1365 1109 1364 1133 1365 1108 1366 1108 1366 1133 1365 1132 1367 1108 1366 1132 1367 1107 1368 1107 1368 1132 1367 1119 1369 1107 1368 1119 1369 1106 1370 1106 1370 1119 1369 1131 1371 1106 1370 1131 1371 1105 1372 1105 1372 1131 1371 1130 1373 1105 1372 1130 1373 1104 1374 1104 1374 1130 1373 1129 1375 1104 1374 1129 1375 1103 1376 1103 1376 1129 1375 1128 1377 1103 1376 1128 1377 1102 1378 1102 1378 1128 1377 1127 1379 1102 1378 1127 1379 1101 1380 1101 1380 1127 1379 1126 1381 1101 1380 1126 1381 1100 1382 1100 1382 1126 1381 1125 1383 1100 1382 1125 1383 1099 1384 1099 1384 1125 1383 1124 1385 1099 1384 1124 1385 1098 1386 1098 1386 1124 1385 1123 1387 1098 1386 1123 1387 1097 1388 1097 1388 1123 1387 1122 1389 1097 1388 1122 1389 1096 1342 1096 1342 1122 1389 1120 1343 950 1390 1142 1347 927 1391 927 1391 1142 1347 1121 1345 927 1391 1121 1345 928 1392 928 1392 1121 1345 1120 1343 928 1392 1120 1343 929 1393 929 1393 1120 1343 1122 1389 929 1393 1122 1389 930 1394 930 1394 1122 1389 1123 1387 930 1394 1123 1387 931 1395 931 1395 1123 1387 1124 1385 931 1395 1124 1385 932 1396 932 1396 1124 1385 1125 1383 932 1396 1125 1383 933 1397 933 1397 1125 1383 1126 1381 933 1397 1126 1381 934 1398 934 1398 1126 1381 1127 1379 934 1398 1127 1379 935 1399 935 1399 1127 1379 1128 1377 935 1399 1128 1377 936 1400 936 1400 1128 1377 1129 1375 936 1400 1129 1375 937 1401 937 1401 1129 1375 1130 1373 937 1401 1130 1373 938 1402 938 1402 1130 1373 1131 1371 938 1402 1131 1371 939 1403 939 1403 1131 1371 1119 1369 939 1403 1119 1369 940 1404 940 1404 1119 1369 1132 1367 940 1404 1132 1367 941 1405 941 1405 1132 1367 1133 1365 941 1405 1133 1365 942 1406 942 1406 1133 1365 1134 1363 942 1406 1134 1363 943 1407 943 1407 1134 1363 1135 1361 943 1407 1135 1361 944 1408 944 1408 1135 1361 1136 1359 944 1408 1136 1359 945 1409 945 1409 1136 1359 1137 1357 945 1409 1137 1357 946 1410 946 1410 1137 1357 1138 1355 946 1410 1138 1355 947 1411 947 1411 1138 1355 1139 1353 947 1411 1139 1353 948 1412 948 1412 1139 1353 1140 1351 948 1412 1140 1351 949 1413 949 1413 1140 1351 1141 1349 949 1413 1141 1349 950 1390 950 1390 1141 1349 1142 1347 1118 1414 1108 1415 1095 1416 1095 1416 1108 1415 1107 1417 1095 1416 1107 1417 1096 1418 1096 1418 1107 1417 1106 1419 1096 1418 1106 1419 1097 1420 1097 1420 1106 1419 1105 1421 1097 1420 1105 1421 1098 1422 1098 1422 1105 1421 1104 1423 1098 1422 1104 1423 1099 1424 1099 1424 1104 1423 1103 1425 1099 1424 1103 1425 1100 1426 1100 1426 1103 1425 1102 1427 1100 1426 1102 1427 1101 1428 1108 1415 1118 1414 1109 1429 1109 1429 1118 1414 1117 1430 1109 1429 1117 1430 1110 1431 1110 1431 1117 1430 1116 1432 1110 1431 1116 1432 1111 1433 1111 1433 1116 1432 1115 1434 1111 1433 1115 1434 1112 1435 1112 1435 1115 1434 1114 1436 1112 1435 1114 1436 1113 1437 1144 1438 1168 1439 1143 1440 1143 1440 1168 1439 1169 1441 1143 1440 1169 1441 1166 1442 1166 1442 1169 1441 1190 1443 1166 1442 1190 1443 1165 1444 1165 1444 1190 1443 1189 1445 1165 1444 1189 1445 1164 1446 1164 1446 1189 1445 1188 1447 1164 1446 1188 1447 1163 1448 1163 1448 1188 1447 1187 1449 1163 1448 1187 1449 1162 1450 1162 1450 1187 1449 1186 1451 1162 1450 1186 1451 1161 1452 1161 1452 1186 1451 1185 1453 1161 1452 1185 1453 1160 1454 1160 1454 1185 1453 1184 1455 1160 1454 1184 1455 1159 1456 1159 1456 1184 1455 1183 1457 1159 1456 1183 1457 1158 1458 1158 1458 1183 1457 1182 1459 1158 1458 1182 1459 1157 1460 1157 1460 1182 1459 1181 1461 1157 1460 1181 1461 1156 1462 1156 1462 1181 1461 1180 1463 1156 1462 1180 1463 1155 1464 1155 1464 1180 1463 1167 1465 1155 1464 1167 1465 1154 1466 1154 1466 1167 1465 1179 1467 1154 1466 1179 1467 1153 1468 1153 1468 1179 1467 1178 1469 1153 1468 1178 1469 1152 1470 1152 1470 1178 1469 1177 1471 1152 1470 1177 1471 1151 1472 1151 1472 1177 1471 1176 1473 1151 1472 1176 1473 1150 1474 1150 1474 1176 1473 1175 1475 1150 1474 1175 1475 1149 1476 1149 1476 1175 1475 1174 1477 1149 1476 1174 1477 1148 1478 1148 1478 1174 1477 1173 1479 1148 1478 1173 1479 1147 1480 1147 1480 1173 1479 1172 1481 1147 1480 1172 1481 1146 1482 1146 1482 1172 1481 1171 1483 1146 1482 1171 1483 1145 1484 1145 1484 1171 1483 1170 1485 1145 1484 1170 1485 1144 1438 1144 1438 1170 1485 1168 1439 926 1486 1190 1443 903 1487 903 1487 1190 1443 1169 1441 903 1487 1169 1441 904 1488 904 1488 1169 1441 1168 1439 904 1488 1168 1439 905 1489 905 1489 1168 1439 1170 1485 905 1489 1170 1485 906 1490 906 1490 1170 1485 1171 1483 906 1490 1171 1483 907 1491 907 1491 1171 1483 1172 1481 907 1491 1172 1481 908 1492 908 1492 1172 1481 1173 1479 908 1492 1173 1479 909 1493 909 1493 1173 1479 1174 1477 909 1493 1174 1477 910 1494 910 1494 1174 1477 1175 1475 910 1494 1175 1475 911 1495 911 1495 1175 1475 1176 1473 911 1495 1176 1473 912 1496 912 1496 1176 1473 1177 1471 912 1496 1177 1471 913 1497 913 1497 1177 1471 1178 1469 913 1497 1178 1469 914 1498 914 1498 1178 1469 1179 1467 914 1498 1179 1467 915 1499 915 1499 1179 1467 1167 1465 915 1499 1167 1465 916 1500 916 1500 1167 1465 1180 1463 916 1500 1180 1463 917 1501 917 1501 1180 1463 1181 1461 917 1501 1181 1461 918 1502 918 1502 1181 1461 1182 1459 918 1502 1182 1459 919 1503 919 1503 1182 1459 1183 1457 919 1503 1183 1457 920 1504 920 1504 1183 1457 1184 1455 920 1504 1184 1455 921 1505 921 1505 1184 1455 1185 1453 921 1505 1185 1453 922 1506 922 1506 1185 1453 1186 1451 922 1506 1186 1451 923 1507 923 1507 1186 1451 1187 1449 923 1507 1187 1449 924 1508 924 1508 1187 1449 1188 1447 924 1508 1188 1447 925 1509 925 1509 1188 1447 1189 1445 925 1509 1189 1445 926 1486 926 1486 1189 1445 1190 1443 1166 1510 1156 1511 1143 1512 1143 1512 1156 1511 1155 1513 1143 1512 1155 1513 1144 1514 1144 1514 1155 1513 1154 1515 1144 1514 1154 1515 1145 1516 1145 1516 1154 1515 1153 1517 1145 1516 1153 1517 1146 1518 1146 1518 1153 1517 1152 1519 1146 1518 1152 1519 1147 1520 1147 1520 1152 1519 1151 1521 1147 1520 1151 1521 1148 1522 1148 1522 1151 1521 1150 1523 1148 1522 1150 1523 1149 1524 1156 1511 1166 1510 1157 1525 1157 1525 1166 1510 1165 1526 1157 1525 1165 1526 1158 1527 1158 1527 1165 1526 1164 1528 1158 1527 1164 1528 1159 1529 1159 1529 1164 1528 1163 1530 1159 1529 1163 1530 1160 1531 1160 1531 1163 1530 1162 1532 1160 1531 1162 1532 1161 1533 1192 1534 1216 1535 1191 1536 1191 1536 1216 1535 1217 1537 1191 1536 1217 1537 1214 1538 1214 1538 1217 1537 1238 1539 1214 1538 1238 1539 1213 1540 1213 1540 1238 1539 1237 1541 1213 1540 1237 1541 1212 1542 1212 1542 1237 1541 1236 1543 1212 1542 1236 1543 1211 1544 1211 1544 1236 1543 1235 1545 1211 1544 1235 1545 1210 1546 1210 1546 1235 1545 1234 1547 1210 1546 1234 1547 1209 1548 1209 1548 1234 1547 1233 1549 1209 1548 1233 1549 1208 1550 1208 1550 1233 1549 1232 1551 1208 1550 1232 1551 1207 1552 1207 1552 1232 1551 1231 1553 1207 1552 1231 1553 1206 1554 1206 1554 1231 1553 1230 1555 1206 1554 1230 1555 1205 1556 1205 1556 1230 1555 1229 1557 1205 1556 1229 1557 1204 1558 1204 1558 1229 1557 1228 1559 1204 1558 1228 1559 1203 1560 1203 1560 1228 1559 1215 1561 1203 1560 1215 1561 1202 1562 1202 1562 1215 1561 1227 1563 1202 1562 1227 1563 1201 1564 1201 1564 1227 1563 1226 1565 1201 1564 1226 1565 1200 1566 1200 1566 1226 1565 1225 1567 1200 1566 1225 1567 1199 1568 1199 1568 1225 1567 1224 1569 1199 1568 1224 1569 1198 1570 1198 1570 1224 1569 1223 1571 1198 1570 1223 1571 1197 1572 1197 1572 1223 1571 1222 1573 1197 1572 1222 1573 1196 1574 1196 1574 1222 1573 1221 1575 1196 1574 1221 1575 1195 1576 1195 1576 1221 1575 1220 1577 1195 1576 1220 1577 1194 1578 1194 1578 1220 1577 1219 1579 1194 1578 1219 1579 1193 1580 1193 1580 1219 1579 1218 1581 1193 1580 1218 1581 1192 1534 1192 1534 1218 1581 1216 1535 902 1582 1238 1539 879 1583 879 1583 1238 1539 1217 1537 879 1583 1217 1537 880 1584 880 1584 1217 1537 1216 1535 880 1584 1216 1535 881 1585 881 1585 1216 1535 1218 1581 881 1585 1218 1581 882 1586 882 1586 1218 1581 1219 1579 882 1586 1219 1579 883 1587 883 1587 1219 1579 1220 1577 883 1587 1220 1577 884 1588 884 1588 1220 1577 1221 1575 884 1588 1221 1575 885 1589 885 1589 1221 1575 1222 1573 885 1589 1222 1573 886 1590 886 1590 1222 1573 1223 1571 886 1590 1223 1571 887 1591 887 1591 1223 1571 1224 1569 887 1591 1224 1569 888 1592 888 1592 1224 1569 1225 1567 888 1592 1225 1567 889 1593 889 1593 1225 1567 1226 1565 889 1593 1226 1565 890 1594 890 1594 1226 1565 1227 1563 890 1594 1227 1563 891 1595 891 1595 1227 1563 1215 1561 891 1595 1215 1561 892 1596 892 1596 1215 1561 1228 1559 892 1596 1228 1559 893 1597 893 1597 1228 1559 1229 1557 893 1597 1229 1557 894 1598 894 1598 1229 1557 1230 1555 894 1598 1230 1555 895 1599 895 1599 1230 1555 1231 1553 895 1599 1231 1553 896 1600 896 1600 1231 1553 1232 1551 896 1600 1232 1551 897 1601 897 1601 1232 1551 1233 1549 897 1601 1233 1549 898 1602 898 1602 1233 1549 1234 1547 898 1602 1234 1547 899 1603 899 1603 1234 1547 1235 1545 899 1603 1235 1545 900 1604 900 1604 1235 1545 1236 1543 900 1604 1236 1543 901 1605 901 1605 1236 1543 1237 1541 901 1605 1237 1541 902 1582 902 1582 1237 1541 1238 1539 1214 1606 1204 1607 1191 1608 1191 1608 1204 1607 1203 1609 1191 1608 1203 1609 1192 1610 1192 1610 1203 1609 1202 1611 1192 1610 1202 1611 1193 1612 1193 1612 1202 1611 1201 1613 1193 1612 1201 1613 1194 1614 1194 1614 1201 1613 1200 1615 1194 1614 1200 1615 1195 1616 1195 1616 1200 1615 1199 1617 1195 1616 1199 1617 1196 1618 1196 1618 1199 1617 1198 1619 1196 1618 1198 1619 1197 1620 1204 1607 1214 1606 1205 1621 1205 1621 1214 1606 1213 1622 1205 1621 1213 1622 1206 1623 1206 1623 1213 1622 1212 1624 1206 1623 1212 1624 1207 1625 1207 1625 1212 1624 1211 1626 1207 1625 1211 1626 1208 1627 1208 1627 1211 1626 1210 1628 1208 1627 1210 1628 1209 1629 1240 1630 1264 1631 1239 1632 1239 1632 1264 1631 1265 1633 1239 1632 1265 1633 1262 1634 1262 1634 1265 1633 1286 1635 1262 1634 1286 1635 1261 1636 1261 1636 1286 1635 1285 1637 1261 1636 1285 1637 1260 1638 1260 1638 1285 1637 1284 1639 1260 1638 1284 1639 1259 1640 1259 1640 1284 1639 1283 1641 1259 1640 1283 1641 1258 1642 1258 1642 1283 1641 1282 1643 1258 1642 1282 1643 1257 1644 1257 1644 1282 1643 1281 1645 1257 1644 1281 1645 1256 1646 1256 1646 1281 1645 1280 1647 1256 1646 1280 1647 1255 1648 1255 1648 1280 1647 1279 1649 1255 1648 1279 1649 1254 1650 1254 1650 1279 1649 1278 1651 1254 1650 1278 1651 1253 1652 1253 1652 1278 1651 1277 1653 1253 1652 1277 1653 1252 1654 1252 1654 1277 1653 1276 1655 1252 1654 1276 1655 1251 1656 1251 1656 1276 1655 1263 1657 1251 1656 1263 1657 1250 1658 1250 1658 1263 1657 1275 1659 1250 1658 1275 1659 1249 1660 1249 1660 1275 1659 1274 1661 1249 1660 1274 1661 1248 1662 1248 1662 1274 1661 1273 1663 1248 1662 1273 1663 1247 1664 1247 1664 1273 1663 1272 1665 1247 1664 1272 1665 1246 1666 1246 1666 1272 1665 1271 1667 1246 1666 1271 1667 1245 1668 1245 1668 1271 1667 1270 1669 1245 1668 1270 1669 1244 1670 1244 1670 1270 1669 1269 1671 1244 1670 1269 1671 1243 1672 1243 1672 1269 1671 1268 1673 1243 1672 1268 1673 1242 1674 1242 1674 1268 1673 1267 1675 1242 1674 1267 1675 1241 1676 1241 1676 1267 1675 1266 1677 1241 1676 1266 1677 1240 1630 1240 1630 1266 1677 1264 1631 878 1678 1286 1635 855 1679 855 1679 1286 1635 1265 1633 855 1679 1265 1633 856 1680 856 1680 1265 1633 1264 1631 856 1680 1264 1631 857 1681 857 1681 1264 1631 1266 1677 857 1681 1266 1677 858 1682 858 1682 1266 1677 1267 1675 858 1682 1267 1675 859 1683 859 1683 1267 1675 1268 1673 859 1683 1268 1673 860 1684 860 1684 1268 1673 1269 1671 860 1684 1269 1671 861 1685 861 1685 1269 1671 1270 1669 861 1685 1270 1669 862 1686 862 1686 1270 1669 1271 1667 862 1686 1271 1667 863 1687 863 1687 1271 1667 1272 1665 863 1687 1272 1665 864 1688 864 1688 1272 1665 1273 1663 864 1688 1273 1663 865 1689 865 1689 1273 1663 1274 1661 865 1689 1274 1661 866 1690 866 1690 1274 1661 1275 1659 866 1690 1275 1659 867 1691 867 1691 1275 1659 1263 1657 867 1691 1263 1657 868 1692 868 1692 1263 1657 1276 1655 868 1692 1276 1655 869 1693 869 1693 1276 1655 1277 1653 869 1693 1277 1653 870 1694 870 1694 1277 1653 1278 1651 870 1694 1278 1651 871 1695 871 1695 1278 1651 1279 1649 871 1695 1279 1649 872 1696 872 1696 1279 1649 1280 1647 872 1696 1280 1647 873 1697 873 1697 1280 1647 1281 1645 873 1697 1281 1645 874 1698 874 1698 1281 1645 1282 1643 874 1698 1282 1643 875 1699 875 1699 1282 1643 1283 1641 875 1699 1283 1641 876 1700 876 1700 1283 1641 1284 1639 876 1700 1284 1639 877 1701 877 1701 1284 1639 1285 1637 877 1701 1285 1637 878 1678 878 1678 1285 1637 1286 1635 1262 1702 1252 1703 1239 1704 1239 1704 1252 1703 1251 1705 1239 1704 1251 1705 1240 1706 1240 1706 1251 1705 1250 1707 1240 1706 1250 1707 1241 1708 1241 1708 1250 1707 1249 1709 1241 1708 1249 1709 1242 1710 1242 1710 1249 1709 1248 1711 1242 1710 1248 1711 1243 1712 1243 1712 1248 1711 1247 1713 1243 1712 1247 1713 1244 1714 1244 1714 1247 1713 1246 1715 1244 1714 1246 1715 1245 1716 1252 1703 1262 1702 1253 1717 1253 1717 1262 1702 1261 1718 1253 1717 1261 1718 1254 1719 1254 1719 1261 1718 1260 1720 1254 1719 1260 1720 1255 1721 1255 1721 1260 1720 1259 1722 1255 1721 1259 1722 1256 1723 1256 1723 1259 1722 1258 1724 1256 1723 1258 1724 1257 1725 1288 1726 1312 1727 1287 1728 1287 1728 1312 1727 1313 1729 1287 1728 1313 1729 1310 1730 1310 1730 1313 1729 1334 1731 1310 1730 1334 1731 1309 1732 1309 1732 1334 1731 1333 1733 1309 1732 1333 1733 1308 1734 1308 1734 1333 1733 1332 1735 1308 1734 1332 1735 1307 1736 1307 1736 1332 1735 1331 1737 1307 1736 1331 1737 1306 1738 1306 1738 1331 1737 1330 1739 1306 1738 1330 1739 1305 1740 1305 1740 1330 1739 1329 1741 1305 1740 1329 1741 1304 1742 1304 1742 1329 1741 1328 1743 1304 1742 1328 1743 1303 1744 1303 1744 1328 1743 1327 1745 1303 1744 1327 1745 1302 1746 1302 1746 1327 1745 1326 1747 1302 1746 1326 1747 1301 1748 1301 1748 1326 1747 1325 1749 1301 1748 1325 1749 1300 1750 1300 1750 1325 1749 1324 1751 1300 1750 1324 1751 1299 1752 1299 1752 1324 1751 1311 1753 1299 1752 1311 1753 1298 1754 1298 1754 1311 1753 1323 1755 1298 1754 1323 1755 1297 1756 1297 1756 1323 1755 1322 1757 1297 1756 1322 1757 1296 1758 1296 1758 1322 1757 1321 1759 1296 1758 1321 1759 1295 1760 1295 1760 1321 1759 1320 1761 1295 1760 1320 1761 1294 1762 1294 1762 1320 1761 1319 1763 1294 1762 1319 1763 1293 1764 1293 1764 1319 1763 1318 1765 1293 1764 1318 1765 1292 1766 1292 1766 1318 1765 1317 1767 1292 1766 1317 1767 1291 1768 1291 1768 1317 1767 1316 1769 1291 1768 1316 1769 1290 1770 1290 1770 1316 1769 1315 1771 1290 1770 1315 1771 1289 1772 1289 1772 1315 1771 1314 1773 1289 1772 1314 1773 1288 1726 1288 1726 1314 1773 1312 1727 854 1774 1334 1731 831 1775 831 1775 1334 1731 1313 1729 831 1775 1313 1729 832 1776 832 1776 1313 1729 1312 1727 832 1776 1312 1727 833 1777 833 1777 1312 1727 1314 1773 833 1777 1314 1773 834 1778 834 1778 1314 1773 1315 1771 834 1778 1315 1771 835 1779 835 1779 1315 1771 1316 1769 835 1779 1316 1769 836 1780 836 1780 1316 1769 1317 1767 836 1780 1317 1767 837 1781 837 1781 1317 1767 1318 1765 837 1781 1318 1765 838 1782 838 1782 1318 1765 1319 1763 838 1782 1319 1763 839 1783 839 1783 1319 1763 1320 1761 839 1783 1320 1761 840 1784 840 1784 1320 1761 1321 1759 840 1784 1321 1759 841 1785 841 1785 1321 1759 1322 1757 841 1785 1322 1757 842 1786 842 1786 1322 1757 1323 1755 842 1786 1323 1755 843 1787 843 1787 1323 1755 1311 1753 843 1787 1311 1753 844 1788 844 1788 1311 1753 1324 1751 844 1788 1324 1751 845 1789 845 1789 1324 1751 1325 1749 845 1789 1325 1749 846 1790 846 1790 1325 1749 1326 1747 846 1790 1326 1747 847 1791 847 1791 1326 1747 1327 1745 847 1791 1327 1745 848 1792 848 1792 1327 1745 1328 1743 848 1792 1328 1743 849 1793 849 1793 1328 1743 1329 1741 849 1793 1329 1741 850 1794 850 1794 1329 1741 1330 1739 850 1794 1330 1739 851 1795 851 1795 1330 1739 1331 1737 851 1795 1331 1737 852 1796 852 1796 1331 1737 1332 1735 852 1796 1332 1735 853 1797 853 1797 1332 1735 1333 1733 853 1797 1333 1733 854 1774 854 1774 1333 1733 1334 1731 1310 1798 1300 1799 1287 1800 1287 1800 1300 1799 1299 1801 1287 1800 1299 1801 1288 1802 1288 1802 1299 1801 1298 1803 1288 1802 1298 1803 1289 1804 1289 1804 1298 1803 1297 1805 1289 1804 1297 1805 1290 1806 1290 1806 1297 1805 1296 1807 1290 1806 1296 1807 1291 1808 1291 1808 1296 1807 1295 1809 1291 1808 1295 1809 1292 1810 1292 1810 1295 1809 1294 1811 1292 1810 1294 1811 1293 1812 1300 1799 1310 1798 1301 1813 1301 1813 1310 1798 1309 1814 1301 1813 1309 1814 1302 1815 1302 1815 1309 1814 1308 1816 1302 1815 1308 1816 1303 1817 1303 1817 1308 1816 1307 1818 1303 1817 1307 1818 1304 1819 1304 1819 1307 1818 1306 1820 1304 1819 1306 1820 1305 1821 1336 1822 1360 1823 1335 1824 1335 1824 1360 1823 1361 1825 1335 1824 1361 1825 1358 1826 1358 1826 1361 1825 1382 1827 1358 1826 1382 1827 1357 1828 1357 1828 1382 1827 1381 1829 1357 1828 1381 1829 1356 1830 1356 1830 1381 1829 1380 1831 1356 1830 1380 1831 1355 1832 1355 1832 1380 1831 1379 1833 1355 1832 1379 1833 1354 1834 1354 1834 1379 1833 1378 1835 1354 1834 1378 1835 1353 1836 1353 1836 1378 1835 1377 1837 1353 1836 1377 1837 1352 1838 1352 1838 1377 1837 1376 1839 1352 1838 1376 1839 1351 1840 1351 1840 1376 1839 1375 1841 1351 1840 1375 1841 1350 1842 1350 1842 1375 1841 1374 1843 1350 1842 1374 1843 1349 1844 1349 1844 1374 1843 1373 1845 1349 1844 1373 1845 1348 1846 1348 1846 1373 1845 1372 1847 1348 1846 1372 1847 1347 1848 1347 1848 1372 1847 1359 1849 1347 1848 1359 1849 1346 1850 1346 1850 1359 1849 1371 1851 1346 1850 1371 1851 1345 1852 1345 1852 1371 1851 1370 1853 1345 1852 1370 1853 1344 1854 1344 1854 1370 1853 1369 1855 1344 1854 1369 1855 1343 1856 1343 1856 1369 1855 1368 1857 1343 1856 1368 1857 1342 1858 1342 1858 1368 1857 1367 1859 1342 1858 1367 1859 1341 1860 1341 1860 1367 1859 1366 1861 1341 1860 1366 1861 1340 1862 1340 1862 1366 1861 1365 1863 1340 1862 1365 1863 1339 1864 1339 1864 1365 1863 1364 1865 1339 1864 1364 1865 1338 1866 1338 1866 1364 1865 1363 1867 1338 1866 1363 1867 1337 1868 1337 1868 1363 1867 1362 1869 1337 1868 1362 1869 1336 1822 1336 1822 1362 1869 1360 1823 830 1870 1382 1827 807 1871 807 1871 1382 1827 1361 1825 807 1871 1361 1825 808 1872 808 1872 1361 1825 1360 1823 808 1872 1360 1823 809 1873 809 1873 1360 1823 1362 1869 809 1873 1362 1869 810 1874 810 1874 1362 1869 1363 1867 810 1874 1363 1867 811 1875 811 1875 1363 1867 1364 1865 811 1875 1364 1865 812 1876 812 1876 1364 1865 1365 1863 812 1876 1365 1863 813 1877 813 1877 1365 1863 1366 1861 813 1877 1366 1861 814 1878 814 1878 1366 1861 1367 1859 814 1878 1367 1859 815 1879 815 1879 1367 1859 1368 1857 815 1879 1368 1857 816 1880 816 1880 1368 1857 1369 1855 816 1880 1369 1855 817 1881 817 1881 1369 1855 1370 1853 817 1881 1370 1853 818 1882 818 1882 1370 1853 1371 1851 818 1882 1371 1851 819 1883 819 1883 1371 1851 1359 1849 819 1883 1359 1849 820 1884 820 1884 1359 1849 1372 1847 820 1884 1372 1847 821 1885 821 1885 1372 1847 1373 1845 821 1885 1373 1845 822 1886 822 1886 1373 1845 1374 1843 822 1886 1374 1843 823 1887 823 1887 1374 1843 1375 1841 823 1887 1375 1841 824 1888 824 1888 1375 1841 1376 1839 824 1888 1376 1839 825 1889 825 1889 1376 1839 1377 1837 825 1889 1377 1837 826 1890 826 1890 1377 1837 1378 1835 826 1890 1378 1835 827 1891 827 1891 1378 1835 1379 1833 827 1891 1379 1833 828 1892 828 1892 1379 1833 1380 1831 828 1892 1380 1831 829 1893 829 1893 1380 1831 1381 1829 829 1893 1381 1829 830 1870 830 1870 1381 1829 1382 1827 1358 1894 1348 1895 1335 1896 1335 1896 1348 1895 1347 1897 1335 1896 1347 1897 1336 1898 1336 1898 1347 1897 1346 1899 1336 1898 1346 1899 1337 1900 1337 1900 1346 1899 1345 1901 1337 1900 1345 1901 1338 1902 1338 1902 1345 1901 1344 1903 1338 1902 1344 1903 1339 1904 1339 1904 1344 1903 1343 1905 1339 1904 1343 1905 1340 1906 1340 1906 1343 1905 1342 1907 1340 1906 1342 1907 1341 1908 1348 1895 1358 1894 1349 1909 1349 1909 1358 1894 1357 1910 1349 1909 1357 1910 1350 1911 1350 1911 1357 1910 1356 1912 1350 1911 1356 1912 1351 1913 1351 1913 1356 1912 1355 1914 1351 1913 1355 1914 1352 1915 1352 1915 1355 1914 1354 1916 1352 1915 1354 1916 1353 1917 1384 1918 1408 1919 1383 1920 1383 1920 1408 1919 1409 1921 1383 1920 1409 1921 1406 1922 1406 1922 1409 1921 1430 1923 1406 1922 1430 1923 1405 1924 1405 1924 1430 1923 1429 1925 1405 1924 1429 1925 1404 1926 1404 1926 1429 1925 1428 1927 1404 1926 1428 1927 1403 1928 1403 1928 1428 1927 1427 1929 1403 1928 1427 1929 1402 1930 1402 1930 1427 1929 1426 1931 1402 1930 1426 1931 1401 1932 1401 1932 1426 1931 1425 1933 1401 1932 1425 1933 1400 1934 1400 1934 1425 1933 1424 1935 1400 1934 1424 1935 1399 1936 1399 1936 1424 1935 1423 1937 1399 1936 1423 1937 1398 1938 1398 1938 1423 1937 1422 1939 1398 1938 1422 1939 1397 1940 1397 1940 1422 1939 1421 1941 1397 1940 1421 1941 1396 1942 1396 1942 1421 1941 1420 1943 1396 1942 1420 1943 1395 1944 1395 1944 1420 1943 1407 1945 1395 1944 1407 1945 1394 1946 1394 1946 1407 1945 1419 1947 1394 1946 1419 1947 1393 1948 1393 1948 1419 1947 1418 1949 1393 1948 1418 1949 1392 1950 1392 1950 1418 1949 1417 1951 1392 1950 1417 1951 1391 1952 1391 1952 1417 1951 1416 1953 1391 1952 1416 1953 1390 1954 1390 1954 1416 1953 1415 1955 1390 1954 1415 1955 1389 1956 1389 1956 1415 1955 1414 1957 1389 1956 1414 1957 1388 1958 1388 1958 1414 1957 1413 1959 1388 1958 1413 1959 1387 1960 1387 1960 1413 1959 1412 1961 1387 1960 1412 1961 1386 1962 1386 1962 1412 1961 1411 1963 1386 1962 1411 1963 1385 1964 1385 1964 1411 1963 1410 1965 1385 1964 1410 1965 1384 1918 1384 1918 1410 1965 1408 1919 806 1966 1430 1923 783 1967 783 1967 1430 1923 1409 1921 783 1967 1409 1921 784 1968 784 1968 1409 1921 1408 1919 784 1968 1408 1919 785 1969 785 1969 1408 1919 1410 1965 785 1969 1410 1965 786 1970 786 1970 1410 1965 1411 1963 786 1970 1411 1963 787 1971 787 1971 1411 1963 1412 1961 787 1971 1412 1961 788 1972 788 1972 1412 1961 1413 1959 788 1972 1413 1959 789 1973 789 1973 1413 1959 1414 1957 789 1973 1414 1957 790 1974 790 1974 1414 1957 1415 1955 790 1974 1415 1955 791 1975 791 1975 1415 1955 1416 1953 791 1975 1416 1953 792 1976 792 1976 1416 1953 1417 1951 792 1976 1417 1951 793 1977 793 1977 1417 1951 1418 1949 793 1977 1418 1949 794 1978 794 1978 1418 1949 1419 1947 794 1978 1419 1947 795 1979 795 1979 1419 1947 1407 1945 795 1979 1407 1945 796 1980 796 1980 1407 1945 1420 1943 796 1980 1420 1943 797 1981 797 1981 1420 1943 1421 1941 797 1981 1421 1941 798 1982 798 1982 1421 1941 1422 1939 798 1982 1422 1939 799 1983 799 1983 1422 1939 1423 1937 799 1983 1423 1937 800 1984 800 1984 1423 1937 1424 1935 800 1984 1424 1935 801 1985 801 1985 1424 1935 1425 1933 801 1985 1425 1933 802 1986 802 1986 1425 1933 1426 1931 802 1986 1426 1931 803 1987 803 1987 1426 1931 1427 1929 803 1987 1427 1929 804 1988 804 1988 1427 1929 1428 1927 804 1988 1428 1927 805 1989 805 1989 1428 1927 1429 1925 805 1989 1429 1925 806 1966 806 1966 1429 1925 1430 1923 1406 1990 1396 1991 1383 1992 1383 1992 1396 1991 1395 1993 1383 1992 1395 1993 1384 1994 1384 1994 1395 1993 1394 1995 1384 1994 1394 1995 1385 1996 1385 1996 1394 1995 1393 1997 1385 1996 1393 1997 1386 1998 1386 1998 1393 1997 1392 1999 1386 1998 1392 1999 1387 2000 1387 2000 1392 1999 1391 2001 1387 2000 1391 2001 1388 2002 1388 2002 1391 2001 1390 2003 1388 2002 1390 2003 1389 2004 1396 1991 1406 1990 1397 2005 1397 2005 1406 1990 1405 2006 1397 2005 1405 2006 1398 2007 1398 2007 1405 2006 1404 2008 1398 2007 1404 2008 1399 2009 1399 2009 1404 2008 1403 2010 1399 2009 1403 2010 1400 2011 1400 2011 1403 2010 1402 2012 1400 2011 1402 2012 1401 2013 1432 2014 1456 2015 1431 2016 1431 2016 1456 2015 1457 2017 1431 2016 1457 2017 1454 2018 1454 2018 1457 2017 1478 2019 1454 2018 1478 2019 1453 2020 1453 2020 1478 2019 1477 2021 1453 2020 1477 2021 1452 2022 1452 2022 1477 2021 1476 2023 1452 2022 1476 2023 1451 2024 1451 2024 1476 2023 1475 2025 1451 2024 1475 2025 1450 2026 1450 2026 1475 2025 1474 2027 1450 2026 1474 2027 1449 2028 1449 2028 1474 2027 1473 2029 1449 2028 1473 2029 1448 2030 1448 2030 1473 2029 1472 2031 1448 2030 1472 2031 1447 2032 1447 2032 1472 2031 1471 2033 1447 2032 1471 2033 1446 2034 1446 2034 1471 2033 1470 2035 1446 2034 1470 2035 1445 2036 1445 2036 1470 2035 1469 2037 1445 2036 1469 2037 1444 2038 1444 2038 1469 2037 1468 2039 1444 2038 1468 2039 1443 2040 1443 2040 1468 2039 1455 2041 1443 2040 1455 2041 1442 2042 1442 2042 1455 2041 1467 2043 1442 2042 1467 2043 1441 2044 1441 2044 1467 2043 1466 2045 1441 2044 1466 2045 1440 2046 1440 2046 1466 2045 1465 2047 1440 2046 1465 2047 1439 2048 1439 2048 1465 2047 1464 2049 1439 2048 1464 2049 1438 2050 1438 2050 1464 2049 1463 2051 1438 2050 1463 2051 1437 2052 1437 2052 1463 2051 1462 2053 1437 2052 1462 2053 1436 2054 1436 2054 1462 2053 1461 2055 1436 2054 1461 2055 1435 2056 1435 2056 1461 2055 1460 2057 1435 2056 1460 2057 1434 2058 1434 2058 1460 2057 1459 2059 1434 2058 1459 2059 1433 2060 1433 2060 1459 2059 1458 2061 1433 2060 1458 2061 1432 2014 1432 2014 1458 2061 1456 2015 782 2062 1478 2019 759 2063 759 2063 1478 2019 1457 2017 759 2063 1457 2017 760 2064 760 2064 1457 2017 1456 2015 760 2064 1456 2015 761 2065 761 2065 1456 2015 1458 2061 761 2065 1458 2061 762 2066 762 2066 1458 2061 1459 2059 762 2066 1459 2059 763 2067 763 2067 1459 2059 1460 2057 763 2067 1460 2057 764 2068 764 2068 1460 2057 1461 2055 764 2068 1461 2055 765 2069 765 2069 1461 2055 1462 2053 765 2069 1462 2053 766 2070 766 2070 1462 2053 1463 2051 766 2070 1463 2051 767 2071 767 2071 1463 2051 1464 2049 767 2071 1464 2049 768 2072 768 2072 1464 2049 1465 2047 768 2072 1465 2047 769 2073 769 2073 1465 2047 1466 2045 769 2073 1466 2045 770 2074 770 2074 1466 2045 1467 2043 770 2074 1467 2043 771 2075 771 2075 1467 2043 1455 2041 771 2075 1455 2041 772 2076 772 2076 1455 2041 1468 2039 772 2076 1468 2039 773 2077 773 2077 1468 2039 1469 2037 773 2077 1469 2037 774 2078 774 2078 1469 2037 1470 2035 774 2078 1470 2035 775 2079 775 2079 1470 2035 1471 2033 775 2079 1471 2033 776 2080 776 2080 1471 2033 1472 2031 776 2080 1472 2031 777 2081 777 2081 1472 2031 1473 2029 777 2081 1473 2029 778 2082 778 2082 1473 2029 1474 2027 778 2082 1474 2027 779 2083 779 2083 1474 2027 1475 2025 779 2083 1475 2025 780 2084 780 2084 1475 2025 1476 2023 780 2084 1476 2023 781 2085 781 2085 1476 2023 1477 2021 781 2085 1477 2021 782 2062 782 2062 1477 2021 1478 2019 1454 2086 1444 2087 1431 2088 1431 2088 1444 2087 1443 2089 1431 2088 1443 2089 1432 2090 1432 2090 1443 2089 1442 2091 1432 2090 1442 2091 1433 2092 1433 2092 1442 2091 1441 2093 1433 2092 1441 2093 1434 2094 1434 2094 1441 2093 1440 2095 1434 2094 1440 2095 1435 2096 1435 2096 1440 2095 1439 2097 1435 2096 1439 2097 1436 2098 1436 2098 1439 2097 1438 2099 1436 2098 1438 2099 1437 2100 1444 2087 1454 2086 1445 2101 1445 2101 1454 2086 1453 2102 1445 2101 1453 2102 1446 2103 1446 2103 1453 2102 1452 2104 1446 2103 1452 2104 1447 2105 1447 2105 1452 2104 1451 2106 1447 2105 1451 2106 1448 2107 1448 2107 1451 2106 1450 2108 1448 2107 1450 2108 1449 2109 84 4 1484 2110 0 2 0 2 1484 2110 1493 2111 0 2 1493 2111 1 0 1 0 1493 2111 1899 2112 1 0 1899 2112 2 168 2 168 1899 2112 1894 2113 2 168 1894 2113 3 166 3 166 1894 2113 1889 2114 3 166 1889 2114 4 164 4 164 1889 2114 1884 2115 4 164 1884 2115 5 162 5 162 1884 2115 1879 2116 5 162 1879 2116 6 160 6 160 1879 2116 1874 2117 6 160 1874 2117 7 158 7 158 1874 2117 1869 2118 7 158 1869 2118 8 156 8 156 1869 2118 1864 2119 8 156 1864 2119 9 154 9 154 1864 2119 1859 2120 9 154 1859 2120 10 152 10 152 1859 2120 1854 2121 10 152 1854 2121 11 150 11 150 1854 2121 1849 2122 11 150 1849 2122 12 148 12 148 1849 2122 1844 2123 12 148 1844 2123 13 146 13 146 1844 2123 1839 2124 13 146 1839 2124 14 144 14 144 1839 2124 1834 2125 14 144 1834 2125 15 142 15 142 1834 2125 1829 2126 15 142 1829 2126 16 140 16 140 1829 2126 1824 2127 16 140 1824 2127 17 138 17 138 1824 2127 1819 2128 17 138 1819 2128 18 136 18 136 1819 2128 1814 2129 18 136 1814 2129 19 134 19 134 1814 2129 1809 2130 19 134 1809 2130 20 132 20 132 1809 2130 1804 2131 20 132 1804 2131 21 130 21 130 1804 2131 1799 2132 21 130 1799 2132 22 128 22 128 1799 2132 1794 2133 22 128 1794 2133 23 126 23 126 1794 2133 1789 2134 23 126 1789 2134 24 124 24 124 1789 2134 1784 2135 24 124 1784 2135 25 122 25 122 1784 2135 1779 2136 25 122 1779 2136 26 120 26 120 1779 2136 1774 2137 26 120 1774 2137 27 118 27 118 1774 2137 1769 2138 27 118 1769 2138 28 116 28 116 1769 2138 1764 2139 28 116 1764 2139 29 114 29 114 1764 2139 1759 2140 29 114 1759 2140 30 112 30 112 1759 2140 1754 2141 30 112 1754 2141 31 110 31 110 1754 2141 1749 2142 31 110 1749 2142 32 108 32 108 1749 2142 1744 2143 32 108 1744 2143 33 106 33 106 1744 2143 1739 2144 33 106 1739 2144 34 104 34 104 1739 2144 1734 2145 34 104 1734 2145 35 102 35 102 1734 2145 1729 2146 35 102 1729 2146 36 100 36 100 1729 2146 1724 2147 36 100 1724 2147 37 98 37 98 1724 2147 1719 2148 37 98 1719 2148 38 96 38 96 1719 2148 1714 2149 38 96 1714 2149 39 94 39 94 1714 2149 1709 2150 39 94 1709 2150 40 92 40 92 1709 2150 1704 2151 40 92 1704 2151 41 90 41 90 1704 2151 1699 2152 41 90 1699 2152 42 88 42 88 1699 2152 1479 2153 42 88 1479 2153 43 86 43 86 1479 2153 1694 2154 43 86 1694 2154 44 84 44 84 1694 2154 1689 2155 44 84 1689 2155 45 82 45 82 1689 2155 1684 2156 45 82 1684 2156 46 80 46 80 1684 2156 1679 2157 46 80 1679 2157 47 78 47 78 1679 2157 1674 2158 47 78 1674 2158 48 76 48 76 1674 2158 1669 2159 48 76 1669 2159 49 74 49 74 1669 2159 1664 2160 49 74 1664 2160 50 72 50 72 1664 2160 1659 2161 50 72 1659 2161 51 70 51 70 1659 2161 1654 2162 51 70 1654 2162 52 68 52 68 1654 2162 1649 2163 52 68 1649 2163 53 66 53 66 1649 2163 1644 2164 53 66 1644 2164 54 64 54 64 1644 2164 1639 2165 54 64 1639 2165 55 62 55 62 1639 2165 1634 2166 55 62 1634 2166 56 60 56 60 1634 2166 1629 2167 56 60 1629 2167 57 58 57 58 1629 2167 1624 2168 57 58 1624 2168 58 56 58 56 1624 2168 1619 2169 58 56 1619 2169 59 54 59 54 1619 2169 1614 2170 59 54 1614 2170 60 52 60 52 1614 2170 1609 2171 60 52 1609 2171 61 50 61 50 1609 2171 1604 2172 61 50 1604 2172 62 48 62 48 1604 2172 1599 2173 62 48 1599 2173 63 46 63 46 1599 2173 1594 2174 63 46 1594 2174 64 44 64 44 1594 2174 1589 2175 64 44 1589 2175 65 42 65 42 1589 2175 1584 2176 65 42 1584 2176 66 40 66 40 1584 2176 1579 2177 66 40 1579 2177 67 38 67 38 1579 2177 1574 2178 67 38 1574 2178 68 36 68 36 1574 2178 1569 2179 68 36 1569 2179 69 34 69 34 1569 2179 1564 2180 69 34 1564 2180 70 32 70 32 1564 2180 1559 2181 70 32 1559 2181 71 30 71 30 1559 2181 1554 2182 71 30 1554 2182 72 28 72 28 1554 2182 1549 2183 72 28 1549 2183 73 26 73 26 1549 2183 1544 2184 73 26 1544 2184 74 24 74 24 1544 2184 1539 2185 74 24 1539 2185 75 22 75 22 1539 2185 1534 2186 75 22 1534 2186 76 20 76 20 1534 2186 1529 2187 76 20 1529 2187 77 18 77 18 1529 2187 1524 2188 77 18 1524 2188 78 16 78 16 1524 2188 1519 2189 78 16 1519 2189 79 14 79 14 1519 2189 1514 2190 79 14 1514 2190 80 12 80 12 1514 2190 1509 2191 80 12 1509 2191 81 10 81 10 1509 2191 1504 2192 81 10 1504 2192 82 8 82 8 1504 2192 1499 2193 82 8 1499 2193 83 6 83 6 1499 2193 1494 2194 83 6 1494 2194 84 4 84 4 1494 2194 1484 2110 254 174 1489 2195 170 172 170 172 1489 2195 1488 2196 170 172 1488 2196 171 170 171 170 1488 2196 1498 2197 171 170 1498 2197 172 197 172 197 1498 2197 1503 2198 172 197 1503 2198 173 198 173 198 1503 2198 1508 2199 173 198 1508 2199 174 199 174 199 1508 2199 1513 2200 174 199 1513 2200 175 200 175 200 1513 2200 1518 2201 175 200 1518 2201 176 201 176 201 1518 2201 1523 2202 176 201 1523 2202 177 202 177 202 1523 2202 1528 2203 177 202 1528 2203 178 203 178 203 1528 2203 1533 2204 178 203 1533 2204 179 204 179 204 1533 2204 1538 2205 179 204 1538 2205 180 205 180 205 1538 2205 1543 2206 180 205 1543 2206 181 206 181 206 1543 2206 1548 2207 181 206 1548 2207 182 207 182 207 1548 2207 1553 2208 182 207 1553 2208 183 208 183 208 1553 2208 1558 2209 183 208 1558 2209 184 210 184 210 1558 2209 1563 2210 184 210 1563 2210 185 212 185 212 1563 2210 1568 2211 185 212 1568 2211 186 214 186 214 1568 2211 1573 2212 186 214 1573 2212 187 216 187 216 1573 2212 1578 2213 187 216 1578 2213 188 219 188 219 1578 2213 1583 2214 188 219 1583 2214 189 221 189 221 1583 2214 1588 2215 189 221 1588 2215 190 222 190 222 1588 2215 1593 2216 190 222 1593 2216 191 223 191 223 1593 2216 1598 2217 191 223 1598 2217 192 225 192 225 1598 2217 1603 2218 192 225 1603 2218 193 226 193 226 1603 2218 1608 2219 193 226 1608 2219 194 227 194 227 1608 2219 1613 2220 194 227 1613 2220 195 229 195 229 1613 2220 1618 2221 195 229 1618 2221 196 231 196 231 1618 2221 1623 2222 196 231 1623 2222 197 233 197 233 1623 2222 1628 2223 197 233 1628 2223 198 235 198 235 1628 2223 1633 2224 198 235 1633 2224 199 238 199 238 1633 2224 1638 2225 199 238 1638 2225 200 240 200 240 1638 2225 1643 2226 200 240 1643 2226 201 241 201 241 1643 2226 1648 2227 201 241 1648 2227 202 242 202 242 1648 2227 1653 2228 202 242 1653 2228 203 243 203 243 1653 2228 1658 2229 203 243 1658 2229 204 244 204 244 1658 2229 1663 2230 204 244 1663 2230 205 245 205 245 1663 2230 1668 2231 205 245 1668 2231 206 246 206 246 1668 2231 1673 2232 206 246 1673 2232 207 247 207 247 1673 2232 1678 2233 207 247 1678 2233 208 248 208 248 1678 2233 1683 2234 208 248 1683 2234 209 249 209 249 1683 2234 1688 2235 209 249 1688 2235 210 250 210 250 1688 2235 1693 2236 210 250 1693 2236 211 251 211 251 1693 2236 1698 2237 211 251 1698 2237 212 252 212 252 1698 2237 1483 2238 212 252 1483 2238 213 254 213 254 1483 2238 1703 2239 213 254 1703 2239 214 255 214 255 1703 2239 1708 2240 214 255 1708 2240 215 256 215 256 1708 2240 1713 2241 215 256 1713 2241 216 257 216 257 1713 2241 1718 2242 216 257 1718 2242 217 258 217 258 1718 2242 1723 2243 217 258 1723 2243 218 259 218 259 1723 2243 1728 2244 218 259 1728 2244 219 260 219 260 1728 2244 1733 2245 219 260 1733 2245 220 261 220 261 1733 2245 1738 2246 220 261 1738 2246 221 262 221 262 1738 2246 1743 2247 221 262 1743 2247 222 263 222 263 1743 2247 1748 2248 222 263 1748 2248 223 264 223 264 1748 2248 1753 2249 223 264 1753 2249 224 265 224 265 1753 2249 1758 2250 224 265 1758 2250 225 266 225 266 1758 2250 1763 2251 225 266 1763 2251 226 267 226 267 1763 2251 1768 2252 226 267 1768 2252 227 269 227 269 1768 2252 1773 2253 227 269 1773 2253 228 272 228 272 1773 2253 1778 2254 228 272 1778 2254 229 274 229 274 1778 2254 1783 2255 229 274 1783 2255 230 276 230 276 1783 2255 1788 2256 230 276 1788 2256 231 278 231 278 1788 2256 1793 2257 231 278 1793 2257 232 280 232 280 1793 2257 1798 2258 232 280 1798 2258 233 281 233 281 1798 2258 1803 2259 233 281 1803 2259 234 282 234 282 1803 2259 1808 2260 234 282 1808 2260 235 284 235 284 1808 2260 1813 2261 235 284 1813 2261 236 285 236 285 1813 2261 1818 2262 236 285 1818 2262 237 286 237 286 1818 2262 1823 2263 237 286 1823 2263 238 194 238 194 1823 2263 1828 2264 238 194 1828 2264 239 192 239 192 1828 2264 1833 2265 239 192 1833 2265 240 190 240 190 1833 2265 1838 2266 240 190 1838 2266 241 188 241 188 1838 2266 1843 2267 241 188 1843 2267 242 186 242 186 1843 2267 1848 2268 242 186 1848 2268 243 185 243 185 1848 2268 1853 2269 243 185 1853 2269 244 184 244 184 1853 2269 1858 2270 244 184 1858 2270 245 183 245 183 1858 2270 1863 2271 245 183 1863 2271 246 182 246 182 1863 2271 1868 2272 246 182 1868 2272 247 181 247 181 1868 2272 1873 2273 247 181 1873 2273 248 180 248 180 1873 2273 1878 2274 248 180 1878 2274 249 179 249 179 1878 2274 1883 2275 249 179 1883 2275 250 178 250 178 1883 2275 1888 2276 250 178 1888 2276 251 177 251 177 1888 2276 1893 2277 251 177 1893 2277 252 176 252 176 1893 2277 1898 2278 252 176 1898 2278 253 175 253 175 1898 2278 1903 2279 253 175 1903 2279 254 174 254 174 1903 2279 1489 2195 1479 2153 1480 2280 1694 2154 1694 2154 1480 2280 1695 2281 1694 2154 1695 2281 1689 2155 1689 2155 1695 2281 1690 2282 1689 2155 1690 2282 1684 2156 1684 2156 1690 2282 1685 2283 1684 2156 1685 2283 1679 2157 1679 2157 1685 2283 1680 2284 1679 2157 1680 2284 1674 2158 1674 2158 1680 2284 1675 2285 1674 2158 1675 2285 1669 2159 1669 2159 1675 2285 1670 2286 1669 2159 1670 2286 1664 2160 1664 2160 1670 2286 1665 2287 1664 2160 1665 2287 1659 2161 1659 2161 1665 2287 1660 2288 1659 2161 1660 2288 1654 2162 1654 2162 1660 2288 1655 2289 1654 2162 1655 2289 1649 2163 1649 2163 1655 2289 1650 2290 1649 2163 1650 2290 1644 2164 1644 2164 1650 2290 1645 2291 1644 2164 1645 2291 1639 2165 1639 2165 1645 2291 1640 2292 1639 2165 1640 2292 1634 2166 1634 2166 1640 2292 1635 2293 1634 2166 1635 2293 1629 2167 1629 2167 1635 2293 1630 2294 1629 2167 1630 2294 1624 2168 1624 2168 1630 2294 1625 2295 1624 2168 1625 2295 1619 2169 1619 2169 1625 2295 1620 2296 1619 2169 1620 2296 1614 2170 1614 2170 1620 2296 1615 2297 1614 2170 1615 2297 1609 2171 1609 2171 1615 2297 1610 2298 1609 2171 1610 2298 1604 2172 1604 2172 1610 2298 1605 2299 1604 2172 1605 2299 1599 2173 1599 2173 1605 2299 1600 2300 1599 2173 1600 2300 1594 2174 1594 2174 1600 2300 1595 2301 1594 2174 1595 2301 1589 2175 1589 2175 1595 2301 1590 2302 1589 2175 1590 2302 1584 2176 1584 2176 1590 2302 1585 2303 1584 2176 1585 2303 1579 2177 1579 2177 1585 2303 1580 2304 1579 2177 1580 2304 1574 2178 1574 2178 1580 2304 1575 2305 1574 2178 1575 2305 1569 2179 1569 2179 1575 2305 1570 2306 1569 2179 1570 2306 1564 2180 1564 2180 1570 2306 1565 2307 1564 2180 1565 2307 1559 2181 1559 2181 1565 2307 1560 2308 1559 2181 1560 2308 1554 2182 1554 2182 1560 2308 1555 2309 1554 2182 1555 2309 1549 2183 1549 2183 1555 2309 1550 2310 1549 2183 1550 2310 1544 2184 1544 2184 1550 2310 1545 2311 1544 2184 1545 2311 1539 2185 1539 2185 1545 2311 1540 2312 1539 2185 1540 2312 1534 2186 1534 2186 1540 2312 1535 2313 1534 2186 1535 2313 1529 2187 1529 2187 1535 2313 1530 2314 1529 2187 1530 2314 1524 2188 1524 2188 1530 2314 1525 2315 1524 2188 1525 2315 1519 2189 1519 2189 1525 2315 1520 2316 1519 2189 1520 2316 1514 2190 1514 2190 1520 2316 1515 2317 1514 2190 1515 2317 1509 2191 1509 2191 1515 2317 1510 2318 1509 2191 1510 2318 1504 2192 1504 2192 1510 2318 1505 2319 1504 2192 1505 2319 1499 2193 1499 2193 1505 2319 1500 2320 1499 2193 1500 2320 1494 2194 1494 2194 1500 2320 1495 2321 1494 2194 1495 2321 1484 2110 1484 2110 1495 2321 1485 2322 1484 2110 1485 2322 1493 2111 1493 2111 1485 2322 1492 2323 1493 2111 1492 2323 1899 2112 1899 2112 1492 2323 1900 2324 1899 2112 1900 2324 1894 2113 1894 2113 1900 2324 1895 2325 1894 2113 1895 2325 1889 2114 1889 2114 1895 2325 1890 2326 1889 2114 1890 2326 1884 2115 1884 2115 1890 2326 1885 2327 1884 2115 1885 2327 1879 2116 1879 2116 1885 2327 1880 2328 1879 2116 1880 2328 1874 2117 1874 2117 1880 2328 1875 2329 1874 2117 1875 2329 1869 2118 1869 2118 1875 2329 1870 2330 1869 2118 1870 2330 1864 2119 1864 2119 1870 2330 1865 2331 1864 2119 1865 2331 1859 2120 1859 2120 1865 2331 1860 2332 1859 2120 1860 2332 1854 2121 1854 2121 1860 2332 1855 2333 1854 2121 1855 2333 1849 2122 1849 2122 1855 2333 1850 2334 1849 2122 1850 2334 1844 2123 1844 2123 1850 2334 1845 2335 1844 2123 1845 2335 1839 2124 1839 2124 1845 2335 1840 2336 1839 2124 1840 2336 1834 2125 1834 2125 1840 2336 1835 2337 1834 2125 1835 2337 1829 2126 1829 2126 1835 2337 1830 2338 1829 2126 1830 2338 1824 2127 1824 2127 1830 2338 1825 2339 1824 2127 1825 2339 1819 2128 1819 2128 1825 2339 1820 2340 1819 2128 1820 2340 1814 2129 1814 2129 1820 2340 1815 2341 1814 2129 1815 2341 1809 2130 1809 2130 1815 2341 1810 2342 1809 2130 1810 2342 1804 2131 1804 2131 1810 2342 1805 2343 1804 2131 1805 2343 1799 2132 1799 2132 1805 2343 1800 2344 1799 2132 1800 2344 1794 2133 1794 2133 1800 2344 1795 2345 1794 2133 1795 2345 1789 2134 1789 2134 1795 2345 1790 2346 1789 2134 1790 2346 1784 2135 1784 2135 1790 2346 1785 2347 1784 2135 1785 2347 1779 2136 1779 2136 1785 2347 1780 2348 1779 2136 1780 2348 1774 2137 1774 2137 1780 2348 1775 2349 1774 2137 1775 2349 1769 2138 1769 2138 1775 2349 1770 2350 1769 2138 1770 2350 1764 2139 1764 2139 1770 2350 1765 2351 1764 2139 1765 2351 1759 2140 1759 2140 1765 2351 1760 2352 1759 2140 1760 2352 1754 2141 1754 2141 1760 2352 1755 2353 1754 2141 1755 2353 1749 2142 1749 2142 1755 2353 1750 2354 1749 2142 1750 2354 1744 2143 1744 2143 1750 2354 1745 2355 1744 2143 1745 2355 1739 2144 1739 2144 1745 2355 1740 2356 1739 2144 1740 2356 1734 2145 1734 2145 1740 2356 1735 2357 1734 2145 1735 2357 1729 2146 1729 2146 1735 2357 1730 2358 1729 2146 1730 2358 1724 2147 1724 2147 1730 2358 1725 2359 1724 2147 1725 2359 1719 2148 1719 2148 1725 2359 1720 2360 1719 2148 1720 2360 1714 2149 1714 2149 1720 2360 1715 2361 1714 2149 1715 2361 1709 2150 1709 2150 1715 2361 1710 2362 1709 2150 1710 2362 1704 2151 1704 2151 1710 2362 1705 2363 1704 2151 1705 2363 1699 2152 1699 2152 1705 2363 1700 2364 1699 2152 1700 2364 1479 2153 1479 2153 1700 2364 1480 2280 1480 2280 1481 2365 1695 2281 1695 2281 1481 2365 1696 2366 1695 2281 1696 2366 1690 2282 1690 2282 1696 2366 1691 2367 1690 2282 1691 2367 1685 2283 1685 2283 1691 2367 1686 2368 1685 2283 1686 2368 1680 2284 1680 2284 1686 2368 1681 2369 1680 2284 1681 2369 1675 2285 1675 2285 1681 2369 1676 2370 1675 2285 1676 2370 1670 2286 1670 2286 1676 2370 1671 2371 1670 2286 1671 2371 1665 2287 1665 2287 1671 2371 1666 2372 1665 2287 1666 2372 1660 2288 1660 2288 1666 2372 1661 2373 1660 2288 1661 2373 1655 2289 1655 2289 1661 2373 1656 2374 1655 2289 1656 2374 1650 2290 1650 2290 1656 2374 1651 2375 1650 2290 1651 2375 1645 2291 1645 2291 1651 2375 1646 2376 1645 2291 1646 2376 1640 2292 1640 2292 1646 2376 1641 2377 1640 2292 1641 2377 1635 2293 1635 2293 1641 2377 1636 2378 1635 2293 1636 2378 1630 2294 1630 2294 1636 2378 1631 2379 1630 2294 1631 2379 1625 2295 1625 2295 1631 2379 1626 2380 1625 2295 1626 2380 1620 2296 1620 2296 1626 2380 1621 2381 1620 2296 1621 2381 1615 2297 1615 2297 1621 2381 1616 2382 1615 2297 1616 2382 1610 2298 1610 2298 1616 2382 1611 2383 1610 2298 1611 2383 1605 2299 1605 2299 1611 2383 1606 2384 1605 2299 1606 2384 1600 2300 1600 2300 1606 2384 1601 2385 1600 2300 1601 2385 1595 2301 1595 2301 1601 2385 1596 2386 1595 2301 1596 2386 1590 2302 1590 2302 1596 2386 1591 2387 1590 2302 1591 2387 1585 2303 1585 2303 1591 2387 1586 2388 1585 2303 1586 2388 1580 2304 1580 2304 1586 2388 1581 2389 1580 2304 1581 2389 1575 2305 1575 2305 1581 2389 1576 2390 1575 2305 1576 2390 1570 2306 1570 2306 1576 2390 1571 2391 1570 2306 1571 2391 1565 2307 1565 2307 1571 2391 1566 2392 1565 2307 1566 2392 1560 2308 1560 2308 1566 2392 1561 2393 1560 2308 1561 2393 1555 2309 1555 2309 1561 2393 1556 2394 1555 2309 1556 2394 1550 2310 1550 2310 1556 2394 1551 2395 1550 2310 1551 2395 1545 2311 1545 2311 1551 2395 1546 2396 1545 2311 1546 2396 1540 2312 1540 2312 1546 2396 1541 2397 1540 2312 1541 2397 1535 2313 1535 2313 1541 2397 1536 2398 1535 2313 1536 2398 1530 2314 1530 2314 1536 2398 1531 2399 1530 2314 1531 2399 1525 2315 1525 2315 1531 2399 1526 2400 1525 2315 1526 2400 1520 2316 1520 2316 1526 2400 1521 2401 1520 2316 1521 2401 1515 2317 1515 2317 1521 2401 1516 2402 1515 2317 1516 2402 1510 2318 1510 2318 1516 2402 1511 2403 1510 2318 1511 2403 1505 2319 1505 2319 1511 2403 1506 2404 1505 2319 1506 2404 1500 2320 1500 2320 1506 2404 1501 2405 1500 2320 1501 2405 1495 2321 1495 2321 1501 2405 1496 2406 1495 2321 1496 2406 1485 2322 1485 2322 1496 2406 1486 2407 1485 2322 1486 2407 1492 2323 1492 2323 1486 2407 1491 2408 1492 2323 1491 2408 1900 2324 1900 2324 1491 2408 1901 2409 1900 2324 1901 2409 1895 2325 1895 2325 1901 2409 1896 2410 1895 2325 1896 2410 1890 2326 1890 2326 1896 2410 1891 2411 1890 2326 1891 2411 1885 2327 1885 2327 1891 2411 1886 2412 1885 2327 1886 2412 1880 2328 1880 2328 1886 2412 1881 2413 1880 2328 1881 2413 1875 2329 1875 2329 1881 2413 1876 2414 1875 2329 1876 2414 1870 2330 1870 2330 1876 2414 1871 2415 1870 2330 1871 2415 1865 2331 1865 2331 1871 2415 1866 2416 1865 2331 1866 2416 1860 2332 1860 2332 1866 2416 1861 2417 1860 2332 1861 2417 1855 2333 1855 2333 1861 2417 1856 2418 1855 2333 1856 2418 1850 2334 1850 2334 1856 2418 1851 2419 1850 2334 1851 2419 1845 2335 1845 2335 1851 2419 1846 2420 1845 2335 1846 2420 1840 2336 1840 2336 1846 2420 1841 2421 1840 2336 1841 2421 1835 2337 1835 2337 1841 2421 1836 2422 1835 2337 1836 2422 1830 2338 1830 2338 1836 2422 1831 2423 1830 2338 1831 2423 1825 2339 1825 2339 1831 2423 1826 2424 1825 2339 1826 2424 1820 2340 1820 2340 1826 2424 1821 2425 1820 2340 1821 2425 1815 2341 1815 2341 1821 2425 1816 2426 1815 2341 1816 2426 1810 2342 1810 2342 1816 2426 1811 2427 1810 2342 1811 2427 1805 2343 1805 2343 1811 2427 1806 2428 1805 2343 1806 2428 1800 2344 1800 2344 1806 2428 1801 2429 1800 2344 1801 2429 1795 2345 1795 2345 1801 2429 1796 2430 1795 2345 1796 2430 1790 2346 1790 2346 1796 2430 1791 2431 1790 2346 1791 2431 1785 2347 1785 2347 1791 2431 1786 2432 1785 2347 1786 2432 1780 2348 1780 2348 1786 2432 1781 2433 1780 2348 1781 2433 1775 2349 1775 2349 1781 2433 1776 2434 1775 2349 1776 2434 1770 2350 1770 2350 1776 2434 1771 2435 1770 2350 1771 2435 1765 2351 1765 2351 1771 2435 1766 2436 1765 2351 1766 2436 1760 2352 1760 2352 1766 2436 1761 2437 1760 2352 1761 2437 1755 2353 1755 2353 1761 2437 1756 2438 1755 2353 1756 2438 1750 2354 1750 2354 1756 2438 1751 2439 1750 2354 1751 2439 1745 2355 1745 2355 1751 2439 1746 2440 1745 2355 1746 2440 1740 2356 1740 2356 1746 2440 1741 2441 1740 2356 1741 2441 1735 2357 1735 2357 1741 2441 1736 2442 1735 2357 1736 2442 1730 2358 1730 2358 1736 2442 1731 2443 1730 2358 1731 2443 1725 2359 1725 2359 1731 2443 1726 2444 1725 2359 1726 2444 1720 2360 1720 2360 1726 2444 1721 2445 1720 2360 1721 2445 1715 2361 1715 2361 1721 2445 1716 2446 1715 2361 1716 2446 1710 2362 1710 2362 1716 2446 1711 2447 1710 2362 1711 2447 1705 2363 1705 2363 1711 2447 1706 2448 1705 2363 1706 2448 1700 2364 1700 2364 1706 2448 1701 2449 1700 2364 1701 2449 1480 2280 1480 2280 1701 2449 1481 2365 1481 2365 1482 2450 1696 2366 1696 2366 1482 2450 1697 2451 1696 2366 1697 2451 1691 2367 1691 2367 1697 2451 1692 2452 1691 2367 1692 2452 1686 2368 1686 2368 1692 2452 1687 2453 1686 2368 1687 2453 1681 2369 1681 2369 1687 2453 1682 2454 1681 2369 1682 2454 1676 2370 1676 2370 1682 2454 1677 2455 1676 2370 1677 2455 1671 2371 1671 2371 1677 2455 1672 2456 1671 2371 1672 2456 1666 2372 1666 2372 1672 2456 1667 2457 1666 2372 1667 2457 1661 2373 1661 2373 1667 2457 1662 2458 1661 2373 1662 2458 1656 2374 1656 2374 1662 2458 1657 2459 1656 2374 1657 2459 1651 2375 1651 2375 1657 2459 1652 2460 1651 2375 1652 2460 1646 2376 1646 2376 1652 2460 1647 2461 1646 2376 1647 2461 1641 2377 1641 2377 1647 2461 1642 2462 1641 2377 1642 2462 1636 2378 1636 2378 1642 2462 1637 2463 1636 2378 1637 2463 1631 2379 1631 2379 1637 2463 1632 2464 1631 2379 1632 2464 1626 2380 1626 2380 1632 2464 1627 2465 1626 2380 1627 2465 1621 2381 1621 2381 1627 2465 1622 2466 1621 2381 1622 2466 1616 2382 1616 2382 1622 2466 1617 2467 1616 2382 1617 2467 1611 2383 1611 2383 1617 2467 1612 2468 1611 2383 1612 2468 1606 2384 1606 2384 1612 2468 1607 2469 1606 2384 1607 2469 1601 2385 1601 2385 1607 2469 1602 2470 1601 2385 1602 2470 1596 2386 1596 2386 1602 2470 1597 2471 1596 2386 1597 2471 1591 2387 1591 2387 1597 2471 1592 2472 1591 2387 1592 2472 1586 2388 1586 2388 1592 2472 1587 2473 1586 2388 1587 2473 1581 2389 1581 2389 1587 2473 1582 2474 1581 2389 1582 2474 1576 2390 1576 2390 1582 2474 1577 2475 1576 2390 1577 2475 1571 2391 1571 2391 1577 2475 1572 2476 1571 2391 1572 2476 1566 2392 1566 2392 1572 2476 1567 2477 1566 2392 1567 2477 1561 2393 1561 2393 1567 2477 1562 2478 1561 2393 1562 2478 1556 2394 1556 2394 1562 2478 1557 2479 1556 2394 1557 2479 1551 2395 1551 2395 1557 2479 1552 2480 1551 2395 1552 2480 1546 2396 1546 2396 1552 2480 1547 2481 1546 2396 1547 2481 1541 2397 1541 2397 1547 2481 1542 2482 1541 2397 1542 2482 1536 2398 1536 2398 1542 2482 1537 2483 1536 2398 1537 2483 1531 2399 1531 2399 1537 2483 1532 2484 1531 2399 1532 2484 1526 2400 1526 2400 1532 2484 1527 2485 1526 2400 1527 2485 1521 2401 1521 2401 1527 2485 1522 2486 1521 2401 1522 2486 1516 2402 1516 2402 1522 2486 1517 2487 1516 2402 1517 2487 1511 2403 1511 2403 1517 2487 1512 2488 1511 2403 1512 2488 1506 2404 1506 2404 1512 2488 1507 2489 1506 2404 1507 2489 1501 2405 1501 2405 1507 2489 1502 2490 1501 2405 1502 2490 1496 2406 1496 2406 1502 2490 1497 2491 1496 2406 1497 2491 1486 2407 1486 2407 1497 2491 1487 2492 1486 2407 1487 2492 1491 2408 1491 2408 1487 2492 1490 2493 1491 2408 1490 2493 1901 2409 1901 2409 1490 2493 1902 2494 1901 2409 1902 2494 1896 2410 1896 2410 1902 2494 1897 2495 1896 2410 1897 2495 1891 2411 1891 2411 1897 2495 1892 2496 1891 2411 1892 2496 1886 2412 1886 2412 1892 2496 1887 2497 1886 2412 1887 2497 1881 2413 1881 2413 1887 2497 1882 2498 1881 2413 1882 2498 1876 2414 1876 2414 1882 2498 1877 2499 1876 2414 1877 2499 1871 2415 1871 2415 1877 2499 1872 2500 1871 2415 1872 2500 1866 2416 1866 2416 1872 2500 1867 2501 1866 2416 1867 2501 1861 2417 1861 2417 1867 2501 1862 2502 1861 2417 1862 2502 1856 2418 1856 2418 1862 2502 1857 2503 1856 2418 1857 2503 1851 2419 1851 2419 1857 2503 1852 2504 1851 2419 1852 2504 1846 2420 1846 2420 1852 2504 1847 2505 1846 2420 1847 2505 1841 2421 1841 2421 1847 2505 1842 2506 1841 2421 1842 2506 1836 2422 1836 2422 1842 2506 1837 2507 1836 2422 1837 2507 1831 2423 1831 2423 1837 2507 1832 2508 1831 2423 1832 2508 1826 2424 1826 2424 1832 2508 1827 2509 1826 2424 1827 2509 1821 2425 1821 2425 1827 2509 1822 2510 1821 2425 1822 2510 1816 2426 1816 2426 1822 2510 1817 2511 1816 2426 1817 2511 1811 2427 1811 2427 1817 2511 1812 2512 1811 2427 1812 2512 1806 2428 1806 2428 1812 2512 1807 2513 1806 2428 1807 2513 1801 2429 1801 2429 1807 2513 1802 2514 1801 2429 1802 2514 1796 2430 1796 2430 1802 2514 1797 2515 1796 2430 1797 2515 1791 2431 1791 2431 1797 2515 1792 2516 1791 2431 1792 2516 1786 2432 1786 2432 1792 2516 1787 2517 1786 2432 1787 2517 1781 2433 1781 2433 1787 2517 1782 2518 1781 2433 1782 2518 1776 2434 1776 2434 1782 2518 1777 2519 1776 2434 1777 2519 1771 2435 1771 2435 1777 2519 1772 2520 1771 2435 1772 2520 1766 2436 1766 2436 1772 2520 1767 2521 1766 2436 1767 2521 1761 2437 1761 2437 1767 2521 1762 2522 1761 2437 1762 2522 1756 2438 1756 2438 1762 2522 1757 2523 1756 2438 1757 2523 1751 2439 1751 2439 1757 2523 1752 2524 1751 2439 1752 2524 1746 2440 1746 2440 1752 2524 1747 2525 1746 2440 1747 2525 1741 2441 1741 2441 1747 2525 1742 2526 1741 2441 1742 2526 1736 2442 1736 2442 1742 2526 1737 2527 1736 2442 1737 2527 1731 2443 1731 2443 1737 2527 1732 2528 1731 2443 1732 2528 1726 2444 1726 2444 1732 2528 1727 2529 1726 2444 1727 2529 1721 2445 1721 2445 1727 2529 1722 2530 1721 2445 1722 2530 1716 2446 1716 2446 1722 2530 1717 2531 1716 2446 1717 2531 1711 2447 1711 2447 1717 2531 1712 2532 1711 2447 1712 2532 1706 2448 1706 2448 1712 2532 1707 2533 1706 2448 1707 2533 1701 2449 1701 2449 1707 2533 1702 2534 1701 2449 1702 2534 1481 2365 1481 2365 1702 2534 1482 2450 1482 2450 1483 2238 1697 2451 1697 2451 1483 2238 1698 2237 1697 2451 1698 2237 1692 2452 1692 2452 1698 2237 1693 2236 1692 2452 1693 2236 1687 2453 1687 2453 1693 2236 1688 2235 1687 2453 1688 2235 1682 2454 1682 2454 1688 2235 1683 2234 1682 2454 1683 2234 1677 2455 1677 2455 1683 2234 1678 2233 1677 2455 1678 2233 1672 2456 1672 2456 1678 2233 1673 2232 1672 2456 1673 2232 1667 2457 1667 2457 1673 2232 1668 2231 1667 2457 1668 2231 1662 2458 1662 2458 1668 2231 1663 2230 1662 2458 1663 2230 1657 2459 1657 2459 1663 2230 1658 2229 1657 2459 1658 2229 1652 2460 1652 2460 1658 2229 1653 2228 1652 2460 1653 2228 1647 2461 1647 2461 1653 2228 1648 2227 1647 2461 1648 2227 1642 2462 1642 2462 1648 2227 1643 2226 1642 2462 1643 2226 1637 2463 1637 2463 1643 2226 1638 2225 1637 2463 1638 2225 1632 2464 1632 2464 1638 2225 1633 2224 1632 2464 1633 2224 1627 2465 1627 2465 1633 2224 1628 2223 1627 2465 1628 2223 1622 2466 1622 2466 1628 2223 1623 2222 1622 2466 1623 2222 1617 2467 1617 2467 1623 2222 1618 2221 1617 2467 1618 2221 1612 2468 1612 2468 1618 2221 1613 2220 1612 2468 1613 2220 1607 2469 1607 2469 1613 2220 1608 2219 1607 2469 1608 2219 1602 2470 1602 2470 1608 2219 1603 2218 1602 2470 1603 2218 1597 2471 1597 2471 1603 2218 1598 2217 1597 2471 1598 2217 1592 2472 1592 2472 1598 2217 1593 2216 1592 2472 1593 2216 1587 2473 1587 2473 1593 2216 1588 2215 1587 2473 1588 2215 1582 2474 1582 2474 1588 2215 1583 2214 1582 2474 1583 2214 1577 2475 1577 2475 1583 2214 1578 2213 1577 2475 1578 2213 1572 2476 1572 2476 1578 2213 1573 2212 1572 2476 1573 2212 1567 2477 1567 2477 1573 2212 1568 2211 1567 2477 1568 2211 1562 2478 1562 2478 1568 2211 1563 2210 1562 2478 1563 2210 1557 2479 1557 2479 1563 2210 1558 2209 1557 2479 1558 2209 1552 2480 1552 2480 1558 2209 1553 2208 1552 2480 1553 2208 1547 2481 1547 2481 1553 2208 1548 2207 1547 2481 1548 2207 1542 2482 1542 2482 1548 2207 1543 2206 1542 2482 1543 2206 1537 2483 1537 2483 1543 2206 1538 2205 1537 2483 1538 2205 1532 2484 1532 2484 1538 2205 1533 2204 1532 2484 1533 2204 1527 2485 1527 2485 1533 2204 1528 2203 1527 2485 1528 2203 1522 2486 1522 2486 1528 2203 1523 2202 1522 2486 1523 2202 1517 2487 1517 2487 1523 2202 1518 2201 1517 2487 1518 2201 1512 2488 1512 2488 1518 2201 1513 2200 1512 2488 1513 2200 1507 2489 1507 2489 1513 2200 1508 2199 1507 2489 1508 2199 1502 2490 1502 2490 1508 2199 1503 2198 1502 2490 1503 2198 1497 2491 1497 2491 1503 2198 1498 2197 1497 2491 1498 2197 1487 2492 1487 2492 1498 2197 1488 2196 1487 2492 1488 2196 1490 2493 1490 2493 1488 2196 1489 2195 1490 2493 1489 2195 1902 2494 1902 2494 1489 2195 1903 2279 1902 2494 1903 2279 1897 2495 1897 2495 1903 2279 1898 2278 1897 2495 1898 2278 1892 2496 1892 2496 1898 2278 1893 2277 1892 2496 1893 2277 1887 2497 1887 2497 1893 2277 1888 2276 1887 2497 1888 2276 1882 2498 1882 2498 1888 2276 1883 2275 1882 2498 1883 2275 1877 2499 1877 2499 1883 2275 1878 2274 1877 2499 1878 2274 1872 2500 1872 2500 1878 2274 1873 2273 1872 2500 1873 2273 1867 2501 1867 2501 1873 2273 1868 2272 1867 2501 1868 2272 1862 2502 1862 2502 1868 2272 1863 2271 1862 2502 1863 2271 1857 2503 1857 2503 1863 2271 1858 2270 1857 2503 1858 2270 1852 2504 1852 2504 1858 2270 1853 2269 1852 2504 1853 2269 1847 2505 1847 2505 1853 2269 1848 2268 1847 2505 1848 2268 1842 2506 1842 2506 1848 2268 1843 2267 1842 2506 1843 2267 1837 2507 1837 2507 1843 2267 1838 2266 1837 2507 1838 2266 1832 2508 1832 2508 1838 2266 1833 2265 1832 2508 1833 2265 1827 2509 1827 2509 1833 2265 1828 2264 1827 2509 1828 2264 1822 2510 1822 2510 1828 2264 1823 2263 1822 2510 1823 2263 1817 2511 1817 2511 1823 2263 1818 2262 1817 2511 1818 2262 1812 2512 1812 2512 1818 2262 1813 2261 1812 2512 1813 2261 1807 2513 1807 2513 1813 2261 1808 2260 1807 2513 1808 2260 1802 2514 1802 2514 1808 2260 1803 2259 1802 2514 1803 2259 1797 2515 1797 2515 1803 2259 1798 2258 1797 2515 1798 2258 1792 2516 1792 2516 1798 2258 1793 2257 1792 2516 1793 2257 1787 2517 1787 2517 1793 2257 1788 2256 1787 2517 1788 2256 1782 2518 1782 2518 1788 2256 1783 2255 1782 2518 1783 2255 1777 2519 1777 2519 1783 2255 1778 2254 1777 2519 1778 2254 1772 2520 1772 2520 1778 2254 1773 2253 1772 2520 1773 2253 1767 2521 1767 2521 1773 2253 1768 2252 1767 2521 1768 2252 1762 2522 1762 2522 1768 2252 1763 2251 1762 2522 1763 2251 1757 2523 1757 2523 1763 2251 1758 2250 1757 2523 1758 2250 1752 2524 1752 2524 1758 2250 1753 2249 1752 2524 1753 2249 1747 2525 1747 2525 1753 2249 1748 2248 1747 2525 1748 2248 1742 2526 1742 2526 1748 2248 1743 2247 1742 2526 1743 2247 1737 2527 1737 2527 1743 2247 1738 2246 1737 2527 1738 2246 1732 2528 1732 2528 1738 2246 1733 2245 1732 2528 1733 2245 1727 2529 1727 2529 1733 2245 1728 2244 1727 2529 1728 2244 1722 2530 1722 2530 1728 2244 1723 2243 1722 2530 1723 2243 1717 2531 1717 2531 1723 2243 1718 2242 1717 2531 1718 2242 1712 2532 1712 2532 1718 2242 1713 2241 1712 2532 1713 2241 1707 2533 1707 2533 1713 2241 1708 2240 1707 2533 1708 2240 1702 2534 1702 2534 1708 2240 1703 2239 1702 2534 1703 2239 1482 2450 1482 2450 1703 2239 1483 2238 425 498 1913 2535 360 497 360 497 1913 2535 1922 2536 360 497 1922 2536 361 495 361 495 1922 2536 2244 2537 361 495 2244 2537 362 493 362 493 2244 2537 2239 2538 362 493 2239 2538 363 491 363 491 2239 2538 2234 2539 363 491 2234 2539 364 489 364 489 2234 2539 2229 2540 364 489 2229 2540 365 487 365 487 2229 2540 2224 2541 365 487 2224 2541 366 485 366 485 2224 2541 2219 2542 366 485 2219 2542 367 483 367 483 2219 2542 2215 2543 367 483 2215 2543 368 481 368 481 2215 2543 2210 2544 368 481 2210 2544 369 479 369 479 2210 2544 2205 2545 369 479 2205 2545 370 477 370 477 2205 2545 2195 2546 370 477 2195 2546 371 475 371 475 2195 2546 2204 2547 371 475 2204 2547 2190 2548 2190 2548 2204 2547 2203 2549 2190 2548 2203 2549 2191 2550 2191 2550 2203 2549 2202 2551 2191 2550 2202 2551 2192 2552 2192 2552 2202 2551 2201 2553 2192 2552 2201 2553 2193 2554 2193 2554 2201 2553 2200 2555 2193 2554 2200 2555 2194 2556 2194 2556 2200 2555 684 742 2194 2556 684 742 683 744 1913 2535 425 498 1923 2557 1923 2557 425 498 424 499 1923 2557 424 499 1928 2558 1928 2558 424 499 423 501 1928 2558 423 501 1933 2559 1933 2559 423 501 422 502 1933 2559 422 502 1938 2560 1938 2560 422 502 421 503 1938 2560 421 503 1943 2561 1943 2561 421 503 420 505 1943 2561 420 505 1948 2562 1948 2562 420 505 419 506 1948 2562 419 506 1953 2563 1953 2563 419 506 418 508 1953 2563 418 508 1957 2564 1957 2564 418 508 417 509 1957 2564 417 509 1962 2565 1962 2565 417 509 416 389 1962 2565 416 389 1967 2566 1967 2566 416 389 415 390 1967 2566 415 390 1981 2567 1981 2567 415 390 1972 2568 1981 2567 1972 2568 1973 2569 1973 2569 1972 2568 1983 2570 1973 2569 1983 2570 1984 2571 1984 2571 1983 2570 1989 2572 1984 2571 1989 2572 1990 2573 1990 2573 1989 2572 1995 2574 1990 2573 1995 2574 1996 2575 1996 2575 1995 2574 2001 2576 1996 2575 2001 2576 646 818 646 818 2001 2576 647 816 647 816 2001 2576 2006 2577 647 816 2006 2577 648 814 648 814 2006 2577 2011 2578 648 814 2011 2578 649 812 649 812 2011 2578 2016 2579 649 812 2016 2579 650 810 650 810 2016 2579 2021 2580 650 810 2021 2580 1909 2581 1909 2581 2021 2580 2020 2582 1909 2581 2020 2582 2025 2583 2025 2583 2020 2582 2019 2584 2025 2583 2019 2584 2024 2585 2024 2585 2019 2584 2018 2586 2024 2585 2018 2586 2023 2587 2023 2587 2018 2586 2017 2588 2023 2587 2017 2588 2022 2589 2022 2589 2017 2588 406 405 2022 2589 406 405 405 407 415 390 414 392 1972 2568 1972 2568 414 392 1982 2590 1972 2568 1982 2590 1983 2570 1983 2570 1982 2590 1988 2591 1983 2570 1988 2591 1989 2572 1989 2572 1988 2591 1994 2592 1989 2572 1994 2592 1995 2574 1995 2574 1994 2592 2000 2593 1995 2574 2000 2593 2001 2576 2001 2576 2000 2593 2006 2577 414 392 413 394 1982 2590 1982 2590 413 394 1987 2594 1982 2590 1987 2594 1988 2591 1988 2591 1987 2594 1993 2595 1988 2591 1993 2595 1994 2592 1994 2592 1993 2595 1999 2596 1994 2592 1999 2596 2000 2593 2000 2593 1999 2596 2005 2597 2000 2593 2005 2597 2006 2577 2006 2577 2005 2597 2011 2578 413 394 412 395 1987 2594 1987 2594 412 395 1992 2598 1987 2594 1992 2598 1993 2595 1993 2595 1992 2598 1998 2599 1993 2595 1998 2599 1999 2596 1999 2596 1998 2599 2004 2600 1999 2596 2004 2600 2005 2597 2005 2597 2004 2600 2010 2601 2005 2597 2010 2601 2011 2578 2011 2578 2010 2601 2016 2579 412 395 411 397 1992 2598 1992 2598 411 397 1997 2602 1992 2598 1997 2602 1998 2599 1998 2599 1997 2602 2003 2603 1998 2599 2003 2603 2004 2600 2004 2600 2003 2603 2009 2604 2004 2600 2009 2604 2010 2601 2010 2601 2009 2604 2015 2605 2010 2601 2015 2605 2016 2579 2016 2579 2015 2605 2021 2580 411 397 410 399 1997 2602 1997 2602 410 399 2002 2606 1997 2602 2002 2606 2003 2603 2003 2603 2002 2606 2008 2607 2003 2603 2008 2607 2009 2604 2009 2604 2008 2607 2014 2608 2009 2604 2014 2608 2015 2605 2015 2605 2014 2608 2020 2582 2015 2605 2020 2582 2021 2580 410 399 409 400 2002 2606 2002 2606 409 400 2007 2609 2002 2606 2007 2609 2008 2607 2008 2607 2007 2609 2013 2610 2008 2607 2013 2610 2014 2608 2014 2608 2013 2610 2019 2584 2014 2608 2019 2584 2020 2582 409 400 408 402 2007 2609 2007 2609 408 402 2012 2611 2007 2609 2012 2611 2013 2610 2013 2610 2012 2611 2018 2586 2013 2610 2018 2586 2019 2584 408 402 407 404 2012 2611 2012 2611 407 404 2017 2588 2012 2611 2017 2588 2018 2586 407 404 406 405 2017 2588 2022 2589 405 407 2026 2612 2026 2612 405 407 404 408 2026 2612 404 408 2031 2613 2031 2613 404 408 403 410 2031 2613 403 410 2036 2614 2036 2614 403 410 402 412 2036 2614 402 412 2041 2615 2041 2615 402 412 401 413 2041 2615 401 413 2046 2616 2046 2616 401 413 400 415 2046 2616 400 415 2051 2617 2051 2617 400 415 399 418 2051 2617 399 418 2056 2618 2056 2618 399 418 398 420 2056 2618 398 420 2061 2619 2061 2619 398 420 397 422 2061 2619 397 422 2066 2620 2066 2620 397 422 396 424 2066 2620 396 424 2071 2621 2071 2621 396 424 395 426 2071 2621 395 426 2076 2622 2076 2622 395 426 394 428 2076 2622 394 428 2081 2623 2081 2623 394 428 393 430 2081 2623 393 430 1904 2624 1904 2624 393 430 2086 2625 1904 2624 2086 2625 2087 2626 2087 2626 2086 2625 2092 2627 2087 2626 2092 2627 2093 2628 2093 2628 2092 2627 2098 2629 2093 2628 2098 2629 2099 2630 2099 2630 2098 2629 2104 2631 2099 2630 2104 2631 2105 2632 2105 2632 2104 2631 2110 2633 2105 2632 2110 2633 667 776 667 776 2110 2633 668 774 668 774 2110 2633 2115 2634 668 774 2115 2634 669 772 669 772 2115 2634 2120 2635 669 772 2120 2635 670 770 670 770 2120 2635 2125 2636 670 770 2125 2636 671 768 671 768 2125 2636 2130 2637 671 768 2130 2637 672 766 672 766 2130 2637 2135 2638 672 766 2135 2638 673 764 673 764 2135 2638 2140 2639 673 764 2140 2639 674 762 674 762 2140 2639 2145 2640 674 762 2145 2640 675 760 675 760 2145 2640 1912 2641 675 760 1912 2641 676 758 676 758 1912 2641 2154 2642 676 758 2154 2642 2159 2643 2159 2643 2154 2642 2153 2644 2159 2643 2153 2644 2158 2645 2158 2645 2153 2644 2152 2646 2158 2645 2152 2646 2157 2647 2157 2647 2152 2646 2151 2648 2157 2647 2151 2648 2156 2649 2156 2649 2151 2648 2150 2650 2156 2649 2150 2650 2155 2651 2155 2651 2150 2650 379 458 2155 2651 379 458 378 460 393 430 392 432 2086 2625 2086 2625 392 432 2091 2652 2086 2625 2091 2652 2092 2627 2092 2627 2091 2652 2097 2653 2092 2627 2097 2653 2098 2629 2098 2629 2097 2653 2103 2654 2098 2629 2103 2654 2104 2631 2104 2631 2103 2654 2109 2655 2104 2631 2109 2655 2110 2633 2110 2633 2109 2655 2115 2634 392 432 391 434 2091 2652 2091 2652 391 434 2096 2656 2091 2652 2096 2656 2097 2653 2097 2653 2096 2656 2102 2657 2097 2653 2102 2657 2103 2654 2103 2654 2102 2657 2108 2658 2103 2654 2108 2658 2109 2655 2109 2655 2108 2658 2114 2659 2109 2655 2114 2659 2115 2634 2115 2634 2114 2659 2120 2635 391 434 390 436 2096 2656 2096 2656 390 436 2101 2660 2096 2656 2101 2660 2102 2657 2102 2657 2101 2660 2107 2661 2102 2657 2107 2661 2108 2658 2108 2658 2107 2661 2113 2662 2108 2658 2113 2662 2114 2659 2114 2659 2113 2662 2119 2663 2114 2659 2119 2663 2120 2635 2120 2635 2119 2663 2125 2636 390 436 389 438 2101 2660 2101 2660 389 438 2106 2664 2101 2660 2106 2664 2107 2661 2107 2661 2106 2664 2112 2665 2107 2661 2112 2665 2113 2662 2113 2662 2112 2665 2118 2666 2113 2662 2118 2666 2119 2663 2119 2663 2118 2666 2124 2667 2119 2663 2124 2667 2125 2636 2125 2636 2124 2667 2130 2637 389 438 388 440 2106 2664 2106 2664 388 440 2111 2668 2106 2664 2111 2668 2112 2665 2112 2665 2111 2668 2117 2669 2112 2665 2117 2669 2118 2666 2118 2666 2117 2669 2123 2670 2118 2666 2123 2670 2124 2667 2124 2667 2123 2670 2129 2671 2124 2667 2129 2671 2130 2637 2130 2637 2129 2671 2135 2638 388 440 387 442 2111 2668 2111 2668 387 442 2116 2672 2111 2668 2116 2672 2117 2669 2117 2669 2116 2672 2122 2673 2117 2669 2122 2673 2123 2670 2123 2670 2122 2673 2128 2674 2123 2670 2128 2674 2129 2671 2129 2671 2128 2674 2134 2675 2129 2671 2134 2675 2135 2638 2135 2638 2134 2675 2140 2639 387 442 386 444 2116 2672 2116 2672 386 444 2121 2676 2116 2672 2121 2676 2122 2673 2122 2673 2121 2676 2127 2677 2122 2673 2127 2677 2128 2674 2128 2674 2127 2677 2133 2678 2128 2674 2133 2678 2134 2675 2134 2675 2133 2678 2139 2679 2134 2675 2139 2679 2140 2639 2140 2639 2139 2679 2145 2640 386 444 385 446 2121 2676 2121 2676 385 446 2126 2680 2121 2676 2126 2680 2127 2677 2127 2677 2126 2680 2132 2681 2127 2677 2132 2681 2133 2678 2133 2678 2132 2681 2138 2682 2133 2678 2138 2682 2139 2679 2139 2679 2138 2682 2144 2683 2139 2679 2144 2683 2145 2640 2145 2640 2144 2683 1912 2641 385 446 384 448 2126 2680 2126 2680 384 448 2131 2684 2126 2680 2131 2684 2132 2681 2132 2681 2131 2684 2137 2685 2132 2681 2137 2685 2138 2682 2138 2682 2137 2685 2143 2686 2138 2682 2143 2686 2144 2683 2144 2683 2143 2686 2149 2687 2144 2683 2149 2687 1912 2641 1912 2641 2149 2687 2154 2642 384 448 383 450 2131 2684 2131 2684 383 450 2136 2688 2131 2684 2136 2688 2137 2685 2137 2685 2136 2688 2142 2689 2137 2685 2142 2689 2143 2686 2143 2686 2142 2689 2148 2690 2143 2686 2148 2690 2149 2687 2149 2687 2148 2690 2153 2644 2149 2687 2153 2644 2154 2642 383 450 382 452 2136 2688 2136 2688 382 452 2141 2691 2136 2688 2141 2691 2142 2689 2142 2689 2141 2691 2147 2692 2142 2689 2147 2692 2148 2690 2148 2690 2147 2692 2152 2646 2148 2690 2152 2646 2153 2644 382 452 381 454 2141 2691 2141 2691 381 454 2146 2693 2141 2691 2146 2693 2147 2692 2147 2692 2146 2693 2151 2648 2147 2692 2151 2648 2152 2646 381 454 380 456 2146 2693 2146 2693 380 456 2150 2650 2146 2693 2150 2650 2151 2648 380 456 379 458 2150 2650 2155 2651 378 460 2160 2694 2160 2694 378 460 377 462 2160 2694 377 462 2165 2695 2165 2695 377 462 376 464 2165 2695 376 464 2170 2696 2170 2696 376 464 375 466 2170 2696 375 466 2175 2697 2175 2697 375 466 374 469 2175 2697 374 469 2180 2698 2180 2698 374 469 373 471 2180 2698 373 471 2185 2699 2185 2699 373 471 372 473 2185 2699 372 473 2190 2548 2190 2548 372 473 371 475 694 722 1918 2700 631 720 631 720 1918 2700 1917 2701 631 720 1917 2701 632 718 632 718 1917 2701 1927 2702 632 718 1927 2702 633 844 633 844 1927 2702 1932 2703 633 844 1932 2703 634 842 634 842 1932 2703 1937 2704 634 842 1937 2704 635 840 635 840 1937 2704 1942 2705 635 840 1942 2705 636 838 636 838 1942 2705 1947 2706 636 838 1947 2706 637 836 637 836 1947 2706 1952 2707 637 836 1952 2707 1910 2708 1910 2708 1952 2707 1951 2709 1910 2708 1951 2709 1956 2710 1956 2710 1951 2709 1950 2711 1956 2710 1950 2711 1955 2712 1955 2712 1950 2711 1949 2713 1955 2712 1949 2713 1954 2714 1954 2714 1949 2713 1948 2562 1954 2714 1948 2562 1953 2563 1918 2700 694 722 2248 2715 2248 2715 694 722 693 724 2248 2715 693 724 2243 2716 2243 2716 693 724 692 726 2243 2716 692 726 2238 2717 2238 2717 692 726 691 728 2238 2717 691 728 2233 2718 2233 2718 691 728 690 730 2233 2718 690 730 2228 2719 2228 2719 690 730 689 732 2228 2719 689 732 2223 2720 2223 2720 689 732 1911 2721 2223 2720 1911 2721 2218 2722 2218 2722 1911 2721 2213 2723 2218 2722 2213 2723 2212 2724 2212 2724 2213 2723 2207 2725 2212 2724 2207 2725 2206 2726 2206 2726 2207 2725 2196 2727 2206 2726 2196 2727 2195 2546 2195 2546 2196 2727 2204 2547 689 732 688 734 1911 2721 1911 2721 688 734 2214 2728 1911 2721 2214 2728 2213 2723 2213 2723 2214 2728 2208 2729 2213 2723 2208 2729 2207 2725 2207 2725 2208 2729 2197 2730 2207 2725 2197 2730 2196 2727 2196 2727 2197 2730 2203 2549 2196 2727 2203 2549 2204 2547 688 734 687 736 2214 2728 2214 2728 687 736 2209 2731 2214 2728 2209 2731 2208 2729 2208 2729 2209 2731 2198 2732 2208 2729 2198 2732 2197 2730 2197 2730 2198 2732 2202 2551 2197 2730 2202 2551 2203 2549 687 736 686 738 2209 2731 2209 2731 686 738 2199 2733 2209 2731 2199 2733 2198 2732 2198 2732 2199 2733 2201 2553 2198 2732 2201 2553 2202 2551 686 738 685 740 2199 2733 2199 2733 685 740 2200 2555 2199 2733 2200 2555 2201 2553 685 740 684 742 2200 2555 2194 2556 683 744 2189 2734 2189 2734 683 744 682 746 2189 2734 682 746 2184 2735 2184 2735 682 746 681 748 2184 2735 681 748 2179 2736 2179 2736 681 748 680 750 2179 2736 680 750 2174 2737 2174 2737 680 750 679 752 2174 2737 679 752 2169 2738 2169 2738 679 752 678 754 2169 2738 678 754 2164 2739 2164 2739 678 754 677 756 2164 2739 677 756 2159 2643 2159 2643 677 756 676 758 667 776 666 778 2105 2632 2105 2632 666 778 2100 2740 2105 2632 2100 2740 2099 2630 2099 2630 2100 2740 2094 2741 2099 2630 2094 2741 2093 2628 2093 2628 2094 2741 2088 2742 2093 2628 2088 2742 2087 2626 2087 2626 2088 2742 1905 2743 2087 2626 1905 2743 1904 2624 1904 2624 1905 2743 2081 2623 666 778 665 780 2100 2740 2100 2740 665 780 2095 2744 2100 2740 2095 2744 2094 2741 2094 2741 2095 2744 2089 2745 2094 2741 2089 2745 2088 2742 2088 2742 2089 2745 1906 2746 2088 2742 1906 2746 1905 2743 1905 2743 1906 2746 2082 2747 1905 2743 2082 2747 2081 2623 2081 2623 2082 2747 2076 2622 665 780 664 782 2095 2744 2095 2744 664 782 2090 2748 2095 2744 2090 2748 2089 2745 2089 2745 2090 2748 1907 2749 2089 2745 1907 2749 1906 2746 1906 2746 1907 2749 2083 2750 1906 2746 2083 2750 2082 2747 2082 2747 2083 2750 2077 2751 2082 2747 2077 2751 2076 2622 2076 2622 2077 2751 2071 2621 664 782 663 784 2090 2748 2090 2748 663 784 1908 2752 2090 2748 1908 2752 1907 2749 1907 2749 1908 2752 2084 2753 1907 2749 2084 2753 2083 2750 2083 2750 2084 2753 2078 2754 2083 2750 2078 2754 2077 2751 2077 2751 2078 2754 2072 2755 2077 2751 2072 2755 2071 2621 2071 2621 2072 2755 2066 2620 1908 2752 663 784 2085 2756 2085 2756 663 784 662 786 2085 2756 662 786 2080 2757 2080 2757 662 786 661 788 2080 2757 661 788 2075 2758 2075 2758 661 788 660 790 2075 2758 660 790 2070 2759 2070 2759 660 790 659 792 2070 2759 659 792 2065 2760 2065 2760 659 792 658 794 2065 2760 658 794 2060 2761 2060 2761 658 794 657 796 2060 2761 657 796 2055 2762 2055 2762 657 796 656 798 2055 2762 656 798 2050 2763 2050 2763 656 798 655 800 2050 2763 655 800 2045 2764 2045 2764 655 800 654 802 2045 2764 654 802 2040 2765 2040 2765 654 802 653 804 2040 2765 653 804 2035 2766 2035 2766 653 804 652 806 2035 2766 652 806 2030 2767 2030 2767 652 806 651 808 2030 2767 651 808 1909 2581 1909 2581 651 808 650 810 646 818 645 820 1996 2575 1996 2575 645 820 1991 2768 1996 2575 1991 2768 1990 2573 1990 2573 1991 2768 1985 2769 1990 2573 1985 2769 1984 2571 1984 2571 1985 2769 1974 2770 1984 2571 1974 2770 1973 2569 1973 2569 1974 2770 1980 2771 1973 2569 1980 2771 1981 2567 1981 2567 1980 2771 1967 2566 645 820 644 822 1991 2768 1991 2768 644 822 1986 2772 1991 2768 1986 2772 1985 2769 1985 2769 1986 2772 1975 2773 1985 2769 1975 2773 1974 2770 1974 2770 1975 2773 1979 2774 1974 2770 1979 2774 1980 2771 1980 2771 1979 2774 1968 2775 1980 2771 1968 2775 1967 2566 1967 2566 1968 2775 1962 2565 644 822 643 824 1986 2772 1986 2772 643 824 1976 2776 1986 2772 1976 2776 1975 2773 1975 2773 1976 2776 1978 2777 1975 2773 1978 2777 1979 2774 1979 2774 1978 2777 1969 2778 1979 2774 1969 2778 1968 2775 1968 2775 1969 2778 1963 2779 1968 2775 1963 2779 1962 2565 1962 2565 1963 2779 1957 2564 643 824 642 826 1976 2776 1976 2776 642 826 1977 2780 1976 2776 1977 2780 1978 2777 1978 2777 1977 2780 1970 2781 1978 2777 1970 2781 1969 2778 1969 2778 1970 2781 1964 2782 1969 2778 1964 2782 1963 2779 1963 2779 1964 2782 1958 2783 1963 2779 1958 2783 1957 2564 1957 2564 1958 2783 1953 2563 642 826 641 828 1977 2780 1977 2780 641 828 1971 2784 1977 2780 1971 2784 1970 2781 1970 2781 1971 2784 1965 2785 1970 2781 1965 2785 1964 2782 1964 2782 1965 2785 1959 2786 1964 2782 1959 2786 1958 2783 1958 2783 1959 2786 1954 2714 1958 2783 1954 2714 1953 2563 641 828 640 830 1971 2784 1971 2784 640 830 1966 2787 1971 2784 1966 2787 1965 2785 1965 2785 1966 2787 1960 2788 1965 2785 1960 2788 1959 2786 1959 2786 1960 2788 1955 2712 1959 2786 1955 2712 1954 2714 640 830 639 832 1966 2787 1966 2787 639 832 1961 2789 1966 2787 1961 2789 1960 2788 1960 2788 1961 2789 1956 2710 1960 2788 1956 2710 1955 2712 639 832 638 834 1961 2789 1961 2789 638 834 1910 2708 1961 2789 1910 2708 1956 2710 638 834 637 836 1910 2708 2084 2753 1908 2752 2085 2756 1913 2535 1914 2790 1922 2536 1922 2536 1914 2790 1921 2791 1922 2536 1921 2791 2244 2537 2244 2537 1921 2791 2245 2792 2244 2537 2245 2792 2239 2538 2239 2538 2245 2792 2240 2793 2239 2538 2240 2793 2234 2539 2234 2539 2240 2793 2235 2794 2234 2539 2235 2794 2229 2540 2229 2540 2235 2794 2230 2795 2229 2540 2230 2795 2224 2541 2224 2541 2230 2795 2225 2796 2224 2541 2225 2796 2219 2542 2219 2542 2225 2796 2220 2797 2219 2542 2220 2797 2215 2543 2215 2543 2220 2797 2216 2798 2215 2543 2216 2798 2210 2544 2210 2544 2216 2798 2211 2799 2210 2544 2211 2799 2205 2545 2205 2545 2211 2799 2206 2726 2205 2545 2206 2726 2195 2546 1914 2790 1915 2800 1921 2791 1921 2791 1915 2800 1920 2801 1921 2791 1920 2801 2245 2792 2245 2792 1920 2801 2246 2802 2245 2792 2246 2802 2240 2793 2240 2793 2246 2802 2241 2803 2240 2793 2241 2803 2235 2794 2235 2794 2241 2803 2236 2804 2235 2794 2236 2804 2230 2795 2230 2795 2236 2804 2231 2805 2230 2795 2231 2805 2225 2796 2225 2796 2231 2805 2226 2806 2225 2796 2226 2806 2220 2797 2220 2797 2226 2806 2221 2807 2220 2797 2221 2807 2216 2798 2216 2798 2221 2807 2217 2808 2216 2798 2217 2808 2211 2799 2211 2799 2217 2808 2212 2724 2211 2799 2212 2724 2206 2726 1914 2790 1913 2535 1924 2809 1924 2809 1913 2535 1923 2557 1924 2809 1923 2557 1929 2810 1929 2810 1923 2557 1928 2558 1929 2810 1928 2558 1934 2811 1934 2811 1928 2558 1933 2559 1934 2811 1933 2559 1939 2812 1939 2812 1933 2559 1938 2560 1939 2812 1938 2560 1944 2813 1944 2813 1938 2560 1943 2561 1944 2813 1943 2561 1949 2713 1949 2713 1943 2561 1948 2562 1915 2800 1916 2814 1920 2801 1920 2801 1916 2814 1919 2815 1920 2801 1919 2815 2246 2802 2246 2802 1919 2815 2247 2816 2246 2802 2247 2816 2241 2803 2241 2803 2247 2816 2242 2817 2241 2803 2242 2817 2236 2804 2236 2804 2242 2817 2237 2818 2236 2804 2237 2818 2231 2805 2231 2805 2237 2818 2232 2819 2231 2805 2232 2819 2226 2806 2226 2806 2232 2819 2227 2820 2226 2806 2227 2820 2221 2807 2221 2807 2227 2820 2222 2821 2221 2807 2222 2821 2217 2808 2217 2808 2222 2821 2218 2722 2217 2808 2218 2722 2212 2724 1915 2800 1914 2790 1925 2822 1925 2822 1914 2790 1924 2809 1925 2822 1924 2809 1930 2823 1930 2823 1924 2809 1929 2810 1930 2823 1929 2810 1935 2824 1935 2824 1929 2810 1934 2811 1935 2824 1934 2811 1940 2825 1940 2825 1934 2811 1939 2812 1940 2825 1939 2812 1945 2826 1945 2826 1939 2812 1944 2813 1945 2826 1944 2813 1950 2711 1950 2711 1944 2813 1949 2713 1916 2814 1917 2701 1919 2815 1919 2815 1917 2701 1918 2700 1919 2815 1918 2700 2247 2816 2247 2816 1918 2700 2248 2715 2247 2816 2248 2715 2242 2817 2242 2817 2248 2715 2243 2716 2242 2817 2243 2716 2237 2818 2237 2818 2243 2716 2238 2717 2237 2818 2238 2717 2232 2819 2232 2819 2238 2717 2233 2718 2232 2819 2233 2718 2227 2820 2227 2820 2233 2718 2228 2719 2227 2820 2228 2719 2222 2821 2222 2821 2228 2719 2223 2720 2222 2821 2223 2720 2218 2722 1916 2814 1915 2800 1926 2827 1926 2827 1915 2800 1925 2822 1926 2827 1925 2822 1931 2828 1931 2828 1925 2822 1930 2823 1931 2828 1930 2823 1936 2829 1936 2829 1930 2823 1935 2824 1936 2829 1935 2824 1941 2830 1941 2830 1935 2824 1940 2825 1941 2830 1940 2825 1946 2831 1946 2831 1940 2825 1945 2826 1946 2831 1945 2826 1951 2709 1951 2709 1945 2826 1950 2711 1917 2701 1916 2814 1927 2702 1927 2702 1916 2814 1926 2827 1927 2702 1926 2827 1932 2703 1932 2703 1926 2827 1931 2828 1932 2703 1931 2828 1937 2704 1937 2704 1931 2828 1936 2829 1937 2704 1936 2829 1942 2705 1942 2705 1936 2829 1941 2830 1942 2705 1941 2830 1947 2706 1947 2706 1941 2830 1946 2831 1947 2706 1946 2831 1952 2707 1952 2707 1946 2831 1951 2709 2023 2587 2022 2589 2027 2832 2027 2832 2022 2589 2026 2612 2027 2832 2026 2612 2032 2833 2032 2833 2026 2612 2031 2613 2032 2833 2031 2613 2037 2834 2037 2834 2031 2613 2036 2614 2037 2834 2036 2614 2042 2835 2042 2835 2036 2614 2041 2615 2042 2835 2041 2615 2047 2836 2047 2836 2041 2615 2046 2616 2047 2836 2046 2616 2052 2837 2052 2837 2046 2616 2051 2617 2052 2837 2051 2617 2057 2838 2057 2838 2051 2617 2056 2618 2057 2838 2056 2618 2062 2839 2062 2839 2056 2618 2061 2619 2062 2839 2061 2619 2067 2840 2067 2840 2061 2619 2066 2620 2067 2840 2066 2620 2072 2755 2024 2585 2023 2587 2028 2841 2028 2841 2023 2587 2027 2832 2028 2841 2027 2832 2033 2842 2033 2842 2027 2832 2032 2833 2033 2842 2032 2833 2038 2843 2038 2843 2032 2833 2037 2834 2038 2843 2037 2834 2043 2844 2043 2844 2037 2834 2042 2835 2043 2844 2042 2835 2048 2845 2048 2845 2042 2835 2047 2836 2048 2845 2047 2836 2053 2846 2053 2846 2047 2836 2052 2837 2053 2846 2052 2837 2058 2847 2058 2847 2052 2837 2057 2838 2058 2847 2057 2838 2063 2848 2063 2848 2057 2838 2062 2839 2063 2848 2062 2839 2068 2849 2068 2849 2062 2839 2067 2840 2068 2849 2067 2840 2073 2850 2073 2850 2067 2840 2072 2755 2073 2850 2072 2755 2078 2754 2030 2767 1909 2581 2025 2583 2025 2583 2024 2585 2029 2851 2029 2851 2024 2585 2028 2841 2029 2851 2028 2841 2034 2852 2034 2852 2028 2841 2033 2842 2034 2852 2033 2842 2039 2853 2039 2853 2033 2842 2038 2843 2039 2853 2038 2843 2044 2854 2044 2854 2038 2843 2043 2844 2044 2854 2043 2844 2049 2855 2049 2855 2043 2844 2048 2845 2049 2855 2048 2845 2054 2856 2054 2856 2048 2845 2053 2846 2054 2856 2053 2846 2059 2857 2059 2857 2053 2846 2058 2847 2059 2857 2058 2847 2064 2858 2064 2858 2058 2847 2063 2848 2064 2858 2063 2848 2069 2859 2069 2859 2063 2848 2068 2849 2069 2859 2068 2849 2074 2860 2074 2860 2068 2849 2073 2850 2074 2860 2073 2850 2079 2861 2079 2861 2073 2850 2078 2754 2079 2861 2078 2754 2084 2753 2035 2766 2030 2767 2029 2851 2029 2851 2030 2767 2025 2583 2035 2766 2029 2851 2034 2852 2040 2765 2035 2766 2034 2852 2040 2765 2034 2852 2039 2853 2045 2764 2040 2765 2039 2853 2045 2764 2039 2853 2044 2854 2050 2763 2045 2764 2044 2854 2050 2763 2044 2854 2049 2855 2055 2762 2050 2763 2049 2855 2055 2762 2049 2855 2054 2856 2060 2761 2055 2762 2054 2856 2060 2761 2054 2856 2059 2857 2065 2760 2060 2761 2059 2857 2065 2760 2059 2857 2064 2858 2070 2759 2065 2760 2064 2858 2070 2759 2064 2858 2069 2859 2075 2758 2070 2759 2069 2859 2075 2758 2069 2859 2074 2860 2080 2757 2075 2758 2074 2860 2080 2757 2074 2860 2079 2861 2085 2756 2080 2757 2079 2861 2085 2756 2079 2861 2084 2753 2156 2649 2155 2651 2161 2862 2161 2862 2155 2651 2160 2694 2161 2862 2160 2694 2166 2863 2166 2863 2160 2694 2165 2695 2166 2863 2165 2695 2171 2864 2171 2864 2165 2695 2170 2696 2171 2864 2170 2696 2176 2865 2176 2865 2170 2696 2175 2697 2176 2865 2175 2697 2181 2866 2181 2866 2175 2697 2180 2698 2181 2866 2180 2698 2186 2867 2186 2867 2180 2698 2185 2699 2186 2867 2185 2699 2191 2550 2191 2550 2185 2699 2190 2548 2157 2647 2156 2649 2162 2868 2162 2868 2156 2649 2161 2862 2162 2868 2161 2862 2167 2869 2167 2869 2161 2862 2166 2863 2167 2869 2166 2863 2172 2870 2172 2870 2166 2863 2171 2864 2172 2870 2171 2864 2177 2871 2177 2871 2171 2864 2176 2865 2177 2871 2176 2865 2182 2872 2182 2872 2176 2865 2181 2866 2182 2872 2181 2866 2187 2873 2187 2873 2181 2866 2186 2867 2187 2873 2186 2867 2192 2552 2192 2552 2186 2867 2191 2550 2164 2739 2159 2643 2158 2645 2158 2645 2157 2647 2163 2874 2163 2874 2157 2647 2162 2868 2163 2874 2162 2868 2168 2875 2168 2875 2162 2868 2167 2869 2168 2875 2167 2869 2173 2876 2173 2876 2167 2869 2172 2870 2173 2876 2172 2870 2178 2877 2178 2877 2172 2870 2177 2871 2178 2877 2177 2871 2183 2878 2183 2878 2177 2871 2182 2872 2183 2878 2182 2872 2188 2879 2188 2879 2182 2872 2187 2873 2188 2879 2187 2873 2193 2554 2193 2554 2187 2873 2192 2552 2169 2738 2164 2739 2163 2874 2163 2874 2164 2739 2158 2645 2169 2738 2163 2874 2168 2875 2174 2737 2169 2738 2168 2875 2174 2737 2168 2875 2173 2876 2179 2736 2174 2737 2173 2876 2179 2736 2173 2876 2178 2877 2184 2735 2179 2736 2178 2877 2184 2735 2178 2877 2183 2878 2189 2734 2184 2735 2183 2878 2189 2734 2183 2878 2188 2879 2194 2556 2189 2734 2188 2879 2194 2556 2188 2879 2193 2554 2252 2880 496 581 2253 2881 2253 2881 496 581 495 580 2253 2881 495 580 2249 2882 2253 2881 2249 2882 2254 2883 2254 2883 2249 2882 2250 2884 2254 2883 2250 2884 288 373 288 373 287 372 2254 2883 2254 2883 287 372 2251 2885 2254 2883 2251 2885 2253 2881 2253 2881 2251 2885 2252 2880 506 603 2255 2886 517 605 517 605 2255 2886 2276 2887 517 605 2276 2887 2281 2888 2281 2888 2276 2887 2275 2889 2281 2888 2275 2889 2280 2890 2280 2890 2275 2889 2274 2891 2280 2890 2274 2891 2279 2892 2279 2892 2274 2891 2273 2893 2279 2892 2273 2893 2278 2894 2278 2894 2273 2893 2272 2895 2278 2894 2272 2895 2277 2896 2277 2896 2272 2895 346 492 2277 2896 346 492 345 490 2255 2886 2256 2897 2276 2887 2276 2887 2256 2897 2275 2889 2256 2897 2257 2898 2275 2889 2275 2889 2257 2898 2274 2891 2257 2898 2258 2899 2274 2891 2274 2891 2258 2899 2259 2900 2274 2891 2259 2900 2273 2893 2273 2893 2259 2900 2260 2901 2273 2893 2260 2901 2272 2895 2272 2895 2260 2901 2261 2902 2272 2895 2261 2902 346 492 346 492 2261 2902 2262 2903 346 492 2262 2903 347 494 2277 2896 345 490 2282 2904 2282 2904 345 490 344 488 2282 2904 344 488 2287 2905 2287 2905 344 488 343 486 2287 2905 343 486 2292 2906 2292 2906 343 486 342 484 2292 2906 342 484 2297 2907 2297 2907 342 484 341 482 2297 2907 341 482 2302 2908 2302 2908 341 482 340 480 2302 2908 340 480 2307 2909 2307 2909 340 480 339 478 2307 2909 339 478 2312 2910 2312 2910 339 478 338 476 2312 2910 338 476 2317 2911 2317 2911 338 476 337 474 2317 2911 337 474 2322 2912 2322 2912 337 474 336 472 2322 2912 336 472 2327 2913 2327 2913 336 472 335 470 2327 2913 335 470 2332 2914 2332 2914 335 470 334 468 2332 2914 334 468 2337 2915 2337 2915 334 468 333 467 2337 2915 333 467 2342 2916 2342 2916 333 467 332 465 2342 2916 332 465 2347 2917 2347 2917 332 465 331 463 2347 2917 331 463 2352 2918 2352 2918 331 463 330 461 2352 2918 330 461 2357 2919 2357 2919 330 461 329 459 2357 2919 329 459 2362 2920 2362 2920 329 459 328 457 2362 2920 328 457 2367 2921 2367 2921 328 457 327 455 2367 2921 327 455 2372 2922 2372 2922 327 455 326 453 2372 2922 326 453 2377 2923 2377 2923 326 453 325 451 2377 2923 325 451 2382 2924 2382 2924 325 451 324 449 2382 2924 324 449 2387 2925 2387 2925 324 449 323 447 2387 2925 323 447 2392 2926 2392 2926 323 447 322 445 2392 2926 322 445 2397 2927 2397 2927 322 445 321 443 2397 2927 321 443 2402 2928 2402 2928 321 443 320 441 2402 2928 320 441 2407 2929 2407 2929 320 441 319 439 2407 2929 319 439 2412 2930 2412 2930 319 439 318 437 2412 2930 318 437 2417 2931 2417 2931 318 437 317 435 2417 2931 317 435 2422 2932 2422 2932 317 435 316 433 2422 2932 316 433 2427 2933 2427 2933 316 433 315 431 2427 2933 315 431 2432 2934 2432 2934 315 431 314 429 2432 2934 314 429 2437 2935 2437 2935 314 429 313 427 2437 2935 313 427 2442 2936 2442 2936 313 427 312 425 2442 2936 312 425 2447 2937 2447 2937 312 425 311 423 2447 2937 311 423 2452 2938 2452 2938 311 423 310 421 2452 2938 310 421 2457 2939 2457 2939 310 421 309 419 2457 2939 309 419 2268 2940 2268 2940 309 419 308 417 2268 2940 308 417 2269 2941 2269 2941 308 417 307 416 2269 2941 307 416 2270 2942 2270 2942 307 416 306 414 2270 2942 306 414 2271 2943 2271 2943 306 414 305 411 2271 2943 305 411 2263 2944 2271 2943 2263 2944 2474 2945 2474 2945 2263 2944 2264 2946 2474 2945 2264 2946 2475 2947 2475 2947 2264 2946 2265 2948 2475 2947 2265 2948 2476 2949 2476 2949 2265 2948 2266 2950 2476 2949 2266 2950 2477 2951 2477 2951 2266 2950 2267 2952 2477 2951 2267 2952 558 687 558 687 2267 2952 559 689 558 687 557 685 2477 2951 2477 2951 557 685 2473 2953 2477 2951 2473 2953 2476 2949 2476 2949 2473 2953 2472 2954 2476 2949 2472 2954 2475 2947 2475 2947 2472 2954 2471 2955 2475 2947 2471 2955 2474 2945 2474 2945 2471 2955 2470 2956 2474 2945 2470 2956 2271 2943 2271 2943 2470 2956 2270 2942 557 685 556 683 2473 2953 2473 2953 556 683 2469 2957 2473 2953 2469 2957 2472 2954 2472 2954 2469 2957 2468 2958 2472 2954 2468 2958 2471 2955 2471 2955 2468 2958 2467 2959 2471 2955 2467 2959 2470 2956 2470 2956 2467 2959 2466 2960 2470 2956 2466 2960 2270 2942 2270 2942 2466 2960 2269 2941 556 683 555 681 2469 2957 2469 2957 555 681 2465 2961 2469 2957 2465 2961 2468 2958 2468 2958 2465 2961 2464 2962 2468 2958 2464 2962 2467 2959 2467 2959 2464 2962 2463 2963 2467 2959 2463 2963 2466 2960 2466 2960 2463 2963 2462 2964 2466 2960 2462 2964 2269 2941 2269 2941 2462 2964 2268 2940 555 681 554 679 2465 2961 2465 2961 554 679 2461 2965 2465 2961 2461 2965 2464 2962 2464 2962 2461 2965 2460 2966 2464 2962 2460 2966 2463 2963 2463 2963 2460 2966 2459 2967 2463 2963 2459 2967 2462 2964 2462 2964 2459 2967 2458 2968 2462 2964 2458 2968 2268 2940 2268 2940 2458 2968 2457 2939 554 679 553 677 2461 2965 2461 2965 553 677 2456 2969 2461 2965 2456 2969 2455 2970 2455 2970 2456 2969 2450 2971 2455 2970 2450 2971 2449 2972 2449 2972 2450 2971 2444 2973 2449 2972 2444 2973 2443 2974 2443 2974 2444 2973 2438 2975 2443 2974 2438 2975 2437 2935 2437 2935 2438 2975 2432 2934 553 677 552 675 2456 2969 2456 2969 552 675 2451 2976 2456 2969 2451 2976 2450 2971 2450 2971 2451 2976 2445 2977 2450 2971 2445 2977 2444 2973 2444 2973 2445 2977 2439 2978 2444 2973 2439 2978 2438 2975 2438 2975 2439 2978 2433 2979 2438 2975 2433 2979 2432 2934 2432 2934 2433 2979 2427 2933 552 675 551 673 2451 2976 2451 2976 551 673 2446 2980 2451 2976 2446 2980 2445 2977 2445 2977 2446 2980 2440 2981 2445 2977 2440 2981 2439 2978 2439 2978 2440 2981 2434 2982 2439 2978 2434 2982 2433 2979 2433 2979 2434 2982 2428 2983 2433 2979 2428 2983 2427 2933 2427 2933 2428 2983 2422 2932 551 673 550 671 2446 2980 2446 2980 550 671 2441 2984 2446 2980 2441 2984 2440 2981 2440 2981 2441 2984 2435 2985 2440 2981 2435 2985 2434 2982 2434 2982 2435 2985 2429 2986 2434 2982 2429 2986 2428 2983 2428 2983 2429 2986 2423 2987 2428 2983 2423 2987 2422 2932 2422 2932 2423 2987 2417 2931 550 671 549 669 2441 2984 2441 2984 549 669 2436 2988 2441 2984 2436 2988 2435 2985 2435 2985 2436 2988 2430 2989 2435 2985 2430 2989 2429 2986 2429 2986 2430 2989 2424 2990 2429 2986 2424 2990 2423 2987 2423 2987 2424 2990 2418 2991 2423 2987 2418 2991 2417 2931 2417 2931 2418 2991 2412 2930 549 669 548 667 2436 2988 2436 2988 548 667 2431 2992 2436 2988 2431 2992 2430 2989 2430 2989 2431 2992 2425 2993 2430 2989 2425 2993 2424 2990 2424 2990 2425 2993 2419 2994 2424 2990 2419 2994 2418 2991 2418 2991 2419 2994 2413 2995 2418 2991 2413 2995 2412 2930 2412 2930 2413 2995 2407 2929 548 667 547 665 2431 2992 2431 2992 547 665 2426 2996 2431 2992 2426 2996 2425 2993 2425 2993 2426 2996 2420 2997 2425 2993 2420 2997 2419 2994 2419 2994 2420 2997 2414 2998 2419 2994 2414 2998 2413 2995 2413 2995 2414 2998 2408 2999 2413 2995 2408 2999 2407 2929 2407 2929 2408 2999 2402 2928 547 665 546 663 2426 2996 2426 2996 546 663 2421 3000 2426 2996 2421 3000 2420 2997 2420 2997 2421 3000 2415 3001 2420 2997 2415 3001 2414 2998 2414 2998 2415 3001 2409 3002 2414 2998 2409 3002 2408 2999 2408 2999 2409 3002 2403 3003 2408 2999 2403 3003 2402 2928 2402 2928 2403 3003 2397 2927 546 663 545 661 2421 3000 2421 3000 545 661 2416 3004 2421 3000 2416 3004 2415 3001 2415 3001 2416 3004 2410 3005 2415 3001 2410 3005 2409 3002 2409 3002 2410 3005 2404 3006 2409 3002 2404 3006 2403 3003 2403 3003 2404 3006 2398 3007 2403 3003 2398 3007 2397 2927 2397 2927 2398 3007 2392 2926 545 661 544 659 2416 3004 2416 3004 544 659 2411 3008 2416 3004 2411 3008 2410 3005 2410 3005 2411 3008 2405 3009 2410 3005 2405 3009 2404 3006 2404 3006 2405 3009 2399 3010 2404 3006 2399 3010 2398 3007 2398 3007 2399 3010 2393 3011 2398 3007 2393 3011 2392 2926 2392 2926 2393 3011 2387 2925 544 659 543 657 2411 3008 2411 3008 543 657 2406 3012 2411 3008 2406 3012 2405 3009 2405 3009 2406 3012 2400 3013 2405 3009 2400 3013 2399 3010 2399 3010 2400 3013 2394 3014 2399 3010 2394 3014 2393 3011 2393 3011 2394 3014 2388 3015 2393 3011 2388 3015 2387 2925 2387 2925 2388 3015 2382 2924 543 657 542 655 2406 3012 2406 3012 542 655 2401 3016 2406 3012 2401 3016 2400 3013 2400 3013 2401 3016 2395 3017 2400 3013 2395 3017 2394 3014 2394 3014 2395 3017 2389 3018 2394 3014 2389 3018 2388 3015 2388 3015 2389 3018 2383 3019 2388 3015 2383 3019 2382 2924 2382 2924 2383 3019 2377 2923 542 655 541 653 2401 3016 2401 3016 541 653 2396 3020 2401 3016 2396 3020 2395 3017 2395 3017 2396 3020 2390 3021 2395 3017 2390 3021 2389 3018 2389 3018 2390 3021 2384 3022 2389 3018 2384 3022 2383 3019 2383 3019 2384 3022 2378 3023 2383 3019 2378 3023 2377 2923 2377 2923 2378 3023 2372 2922 541 653 540 651 2396 3020 2396 3020 540 651 2391 3024 2396 3020 2391 3024 2390 3021 2390 3021 2391 3024 2385 3025 2390 3021 2385 3025 2384 3022 2384 3022 2385 3025 2379 3026 2384 3022 2379 3026 2378 3023 2378 3023 2379 3026 2373 3027 2378 3023 2373 3027 2372 2922 2372 2922 2373 3027 2367 2921 540 651 539 649 2391 3024 2391 3024 539 649 2386 3028 2391 3024 2386 3028 2385 3025 2385 3025 2386 3028 2380 3029 2385 3025 2380 3029 2379 3026 2379 3026 2380 3029 2374 3030 2379 3026 2374 3030 2373 3027 2373 3027 2374 3030 2368 3031 2373 3027 2368 3031 2367 2921 2367 2921 2368 3031 2362 2920 539 649 538 647 2386 3028 2386 3028 538 647 2381 3032 2386 3028 2381 3032 2380 3029 2380 3029 2381 3032 2375 3033 2380 3029 2375 3033 2374 3030 2374 3030 2375 3033 2369 3034 2374 3030 2369 3034 2368 3031 2368 3031 2369 3034 2363 3035 2368 3031 2363 3035 2362 2920 2362 2920 2363 3035 2357 2919 538 647 537 645 2381 3032 2381 3032 537 645 2376 3036 2381 3032 2376 3036 2375 3033 2375 3033 2376 3036 2370 3037 2375 3033 2370 3037 2369 3034 2369 3034 2370 3037 2364 3038 2369 3034 2364 3038 2363 3035 2363 3035 2364 3038 2358 3039 2363 3035 2358 3039 2357 2919 2357 2919 2358 3039 2352 2918 537 645 536 643 2376 3036 2376 3036 536 643 2371 3040 2376 3036 2371 3040 2370 3037 2370 3037 2371 3040 2365 3041 2370 3037 2365 3041 2364 3038 2364 3038 2365 3041 2359 3042 2364 3038 2359 3042 2358 3039 2358 3039 2359 3042 2353 3043 2358 3039 2353 3043 2352 2918 2352 2918 2353 3043 2347 2917 536 643 535 641 2371 3040 2371 3040 535 641 2366 3044 2371 3040 2366 3044 2365 3041 2365 3041 2366 3044 2360 3045 2365 3041 2360 3045 2359 3042 2359 3042 2360 3045 2354 3046 2359 3042 2354 3046 2353 3043 2353 3043 2354 3046 2348 3047 2353 3043 2348 3047 2347 2917 2347 2917 2348 3047 2342 2916 535 641 534 639 2366 3044 2366 3044 534 639 2361 3048 2366 3044 2361 3048 2360 3045 2360 3045 2361 3048 2355 3049 2360 3045 2355 3049 2354 3046 2354 3046 2355 3049 2349 3050 2354 3046 2349 3050 2348 3047 2348 3047 2349 3050 2343 3051 2348 3047 2343 3051 2342 2916 2342 2916 2343 3051 2337 2915 534 639 533 637 2361 3048 2361 3048 533 637 2356 3052 2361 3048 2356 3052 2355 3049 2355 3049 2356 3052 2350 3053 2355 3049 2350 3053 2349 3050 2349 3050 2350 3053 2344 3054 2349 3050 2344 3054 2343 3051 2343 3051 2344 3054 2338 3055 2343 3051 2338 3055 2337 2915 2337 2915 2338 3055 2332 2914 533 637 532 635 2356 3052 2356 3052 532 635 2351 3056 2356 3052 2351 3056 2350 3053 2350 3053 2351 3056 2345 3057 2350 3053 2345 3057 2344 3054 2344 3054 2345 3057 2339 3058 2344 3054 2339 3058 2338 3055 2338 3055 2339 3058 2333 3059 2338 3055 2333 3059 2332 2914 2332 2914 2333 3059 2327 2913 532 635 531 633 2351 3056 2351 3056 531 633 2346 3060 2351 3056 2346 3060 2345 3057 2345 3057 2346 3060 2340 3061 2345 3057 2340 3061 2339 3058 2339 3058 2340 3061 2334 3062 2339 3058 2334 3062 2333 3059 2333 3059 2334 3062 2328 3063 2333 3059 2328 3063 2327 2913 2327 2913 2328 3063 2322 2912 531 633 530 631 2346 3060 2346 3060 530 631 2341 3064 2346 3060 2341 3064 2340 3061 2340 3061 2341 3064 2335 3065 2340 3061 2335 3065 2334 3062 2334 3062 2335 3065 2329 3066 2334 3062 2329 3066 2328 3063 2328 3063 2329 3066 2323 3067 2328 3063 2323 3067 2322 2912 2322 2912 2323 3067 2317 2911 530 631 529 629 2341 3064 2341 3064 529 629 2336 3068 2341 3064 2336 3068 2335 3065 2335 3065 2336 3068 2330 3069 2335 3065 2330 3069 2329 3066 2329 3066 2330 3069 2324 3070 2329 3066 2324 3070 2323 3067 2323 3067 2324 3070 2318 3071 2323 3067 2318 3071 2317 2911 2317 2911 2318 3071 2312 2910 529 629 528 627 2336 3068 2336 3068 528 627 2331 3072 2336 3068 2331 3072 2330 3069 2330 3069 2331 3072 2325 3073 2330 3069 2325 3073 2324 3070 2324 3070 2325 3073 2319 3074 2324 3070 2319 3074 2318 3071 2318 3071 2319 3074 2313 3075 2318 3071 2313 3075 2312 2910 2312 2910 2313 3075 2307 2909 528 627 527 625 2331 3072 2331 3072 527 625 2326 3076 2331 3072 2326 3076 2325 3073 2325 3073 2326 3076 2320 3077 2325 3073 2320 3077 2319 3074 2319 3074 2320 3077 2314 3078 2319 3074 2314 3078 2313 3075 2313 3075 2314 3078 2308 3079 2313 3075 2308 3079 2307 2909 2307 2909 2308 3079 2302 2908 527 625 526 623 2326 3076 2326 3076 526 623 2321 3080 2326 3076 2321 3080 2320 3077 2320 3077 2321 3080 2315 3081 2320 3077 2315 3081 2314 3078 2314 3078 2315 3081 2309 3082 2314 3078 2309 3082 2308 3079 2308 3079 2309 3082 2303 3083 2308 3079 2303 3083 2302 2908 2302 2908 2303 3083 2297 2907 526 623 525 621 2321 3080 2321 3080 525 621 2316 3084 2321 3080 2316 3084 2315 3081 2315 3081 2316 3084 2310 3085 2315 3081 2310 3085 2309 3082 2309 3082 2310 3085 2304 3086 2309 3082 2304 3086 2303 3083 2303 3083 2304 3086 2298 3087 2303 3083 2298 3087 2297 2907 2297 2907 2298 3087 2292 2906 525 621 524 619 2316 3084 2316 3084 524 619 2311 3088 2316 3084 2311 3088 2310 3085 2310 3085 2311 3088 2305 3089 2310 3085 2305 3089 2304 3086 2304 3086 2305 3089 2299 3090 2304 3086 2299 3090 2298 3087 2298 3087 2299 3090 2293 3091 2298 3087 2293 3091 2292 2906 2292 2906 2293 3091 2287 2905 524 619 523 617 2311 3088 2311 3088 523 617 2306 3092 2311 3088 2306 3092 2305 3089 2305 3089 2306 3092 2300 3093 2305 3089 2300 3093 2299 3090 2299 3090 2300 3093 2294 3094 2299 3090 2294 3094 2293 3091 2293 3091 2294 3094 2288 3095 2293 3091 2288 3095 2287 2905 2287 2905 2288 3095 2282 2904 523 617 522 615 2306 3092 2306 3092 522 615 2301 3096 2306 3092 2301 3096 2300 3093 2300 3093 2301 3096 2295 3097 2300 3093 2295 3097 2294 3094 2294 3094 2295 3097 2289 3098 2294 3094 2289 3098 2288 3095 2288 3095 2289 3098 2283 3099 2288 3095 2283 3099 2282 2904 2282 2904 2283 3099 2277 2896 522 615 521 613 2301 3096 2301 3096 521 613 2296 3100 2301 3096 2296 3100 2295 3097 2295 3097 2296 3100 2290 3101 2295 3097 2290 3101 2289 3098 2289 3098 2290 3101 2284 3102 2289 3098 2284 3102 2283 3099 2283 3099 2284 3102 2278 2894 2283 3099 2278 2894 2277 2896 521 613 520 611 2296 3100 2296 3100 520 611 2291 3103 2296 3100 2291 3103 2290 3101 2290 3101 2291 3103 2285 3104 2290 3101 2285 3104 2284 3102 2284 3102 2285 3104 2279 2892 2284 3102 2279 2892 2278 2894 520 611 519 609 2291 3103 2291 3103 519 609 2286 3105 2291 3103 2286 3105 2285 3104 2285 3104 2286 3105 2280 2890 2285 3104 2280 2890 2279 2892 519 609 518 607 2286 3105 2286 3105 518 607 2281 2888 2286 3105 2281 2888 2280 2890 518 607 517 605 2281 2888 2437 2935 2442 2936 2443 2974 2443 2974 2442 2936 2448 3106 2443 2974 2448 3106 2449 2972 2449 2972 2448 3106 2454 3107 2449 2972 2454 3107 2455 2970 2455 2970 2454 3107 2460 2966 2455 2970 2460 2966 2461 2965 2442 2936 2447 2937 2448 3106 2448 3106 2447 2937 2453 3108 2448 3106 2453 3108 2454 3107 2454 3107 2453 3108 2459 2967 2454 3107 2459 2967 2460 2966 2447 2937 2452 2938 2453 3108 2453 3108 2452 2938 2458 2968 2453 3108 2458 2968 2459 2967 2457 2939 2458 2968 2452 2938 559 689 2267 2952 603 691 603 691 2267 2952 2490 3109 603 691 2490 3109 604 693 604 693 2490 3109 2495 3110 604 693 2495 3110 605 695 605 695 2495 3110 2500 3111 605 695 2500 3111 606 697 606 697 2500 3111 2505 3112 606 697 2505 3112 607 699 607 699 2505 3112 2510 3113 607 699 2510 3113 608 701 608 701 2510 3113 2515 3114 608 701 2515 3114 609 703 609 703 2515 3114 2520 3115 609 703 2520 3115 610 705 610 705 2520 3115 2525 3116 610 705 2525 3116 611 707 611 707 2525 3116 2530 3117 611 707 2530 3117 612 709 612 709 2530 3117 2535 3118 612 709 2535 3118 613 711 613 711 2535 3118 2540 3119 613 711 2540 3119 614 713 614 713 2540 3119 2545 3120 614 713 2545 3120 615 715 615 715 2545 3120 2550 3121 615 715 2550 3121 616 717 616 717 2550 3121 2485 3122 2485 3122 2550 3121 2549 3123 2485 3122 2549 3123 2484 3124 2484 3124 2549 3123 2548 3125 2484 3124 2548 3125 2483 3126 2483 3126 2548 3125 2482 3127 2482 3127 2548 3125 2547 3128 2482 3127 2547 3128 2481 3129 2481 3129 2547 3128 2480 3130 2480 3130 2547 3128 2546 3131 2480 3130 2546 3131 2479 3132 2479 3132 2546 3131 292 376 2479 3132 292 376 2478 3133 2478 3133 292 376 291 378 2267 2952 2266 2950 2490 3109 2490 3109 2266 2950 2489 3134 2490 3109 2489 3134 2495 3110 2495 3110 2489 3134 2494 3135 2495 3110 2494 3135 2500 3111 2500 3111 2494 3135 2499 3136 2500 3111 2499 3136 2505 3112 2505 3112 2499 3136 2504 3137 2505 3112 2504 3137 2510 3113 2510 3113 2504 3137 2509 3138 2510 3113 2509 3138 2515 3114 2515 3114 2509 3138 2514 3139 2515 3114 2514 3139 2520 3115 2520 3115 2514 3139 2519 3140 2520 3115 2519 3140 2525 3116 2525 3116 2519 3140 2524 3141 2525 3116 2524 3141 2530 3117 2530 3117 2524 3141 2529 3142 2530 3117 2529 3142 2535 3118 2535 3118 2529 3142 2534 3143 2535 3118 2534 3143 2540 3119 2540 3119 2534 3143 2539 3144 2540 3119 2539 3144 2545 3120 2545 3120 2539 3144 2544 3145 2545 3120 2544 3145 2550 3121 2550 3121 2544 3145 2549 3123 2266 2950 2265 2948 2489 3134 2489 3134 2265 2948 2488 3146 2489 3134 2488 3146 2494 3135 2494 3135 2488 3146 2493 3147 2494 3135 2493 3147 2499 3136 2499 3136 2493 3147 2498 3148 2499 3136 2498 3148 2504 3137 2504 3137 2498 3148 2503 3149 2504 3137 2503 3149 2509 3138 2509 3138 2503 3149 2508 3150 2509 3138 2508 3150 2514 3139 2514 3139 2508 3150 2513 3151 2514 3139 2513 3151 2519 3140 2519 3140 2513 3151 2518 3152 2519 3140 2518 3152 2524 3141 2524 3141 2518 3152 2523 3153 2524 3141 2523 3153 2529 3142 2529 3142 2523 3153 2528 3154 2529 3142 2528 3154 2534 3143 2534 3143 2528 3154 2533 3155 2534 3143 2533 3155 2539 3144 2539 3144 2533 3155 2538 3156 2539 3144 2538 3156 2544 3145 2544 3145 2538 3156 2543 3157 2544 3145 2543 3157 2549 3123 2549 3123 2543 3157 2548 3125 2265 2948 2264 2946 2488 3146 2488 3146 2264 2946 2487 3158 2488 3146 2487 3158 2493 3147 2493 3147 2487 3158 2492 3159 2493 3147 2492 3159 2498 3148 2498 3148 2492 3159 2497 3160 2498 3148 2497 3160 2503 3149 2503 3149 2497 3160 2502 3161 2503 3149 2502 3161 2508 3150 2508 3150 2502 3161 2507 3162 2508 3150 2507 3162 2513 3151 2513 3151 2507 3162 2512 3163 2513 3151 2512 3163 2518 3152 2518 3152 2512 3163 2517 3164 2518 3152 2517 3164 2523 3153 2523 3153 2517 3164 2522 3165 2523 3153 2522 3165 2528 3154 2528 3154 2522 3165 2527 3166 2528 3154 2527 3166 2533 3155 2533 3155 2527 3166 2532 3167 2533 3155 2532 3167 2538 3156 2538 3156 2532 3167 2537 3168 2538 3156 2537 3168 2543 3157 2543 3157 2537 3168 2542 3169 2543 3157 2542 3169 2548 3125 2548 3125 2542 3169 2547 3128 2264 2946 2263 2944 2487 3158 2487 3158 2263 2944 2486 3170 2487 3158 2486 3170 2492 3159 2492 3159 2486 3170 2491 3171 2492 3159 2491 3171 2497 3160 2497 3160 2491 3171 2496 3172 2497 3160 2496 3172 2502 3161 2502 3161 2496 3172 2501 3173 2502 3161 2501 3173 2507 3162 2507 3162 2501 3173 2506 3174 2507 3162 2506 3174 2512 3163 2512 3163 2506 3174 2511 3175 2512 3163 2511 3175 2517 3164 2517 3164 2511 3175 2516 3176 2517 3164 2516 3176 2522 3165 2522 3165 2516 3176 2521 3177 2522 3165 2521 3177 2527 3166 2527 3166 2521 3177 2526 3178 2527 3166 2526 3178 2532 3167 2532 3167 2526 3178 2531 3179 2532 3167 2531 3179 2537 3168 2537 3168 2531 3179 2536 3180 2537 3168 2536 3180 2542 3169 2542 3169 2536 3180 2541 3181 2542 3169 2541 3181 2547 3128 2547 3128 2541 3181 2546 3131 2263 2944 305 411 2486 3170 2486 3170 305 411 304 409 2486 3170 304 409 2491 3171 2491 3171 304 409 303 406 2491 3171 303 406 2496 3172 2496 3172 303 406 302 403 2496 3172 302 403 2501 3173 2501 3173 302 403 301 401 2501 3173 301 401 2506 3174 2506 3174 301 401 300 398 2506 3174 300 398 2511 3175 2511 3175 300 398 299 396 2511 3175 299 396 2516 3176 2516 3176 299 396 298 393 2516 3176 298 393 2521 3177 2521 3177 298 393 297 391 2521 3177 297 391 2526 3178 2526 3178 297 391 296 388 2526 3178 296 388 2531 3179 2531 3179 296 388 295 386 2531 3179 295 386 2536 3180 2536 3180 295 386 294 384 2536 3180 294 384 2541 3181 2541 3181 294 384 293 382 2541 3181 293 382 2546 3131 2546 3131 293 382 292 376 347 494 2262 3182 348 496 348 496 2262 3182 2261 3183 348 496 2261 3183 2560 3184 2560 3184 2261 3183 2260 3185 2560 3184 2260 3185 2559 3186 2559 3186 2260 3185 2259 3187 2559 3186 2259 3187 2258 3188 2559 3186 2258 3188 2558 3189 2558 3189 2258 3188 2257 3190 2558 3189 2257 3190 2256 3191 2558 3189 2256 3191 2557 3192 2557 3192 2256 3191 2255 3193 2557 3192 2255 3193 2556 3194 2556 3194 2255 3193 506 601 2556 3194 506 601 505 599 2556 3194 505 599 2561 3195 2561 3195 505 599 504 597 2561 3195 504 597 2566 3196 2566 3196 504 597 503 595 2566 3196 503 595 2571 3197 2571 3197 503 595 502 593 2571 3197 502 593 2576 3198 2576 3198 502 593 501 591 2576 3198 501 591 2581 3199 2581 3199 501 591 500 589 2581 3199 500 589 2586 3200 2586 3200 500 589 499 587 2586 3200 499 587 2591 3201 2591 3201 499 587 498 585 2591 3201 498 585 2596 3202 2596 3202 498 585 497 583 2596 3202 497 583 2551 3203 2551 3203 497 583 496 581 2551 3203 2552 3204 2596 3202 2596 3202 2552 3204 2597 3205 2596 3202 2597 3205 2591 3201 2591 3201 2597 3205 2592 3206 2591 3201 2592 3206 2586 3200 2586 3200 2592 3206 2587 3207 2586 3200 2587 3207 2581 3199 2581 3199 2587 3207 2582 3208 2581 3199 2582 3208 2576 3198 2576 3198 2582 3208 2577 3209 2576 3198 2577 3209 2571 3197 2571 3197 2577 3209 2572 3210 2571 3197 2572 3210 2566 3196 2566 3196 2572 3210 2567 3211 2566 3196 2567 3211 2561 3195 2561 3195 2567 3211 2562 3212 2561 3195 2562 3212 2556 3194 2556 3194 2562 3212 2557 3192 2552 3204 2553 3213 2597 3205 2597 3205 2553 3213 2598 3214 2597 3205 2598 3214 2592 3206 2592 3206 2598 3214 2593 3215 2592 3206 2593 3215 2587 3207 2587 3207 2593 3215 2588 3216 2587 3207 2588 3216 2582 3208 2582 3208 2588 3216 2583 3217 2582 3208 2583 3217 2577 3209 2577 3209 2583 3217 2578 3218 2577 3209 2578 3218 2572 3210 2572 3210 2578 3218 2573 3219 2572 3210 2573 3219 2567 3211 2567 3211 2573 3219 2568 3220 2567 3211 2568 3220 2562 3212 2562 3212 2568 3220 2563 3221 2562 3212 2563 3221 2557 3192 2557 3192 2563 3221 2558 3189 2553 3213 2554 3222 2598 3214 2598 3214 2554 3222 2599 3223 2598 3214 2599 3223 2593 3215 2593 3215 2599 3223 2594 3224 2593 3215 2594 3224 2588 3216 2588 3216 2594 3224 2589 3225 2588 3216 2589 3225 2583 3217 2583 3217 2589 3225 2584 3226 2583 3217 2584 3226 2578 3218 2578 3218 2584 3226 2579 3227 2578 3218 2579 3227 2573 3219 2573 3219 2579 3227 2574 3228 2573 3219 2574 3228 2568 3220 2568 3220 2574 3228 2569 3229 2568 3220 2569 3229 2563 3221 2563 3221 2569 3229 2564 3230 2563 3221 2564 3230 2558 3189 2558 3189 2564 3230 2559 3186 2554 3222 2555 3231 2599 3223 2599 3223 2555 3231 2600 3232 2599 3223 2600 3232 2594 3224 2594 3224 2600 3232 2595 3233 2594 3224 2595 3233 2589 3225 2589 3225 2595 3233 2590 3234 2589 3225 2590 3234 2584 3226 2584 3226 2590 3234 2585 3235 2584 3226 2585 3235 2579 3227 2579 3227 2585 3235 2580 3236 2579 3227 2580 3236 2574 3228 2574 3228 2580 3236 2575 3237 2574 3228 2575 3237 2569 3229 2569 3229 2575 3237 2570 3238 2569 3229 2570 3238 2564 3230 2564 3230 2570 3238 2565 3239 2564 3230 2565 3239 2559 3186 2559 3186 2565 3239 2560 3184 2555 3231 357 381 2600 3232 2600 3232 357 381 356 379 2600 3232 356 379 2595 3233 2595 3233 356 379 355 377 2595 3233 355 377 2590 3234 2590 3234 355 377 354 383 2590 3234 354 383 2585 3235 2585 3235 354 383 353 385 2585 3235 353 385 2580 3236 2580 3236 353 385 352 387 2580 3236 352 387 2575 3237 2575 3237 352 387 351 507 2575 3237 351 507 2570 3238 2570 3238 351 507 350 504 2570 3238 350 504 2565 3239 2565 3239 350 504 349 500 2565 3239 349 500 2560 3184 2560 3184 349 500 348 496 616 3240 2485 3241 2605 3242 2605 3242 2485 3241 2484 3243 2605 3242 2484 3243 2604 3244 2604 3244 2484 3243 2483 3245 2604 3244 2483 3245 2603 3246 2603 3246 2483 3245 2482 3247 2603 3246 2482 3247 2481 3248 2603 3246 2481 3248 2602 3249 2602 3249 2481 3248 2480 3250 2602 3249 2480 3250 2601 3251 2601 3251 2480 3250 2479 3252 2601 3251 2479 3252 359 510 359 510 2479 3252 2478 3253 359 510 2478 3253 291 378 357 381 2555 3231 2615 3254 2615 3254 2555 3231 2554 3222 2615 3254 2554 3222 2614 3255 2614 3255 2554 3222 2553 3213 2614 3255 2553 3213 2613 3256 2613 3256 2553 3213 2552 3204 2613 3256 2552 3204 2612 3257 2612 3257 2552 3204 2551 3203 2612 3257 2551 3203 2611 3258 2611 3258 2551 3203 496 581 2611 3258 496 581 2252 2880 2611 3258 2252 2880 2616 3259 2616 3259 2252 2880 2251 2885 2616 3259 2251 2885 2606 3260 2606 3260 2251 2885 287 372 2606 3260 2607 3261 2616 3259 2616 3259 2607 3261 2617 3262 2616 3259 2617 3262 2611 3258 2611 3258 2617 3262 2612 3257 2607 3261 2608 3263 2617 3262 2617 3262 2608 3263 2618 3264 2617 3262 2618 3264 2612 3257 2612 3257 2618 3264 2613 3256 2608 3263 2609 3265 2618 3264 2618 3264 2609 3265 2619 3266 2618 3264 2619 3266 2613 3256 2613 3256 2619 3266 2614 3255 2609 3265 2610 3267 2619 3266 2619 3266 2610 3267 2620 3268 2619 3266 2620 3268 2614 3255 2614 3255 2620 3268 2615 3254 2610 3267 357 381 2620 3268 2620 3268 357 381 2615 3254 256 218 255 220 2635 3269 2635 3269 255 220 2621 3270 2635 3269 2621 3270 2622 3271 2635 3269 2622 3271 2634 3272 2634 3272 2622 3271 2623 3273 2634 3272 2623 3273 2633 3274 2633 3274 2623 3273 2624 3275 2633 3274 2624 3275 2632 3276 2632 3276 2624 3275 2625 3277 2632 3276 2625 3277 2631 3278 2631 3278 2625 3277 616 3240 2631 3278 616 3240 2605 3242 2631 3278 2605 3242 2636 3279 2636 3279 2605 3242 2604 3244 2636 3279 2604 3244 2641 3280 2641 3280 2604 3244 2603 3246 2641 3280 2603 3246 2655 3281 2655 3281 2603 3246 2646 3282 2655 3281 2646 3282 2647 3283 2647 3283 2646 3282 2657 3284 2647 3283 2657 3284 2658 3285 2658 3285 2657 3284 2663 3286 2658 3285 2663 3286 2664 3287 2664 3287 2663 3286 2629 3288 2664 3287 2629 3288 2630 3289 2603 3246 2602 3249 2646 3282 2646 3282 2602 3249 2656 3290 2646 3282 2656 3290 2657 3284 2657 3284 2656 3290 2662 3291 2657 3284 2662 3291 2663 3286 2663 3286 2662 3291 2628 3292 2663 3286 2628 3292 2629 3288 2602 3249 2601 3251 2656 3290 2656 3290 2601 3251 2661 3293 2656 3290 2661 3293 2662 3291 2662 3291 2661 3293 2627 3294 2662 3291 2627 3294 2628 3292 2601 3251 359 510 2661 3293 2661 3293 359 510 2626 3295 2661 3293 2626 3295 2627 3294 2664 3287 2630 3289 2665 3296 2665 3296 2630 3289 262 171 2665 3296 262 171 261 209 2665 3296 261 209 2660 3297 2660 3297 261 209 260 211 2660 3297 260 211 2650 3298 2650 3298 260 211 259 213 2650 3298 259 213 2651 3299 2651 3299 259 213 258 215 2651 3299 258 215 2645 3300 2645 3300 258 215 257 217 2645 3300 257 217 2640 3301 2640 3301 257 217 256 218 2640 3301 256 218 2635 3269 2632 3276 2631 3278 2637 3302 2637 3302 2631 3278 2636 3279 2637 3302 2636 3279 2642 3303 2642 3303 2636 3279 2641 3280 2642 3303 2641 3280 2654 3304 2654 3304 2641 3280 2655 3281 2654 3304 2655 3281 2647 3283 2633 3274 2632 3276 2638 3305 2638 3305 2632 3276 2637 3302 2638 3305 2637 3302 2643 3306 2643 3306 2637 3302 2642 3303 2643 3306 2642 3303 2653 3307 2653 3307 2642 3303 2654 3304 2653 3307 2654 3304 2648 3308 2648 3308 2654 3304 2647 3283 2648 3308 2647 3283 2658 3285 2640 3301 2635 3269 2634 3272 2634 3272 2633 3274 2639 3309 2639 3309 2633 3274 2638 3305 2639 3309 2638 3305 2644 3310 2644 3310 2638 3305 2643 3306 2644 3310 2643 3306 2652 3311 2652 3311 2643 3306 2653 3307 2652 3311 2653 3307 2649 3312 2649 3312 2653 3307 2648 3308 2649 3312 2648 3308 2659 3313 2659 3313 2648 3308 2658 3285 2659 3313 2658 3285 2664 3287 2645 3300 2640 3301 2639 3309 2639 3309 2640 3301 2634 3272 2645 3300 2639 3309 2644 3310 2651 3299 2645 3300 2644 3310 2651 3299 2644 3310 2652 3311 2651 3299 2652 3311 2650 3298 2650 3298 2652 3311 2649 3312 2650 3298 2649 3312 2660 3297 2660 3297 2649 3312 2659 3313 2660 3297 2659 3313 2665 3296 2665 3296 2659 3313 2664 3287 358 380 357 381 2671 3314 2671 3314 357 381 2610 3267 2671 3314 2610 3267 2672 3315 2672 3315 2610 3267 2609 3265 2672 3315 2609 3265 2673 3316 2673 3316 2609 3265 2608 3263 2673 3316 2608 3263 2674 3317 2674 3317 2608 3263 2607 3261 2674 3317 2607 3261 2675 3318 2675 3318 2607 3261 2606 3260 2675 3318 2606 3260 287 372 287 372 290 374 2675 3318 2675 3318 290 374 2666 3319 2675 3318 2666 3319 2674 3317 2674 3317 2666 3319 2667 3320 2674 3317 2667 3320 2673 3316 2673 3316 2667 3320 2668 3321 2673 3316 2668 3321 2672 3315 2672 3315 2668 3321 2669 3322 2672 3315 2669 3322 2671 3314 2671 3314 2669 3322 2670 3323 2671 3314 2670 3323 358 380 2630 3289 2681 3324 262 171 262 171 2681 3324 2682 3325 262 171 2682 3325 2683 3326 2683 3326 2682 3325 2687 3327 2683 3326 2687 3327 2688 3328 2688 3328 2687 3327 2692 3329 2688 3328 2692 3329 2678 3330 2678 3330 2692 3329 2677 3331 2677 3331 2692 3329 2696 3332 2677 3331 2696 3332 2676 3333 2676 3333 2696 3332 2700 3334 2676 3333 2700 3334 358 380 358 380 2700 3334 2699 3335 358 380 2699 3335 2698 3336 2698 3336 2699 3335 2694 3337 2698 3336 2694 3337 2693 3338 2693 3338 2694 3337 2689 3339 2693 3338 2689 3339 2628 3292 2628 3292 2689 3339 2629 3288 2629 3288 2689 3339 2685 3340 2629 3288 2685 3340 2630 3289 2630 3289 2685 3340 2681 3324 2628 3292 2627 3294 2693 3338 2693 3338 2627 3294 2697 3341 2693 3338 2697 3341 2698 3336 2698 3336 2697 3341 359 510 2698 3336 359 510 358 380 2627 3294 2626 3295 2697 3341 2697 3341 2626 3295 359 510 2678 3330 2679 3342 2688 3328 2688 3328 2679 3342 2684 3343 2688 3328 2684 3343 2683 3326 2683 3326 2684 3343 263 173 2683 3326 263 173 262 171 2679 3342 2680 3344 2684 3343 2684 3343 2680 3344 263 173 2682 3325 2681 3324 2686 3345 2686 3345 2681 3324 2685 3340 2686 3345 2685 3340 2690 3346 2690 3346 2685 3340 2689 3339 2690 3346 2689 3339 2694 3337 2682 3325 2686 3345 2687 3327 2687 3327 2686 3345 2691 3347 2687 3327 2691 3347 2692 3329 2692 3329 2691 3347 2696 3332 2691 3347 2686 3345 2690 3346 2691 3347 2690 3346 2695 3348 2695 3348 2690 3346 2694 3337 2695 3348 2694 3337 2699 3335 2700 3334 2696 3332 2695 3348 2695 3348 2696 3332 2691 3347 2700 3334 2695 3348 2699 3335 617 3349 616 3240 2706 3350 2706 3350 616 3240 2625 3277 2706 3350 2625 3277 2707 3351 2707 3351 2625 3277 2624 3275 2707 3351 2624 3275 2708 3352 2708 3352 2624 3275 2623 3273 2708 3352 2623 3273 2709 3353 2709 3353 2623 3273 2622 3271 2709 3353 2622 3271 2710 3354 2710 3354 2622 3271 2621 3270 2710 3354 2621 3270 255 220 255 220 286 224 2710 3354 2710 3354 286 224 2701 3355 2710 3354 2701 3355 2709 3353 2709 3353 2701 3355 2702 3356 2709 3353 2702 3356 2708 3352 2708 3352 2702 3356 2703 3357 2708 3352 2703 3357 2707 3351 2707 3351 2703 3357 2704 3358 2707 3351 2704 3358 2706 3350 2706 3350 2704 3358 2705 3359 2706 3350 2705 3359 617 3349 264 187 263 173 2720 3360 2720 3360 263 173 2680 3344 2720 3360 2680 3344 2679 3342 2720 3360 2679 3342 2719 3361 2719 3361 2679 3342 2678 3330 2719 3361 2678 3330 2718 3362 2718 3362 2678 3330 2677 3331 2718 3362 2677 3331 2717 3363 2717 3363 2677 3331 2676 3333 2717 3363 2676 3333 2716 3364 2716 3364 2676 3333 358 380 2716 3364 358 380 2670 3323 2716 3364 2670 3323 2721 3365 2721 3365 2670 3323 2669 3322 2721 3365 2669 3322 2726 3366 2726 3366 2669 3322 2668 3321 2726 3366 2668 3321 2740 3367 2740 3367 2668 3321 2731 3368 2740 3367 2731 3368 2732 3369 2732 3369 2731 3368 2742 3370 2732 3369 2742 3370 2743 3371 2743 3371 2742 3370 2748 3372 2743 3371 2748 3372 2749 3373 2749 3373 2748 3372 2714 3374 2749 3373 2714 3374 2715 3375 2668 3321 2667 3320 2731 3368 2731 3368 2667 3320 2741 3376 2731 3368 2741 3376 2742 3370 2742 3370 2741 3376 2747 3377 2742 3370 2747 3377 2748 3372 2748 3372 2747 3377 2713 3378 2748 3372 2713 3378 2714 3374 2667 3320 2666 3319 2741 3376 2741 3376 2666 3319 2746 3379 2741 3376 2746 3379 2747 3377 2747 3377 2746 3379 2712 3380 2747 3377 2712 3380 2713 3378 2666 3319 290 374 2746 3379 2746 3379 290 374 2711 3381 2746 3379 2711 3381 2712 3380 2749 3373 2715 3375 2750 3382 2750 3382 2715 3375 270 283 2750 3382 270 283 269 196 2750 3382 269 196 2745 3383 2745 3383 269 196 268 195 2745 3383 268 195 2735 3384 2735 3384 268 195 267 193 2735 3384 267 193 2736 3385 2736 3385 267 193 266 191 2736 3385 266 191 2730 3386 2730 3386 266 191 265 189 2730 3386 265 189 2725 3387 2725 3387 265 189 264 187 2725 3387 264 187 2720 3360 2717 3363 2716 3364 2722 3388 2722 3388 2716 3364 2721 3365 2722 3388 2721 3365 2727 3389 2727 3389 2721 3365 2726 3366 2727 3389 2726 3366 2739 3390 2739 3390 2726 3366 2740 3367 2739 3390 2740 3367 2732 3369 2718 3362 2717 3363 2723 3391 2723 3391 2717 3363 2722 3388 2723 3391 2722 3388 2728 3392 2728 3392 2722 3388 2727 3389 2728 3392 2727 3389 2738 3393 2738 3393 2727 3389 2739 3390 2738 3393 2739 3390 2733 3394 2733 3394 2739 3390 2732 3369 2733 3394 2732 3369 2743 3371 2725 3387 2720 3360 2719 3361 2719 3361 2718 3362 2724 3395 2724 3395 2718 3362 2723 3391 2724 3395 2723 3391 2729 3396 2729 3396 2723 3391 2728 3392 2729 3396 2728 3392 2737 3397 2737 3397 2728 3392 2738 3393 2737 3397 2738 3393 2734 3398 2734 3398 2738 3393 2733 3394 2734 3398 2733 3394 2744 3399 2744 3399 2733 3394 2743 3371 2744 3399 2743 3371 2749 3373 2730 3386 2725 3387 2724 3395 2724 3395 2725 3387 2719 3361 2730 3386 2724 3395 2729 3396 2736 3385 2730 3386 2729 3396 2736 3385 2729 3396 2737 3397 2736 3385 2737 3397 2735 3384 2735 3384 2737 3397 2734 3398 2735 3384 2734 3398 2745 3383 2745 3383 2734 3398 2744 3399 2745 3383 2744 3399 2750 3382 2750 3382 2744 3399 2749 3373 280 237 279 239 2765 3400 2765 3400 279 239 2751 3401 2765 3400 2751 3401 2752 3402 2765 3400 2752 3402 2764 3403 2764 3403 2752 3402 2753 3404 2764 3403 2753 3404 2763 3405 2763 3405 2753 3404 2754 3406 2763 3405 2754 3406 2762 3407 2762 3407 2754 3406 2755 3408 2762 3407 2755 3408 2761 3409 2761 3409 2755 3408 493 579 2761 3409 493 579 2756 3410 2761 3409 2756 3410 2766 3411 2766 3411 2756 3410 2757 3412 2766 3411 2757 3412 2771 3413 2771 3413 2757 3412 2758 3414 2771 3413 2758 3414 2785 3415 2785 3415 2758 3414 2776 3416 2785 3415 2776 3416 2777 3417 2777 3417 2776 3416 2787 3418 2777 3417 2787 3418 2788 3419 2788 3419 2787 3418 2793 3420 2788 3419 2793 3420 2794 3421 2794 3421 2793 3420 2702 3356 2794 3421 2702 3356 2701 3355 2758 3414 2759 3422 2776 3416 2776 3416 2759 3422 2786 3423 2776 3416 2786 3423 2787 3418 2787 3418 2786 3423 2792 3424 2787 3418 2792 3424 2793 3420 2793 3420 2792 3424 2703 3357 2793 3420 2703 3357 2702 3356 2759 3422 2760 3425 2786 3423 2786 3423 2760 3425 2791 3426 2786 3423 2791 3426 2792 3424 2792 3424 2791 3426 2704 3358 2792 3424 2704 3358 2703 3357 2760 3425 617 3349 2791 3426 2791 3426 617 3349 2705 3359 2791 3426 2705 3359 2704 3358 2794 3421 2701 3355 2795 3427 2795 3427 2701 3355 286 224 2795 3427 286 224 285 228 2795 3427 285 228 2790 3428 2790 3428 285 228 284 230 2790 3428 284 230 2780 3429 2780 3429 284 230 283 232 2780 3429 283 232 2781 3430 2781 3430 283 232 282 234 2781 3430 282 234 2775 3431 2775 3431 282 234 281 236 2775 3431 281 236 2770 3432 2770 3432 281 236 280 237 2770 3432 280 237 2765 3400 2762 3407 2761 3409 2767 3433 2767 3433 2761 3409 2766 3411 2767 3433 2766 3411 2772 3434 2772 3434 2766 3411 2771 3413 2772 3434 2771 3413 2784 3435 2784 3435 2771 3413 2785 3415 2784 3435 2785 3415 2777 3417 2763 3405 2762 3407 2768 3436 2768 3436 2762 3407 2767 3433 2768 3436 2767 3433 2773 3437 2773 3437 2767 3433 2772 3434 2773 3437 2772 3434 2783 3438 2783 3438 2772 3434 2784 3435 2783 3438 2784 3435 2778 3439 2778 3439 2784 3435 2777 3417 2778 3439 2777 3417 2788 3419 2770 3432 2765 3400 2764 3403 2764 3403 2763 3405 2769 3440 2769 3440 2763 3405 2768 3436 2769 3440 2768 3436 2774 3441 2774 3441 2768 3436 2773 3437 2774 3441 2773 3437 2782 3442 2782 3442 2773 3437 2783 3438 2782 3442 2783 3438 2779 3443 2779 3443 2783 3438 2778 3439 2779 3443 2778 3439 2789 3444 2789 3444 2778 3439 2788 3419 2789 3444 2788 3419 2794 3421 2775 3431 2770 3432 2769 3440 2769 3440 2770 3432 2764 3403 2775 3431 2769 3440 2774 3441 2781 3430 2775 3431 2774 3441 2781 3430 2774 3441 2782 3442 2781 3430 2782 3442 2780 3429 2780 3429 2782 3442 2779 3443 2780 3429 2779 3443 2790 3428 2790 3428 2779 3443 2789 3444 2790 3428 2789 3444 2795 3427 2795 3427 2789 3444 2794 3421 617 3349 2760 3425 2803 3445 2803 3445 2760 3425 2802 3446 2802 3446 2760 3425 2759 3422 2802 3446 2759 3422 2801 3447 2801 3447 2759 3422 2758 3414 2801 3447 2758 3414 2800 3448 2800 3448 2758 3414 2799 3449 2799 3449 2758 3414 2757 3412 2799 3449 2757 3412 2798 3450 2798 3450 2757 3412 2756 3410 2798 3450 2756 3410 2797 3451 2797 3451 2756 3410 493 579 2797 3451 493 579 2796 3452 2796 3452 493 579 492 578 271 279 270 283 2809 3453 2809 3453 270 283 2715 3375 2809 3453 2715 3375 2810 3454 2810 3454 2715 3375 2714 3374 2810 3454 2714 3374 2811 3455 2811 3455 2714 3374 2713 3378 2811 3455 2713 3378 2812 3456 2812 3456 2713 3378 2712 3380 2812 3456 2712 3380 2813 3457 2813 3457 2712 3380 2711 3381 2813 3457 2711 3381 290 374 290 374 289 375 2813 3457 2813 3457 289 375 2804 3458 2813 3457 2804 3458 2812 3456 2812 3456 2804 3458 2805 3459 2812 3456 2805 3459 2811 3455 2811 3455 2805 3459 2806 3460 2811 3455 2806 3460 2810 3454 2810 3454 2806 3460 2807 3461 2810 3454 2807 3461 2809 3453 2809 3453 2807 3461 2808 3462 2809 3453 2808 3462 271 279 2755 3408 2819 3463 493 579 493 579 2819 3463 2820 3464 493 579 2820 3464 2821 3465 2821 3465 2820 3464 2825 3466 2821 3465 2825 3466 2826 3467 2826 3467 2825 3466 2830 3468 2826 3467 2830 3468 2816 3469 2816 3469 2830 3468 2815 3470 2815 3470 2830 3468 2834 3471 2815 3470 2834 3471 2814 3472 2814 3472 2834 3471 2838 3473 2814 3472 2838 3473 278 253 278 253 2838 3473 2837 3474 278 253 2837 3474 2836 3475 2836 3475 2837 3474 2832 3476 2836 3475 2832 3476 2831 3477 2831 3477 2832 3476 2827 3478 2831 3477 2827 3478 2753 3404 2753 3404 2827 3478 2754 3406 2754 3406 2827 3478 2823 3479 2754 3406 2823 3479 2755 3408 2755 3408 2823 3479 2819 3463 2753 3404 2752 3402 2831 3477 2831 3477 2752 3402 2835 3480 2831 3477 2835 3480 2836 3475 2836 3475 2835 3480 279 239 2836 3475 279 239 278 253 2752 3402 2751 3401 2835 3480 2835 3480 2751 3401 279 239 2816 3469 2817 3481 2826 3467 2826 3467 2817 3481 2822 3482 2826 3467 2822 3482 2821 3465 2821 3465 2822 3482 494 515 2821 3465 494 515 493 579 2817 3481 2818 3483 2822 3482 2822 3482 2818 3483 494 515 2820 3464 2819 3463 2824 3484 2824 3484 2819 3463 2823 3479 2824 3484 2823 3479 2828 3485 2828 3485 2823 3479 2827 3478 2828 3485 2827 3478 2832 3476 2820 3464 2824 3484 2825 3466 2825 3466 2824 3484 2829 3486 2825 3466 2829 3486 2830 3468 2830 3468 2829 3486 2834 3471 2829 3486 2824 3484 2828 3485 2829 3486 2828 3485 2833 3487 2833 3487 2828 3485 2832 3476 2833 3487 2832 3476 2837 3474 2838 3473 2834 3471 2833 3487 2833 3487 2834 3471 2829 3486 2838 3473 2833 3487 2837 3474 618 714 617 716 2848 3488 2848 3488 617 716 2803 3489 2848 3488 2803 3489 2802 3490 2848 3488 2802 3490 2847 3491 2847 3491 2802 3490 2801 3492 2847 3491 2801 3492 2846 3493 2846 3493 2801 3492 2800 3494 2846 3493 2800 3494 2845 3495 2845 3495 2800 3494 2799 3496 2845 3495 2799 3496 2798 3497 2845 3495 2798 3497 2844 3498 2844 3498 2798 3497 2797 3499 2844 3498 2797 3499 491 577 491 577 2797 3499 2796 3500 491 577 2796 3500 492 578 2844 3498 491 577 2849 3501 2849 3501 491 577 490 517 2849 3501 490 517 2854 3502 2854 3502 490 517 489 516 2854 3502 489 516 2859 3503 2859 3503 489 516 488 514 2859 3503 488 514 2864 3504 2864 3504 488 514 487 512 2864 3504 487 512 2869 3505 2869 3505 487 512 486 518 2869 3505 486 518 2874 3506 2874 3506 486 518 485 520 2874 3506 485 520 2879 3507 2879 3507 485 520 484 521 2879 3507 484 521 2884 3508 2884 3508 484 521 483 523 2884 3508 483 523 2889 3509 2889 3509 483 523 482 525 2889 3509 482 525 481 526 2889 3509 481 526 2894 3510 2894 3510 481 526 480 533 2894 3510 480 533 2899 3511 2899 3511 480 533 479 534 2899 3511 479 534 2904 3512 2904 3512 479 534 478 535 2904 3512 478 535 2839 3513 2904 3512 2839 3513 2905 3514 2905 3514 2839 3513 2840 3515 2905 3514 2840 3515 2906 3516 2906 3516 2840 3515 2841 3517 2906 3516 2841 3517 2907 3518 2907 3518 2841 3517 2842 3519 2907 3518 2842 3519 2908 3520 2908 3520 2842 3519 2843 3521 2908 3520 2843 3521 630 690 630 690 2843 3521 560 688 630 690 629 692 2908 3520 2908 3520 629 692 2903 3522 2908 3520 2903 3522 2907 3518 2907 3518 2903 3522 2902 3523 2907 3518 2902 3523 2906 3516 2906 3516 2902 3523 2901 3524 2906 3516 2901 3524 2905 3514 2905 3514 2901 3524 2900 3525 2905 3514 2900 3525 2904 3512 2904 3512 2900 3525 2899 3511 629 692 628 694 2903 3522 2903 3522 628 694 2898 3526 2903 3522 2898 3526 2902 3523 2902 3523 2898 3526 2897 3527 2902 3523 2897 3527 2901 3524 2901 3524 2897 3527 2896 3528 2901 3524 2896 3528 2900 3525 2900 3525 2896 3528 2895 3529 2900 3525 2895 3529 2899 3511 2899 3511 2895 3529 2894 3510 628 694 627 696 2898 3526 2898 3526 627 696 2893 3530 2898 3526 2893 3530 2897 3527 2897 3527 2893 3530 2892 3531 2897 3527 2892 3531 2896 3528 2896 3528 2892 3531 2891 3532 2896 3528 2891 3532 2890 3533 2890 3533 2891 3532 2885 3534 2890 3533 2885 3534 2884 3508 2884 3508 2885 3534 2879 3507 627 696 626 698 2893 3530 2893 3530 626 698 2888 3535 2893 3530 2888 3535 2887 3536 2887 3536 2888 3535 2882 3537 2887 3536 2882 3537 2881 3538 2881 3538 2882 3537 2876 3539 2881 3538 2876 3539 2875 3540 2875 3540 2876 3539 2870 3541 2875 3540 2870 3541 2869 3505 2869 3505 2870 3541 2864 3504 626 698 625 700 2888 3535 2888 3535 625 700 2883 3542 2888 3535 2883 3542 2882 3537 2882 3537 2883 3542 2877 3543 2882 3537 2877 3543 2876 3539 2876 3539 2877 3543 2871 3544 2876 3539 2871 3544 2870 3541 2870 3541 2871 3544 2865 3545 2870 3541 2865 3545 2864 3504 2864 3504 2865 3545 2859 3503 625 700 624 702 2883 3542 2883 3542 624 702 2878 3546 2883 3542 2878 3546 2877 3543 2877 3543 2878 3546 2872 3547 2877 3543 2872 3547 2871 3544 2871 3544 2872 3547 2866 3548 2871 3544 2866 3548 2865 3545 2865 3545 2866 3548 2860 3549 2865 3545 2860 3549 2859 3503 2859 3503 2860 3549 2854 3502 624 702 623 704 2878 3546 2878 3546 623 704 2873 3550 2878 3546 2873 3550 2872 3547 2872 3547 2873 3550 2867 3551 2872 3547 2867 3551 2866 3548 2866 3548 2867 3551 2861 3552 2866 3548 2861 3552 2860 3549 2860 3549 2861 3552 2855 3553 2860 3549 2855 3553 2854 3502 2854 3502 2855 3553 2849 3501 623 704 622 706 2873 3550 2873 3550 622 706 2868 3554 2873 3550 2868 3554 2867 3551 2867 3551 2868 3554 2862 3555 2867 3551 2862 3555 2861 3552 2861 3552 2862 3555 2856 3556 2861 3552 2856 3556 2855 3553 2855 3553 2856 3556 2850 3557 2855 3553 2850 3557 2849 3501 2849 3501 2850 3557 2844 3498 622 706 621 708 2868 3554 2868 3554 621 708 2863 3558 2868 3554 2863 3558 2862 3555 2862 3555 2863 3558 2857 3559 2862 3555 2857 3559 2856 3556 2856 3556 2857 3559 2851 3560 2856 3556 2851 3560 2850 3557 2850 3557 2851 3560 2845 3495 2850 3557 2845 3495 2844 3498 621 708 620 710 2863 3558 2863 3558 620 710 2858 3561 2863 3558 2858 3561 2857 3559 2857 3559 2858 3561 2852 3562 2857 3559 2852 3562 2851 3560 2851 3560 2852 3562 2846 3493 2851 3560 2846 3493 2845 3495 620 710 619 712 2858 3561 2858 3561 619 712 2853 3563 2858 3561 2853 3563 2852 3562 2852 3562 2853 3563 2847 3491 2852 3562 2847 3491 2846 3493 619 712 618 714 2853 3563 2853 3563 618 714 2848 3488 2853 3563 2848 3488 2847 3491 2875 3540 2869 3505 2874 3506 2875 3540 2874 3506 2880 3564 2880 3564 2874 3506 2879 3507 2880 3564 2879 3507 2885 3534 2875 3540 2880 3564 2881 3538 2881 3538 2880 3564 2886 3565 2881 3538 2886 3565 2887 3536 2887 3536 2886 3565 2892 3531 2887 3536 2892 3531 2893 3530 2886 3565 2880 3564 2885 3534 2890 3533 2884 3508 2889 3509 2892 3531 2886 3565 2891 3532 2891 3532 2886 3565 2885 3534 2894 3510 2895 3529 2889 3509 2889 3509 2895 3529 2890 3533 2895 3529 2896 3528 2890 3533 2814 3472 278 253 2914 3566 2914 3566 278 253 277 268 2914 3566 277 268 2919 3567 2919 3567 277 268 276 270 2919 3567 276 270 2924 3568 2924 3568 276 270 275 271 2924 3568 275 271 2929 3569 2929 3569 275 271 274 273 2929 3569 274 273 2934 3570 2934 3570 274 273 273 275 2934 3570 273 275 2939 3571 2939 3571 273 275 272 277 2939 3571 272 277 2944 3572 2944 3572 272 277 271 279 2944 3572 271 279 2808 3462 2808 3462 2807 3461 2944 3572 2944 3572 2807 3461 2945 3573 2944 3572 2945 3573 2939 3571 2939 3571 2945 3573 2940 3574 2939 3571 2940 3574 2934 3570 2934 3570 2940 3574 2935 3575 2934 3570 2935 3575 2929 3569 2929 3569 2935 3575 2930 3576 2929 3569 2930 3576 2924 3568 2924 3568 2930 3576 2925 3577 2924 3568 2925 3577 2919 3567 2919 3567 2925 3577 2920 3578 2919 3567 2920 3578 2914 3566 2914 3566 2920 3578 2915 3579 2914 3566 2915 3579 2814 3472 2814 3472 2915 3579 2815 3470 2815 3470 2915 3579 2916 3580 2815 3470 2916 3580 2816 3469 2816 3469 2916 3580 2917 3581 2816 3469 2917 3581 2817 3481 2817 3481 2917 3581 2918 3582 2817 3481 2918 3582 2818 3483 2818 3483 2918 3582 494 515 494 515 2918 3582 2913 3583 2913 3583 2918 3582 2923 3584 2913 3583 2923 3584 2912 3585 2912 3585 2923 3584 2928 3586 2912 3585 2928 3586 2911 3587 2911 3587 2928 3586 2933 3588 2911 3587 2933 3588 2938 3589 2938 3589 2933 3588 2932 3590 2938 3589 2932 3590 2937 3591 2937 3591 2932 3590 2931 3592 2937 3591 2931 3592 2936 3593 2936 3593 2931 3592 2930 3576 2936 3593 2930 3576 2935 3575 2807 3461 2806 3460 2945 3573 2945 3573 2806 3460 2946 3594 2945 3573 2946 3594 2940 3574 2940 3574 2946 3594 2941 3595 2940 3574 2941 3595 2935 3575 2935 3575 2941 3595 2936 3593 2806 3460 2805 3459 2946 3594 2946 3594 2805 3459 2947 3596 2946 3594 2947 3596 2941 3595 2941 3595 2947 3596 2942 3597 2941 3595 2942 3597 2936 3593 2936 3593 2942 3597 2937 3591 2805 3459 2804 3458 2947 3596 2947 3596 2804 3458 2948 3598 2947 3596 2948 3598 2942 3597 2942 3597 2948 3598 2943 3599 2942 3597 2943 3599 2937 3591 2937 3591 2943 3599 2938 3589 2804 3458 289 375 2948 3598 2948 3598 289 375 2909 3600 2948 3598 2909 3600 2943 3599 2943 3599 2909 3600 2910 3601 2943 3599 2910 3601 2938 3589 2938 3589 2910 3601 2911 3587 2916 3580 2915 3579 2921 3602 2921 3602 2915 3579 2920 3578 2921 3602 2920 3578 2926 3603 2926 3603 2920 3578 2925 3577 2926 3603 2925 3577 2931 3592 2931 3592 2925 3577 2930 3576 2923 3584 2918 3582 2917 3581 2917 3581 2916 3580 2922 3604 2922 3604 2916 3580 2921 3602 2922 3604 2921 3602 2927 3605 2927 3605 2921 3602 2926 3603 2927 3605 2926 3603 2932 3590 2932 3590 2926 3603 2931 3592 2928 3586 2923 3584 2922 3604 2922 3604 2923 3584 2917 3581 2928 3586 2922 3604 2927 3605 2933 3588 2928 3586 2927 3605 2933 3588 2927 3605 2932 3590 560 688 2843 3521 561 686 561 686 2843 3521 2961 3606 561 686 2961 3606 562 684 562 684 2961 3606 2966 3607 562 684 2966 3607 563 682 563 682 2966 3607 2971 3608 563 682 2971 3608 564 680 564 680 2971 3608 2976 3609 564 680 2976 3609 565 678 565 678 2976 3609 2981 3610 565 678 2981 3610 566 676 566 676 2981 3610 2986 3611 566 676 2986 3611 567 674 567 674 2986 3611 2991 3612 567 674 2991 3612 568 672 568 672 2991 3612 2996 3613 568 672 2996 3613 569 670 569 670 2996 3613 3001 3614 569 670 3001 3614 570 668 570 668 3001 3614 3006 3615 570 668 3006 3615 571 666 571 666 3006 3615 3011 3616 571 666 3011 3616 572 664 572 664 3011 3616 3016 3617 572 664 3016 3617 573 662 573 662 3016 3617 3021 3618 573 662 3021 3618 574 660 574 660 3021 3618 3026 3619 574 660 3026 3619 575 658 575 658 3026 3619 3031 3620 575 658 3031 3620 576 656 576 656 3031 3620 3036 3621 576 656 3036 3621 577 654 577 654 3036 3621 3041 3622 577 654 3041 3622 578 652 578 652 3041 3622 3046 3623 578 652 3046 3623 579 650 579 650 3046 3623 3051 3624 579 650 3051 3624 580 648 580 648 3051 3624 3056 3625 580 648 3056 3625 581 646 581 646 3056 3625 3061 3626 581 646 3061 3626 582 644 582 644 3061 3626 3066 3627 582 644 3066 3627 583 642 583 642 3066 3627 3071 3628 583 642 3071 3628 584 640 584 640 3071 3628 3076 3629 584 640 3076 3629 585 638 585 638 3076 3629 3081 3630 585 638 3081 3630 586 636 586 636 3081 3630 3086 3631 586 636 3086 3631 587 634 587 634 3086 3631 3091 3632 587 634 3091 3632 588 632 588 632 3091 3632 3096 3633 588 632 3096 3633 589 630 589 630 3096 3633 3101 3634 589 630 3101 3634 590 628 590 628 3101 3634 3106 3635 590 628 3106 3635 591 626 591 626 3106 3635 3111 3636 591 626 3111 3636 592 624 592 624 3111 3636 3116 3637 592 624 3116 3637 593 622 593 622 3116 3637 3121 3638 593 622 3121 3638 594 620 594 620 3121 3638 3126 3639 594 620 3126 3639 595 618 595 618 3126 3639 3131 3640 595 618 3131 3640 596 616 596 616 3131 3640 3136 3641 596 616 3136 3641 597 614 597 614 3136 3641 3141 3642 597 614 3141 3642 598 612 598 612 3141 3642 3146 3643 598 612 3146 3643 599 610 599 610 3146 3643 3151 3644 599 610 3151 3644 600 608 600 608 3151 3644 3156 3645 600 608 3156 3645 601 606 601 606 3156 3645 3161 3646 601 606 3161 3646 602 604 602 604 3161 3646 3166 3647 602 604 3166 3647 2956 3648 2956 3648 3166 3647 2955 3649 2955 3649 3166 3647 3165 3650 2955 3649 3165 3650 2954 3651 2954 3651 3165 3650 3164 3652 2954 3651 3164 3652 2953 3653 2953 3653 3164 3652 2952 3654 2952 3654 3164 3652 3163 3655 2952 3654 3163 3655 2951 3656 2951 3656 3163 3655 3162 3657 2951 3656 3162 3657 2950 3658 2950 3658 3162 3657 437 576 2950 3658 437 576 2949 3659 2949 3659 437 576 436 532 2843 3521 2842 3519 2961 3606 2961 3606 2842 3519 2960 3660 2961 3606 2960 3660 2966 3607 2966 3607 2960 3660 2965 3661 2966 3607 2965 3661 2971 3608 2971 3608 2965 3661 2970 3662 2971 3608 2970 3662 2976 3609 2976 3609 2970 3662 2975 3663 2976 3609 2975 3663 2981 3610 2981 3610 2975 3663 2980 3664 2981 3610 2980 3664 2986 3611 2986 3611 2980 3664 2985 3665 2986 3611 2985 3665 2991 3612 2991 3612 2985 3665 2990 3666 2991 3612 2990 3666 2996 3613 2996 3613 2990 3666 2995 3667 2996 3613 2995 3667 3001 3614 3001 3614 2995 3667 3000 3668 3001 3614 3000 3668 3006 3615 3006 3615 3000 3668 3005 3669 3006 3615 3005 3669 3011 3616 3011 3616 3005 3669 3010 3670 3011 3616 3010 3670 3016 3617 3016 3617 3010 3670 3015 3671 3016 3617 3015 3671 3021 3618 3021 3618 3015 3671 3020 3672 3021 3618 3020 3672 3026 3619 3026 3619 3020 3672 3025 3673 3026 3619 3025 3673 3031 3620 3031 3620 3025 3673 3030 3674 3031 3620 3030 3674 3036 3621 3036 3621 3030 3674 3035 3675 3036 3621 3035 3675 3041 3622 3041 3622 3035 3675 3040 3676 3041 3622 3040 3676 3046 3623 3046 3623 3040 3676 3045 3677 3046 3623 3045 3677 3051 3624 3051 3624 3045 3677 3050 3678 3051 3624 3050 3678 3056 3625 3056 3625 3050 3678 3055 3679 3056 3625 3055 3679 3061 3626 3061 3626 3055 3679 3060 3680 3061 3626 3060 3680 3066 3627 3066 3627 3060 3680 3065 3681 3066 3627 3065 3681 3071 3628 3071 3628 3065 3681 3070 3682 3071 3628 3070 3682 3076 3629 3076 3629 3070 3682 3075 3683 3076 3629 3075 3683 3081 3630 3081 3630 3075 3683 3080 3684 3081 3630 3080 3684 3086 3631 3086 3631 3080 3684 3085 3685 3086 3631 3085 3685 3091 3632 3091 3632 3085 3685 3090 3686 3091 3632 3090 3686 3096 3633 3096 3633 3090 3686 3095 3687 3096 3633 3095 3687 3101 3634 3101 3634 3095 3687 3100 3688 3101 3634 3100 3688 3106 3635 3106 3635 3100 3688 3105 3689 3106 3635 3105 3689 3111 3636 3111 3636 3105 3689 3110 3690 3111 3636 3110 3690 3116 3637 3116 3637 3110 3690 3115 3691 3116 3637 3115 3691 3121 3638 3121 3638 3115 3691 3120 3692 3121 3638 3120 3692 3126 3639 3126 3639 3120 3692 3125 3693 3126 3639 3125 3693 3131 3640 3131 3640 3125 3693 3130 3694 3131 3640 3130 3694 3136 3641 3136 3641 3130 3694 3135 3695 3136 3641 3135 3695 3141 3642 3141 3642 3135 3695 3140 3696 3141 3642 3140 3696 3146 3643 3146 3643 3140 3696 3145 3697 3146 3643 3145 3697 3151 3644 3151 3644 3145 3697 3150 3698 3151 3644 3150 3698 3156 3645 3156 3645 3150 3698 3155 3699 3156 3645 3155 3699 3161 3646 3161 3646 3155 3699 3160 3700 3161 3646 3160 3700 3166 3647 3166 3647 3160 3700 3165 3650 2842 3519 2841 3517 2960 3660 2960 3660 2841 3517 2959 3701 2960 3660 2959 3701 2965 3661 2965 3661 2959 3701 2964 3702 2965 3661 2964 3702 2970 3662 2970 3662 2964 3702 2969 3703 2970 3662 2969 3703 2975 3663 2975 3663 2969 3703 2974 3704 2975 3663 2974 3704 2980 3664 2980 3664 2974 3704 2979 3705 2980 3664 2979 3705 2985 3665 2985 3665 2979 3705 2984 3706 2985 3665 2984 3706 2990 3666 2990 3666 2984 3706 2989 3707 2990 3666 2989 3707 2995 3667 2995 3667 2989 3707 2994 3708 2995 3667 2994 3708 3000 3668 3000 3668 2994 3708 2999 3709 3000 3668 2999 3709 3005 3669 3005 3669 2999 3709 3004 3710 3005 3669 3004 3710 3010 3670 3010 3670 3004 3710 3009 3711 3010 3670 3009 3711 3015 3671 3015 3671 3009 3711 3014 3712 3015 3671 3014 3712 3020 3672 3020 3672 3014 3712 3019 3713 3020 3672 3019 3713 3025 3673 3025 3673 3019 3713 3024 3714 3025 3673 3024 3714 3030 3674 3030 3674 3024 3714 3029 3715 3030 3674 3029 3715 3035 3675 3035 3675 3029 3715 3034 3716 3035 3675 3034 3716 3040 3676 3040 3676 3034 3716 3039 3717 3040 3676 3039 3717 3045 3677 3045 3677 3039 3717 3044 3718 3045 3677 3044 3718 3050 3678 3050 3678 3044 3718 3049 3719 3050 3678 3049 3719 3055 3679 3055 3679 3049 3719 3054 3720 3055 3679 3054 3720 3060 3680 3060 3680 3054 3720 3059 3721 3060 3680 3059 3721 3065 3681 3065 3681 3059 3721 3064 3722 3065 3681 3064 3722 3070 3682 3070 3682 3064 3722 3069 3723 3070 3682 3069 3723 3075 3683 3075 3683 3069 3723 3074 3724 3075 3683 3074 3724 3080 3684 3080 3684 3074 3724 3079 3725 3080 3684 3079 3725 3085 3685 3085 3685 3079 3725 3084 3726 3085 3685 3084 3726 3090 3686 3090 3686 3084 3726 3089 3727 3090 3686 3089 3727 3095 3687 3095 3687 3089 3727 3094 3728 3095 3687 3094 3728 3100 3688 3100 3688 3094 3728 3099 3729 3100 3688 3099 3729 3105 3689 3105 3689 3099 3729 3104 3730 3105 3689 3104 3730 3110 3690 3110 3690 3104 3730 3109 3731 3110 3690 3109 3731 3115 3691 3115 3691 3109 3731 3114 3732 3115 3691 3114 3732 3120 3692 3120 3692 3114 3732 3119 3733 3120 3692 3119 3733 3125 3693 3125 3693 3119 3733 3124 3734 3125 3693 3124 3734 3130 3694 3130 3694 3124 3734 3129 3735 3130 3694 3129 3735 3135 3695 3135 3695 3129 3735 3134 3736 3135 3695 3134 3736 3140 3696 3140 3696 3134 3736 3139 3737 3140 3696 3139 3737 3145 3697 3145 3697 3139 3737 3144 3738 3145 3697 3144 3738 3150 3698 3150 3698 3144 3738 3149 3739 3150 3698 3149 3739 3155 3699 3155 3699 3149 3739 3154 3740 3155 3699 3154 3740 3160 3700 3160 3700 3154 3740 3159 3741 3160 3700 3159 3741 3165 3650 3165 3650 3159 3741 3164 3652 2841 3517 2840 3515 2959 3701 2959 3701 2840 3515 2958 3742 2959 3701 2958 3742 2964 3702 2964 3702 2958 3742 2963 3743 2964 3702 2963 3743 2969 3703 2969 3703 2963 3743 2968 3744 2969 3703 2968 3744 2974 3704 2974 3704 2968 3744 2973 3745 2974 3704 2973 3745 2979 3705 2979 3705 2973 3745 2978 3746 2979 3705 2978 3746 2984 3706 2984 3706 2978 3746 2983 3747 2984 3706 2983 3747 2989 3707 2989 3707 2983 3747 2988 3748 2989 3707 2988 3748 2994 3708 2994 3708 2988 3748 2993 3749 2994 3708 2993 3749 2999 3709 2999 3709 2993 3749 2998 3750 2999 3709 2998 3750 3004 3710 3004 3710 2998 3750 3003 3751 3004 3710 3003 3751 3009 3711 3009 3711 3003 3751 3008 3752 3009 3711 3008 3752 3014 3712 3014 3712 3008 3752 3013 3753 3014 3712 3013 3753 3019 3713 3019 3713 3013 3753 3018 3754 3019 3713 3018 3754 3024 3714 3024 3714 3018 3754 3023 3755 3024 3714 3023 3755 3029 3715 3029 3715 3023 3755 3028 3756 3029 3715 3028 3756 3034 3716 3034 3716 3028 3756 3033 3757 3034 3716 3033 3757 3039 3717 3039 3717 3033 3757 3038 3758 3039 3717 3038 3758 3044 3718 3044 3718 3038 3758 3043 3759 3044 3718 3043 3759 3049 3719 3049 3719 3043 3759 3048 3760 3049 3719 3048 3760 3054 3720 3054 3720 3048 3760 3053 3761 3054 3720 3053 3761 3059 3721 3059 3721 3053 3761 3058 3762 3059 3721 3058 3762 3064 3722 3064 3722 3058 3762 3063 3763 3064 3722 3063 3763 3069 3723 3069 3723 3063 3763 3068 3764 3069 3723 3068 3764 3074 3724 3074 3724 3068 3764 3073 3765 3074 3724 3073 3765 3079 3725 3079 3725 3073 3765 3078 3766 3079 3725 3078 3766 3084 3726 3084 3726 3078 3766 3083 3767 3084 3726 3083 3767 3089 3727 3089 3727 3083 3767 3088 3768 3089 3727 3088 3768 3094 3728 3094 3728 3088 3768 3093 3769 3094 3728 3093 3769 3099 3729 3099 3729 3093 3769 3098 3770 3099 3729 3098 3770 3104 3730 3104 3730 3098 3770 3103 3771 3104 3730 3103 3771 3109 3731 3109 3731 3103 3771 3108 3772 3109 3731 3108 3772 3114 3732 3114 3732 3108 3772 3113 3773 3114 3732 3113 3773 3119 3733 3119 3733 3113 3773 3118 3774 3119 3733 3118 3774 3124 3734 3124 3734 3118 3774 3123 3775 3124 3734 3123 3775 3129 3735 3129 3735 3123 3775 3128 3776 3129 3735 3128 3776 3134 3736 3134 3736 3128 3776 3133 3777 3134 3736 3133 3777 3139 3737 3139 3737 3133 3777 3138 3778 3139 3737 3138 3778 3144 3738 3144 3738 3138 3778 3143 3779 3144 3738 3143 3779 3149 3739 3149 3739 3143 3779 3148 3780 3149 3739 3148 3780 3154 3740 3154 3740 3148 3780 3153 3781 3154 3740 3153 3781 3159 3741 3159 3741 3153 3781 3158 3782 3159 3741 3158 3782 3164 3652 3164 3652 3158 3782 3163 3655 2840 3515 2839 3513 2958 3742 2958 3742 2839 3513 2957 3783 2958 3742 2957 3783 2963 3743 2963 3743 2957 3783 2962 3784 2963 3743 2962 3784 2968 3744 2968 3744 2962 3784 2967 3785 2968 3744 2967 3785 2973 3745 2973 3745 2967 3785 2972 3786 2973 3745 2972 3786 2978 3746 2978 3746 2972 3786 2977 3787 2978 3746 2977 3787 2983 3747 2983 3747 2977 3787 2982 3788 2983 3747 2982 3788 2988 3748 2988 3748 2982 3788 2987 3789 2988 3748 2987 3789 2993 3749 2993 3749 2987 3789 2992 3790 2993 3749 2992 3790 2998 3750 2998 3750 2992 3790 2997 3791 2998 3750 2997 3791 3003 3751 3003 3751 2997 3791 3002 3792 3003 3751 3002 3792 3008 3752 3008 3752 3002 3792 3007 3793 3008 3752 3007 3793 3013 3753 3013 3753 3007 3793 3012 3794 3013 3753 3012 3794 3018 3754 3018 3754 3012 3794 3017 3795 3018 3754 3017 3795 3023 3755 3023 3755 3017 3795 3022 3796 3023 3755 3022 3796 3028 3756 3028 3756 3022 3796 3027 3797 3028 3756 3027 3797 3033 3757 3033 3757 3027 3797 3032 3798 3033 3757 3032 3798 3038 3758 3038 3758 3032 3798 3037 3799 3038 3758 3037 3799 3043 3759 3043 3759 3037 3799 3042 3800 3043 3759 3042 3800 3048 3760 3048 3760 3042 3800 3047 3801 3048 3760 3047 3801 3053 3761 3053 3761 3047 3801 3052 3802 3053 3761 3052 3802 3058 3762 3058 3762 3052 3802 3057 3803 3058 3762 3057 3803 3063 3763 3063 3763 3057 3803 3062 3804 3063 3763 3062 3804 3068 3764 3068 3764 3062 3804 3067 3805 3068 3764 3067 3805 3073 3765 3073 3765 3067 3805 3072 3806 3073 3765 3072 3806 3078 3766 3078 3766 3072 3806 3077 3807 3078 3766 3077 3807 3083 3767 3083 3767 3077 3807 3082 3808 3083 3767 3082 3808 3088 3768 3088 3768 3082 3808 3087 3809 3088 3768 3087 3809 3093 3769 3093 3769 3087 3809 3092 3810 3093 3769 3092 3810 3098 3770 3098 3770 3092 3810 3097 3811 3098 3770 3097 3811 3103 3771 3103 3771 3097 3811 3102 3812 3103 3771 3102 3812 3108 3772 3108 3772 3102 3812 3107 3813 3108 3772 3107 3813 3113 3773 3113 3773 3107 3813 3112 3814 3113 3773 3112 3814 3118 3774 3118 3774 3112 3814 3117 3815 3118 3774 3117 3815 3123 3775 3123 3775 3117 3815 3122 3816 3123 3775 3122 3816 3128 3776 3128 3776 3122 3816 3127 3817 3128 3776 3127 3817 3133 3777 3133 3777 3127 3817 3132 3818 3133 3777 3132 3818 3138 3778 3138 3778 3132 3818 3137 3819 3138 3778 3137 3819 3143 3779 3143 3779 3137 3819 3142 3820 3143 3779 3142 3820 3148 3780 3148 3780 3142 3820 3147 3821 3148 3780 3147 3821 3153 3781 3153 3781 3147 3821 3152 3822 3153 3781 3152 3822 3158 3782 3158 3782 3152 3822 3157 3823 3158 3782 3157 3823 3163 3655 3163 3655 3157 3823 3162 3657 2839 3513 478 535 2957 3783 2957 3783 478 535 477 536 2957 3783 477 536 2962 3784 2962 3784 477 536 476 537 2962 3784 476 537 2967 3785 2967 3785 476 537 475 538 2967 3785 475 538 2972 3786 2972 3786 475 538 474 539 2972 3786 474 539 2977 3787 2977 3787 474 539 473 540 2977 3787 473 540 2982 3788 2982 3788 473 540 472 541 2982 3788 472 541 2987 3789 2987 3789 472 541 471 542 2987 3789 471 542 2992 3790 2992 3790 471 542 470 543 2992 3790 470 543 2997 3791 2997 3791 470 543 469 544 2997 3791 469 544 3002 3792 3002 3792 469 544 468 545 3002 3792 468 545 3007 3793 3007 3793 468 545 467 546 3007 3793 467 546 3012 3794 3012 3794 467 546 466 547 3012 3794 466 547 3017 3795 3017 3795 466 547 465 548 3017 3795 465 548 3022 3796 3022 3796 465 548 464 549 3022 3796 464 549 3027 3797 3027 3797 464 549 463 550 3027 3797 463 550 3032 3798 3032 3798 463 550 462 551 3032 3798 462 551 3037 3799 3037 3799 462 551 461 552 3037 3799 461 552 3042 3800 3042 3800 461 552 460 553 3042 3800 460 553 3047 3801 3047 3801 460 553 459 554 3047 3801 459 554 3052 3802 3052 3802 459 554 458 555 3052 3802 458 555 3057 3803 3057 3803 458 555 457 556 3057 3803 457 556 3062 3804 3062 3804 457 556 456 557 3062 3804 456 557 3067 3805 3067 3805 456 557 455 558 3067 3805 455 558 3072 3806 3072 3806 455 558 454 559 3072 3806 454 559 3077 3807 3077 3807 454 559 453 560 3077 3807 453 560 3082 3808 3082 3808 453 560 452 561 3082 3808 452 561 3087 3809 3087 3809 452 561 451 562 3087 3809 451 562 3092 3810 3092 3810 451 562 450 563 3092 3810 450 563 3097 3811 3097 3811 450 563 449 564 3097 3811 449 564 3102 3812 3102 3812 449 564 448 565 3102 3812 448 565 3107 3813 3107 3813 448 565 447 566 3107 3813 447 566 3112 3814 3112 3814 447 566 446 567 3112 3814 446 567 3117 3815 3117 3815 446 567 445 568 3117 3815 445 568 3122 3816 3122 3816 445 568 444 569 3122 3816 444 569 3127 3817 3127 3817 444 569 443 570 3127 3817 443 570 3132 3818 3132 3818 443 570 442 571 3132 3818 442 571 3137 3819 3137 3819 442 571 441 572 3137 3819 441 572 3142 3820 3142 3820 441 572 440 573 3142 3820 440 573 3147 3821 3147 3821 440 573 439 574 3147 3821 439 574 3152 3822 3152 3822 439 574 438 575 3152 3822 438 575 3157 3823 3157 3823 438 575 437 576 3157 3823 437 576 3162 3657 2956 3648 507 602 602 604 426 513 494 515 3172 3824 3172 3824 494 515 2913 3583 3172 3824 2913 3583 3173 3825 3173 3825 2913 3583 2912 3585 3173 3825 2912 3585 3174 3826 3174 3826 2912 3585 2911 3587 3174 3826 2911 3587 3175 3827 3175 3827 2911 3587 2910 3601 3175 3827 2910 3601 3176 3828 3176 3828 2910 3601 2909 3600 3176 3828 2909 3600 289 375 289 375 288 373 3176 3828 3176 3828 288 373 3167 3829 3176 3828 3167 3829 3175 3827 3175 3827 3167 3829 3168 3830 3175 3827 3168 3830 3174 3826 3174 3826 3168 3830 3169 3831 3174 3826 3169 3831 3173 3825 3173 3825 3169 3831 3170 3832 3173 3825 3170 3832 3172 3824 3172 3824 3170 3832 3171 3833 3172 3824 3171 3833 426 513 508 598 507 600 3186 3834 3186 3834 507 600 2956 3835 3186 3834 2956 3835 2955 3836 3186 3834 2955 3836 3185 3837 3185 3837 2955 3836 2954 3838 3185 3837 2954 3838 3184 3839 3184 3839 2954 3838 2953 3840 3184 3839 2953 3840 3183 3841 3183 3841 2953 3840 2952 3842 3183 3841 2952 3842 2951 3843 3183 3841 2951 3843 3182 3844 3182 3844 2951 3843 2950 3845 3182 3844 2950 3845 435 531 435 531 2950 3845 2949 3846 435 531 2949 3846 436 532 3182 3844 435 531 3187 3847 3187 3847 435 531 434 530 3187 3847 434 530 3192 3848 3192 3848 434 530 433 529 3192 3848 433 529 3197 3849 3197 3849 433 529 432 528 3197 3849 432 528 3202 3850 3202 3850 432 528 431 527 3202 3850 431 527 3207 3851 3207 3851 431 527 430 524 3207 3851 430 524 3212 3852 3212 3852 430 524 429 522 3212 3852 429 522 428 519 3212 3852 428 519 3217 3853 3217 3853 428 519 427 511 3217 3853 427 511 3222 3854 3222 3854 427 511 426 513 3222 3854 426 513 3177 3855 3222 3854 3177 3855 3223 3856 3223 3856 3177 3855 3178 3857 3223 3856 3178 3857 3224 3858 3224 3858 3178 3857 3179 3859 3224 3858 3179 3859 3225 3860 3225 3860 3179 3859 3180 3861 3225 3860 3180 3861 3226 3862 3226 3862 3180 3861 3181 3863 3226 3862 3181 3863 516 582 516 582 3181 3863 495 580 516 582 515 584 3226 3862 3226 3862 515 584 3221 3864 3226 3862 3221 3864 3225 3860 3225 3860 3221 3864 3220 3865 3225 3860 3220 3865 3224 3858 3224 3858 3220 3865 3219 3866 3224 3858 3219 3866 3223 3856 3223 3856 3219 3866 3218 3867 3223 3856 3218 3867 3222 3854 3222 3854 3218 3867 3217 3853 515 584 514 586 3221 3864 3221 3864 514 586 3216 3868 3221 3864 3216 3868 3220 3865 3220 3865 3216 3868 3215 3869 3220 3865 3215 3869 3219 3866 3219 3866 3215 3869 3214 3870 3219 3866 3214 3870 3218 3867 3218 3867 3214 3870 3213 3871 3218 3867 3213 3871 3212 3852 3212 3852 3213 3871 3207 3851 514 586 513 588 3216 3868 3216 3868 513 588 3211 3872 3216 3868 3211 3872 3210 3873 3210 3873 3211 3872 3205 3874 3210 3873 3205 3874 3204 3875 3204 3875 3205 3874 3199 3876 3204 3875 3199 3876 3198 3877 3198 3877 3199 3876 3193 3878 3198 3877 3193 3878 3192 3848 3192 3848 3193 3878 3187 3847 513 588 512 590 3211 3872 3211 3872 512 590 3206 3879 3211 3872 3206 3879 3205 3874 3205 3874 3206 3879 3200 3880 3205 3874 3200 3880 3199 3876 3199 3876 3200 3880 3194 3881 3199 3876 3194 3881 3193 3878 3193 3878 3194 3881 3188 3882 3193 3878 3188 3882 3187 3847 3187 3847 3188 3882 3182 3844 512 590 511 592 3206 3879 3206 3879 511 592 3201 3883 3206 3879 3201 3883 3200 3880 3200 3880 3201 3883 3195 3884 3200 3880 3195 3884 3194 3881 3194 3881 3195 3884 3189 3885 3194 3881 3189 3885 3188 3882 3188 3882 3189 3885 3183 3841 3188 3882 3183 3841 3182 3844 511 592 510 594 3201 3883 3201 3883 510 594 3196 3886 3201 3883 3196 3886 3195 3884 3195 3884 3196 3886 3190 3887 3195 3884 3190 3887 3189 3885 3189 3885 3190 3887 3184 3839 3189 3885 3184 3839 3183 3841 510 594 509 596 3196 3886 3196 3886 509 596 3191 3888 3196 3886 3191 3888 3190 3887 3190 3887 3191 3888 3185 3837 3190 3887 3185 3837 3184 3839 509 596 508 598 3191 3888 3191 3888 508 598 3186 3834 3191 3888 3186 3834 3185 3837 3218 3867 3212 3852 3217 3853 3198 3877 3192 3848 3197 3849 3198 3877 3197 3849 3203 3889 3203 3889 3197 3849 3202 3850 3203 3889 3202 3850 3208 3890 3208 3890 3202 3850 3207 3851 3208 3890 3207 3851 3213 3871 3198 3877 3203 3889 3204 3875 3204 3875 3203 3889 3209 3891 3204 3875 3209 3891 3210 3873 3210 3873 3209 3891 3215 3869 3210 3873 3215 3869 3216 3868 3209 3891 3203 3889 3208 3890 3213 3871 3214 3870 3208 3890 3208 3890 3214 3870 3209 3891 3214 3870 3215 3869 3209 3891 426 513 3171 3833 3231 3892 3231 3892 3171 3833 3170 3832 3231 3892 3170 3832 3230 3893 3230 3893 3170 3832 3169 3831 3230 3893 3169 3831 3229 3894 3229 3894 3169 3831 3168 3830 3229 3894 3168 3830 3228 3895 3228 3895 3168 3830 3167 3829 3228 3895 3167 3829 3227 3896 3227 3896 3167 3829 288 373 3227 3896 288 373 2250 2884 3227 3896 2250 2884 3232 3897 3232 3897 2250 2884 2249 2882 3232 3897 2249 2882 3181 3863 3181 3863 2249 2882 495 580 3181 3863 3180 3861 3232 3897 3232 3897 3180 3861 3233 3898 3232 3897 3233 3898 3227 3896 3227 3896 3233 3898 3228 3895 3180 3861 3179 3859 3233 3898 3233 3898 3179 3859 3234 3899 3233 3898 3234 3899 3228 3895 3228 3895 3234 3899 3229 3894 3179 3859 3178 3857 3234 3899 3234 3899 3178 3857 3235 3900 3234 3899 3235 3900 3229 3894 3229 3894 3235 3900 3230 3893 3178 3857 3177 3855 3235 3900 3235 3900 3177 3855 3236 3901 3235 3900 3236 3901 3230 3893 3230 3893 3236 3901 3231 3892 3177 3855 426 513 3236 3901 3236 3901 426 513 3231 3892</p>
        </triangles>
        <triangles material="Opaque_0_192_0_" count="660">
          <input semantic="VERTEX" source="#Base0-mesh-vertices" offset="0"/>
          <input semantic="NORMAL" source="#Base0-mesh-normals" offset="1"/>
          <p>287 372 288 373 290 374 290 374 288 373 289 375 292 376 355 377 291 378 291 378 355 377 356 379 291 378 356 379 358 380 358 380 356 379 357 381 292 376 293 382 355 377 355 377 293 382 354 383 354 383 293 382 294 384 354 383 294 384 353 385 353 385 294 384 295 386 353 385 295 386 352 387 352 387 295 386 296 388 352 387 296 388 416 389 416 389 296 388 415 390 415 390 296 388 297 391 415 390 297 391 414 392 414 392 297 391 298 393 414 392 298 393 413 394 413 394 298 393 412 395 412 395 298 393 299 396 412 395 299 396 411 397 411 397 299 396 300 398 411 397 300 398 410 399 410 399 300 398 409 400 409 400 300 398 301 401 409 400 301 401 408 402 408 402 301 401 302 403 408 402 302 403 407 404 407 404 302 403 406 405 406 405 302 403 303 406 406 405 303 406 405 407 405 407 303 406 404 408 404 408 303 406 304 409 404 408 304 409 403 410 403 410 304 409 305 411 403 410 305 411 402 412 402 412 305 411 401 413 401 413 305 411 306 414 401 413 306 414 400 415 400 415 306 414 307 416 400 415 307 416 308 417 400 415 308 417 399 418 399 418 308 417 309 419 399 418 309 419 398 420 398 420 309 419 310 421 398 420 310 421 397 422 397 422 310 421 311 423 397 422 311 423 396 424 396 424 311 423 312 425 396 424 312 425 395 426 395 426 312 425 313 427 395 426 313 427 394 428 394 428 313 427 314 429 394 428 314 429 393 430 393 430 314 429 315 431 393 430 315 431 392 432 392 432 315 431 316 433 392 432 316 433 391 434 391 434 316 433 317 435 391 434 317 435 390 436 390 436 317 435 318 437 390 436 318 437 389 438 389 438 318 437 319 439 389 438 319 439 388 440 388 440 319 439 320 441 388 440 320 441 387 442 387 442 320 441 321 443 387 442 321 443 386 444 386 444 321 443 322 445 386 444 322 445 385 446 385 446 322 445 323 447 385 446 323 447 384 448 384 448 323 447 324 449 384 448 324 449 383 450 383 450 324 449 325 451 383 450 325 451 382 452 382 452 325 451 326 453 382 452 326 453 381 454 381 454 326 453 327 455 381 454 327 455 380 456 380 456 327 455 328 457 380 456 328 457 379 458 379 458 328 457 329 459 379 458 329 459 378 460 378 460 329 459 330 461 378 460 330 461 377 462 377 462 330 461 331 463 377 462 331 463 376 464 376 464 331 463 332 465 376 464 332 465 375 466 375 466 332 465 333 467 375 466 333 467 334 468 375 466 334 468 374 469 374 469 334 468 335 470 374 469 335 470 373 471 373 471 335 470 336 472 373 471 336 472 372 473 372 473 336 472 337 474 372 473 337 474 371 475 371 475 337 474 338 476 371 475 338 476 370 477 370 477 338 476 339 478 370 477 339 478 369 479 369 479 339 478 340 480 369 479 340 480 368 481 368 481 340 480 341 482 368 481 341 482 367 483 367 483 341 482 342 484 367 483 342 484 366 485 366 485 342 484 343 486 366 485 343 486 365 487 365 487 343 486 344 488 365 487 344 488 364 489 364 489 344 488 345 490 364 489 345 490 363 491 363 491 345 490 346 492 363 491 346 492 362 493 362 493 346 492 347 494 362 493 347 494 361 495 361 495 347 494 348 496 361 495 348 496 360 497 360 497 348 496 425 498 425 498 348 496 424 499 424 499 348 496 349 500 424 499 349 500 423 501 423 501 349 500 422 502 422 502 349 500 421 503 421 503 349 500 350 504 421 503 350 504 420 505 420 505 350 504 419 506 419 506 350 504 351 507 419 506 351 507 418 508 418 508 351 507 417 509 417 509 351 507 352 387 417 509 352 387 416 389 358 380 359 510 291 378 427 511 487 512 426 513 426 513 487 512 488 514 426 513 488 514 494 515 494 515 488 514 489 516 494 515 489 516 490 517 487 512 427 511 486 518 486 518 427 511 428 519 486 518 428 519 485 520 485 520 428 519 484 521 484 521 428 519 429 522 484 521 429 522 483 523 483 523 429 522 430 524 483 523 430 524 482 525 482 525 430 524 481 526 481 526 430 524 431 527 481 526 431 527 432 528 432 528 433 529 481 526 481 526 433 529 434 530 481 526 434 530 435 531 435 531 436 532 481 526 481 526 436 532 480 533 480 533 436 532 479 534 479 534 436 532 478 535 478 535 436 532 477 536 477 536 436 532 476 537 476 537 436 532 475 538 475 538 436 532 474 539 474 539 436 532 473 540 473 540 436 532 472 541 472 541 436 532 471 542 471 542 436 532 470 543 470 543 436 532 469 544 469 544 436 532 468 545 468 545 436 532 467 546 467 546 436 532 466 547 466 547 436 532 465 548 465 548 436 532 464 549 464 549 436 532 463 550 463 550 436 532 462 551 462 551 436 532 461 552 461 552 436 532 460 553 460 553 436 532 459 554 459 554 436 532 458 555 458 555 436 532 457 556 457 556 436 532 456 557 456 557 436 532 455 558 455 558 436 532 454 559 454 559 436 532 453 560 453 560 436 532 452 561 452 561 436 532 451 562 451 562 436 532 450 563 450 563 436 532 449 564 449 564 436 532 448 565 448 565 436 532 447 566 447 566 436 532 446 567 446 567 436 532 445 568 445 568 436 532 444 569 444 569 436 532 443 570 443 570 436 532 442 571 442 571 436 532 441 572 441 572 436 532 440 573 440 573 436 532 439 574 439 574 436 532 438 575 438 575 436 532 437 576 490 517 491 577 494 515 494 515 491 577 492 578 494 515 492 578 493 579 495 580 496 581 516 582 516 582 496 581 497 583 516 582 497 583 515 584 515 584 497 583 498 585 515 584 498 585 514 586 514 586 498 585 499 587 514 586 499 587 513 588 513 588 499 587 500 589 513 588 500 589 512 590 512 590 500 589 501 591 512 590 501 591 511 592 511 592 501 591 502 593 511 592 502 593 510 594 510 594 502 593 503 595 510 594 503 595 509 596 509 596 503 595 504 597 509 596 504 597 508 598 508 598 504 597 505 599 508 598 505 599 507 600 507 600 505 599 506 601 507 602 506 603 602 604 602 604 506 603 517 605 602 604 517 605 601 606 601 606 517 605 518 607 601 606 518 607 600 608 600 608 518 607 519 609 600 608 519 609 599 610 599 610 519 609 520 611 599 610 520 611 598 612 598 612 520 611 521 613 598 612 521 613 597 614 597 614 521 613 522 615 597 614 522 615 596 616 596 616 522 615 523 617 596 616 523 617 595 618 595 618 523 617 524 619 595 618 524 619 594 620 594 620 524 619 525 621 594 620 525 621 593 622 593 622 525 621 526 623 593 622 526 623 592 624 592 624 526 623 527 625 592 624 527 625 591 626 591 626 527 625 528 627 591 626 528 627 590 628 590 628 528 627 529 629 590 628 529 629 589 630 589 630 529 629 530 631 589 630 530 631 588 632 588 632 530 631 531 633 588 632 531 633 587 634 587 634 531 633 532 635 587 634 532 635 586 636 586 636 532 635 533 637 586 636 533 637 585 638 585 638 533 637 534 639 585 638 534 639 584 640 584 640 534 639 535 641 584 640 535 641 583 642 583 642 535 641 536 643 583 642 536 643 582 644 582 644 536 643 537 645 582 644 537 645 581 646 581 646 537 645 538 647 581 646 538 647 580 648 580 648 538 647 539 649 580 648 539 649 579 650 579 650 539 649 540 651 579 650 540 651 578 652 578 652 540 651 541 653 578 652 541 653 577 654 577 654 541 653 542 655 577 654 542 655 576 656 576 656 542 655 543 657 576 656 543 657 575 658 575 658 543 657 544 659 575 658 544 659 574 660 574 660 544 659 545 661 574 660 545 661 573 662 573 662 545 661 546 663 573 662 546 663 572 664 572 664 546 663 547 665 572 664 547 665 571 666 571 666 547 665 548 667 571 666 548 667 570 668 570 668 548 667 549 669 570 668 549 669 569 670 569 670 549 669 550 671 569 670 550 671 568 672 568 672 550 671 551 673 568 672 551 673 567 674 567 674 551 673 552 675 567 674 552 675 566 676 566 676 552 675 553 677 566 676 553 677 565 678 565 678 553 677 554 679 565 678 554 679 564 680 564 680 554 679 555 681 564 680 555 681 563 682 563 682 555 681 556 683 563 682 556 683 562 684 562 684 556 683 557 685 562 684 557 685 561 686 561 686 557 685 558 687 561 686 558 687 560 688 560 688 558 687 559 689 560 688 559 689 630 690 630 690 559 689 603 691 630 690 603 691 629 692 629 692 603 691 604 693 629 692 604 693 628 694 628 694 604 693 605 695 628 694 605 695 627 696 627 696 605 695 606 697 627 696 606 697 626 698 626 698 606 697 607 699 626 698 607 699 625 700 625 700 607 699 608 701 625 700 608 701 624 702 624 702 608 701 609 703 624 702 609 703 623 704 623 704 609 703 610 705 623 704 610 705 622 706 622 706 610 705 611 707 622 706 611 707 621 708 621 708 611 707 612 709 621 708 612 709 620 710 620 710 612 709 613 711 620 710 613 711 619 712 619 712 613 711 614 713 619 712 614 713 618 714 618 714 614 713 615 715 618 714 615 715 617 716 617 716 615 715 616 717 758 846 958 847 695 848 695 848 958 847 944 849 695 848 944 849 696 850 696 850 944 849 945 851 696 850 945 851 946 852 757 853 956 854 758 846 758 846 956 854 957 855 758 846 957 855 958 847 756 856 953 857 757 853 757 853 953 857 954 858 757 853 954 858 955 859 755 860 973 861 756 856 756 856 973 861 974 862 756 856 974 862 951 863 754 864 969 865 755 860 755 860 969 865 970 866 755 860 970 866 971 867 753 868 966 869 754 864 754 864 966 869 967 870 754 864 967 870 968 871 752 872 980 873 753 868 753 868 980 873 965 874 753 868 965 874 966 869 751 875 978 876 752 872 752 872 978 876 979 877 752 872 979 877 980 873 750 878 976 879 751 875 751 875 976 879 977 880 751 875 977 880 978 876 749 881 996 882 750 878 750 878 996 882 997 883 750 878 997 883 998 884 748 885 992 886 749 881 749 881 992 886 993 887 749 881 993 887 994 888 747 889 989 890 748 885 748 885 989 890 990 891 748 885 990 891 991 892 746 893 987 894 747 889 747 889 987 894 988 895 747 889 988 895 989 890 745 896 761 897 746 893 746 893 761 897 762 898 746 893 762 898 987 894 987 894 762 898 986 899 986 899 762 898 763 900 986 899 763 900 985 901 985 901 763 900 764 902 985 901 764 902 984 903 984 903 764 902 765 904 984 903 765 904 983 905 983 905 765 904 787 906 983 905 787 906 962 907 962 907 787 906 940 908 962 907 940 908 961 909 961 909 940 908 941 910 961 909 941 910 960 911 960 911 941 910 942 912 960 911 942 912 959 913 959 913 942 912 943 914 959 913 943 914 958 847 958 847 943 914 944 849 744 915 759 916 745 896 745 896 759 916 760 917 745 896 760 917 761 897 743 918 779 919 744 915 744 915 779 919 780 920 744 915 780 920 781 921 742 922 775 923 743 918 743 918 775 923 776 924 743 918 776 924 777 925 741 926 771 927 742 922 742 922 771 927 772 928 742 922 772 928 773 929 740 930 769 931 741 926 741 926 769 931 770 932 741 926 770 932 771 927 739 933 783 934 740 930 740 930 783 934 768 935 740 930 768 935 769 931 738 936 805 937 739 933 739 933 805 937 806 938 739 933 806 938 783 934 737 939 802 940 738 936 738 936 802 940 803 941 738 936 803 941 804 942 736 943 798 944 737 939 737 939 798 944 799 945 737 939 799 945 800 946 735 947 794 948 736 943 736 943 794 948 795 949 736 943 795 949 796 950 734 951 792 952 735 947 735 947 792 952 793 953 735 947 793 953 794 948 733 954 790 955 734 951 734 951 790 955 791 956 734 951 791 956 792 952 732 957 828 958 733 954 733 954 828 958 829 959 733 954 829 959 790 955 790 955 829 959 789 960 789 960 829 959 830 961 789 960 830 961 788 962 788 962 830 961 807 963 788 962 807 963 787 906 787 906 807 963 808 964 787 906 808 964 940 908 940 908 808 964 919 965 940 908 919 965 939 966 939 966 919 965 920 967 939 966 920 967 938 968 938 968 920 967 921 969 938 968 921 969 937 970 937 970 921 969 922 971 937 970 922 971 701 972 701 972 922 971 702 973 702 973 922 971 923 974 702 973 923 974 924 975 731 976 825 977 732 957 732 957 825 977 826 978 732 957 826 978 827 979 730 980 821 981 731 976 731 976 821 981 822 982 731 976 822 982 823 983 729 984 817 985 730 980 730 980 817 985 818 986 730 980 818 986 819 987 728 988 814 989 729 984 729 984 814 989 815 990 729 984 815 990 816 991 727 992 812 993 728 988 728 988 812 993 813 994 728 988 813 994 814 989 812 993 727 992 850 995 850 995 727 992 726 996 850 995 726 996 849 997 849 997 726 996 848 998 848 998 726 996 725 999 848 998 725 999 847 1000 847 1000 725 999 846 1001 846 1001 725 999 845 1002 845 1002 725 999 724 1003 845 1002 724 1003 844 1004 844 1004 724 1003 843 1005 843 1005 724 1003 842 1006 842 1006 724 1003 841 1007 841 1007 724 1003 723 1008 841 1007 723 1008 840 1009 840 1009 723 1008 839 1010 839 1010 723 1008 838 1011 838 1011 723 1008 837 1012 837 1012 723 1008 722 1013 837 1012 722 1013 836 1014 836 1014 722 1013 835 1015 835 1015 722 1013 834 1016 834 1016 722 1013 721 1017 834 1016 721 1017 833 1018 833 1018 721 1017 872 1019 833 1018 872 1019 873 1020 721 1017 720 1021 872 1019 872 1019 720 1021 871 1022 871 1022 720 1021 870 1023 870 1023 720 1021 719 1024 870 1023 719 1024 869 1025 869 1025 719 1024 868 1026 868 1026 719 1024 718 1027 868 1026 718 1027 867 1028 867 1028 718 1027 866 1029 866 1029 718 1027 865 1030 865 1030 718 1027 864 1031 864 1031 718 1027 717 1032 864 1031 717 1032 863 1033 863 1033 717 1032 862 1034 862 1034 717 1032 861 1035 861 1035 717 1032 860 1036 860 1036 717 1032 716 1037 860 1036 716 1037 859 1038 859 1038 716 1037 858 1039 858 1039 716 1037 857 1040 857 1040 716 1037 715 1041 857 1040 715 1041 856 1042 856 1042 715 1041 855 1043 855 1043 715 1041 714 1044 855 1043 714 1044 894 1045 894 1045 714 1044 893 1046 893 1046 714 1044 713 1047 893 1046 713 1047 892 1048 892 1048 713 1047 891 1049 891 1049 713 1047 712 1050 891 1049 712 1050 890 1051 890 1051 712 1050 889 1052 889 1052 712 1050 888 1053 888 1053 712 1050 887 1054 887 1054 712 1050 711 1055 887 1054 711 1055 886 1056 886 1056 711 1055 885 1057 885 1057 711 1055 884 1058 884 1058 711 1055 883 1059 883 1059 711 1055 710 1060 883 1059 710 1060 882 1061 882 1061 710 1060 881 1062 881 1062 710 1060 880 1063 880 1063 710 1060 879 1064 879 1064 710 1060 709 1065 879 1064 709 1065 902 1066 902 1066 709 1065 901 1067 901 1067 709 1065 708 1068 901 1067 708 1068 900 1069 900 1069 708 1068 915 1070 900 1069 915 1070 916 1071 708 1068 707 1072 915 1070 915 1070 707 1072 914 1073 914 1073 707 1072 913 1074 913 1074 707 1072 706 1075 913 1074 706 1075 912 1076 912 1076 706 1075 911 1077 911 1077 706 1075 910 1078 910 1078 706 1075 705 1079 910 1078 705 1079 909 1080 909 1080 705 1079 908 1081 908 1081 705 1079 907 1082 907 1082 705 1079 906 1083 906 1083 705 1079 704 1084 906 1083 704 1084 905 1085 905 1085 704 1084 904 1086 904 1086 704 1084 903 1087 903 1087 704 1084 926 1088 926 1088 704 1084 703 1089 926 1088 703 1089 925 1090 925 1090 703 1089 924 975 924 975 703 1089 702 973 937 970 701 972 936 1091 936 1091 701 972 700 1092 936 1091 700 1092 935 1093 935 1093 700 1092 934 1094 934 1094 700 1092 933 1095 933 1095 700 1092 699 1096 933 1095 699 1096 932 1097 932 1097 699 1096 931 1098 931 1098 699 1096 930 1099 930 1099 699 1096 929 1100 929 1100 699 1096 698 1101 929 1100 698 1101 928 1102 928 1102 698 1101 927 1103 927 1103 698 1101 950 1104 950 1104 698 1101 949 1105 949 1105 698 1101 697 1106 949 1105 697 1106 948 1107 948 1107 697 1106 947 1108 947 1108 697 1106 946 852 946 852 697 1106 696 850 787 906 765 904 786 1109 786 1109 765 904 766 1110 786 1109 766 1110 785 1111 785 1111 766 1110 767 1112 785 1111 767 1112 784 1113 784 1113 767 1112 768 935 784 1113 768 935 783 934 773 929 774 1114 742 922 742 922 774 1114 775 923 777 925 778 1115 743 918 743 918 778 1115 779 919 781 921 782 1116 744 915 744 915 782 1116 759 916 796 950 797 1117 736 943 736 943 797 1117 798 944 800 946 801 1118 737 939 737 939 801 1118 802 940 804 942 805 937 738 936 919 965 808 964 854 1119 854 1119 808 964 809 1120 854 1119 809 1120 853 1121 853 1121 809 1120 810 1122 853 1121 810 1122 852 1123 852 1123 810 1122 811 1124 852 1123 811 1124 851 1125 851 1125 811 1124 812 993 851 1125 812 993 850 995 816 991 817 985 729 984 819 987 820 1126 730 980 730 980 820 1126 821 981 823 983 824 1127 731 976 731 976 824 1127 825 977 827 979 828 958 732 957 832 1128 874 1129 831 1130 831 1130 874 1129 875 1131 831 1130 875 1131 854 1119 854 1119 875 1131 919 965 874 1129 832 1128 873 1020 873 1020 832 1128 833 1018 919 965 875 1131 897 1132 897 1132 875 1131 876 1133 897 1132 876 1133 896 1134 896 1134 876 1133 877 1135 896 1134 877 1135 895 1136 895 1136 877 1135 878 1137 895 1136 878 1137 894 1045 894 1045 878 1137 855 1043 919 965 897 1132 918 1138 918 1138 897 1132 898 1139 918 1138 898 1139 917 1140 917 1140 898 1139 899 1141 917 1140 899 1141 916 1071 916 1071 899 1141 900 1069 951 863 952 1142 756 856 756 856 952 1142 953 857 955 859 956 854 757 853 962 907 963 1143 983 905 983 905 963 1143 982 1144 982 1144 963 1143 964 1145 982 1144 964 1145 981 1146 981 1146 964 1145 965 874 981 1146 965 874 980 873 968 871 969 865 754 864 971 867 972 1147 755 860 755 860 972 1147 973 861 998 884 975 1148 750 878 750 878 975 1148 976 879 991 892 992 886 748 885 994 888 995 1149 749 881 749 881 995 1149 996 882</p>
        </triangles>
      </mesh>
    </geometry>
  </library_geometries>
  <library_visual_scenes>
    <visual_scene id="Scene" name="Scene">
      <node id="Base0-node" name="Base0" type="NODE">
        <instance_geometry url="#Base0-mesh">
          <bind_material>
            <technique_common>
              <instance_material symbol="Opaque_128_0_0_" target="#Opaque_128_0_0_"/>
              <instance_material symbol="Steel_-_Satin" target="#Steel_-_Satin"/>
              <instance_material symbol="Opaque_0_192_0_" target="#Opaque_0_192_0_"/>
            </technique_common>
          </bind_material>
        </instance_geometry>
      </node>
    </visual_scene>
  </library_visual_scenes>
  <scene>
    <instance_visual_scene url="#Scene"/>
  </scene>
</COLLADA>
