<?xml version="1.0" encoding="utf-8"?>
<COLLADA xmlns="http://www.collada.org/2005/11/COLLADASchema" version="1.4.1">
  <asset>
    <contributor>
      <authoring_tool>Fusion URDF/XACRO Exporter</authoring_tool>
    </contributor>
    <created>2026-05-04T15:59:41Z</created>
    <modified>2026-05-04T15:59:41Z</modified>
    <unit name="meter" meter="1.0"/>
    <up_axis>Z_UP</up_axis>
  </asset>
  <library_effects>
    <effect id="for_arm__Steel_-_Satin-effect">
      <profile_COMMON>
        <technique sid="common">
          <lambert>
            <emission><color>0 0 0 1</color></emission>
            <ambient><color>0.0000 0.0000 0.0000 1</color></ambient>
            <diffuse><color>0.6275 0.6275 0.6275 1</color></diffuse>
            <reflective><color>0 0 0 1</color></reflective>
            <transparent opaque="A_ONE"><color>1 1 1 1</color></transparent>
            <transparency><float>1</float></transparency>
          </lambert>
        </technique>
      </profile_COMMON>
    </effect>
    <effect id="for_arm__Opaque_0_192_0_-effect">
      <profile_COMMON>
        <technique sid="common">
          <lambert>
            <emission><color>0 0 0 1</color></emission>
            <ambient><color>0.0000 0.0000 0.0000 1</color></ambient>
            <diffuse><color>0.0000 0.7529 0.0000 1</color></diffuse>
            <reflective><color>0 0 0 1</color></reflective>
            <transparent opaque="A_ONE"><color>1 1 1 1</color></transparent>
            <transparency><float>1</float></transparency>
          </lambert>
        </technique>
      </profile_COMMON>
    </effect>
    <effect id="part01__Opaque_0_192_0_-effect">
      <profile_COMMON>
        <technique sid="common">
          <lambert>
            <emission><color>0 0 0 1</color></emission>
            <ambient><color>0.0000 0.0000 0.0000 1</color></ambient>
            <diffuse><color>0.0000 0.7529 0.0000 1</color></diffuse>
            <reflective><color>0 0 0 1</color></reflective>
            <transparent opaque="A_ONE"><color>1 1 1 1</color></transparent>
            <transparency><float>1</float></transparency>
          </lambert>
        </technique>
      </profile_COMMON>
    </effect>
  </library_effects>
  <library_materials>
    <material id="for_arm__Steel_-_Satin" name="for_arm__Steel_-_Satin">
      <instance_effect url="#for_arm__Steel_-_Satin-effect"/>
    </material>
    <material id="for_arm__Opaque_0_192_0_" name="for_arm__Opaque(0,192,0)">
      <instance_effect url="#for_arm__Opaque_0_192_0_-effect"/>
    </material>
    <material id="part01__Opaque_0_192_0_" name="part01__Opaque(0,192,0)">
      <instance_effect url="#part01__Opaque_0_192_0_-effect"/>
    </material>
  </library_materials>
  <library_geometries>
    <geometry id="for_arm_group-mesh" name="for_arm_group">
      <mesh>
        <source id="for_arm_group-mesh-positions">
          <float_array id="for_arm_group-mesh-positions-array" count="15342">0.367000 0.000000 -0.100000 0.367000 -0.008964 -0.099597 0.367000 -0.017856 -0.098393 0.367000 -0.026604 -0.096396 0.367000 -0.035137 -0.093623 0.367000 -0.043388 -0.090097 0.367000 -0.051290 -0.085845 0.367000 -0.058779 -0.080902 0.367000 -0.065794 -0.075307 0.367000 -0.072279 -0.069106 0.367000 -0.078183 -0.062349 0.367000 -0.083457 -0.055090 0.367000 -0.088060 -0.047387 0.367000 -0.091953 -0.039303 0.367000 -0.095106 -0.030902 0.367000 -0.097493 -0.022252 0.367000 -0.099095 -0.013423 0.367000 -0.099899 -0.004486 0.367000 -0.099899 0.004486 0.367000 -0.099095 0.013423 0.367000 -0.097493 0.022252 0.367000 -0.095106 0.030902 0.367000 -0.091953 0.039303 0.367000 -0.088060 0.047387 0.367000 -0.083457 0.055090 0.367000 -0.078183 0.062349 0.367000 -0.072279 0.069106 0.367000 -0.065794 0.075307 0.367000 -0.058779 0.080902 0.367000 -0.051290 0.085845 0.367000 -0.043388 0.090097 0.367000 -0.035137 0.093623 0.367000 -0.026604 0.096396 0.367000 -0.017856 0.098393 0.367000 -0.008964 0.099597 0.367000 -0.000000 0.100000 0.367000 0.008964 0.099597 0.367000 0.017856 0.098393 0.367000 0.026604 0.096396 0.367000 0.035137 0.093623 0.367000 0.043388 0.090097 0.367000 0.051290 0.085845 0.367000 0.058779 0.080902 0.367000 0.065794 0.075307 0.367000 0.072279 0.069106 0.367000 0.078183 0.062349 0.367000 0.083457 0.055090 0.367000 0.088060 0.047387 0.367000 0.091953 0.039303 0.367000 0.095106 0.030902 0.367000 0.097493 0.022252 0.367000 0.099095 0.013423 0.367000 0.099899 0.004486 0.367000 0.099899 -0.004486 0.367000 0.099095 -0.013423 0.367000 0.097493 -0.022252 0.367000 0.095106 -0.030902 0.367000 0.091953 -0.039303 0.367000 0.088060 -0.047387 0.367000 0.083457 -0.055090 0.367000 0.078183 -0.062349 0.367000 0.072279 -0.069106 0.367000 0.065794 -0.075307 0.367000 0.058779 -0.080902 0.367000 0.051290 -0.085845 0.367000 0.043388 -0.090097 0.367000 0.035137 -0.093623 0.367000 0.026604 -0.096396 0.367000 0.017856 -0.098393 0.367000 0.008964 -0.099597 0.377000 0.000000 -0.100000 0.377000 -0.008964 -0.099597 0.377000 -0.017856 -0.098393 0.377000 -0.026604 -0.096396 0.377000 -0.035137 -0.093623 0.377000 -0.043388 -0.090097 0.377000 -0.051290 -0.085845 0.377000 -0.058779 -0.080902 0.377000 -0.065794 -0.075307 0.377000 -0.072279 -0.069106 0.377000 -0.078183 -0.062349 0.377000 -0.083457 -0.055090 0.377000 -0.088060 -0.047387 0.377000 -0.091953 -0.039303 0.377000 -0.095106 -0.030902 0.377000 -0.097493 -0.022252 0.377000 -0.099095 -0.013423 0.377000 -0.099899 -0.004486 0.377000 -0.099899 0.004486 0.377000 -0.099095 0.013423 0.377000 -0.097493 0.022252 0.377000 -0.095106 0.030902 0.377000 -0.091953 0.039303 0.377000 -0.088060 0.047387 0.377000 -0.083457 0.055090 0.377000 -0.078183 0.062349 0.377000 -0.072279 0.069106 0.377000 -0.065794 0.075307 0.377000 -0.058779 0.080902 0.377000 -0.051290 0.085845 0.377000 -0.043388 0.090097 0.377000 -0.035137 0.093623 0.377000 -0.026604 0.096396 0.377000 -0.017856 0.098393 0.377000 -0.008964 0.099597 0.377000 -0.000000 0.100000 0.377000 0.008964 0.099597 0.377000 0.017856 0.098393 0.377000 0.026604 0.096396 0.377000 0.035137 0.093623 0.377000 0.043388 0.090097 0.377000 0.051290 0.085845 0.377000 0.058779 0.080902 0.377000 0.065794 0.075307 0.377000 0.072279 0.069106 0.377000 0.078183 0.062349 0.377000 0.083457 0.055090 0.377000 0.088060 0.047387 0.377000 0.091953 0.039303 0.377000 0.095106 0.030902 0.377000 0.097493 0.022252 0.377000 0.099095 0.013423 0.377000 0.099899 0.004486 0.377000 0.099899 -0.004486 0.377000 0.099095 -0.013423 0.377000 0.097493 -0.022252 0.377000 0.095106 -0.030902 0.377000 0.091953 -0.039303 0.377000 0.088060 -0.047387 0.377000 0.083457 -0.055090 0.377000 0.078183 -0.062349 0.377000 0.072279 -0.069106 0.377000 0.065794 -0.075307 0.377000 0.058779 -0.080902 0.377000 0.051290 -0.085845 0.377000 0.043388 -0.090097 0.377000 0.035137 -0.093623 0.377000 0.026604 -0.096396 0.377000 0.017856 -0.098393 0.377000 0.008964 -0.099597 0.385870 0.095783 -0.003945 0.387811 0.094823 -0.005073 0.389805 0.093847 -0.005849 0.391950 0.092808 -0.006412 0.394176 0.091741 -0.006780 0.398581 0.089665 -0.006992 0.402910 0.087670 -0.006600 0.407310 0.085689 -0.005515 0.409366 0.084779 -0.004664 0.411235 0.083961 -0.003540 0.412100 0.083585 -0.002802 0.412826 0.083272 -0.001931 0.413105 0.083152 -0.001449 0.413310 0.083063 -0.000937 0.413431 0.083011 -0.000396 0.413452 0.083002 0.000171 0.413370 0.083037 0.000723 0.413197 0.083112 0.001246 0.412946 0.083220 0.001741 0.412630 0.083356 0.002205 0.411852 0.083693 0.003037 0.410965 0.084079 0.003734 0.409069 0.084910 0.004806 0.406991 0.085831 0.005623 0.402578 0.087821 0.006652 0.398263 0.089813 0.006997 0.393840 0.091901 0.006737 0.391622 0.092966 0.006341 0.389496 0.093998 0.005746 0.387521 0.094966 0.004934 0.385595 0.095919 0.003737 0.384753 0.096339 0.002969 0.384067 0.096682 0.002084 0.383785 0.096823 0.001562 0.383576 0.096929 0.000996 0.383458 0.096988 0.000408 0.383438 0.096998 -0.000173 0.383517 0.096958 -0.000760 0.383691 0.096871 -0.001339 0.383947 0.096742 -0.001881 0.384256 0.096588 -0.002367 0.384990 0.096221 -0.003210 0.387659 0.043118 0.084685 0.385724 0.044605 0.084931 0.384863 0.045472 0.084926 0.384154 0.046396 0.084802 0.383859 0.046908 0.084677 0.383626 0.047448 0.084500 0.383482 0.047990 0.084271 0.383434 0.048508 0.084000 0.383485 0.049002 0.083685 0.383633 0.049470 0.083329 0.383868 0.049891 0.082949 0.384165 0.050254 0.082568 0.384876 0.050821 0.081830 0.385740 0.051256 0.081082 0.387675 0.051783 0.079673 0.389659 0.051983 0.078435 0.391795 0.051966 0.077249 0.396254 0.051404 0.075117 0.400552 0.050340 0.073417 0.404979 0.048727 0.072017 0.407160 0.047699 0.071483 0.409226 0.046518 0.071108 0.411108 0.045155 0.070944 0.411985 0.044342 0.070973 0.412736 0.043441 0.071118 0.413033 0.042966 0.071244 0.413260 0.042481 0.071411 0.413406 0.041988 0.071623 0.413457 0.041492 0.071885 0.413403 0.041018 0.072185 0.413254 0.040590 0.072506 0.413024 0.040204 0.072844 0.412725 0.039859 0.073192 0.411970 0.039285 0.073900 0.411093 0.038856 0.074588 0.409210 0.038319 0.075851 0.407142 0.038056 0.077060 0.404961 0.038005 0.078217 0.400534 0.038414 0.080312 0.396235 0.039357 0.082083 0.391777 0.040924 0.083634 0.389641 0.041945 0.084241 0.393600 -0.051813 0.076336 0.391388 -0.051984 0.077465 0.389276 -0.051963 0.078662 0.387311 -0.051715 0.079919 0.385404 -0.051108 0.081361 0.384591 -0.050626 0.082107 0.383939 -0.049989 0.082852 0.383685 -0.049583 0.083234 0.383514 -0.049124 0.083598 0.383437 -0.048635 0.083924 0.383460 -0.048126 0.084205 0.383580 -0.047587 0.084446 0.383792 -0.047044 0.084637 0.384398 -0.046043 0.084864 0.385169 -0.045141 0.084941 0.386072 -0.044301 0.084907 0.388017 -0.042886 0.084615 0.390030 -0.041743 0.084139 0.392186 -0.040751 0.083506 0.394417 -0.039917 0.082755 0.398807 -0.038729 0.081054 0.403150 -0.038099 0.079110 0.407538 -0.038088 0.076838 0.409577 -0.038396 0.075620 0.411428 -0.039000 0.074337 0.412272 -0.039482 0.073636 0.412954 -0.040112 0.072931 0.413203 -0.040488 0.072591 0.413373 -0.040905 0.072265 0.413453 -0.041367 0.071959 0.413429 -0.041862 0.071685 0.413306 -0.042356 0.071461 0.413098 -0.042844 0.071283 0.412477 -0.043785 0.071049 0.411667 -0.044657 0.070951 0.410771 -0.045429 0.070955 0.408853 -0.046750 0.071164 0.406760 -0.047902 0.071572 0.402339 -0.049756 0.072807 0.398033 -0.051022 0.074373 0.385870 -0.095783 -0.003945 0.384990 -0.096221 -0.003210 0.384256 -0.096588 -0.002367 0.383947 -0.096742 -0.001881 0.383691 -0.096871 -0.001339 0.383517 -0.096958 -0.000760 0.383438 -0.096998 -0.000173 0.383458 -0.096988 0.000408 0.383576 -0.096929 0.000996 0.383785 -0.096823 0.001562 0.384067 -0.096682 0.002084 0.384753 -0.096339 0.002969 0.385595 -0.095919 0.003737 0.387521 -0.094966 0.004934 0.389496 -0.093998 0.005746 0.391622 -0.092966 0.006341 0.393840 -0.091901 0.006737 0.398263 -0.089813 0.006997 0.402578 -0.087821 0.006652 0.406991 -0.085831 0.005623 0.409069 -0.084910 0.004806 0.410965 -0.084079 0.003734 0.411852 -0.083693 0.003037 0.412630 -0.083356 0.002205 0.412946 -0.083220 0.001741 0.413197 -0.083112 0.001246 0.413370 -0.083037 0.000723 0.413452 -0.083002 0.000171 0.413431 -0.083011 -0.000396 0.413310 -0.083063 -0.000937 0.413105 -0.083152 -0.001449 0.412826 -0.083272 -0.001931 0.412100 -0.083585 -0.002802 0.411235 -0.083961 -0.003540 0.409366 -0.084779 -0.004664 0.407310 -0.085689 -0.005515 0.402910 -0.087670 -0.006600 0.398581 -0.089665 -0.006992 0.394176 -0.091741 -0.006780 0.391950 -0.092808 -0.006412 0.389805 -0.093847 -0.005849 0.387811 -0.094823 -0.005073 0.385366 -0.051090 -0.081393 0.387269 -0.051706 -0.079948 0.389232 -0.051960 -0.078689 0.391341 -0.051986 -0.077490 0.393552 -0.051819 -0.076359 0.397987 -0.051033 -0.074392 0.402291 -0.049773 -0.072822 0.406714 -0.047925 -0.071582 0.408810 -0.046777 -0.071171 0.410731 -0.045460 -0.070957 0.411629 -0.044692 -0.070949 0.412445 -0.043824 -0.071042 0.413076 -0.042885 -0.071269 0.413291 -0.042399 -0.071444 0.413422 -0.041905 -0.071664 0.413455 -0.041409 -0.071934 0.413384 -0.040943 -0.072238 0.413221 -0.040522 -0.072562 0.412978 -0.040143 -0.072902 0.412305 -0.039506 -0.073605 0.411466 -0.039018 -0.074307 0.409619 -0.038405 -0.075593 0.407584 -0.038092 -0.076812 0.403198 -0.038095 -0.079087 0.398852 -0.038720 -0.081035 0.394465 -0.039901 -0.082737 0.392234 -0.040732 -0.083490 0.390075 -0.041720 -0.084127 0.388059 -0.042859 -0.084607 0.386113 -0.044266 -0.084904 0.385206 -0.045103 -0.084941 0.384428 -0.046003 -0.084870 0.383814 -0.046998 -0.084651 0.383595 -0.047540 -0.084465 0.383467 -0.048080 -0.084228 0.383435 -0.048592 -0.083950 0.383503 -0.049083 -0.083627 0.383666 -0.049545 -0.083266 0.383914 -0.049957 -0.082885 0.384559 -0.050602 -0.082139 0.387854 0.042990 -0.084648 0.389851 0.041834 -0.084186 0.391999 0.040830 -0.083565 0.396459 0.039295 -0.081997 0.400753 0.038380 -0.080215 0.405185 0.038002 -0.078103 0.407358 0.038072 -0.076940 0.409410 0.038360 -0.075726 0.411275 0.038932 -0.074453 0.412136 0.039389 -0.073757 0.412853 0.039993 -0.073050 0.413126 0.040355 -0.072706 0.413325 0.040758 -0.072374 0.413437 0.041204 -0.072061 0.413449 0.041693 -0.071773 0.413358 0.042188 -0.071532 0.413177 0.042678 -0.071338 0.412920 0.043160 -0.071189 0.412599 0.043629 -0.071078 0.411814 0.044514 -0.070959 0.410925 0.045306 -0.070949 0.409025 0.046645 -0.071138 0.406944 0.047809 -0.071531 0.404755 0.048823 -0.072079 0.400333 0.050406 -0.073495 0.396029 0.051446 -0.075215 0.391574 0.051976 -0.077366 0.389450 0.051973 -0.078558 0.387478 0.051747 -0.079805 0.385555 0.051178 -0.081233 0.384719 0.050717 -0.081981 0.384040 0.050115 -0.082721 0.383763 0.049728 -0.083104 0.383562 0.049285 -0.083477 0.383452 0.048804 -0.083818 0.383441 0.048304 -0.084113 0.383529 0.047772 -0.084369 0.383711 0.047228 -0.084578 0.384285 0.046202 -0.084838 0.385027 0.045291 -0.084936 0.385912 0.044439 -0.084920 0.477000 0.000000 -0.053369 0.477000 -0.006558 -0.052965 0.477000 -0.013017 -0.051757 0.477000 -0.019279 -0.049765 0.477000 -0.025249 -0.047019 0.477000 -0.030835 -0.043560 0.477000 -0.035955 -0.039440 0.477000 -0.040529 -0.034723 0.477000 -0.044489 -0.029479 0.477000 -0.047774 -0.023789 0.477000 -0.050335 -0.017738 0.477000 -0.052134 -0.011417 0.477000 -0.053142 -0.004924 0.477000 -0.053344 0.001644 0.477000 -0.052738 0.008186 0.477000 -0.051332 0.014605 0.477000 -0.049148 0.020803 0.477000 -0.046219 0.026685 0.477000 -0.042590 0.032162 0.477000 -0.038314 0.037152 0.477000 -0.033458 0.041579 0.477000 -0.028095 0.045375 0.477000 -0.022306 0.048484 0.477000 -0.016179 0.050858 0.477000 -0.009807 0.052461 0.477000 -0.003285 0.053268 0.477000 0.003285 0.053268 0.477000 0.009807 0.052461 0.477000 0.016179 0.050858 0.477000 0.022306 0.048484 0.477000 0.028095 0.045375 0.477000 0.033458 0.041579 0.477000 0.038314 0.037152 0.477000 0.042590 0.032162 0.477000 0.046219 0.026685 0.477000 0.049148 0.020803 0.477000 0.051332 0.014605 0.477000 0.052738 0.008186 0.477000 0.053344 0.001644 0.477000 0.053142 -0.004924 0.477000 0.052134 -0.011417 0.477000 0.050335 -0.017738 0.477000 0.047774 -0.023789 0.477000 0.044489 -0.029479 0.477000 0.040529 -0.034723 0.477000 0.035955 -0.039440 0.477000 0.030835 -0.043560 0.477000 0.025249 -0.047019 0.477000 0.019279 -0.049765 0.477000 0.013017 -0.051757 0.477000 0.006558 -0.052965 0.527000 0.000000 -0.053369 0.527000 -0.006558 -0.052965 0.527000 -0.013017 -0.051757 0.527000 -0.019279 -0.049765 0.527000 -0.025249 -0.047019 0.527000 -0.030835 -0.043560 0.527000 -0.035955 -0.039440 0.527000 -0.040529 -0.034723 0.527000 -0.044489 -0.029479 0.527000 -0.047774 -0.023789 0.527000 -0.050335 -0.017738 0.527000 -0.052134 -0.011417 0.527000 -0.053142 -0.004924 0.527000 -0.053344 0.001644 0.527000 -0.052738 0.008186 0.527000 -0.051332 0.014605 0.527000 -0.049148 0.020803 0.527000 -0.046219 0.026685 0.527000 -0.042590 0.032162 0.527000 -0.038314 0.037152 0.527000 -0.033458 0.041579 0.527000 -0.028095 0.045375 0.527000 -0.022306 0.048484 0.527000 -0.016179 0.050858 0.527000 -0.009807 0.052461 0.527000 -0.003285 0.053268 0.527000 0.003285 0.053268 0.527000 0.009807 0.052461 0.527000 0.016179 0.050858 0.527000 0.022306 0.048484 0.527000 0.028095 0.045375 0.527000 0.033458 0.041579 0.527000 0.038314 0.037152 0.527000 0.042590 0.032162 0.527000 0.046219 0.026685 0.527000 0.049148 0.020803 0.527000 0.051332 0.014605 0.527000 0.052738 0.008186 0.527000 0.053344 0.001644 0.527000 0.053142 -0.004924 0.527000 0.052134 -0.011417 0.527000 0.050335 -0.017738 0.527000 0.047774 -0.023789 0.527000 0.044489 -0.029479 0.527000 0.040529 -0.034723 0.527000 0.035955 -0.039440 0.527000 0.030835 -0.043560 0.527000 0.025249 -0.047019 0.527000 0.019279 -0.049765 0.527000 0.013017 -0.051757 0.527000 0.006558 -0.052965 0.383000 0.090000 -0.007000 0.383000 0.088188 -0.006761 0.383000 0.086500 -0.006062 0.383000 0.085050 -0.004950 0.383000 0.083938 -0.003500 0.383000 0.083239 -0.001812 0.383000 0.083000 -0.000000 0.383000 0.083239 0.001812 0.383000 0.083938 0.003500 0.383000 0.085050 0.004950 0.383000 0.086500 0.006062 0.383000 0.088188 0.006761 0.383000 0.090000 0.007000 0.383000 0.091812 0.006761 0.383000 0.093500 0.006062 0.383000 0.094950 0.004950 0.383000 0.096062 0.003500 0.383000 0.096761 0.001812 0.383000 0.097000 -0.000000 0.383000 0.096761 -0.001812 0.383000 0.096062 -0.003500 0.383000 0.094950 -0.004950 0.383000 0.093500 -0.006062 0.383000 0.091812 -0.006761 0.383000 0.090000 -0.005000 0.383000 0.088706 -0.004830 0.383000 0.087500 -0.004330 0.383000 0.086464 -0.003536 0.383000 0.085670 -0.002500 0.383000 0.085170 -0.001294 0.383000 0.085000 -0.000000 0.383000 0.085170 0.001294 0.383000 0.085670 0.002500 0.383000 0.086464 0.003536 0.383000 0.087500 0.004330 0.383000 0.088706 0.004830 0.383000 0.090000 0.005000 0.383000 0.091294 0.004830 0.383000 0.092500 0.004330 0.383000 0.093536 0.003536 0.383000 0.094330 0.002500 0.383000 0.094830 0.001294 0.383000 0.095000 -0.000000 0.383000 0.094830 -0.001294 0.383000 0.094330 -0.002500 0.383000 0.093536 -0.003536 0.383000 0.092500 -0.004330 0.383000 0.091294 -0.004830 0.383000 0.045000 0.070942 0.383000 0.043188 0.071181 0.383000 0.041500 0.071880 0.383000 0.040050 0.072993 0.383000 0.038938 0.074442 0.383000 0.038239 0.076131 0.383000 0.038000 0.077942 0.383000 0.038239 0.079754 0.383000 0.038938 0.081442 0.383000 0.040050 0.082892 0.383000 0.041500 0.084004 0.383000 0.043188 0.084704 0.383000 0.045000 0.084942 0.383000 0.046812 0.084704 0.383000 0.048500 0.084004 0.383000 0.049950 0.082892 0.383000 0.051062 0.081442 0.383000 0.051761 0.079754 0.383000 0.052000 0.077942 0.383000 0.051761 0.076131 0.383000 0.051062 0.074442 0.383000 0.049950 0.072993 0.383000 0.048500 0.071880 0.383000 0.046812 0.071181 0.383000 0.045000 0.072942 0.383000 0.043706 0.073113 0.383000 0.042500 0.073612 0.383000 0.041464 0.074407 0.383000 0.040670 0.075442 0.383000 0.040170 0.076648 0.383000 0.040000 0.077942 0.383000 0.040170 0.079236 0.383000 0.040670 0.080442 0.383000 0.041464 0.081478 0.383000 0.042500 0.082272 0.383000 0.043706 0.082772 0.383000 0.045000 0.082942 0.383000 0.046294 0.082772 0.383000 0.047500 0.082272 0.383000 0.048536 0.081478 0.383000 0.049330 0.080442 0.383000 0.049830 0.079236 0.383000 0.050000 0.077942 0.383000 0.049830 0.076648 0.383000 0.049330 0.075442 0.383000 0.048536 0.074407 0.383000 0.047500 0.073612 0.383000 0.046294 0.073113 0.383000 -0.045000 0.070942 0.383000 -0.046812 0.071181 0.383000 -0.048500 0.071880 0.383000 -0.049950 0.072993 0.383000 -0.051062 0.074442 0.383000 -0.051761 0.076131 0.383000 -0.052000 0.077942 0.383000 -0.051761 0.079754 0.383000 -0.051062 0.081442 0.383000 -0.049950 0.082892 0.383000 -0.048500 0.084004 0.383000 -0.046812 0.084704 0.383000 -0.045000 0.084942 0.383000 -0.043188 0.084704 0.383000 -0.041500 0.084004 0.383000 -0.040050 0.082892 0.383000 -0.038938 0.081442 0.383000 -0.038239 0.079754 0.383000 -0.038000 0.077942 0.383000 -0.038239 0.076131 0.383000 -0.038938 0.074442 0.383000 -0.040050 0.072993 0.383000 -0.041500 0.071880 0.383000 -0.043188 0.071181 0.383000 -0.045000 0.072942 0.383000 -0.046294 0.073113 0.383000 -0.047500 0.073612 0.383000 -0.048536 0.074407 0.383000 -0.049330 0.075442 0.383000 -0.049830 0.076648 0.383000 -0.050000 0.077942 0.383000 -0.049830 0.079236 0.383000 -0.049330 0.080442 0.383000 -0.048536 0.081478 0.383000 -0.047500 0.082272 0.383000 -0.046294 0.082772 0.383000 -0.045000 0.082942 0.383000 -0.043706 0.082772 0.383000 -0.042500 0.082272 0.383000 -0.041464 0.081478 0.383000 -0.040670 0.080442 0.383000 -0.040170 0.079236 0.383000 -0.040000 0.077942 0.383000 -0.040170 0.076648 0.383000 -0.040670 0.075442 0.383000 -0.041464 0.074407 0.383000 -0.042500 0.073612 0.383000 -0.043706 0.073113 0.383000 -0.090000 -0.007000 0.383000 -0.091812 -0.006761 0.383000 -0.093500 -0.006062 0.383000 -0.094950 -0.004950 0.383000 -0.096062 -0.003500 0.383000 -0.096761 -0.001812 0.383000 -0.097000 -0.000000 0.383000 -0.096761 0.001812 0.383000 -0.096062 0.003500 0.383000 -0.094950 0.004950 0.383000 -0.093500 0.006062 0.383000 -0.091812 0.006761 0.383000 -0.090000 0.007000 0.383000 -0.088188 0.006761 0.383000 -0.086500 0.006062 0.383000 -0.085050 0.004950 0.383000 -0.083938 0.003500 0.383000 -0.083239 0.001812 0.383000 -0.083000 -0.000000 0.383000 -0.083239 -0.001812 0.383000 -0.083938 -0.003500 0.383000 -0.085050 -0.004950 0.383000 -0.086500 -0.006062 0.383000 -0.088188 -0.006761 0.383000 -0.090000 -0.005000 0.383000 -0.091294 -0.004830 0.383000 -0.092500 -0.004330 0.383000 -0.093536 -0.003536 0.383000 -0.094330 -0.002500 0.383000 -0.094830 -0.001294 0.383000 -0.095000 -0.000000 0.383000 -0.094830 0.001294 0.383000 -0.094330 0.002500 0.383000 -0.093536 0.003536 0.383000 -0.092500 0.004330 0.383000 -0.091294 0.004830 0.383000 -0.090000 0.005000 0.383000 -0.088706 0.004830 0.383000 -0.087500 0.004330 0.383000 -0.086464 0.003536 0.383000 -0.085670 0.002500 0.383000 -0.085170 0.001294 0.383000 -0.085000 -0.000000 0.383000 -0.085170 -0.001294 0.383000 -0.085670 -0.002500 0.383000 -0.086464 -0.003536 0.383000 -0.087500 -0.004330 0.383000 -0.088706 -0.004830 0.383000 -0.045000 -0.084942 0.383000 -0.046812 -0.084704 0.383000 -0.048500 -0.084004 0.383000 -0.049950 -0.082892 0.383000 -0.051062 -0.081442 0.383000 -0.051761 -0.079754 0.383000 -0.052000 -0.077942 0.383000 -0.051761 -0.076131 0.383000 -0.051062 -0.074442 0.383000 -0.049950 -0.072993 0.383000 -0.048500 -0.071880 0.383000 -0.046812 -0.071181 0.383000 -0.045000 -0.070942 0.383000 -0.043188 -0.071181 0.383000 -0.041500 -0.071880 0.383000 -0.040050 -0.072993 0.383000 -0.038938 -0.074442 0.383000 -0.038239 -0.076131 0.383000 -0.038000 -0.077942 0.383000 -0.038239 -0.079754 0.383000 -0.038938 -0.081442 0.383000 -0.040050 -0.082892 0.383000 -0.041500 -0.084004 0.383000 -0.043188 -0.084704 0.383000 -0.045000 -0.082942 0.383000 -0.046294 -0.082772 0.383000 -0.047500 -0.082272 0.383000 -0.048536 -0.081478 0.383000 -0.049330 -0.080442 0.383000 -0.049830 -0.079236 0.383000 -0.050000 -0.077942 0.383000 -0.049830 -0.076648 0.383000 -0.049330 -0.075442 0.383000 -0.048536 -0.074407 0.383000 -0.047500 -0.073612 0.383000 -0.046294 -0.073113 0.383000 -0.045000 -0.072942 0.383000 -0.043706 -0.073113 0.383000 -0.042500 -0.073612 0.383000 -0.041464 -0.074407 0.383000 -0.040670 -0.075442 0.383000 -0.040170 -0.076648 0.383000 -0.040000 -0.077942 0.383000 -0.040170 -0.079236 0.383000 -0.040670 -0.080442 0.383000 -0.041464 -0.081478 0.383000 -0.042500 -0.082272 0.383000 -0.043706 -0.082772 0.383000 0.045000 -0.084942 0.383000 0.043188 -0.084704 0.383000 0.041500 -0.084004 0.383000 0.040050 -0.082892 0.383000 0.038938 -0.081442 0.383000 0.038239 -0.079754 0.383000 0.038000 -0.077942 0.383000 0.038239 -0.076131 0.383000 0.038938 -0.074442 0.383000 0.040050 -0.072993 0.383000 0.041500 -0.071880 0.383000 0.043188 -0.071181 0.383000 0.045000 -0.070942 0.383000 0.046812 -0.071181 0.383000 0.048500 -0.071880 0.383000 0.049950 -0.072993 0.383000 0.051062 -0.074442 0.383000 0.051761 -0.076131 0.383000 0.052000 -0.077942 0.383000 0.051761 -0.079754 0.383000 0.051062 -0.081442 0.383000 0.049950 -0.082892 0.383000 0.048500 -0.084004 0.383000 0.046812 -0.084704 0.383000 0.045000 -0.082942 0.383000 0.043706 -0.082772 0.383000 0.042500 -0.082272 0.383000 0.041464 -0.081478 0.383000 0.040670 -0.080442 0.383000 0.040170 -0.079236 0.383000 0.040000 -0.077942 0.383000 0.040170 -0.076648 0.383000 0.040670 -0.075442 0.383000 0.041464 -0.074407 0.383000 0.042500 -0.073612 0.383000 0.043706 -0.073113 0.383000 0.045000 -0.072942 0.383000 0.046294 -0.073113 0.383000 0.047500 -0.073612 0.383000 0.048536 -0.074407 0.383000 0.049330 -0.075442 0.383000 0.049830 -0.076648 0.383000 0.050000 -0.077942 0.383000 0.049830 -0.079236 0.383000 0.049330 -0.080442 0.383000 0.048536 -0.081478 0.383000 0.047500 -0.082272 0.383000 0.046294 -0.082772 0.376000 0.090000 -0.005000 0.376000 0.091294 -0.004830 0.376000 0.092500 -0.004330 0.376000 0.093536 -0.003536 0.376000 0.094330 -0.002500 0.376000 0.094830 -0.001294 0.376000 0.095000 -0.000000 0.376000 0.094830 0.001294 0.376000 0.094330 0.002500 0.376000 0.093536 0.003536 0.376000 0.092500 0.004330 0.376000 0.091294 0.004830 0.376000 0.090000 0.005000 0.376000 0.088706 0.004830 0.376000 0.087500 0.004330 0.376000 0.086464 0.003536 0.376000 0.085670 0.002500 0.376000 0.085170 0.001294 0.376000 0.085000 -0.000000 0.376000 0.085170 -0.001294 0.376000 0.085670 -0.002500 0.376000 0.086464 -0.003536 0.376000 0.087500 -0.004330 0.376000 0.088706 -0.004830 0.376000 0.045000 0.072942 0.376000 0.046294 0.073113 0.376000 0.047500 0.073612 0.376000 0.048536 0.074407 0.376000 0.049330 0.075442 0.376000 0.049830 0.076648 0.376000 0.050000 0.077942 0.376000 0.049830 0.079236 0.376000 0.049330 0.080442 0.376000 0.048536 0.081478 0.376000 0.047500 0.082272 0.376000 0.046294 0.082772 0.376000 0.045000 0.082942 0.376000 0.043706 0.082772 0.376000 0.042500 0.082272 0.376000 0.041464 0.081478 0.376000 0.040670 0.080442 0.376000 0.040170 0.079236 0.376000 0.040000 0.077942 0.376000 0.040170 0.076648 0.376000 0.040670 0.075442 0.376000 0.041464 0.074407 0.376000 0.042500 0.073612 0.376000 0.043706 0.073113 0.376000 -0.045000 0.072942 0.376000 -0.043706 0.073113 0.376000 -0.042500 0.073612 0.376000 -0.041464 0.074407 0.376000 -0.040670 0.075442 0.376000 -0.040170 0.076648 0.376000 -0.040000 0.077942 0.376000 -0.040170 0.079236 0.376000 -0.040670 0.080442 0.376000 -0.041464 0.081478 0.376000 -0.042500 0.082272 0.376000 -0.043706 0.082772 0.376000 -0.045000 0.082942 0.376000 -0.046294 0.082772 0.376000 -0.047500 0.082272 0.376000 -0.048536 0.081478 0.376000 -0.049330 0.080442 0.376000 -0.049830 0.079236 0.376000 -0.050000 0.077942 0.376000 -0.049830 0.076648 0.376000 -0.049330 0.075442 0.376000 -0.048536 0.074407 0.376000 -0.047500 0.073612 0.376000 -0.046294 0.073113 0.376000 -0.090000 -0.005000 0.376000 -0.088706 -0.004830 0.376000 -0.087500 -0.004330 0.376000 -0.086464 -0.003536 0.376000 -0.085670 -0.002500 0.376000 -0.085170 -0.001294 0.376000 -0.085000 -0.000000 0.376000 -0.085170 0.001294 0.376000 -0.085670 0.002500 0.376000 -0.086464 0.003536 0.376000 -0.087500 0.004330 0.376000 -0.088706 0.004830 0.376000 -0.090000 0.005000 0.376000 -0.091294 0.004830 0.376000 -0.092500 0.004330 0.376000 -0.093536 0.003536 0.376000 -0.094330 0.002500 0.376000 -0.094830 0.001294 0.376000 -0.095000 -0.000000 0.376000 -0.094830 -0.001294 0.376000 -0.094330 -0.002500 0.376000 -0.093536 -0.003536 0.376000 -0.092500 -0.004330 0.376000 -0.091294 -0.004830 0.376000 -0.045000 -0.082942 0.376000 -0.043706 -0.082772 0.376000 -0.042500 -0.082272 0.376000 -0.041464 -0.081478 0.376000 -0.040670 -0.080442 0.376000 -0.040170 -0.079236 0.376000 -0.040000 -0.077942 0.376000 -0.040170 -0.076648 0.376000 -0.040670 -0.075442 0.376000 -0.041464 -0.074407 0.376000 -0.042500 -0.073612 0.376000 -0.043706 -0.073113 0.376000 -0.045000 -0.072942 0.376000 -0.046294 -0.073113 0.376000 -0.047500 -0.073612 0.376000 -0.048536 -0.074407 0.376000 -0.049330 -0.075442 0.376000 -0.049830 -0.076648 0.376000 -0.050000 -0.077942 0.376000 -0.049830 -0.079236 0.376000 -0.049330 -0.080442 0.376000 -0.048536 -0.081478 0.376000 -0.047500 -0.082272 0.376000 -0.046294 -0.082772 0.376000 0.045000 -0.082942 0.376000 0.046294 -0.082772 0.376000 0.047500 -0.082272 0.376000 0.048536 -0.081478 0.376000 0.049330 -0.080442 0.376000 0.049830 -0.079236 0.376000 0.050000 -0.077942 0.376000 0.049830 -0.076648 0.376000 0.049330 -0.075442 0.376000 0.048536 -0.074407 0.376000 0.047500 -0.073612 0.376000 0.046294 -0.073113 0.376000 0.045000 -0.072942 0.376000 0.043706 -0.073113 0.376000 0.042500 -0.073612 0.376000 0.041464 -0.074407 0.376000 0.040670 -0.075442 0.376000 0.040170 -0.076648 0.376000 0.040000 -0.077942 0.376000 0.040170 -0.079236 0.376000 0.040670 -0.080442 0.376000 0.041464 -0.081478 0.376000 0.042500 -0.082272 0.376000 0.043706 -0.082772 0.537000 0.000000 -0.043369 0.537000 -0.005905 -0.042965 0.537000 -0.011701 -0.041761 0.537000 -0.017278 -0.039779 0.537000 -0.022534 -0.037056 0.537000 -0.027370 -0.033642 0.537000 -0.031696 -0.029602 0.537000 -0.035431 -0.025010 0.537000 -0.038507 -0.019953 0.537000 -0.040865 -0.014523 0.537000 -0.042462 -0.008824 0.537000 -0.043268 -0.002960 0.537000 -0.043268 0.002960 0.537000 -0.042462 0.008824 0.537000 -0.040865 0.014523 0.537000 -0.038507 0.019953 0.537000 -0.035431 0.025010 0.537000 -0.031696 0.029602 0.537000 -0.027370 0.033642 0.537000 -0.022534 0.037056 0.537000 -0.017278 0.039779 0.537000 -0.011701 0.041761 0.537000 -0.005905 0.042965 0.537000 -0.000000 0.043369 0.537000 0.005905 0.042965 0.537000 0.011701 0.041761 0.537000 0.017278 0.039779 0.537000 0.022534 0.037056 0.537000 0.027370 0.033642 0.537000 0.031696 0.029602 0.537000 0.035431 0.025010 0.537000 0.038507 0.019953 0.537000 0.040865 0.014523 0.537000 0.042462 0.008824 0.537000 0.043268 0.002960 0.537000 0.043268 -0.002960 0.537000 0.042462 -0.008824 0.537000 0.040865 -0.014523 0.537000 0.038507 -0.019953 0.537000 0.035431 -0.025010 0.537000 0.031696 -0.029602 0.537000 0.027370 -0.033642 0.537000 0.022534 -0.037056 0.537000 0.017278 -0.039779 0.537000 0.011701 -0.041761 0.537000 0.005905 -0.042965 0.932000 0.000000 -0.045000 0.932000 -0.005998 -0.044598 0.932000 -0.011889 -0.043401 0.932000 -0.017568 -0.041429 0.932000 -0.022933 -0.038718 0.932000 -0.027889 -0.035316 0.932000 -0.032347 -0.031284 0.932000 -0.036228 -0.026693 0.932000 -0.039463 -0.021626 0.932000 -0.041993 -0.016173 0.932000 -0.043774 -0.010432 0.932000 -0.044774 -0.004504 0.932000 -0.044975 0.001504 0.932000 -0.044373 0.007485 0.932000 -0.042980 0.013332 0.932000 -0.040819 0.018942 0.932000 -0.037930 0.024214 0.932000 -0.034364 0.029053 0.932000 -0.030185 0.033374 0.932000 -0.025468 0.037100 0.932000 -0.020295 0.040163 0.932000 -0.014761 0.042510 0.932000 -0.008963 0.044098 0.932000 -0.003006 0.044900 0.932000 0.003006 0.044900 0.932000 0.008963 0.044098 0.932000 0.014761 0.042510 0.932000 0.020295 0.040163 0.932000 0.025468 0.037100 0.932000 0.030185 0.033374 0.932000 0.034364 0.029053 0.932000 0.037930 0.024214 0.932000 0.040819 0.018942 0.932000 0.042980 0.013332 0.932000 0.044373 0.007485 0.932000 0.044975 0.001504 0.932000 0.044774 -0.004504 0.932000 0.043774 -0.010432 0.932000 0.041993 -0.016173 0.932000 0.039463 -0.021626 0.932000 0.036228 -0.026693 0.932000 0.032347 -0.031284 0.932000 0.027889 -0.035316 0.932000 0.022933 -0.038718 0.932000 0.017568 -0.041429 0.932000 0.011889 -0.043401 0.932000 0.005998 -0.044598 0.537000 0.000000 -0.045000 0.537000 0.005998 -0.044598 0.537000 0.011889 -0.043401 0.537000 0.017568 -0.041429 0.537000 0.022933 -0.038718 0.537000 0.027889 -0.035316 0.537000 0.032347 -0.031284 0.537000 0.036228 -0.026693 0.537000 0.039463 -0.021626 0.537000 0.041993 -0.016173 0.537000 0.043774 -0.010432 0.537000 0.044774 -0.004504 0.537000 0.044975 0.001504 0.537000 0.044373 0.007485 0.537000 0.042980 0.013332 0.537000 0.040819 0.018942 0.537000 0.037930 0.024214 0.537000 0.034364 0.029053 0.537000 0.030185 0.033374 0.537000 0.025468 0.037100 0.537000 0.020295 0.040163 0.537000 0.014761 0.042510 0.537000 0.008963 0.044098 0.537000 0.003006 0.044900 0.537000 -0.003006 0.044900 0.537000 -0.008963 0.044098 0.537000 -0.014761 0.042510 0.537000 -0.020295 0.040163 0.537000 -0.025468 0.037100 0.537000 -0.030185 0.033374 0.537000 -0.034364 0.029053 0.537000 -0.037930 0.024214 0.537000 -0.040819 0.018942 0.537000 -0.042980 0.013332 0.537000 -0.044373 0.007485 0.537000 -0.044975 0.001504 0.537000 -0.044774 -0.004504 0.537000 -0.043774 -0.010432 0.537000 -0.041993 -0.016173 0.537000 -0.039463 -0.021626 0.537000 -0.036228 -0.026693 0.537000 -0.032347 -0.031284 0.537000 -0.027889 -0.035316 0.537000 -0.022933 -0.038718 0.537000 -0.017568 -0.041429 0.537000 -0.011889 -0.043401 0.537000 -0.005998 -0.044598 0.800333 0.000000 -0.045000 0.668667 0.000000 -0.045000 0.800333 -0.005998 -0.044598 0.668667 -0.005998 -0.044598 0.800333 -0.011889 -0.043401 0.668667 -0.011889 -0.043401 0.800333 -0.017568 -0.041429 0.668667 -0.017568 -0.041429 0.800333 -0.022933 -0.038718 0.668667 -0.022933 -0.038718 0.800333 -0.027889 -0.035316 0.668667 -0.027889 -0.035316 0.800333 -0.032347 -0.031284 0.668667 -0.032347 -0.031284 0.800333 -0.036228 -0.026693 0.668667 -0.036228 -0.026693 0.800333 -0.039463 -0.021626 0.668667 -0.039463 -0.021626 0.800333 -0.041993 -0.016173 0.668667 -0.041993 -0.016173 0.800333 -0.043774 -0.010432 0.668667 -0.043774 -0.010432 0.800333 -0.044774 -0.004504 0.668667 -0.044774 -0.004504 0.800333 -0.044975 0.001504 0.668667 -0.044975 0.001504 0.800333 -0.044373 0.007485 0.668667 -0.044373 0.007485 0.800333 -0.042980 0.013332 0.668667 -0.042980 0.013332 0.800333 -0.040819 0.018942 0.668667 -0.040819 0.018942 0.800333 -0.037930 0.024214 0.668667 -0.037930 0.024214 0.800333 -0.034364 0.029053 0.668667 -0.034364 0.029053 0.800333 -0.030185 0.033374 0.668667 -0.030185 0.033374 0.800333 -0.025468 0.037100 0.668667 -0.025468 0.037100 0.800333 -0.020295 0.040163 0.668667 -0.020295 0.040163 0.800333 -0.014761 0.042510 0.668667 -0.014761 0.042510 0.800333 -0.008963 0.044098 0.668667 -0.008963 0.044098 0.800333 -0.003006 0.044900 0.668667 -0.003006 0.044900 0.800333 0.003006 0.044900 0.668667 0.003006 0.044900 0.800333 0.008963 0.044098 0.668667 0.008963 0.044098 0.800333 0.014761 0.042510 0.668667 0.014761 0.042510 0.800333 0.020295 0.040163 0.668667 0.020295 0.040163 0.800333 0.025468 0.037100 0.668667 0.025468 0.037100 0.800333 0.030185 0.033374 0.668667 0.030185 0.033374 0.800333 0.034364 0.029053 0.668667 0.034364 0.029053 0.800333 0.037930 0.024214 0.668667 0.037930 0.024214 0.800333 0.040819 0.018942 0.668667 0.040819 0.018942 0.800333 0.042980 0.013332 0.668667 0.042980 0.013332 0.800333 0.044373 0.007485 0.668667 0.044373 0.007485 0.800333 0.044975 0.001504 0.668667 0.044975 0.001504 0.800333 0.044774 -0.004504 0.668667 0.044774 -0.004504 0.800333 0.043774 -0.010432 0.668667 0.043774 -0.010432 0.800333 0.041993 -0.016173 0.668667 0.041993 -0.016173 0.800333 0.039463 -0.021626 0.668667 0.039463 -0.021626 0.800333 0.036228 -0.026693 0.668667 0.036228 -0.026693 0.800333 0.032347 -0.031284 0.668667 0.032347 -0.031284 0.800333 0.027889 -0.035316 0.668667 0.027889 -0.035316 0.800333 0.022933 -0.038718 0.668667 0.022933 -0.038718 0.800333 0.017568 -0.041429 0.668667 0.017568 -0.041429 0.800333 0.011889 -0.043401 0.668667 0.011889 -0.043401 0.800333 0.005998 -0.044598 0.668667 0.005998 -0.044598 0.951000 0.000000 -0.075000 0.951000 -0.007840 -0.074589 0.951000 -0.015593 -0.073361 0.951000 -0.023176 -0.071329 0.951000 -0.030505 -0.068516 0.951000 -0.037500 -0.064952 0.951000 -0.044084 -0.060676 0.951000 -0.050185 -0.055736 0.951000 -0.055736 -0.050185 0.951000 -0.060676 -0.044084 0.951000 -0.064952 -0.037500 0.951000 -0.068516 -0.030505 0.951000 -0.071329 -0.023176 0.951000 -0.073361 -0.015593 0.951000 -0.074589 -0.007840 0.951000 -0.075000 -0.000000 0.951000 -0.074589 0.007840 0.951000 -0.073361 0.015593 0.951000 -0.071329 0.023176 0.951000 -0.068516 0.030505 0.951000 -0.064952 0.037500 0.951000 -0.060676 0.044084 0.951000 -0.055736 0.050185 0.951000 -0.050185 0.055736 0.951000 -0.044084 0.060676 0.951000 -0.037500 0.064952 0.951000 -0.030505 0.068516 0.951000 -0.023176 0.071329 0.951000 -0.015593 0.073361 0.951000 -0.007840 0.074589 0.951000 -0.000000 0.075000 0.951000 0.007840 0.074589 0.951000 0.015593 0.073361 0.951000 0.023176 0.071329 0.951000 0.030505 0.068516 0.951000 0.037500 0.064952 0.951000 0.044084 0.060676 0.951000 0.050185 0.055736 0.951000 0.055736 0.050185 0.951000 0.060676 0.044084 0.951000 0.064952 0.037500 0.951000 0.068516 0.030505 0.951000 0.071329 0.023176 0.951000 0.073361 0.015593 0.951000 0.074589 0.007840 0.951000 0.075000 -0.000000 0.951000 0.074589 -0.007840 0.951000 0.073361 -0.015593 0.951000 0.071329 -0.023176 0.951000 0.068516 -0.030505 0.951000 0.064952 -0.037500 0.951000 0.060676 -0.044084 0.951000 0.055736 -0.050185 0.951000 0.050185 -0.055736 0.951000 0.044084 -0.060676 0.951000 0.037500 -0.064952 0.951000 0.030505 -0.068516 0.951000 0.023176 -0.071329 0.951000 0.015593 -0.073361 0.951000 0.007840 -0.074589 0.937000 0.000000 -0.075000 0.937000 0.007840 -0.074589 0.937000 0.015593 -0.073361 0.937000 0.023176 -0.071329 0.937000 0.030505 -0.068516 0.937000 0.037500 -0.064952 0.937000 0.044084 -0.060676 0.937000 0.050185 -0.055736 0.937000 0.055736 -0.050185 0.937000 0.060676 -0.044084 0.937000 0.064952 -0.037500 0.937000 0.068516 -0.030505 0.937000 0.071329 -0.023176 0.937000 0.073361 -0.015593 0.937000 0.074589 -0.007840 0.937000 0.075000 -0.000000 0.937000 0.074589 0.007840 0.937000 0.073361 0.015593 0.937000 0.071329 0.023176 0.937000 0.068516 0.030505 0.937000 0.064952 0.037500 0.937000 0.060676 0.044084 0.937000 0.055736 0.050185 0.937000 0.050185 0.055736 0.937000 0.044084 0.060676 0.937000 0.037500 0.064952 0.937000 0.030505 0.068516 0.937000 0.023176 0.071329 0.937000 0.015593 0.073361 0.937000 0.007840 0.074589 0.937000 -0.000000 0.075000 0.937000 -0.007840 0.074589 0.937000 -0.015593 0.073361 0.937000 -0.023176 0.071329 0.937000 -0.030505 0.068516 0.937000 -0.037500 0.064952 0.937000 -0.044084 0.060676 0.937000 -0.050185 0.055736 0.937000 -0.055736 0.050185 0.937000 -0.060676 0.044084 0.937000 -0.064952 0.037500 0.937000 -0.068516 0.030505 0.937000 -0.071329 0.023176 0.937000 -0.073361 0.015593 0.937000 -0.074589 0.007840 0.937000 -0.075000 -0.000000 0.937000 -0.074589 -0.007840 0.937000 -0.073361 -0.015593 0.937000 -0.071329 -0.023176 0.937000 -0.068516 -0.030505 0.937000 -0.064952 -0.037500 0.937000 -0.060676 -0.044084 0.937000 -0.055736 -0.050185 0.937000 -0.050185 -0.055736 0.937000 -0.044084 -0.060676 0.937000 -0.037500 -0.064952 0.937000 -0.030505 -0.068516 0.937000 -0.023176 -0.071329 0.937000 -0.015593 -0.073361 0.937000 -0.007840 -0.074589 0.937000 0.000000 -0.050000 0.937000 0.006394 -0.049590 0.937000 0.012683 -0.048365 0.937000 0.018763 -0.046346 0.937000 0.024536 -0.043566 0.937000 0.029906 -0.040071 0.937000 0.034784 -0.035917 0.937000 0.039092 -0.031174 0.937000 0.042757 -0.025920 0.937000 0.045721 -0.020239 0.937000 0.047933 -0.014226 0.937000 0.049359 -0.007980 0.937000 0.049974 -0.001603 0.937000 0.049769 0.004801 0.937000 0.048746 0.011126 0.937000 0.046923 0.017268 0.937000 0.044330 0.023127 0.937000 0.041009 0.028606 0.937000 0.037014 0.033615 0.937000 0.032411 0.038072 0.937000 0.027277 0.041904 0.937000 0.021694 0.045048 0.937000 0.015755 0.047453 0.937000 0.009558 0.049078 0.937000 0.003204 0.049897 0.937000 -0.003204 0.049897 0.937000 -0.009558 0.049078 0.937000 -0.015755 0.047453 0.937000 -0.021694 0.045048 0.937000 -0.027277 0.041904 0.937000 -0.032411 0.038072 0.937000 -0.037014 0.033615 0.937000 -0.041009 0.028606 0.937000 -0.044330 0.023127 0.937000 -0.046923 0.017268 0.937000 -0.048746 0.011126 0.937000 -0.049769 0.004801 0.937000 -0.049974 -0.001603 0.937000 -0.049359 -0.007980 0.937000 -0.047933 -0.014226 0.937000 -0.045721 -0.020239 0.937000 -0.042757 -0.025920 0.937000 -0.039092 -0.031174 0.937000 -0.034784 -0.035917 0.937000 -0.029906 -0.040071 0.937000 -0.024536 -0.043566 0.937000 -0.018763 -0.046346 0.937000 -0.012683 -0.048365 0.937000 -0.006394 -0.049590 0.937000 0.063218 -0.005500 0.937000 0.064641 -0.005313 0.937000 0.065968 -0.004763 0.937000 0.067107 -0.003889 0.937000 0.067981 -0.002750 0.937000 0.068530 -0.001424 0.937000 0.068718 -0.000000 0.937000 0.068530 0.001424 0.937000 0.067981 0.002750 0.937000 0.067107 0.003889 0.937000 0.065968 0.004763 0.937000 0.064641 0.005313 0.937000 0.063218 0.005500 0.937000 0.061794 0.005313 0.937000 0.060468 0.004763 0.937000 0.059329 0.003889 0.937000 0.058455 0.002750 0.937000 0.057905 0.001424 0.937000 0.057718 -0.000000 0.937000 0.057905 -0.001424 0.937000 0.058455 -0.002750 0.937000 0.059329 -0.003889 0.937000 0.060468 -0.004763 0.937000 0.061794 -0.005313 0.937000 0.031609 0.049248 0.937000 0.033032 0.049436 0.937000 0.034359 0.049985 0.937000 0.035498 0.050859 0.937000 0.036372 0.051998 0.937000 0.036921 0.053325 0.937000 0.037109 0.054748 0.937000 0.036921 0.056172 0.937000 0.036372 0.057498 0.937000 0.035498 0.058637 0.937000 0.034359 0.059511 0.937000 0.033032 0.060061 0.937000 0.031609 0.060248 0.937000 0.030185 0.060061 0.937000 0.028859 0.059511 0.937000 0.027720 0.058637 0.937000 0.026846 0.057498 0.937000 0.026296 0.056172 0.937000 0.026109 0.054748 0.937000 0.026296 0.053325 0.937000 0.026846 0.051998 0.937000 0.027720 0.050859 0.937000 0.028859 0.049985 0.937000 0.030185 0.049436 0.937000 -0.031609 0.049248 0.937000 -0.030185 0.049436 0.937000 -0.028859 0.049985 0.937000 -0.027720 0.050859 0.937000 -0.026846 0.051998 0.937000 -0.026296 0.053325 0.937000 -0.026109 0.054748 0.937000 -0.026296 0.056172 0.937000 -0.026846 0.057498 0.937000 -0.027720 0.058637 0.937000 -0.028859 0.059511 0.937000 -0.030185 0.060061 0.937000 -0.031609 0.060248 0.937000 -0.033032 0.060061 0.937000 -0.034359 0.059511 0.937000 -0.035498 0.058637 0.937000 -0.036372 0.057498 0.937000 -0.036921 0.056172 0.937000 -0.037109 0.054748 0.937000 -0.036921 0.053325 0.937000 -0.036372 0.051998 0.937000 -0.035498 0.050859 0.937000 -0.034359 0.049985 0.937000 -0.033032 0.049436 0.937000 -0.063218 -0.005500 0.937000 -0.061794 -0.005313 0.937000 -0.060468 -0.004763 0.937000 -0.059329 -0.003889 0.937000 -0.058455 -0.002750 0.937000 -0.057905 -0.001424 0.937000 -0.057718 -0.000000 0.937000 -0.057905 0.001424 0.937000 -0.058455 0.002750 0.937000 -0.059329 0.003889 0.937000 -0.060468 0.004763 0.937000 -0.061794 0.005313 0.937000 -0.063218 0.005500 0.937000 -0.064641 0.005313 0.937000 -0.065968 0.004763 0.937000 -0.067107 0.003889 0.937000 -0.067981 0.002750 0.937000 -0.068530 0.001424 0.937000 -0.068718 -0.000000 0.937000 -0.068530 -0.001424 0.937000 -0.067981 -0.002750 0.937000 -0.067107 -0.003889 0.937000 -0.065968 -0.004763 0.937000 -0.064641 -0.005313 0.937000 -0.031609 -0.060248 0.937000 -0.030185 -0.060061 0.937000 -0.028859 -0.059511 0.937000 -0.027720 -0.058637 0.937000 -0.026846 -0.057498 0.937000 -0.026296 -0.056172 0.937000 -0.026109 -0.054748 0.937000 -0.026296 -0.053325 0.937000 -0.026846 -0.051998 0.937000 -0.027720 -0.050859 0.937000 -0.028859 -0.049985 0.937000 -0.030185 -0.049436 0.937000 -0.031609 -0.049248 0.937000 -0.033032 -0.049436 0.937000 -0.034359 -0.049985 0.937000 -0.035498 -0.050859 0.937000 -0.036372 -0.051998 0.937000 -0.036921 -0.053325 0.937000 -0.037109 -0.054748 0.937000 -0.036921 -0.056172 0.937000 -0.036372 -0.057498 0.937000 -0.035498 -0.058637 0.937000 -0.034359 -0.059511 0.937000 -0.033032 -0.060061 0.937000 0.031609 -0.060248 0.937000 0.033032 -0.060061 0.937000 0.034359 -0.059511 0.937000 0.035498 -0.058637 0.937000 0.036372 -0.057498 0.937000 0.036921 -0.056172 0.937000 0.037109 -0.054748 0.937000 0.036921 -0.053325 0.937000 0.036372 -0.051998 0.937000 0.035498 -0.050859 0.937000 0.034359 -0.049985 0.937000 0.033032 -0.049436 0.937000 0.031609 -0.049248 0.937000 0.030185 -0.049436 0.937000 0.028859 -0.049985 0.937000 0.027720 -0.050859 0.937000 0.026846 -0.051998 0.937000 0.026296 -0.053325 0.937000 0.026109 -0.054748 0.937000 0.026296 -0.056172 0.937000 0.026846 -0.057498 0.937000 0.027720 -0.058637 0.937000 0.028859 -0.059511 0.937000 0.030185 -0.060061 0.952000 0.000000 -0.074000 0.952000 -0.007735 -0.073595 0.952000 -0.015385 -0.072383 0.952000 -0.022867 -0.070378 0.952000 -0.030099 -0.067602 0.952000 -0.037000 -0.064086 0.952000 -0.043496 -0.059867 0.952000 -0.049516 -0.054993 0.952000 -0.054993 -0.049516 0.952000 -0.059867 -0.043496 0.952000 -0.064086 -0.037000 0.952000 -0.067602 -0.030099 0.952000 -0.070378 -0.022867 0.952000 -0.072383 -0.015385 0.952000 -0.073595 -0.007735 0.952000 -0.074000 -0.000000 0.952000 -0.073595 0.007735 0.952000 -0.072383 0.015385 0.952000 -0.070378 0.022867 0.952000 -0.067602 0.030099 0.952000 -0.064086 0.037000 0.952000 -0.059867 0.043496 0.952000 -0.054993 0.049516 0.952000 -0.049516 0.054993 0.952000 -0.043496 0.059867 0.952000 -0.037000 0.064086 0.952000 -0.030099 0.067602 0.952000 -0.022867 0.070378 0.952000 -0.015385 0.072383 0.952000 -0.007735 0.073595 0.952000 -0.000000 0.074000 0.952000 0.007735 0.073595 0.952000 0.015385 0.072383 0.952000 0.022867 0.070378 0.952000 0.030099 0.067602 0.952000 0.037000 0.064086 0.952000 0.043496 0.059867 0.952000 0.049516 0.054993 0.952000 0.054993 0.049516 0.952000 0.059867 0.043496 0.952000 0.064086 0.037000 0.952000 0.067602 0.030099 0.952000 0.070378 0.022867 0.952000 0.072383 0.015385 0.952000 0.073595 0.007735 0.952000 0.074000 -0.000000 0.952000 0.073595 -0.007735 0.952000 0.072383 -0.015385 0.952000 0.070378 -0.022867 0.952000 0.067602 -0.030099 0.952000 0.064086 -0.037000 0.952000 0.059867 -0.043496 0.952000 0.054993 -0.049516 0.952000 0.049516 -0.054993 0.952000 0.043496 -0.059867 0.952000 0.037000 -0.064086 0.952000 0.030099 -0.067602 0.952000 0.022867 -0.070378 0.952000 0.015385 -0.072383 0.952000 0.007735 -0.073595 0.952000 0.063218 -0.005500 0.952000 0.061794 -0.005313 0.952000 0.060468 -0.004763 0.952000 0.059329 -0.003889 0.952000 0.058455 -0.002750 0.952000 0.057905 -0.001424 0.952000 0.057718 -0.000000 0.952000 0.057905 0.001424 0.952000 0.058455 0.002750 0.952000 0.059329 0.003889 0.952000 0.060468 0.004763 0.952000 0.061794 0.005313 0.952000 0.063218 0.005500 0.952000 0.064641 0.005313 0.952000 0.065968 0.004763 0.952000 0.067107 0.003889 0.952000 0.067981 0.002750 0.952000 0.068530 0.001424 0.952000 0.068718 -0.000000 0.952000 0.068530 -0.001424 0.952000 0.067981 -0.002750 0.952000 0.067107 -0.003889 0.952000 0.065968 -0.004763 0.952000 0.064641 -0.005313 0.952000 0.031609 0.049248 0.952000 0.030185 0.049436 0.952000 0.028859 0.049985 0.952000 0.027720 0.050859 0.952000 0.026846 0.051998 0.952000 0.026296 0.053325 0.952000 0.026109 0.054748 0.952000 0.026296 0.056172 0.952000 0.026846 0.057498 0.952000 0.027720 0.058637 0.952000 0.028859 0.059511 0.952000 0.030185 0.060061 0.952000 0.031609 0.060248 0.952000 0.033032 0.060061 0.952000 0.034359 0.059511 0.952000 0.035498 0.058637 0.952000 0.036372 0.057498 0.952000 0.036921 0.056172 0.952000 0.037109 0.054748 0.952000 0.036921 0.053325 0.952000 0.036372 0.051998 0.952000 0.035498 0.050859 0.952000 0.034359 0.049985 0.952000 0.033032 0.049436 0.952000 -0.031609 0.049248 0.952000 -0.033032 0.049436 0.952000 -0.034359 0.049985 0.952000 -0.035498 0.050859 0.952000 -0.036372 0.051998 0.952000 -0.036921 0.053325 0.952000 -0.037109 0.054748 0.952000 -0.036921 0.056172 0.952000 -0.036372 0.057498 0.952000 -0.035498 0.058637 0.952000 -0.034359 0.059511 0.952000 -0.033032 0.060061 0.952000 -0.031609 0.060248 0.952000 -0.030185 0.060061 0.952000 -0.028859 0.059511 0.952000 -0.027720 0.058637 0.952000 -0.026846 0.057498 0.952000 -0.026296 0.056172 0.952000 -0.026109 0.054748 0.952000 -0.026296 0.053325 0.952000 -0.026846 0.051998 0.952000 -0.027720 0.050859 0.952000 -0.028859 0.049985 0.952000 -0.030185 0.049436 0.952000 -0.063218 -0.005500 0.952000 -0.064641 -0.005313 0.952000 -0.065968 -0.004763 0.952000 -0.067107 -0.003889 0.952000 -0.067981 -0.002750 0.952000 -0.068530 -0.001424 0.952000 -0.068718 -0.000000 0.952000 -0.068530 0.001424 0.952000 -0.067981 0.002750 0.952000 -0.067107 0.003889 0.952000 -0.065968 0.004763 0.952000 -0.064641 0.005313 0.952000 -0.063218 0.005500 0.952000 -0.061794 0.005313 0.952000 -0.060468 0.004763 0.952000 -0.059329 0.003889 0.952000 -0.058455 0.002750 0.952000 -0.057905 0.001424 0.952000 -0.057718 -0.000000 0.952000 -0.057905 -0.001424 0.952000 -0.058455 -0.002750 0.952000 -0.059329 -0.003889 0.952000 -0.060468 -0.004763 0.952000 -0.061794 -0.005313 0.952000 -0.031609 -0.060248 0.952000 -0.033032 -0.060061 0.952000 -0.034359 -0.059511 0.952000 -0.035498 -0.058637 0.952000 -0.036372 -0.057498 0.952000 -0.036921 -0.056172 0.952000 -0.037109 -0.054748 0.952000 -0.036921 -0.053325 0.952000 -0.036372 -0.051998 0.952000 -0.035498 -0.050859 0.952000 -0.034359 -0.049985 0.952000 -0.033032 -0.049436 0.952000 -0.031609 -0.049248 0.952000 -0.030185 -0.049436 0.952000 -0.028859 -0.049985 0.952000 -0.027720 -0.050859 0.952000 -0.026846 -0.051998 0.952000 -0.026296 -0.053325 0.952000 -0.026109 -0.054748 0.952000 -0.026296 -0.056172 0.952000 -0.026846 -0.057498 0.952000 -0.027720 -0.058637 0.952000 -0.028859 -0.059511 0.952000 -0.030185 -0.060061 0.952000 0.031609 -0.060248 0.952000 0.030185 -0.060061 0.952000 0.028859 -0.059511 0.952000 0.027720 -0.058637 0.952000 0.026846 -0.057498 0.952000 0.026296 -0.056172 0.952000 0.026109 -0.054748 0.952000 0.026296 -0.053325 0.952000 0.026846 -0.051998 0.952000 0.027720 -0.050859 0.952000 0.028859 -0.049985 0.952000 0.030185 -0.049436 0.952000 0.031609 -0.049248 0.952000 0.033032 -0.049436 0.952000 0.034359 -0.049985 0.952000 0.035498 -0.050859 0.952000 0.036372 -0.051998 0.952000 0.036921 -0.053325 0.952000 0.037109 -0.054748 0.952000 0.036921 -0.056172 0.952000 0.036372 -0.057498 0.952000 0.035498 -0.058637 0.952000 0.034359 -0.059511 0.952000 0.033032 -0.060061 0.933294 -0.000000 0.045170 0.934500 -0.000000 0.045670 0.935536 -0.000000 0.046464 0.936330 -0.000000 0.047500 0.936830 -0.000000 0.048706 0.933294 -0.029954 0.033811 0.936830 -0.040084 0.027668 0.933294 -0.043858 -0.010810 0.933294 0.043858 -0.010810 0.936830 0.040084 0.027668 0.933294 0.029954 0.033811 0.933294 0.005445 -0.044841 0.934500 0.005505 -0.045337 0.935536 0.005601 -0.046126 0.936330 0.005725 -0.047154 0.936830 0.005871 -0.048351 0.936830 0.000000 -0.048706 0.936330 0.000000 -0.047500 0.935536 0.000000 -0.046464 0.934500 0.000000 -0.045670 0.933294 0.000000 -0.045170 0.933294 0.010810 -0.043858 0.934500 0.010930 -0.044343 0.935536 0.011120 -0.045114 0.936330 0.011367 -0.046120 0.936830 0.011656 -0.047291 0.933294 0.016018 -0.042235 0.934500 0.016195 -0.042702 0.935536 0.016477 -0.043445 0.936330 0.016844 -0.044413 0.936830 0.017271 -0.045541 0.933294 0.020992 -0.039996 0.934500 0.021224 -0.040439 0.935536 0.021593 -0.041142 0.936330 0.022074 -0.042059 0.936830 0.022635 -0.043127 0.933294 0.025660 -0.037174 0.934500 0.025943 -0.037586 0.935536 0.026395 -0.038240 0.936330 0.026983 -0.039092 0.936830 0.027668 -0.040084 0.933294 0.029954 -0.033811 0.934500 0.030285 -0.034184 0.935536 0.030812 -0.034779 0.936330 0.031498 -0.035554 0.936830 0.032298 -0.036457 0.933294 0.033811 -0.029954 0.934500 0.034184 -0.030285 0.935536 0.034779 -0.030812 0.936330 0.035554 -0.031498 0.936830 0.036457 -0.032298 0.933294 0.037174 -0.025660 0.934500 0.037586 -0.025943 0.935536 0.038240 -0.026395 0.936330 0.039092 -0.026983 0.936830 0.040084 -0.027668 0.933294 0.039996 -0.020992 0.934500 0.040439 -0.021224 0.935536 0.041142 -0.021593 0.936330 0.042059 -0.022074 0.936830 0.043127 -0.022635 0.933294 0.042235 -0.016018 0.934500 0.042702 -0.016195 0.935536 0.043445 -0.016477 0.936330 0.044413 -0.016844 0.936830 0.045541 -0.017271 0.933294 0.044841 -0.005445 0.934500 0.045337 -0.005505 0.935536 0.046126 -0.005601 0.936330 0.047154 -0.005725 0.936830 0.048351 -0.005871 0.936830 0.047291 -0.011656 0.936330 0.046120 -0.011367 0.935536 0.045114 -0.011120 0.934500 0.044343 -0.010930 0.933294 0.045170 -0.000000 0.934500 0.045670 -0.000000 0.935536 0.046464 -0.000000 0.936330 0.047500 -0.000000 0.936830 0.048706 -0.000000 0.933294 0.044841 0.005445 0.934500 0.045337 0.005505 0.935536 0.046126 0.005601 0.936330 0.047154 0.005725 0.936830 0.048351 0.005871 0.933294 0.043858 0.010810 0.934500 0.044343 0.010930 0.935536 0.045114 0.011120 0.936330 0.046120 0.011367 0.936830 0.047291 0.011656 0.933294 0.042235 0.016018 0.934500 0.042702 0.016195 0.935536 0.043445 0.016477 0.936330 0.044413 0.016844 0.936830 0.045541 0.017271 0.933294 0.039996 0.020992 0.934500 0.040439 0.021224 0.935536 0.041142 0.021593 0.936330 0.042059 0.022074 0.936830 0.043127 0.022635 0.933294 0.037174 0.025660 0.934500 0.037586 0.025943 0.935536 0.038240 0.026395 0.936330 0.039092 0.026983 0.933294 0.033811 0.029954 0.934500 0.034184 0.030285 0.935536 0.034779 0.030812 0.936330 0.035554 0.031498 0.936830 0.036457 0.032298 0.934500 0.030285 0.034184 0.935536 0.030812 0.034779 0.936330 0.031498 0.035554 0.936830 0.032298 0.036457 0.933294 0.020992 0.039996 0.934500 0.021224 0.040439 0.935536 0.021593 0.041142 0.936330 0.022074 0.042059 0.936830 0.022635 0.043127 0.936830 0.027668 0.040084 0.936330 0.026983 0.039092 0.935536 0.026395 0.038240 0.934500 0.025943 0.037586 0.933294 0.025660 0.037174 0.933294 0.016018 0.042235 0.934500 0.016195 0.042702 0.935536 0.016477 0.043445 0.936330 0.016844 0.044413 0.936830 0.017271 0.045541 0.933294 0.010810 0.043858 0.934500 0.010930 0.044343 0.935536 0.011120 0.045114 0.936330 0.011367 0.046120 0.936830 0.011656 0.047291 0.933294 0.005445 0.044841 0.934500 0.005505 0.045337 0.935536 0.005601 0.046126 0.936330 0.005725 0.047154 0.936830 0.005871 0.048351 0.933294 -0.005445 0.044841 0.934500 -0.005505 0.045337 0.935536 -0.005601 0.046126 0.936330 -0.005725 0.047154 0.936830 -0.005871 0.048351 0.933294 -0.010810 0.043858 0.934500 -0.010930 0.044343 0.935536 -0.011120 0.045114 0.936330 -0.011367 0.046120 0.936830 -0.011656 0.047291 0.933294 -0.016018 0.042235 0.934500 -0.016195 0.042702 0.935536 -0.016477 0.043445 0.936330 -0.016844 0.044413 0.936830 -0.017271 0.045541 0.933294 -0.020992 0.039996 0.934500 -0.021224 0.040439 0.935536 -0.021593 0.041142 0.936330 -0.022074 0.042059 0.936830 -0.022635 0.043127 0.933294 -0.025660 0.037174 0.934500 -0.025943 0.037586 0.935536 -0.026395 0.038240 0.936330 -0.026983 0.039092 0.936830 -0.027668 0.040084 0.933294 -0.033811 0.029954 0.934500 -0.034184 0.030285 0.935536 -0.034779 0.030812 0.936330 -0.035554 0.031498 0.936830 -0.036457 0.032298 0.936830 -0.032298 0.036457 0.936330 -0.031498 0.035554 0.935536 -0.030812 0.034779 0.934500 -0.030285 0.034184 0.933294 -0.037174 0.025660 0.934500 -0.037586 0.025943 0.935536 -0.038240 0.026395 0.936330 -0.039092 0.026983 0.933294 -0.039996 0.020992 0.934500 -0.040439 0.021224 0.935536 -0.041142 0.021593 0.936330 -0.042059 0.022074 0.936830 -0.043127 0.022635 0.933294 -0.042235 0.016018 0.934500 -0.042702 0.016195 0.935536 -0.043445 0.016477 0.936330 -0.044413 0.016844 0.936830 -0.045541 0.017271 0.933294 -0.043858 0.010810 0.934500 -0.044343 0.010930 0.935536 -0.045114 0.011120 0.936330 -0.046120 0.011367 0.936830 -0.047291 0.011656 0.933294 -0.044841 0.005445 0.934500 -0.045337 0.005505 0.935536 -0.046126 0.005601 0.936330 -0.047154 0.005725 0.936830 -0.048351 0.005871 0.933294 -0.045170 -0.000000 0.934500 -0.045670 -0.000000 0.935536 -0.046464 -0.000000 0.936330 -0.047500 -0.000000 0.936830 -0.048706 -0.000000 0.933294 -0.044841 -0.005445 0.934500 -0.045337 -0.005505 0.935536 -0.046126 -0.005601 0.936330 -0.047154 -0.005725 0.936830 -0.048351 -0.005871 0.934500 -0.044343 -0.010930 0.935536 -0.045114 -0.011120 0.936330 -0.046120 -0.011367 0.936830 -0.047291 -0.011656 0.933294 -0.039996 -0.020992 0.934500 -0.040439 -0.021224 0.935536 -0.041142 -0.021593 0.936330 -0.042059 -0.022074 0.936830 -0.043127 -0.022635 0.936830 -0.045541 -0.017271 0.936330 -0.044413 -0.016844 0.935536 -0.043445 -0.016477 0.934500 -0.042702 -0.016195 0.933294 -0.042235 -0.016018 0.933294 -0.037174 -0.025660 0.934500 -0.037586 -0.025943 0.935536 -0.038240 -0.026395 0.936330 -0.039092 -0.026983 0.936830 -0.040084 -0.027668 0.933294 -0.033811 -0.029954 0.934500 -0.034184 -0.030285 0.935536 -0.034779 -0.030812 0.936330 -0.035554 -0.031498 0.936830 -0.036457 -0.032298 0.933294 -0.029954 -0.033811 0.934500 -0.030285 -0.034184 0.935536 -0.030812 -0.034779 0.936330 -0.031498 -0.035554 0.936830 -0.032298 -0.036457 0.933294 -0.025660 -0.037174 0.934500 -0.025943 -0.037586 0.935536 -0.026395 -0.038240 0.936330 -0.026983 -0.039092 0.936830 -0.027668 -0.040084 0.933294 -0.020992 -0.039996 0.934500 -0.021224 -0.040439 0.935536 -0.021593 -0.041142 0.936330 -0.022074 -0.042059 0.936830 -0.022635 -0.043127 0.933294 -0.016018 -0.042235 0.934500 -0.016195 -0.042702 0.935536 -0.016477 -0.043445 0.936330 -0.016844 -0.044413 0.936830 -0.017271 -0.045541 0.933294 -0.010810 -0.043858 0.934500 -0.010930 -0.044343 0.935536 -0.011120 -0.045114 0.936330 -0.011367 -0.046120 0.936830 -0.011656 -0.047291 0.933294 -0.005445 -0.044841 0.934500 -0.005505 -0.045337 0.935536 -0.005601 -0.046126 0.936330 -0.005725 -0.047154 0.936830 -0.005871 -0.048351 1.066000 -0.040000 -0.035000 1.066000 -0.040000 0.035000 0.991000 -0.040000 0.035000 0.966000 -0.040000 0.035000 0.966000 -0.040000 -0.035000 0.991000 -0.040000 -0.035000 0.991000 0.040000 0.035000 1.066000 0.040000 0.035000 1.066000 0.040000 -0.035000 0.991000 0.040000 -0.035000 0.966000 0.040000 -0.035000 0.966000 0.040000 0.035000 1.243928 -0.082084 -0.056000 1.229893 -0.079573 -0.056000 1.215778 -0.077561 -0.056000 1.201600 -0.076049 -0.056000 1.187378 -0.075040 -0.056000 1.173129 -0.074535 -0.056000 1.158871 -0.074535 -0.056000 1.144622 -0.075040 -0.056000 1.130400 -0.076049 -0.056000 1.116222 -0.077561 -0.056000 1.102107 -0.079573 -0.056000 1.088072 -0.082084 -0.056000 1.081317 -0.083608 -0.056000 1.074461 -0.084578 -0.056000 1.067549 -0.084986 -0.056000 1.060626 -0.084830 -0.056000 1.053739 -0.084111 -0.056000 1.046933 -0.082834 -0.056000 1.040254 -0.081007 -0.056000 1.033745 -0.078642 -0.056000 1.027451 -0.075756 -0.056000 1.021413 -0.072367 -0.056000 1.015670 -0.068497 -0.056000 1.010261 -0.064173 -0.056000 1.005223 -0.059423 -0.056000 1.000588 -0.054279 -0.056000 0.996386 -0.048775 -0.056000 0.992647 -0.042946 -0.056000 0.989395 -0.036833 -0.056000 0.986651 -0.030475 -0.056000 0.984434 -0.023915 -0.056000 0.982758 -0.017197 -0.056000 0.981634 -0.010364 -0.056000 0.981071 -0.003462 -0.056000 0.981071 0.003462 -0.056000 0.981634 0.010364 -0.056000 0.982758 0.017197 -0.056000 0.984434 0.023915 -0.056000 0.986651 0.030475 -0.056000 0.989395 0.036833 -0.056000 0.992647 0.042946 -0.056000 0.996386 0.048775 -0.056000 1.000588 0.054279 -0.056000 1.005223 0.059423 -0.056000 1.010261 0.064173 -0.056000 1.015670 0.068497 -0.056000 1.021413 0.072367 -0.056000 1.027451 0.075756 -0.056000 1.033745 0.078642 -0.056000 1.040254 0.081007 -0.056000 1.046933 0.082834 -0.056000 1.053739 0.084111 -0.056000 1.060626 0.084830 -0.056000 1.067549 0.084986 -0.056000 1.074461 0.084578 -0.056000 1.081317 0.083608 -0.056000 1.088072 0.082084 -0.056000 1.102101 0.079515 -0.056000 1.116214 0.077455 -0.056000 1.130391 0.075907 -0.056000 1.144616 0.074875 -0.056000 1.158869 0.074358 -0.056000 1.173131 0.074358 -0.056000 1.187384 0.074875 -0.056000 1.201609 0.075907 -0.056000 1.215786 0.077455 -0.056000 1.229899 0.079515 -0.056000 1.243928 0.082084 -0.056000 1.250683 0.083608 -0.056000 1.257539 0.084578 -0.056000 1.264451 0.084986 -0.056000 1.271374 0.084830 -0.056000 1.278261 0.084111 -0.056000 1.285067 0.082834 -0.056000 1.291746 0.081007 -0.056000 1.298255 0.078642 -0.056000 1.304549 0.075756 -0.056000 1.310587 0.072367 -0.056000 1.316330 0.068497 -0.056000 1.321739 0.064173 -0.056000 1.326777 0.059423 -0.056000 1.331412 0.054279 -0.056000 1.335614 0.048775 -0.056000 1.339353 0.042946 -0.056000 1.342605 0.036833 -0.056000 1.345349 0.030475 -0.056000 1.347566 0.023915 -0.056000 1.349242 0.017197 -0.056000 1.350366 0.010364 -0.056000 1.350929 0.003462 -0.056000 1.350929 -0.003462 -0.056000 1.350366 -0.010364 -0.056000 1.349242 -0.017197 -0.056000 1.347566 -0.023915 -0.056000 1.345349 -0.030475 -0.056000 1.342605 -0.036833 -0.056000 1.339353 -0.042946 -0.056000 1.335614 -0.048775 -0.056000 1.331412 -0.054279 -0.056000 1.326777 -0.059423 -0.056000 1.321739 -0.064173 -0.056000 1.316330 -0.068497 -0.056000 1.310587 -0.072367 -0.056000 1.304549 -0.075756 -0.056000 1.298255 -0.078642 -0.056000 1.291746 -0.081007 -0.056000 1.285067 -0.082834 -0.056000 1.278261 -0.084111 -0.056000 1.271374 -0.084830 -0.056000 1.264451 -0.084986 -0.056000 1.257539 -0.084578 -0.056000 1.250683 -0.083608 -0.056000 1.166000 0.067250 -0.056000 1.164835 0.067097 -0.056000 1.163750 0.066647 -0.056000 1.162818 0.065932 -0.056000 1.162103 0.065000 -0.056000 1.161653 0.063915 -0.056000 1.161500 0.062750 -0.056000 1.161653 0.061585 -0.056000 1.162103 0.060500 -0.056000 1.162818 0.059568 -0.056000 1.163750 0.058853 -0.056000 1.164835 0.058403 -0.056000 1.166000 0.058250 -0.056000 1.167165 0.058403 -0.056000 1.168250 0.058853 -0.056000 1.169182 0.059568 -0.056000 1.169897 0.060500 -0.056000 1.170347 0.061585 -0.056000 1.170500 0.062750 -0.056000 1.170347 0.063915 -0.056000 1.169897 0.065000 -0.056000 1.169182 0.065932 -0.056000 1.168250 0.066647 -0.056000 1.167165 0.067097 -0.056000 1.066000 0.078000 -0.056000 1.064835 0.077847 -0.056000 1.063750 0.077397 -0.056000 1.062818 0.076682 -0.056000 1.062103 0.075750 -0.056000 1.061653 0.074665 -0.056000 1.061500 0.073500 -0.056000 1.061653 0.072335 -0.056000 1.062103 0.071250 -0.056000 1.062818 0.070318 -0.056000 1.063750 0.069603 -0.056000 1.064835 0.069153 -0.056000 1.066000 0.069000 -0.056000 1.067165 0.069153 -0.056000 1.068250 0.069603 -0.056000 1.069182 0.070318 -0.056000 1.069897 0.071250 -0.056000 1.070347 0.072335 -0.056000 1.070500 0.073500 -0.056000 1.070347 0.074665 -0.056000 1.069897 0.075750 -0.056000 1.069182 0.076682 -0.056000 1.068250 0.077397 -0.056000 1.067165 0.077847 -0.056000 1.266000 0.078000 -0.056000 1.264835 0.077847 -0.056000 1.263750 0.077397 -0.056000 1.262818 0.076682 -0.056000 1.262103 0.075750 -0.056000 1.261653 0.074665 -0.056000 1.261500 0.073500 -0.056000 1.261653 0.072335 -0.056000 1.262103 0.071250 -0.056000 1.262818 0.070318 -0.056000 1.263750 0.069603 -0.056000 1.264835 0.069153 -0.056000 1.266000 0.069000 -0.056000 1.267165 0.069153 -0.056000 1.268250 0.069603 -0.056000 1.269182 0.070318 -0.056000 1.269897 0.071250 -0.056000 1.270347 0.072335 -0.056000 1.270500 0.073500 -0.056000 1.270347 0.074665 -0.056000 1.269897 0.075750 -0.056000 1.269182 0.076682 -0.056000 1.268250 0.077397 -0.056000 1.267165 0.077847 -0.056000 1.266000 -0.069000 -0.056000 1.264835 -0.069153 -0.056000 1.263750 -0.069603 -0.056000 1.262818 -0.070318 -0.056000 1.262103 -0.071250 -0.056000 1.261653 -0.072335 -0.056000 1.261500 -0.073500 -0.056000 1.261653 -0.074665 -0.056000 1.262103 -0.075750 -0.056000 1.262818 -0.076682 -0.056000 1.263750 -0.077397 -0.056000 1.264835 -0.077847 -0.056000 1.266000 -0.078000 -0.056000 1.267165 -0.077847 -0.056000 1.268250 -0.077397 -0.056000 1.269182 -0.076682 -0.056000 1.269897 -0.075750 -0.056000 1.270347 -0.074665 -0.056000 1.270500 -0.073500 -0.056000 1.270347 -0.072335 -0.056000 1.269897 -0.071250 -0.056000 1.269182 -0.070318 -0.056000 1.268250 -0.069603 -0.056000 1.267165 -0.069153 -0.056000 1.339500 0.004500 -0.056000 1.338335 0.004347 -0.056000 1.337250 0.003897 -0.056000 1.336318 0.003182 -0.056000 1.335603 0.002250 -0.056000 1.335153 0.001165 -0.056000 1.335000 0.000000 -0.056000 1.335153 -0.001165 -0.056000 1.335603 -0.002250 -0.056000 1.336318 -0.003182 -0.056000 1.337250 -0.003897 -0.056000 1.338335 -0.004347 -0.056000 1.339500 -0.004500 -0.056000 1.340665 -0.004347 -0.056000 1.341750 -0.003897 -0.056000 1.342682 -0.003182 -0.056000 1.343397 -0.002250 -0.056000 1.343847 -0.001165 -0.056000 1.344000 0.000000 -0.056000 1.343847 0.001165 -0.056000 1.343397 0.002250 -0.056000 1.342682 0.003182 -0.056000 1.341750 0.003897 -0.056000 1.340665 0.004347 -0.056000 0.992500 0.004500 -0.056000 0.991335 0.004347 -0.056000 0.990250 0.003897 -0.056000 0.989318 0.003182 -0.056000 0.988603 0.002250 -0.056000 0.988153 0.001165 -0.056000 0.988000 0.000000 -0.056000 0.988153 -0.001165 -0.056000 0.988603 -0.002250 -0.056000 0.989318 -0.003182 -0.056000 0.990250 -0.003897 -0.056000 0.991335 -0.004347 -0.056000 0.992500 -0.004500 -0.056000 0.993665 -0.004347 -0.056000 0.994750 -0.003897 -0.056000 0.995682 -0.003182 -0.056000 0.996397 -0.002250 -0.056000 0.996847 -0.001165 -0.056000 0.997000 0.000000 -0.056000 0.996847 0.001165 -0.056000 0.996397 0.002250 -0.056000 0.995682 0.003182 -0.056000 0.994750 0.003897 -0.056000 0.993665 0.004347 -0.056000 1.066000 -0.069000 -0.056000 1.064835 -0.069153 -0.056000 1.063750 -0.069603 -0.056000 1.062818 -0.070318 -0.056000 1.062103 -0.071250 -0.056000 1.061653 -0.072335 -0.056000 1.061500 -0.073500 -0.056000 1.061653 -0.074665 -0.056000 1.062103 -0.075750 -0.056000 1.062818 -0.076682 -0.056000 1.063750 -0.077397 -0.056000 1.064835 -0.077847 -0.056000 1.066000 -0.078000 -0.056000 1.067165 -0.077847 -0.056000 1.068250 -0.077397 -0.056000 1.069182 -0.076682 -0.056000 1.069897 -0.075750 -0.056000 1.070347 -0.074665 -0.056000 1.070500 -0.073500 -0.056000 1.070347 -0.072335 -0.056000 1.069897 -0.071250 -0.056000 1.069182 -0.070318 -0.056000 1.068250 -0.069603 -0.056000 1.067165 -0.069153 -0.056000 1.082100 0.059873 -0.056000 1.076256 0.061146 -0.056000 1.070317 0.061850 -0.056000 1.064338 0.061978 -0.056000 1.058374 0.061529 -0.056000 1.052481 0.060508 -0.056000 1.046714 0.058924 -0.056000 1.041127 0.056792 -0.056000 1.035771 0.054131 -0.056000 1.030696 0.050967 -0.056000 1.025949 0.047328 -0.056000 1.021576 0.043249 -0.056000 1.017615 0.038768 -0.056000 1.014105 0.033925 -0.056000 1.011078 0.028767 -0.056000 1.008562 0.023342 -0.056000 1.006580 0.017699 -0.056000 1.005151 0.011892 -0.056000 1.004288 0.005974 -0.056000 1.004000 0.000000 -0.056000 1.004288 -0.005974 -0.056000 1.005151 -0.011892 -0.056000 1.006580 -0.017699 -0.056000 1.008562 -0.023342 -0.056000 1.011078 -0.028767 -0.056000 1.014105 -0.033925 -0.056000 1.017615 -0.038768 -0.056000 1.021576 -0.043249 -0.056000 1.025949 -0.047328 -0.056000 1.030696 -0.050967 -0.056000 1.035771 -0.054131 -0.056000 1.041127 -0.056792 -0.056000 1.046714 -0.058924 -0.056000 1.052481 -0.060508 -0.056000 1.058374 -0.061529 -0.056000 1.064338 -0.061978 -0.056000 1.070317 -0.061850 -0.056000 1.076256 -0.061146 -0.056000 1.082100 -0.059873 -0.056000 1.097189 -0.056970 -0.056000 1.112377 -0.054642 -0.056000 1.127642 -0.052894 -0.056000 1.142963 -0.051726 -0.056000 1.158317 -0.051142 -0.056000 1.173683 -0.051142 -0.056000 1.189037 -0.051726 -0.056000 1.204358 -0.052894 -0.056000 1.219623 -0.054642 -0.056000 1.234811 -0.056970 -0.056000 1.249900 -0.059873 -0.056000 1.255744 -0.061146 -0.056000 1.261683 -0.061850 -0.056000 1.267662 -0.061978 -0.056000 1.273626 -0.061529 -0.056000 1.279519 -0.060508 -0.056000 1.285286 -0.058924 -0.056000 1.290873 -0.056792 -0.056000 1.296229 -0.054131 -0.056000 1.301304 -0.050967 -0.056000 1.306051 -0.047328 -0.056000 1.310424 -0.043249 -0.056000 1.314385 -0.038768 -0.056000 1.317895 -0.033925 -0.056000 1.320922 -0.028767 -0.056000 1.323438 -0.023342 -0.056000 1.325420 -0.017699 -0.056000 1.326849 -0.011892 -0.056000 1.327712 -0.005974 -0.056000 1.328000 0.000000 -0.056000 1.327712 0.005974 -0.056000 1.326849 0.011892 -0.056000 1.325420 0.017699 -0.056000 1.323438 0.023342 -0.056000 1.320922 0.028767 -0.056000 1.317895 0.033925 -0.056000 1.314385 0.038768 -0.056000 1.310424 0.043249 -0.056000 1.306051 0.047328 -0.056000 1.301304 0.050967 -0.056000 1.296229 0.054131 -0.056000 1.290873 0.056792 -0.056000 1.285286 0.058924 -0.056000 1.279519 0.060508 -0.056000 1.273626 0.061529 -0.056000 1.267662 0.061978 -0.056000 1.261683 0.061850 -0.056000 1.255744 0.061146 -0.056000 1.249900 0.059873 -0.056000 1.234796 0.057112 -0.056000 1.219601 0.054899 -0.056000 1.204337 0.053237 -0.056000 1.189022 0.052127 -0.056000 1.173677 0.051572 -0.056000 1.158323 0.051572 -0.056000 1.142978 0.052127 -0.056000 1.127663 0.053237 -0.056000 1.112399 0.054899 -0.056000 1.097204 0.057112 -0.056000 0.966000 0.000000 -0.080023 0.966000 0.006786 -0.079734 0.966000 0.013524 -0.078872 0.966000 0.020164 -0.077441 0.966000 0.026659 -0.075452 0.966000 0.032961 -0.072919 0.966000 0.039027 -0.069861 0.966000 0.044811 -0.066300 0.966000 0.050272 -0.062260 0.966000 0.055371 -0.057773 0.966000 0.060071 -0.052869 0.966000 0.064338 -0.047584 0.966000 0.068142 -0.041956 0.966000 0.071454 -0.036026 0.966000 0.074252 -0.029837 0.966000 0.076515 -0.023432 0.966000 0.078227 -0.016859 0.966000 0.079374 -0.010164 0.966000 0.079951 -0.003396 0.966000 0.079951 0.003396 0.966000 0.079374 0.010164 0.966000 0.078227 0.016859 0.966000 0.076515 0.023432 0.966000 0.074252 0.029837 0.966000 0.071454 0.036026 0.966000 0.068142 0.041956 0.966000 0.064338 0.047584 0.966000 0.060071 0.052869 0.966000 0.055371 0.057773 0.966000 0.050272 0.062260 0.966000 0.044811 0.066300 0.966000 0.039027 0.069861 0.966000 0.032961 0.072919 0.966000 0.026659 0.075452 0.966000 0.020164 0.077441 0.966000 0.013524 0.078872 0.966000 0.006786 0.079734 0.966000 0.000000 0.080023 0.966000 -0.006786 0.079734 0.966000 -0.013524 0.078872 0.966000 -0.020164 0.077441 0.966000 -0.026659 0.075452 0.966000 -0.032961 0.072919 0.966000 -0.039027 0.069861 0.966000 -0.044811 0.066300 0.966000 -0.050272 0.062260 0.966000 -0.055371 0.057773 0.966000 -0.060071 0.052869 0.966000 -0.064338 0.047584 0.966000 -0.068142 0.041956 0.966000 -0.071454 0.036026 0.966000 -0.074252 0.029837 0.966000 -0.076515 0.023432 0.966000 -0.078227 0.016859 0.966000 -0.079374 0.010164 0.966000 -0.079951 0.003396 0.966000 -0.079951 -0.003396 0.966000 -0.079374 -0.010164 0.966000 -0.078227 -0.016859 0.966000 -0.076515 -0.023432 0.966000 -0.074252 -0.029837 0.966000 -0.071454 -0.036026 0.966000 -0.068142 -0.041956 0.966000 -0.064338 -0.047584 0.966000 -0.060071 -0.052869 0.966000 -0.055371 -0.057773 0.966000 -0.050272 -0.062260 0.966000 -0.044811 -0.066300 0.966000 -0.039027 -0.069861 0.966000 -0.032961 -0.072919 0.966000 -0.026659 -0.075452 0.966000 -0.020164 -0.077441 0.966000 -0.013524 -0.078872 0.966000 -0.006786 -0.079734 0.966000 0.033000 -0.063026 0.966000 0.031481 -0.062826 0.966000 0.030066 -0.062240 0.966000 0.028850 -0.061307 0.966000 0.027918 -0.060092 0.966000 0.027332 -0.058677 0.966000 0.027132 -0.057158 0.966000 0.027332 -0.055639 0.966000 0.027918 -0.054224 0.966000 0.028850 -0.053008 0.966000 0.030066 -0.052076 0.966000 0.031481 -0.051489 0.966000 0.033000 -0.051289 0.966000 0.034519 -0.051489 0.966000 0.035934 -0.052076 0.966000 0.037150 -0.053008 0.966000 0.038082 -0.054224 0.966000 0.038668 -0.055639 0.966000 0.038868 -0.057158 0.966000 0.038668 -0.058677 0.966000 0.038082 -0.060092 0.966000 0.037150 -0.061307 0.966000 0.035934 -0.062240 0.966000 0.034519 -0.062826 0.966000 -0.066000 -0.005868 0.966000 -0.067519 -0.005668 0.966000 -0.068934 -0.005082 0.966000 -0.070150 -0.004150 0.966000 -0.071082 -0.002934 0.966000 -0.071668 -0.001519 0.966000 -0.071868 -0.000000 0.966000 -0.071668 0.001519 0.966000 -0.071082 0.002934 0.966000 -0.070150 0.004150 0.966000 -0.068934 0.005082 0.966000 -0.067519 0.005668 0.966000 -0.066000 0.005868 0.966000 -0.064481 0.005668 0.966000 -0.063066 0.005082 0.966000 -0.061850 0.004150 0.966000 -0.060918 0.002934 0.966000 -0.060332 0.001519 0.966000 -0.060132 -0.000000 0.966000 -0.060332 -0.001519 0.966000 -0.060918 -0.002934 0.966000 -0.061850 -0.004150 0.966000 -0.063066 -0.005082 0.966000 -0.064481 -0.005668 0.966000 0.033000 0.051289 0.966000 0.031481 0.051489 0.966000 0.030066 0.052076 0.966000 0.028850 0.053008 0.966000 0.027918 0.054224 0.966000 0.027332 0.055639 0.966000 0.027132 0.057158 0.966000 0.027332 0.058677 0.966000 0.027918 0.060092 0.966000 0.028850 0.061307 0.966000 0.030066 0.062240 0.966000 0.031481 0.062826 0.966000 0.033000 0.063026 0.966000 0.034519 0.062826 0.966000 0.035934 0.062240 0.966000 0.037150 0.061307 0.966000 0.038082 0.060092 0.966000 0.038668 0.058677 0.966000 0.038868 0.057158 0.966000 0.038668 0.055639 0.966000 0.038082 0.054224 0.966000 0.037150 0.053008 0.966000 0.035934 0.052076 0.966000 0.034519 0.051489 0.966000 -0.033000 0.051289 0.966000 -0.034519 0.051489 0.966000 -0.035934 0.052076 0.966000 -0.037150 0.053008 0.966000 -0.038082 0.054224 0.966000 -0.038668 0.055639 0.966000 -0.038868 0.057158 0.966000 -0.038668 0.058677 0.966000 -0.038082 0.060092 0.966000 -0.037150 0.061307 0.966000 -0.035934 0.062240 0.966000 -0.034519 0.062826 0.966000 -0.033000 0.063026 0.966000 -0.031481 0.062826 0.966000 -0.030066 0.062240 0.966000 -0.028850 0.061307 0.966000 -0.027918 0.060092 0.966000 -0.027332 0.058677 0.966000 -0.027132 0.057158 0.966000 -0.027332 0.055639 0.966000 -0.027918 0.054224 0.966000 -0.028850 0.053008 0.966000 -0.030066 0.052076 0.966000 -0.031481 0.051489 0.966000 -0.033000 -0.063026 0.966000 -0.034519 -0.062826 0.966000 -0.035934 -0.062240 0.966000 -0.037150 -0.061307 0.966000 -0.038082 -0.060092 0.966000 -0.038668 -0.058677 0.966000 -0.038868 -0.057158 0.966000 -0.038668 -0.055639 0.966000 -0.038082 -0.054224 0.966000 -0.037150 -0.053008 0.966000 -0.035934 -0.052076 0.966000 -0.034519 -0.051489 0.966000 -0.033000 -0.051289 0.966000 -0.031481 -0.051489 0.966000 -0.030066 -0.052076 0.966000 -0.028850 -0.053008 0.966000 -0.027918 -0.054224 0.966000 -0.027332 -0.055639 0.966000 -0.027132 -0.057158 0.966000 -0.027332 -0.058677 0.966000 -0.027918 -0.060092 0.966000 -0.028850 -0.061307 0.966000 -0.030066 -0.062240 0.966000 -0.031481 -0.062826 0.966000 0.066000 -0.005868 0.966000 0.064481 -0.005668 0.966000 0.063066 -0.005082 0.966000 0.061850 -0.004150 0.966000 0.060918 -0.002934 0.966000 0.060332 -0.001519 0.966000 0.060132 -0.000000 0.966000 0.060332 0.001519 0.966000 0.060918 0.002934 0.966000 0.061850 0.004150 0.966000 0.063066 0.005082 0.966000 0.064481 0.005668 0.966000 0.066000 0.005868 0.966000 0.067519 0.005668 0.966000 0.068934 0.005082 0.966000 0.070150 0.004150 0.966000 0.071082 0.002934 0.966000 0.071668 0.001519 0.966000 0.071868 -0.000000 0.966000 0.071668 -0.001519 0.966000 0.071082 -0.002934 0.966000 0.070150 -0.004150 0.966000 0.068934 -0.005082 0.966000 0.067519 -0.005668 0.951000 0.000000 -0.080023 0.951000 -0.006786 -0.079734 0.951000 -0.013524 -0.078872 0.951000 -0.020164 -0.077441 0.951000 -0.026659 -0.075452 0.951000 -0.032961 -0.072919 0.951000 -0.039027 -0.069861 0.951000 -0.044811 -0.066300 0.951000 -0.050272 -0.062260 0.951000 -0.055371 -0.057773 0.951000 -0.060071 -0.052869 0.951000 -0.064338 -0.047584 0.951000 -0.068142 -0.041956 0.951000 -0.071454 -0.036026 0.951000 -0.074252 -0.029837 0.951000 -0.076515 -0.023432 0.951000 -0.078227 -0.016859 0.951000 -0.079374 -0.010164 0.951000 -0.079951 -0.003396 0.951000 -0.079951 0.003396 0.951000 -0.079374 0.010164 0.951000 -0.078227 0.016859 0.951000 -0.076515 0.023432 0.951000 -0.074252 0.029837 0.951000 -0.071454 0.036026 0.951000 -0.068142 0.041956 0.951000 -0.064338 0.047584 0.951000 -0.060071 0.052869 0.951000 -0.055371 0.057773 0.951000 -0.050272 0.062260 0.951000 -0.044811 0.066300 0.951000 -0.039027 0.069861 0.951000 -0.032961 0.072919 0.951000 -0.026659 0.075452 0.951000 -0.020164 0.077441 0.951000 -0.013524 0.078872 0.951000 -0.006786 0.079734 0.951000 0.000000 0.080023 0.951000 0.006786 0.079734 0.951000 0.013524 0.078872 0.951000 0.020164 0.077441 0.951000 0.026659 0.075452 0.951000 0.032961 0.072919 0.951000 0.039027 0.069861 0.951000 0.044811 0.066300 0.951000 0.050272 0.062260 0.951000 0.055371 0.057773 0.951000 0.060071 0.052869 0.951000 0.064338 0.047584 0.951000 0.068142 0.041956 0.951000 0.071454 0.036026 0.951000 0.074252 0.029837 0.951000 0.076515 0.023432 0.951000 0.078227 0.016859 0.951000 0.079374 0.010164 0.951000 0.079951 0.003396 0.951000 0.079951 -0.003396 0.951000 0.079374 -0.010164 0.951000 0.078227 -0.016859 0.951000 0.076515 -0.023432 0.951000 0.074252 -0.029837 0.951000 0.071454 -0.036026 0.951000 0.068142 -0.041956 0.951000 0.064338 -0.047584 0.951000 0.060071 -0.052869 0.951000 0.055371 -0.057773 0.951000 0.050272 -0.062260 0.951000 0.044811 -0.066300 0.951000 0.039027 -0.069861 0.951000 0.032961 -0.072919 0.951000 0.026659 -0.075452 0.951000 0.020164 -0.077441 0.951000 0.013524 -0.078872 0.951000 0.006786 -0.079734 0.951000 0.066000 -0.005868 0.951000 0.067519 -0.005668 0.951000 0.068934 -0.005082 0.951000 0.070150 -0.004150 0.951000 0.071082 -0.002934 0.951000 0.071668 -0.001519 0.951000 0.071868 -0.000000 0.951000 0.071668 0.001519 0.951000 0.071082 0.002934 0.951000 0.070150 0.004150 0.951000 0.068934 0.005082 0.951000 0.067519 0.005668 0.951000 0.066000 0.005868 0.951000 0.064481 0.005668 0.951000 0.063066 0.005082 0.951000 0.061850 0.004150 0.951000 0.060918 0.002934 0.951000 0.060332 0.001519 0.951000 0.060132 -0.000000 0.951000 0.060332 -0.001519 0.951000 0.060918 -0.002934 0.951000 0.061850 -0.004150 0.951000 0.063066 -0.005082 0.951000 0.064481 -0.005668 0.951000 0.033000 -0.063026 0.951000 0.034519 -0.062826 0.951000 0.035934 -0.062240 0.951000 0.037150 -0.061307 0.951000 0.038082 -0.060092 0.951000 0.038668 -0.058677 0.951000 0.038868 -0.057158 0.951000 0.038668 -0.055639 0.951000 0.038082 -0.054224 0.951000 0.037150 -0.053008 0.951000 0.035934 -0.052076 0.951000 0.034519 -0.051489 0.951000 0.033000 -0.051289 0.951000 0.031481 -0.051489 0.951000 0.030066 -0.052076 0.951000 0.028850 -0.053008 0.951000 0.027918 -0.054224 0.951000 0.027332 -0.055639 0.951000 0.027132 -0.057158 0.951000 0.027332 -0.058677 0.951000 0.027918 -0.060092 0.951000 0.028850 -0.061307 0.951000 0.030066 -0.062240 0.951000 0.031481 -0.062826 0.951000 -0.033000 -0.063026 0.951000 -0.031481 -0.062826 0.951000 -0.030066 -0.062240 0.951000 -0.028850 -0.061307 0.951000 -0.027918 -0.060092 0.951000 -0.027332 -0.058677 0.951000 -0.027132 -0.057158 0.951000 -0.027332 -0.055639 0.951000 -0.027918 -0.054224 0.951000 -0.028850 -0.053008 0.951000 -0.030066 -0.052076 0.951000 -0.031481 -0.051489 0.951000 -0.033000 -0.051289 0.951000 -0.034519 -0.051489 0.951000 -0.035934 -0.052076 0.951000 -0.037150 -0.053008 0.951000 -0.038082 -0.054224 0.951000 -0.038668 -0.055639 0.951000 -0.038868 -0.057158 0.951000 -0.038668 -0.058677 0.951000 -0.038082 -0.060092 0.951000 -0.037150 -0.061307 0.951000 -0.035934 -0.062240 0.951000 -0.034519 -0.062826 0.951000 -0.066000 -0.005868 0.951000 -0.064481 -0.005668 0.951000 -0.063066 -0.005082 0.951000 -0.061850 -0.004150 0.951000 -0.060918 -0.002934 0.951000 -0.060332 -0.001519 0.951000 -0.060132 -0.000000 0.951000 -0.060332 0.001519 0.951000 -0.060918 0.002934 0.951000 -0.061850 0.004150 0.951000 -0.063066 0.005082 0.951000 -0.064481 0.005668 0.951000 -0.066000 0.005868 0.951000 -0.067519 0.005668 0.951000 -0.068934 0.005082 0.951000 -0.070150 0.004150 0.951000 -0.071082 0.002934 0.951000 -0.071668 0.001519 0.951000 -0.071868 -0.000000 0.951000 -0.071668 -0.001519 0.951000 -0.071082 -0.002934 0.951000 -0.070150 -0.004150 0.951000 -0.068934 -0.005082 0.951000 -0.067519 -0.005668 0.951000 -0.033000 0.051289 0.951000 -0.031481 0.051489 0.951000 -0.030066 0.052076 0.951000 -0.028850 0.053008 0.951000 -0.027918 0.054224 0.951000 -0.027332 0.055639 0.951000 -0.027132 0.057158 0.951000 -0.027332 0.058677 0.951000 -0.027918 0.060092 0.951000 -0.028850 0.061307 0.951000 -0.030066 0.062240 0.951000 -0.031481 0.062826 0.951000 -0.033000 0.063026 0.951000 -0.034519 0.062826 0.951000 -0.035934 0.062240 0.951000 -0.037150 0.061307 0.951000 -0.038082 0.060092 0.951000 -0.038668 0.058677 0.951000 -0.038868 0.057158 0.951000 -0.038668 0.055639 0.951000 -0.038082 0.054224 0.951000 -0.037150 0.053008 0.951000 -0.035934 0.052076 0.951000 -0.034519 0.051489 0.951000 0.033000 0.051289 0.951000 0.034519 0.051489 0.951000 0.035934 0.052076 0.951000 0.037150 0.053008 0.951000 0.038082 0.054224 0.951000 0.038668 0.055639 0.951000 0.038868 0.057158 0.951000 0.038668 0.058677 0.951000 0.038082 0.060092 0.951000 0.037150 0.061307 0.951000 0.035934 0.062240 0.951000 0.034519 0.062826 0.951000 0.033000 0.063026 0.951000 0.031481 0.062826 0.951000 0.030066 0.062240 0.951000 0.028850 0.061307 0.951000 0.027918 0.060092 0.951000 0.027332 0.058677 0.951000 0.027132 0.057158 0.951000 0.027332 0.055639 0.951000 0.027918 0.054224 0.951000 0.028850 0.053008 0.951000 0.030066 0.052076 0.951000 0.031481 0.051489 0.987987 -0.033749 0.035000 0.985494 -0.027273 0.035000 0.983538 -0.020616 0.035000 0.982131 -0.013820 0.035000 0.981283 -0.006933 0.035000 0.981000 0.000000 0.035000 0.981283 0.006933 0.035000 0.982131 0.013820 0.035000 0.983538 0.020616 0.035000 0.985494 0.027273 0.035000 0.987987 0.033749 0.035000 0.987987 0.033749 -0.035000 0.985494 0.027273 -0.035000 0.983538 0.020616 -0.035000 0.982131 0.013820 -0.035000 0.981283 0.006933 -0.035000 0.981000 0.000000 -0.035000 0.981283 -0.006933 -0.035000 0.982131 -0.013820 -0.035000 0.983538 -0.020616 -0.035000 0.985494 -0.027273 -0.035000 0.987987 -0.033749 -0.035000 0.994392 -0.045796 -0.035000 0.998231 -0.051307 -0.035000 1.002493 -0.056497 -0.035000 1.007152 -0.061334 -0.035000 1.012178 -0.065789 -0.035000 1.017540 -0.069833 -0.035000 1.023204 -0.073441 -0.035000 1.029136 -0.076590 -0.035000 1.035297 -0.079261 -0.035000 1.041651 -0.081438 -0.035000 1.048156 -0.083106 -0.035000 1.054773 -0.084255 -0.035000 1.061460 -0.084879 -0.035000 1.068175 -0.084972 -0.035000 1.074877 -0.084535 -0.035000 1.081523 -0.083571 -0.035000 1.088072 -0.082084 -0.035000 1.102107 -0.079573 -0.035000 1.116222 -0.077561 -0.035000 1.130400 -0.076049 -0.035000 1.144622 -0.075040 -0.035000 1.158871 -0.074535 -0.035000 1.173129 -0.074535 -0.035000 1.187378 -0.075040 -0.035000 1.201600 -0.076049 -0.035000 1.215778 -0.077561 -0.035000 1.229893 -0.079573 -0.035000 1.243928 -0.082084 -0.035000 1.250683 -0.083608 -0.035000 1.257539 -0.084578 -0.035000 1.264451 -0.084986 -0.035000 1.271374 -0.084830 -0.035000 1.278261 -0.084111 -0.035000 1.285067 -0.082834 -0.035000 1.291746 -0.081007 -0.035000 1.298255 -0.078642 -0.035000 1.304549 -0.075756 -0.035000 1.310587 -0.072367 -0.035000 1.316330 -0.068497 -0.035000 1.321739 -0.064173 -0.035000 1.326777 -0.059423 -0.035000 1.331412 -0.054279 -0.035000 1.335614 -0.048775 -0.035000 1.339353 -0.042946 -0.035000 1.342605 -0.036833 -0.035000 1.345349 -0.030475 -0.035000 1.347566 -0.023915 -0.035000 1.349242 -0.017197 -0.035000 1.350366 -0.010364 -0.035000 1.350929 -0.003462 -0.035000 1.350929 0.003462 -0.035000 1.350366 0.010364 -0.035000 1.349242 0.017197 -0.035000 1.347566 0.023915 -0.035000 1.345349 0.030475 -0.035000 1.342605 0.036833 -0.035000 1.339353 0.042946 -0.035000 1.335614 0.048775 -0.035000 1.331412 0.054279 -0.035000 1.326777 0.059423 -0.035000 1.321739 0.064173 -0.035000 1.316330 0.068497 -0.035000 1.310587 0.072367 -0.035000 1.304549 0.075756 -0.035000 1.298255 0.078642 -0.035000 1.291746 0.081007 -0.035000 1.285067 0.082834 -0.035000 1.278261 0.084111 -0.035000 1.271374 0.084830 -0.035000 1.264451 0.084986 -0.035000 1.257539 0.084578 -0.035000 1.250683 0.083608 -0.035000 1.243928 0.082084 -0.035000 1.229899 0.079515 -0.035000 1.215786 0.077455 -0.035000 1.201609 0.075907 -0.035000 1.187384 0.074875 -0.035000 1.173131 0.074358 -0.035000 1.158869 0.074358 -0.035000 1.144616 0.074875 -0.035000 1.130391 0.075907 -0.035000 1.116214 0.077455 -0.035000 1.102101 0.079515 -0.035000 1.088072 0.082084 -0.035000 1.081523 0.083571 -0.035000 1.074877 0.084535 -0.035000 1.068175 0.084972 -0.035000 1.061460 0.084879 -0.035000 1.054773 0.084255 -0.035000 1.048156 0.083106 -0.035000 1.041651 0.081438 -0.035000 1.035297 0.079261 -0.035000 1.029136 0.076590 -0.035000 1.023204 0.073441 -0.035000 1.017540 0.069833 -0.035000 1.012178 0.065789 -0.035000 1.007152 0.061334 -0.035000 1.002493 0.056497 -0.035000 0.998231 0.051307 -0.035000 0.994392 0.045796 -0.035000 1.266000 0.040000 -0.035000 1.270821 0.039708 -0.035000 1.275573 0.038838 -0.035000 1.280184 0.037401 -0.035000 1.284589 0.035418 -0.035000 1.288723 0.032919 -0.035000 1.292525 0.029940 -0.035000 1.295940 0.026525 -0.035000 1.298919 0.022723 -0.035000 1.301418 0.018589 -0.035000 1.303401 0.014184 -0.035000 1.304838 0.009573 -0.035000 1.305708 0.004821 -0.035000 1.306000 0.000000 -0.035000 1.305708 -0.004821 -0.035000 1.304838 -0.009573 -0.035000 1.303401 -0.014184 -0.035000 1.301418 -0.018589 -0.035000 1.298919 -0.022723 -0.035000 1.295940 -0.026525 -0.035000 1.292525 -0.029940 -0.035000 1.288723 -0.032919 -0.035000 1.284589 -0.035418 -0.035000 1.280184 -0.037401 -0.035000 1.275573 -0.038838 -0.035000 1.270821 -0.039708 -0.035000 1.266000 -0.040000 -0.035000 1.261179 -0.039708 -0.035000 1.256427 -0.038838 -0.035000 1.251816 -0.037401 -0.035000 1.247411 -0.035418 -0.035000 1.243277 -0.032919 -0.035000 1.239475 -0.029940 -0.035000 1.236060 -0.026525 -0.035000 1.233081 -0.022723 -0.035000 1.230582 -0.018589 -0.035000 1.228599 -0.014184 -0.035000 1.227162 -0.009573 -0.035000 1.226292 -0.004821 -0.035000 1.226000 0.000000 -0.035000 1.226292 0.004821 -0.035000 1.227162 0.009573 -0.035000 1.228599 0.014184 -0.035000 1.230582 0.018589 -0.035000 1.233081 0.022723 -0.035000 1.236060 0.026525 -0.035000 1.239475 0.029940 -0.035000 1.243277 0.032919 -0.035000 1.247411 0.035418 -0.035000 1.251816 0.037401 -0.035000 1.256427 0.038838 -0.035000 1.261179 0.039708 -0.035000 1.066000 -0.069000 -0.035000 1.067165 -0.069153 -0.035000 1.068250 -0.069603 -0.035000 1.069182 -0.070318 -0.035000 1.069897 -0.071250 -0.035000 1.070347 -0.072335 -0.035000 1.070500 -0.073500 -0.035000 1.070347 -0.074665 -0.035000 1.069897 -0.075750 -0.035000 1.069182 -0.076682 -0.035000 1.068250 -0.077397 -0.035000 1.067165 -0.077847 -0.035000 1.066000 -0.078000 -0.035000 1.064835 -0.077847 -0.035000 1.063750 -0.077397 -0.035000 1.062818 -0.076682 -0.035000 1.062103 -0.075750 -0.035000 1.061653 -0.074665 -0.035000 1.061500 -0.073500 -0.035000 1.061653 -0.072335 -0.035000 1.062103 -0.071250 -0.035000 1.062818 -0.070318 -0.035000 1.063750 -0.069603 -0.035000 1.064835 -0.069153 -0.035000 1.339500 0.004500 -0.035000 1.340665 0.004347 -0.035000 1.341750 0.003897 -0.035000 1.342682 0.003182 -0.035000 1.343397 0.002250 -0.035000 1.343847 0.001165 -0.035000 1.344000 0.000000 -0.035000 1.343847 -0.001165 -0.035000 1.343397 -0.002250 -0.035000 1.342682 -0.003182 -0.035000 1.341750 -0.003897 -0.035000 1.340665 -0.004347 -0.035000 1.339500 -0.004500 -0.035000 1.338335 -0.004347 -0.035000 1.337250 -0.003897 -0.035000 1.336318 -0.003182 -0.035000 1.335603 -0.002250 -0.035000 1.335153 -0.001165 -0.035000 1.335000 0.000000 -0.035000 1.335153 0.001165 -0.035000 1.335603 0.002250 -0.035000 1.336318 0.003182 -0.035000 1.337250 0.003897 -0.035000 1.338335 0.004347 -0.035000 1.266000 -0.069000 -0.035000 1.267165 -0.069153 -0.035000 1.268250 -0.069603 -0.035000 1.269182 -0.070318 -0.035000 1.269897 -0.071250 -0.035000 1.270347 -0.072335 -0.035000 1.270500 -0.073500 -0.035000 1.270347 -0.074665 -0.035000 1.269897 -0.075750 -0.035000 1.269182 -0.076682 -0.035000 1.268250 -0.077397 -0.035000 1.267165 -0.077847 -0.035000 1.266000 -0.078000 -0.035000 1.264835 -0.077847 -0.035000 1.263750 -0.077397 -0.035000 1.262818 -0.076682 -0.035000 1.262103 -0.075750 -0.035000 1.261653 -0.074665 -0.035000 1.261500 -0.073500 -0.035000 1.261653 -0.072335 -0.035000 1.262103 -0.071250 -0.035000 1.262818 -0.070318 -0.035000 1.263750 -0.069603 -0.035000 1.264835 -0.069153 -0.035000 1.266000 0.078000 -0.035000 1.267165 0.077847 -0.035000 1.268250 0.077397 -0.035000 1.269182 0.076682 -0.035000 1.269897 0.075750 -0.035000 1.270347 0.074665 -0.035000 1.270500 0.073500 -0.035000 1.270347 0.072335 -0.035000 1.269897 0.071250 -0.035000 1.269182 0.070318 -0.035000 1.268250 0.069603 -0.035000 1.267165 0.069153 -0.035000 1.266000 0.069000 -0.035000 1.264835 0.069153 -0.035000 1.263750 0.069603 -0.035000 1.262818 0.070318 -0.035000 1.262103 0.071250 -0.035000 1.261653 0.072335 -0.035000 1.261500 0.073500 -0.035000 1.261653 0.074665 -0.035000 1.262103 0.075750 -0.035000 1.262818 0.076682 -0.035000 1.263750 0.077397 -0.035000 1.264835 0.077847 -0.035000 1.066000 0.078000 -0.035000 1.067165 0.077847 -0.035000 1.068250 0.077397 -0.035000 1.069182 0.076682 -0.035000 1.069897 0.075750 -0.035000 1.070347 0.074665 -0.035000 1.070500 0.073500 -0.035000 1.070347 0.072335 -0.035000 1.069897 0.071250 -0.035000 1.069182 0.070318 -0.035000 1.068250 0.069603 -0.035000 1.067165 0.069153 -0.035000 1.066000 0.069000 -0.035000 1.064835 0.069153 -0.035000 1.063750 0.069603 -0.035000 1.062818 0.070318 -0.035000 1.062103 0.071250 -0.035000 1.061653 0.072335 -0.035000 1.061500 0.073500 -0.035000 1.061653 0.074665 -0.035000 1.062103 0.075750 -0.035000 1.062818 0.076682 -0.035000 1.063750 0.077397 -0.035000 1.064835 0.077847 -0.035000 1.166000 0.067250 -0.035000 1.167165 0.067097 -0.035000 1.168250 0.066647 -0.035000 1.169182 0.065932 -0.035000 1.169897 0.065000 -0.035000 1.170347 0.063915 -0.035000 1.170500 0.062750 -0.035000 1.170347 0.061585 -0.035000 1.169897 0.060500 -0.035000 1.169182 0.059568 -0.035000 1.168250 0.058853 -0.035000 1.167165 0.058403 -0.035000 1.166000 0.058250 -0.035000 1.164835 0.058403 -0.035000 1.163750 0.058853 -0.035000 1.162818 0.059568 -0.035000 1.162103 0.060500 -0.035000 1.161653 0.061585 -0.035000 1.161500 0.062750 -0.035000 1.161653 0.063915 -0.035000 1.162103 0.065000 -0.035000 1.162818 0.065932 -0.035000 1.163750 0.066647 -0.035000 1.164835 0.067097 -0.035000 0.992500 0.004500 -0.035000 0.991335 0.004347 -0.035000 0.990250 0.003897 -0.035000 0.989318 0.003182 -0.035000 0.988603 0.002250 -0.035000 0.988153 0.001165 -0.035000 0.988000 0.000000 -0.035000 0.988153 -0.001165 -0.035000 0.988603 -0.002250 -0.035000 0.989318 -0.003182 -0.035000 0.990250 -0.003897 -0.035000 0.991335 -0.004347 -0.035000 0.992500 -0.004500 -0.035000 0.993665 -0.004347 -0.035000 0.994750 -0.003897 -0.035000 0.995682 -0.003182 -0.035000 0.996397 -0.002250 -0.035000 0.996847 -0.001165 -0.035000 0.997000 0.000000 -0.035000 0.996847 0.001165 -0.035000 0.996397 0.002250 -0.035000 0.995682 0.003182 -0.035000 0.994750 0.003897 -0.035000 0.993665 0.004347 -0.035000 0.994392 0.045796 0.035000 0.998231 0.051307 0.035000 1.002493 0.056497 0.035000 1.007152 0.061334 0.035000 1.012178 0.065789 0.035000 1.017540 0.069833 0.035000 1.023204 0.073441 0.035000 1.029136 0.076590 0.035000 1.035297 0.079261 0.035000 1.041651 0.081438 0.035000 1.048156 0.083106 0.035000 1.054773 0.084255 0.035000 1.061460 0.084879 0.035000 1.068175 0.084972 0.035000 1.074877 0.084535 0.035000 1.081523 0.083571 0.035000 1.088072 0.082084 0.035000 1.102101 0.079515 0.035000 1.116214 0.077455 0.035000 1.130391 0.075907 0.035000 1.144616 0.074875 0.035000 1.158869 0.074358 0.035000 1.173131 0.074358 0.035000 1.187384 0.074875 0.035000 1.201609 0.075907 0.035000 1.215786 0.077455 0.035000 1.229899 0.079515 0.035000 1.243928 0.082084 0.035000 1.250683 0.083608 0.035000 1.257539 0.084578 0.035000 1.264451 0.084986 0.035000 1.271374 0.084830 0.035000 1.278261 0.084111 0.035000 1.285067 0.082834 0.035000 1.291746 0.081007 0.035000 1.298255 0.078642 0.035000 1.304549 0.075756 0.035000 1.310587 0.072367 0.035000 1.316330 0.068497 0.035000 1.321739 0.064173 0.035000 1.326777 0.059423 0.035000 1.331412 0.054279 0.035000 1.335614 0.048775 0.035000 1.339353 0.042946 0.035000 1.342605 0.036833 0.035000 1.345349 0.030475 0.035000 1.347566 0.023915 0.035000 1.349242 0.017197 0.035000 1.350366 0.010364 0.035000 1.350929 0.003462 0.035000 1.350929 -0.003462 0.035000 1.350366 -0.010364 0.035000 1.349242 -0.017197 0.035000 1.347566 -0.023915 0.035000 1.345349 -0.030475 0.035000 1.342605 -0.036833 0.035000 1.339353 -0.042946 0.035000 1.335614 -0.048775 0.035000 1.331412 -0.054279 0.035000 1.326777 -0.059423 0.035000 1.321739 -0.064173 0.035000 1.316330 -0.068497 0.035000 1.310587 -0.072367 0.035000 1.304549 -0.075756 0.035000 1.298255 -0.078642 0.035000 1.291746 -0.081007 0.035000 1.285067 -0.082834 0.035000 1.278261 -0.084111 0.035000 1.271374 -0.084830 0.035000 1.264451 -0.084986 0.035000 1.257539 -0.084578 0.035000 1.250683 -0.083608 0.035000 1.243928 -0.082084 0.035000 1.229893 -0.079573 0.035000 1.215778 -0.077561 0.035000 1.201600 -0.076049 0.035000 1.187378 -0.075040 0.035000 1.173129 -0.074535 0.035000 1.158871 -0.074535 0.035000 1.144622 -0.075040 0.035000 1.130400 -0.076049 0.035000 1.116222 -0.077561 0.035000 1.102107 -0.079573 0.035000 1.088072 -0.082084 0.035000 1.081523 -0.083571 0.035000 1.074877 -0.084535 0.035000 1.068175 -0.084972 0.035000 1.061460 -0.084879 0.035000 1.054773 -0.084255 0.035000 1.048156 -0.083106 0.035000 1.041651 -0.081438 0.035000 1.035297 -0.079261 0.035000 1.029136 -0.076590 0.035000 1.023204 -0.073441 0.035000 1.017540 -0.069833 0.035000 1.012178 -0.065789 0.035000 1.007152 -0.061334 0.035000 1.002493 -0.056497 0.035000 0.998231 -0.051307 0.035000 0.994392 -0.045796 0.035000 1.066000 -0.069000 0.035000 1.064835 -0.069153 0.035000 1.063750 -0.069603 0.035000 1.062818 -0.070318 0.035000 1.062103 -0.071250 0.035000 1.061653 -0.072335 0.035000 1.061500 -0.073500 0.035000 1.061653 -0.074665 0.035000 1.062103 -0.075750 0.035000 1.062818 -0.076682 0.035000 1.063750 -0.077397 0.035000 1.064835 -0.077847 0.035000 1.066000 -0.078000 0.035000 1.067165 -0.077847 0.035000 1.068250 -0.077397 0.035000 1.069182 -0.076682 0.035000 1.069897 -0.075750 0.035000 1.070347 -0.074665 0.035000 1.070500 -0.073500 0.035000 1.070347 -0.072335 0.035000 1.069897 -0.071250 0.035000 1.069182 -0.070318 0.035000 1.068250 -0.069603 0.035000 1.067165 -0.069153 0.035000 1.339500 0.004500 0.035000 1.338335 0.004347 0.035000 1.337250 0.003897 0.035000 1.336318 0.003182 0.035000 1.335603 0.002250 0.035000 1.335153 0.001165 0.035000 1.335000 0.000000 0.035000 1.335153 -0.001165 0.035000 1.335603 -0.002250 0.035000 1.336318 -0.003182 0.035000 1.337250 -0.003897 0.035000 1.338335 -0.004347 0.035000 1.339500 -0.004500 0.035000 1.340665 -0.004347 0.035000 1.341750 -0.003897 0.035000 1.342682 -0.003182 0.035000 1.343397 -0.002250 0.035000 1.343847 -0.001165 0.035000 1.344000 0.000000 0.035000 1.343847 0.001165 0.035000 1.343397 0.002250 0.035000 1.342682 0.003182 0.035000 1.341750 0.003897 0.035000 1.340665 0.004347 0.035000 1.266000 -0.069000 0.035000 1.264835 -0.069153 0.035000 1.263750 -0.069603 0.035000 1.262818 -0.070318 0.035000 1.262103 -0.071250 0.035000 1.261653 -0.072335 0.035000 1.261500 -0.073500 0.035000 1.261653 -0.074665 0.035000 1.262103 -0.075750 0.035000 1.262818 -0.076682 0.035000 1.263750 -0.077397 0.035000 1.264835 -0.077847 0.035000 1.266000 -0.078000 0.035000 1.267165 -0.077847 0.035000 1.268250 -0.077397 0.035000 1.269182 -0.076682 0.035000 1.269897 -0.075750 0.035000 1.270347 -0.074665 0.035000 1.270500 -0.073500 0.035000 1.270347 -0.072335 0.035000 1.269897 -0.071250 0.035000 1.269182 -0.070318 0.035000 1.268250 -0.069603 0.035000 1.267165 -0.069153 0.035000 1.266000 0.078000 0.035000 1.264835 0.077847 0.035000 1.263750 0.077397 0.035000 1.262818 0.076682 0.035000 1.262103 0.075750 0.035000 1.261653 0.074665 0.035000 1.261500 0.073500 0.035000 1.261653 0.072335 0.035000 1.262103 0.071250 0.035000 1.262818 0.070318 0.035000 1.263750 0.069603 0.035000 1.264835 0.069153 0.035000 1.266000 0.069000 0.035000 1.267165 0.069153 0.035000 1.268250 0.069603 0.035000 1.269182 0.070318 0.035000 1.269897 0.071250 0.035000 1.270347 0.072335 0.035000 1.270500 0.073500 0.035000 1.270347 0.074665 0.035000 1.269897 0.075750 0.035000 1.269182 0.076682 0.035000 1.268250 0.077397 0.035000 1.267165 0.077847 0.035000 1.066000 0.078000 0.035000 1.064835 0.077847 0.035000 1.063750 0.077397 0.035000 1.062818 0.076682 0.035000 1.062103 0.075750 0.035000 1.061653 0.074665 0.035000 1.061500 0.073500 0.035000 1.061653 0.072335 0.035000 1.062103 0.071250 0.035000 1.062818 0.070318 0.035000 1.063750 0.069603 0.035000 1.064835 0.069153 0.035000 1.066000 0.069000 0.035000 1.067165 0.069153 0.035000 1.068250 0.069603 0.035000 1.069182 0.070318 0.035000 1.069897 0.071250 0.035000 1.070347 0.072335 0.035000 1.070500 0.073500 0.035000 1.070347 0.074665 0.035000 1.069897 0.075750 0.035000 1.069182 0.076682 0.035000 1.068250 0.077397 0.035000 1.067165 0.077847 0.035000 1.166000 0.067250 0.035000 1.164835 0.067097 0.035000 1.163750 0.066647 0.035000 1.162818 0.065932 0.035000 1.162103 0.065000 0.035000 1.161653 0.063915 0.035000 1.161500 0.062750 0.035000 1.161653 0.061585 0.035000 1.162103 0.060500 0.035000 1.162818 0.059568 0.035000 1.163750 0.058853 0.035000 1.164835 0.058403 0.035000 1.166000 0.058250 0.035000 1.167165 0.058403 0.035000 1.168250 0.058853 0.035000 1.169182 0.059568 0.035000 1.169897 0.060500 0.035000 1.170347 0.061585 0.035000 1.170500 0.062750 0.035000 1.170347 0.063915 0.035000 1.169897 0.065000 0.035000 1.169182 0.065932 0.035000 1.168250 0.066647 0.035000 1.167165 0.067097 0.035000 1.266000 -0.040000 0.035000 1.270821 -0.039708 0.035000 1.275573 -0.038838 0.035000 1.280184 -0.037401 0.035000 1.284589 -0.035418 0.035000 1.288723 -0.032919 0.035000 1.292525 -0.029940 0.035000 1.295940 -0.026525 0.035000 1.298919 -0.022723 0.035000 1.301418 -0.018589 0.035000 1.303401 -0.014184 0.035000 1.304838 -0.009573 0.035000 1.305708 -0.004821 0.035000 1.306000 0.000000 0.035000 1.305708 0.004821 0.035000 1.304838 0.009573 0.035000 1.303401 0.014184 0.035000 1.301418 0.018589 0.035000 1.298919 0.022723 0.035000 1.295940 0.026525 0.035000 1.292525 0.029940 0.035000 1.288723 0.032919 0.035000 1.284589 0.035418 0.035000 1.280184 0.037401 0.035000 1.275573 0.038838 0.035000 1.270821 0.039708 0.035000 1.266000 0.040000 0.035000 1.261179 0.039708 0.035000 1.256427 0.038838 0.035000 1.251816 0.037401 0.035000 1.247411 0.035418 0.035000 1.243277 0.032919 0.035000 1.239475 0.029940 0.035000 1.236060 0.026525 0.035000 1.233081 0.022723 0.035000 1.230582 0.018589 0.035000 1.228599 0.014184 0.035000 1.227162 0.009573 0.035000 1.226292 0.004821 0.035000 1.226000 0.000000 0.035000 1.226292 -0.004821 0.035000 1.227162 -0.009573 0.035000 1.228599 -0.014184 0.035000 1.230582 -0.018589 0.035000 1.233081 -0.022723 0.035000 1.236060 -0.026525 0.035000 1.239475 -0.029940 0.035000 1.243277 -0.032919 0.035000 1.247411 -0.035418 0.035000 1.251816 -0.037401 0.035000 1.256427 -0.038838 0.035000 1.261179 -0.039708 0.035000 1.243928 -0.082084 0.056000 1.229893 -0.079573 0.056000 1.215778 -0.077561 0.056000 1.201600 -0.076049 0.056000 1.187378 -0.075040 0.056000 1.173129 -0.074535 0.056000 1.158871 -0.074535 0.056000 1.144622 -0.075040 0.056000 1.130400 -0.076049 0.056000 1.116222 -0.077561 0.056000 1.102107 -0.079573 0.056000 1.088072 -0.082084 0.056000 1.243928 0.082084 0.056000 1.250683 0.083608 0.056000 1.257539 0.084578 0.056000 1.264451 0.084986 0.056000 1.271374 0.084830 0.056000 1.278261 0.084111 0.056000 1.285067 0.082834 0.056000 1.291746 0.081007 0.056000 1.298255 0.078642 0.056000 1.304549 0.075756 0.056000 1.310587 0.072367 0.056000 1.316330 0.068497 0.056000 1.321739 0.064173 0.056000 1.326777 0.059423 0.056000 1.331412 0.054279 0.056000 1.335614 0.048775 0.056000 1.339353 0.042946 0.056000 1.342605 0.036833 0.056000 1.345349 0.030475 0.056000 1.347566 0.023915 0.056000 1.349242 0.017197 0.056000 1.350366 0.010364 0.056000 1.350929 0.003462 0.056000 1.350929 -0.003462 0.056000 1.350366 -0.010364 0.056000 1.349242 -0.017197 0.056000 1.347566 -0.023915 0.056000 1.345349 -0.030475 0.056000 1.342605 -0.036833 0.056000 1.339353 -0.042946 0.056000 1.335614 -0.048775 0.056000 1.331412 -0.054279 0.056000 1.326777 -0.059423 0.056000 1.321739 -0.064173 0.056000 1.316330 -0.068497 0.056000 1.310587 -0.072367 0.056000 1.304549 -0.075756 0.056000 1.298255 -0.078642 0.056000 1.291746 -0.081007 0.056000 1.285067 -0.082834 0.056000 1.278261 -0.084111 0.056000 1.271374 -0.084830 0.056000 1.264451 -0.084986 0.056000 1.257539 -0.084578 0.056000 1.250683 -0.083608 0.056000 1.088072 0.082084 0.056000 1.102101 0.079515 0.056000 1.116214 0.077455 0.056000 1.130391 0.075907 0.056000 1.144616 0.074875 0.056000 1.158869 0.074358 0.056000 1.173131 0.074358 0.056000 1.187384 0.074875 0.056000 1.201609 0.075907 0.056000 1.215786 0.077455 0.056000 1.229899 0.079515 0.056000 0.992500 0.004500 0.056000 0.991335 0.004347 0.056000 0.990250 0.003897 0.056000 0.989318 0.003182 0.056000 0.988603 0.002250 0.056000 0.988153 0.001165 0.056000 0.988000 0.000000 0.056000 0.988153 -0.001165 0.056000 0.988603 -0.002250 0.056000 0.989318 -0.003182 0.056000 0.990250 -0.003897 0.056000 0.991335 -0.004347 0.056000 0.992500 -0.004500 0.056000 0.993665 -0.004347 0.056000 0.994750 -0.003897 0.056000 0.995682 -0.003182 0.056000 0.996397 -0.002250 0.056000 0.996847 -0.001165 0.056000 0.997000 0.000000 0.056000 0.996847 0.001165 0.056000 0.996397 0.002250 0.056000 0.995682 0.003182 0.056000 0.994750 0.003897 0.056000 0.993665 0.004347 0.056000 0.992500 0.004500 0.035000 0.993665 0.004347 0.035000 0.994750 0.003897 0.035000 0.995682 0.003182 0.035000 0.996397 0.002250 0.035000 0.996847 0.001165 0.035000 0.997000 0.000000 0.035000 0.996847 -0.001165 0.035000 0.996397 -0.002250 0.035000 0.995682 -0.003182 0.035000 0.994750 -0.003897 0.035000 0.993665 -0.004347 0.035000 0.992500 -0.004500 0.035000 0.991335 -0.004347 0.035000 0.990250 -0.003897 0.035000 0.989318 -0.003182 0.035000 0.988603 -0.002250 0.035000 0.988153 -0.001165 0.035000 0.988000 0.000000 0.035000 0.988153 0.001165 0.035000 0.988603 0.002250 0.035000 0.989318 0.003182 0.035000 0.990250 0.003897 0.035000 0.991335 0.004347 0.035000 1.339500 0.004500 0.056000 1.338335 0.004347 0.056000 1.337250 0.003897 0.056000 1.336318 0.003182 0.056000 1.335603 0.002250 0.056000 1.335153 0.001165 0.056000 1.335000 0.000000 0.056000 1.335153 -0.001165 0.056000 1.335603 -0.002250 0.056000 1.336318 -0.003182 0.056000 1.337250 -0.003897 0.056000 1.338335 -0.004347 0.056000 1.339500 -0.004500 0.056000 1.340665 -0.004347 0.056000 1.341750 -0.003897 0.056000 1.342682 -0.003182 0.056000 1.343397 -0.002250 0.056000 1.343847 -0.001165 0.056000 1.344000 0.000000 0.056000 1.343847 0.001165 0.056000 1.343397 0.002250 0.056000 1.342682 0.003182 0.056000 1.341750 0.003897 0.056000 1.340665 0.004347 0.056000 1.266000 -0.069000 0.056000 1.264835 -0.069153 0.056000 1.263750 -0.069603 0.056000 1.262818 -0.070318 0.056000 1.262103 -0.071250 0.056000 1.261653 -0.072335 0.056000 1.261500 -0.073500 0.056000 1.261653 -0.074665 0.056000 1.262103 -0.075750 0.056000 1.262818 -0.076682 0.056000 1.263750 -0.077397 0.056000 1.264835 -0.077847 0.056000 1.266000 -0.078000 0.056000 1.267165 -0.077847 0.056000 1.268250 -0.077397 0.056000 1.269182 -0.076682 0.056000 1.269897 -0.075750 0.056000 1.270347 -0.074665 0.056000 1.270500 -0.073500 0.056000 1.270347 -0.072335 0.056000 1.269897 -0.071250 0.056000 1.269182 -0.070318 0.056000 1.268250 -0.069603 0.056000 1.267165 -0.069153 0.056000 1.266000 0.078000 0.056000 1.264835 0.077847 0.056000 1.263750 0.077397 0.056000 1.262818 0.076682 0.056000 1.262103 0.075750 0.056000 1.261653 0.074665 0.056000 1.261500 0.073500 0.056000 1.261653 0.072335 0.056000 1.262103 0.071250 0.056000 1.262818 0.070318 0.056000 1.263750 0.069603 0.056000 1.264835 0.069153 0.056000 1.266000 0.069000 0.056000 1.267165 0.069153 0.056000 1.268250 0.069603 0.056000 1.269182 0.070318 0.056000 1.269897 0.071250 0.056000 1.270347 0.072335 0.056000 1.270500 0.073500 0.056000 1.270347 0.074665 0.056000 1.269897 0.075750 0.056000 1.269182 0.076682 0.056000 1.268250 0.077397 0.056000 1.267165 0.077847 0.056000 1.066000 0.078000 0.056000 1.064835 0.077847 0.056000 1.063750 0.077397 0.056000 1.062818 0.076682 0.056000 1.062103 0.075750 0.056000 1.061653 0.074665 0.056000 1.061500 0.073500 0.056000 1.061653 0.072335 0.056000 1.062103 0.071250 0.056000 1.062818 0.070318 0.056000 1.063750 0.069603 0.056000 1.064835 0.069153 0.056000 1.066000 0.069000 0.056000 1.067165 0.069153 0.056000 1.068250 0.069603 0.056000 1.069182 0.070318 0.056000 1.069897 0.071250 0.056000 1.070347 0.072335 0.056000 1.070500 0.073500 0.056000 1.070347 0.074665 0.056000 1.069897 0.075750 0.056000 1.069182 0.076682 0.056000 1.068250 0.077397 0.056000 1.067165 0.077847 0.056000 1.166000 0.067250 0.056000 1.164835 0.067097 0.056000 1.163750 0.066647 0.056000 1.162818 0.065932 0.056000 1.162103 0.065000 0.056000 1.161653 0.063915 0.056000 1.161500 0.062750 0.056000 1.161653 0.061585 0.056000 1.162103 0.060500 0.056000 1.162818 0.059568 0.056000 1.163750 0.058853 0.056000 1.164835 0.058403 0.056000 1.166000 0.058250 0.056000 1.167165 0.058403 0.056000 1.168250 0.058853 0.056000 1.169182 0.059568 0.056000 1.169897 0.060500 0.056000 1.170347 0.061585 0.056000 1.170500 0.062750 0.056000 1.170347 0.063915 0.056000 1.169897 0.065000 0.056000 1.169182 0.065932 0.056000 1.168250 0.066647 0.056000 1.167165 0.067097 0.056000 1.081317 -0.083608 0.056000 1.074461 -0.084578 0.056000 1.067549 -0.084986 0.056000 1.060626 -0.084830 0.056000 1.053739 -0.084111 0.056000 1.046933 -0.082834 0.056000 1.040254 -0.081007 0.056000 1.033745 -0.078642 0.056000 1.027451 -0.075756 0.056000 1.021413 -0.072367 0.056000 1.015670 -0.068497 0.056000 1.010261 -0.064173 0.056000 1.005223 -0.059423 0.056000 1.000588 -0.054279 0.056000 0.996386 -0.048775 0.056000 0.992647 -0.042946 0.056000 0.989395 -0.036833 0.056000 0.986651 -0.030475 0.056000 0.984434 -0.023915 0.056000 0.982758 -0.017197 0.056000 0.981634 -0.010364 0.056000 0.981071 -0.003462 0.056000 0.981071 0.003462 0.056000 0.981634 0.010364 0.056000 0.982758 0.017197 0.056000 0.984434 0.023915 0.056000 0.986651 0.030475 0.056000 0.989395 0.036833 0.056000 0.992647 0.042946 0.056000 0.996386 0.048775 0.056000 1.000588 0.054279 0.056000 1.005223 0.059423 0.056000 1.010261 0.064173 0.056000 1.015670 0.068497 0.056000 1.021413 0.072367 0.056000 1.027451 0.075756 0.056000 1.033745 0.078642 0.056000 1.040254 0.081007 0.056000 1.046933 0.082834 0.056000 1.053739 0.084111 0.056000 1.060626 0.084830 0.056000 1.067549 0.084986 0.056000 1.074461 0.084578 0.056000 1.081317 0.083608 0.056000 1.066000 -0.069000 0.056000 1.064835 -0.069153 0.056000 1.063750 -0.069603 0.056000 1.062818 -0.070318 0.056000 1.062103 -0.071250 0.056000 1.061653 -0.072335 0.056000 1.061500 -0.073500 0.056000 1.061653 -0.074665 0.056000 1.062103 -0.075750 0.056000 1.062818 -0.076682 0.056000 1.063750 -0.077397 0.056000 1.064835 -0.077847 0.056000 1.066000 -0.078000 0.056000 1.067165 -0.077847 0.056000 1.068250 -0.077397 0.056000 1.069182 -0.076682 0.056000 1.069897 -0.075750 0.056000 1.070347 -0.074665 0.056000 1.070500 -0.073500 0.056000 1.070347 -0.072335 0.056000 1.069897 -0.071250 0.056000 1.069182 -0.070318 0.056000 1.068250 -0.069603 0.056000 1.067165 -0.069153 0.056000 1.082100 -0.059873 0.056000 1.076256 -0.061146 0.056000 1.070317 -0.061850 0.056000 1.064338 -0.061978 0.056000 1.058374 -0.061529 0.056000 1.052481 -0.060508 0.056000 1.046714 -0.058924 0.056000 1.041127 -0.056792 0.056000 1.035771 -0.054131 0.056000 1.030696 -0.050967 0.056000 1.025949 -0.047328 0.056000 1.021576 -0.043249 0.056000 1.017615 -0.038768 0.056000 1.014105 -0.033925 0.056000 1.011078 -0.028767 0.056000 1.008562 -0.023342 0.056000 1.006580 -0.017699 0.056000 1.005151 -0.011892 0.056000 1.004288 -0.005974 0.056000 1.004000 0.000000 0.056000 1.004288 0.005974 0.056000 1.005151 0.011892 0.056000 1.006580 0.017699 0.056000 1.008562 0.023342 0.056000 1.011078 0.028767 0.056000 1.014105 0.033925 0.056000 1.017615 0.038768 0.056000 1.021576 0.043249 0.056000 1.025949 0.047328 0.056000 1.030696 0.050967 0.056000 1.035771 0.054131 0.056000 1.041127 0.056792 0.056000 1.046714 0.058924 0.056000 1.052481 0.060508 0.056000 1.058374 0.061529 0.056000 1.064338 0.061978 0.056000 1.070317 0.061850 0.056000 1.076256 0.061146 0.056000 1.082100 0.059873 0.056000 1.097204 0.057112 0.056000 1.112399 0.054899 0.056000 1.127663 0.053237 0.056000 1.142978 0.052127 0.056000 1.158323 0.051572 0.056000 1.173677 0.051572 0.056000 1.189022 0.052127 0.056000 1.204337 0.053237 0.056000 1.219601 0.054899 0.056000 1.234796 0.057112 0.056000 1.249900 0.059873 0.056000 1.255744 0.061146 0.056000 1.261683 0.061850 0.056000 1.267662 0.061978 0.056000 1.273626 0.061529 0.056000 1.279519 0.060508 0.056000 1.285286 0.058924 0.056000 1.290873 0.056792 0.056000 1.296229 0.054131 0.056000 1.301304 0.050967 0.056000 1.306051 0.047328 0.056000 1.310424 0.043249 0.056000 1.314385 0.038768 0.056000 1.317895 0.033925 0.056000 1.320922 0.028767 0.056000 1.323438 0.023342 0.056000 1.325420 0.017699 0.056000 1.326849 0.011892 0.056000 1.327712 0.005974 0.056000 1.328000 0.000000 0.056000 1.327712 -0.005974 0.056000 1.326849 -0.011892 0.056000 1.325420 -0.017699 0.056000 1.323438 -0.023342 0.056000 1.320922 -0.028767 0.056000 1.317895 -0.033925 0.056000 1.314385 -0.038768 0.056000 1.310424 -0.043249 0.056000 1.306051 -0.047328 0.056000 1.301304 -0.050967 0.056000 1.296229 -0.054131 0.056000 1.290873 -0.056792 0.056000 1.285286 -0.058924 0.056000 1.279519 -0.060508 0.056000 1.273626 -0.061529 0.056000 1.267662 -0.061978 0.056000 1.261683 -0.061850 0.056000 1.255744 -0.061146 0.056000 1.249900 -0.059873 0.056000 1.234811 -0.056970 0.056000 1.219623 -0.054642 0.056000 1.204358 -0.052894 0.056000 1.189037 -0.051726 0.056000 1.173683 -0.051142 0.056000 1.158317 -0.051142 0.056000 1.142963 -0.051726 0.056000 1.127642 -0.052894 0.056000 1.112377 -0.054642 0.056000 1.097189 -0.056970 0.056000 1.082100 0.059873 -0.057000 1.249900 0.059873 -0.057000 1.234796 0.057112 -0.057000 1.219601 0.054899 -0.057000 1.204337 0.053237 -0.057000 1.189022 0.052127 -0.057000 1.173677 0.051572 -0.057000 1.158323 0.051572 -0.057000 1.142978 0.052127 -0.057000 1.127663 0.053237 -0.057000 1.112399 0.054899 -0.057000 1.097204 0.057112 -0.057000 1.076256 0.061146 -0.057000 1.070317 0.061850 -0.057000 1.064338 0.061978 -0.057000 1.058374 0.061529 -0.057000 1.052481 0.060508 -0.057000 1.046714 0.058924 -0.057000 1.041127 0.056792 -0.057000 1.035771 0.054131 -0.057000 1.030696 0.050967 -0.057000 1.025949 0.047328 -0.057000 1.021576 0.043249 -0.057000 1.017615 0.038768 -0.057000 1.014105 0.033925 -0.057000 1.011078 0.028767 -0.057000 1.008562 0.023342 -0.057000 1.006580 0.017699 -0.057000 1.005151 0.011892 -0.057000 1.004288 0.005974 -0.057000 1.004000 0.000000 -0.057000 1.004288 -0.005974 -0.057000 1.005151 -0.011892 -0.057000 1.006580 -0.017699 -0.057000 1.008562 -0.023342 -0.057000 1.011078 -0.028767 -0.057000 1.014105 -0.033925 -0.057000 1.017615 -0.038768 -0.057000 1.021576 -0.043249 -0.057000 1.025949 -0.047328 -0.057000 1.030696 -0.050967 -0.057000 1.035771 -0.054131 -0.057000 1.041127 -0.056792 -0.057000 1.046714 -0.058924 -0.057000 1.052481 -0.060508 -0.057000 1.058374 -0.061529 -0.057000 1.064338 -0.061978 -0.057000 1.070317 -0.061850 -0.057000 1.076256 -0.061146 -0.057000 1.082100 -0.059873 -0.057000 1.097189 -0.056970 -0.057000 1.112377 -0.054642 -0.057000 1.127642 -0.052894 -0.057000 1.142963 -0.051726 -0.057000 1.158317 -0.051142 -0.057000 1.173683 -0.051142 -0.057000 1.189037 -0.051726 -0.057000 1.204358 -0.052894 -0.057000 1.219623 -0.054642 -0.057000 1.234811 -0.056970 -0.057000 1.249900 -0.059873 -0.057000 1.255744 -0.061146 -0.057000 1.261683 -0.061850 -0.057000 1.267662 -0.061978 -0.057000 1.273626 -0.061529 -0.057000 1.279519 -0.060508 -0.057000 1.285286 -0.058924 -0.057000 1.290873 -0.056792 -0.057000 1.296229 -0.054131 -0.057000 1.301304 -0.050967 -0.057000 1.306051 -0.047328 -0.057000 1.310424 -0.043249 -0.057000 1.314385 -0.038768 -0.057000 1.317895 -0.033925 -0.057000 1.320922 -0.028767 -0.057000 1.323438 -0.023342 -0.057000 1.325420 -0.017699 -0.057000 1.326849 -0.011892 -0.057000 1.327712 -0.005974 -0.057000 1.328000 0.000000 -0.057000 1.327712 0.005974 -0.057000 1.326849 0.011892 -0.057000 1.325420 0.017699 -0.057000 1.323438 0.023342 -0.057000 1.320922 0.028767 -0.057000 1.317895 0.033925 -0.057000 1.314385 0.038768 -0.057000 1.310424 0.043249 -0.057000 1.306051 0.047328 -0.057000 1.301304 0.050967 -0.057000 1.296229 0.054131 -0.057000 1.290873 0.056792 -0.057000 1.285286 0.058924 -0.057000 1.279519 0.060508 -0.057000 1.273626 0.061529 -0.057000 1.267662 0.061978 -0.057000 1.261683 0.061850 -0.057000 1.255744 0.061146 -0.057000 1.082100 -0.059873 0.057000 1.249900 -0.059873 0.057000 1.234811 -0.056970 0.057000 1.219623 -0.054642 0.057000 1.204358 -0.052894 0.057000 1.189037 -0.051726 0.057000 1.173683 -0.051142 0.057000 1.158317 -0.051142 0.057000 1.142963 -0.051726 0.057000 1.127642 -0.052894 0.057000 1.112377 -0.054642 0.057000 1.097189 -0.056970 0.057000 1.082100 0.059873 0.057000 1.076256 -0.061146 0.057000 1.070317 -0.061850 0.057000 1.064338 -0.061978 0.057000 1.058374 -0.061529 0.057000 1.052481 -0.060508 0.057000 1.046714 -0.058924 0.057000 1.041127 -0.056792 0.057000 1.035771 -0.054131 0.057000 1.030696 -0.050967 0.057000 1.025949 -0.047328 0.057000 1.021576 -0.043249 0.057000 1.017615 -0.038768 0.057000 1.014105 -0.033925 0.057000 1.011078 -0.028767 0.057000 1.008562 -0.023342 0.057000 1.006580 -0.017699 0.057000 1.005151 -0.011892 0.057000 1.004288 -0.005974 0.057000 1.004000 0.000000 0.057000 1.004288 0.005974 0.057000 1.005151 0.011892 0.057000 1.006580 0.017699 0.057000 1.008562 0.023342 0.057000 1.011078 0.028767 0.057000 1.014105 0.033925 0.057000 1.017615 0.038768 0.057000 1.021576 0.043249 0.057000 1.025949 0.047328 0.057000 1.030696 0.050967 0.057000 1.035771 0.054131 0.057000 1.041127 0.056792 0.057000 1.046714 0.058924 0.057000 1.052481 0.060508 0.057000 1.058374 0.061529 0.057000 1.064338 0.061978 0.057000 1.070317 0.061850 0.057000 1.076256 0.061146 0.057000 1.097204 0.057112 0.057000 1.112399 0.054899 0.057000 1.127663 0.053237 0.057000 1.142978 0.052127 0.057000 1.158323 0.051572 0.057000 1.173677 0.051572 0.057000 1.189022 0.052127 0.057000 1.204337 0.053237 0.057000 1.219601 0.054899 0.057000 1.234796 0.057112 0.057000 1.249900 0.059873 0.057000 1.255744 0.061146 0.057000 1.261683 0.061850 0.057000 1.267662 0.061978 0.057000 1.273626 0.061529 0.057000 1.279519 0.060508 0.057000 1.285286 0.058924 0.057000 1.290873 0.056792 0.057000 1.296229 0.054131 0.057000 1.301304 0.050967 0.057000 1.306051 0.047328 0.057000 1.310424 0.043249 0.057000 1.314385 0.038768 0.057000 1.317895 0.033925 0.057000 1.320922 0.028767 0.057000 1.323438 0.023342 0.057000 1.325420 0.017699 0.057000 1.326849 0.011892 0.057000 1.327712 0.005974 0.057000 1.328000 0.000000 0.057000 1.327712 -0.005974 0.057000 1.326849 -0.011892 0.057000 1.325420 -0.017699 0.057000 1.323438 -0.023342 0.057000 1.320922 -0.028767 0.057000 1.317895 -0.033925 0.057000 1.314385 -0.038768 0.057000 1.310424 -0.043249 0.057000 1.306051 -0.047328 0.057000 1.301304 -0.050967 0.057000 1.296229 -0.054131 0.057000 1.290873 -0.056792 0.057000 1.285286 -0.058924 0.057000 1.279519 -0.060508 0.057000 1.273626 -0.061529 0.057000 1.267662 -0.061978 0.057000 1.261683 -0.061850 0.057000 1.255744 -0.061146 0.057000 1.088072 0.082084 -0.057000 1.102101 0.079515 -0.057000 1.116214 0.077455 -0.057000 1.130391 0.075907 -0.057000 1.144616 0.074875 -0.057000 1.158869 0.074358 -0.057000 1.173131 0.074358 -0.057000 1.187384 0.074875 -0.057000 1.201609 0.075907 -0.057000 1.215786 0.077455 -0.057000 1.229899 0.079515 -0.057000 1.243928 0.082084 -0.057000 1.243928 0.082084 -0.064000 1.229899 0.079515 -0.064000 1.215786 0.077455 -0.064000 1.201609 0.075907 -0.064000 1.187384 0.074875 -0.064000 1.173131 0.074358 -0.064000 1.158869 0.074358 -0.064000 1.144616 0.074875 -0.064000 1.130391 0.075907 -0.064000 1.116214 0.077455 -0.064000 1.102101 0.079515 -0.064000 1.088072 0.082084 -0.064000 1.250683 0.083608 -0.057000 1.257539 0.084578 -0.057000 1.264451 0.084986 -0.057000 1.271374 0.084830 -0.057000 1.278261 0.084111 -0.057000 1.285067 0.082834 -0.057000 1.291746 0.081007 -0.057000 1.298255 0.078642 -0.057000 1.304549 0.075756 -0.057000 1.310587 0.072367 -0.057000 1.316330 0.068497 -0.057000 1.321739 0.064173 -0.057000 1.326777 0.059423 -0.057000 1.331412 0.054279 -0.057000 1.335614 0.048775 -0.057000 1.339353 0.042946 -0.057000 1.342605 0.036833 -0.057000 1.345349 0.030475 -0.057000 1.347566 0.023915 -0.057000 1.349242 0.017197 -0.057000 1.350366 0.010364 -0.057000 1.350929 0.003462 -0.057000 1.350929 -0.003462 -0.057000 1.350366 -0.010364 -0.057000 1.349242 -0.017197 -0.057000 1.347566 -0.023915 -0.057000 1.345349 -0.030475 -0.057000 1.342605 -0.036833 -0.057000 1.339353 -0.042946 -0.057000 1.335614 -0.048775 -0.057000 1.331412 -0.054279 -0.057000 1.326777 -0.059423 -0.057000 1.321739 -0.064173 -0.057000 1.316330 -0.068497 -0.057000 1.310587 -0.072367 -0.057000 1.304549 -0.075756 -0.057000 1.298255 -0.078642 -0.057000 1.291746 -0.081007 -0.057000 1.285067 -0.082834 -0.057000 1.278261 -0.084111 -0.057000 1.271374 -0.084830 -0.057000 1.264451 -0.084986 -0.057000 1.257539 -0.084578 -0.057000 1.250683 -0.083608 -0.057000 1.243928 -0.082084 -0.057000 1.243928 -0.082084 -0.064000 1.250683 -0.083608 -0.064000 1.257539 -0.084578 -0.064000 1.264451 -0.084986 -0.064000 1.271374 -0.084830 -0.064000 1.278261 -0.084111 -0.064000 1.285067 -0.082834 -0.064000 1.291746 -0.081007 -0.064000 1.298255 -0.078642 -0.064000 1.304549 -0.075756 -0.064000 1.310587 -0.072367 -0.064000 1.316330 -0.068497 -0.064000 1.321739 -0.064173 -0.064000 1.326777 -0.059423 -0.064000 1.331412 -0.054279 -0.064000 1.335614 -0.048775 -0.064000 1.339353 -0.042946 -0.064000 1.342605 -0.036833 -0.064000 1.345349 -0.030475 -0.064000 1.347566 -0.023915 -0.064000 1.349242 -0.017197 -0.064000 1.350366 -0.010364 -0.064000 1.350929 -0.003462 -0.064000 1.350929 0.003462 -0.064000 1.350366 0.010364 -0.064000 1.349242 0.017197 -0.064000 1.347566 0.023915 -0.064000 1.345349 0.030475 -0.064000 1.342605 0.036833 -0.064000 1.339353 0.042946 -0.064000 1.335614 0.048775 -0.064000 1.331412 0.054279 -0.064000 1.326777 0.059423 -0.064000 1.321739 0.064173 -0.064000 1.316330 0.068497 -0.064000 1.310587 0.072367 -0.064000 1.304549 0.075756 -0.064000 1.298255 0.078642 -0.064000 1.291746 0.081007 -0.064000 1.285067 0.082834 -0.064000 1.278261 0.084111 -0.064000 1.271374 0.084830 -0.064000 1.264451 0.084986 -0.064000 1.257539 0.084578 -0.064000 1.250683 0.083608 -0.064000 1.229893 -0.079573 -0.057000 1.215778 -0.077561 -0.057000 1.201600 -0.076049 -0.057000 1.187378 -0.075040 -0.057000 1.173129 -0.074535 -0.057000 1.158871 -0.074535 -0.057000 1.144622 -0.075040 -0.057000 1.130400 -0.076049 -0.057000 1.116222 -0.077561 -0.057000 1.102107 -0.079573 -0.057000 1.088072 -0.082084 -0.057000 1.088072 -0.082084 -0.064000 1.102107 -0.079573 -0.064000 1.116222 -0.077561 -0.064000 1.130400 -0.076049 -0.064000 1.144622 -0.075040 -0.064000 1.158871 -0.074535 -0.064000 1.173129 -0.074535 -0.064000 1.187378 -0.075040 -0.064000 1.201600 -0.076049 -0.064000 1.215778 -0.077561 -0.064000 1.229893 -0.079573 -0.064000 1.081317 -0.083608 -0.057000 1.074461 -0.084578 -0.057000 1.067549 -0.084986 -0.057000 1.060626 -0.084830 -0.057000 1.053739 -0.084111 -0.057000 1.046933 -0.082834 -0.057000 1.040254 -0.081007 -0.057000 1.033745 -0.078642 -0.057000 1.027451 -0.075756 -0.057000 1.021413 -0.072367 -0.057000 1.015670 -0.068497 -0.057000 1.010261 -0.064173 -0.057000 1.005223 -0.059423 -0.057000 1.000588 -0.054279 -0.057000 0.996386 -0.048775 -0.057000 0.992647 -0.042946 -0.057000 0.989395 -0.036833 -0.057000 0.986651 -0.030475 -0.057000 0.984434 -0.023915 -0.057000 0.982758 -0.017197 -0.057000 0.981634 -0.010364 -0.057000 0.981071 -0.003462 -0.057000 0.981071 0.003462 -0.057000 0.981634 0.010364 -0.057000 0.982758 0.017197 -0.057000 0.984434 0.023915 -0.057000 0.986651 0.030475 -0.057000 0.989395 0.036833 -0.057000 0.992647 0.042946 -0.057000 0.996386 0.048775 -0.057000 1.000588 0.054279 -0.057000 1.005223 0.059423 -0.057000 1.010261 0.064173 -0.057000 1.015670 0.068497 -0.057000 1.021413 0.072367 -0.057000 1.027451 0.075756 -0.057000 1.033745 0.078642 -0.057000 1.040254 0.081007 -0.057000 1.046933 0.082834 -0.057000 1.053739 0.084111 -0.057000 1.060626 0.084830 -0.057000 1.067549 0.084986 -0.057000 1.074461 0.084578 -0.057000 1.081317 0.083608 -0.057000 1.081317 0.083608 -0.064000 1.074461 0.084578 -0.064000 1.067549 0.084986 -0.064000 1.060626 0.084830 -0.064000 1.053739 0.084111 -0.064000 1.046933 0.082834 -0.064000 1.040254 0.081007 -0.064000 1.033745 0.078642 -0.064000 1.027451 0.075756 -0.064000 1.021413 0.072367 -0.064000 1.015670 0.068497 -0.064000 1.010261 0.064173 -0.064000 1.005223 0.059423 -0.064000 1.000588 0.054279 -0.064000 0.996386 0.048775 -0.064000 0.992647 0.042946 -0.064000 0.989395 0.036833 -0.064000 0.986651 0.030475 -0.064000 0.984434 0.023915 -0.064000 0.982758 0.017197 -0.064000 0.981634 0.010364 -0.064000 0.981071 0.003462 -0.064000 0.981071 -0.003462 -0.064000 0.981634 -0.010364 -0.064000 0.982758 -0.017197 -0.064000 0.984434 -0.023915 -0.064000 0.986651 -0.030475 -0.064000 0.989395 -0.036833 -0.064000 0.992647 -0.042946 -0.064000 0.996386 -0.048775 -0.064000 1.000588 -0.054279 -0.064000 1.005223 -0.059423 -0.064000 1.010261 -0.064173 -0.064000 1.015670 -0.068497 -0.064000 1.021413 -0.072367 -0.064000 1.027451 -0.075756 -0.064000 1.033745 -0.078642 -0.064000 1.040254 -0.081007 -0.064000 1.046933 -0.082834 -0.064000 1.053739 -0.084111 -0.064000 1.060626 -0.084830 -0.064000 1.067549 -0.084986 -0.064000 1.074461 -0.084578 -0.064000 1.081317 -0.083608 -0.064000 1.266000 -0.066000 -0.064000 1.264059 -0.066256 -0.064000 1.262250 -0.067005 -0.064000 1.260697 -0.068197 -0.064000 1.259505 -0.069750 -0.064000 1.258756 -0.071559 -0.064000 1.258500 -0.073500 -0.064000 1.258756 -0.075441 -0.064000 1.259505 -0.077250 -0.064000 1.260697 -0.078803 -0.064000 1.262250 -0.079995 -0.064000 1.264059 -0.080744 -0.064000 1.266000 -0.081000 -0.064000 1.267941 -0.080744 -0.064000 1.269750 -0.079995 -0.064000 1.271303 -0.078803 -0.064000 1.272495 -0.077250 -0.064000 1.273244 -0.075441 -0.064000 1.273500 -0.073500 -0.064000 1.273244 -0.071559 -0.064000 1.272495 -0.069750 -0.064000 1.271303 -0.068197 -0.064000 1.269750 -0.067005 -0.064000 1.267941 -0.066256 -0.064000 1.066000 -0.066000 -0.064000 1.064059 -0.066256 -0.064000 1.062250 -0.067005 -0.064000 1.060697 -0.068197 -0.064000 1.059505 -0.069750 -0.064000 1.058756 -0.071559 -0.064000 1.058500 -0.073500 -0.064000 1.058756 -0.075441 -0.064000 1.059505 -0.077250 -0.064000 1.060697 -0.078803 -0.064000 1.062250 -0.079995 -0.064000 1.064059 -0.080744 -0.064000 1.066000 -0.081000 -0.064000 1.067941 -0.080744 -0.064000 1.069750 -0.079995 -0.064000 1.071303 -0.078803 -0.064000 1.072495 -0.077250 -0.064000 1.073244 -0.075441 -0.064000 1.073500 -0.073500 -0.064000 1.073244 -0.071559 -0.064000 1.072495 -0.069750 -0.064000 1.071303 -0.068197 -0.064000 1.069750 -0.067005 -0.064000 1.067941 -0.066256 -0.064000 0.992500 0.007500 -0.064000 0.990559 0.007244 -0.064000 0.988750 0.006495 -0.064000 0.987197 0.005303 -0.064000 0.986005 0.003750 -0.064000 0.985256 0.001941 -0.064000 0.985000 0.000000 -0.064000 0.985256 -0.001941 -0.064000 0.986005 -0.003750 -0.064000 0.987197 -0.005303 -0.064000 0.988750 -0.006495 -0.064000 0.990559 -0.007244 -0.064000 0.992500 -0.007500 -0.064000 0.994441 -0.007244 -0.064000 0.996250 -0.006495 -0.064000 0.997803 -0.005303 -0.064000 0.998995 -0.003750 -0.064000 0.999744 -0.001941 -0.064000 1.000000 0.000000 -0.064000 0.999744 0.001941 -0.064000 0.998995 0.003750 -0.064000 0.997803 0.005303 -0.064000 0.996250 0.006495 -0.064000 0.994441 0.007244 -0.064000 1.066000 0.079410 -0.064000 1.064470 0.079209 -0.064000 1.063045 0.078618 -0.064000 1.061821 0.077679 -0.064000 1.060882 0.076455 -0.064000 1.060291 0.075030 -0.064000 1.060090 0.073500 -0.064000 1.060291 0.071970 -0.064000 1.060882 0.070545 -0.064000 1.061821 0.069321 -0.064000 1.063045 0.068382 -0.064000 1.064470 0.067791 -0.064000 1.066000 0.067590 -0.064000 1.067530 0.067791 -0.064000 1.068955 0.068382 -0.064000 1.070179 0.069321 -0.064000 1.071118 0.070545 -0.064000 1.071709 0.071970 -0.064000 1.071910 0.073500 -0.064000 1.071709 0.075030 -0.064000 1.071118 0.076455 -0.064000 1.070179 0.077679 -0.064000 1.068955 0.078618 -0.064000 1.067530 0.079209 -0.064000 1.166000 0.070250 -0.064000 1.164059 0.069994 -0.064000 1.162250 0.069245 -0.064000 1.160697 0.068053 -0.064000 1.159505 0.066500 -0.064000 1.158756 0.064691 -0.064000 1.158500 0.062750 -0.064000 1.158756 0.060809 -0.064000 1.159505 0.059000 -0.064000 1.160697 0.057447 -0.064000 1.162250 0.056255 -0.064000 1.164059 0.055506 -0.064000 1.166000 0.055250 -0.064000 1.167941 0.055506 -0.064000 1.169750 0.056255 -0.064000 1.171303 0.057447 -0.064000 1.172495 0.059000 -0.064000 1.173244 0.060809 -0.064000 1.173500 0.062750 -0.064000 1.173244 0.064691 -0.064000 1.172495 0.066500 -0.064000 1.171303 0.068053 -0.064000 1.169750 0.069245 -0.064000 1.167941 0.069994 -0.064000 1.339500 0.007500 -0.064000 1.337559 0.007244 -0.064000 1.335750 0.006495 -0.064000 1.334197 0.005303 -0.064000 1.333005 0.003750 -0.064000 1.332256 0.001941 -0.064000 1.332000 0.000000 -0.064000 1.332256 -0.001941 -0.064000 1.333005 -0.003750 -0.064000 1.334197 -0.005303 -0.064000 1.335750 -0.006495 -0.064000 1.337559 -0.007244 -0.064000 1.339500 -0.007500 -0.064000 1.341441 -0.007244 -0.064000 1.343250 -0.006495 -0.064000 1.344803 -0.005303 -0.064000 1.345995 -0.003750 -0.064000 1.346744 -0.001941 -0.064000 1.347000 0.000000 -0.064000 1.346744 0.001941 -0.064000 1.345995 0.003750 -0.064000 1.344803 0.005303 -0.064000 1.343250 0.006495 -0.064000 1.341441 0.007244 -0.064000 1.266000 0.081000 -0.064000 1.264059 0.080744 -0.064000 1.262250 0.079995 -0.064000 1.260697 0.078803 -0.064000 1.259505 0.077250 -0.064000 1.258756 0.075441 -0.064000 1.258500 0.073500 -0.064000 1.258756 0.071559 -0.064000 1.259505 0.069750 -0.064000 1.260697 0.068197 -0.064000 1.262250 0.067005 -0.064000 1.264059 0.066256 -0.064000 1.266000 0.066000 -0.064000 1.267941 0.066256 -0.064000 1.269750 0.067005 -0.064000 1.271303 0.068197 -0.064000 1.272495 0.069750 -0.064000 1.273244 0.071559 -0.064000 1.273500 0.073500 -0.064000 1.273244 0.075441 -0.064000 1.272495 0.077250 -0.064000 1.271303 0.078803 -0.064000 1.269750 0.079995 -0.064000 1.267941 0.080744 -0.064000 1.266000 -0.066000 -0.057000 1.267941 -0.066256 -0.057000 1.269750 -0.067005 -0.057000 1.271303 -0.068197 -0.057000 1.272495 -0.069750 -0.057000 1.273244 -0.071559 -0.057000 1.273500 -0.073500 -0.057000 1.273244 -0.075441 -0.057000 1.272495 -0.077250 -0.057000 1.271303 -0.078803 -0.057000 1.269750 -0.079995 -0.057000 1.267941 -0.080744 -0.057000 1.266000 -0.081000 -0.057000 1.264059 -0.080744 -0.057000 1.262250 -0.079995 -0.057000 1.260697 -0.078803 -0.057000 1.259505 -0.077250 -0.057000 1.258756 -0.075441 -0.057000 1.258500 -0.073500 -0.057000 1.258756 -0.071559 -0.057000 1.259505 -0.069750 -0.057000 1.260697 -0.068197 -0.057000 1.262250 -0.067005 -0.057000 1.264059 -0.066256 -0.057000 1.066000 -0.066000 -0.057000 1.067941 -0.066256 -0.057000 1.069750 -0.067005 -0.057000 1.071303 -0.068197 -0.057000 1.072495 -0.069750 -0.057000 1.073244 -0.071559 -0.057000 1.073500 -0.073500 -0.057000 1.073244 -0.075441 -0.057000 1.072495 -0.077250 -0.057000 1.071303 -0.078803 -0.057000 1.069750 -0.079995 -0.057000 1.067941 -0.080744 -0.057000 1.066000 -0.081000 -0.057000 1.064059 -0.080744 -0.057000 1.062250 -0.079995 -0.057000 1.060697 -0.078803 -0.057000 1.059505 -0.077250 -0.057000 1.058756 -0.075441 -0.057000 1.058500 -0.073500 -0.057000 1.058756 -0.071559 -0.057000 1.059505 -0.069750 -0.057000 1.060697 -0.068197 -0.057000 1.062250 -0.067005 -0.057000 1.064059 -0.066256 -0.057000 0.992500 0.007500 -0.057000 0.994441 0.007244 -0.057000 0.996250 0.006495 -0.057000 0.997803 0.005303 -0.057000 0.998995 0.003750 -0.057000 0.999744 0.001941 -0.057000 1.000000 0.000000 -0.057000 0.999744 -0.001941 -0.057000 0.998995 -0.003750 -0.057000 0.997803 -0.005303 -0.057000 0.996250 -0.006495 -0.057000 0.994441 -0.007244 -0.057000 0.992500 -0.007500 -0.057000 0.990559 -0.007244 -0.057000 0.988750 -0.006495 -0.057000 0.987197 -0.005303 -0.057000 0.986005 -0.003750 -0.057000 0.985256 -0.001941 -0.057000 0.985000 0.000000 -0.057000 0.985256 0.001941 -0.057000 0.986005 0.003750 -0.057000 0.987197 0.005303 -0.057000 0.988750 0.006495 -0.057000 0.990559 0.007244 -0.057000 1.066000 0.079410 -0.057000 1.067530 0.079209 -0.057000 1.068955 0.078618 -0.057000 1.070179 0.077679 -0.057000 1.071118 0.076455 -0.057000 1.071709 0.075030 -0.057000 1.071910 0.073500 -0.057000 1.071709 0.071970 -0.057000 1.071118 0.070545 -0.057000 1.070179 0.069321 -0.057000 1.068955 0.068382 -0.057000 1.067530 0.067791 -0.057000 1.066000 0.067590 -0.057000 1.064470 0.067791 -0.057000 1.063045 0.068382 -0.057000 1.061821 0.069321 -0.057000 1.060882 0.070545 -0.057000 1.060291 0.071970 -0.057000 1.060090 0.073500 -0.057000 1.060291 0.075030 -0.057000 1.060882 0.076455 -0.057000 1.061821 0.077679 -0.057000 1.063045 0.078618 -0.057000 1.064470 0.079209 -0.057000 1.166000 0.070250 -0.057000 1.167941 0.069994 -0.057000 1.169750 0.069245 -0.057000 1.171303 0.068053 -0.057000 1.172495 0.066500 -0.057000 1.173244 0.064691 -0.057000 1.173500 0.062750 -0.057000 1.173244 0.060809 -0.057000 1.172495 0.059000 -0.057000 1.171303 0.057447 -0.057000 1.169750 0.056255 -0.057000 1.167941 0.055506 -0.057000 1.166000 0.055250 -0.057000 1.164059 0.055506 -0.057000 1.162250 0.056255 -0.057000 1.160697 0.057447 -0.057000 1.159505 0.059000 -0.057000 1.158756 0.060809 -0.057000 1.158500 0.062750 -0.057000 1.158756 0.064691 -0.057000 1.159505 0.066500 -0.057000 1.160697 0.068053 -0.057000 1.162250 0.069245 -0.057000 1.164059 0.069994 -0.057000 1.339500 0.007500 -0.057000 1.341441 0.007244 -0.057000 1.343250 0.006495 -0.057000 1.344803 0.005303 -0.057000 1.345995 0.003750 -0.057000 1.346744 0.001941 -0.057000 1.347000 0.000000 -0.057000 1.346744 -0.001941 -0.057000 1.345995 -0.003750 -0.057000 1.344803 -0.005303 -0.057000 1.343250 -0.006495 -0.057000 1.341441 -0.007244 -0.057000 1.339500 -0.007500 -0.057000 1.337559 -0.007244 -0.057000 1.335750 -0.006495 -0.057000 1.334197 -0.005303 -0.057000 1.333005 -0.003750 -0.057000 1.332256 -0.001941 -0.057000 1.332000 0.000000 -0.057000 1.332256 0.001941 -0.057000 1.333005 0.003750 -0.057000 1.334197 0.005303 -0.057000 1.335750 0.006495 -0.057000 1.337559 0.007244 -0.057000 1.266000 0.081000 -0.057000 1.267941 0.080744 -0.057000 1.269750 0.079995 -0.057000 1.271303 0.078803 -0.057000 1.272495 0.077250 -0.057000 1.273244 0.075441 -0.057000 1.273500 0.073500 -0.057000 1.273244 0.071559 -0.057000 1.272495 0.069750 -0.057000 1.271303 0.068197 -0.057000 1.269750 0.067005 -0.057000 1.267941 0.066256 -0.057000 1.266000 0.066000 -0.057000 1.264059 0.066256 -0.057000 1.262250 0.067005 -0.057000 1.260697 0.068197 -0.057000 1.259505 0.069750 -0.057000 1.258756 0.071559 -0.057000 1.258500 0.073500 -0.057000 1.258756 0.075441 -0.057000 1.259505 0.077250 -0.057000 1.260697 0.078803 -0.057000 1.262250 0.079995 -0.057000 1.264059 0.080744 -0.057000 1.088072 0.082084 0.057000 1.102101 0.079515 0.057000 1.116214 0.077455 0.057000 1.130391 0.075907 0.057000 1.144616 0.074875 0.057000 1.158869 0.074358 0.057000 1.173131 0.074358 0.057000 1.187384 0.074875 0.057000 1.201609 0.075907 0.057000 1.215786 0.077455 0.057000 1.229899 0.079515 0.057000 1.243928 0.082084 0.057000 1.250683 0.083608 0.057000 1.257539 0.084578 0.057000 1.264451 0.084986 0.057000 1.271374 0.084830 0.057000 1.278261 0.084111 0.057000 1.285067 0.082834 0.057000 1.291746 0.081007 0.057000 1.298255 0.078642 0.057000 1.304549 0.075756 0.057000 1.310587 0.072367 0.057000 1.316330 0.068497 0.057000 1.321739 0.064173 0.057000 1.326777 0.059423 0.057000 1.331412 0.054279 0.057000 1.335614 0.048775 0.057000 1.339353 0.042946 0.057000 1.342605 0.036833 0.057000 1.345349 0.030475 0.057000 1.347566 0.023915 0.057000 1.349242 0.017197 0.057000 1.350366 0.010364 0.057000 1.350929 0.003462 0.057000 1.350929 -0.003462 0.057000 1.350366 -0.010364 0.057000 1.349242 -0.017197 0.057000 1.347566 -0.023915 0.057000 1.345349 -0.030475 0.057000 1.342605 -0.036833 0.057000 1.339353 -0.042946 0.057000 1.335614 -0.048775 0.057000 1.331412 -0.054279 0.057000 1.326777 -0.059423 0.057000 1.321739 -0.064173 0.057000 1.316330 -0.068497 0.057000 1.310587 -0.072367 0.057000 1.304549 -0.075756 0.057000 1.298255 -0.078642 0.057000 1.291746 -0.081007 0.057000 1.285067 -0.082834 0.057000 1.278261 -0.084111 0.057000 1.271374 -0.084830 0.057000 1.264451 -0.084986 0.057000 1.257539 -0.084578 0.057000 1.250683 -0.083608 0.057000 1.243928 -0.082084 0.057000 1.229893 -0.079573 0.057000 1.215778 -0.077561 0.057000 1.201600 -0.076049 0.057000 1.187378 -0.075040 0.057000 1.173129 -0.074535 0.057000 1.158871 -0.074535 0.057000 1.144622 -0.075040 0.057000 1.130400 -0.076049 0.057000 1.116222 -0.077561 0.057000 1.102107 -0.079573 0.057000 1.088072 -0.082084 0.057000 1.081317 -0.083608 0.057000 1.074461 -0.084578 0.057000 1.067549 -0.084986 0.057000 1.060626 -0.084830 0.057000 1.053739 -0.084111 0.057000 1.046933 -0.082834 0.057000 1.040254 -0.081007 0.057000 1.033745 -0.078642 0.057000 1.027451 -0.075756 0.057000 1.021413 -0.072367 0.057000 1.015670 -0.068497 0.057000 1.010261 -0.064173 0.057000 1.005223 -0.059423 0.057000 1.000588 -0.054279 0.057000 0.996386 -0.048775 0.057000 0.992647 -0.042946 0.057000 0.989395 -0.036833 0.057000 0.986651 -0.030475 0.057000 0.984434 -0.023915 0.057000 0.982758 -0.017197 0.057000 0.981634 -0.010364 0.057000 0.981071 -0.003462 0.057000 0.981071 0.003462 0.057000 0.981634 0.010364 0.057000 0.982758 0.017197 0.057000 0.984434 0.023915 0.057000 0.986651 0.030475 0.057000 0.989395 0.036833 0.057000 0.992647 0.042946 0.057000 0.996386 0.048775 0.057000 1.000588 0.054279 0.057000 1.005223 0.059423 0.057000 1.010261 0.064173 0.057000 1.015670 0.068497 0.057000 1.021413 0.072367 0.057000 1.027451 0.075756 0.057000 1.033745 0.078642 0.057000 1.040254 0.081007 0.057000 1.046933 0.082834 0.057000 1.053739 0.084111 0.057000 1.060626 0.084830 0.057000 1.067549 0.084986 0.057000 1.074461 0.084578 0.057000 1.081317 0.083608 0.057000 1.266000 -0.066000 0.057000 1.264059 -0.066256 0.057000 1.262250 -0.067005 0.057000 1.260697 -0.068197 0.057000 1.259505 -0.069750 0.057000 1.258756 -0.071559 0.057000 1.258500 -0.073500 0.057000 1.258756 -0.075441 0.057000 1.259505 -0.077250 0.057000 1.260697 -0.078803 0.057000 1.262250 -0.079995 0.057000 1.264059 -0.080744 0.057000 1.266000 -0.081000 0.057000 1.267941 -0.080744 0.057000 1.269750 -0.079995 0.057000 1.271303 -0.078803 0.057000 1.272495 -0.077250 0.057000 1.273244 -0.075441 0.057000 1.273500 -0.073500 0.057000 1.273244 -0.071559 0.057000 1.272495 -0.069750 0.057000 1.271303 -0.068197 0.057000 1.269750 -0.067005 0.057000 1.267941 -0.066256 0.057000 1.066000 -0.066000 0.057000 1.064059 -0.066256 0.057000 1.062250 -0.067005 0.057000 1.060697 -0.068197 0.057000 1.059505 -0.069750 0.057000 1.058756 -0.071559 0.057000 1.058500 -0.073500 0.057000 1.058756 -0.075441 0.057000 1.059505 -0.077250 0.057000 1.060697 -0.078803 0.057000 1.062250 -0.079995 0.057000 1.064059 -0.080744 0.057000 1.066000 -0.081000 0.057000 1.067941 -0.080744 0.057000 1.069750 -0.079995 0.057000 1.071303 -0.078803 0.057000 1.072495 -0.077250 0.057000 1.073244 -0.075441 0.057000 1.073500 -0.073500 0.057000 1.073244 -0.071559 0.057000 1.072495 -0.069750 0.057000 1.071303 -0.068197 0.057000 1.069750 -0.067005 0.057000 1.067941 -0.066256 0.057000 0.992500 0.007500 0.057000 0.990559 0.007244 0.057000 0.988750 0.006495 0.057000 0.987197 0.005303 0.057000 0.986005 0.003750 0.057000 0.985256 0.001941 0.057000 0.985000 0.000000 0.057000 0.985256 -0.001941 0.057000 0.986005 -0.003750 0.057000 0.987197 -0.005303 0.057000 0.988750 -0.006495 0.057000 0.990559 -0.007244 0.057000 0.992500 -0.007500 0.057000 0.994441 -0.007244 0.057000 0.996250 -0.006495 0.057000 0.997803 -0.005303 0.057000 0.998995 -0.003750 0.057000 0.999744 -0.001941 0.057000 1.000000 0.000000 0.057000 0.999744 0.001941 0.057000 0.998995 0.003750 0.057000 0.997803 0.005303 0.057000 0.996250 0.006495 0.057000 0.994441 0.007244 0.057000 1.066000 0.079410 0.057000 1.064470 0.079209 0.057000 1.063045 0.078618 0.057000 1.061821 0.077679 0.057000 1.060882 0.076455 0.057000 1.060291 0.075030 0.057000 1.060090 0.073500 0.057000 1.060291 0.071970 0.057000 1.060882 0.070545 0.057000 1.061821 0.069321 0.057000 1.063045 0.068382 0.057000 1.064470 0.067791 0.057000 1.066000 0.067590 0.057000 1.067530 0.067791 0.057000 1.068955 0.068382 0.057000 1.070179 0.069321 0.057000 1.071118 0.070545 0.057000 1.071709 0.071970 0.057000 1.071910 0.073500 0.057000 1.071709 0.075030 0.057000 1.071118 0.076455 0.057000 1.070179 0.077679 0.057000 1.068955 0.078618 0.057000 1.067530 0.079209 0.057000 1.166000 0.070250 0.057000 1.164059 0.069994 0.057000 1.162250 0.069245 0.057000 1.160697 0.068053 0.057000 1.159505 0.066500 0.057000 1.158756 0.064691 0.057000 1.158500 0.062750 0.057000 1.158756 0.060809 0.057000 1.159505 0.059000 0.057000 1.160697 0.057447 0.057000 1.162250 0.056255 0.057000 1.164059 0.055506 0.057000 1.166000 0.055250 0.057000 1.167941 0.055506 0.057000 1.169750 0.056255 0.057000 1.171303 0.057447 0.057000 1.172495 0.059000 0.057000 1.173244 0.060809 0.057000 1.173500 0.062750 0.057000 1.173244 0.064691 0.057000 1.172495 0.066500 0.057000 1.171303 0.068053 0.057000 1.169750 0.069245 0.057000 1.167941 0.069994 0.057000 1.339500 0.007500 0.057000 1.337559 0.007244 0.057000 1.335750 0.006495 0.057000 1.334197 0.005303 0.057000 1.333005 0.003750 0.057000 1.332256 0.001941 0.057000 1.332000 0.000000 0.057000 1.332256 -0.001941 0.057000 1.333005 -0.003750 0.057000 1.334197 -0.005303 0.057000 1.335750 -0.006495 0.057000 1.337559 -0.007244 0.057000 1.339500 -0.007500 0.057000 1.341441 -0.007244 0.057000 1.343250 -0.006495 0.057000 1.344803 -0.005303 0.057000 1.345995 -0.003750 0.057000 1.346744 -0.001941 0.057000 1.347000 0.000000 0.057000 1.346744 0.001941 0.057000 1.345995 0.003750 0.057000 1.344803 0.005303 0.057000 1.343250 0.006495 0.057000 1.341441 0.007244 0.057000 1.266000 0.081000 0.057000 1.264059 0.080744 0.057000 1.262250 0.079995 0.057000 1.260697 0.078803 0.057000 1.259505 0.077250 0.057000 1.258756 0.075441 0.057000 1.258500 0.073500 0.057000 1.258756 0.071559 0.057000 1.259505 0.069750 0.057000 1.260697 0.068197 0.057000 1.262250 0.067005 0.057000 1.264059 0.066256 0.057000 1.266000 0.066000 0.057000 1.267941 0.066256 0.057000 1.269750 0.067005 0.057000 1.271303 0.068197 0.057000 1.272495 0.069750 0.057000 1.273244 0.071559 0.057000 1.273500 0.073500 0.057000 1.273244 0.075441 0.057000 1.272495 0.077250 0.057000 1.271303 0.078803 0.057000 1.269750 0.079995 0.057000 1.267941 0.080744 0.057000 1.088072 0.082084 0.064000 1.102101 0.079515 0.064000 1.116214 0.077455 0.064000 1.130391 0.075907 0.064000 1.144616 0.074875 0.064000 1.158869 0.074358 0.064000 1.173131 0.074358 0.064000 1.187384 0.074875 0.064000 1.201609 0.075907 0.064000 1.215786 0.077455 0.064000 1.229899 0.079515 0.064000 1.243928 0.082084 0.064000 1.088072 -0.082084 0.064000 1.081317 -0.083608 0.064000 1.074461 -0.084578 0.064000 1.067549 -0.084986 0.064000 1.060626 -0.084830 0.064000 1.053739 -0.084111 0.064000 1.046933 -0.082834 0.064000 1.040254 -0.081007 0.064000 1.033745 -0.078642 0.064000 1.027451 -0.075756 0.064000 1.021413 -0.072367 0.064000 1.015670 -0.068497 0.064000 1.010261 -0.064173 0.064000 1.005223 -0.059423 0.064000 1.000588 -0.054279 0.064000 0.996386 -0.048775 0.064000 0.992647 -0.042946 0.064000 0.989395 -0.036833 0.064000 0.986651 -0.030475 0.064000 0.984434 -0.023915 0.064000 0.982758 -0.017197 0.064000 0.981634 -0.010364 0.064000 0.981071 -0.003462 0.064000 0.981071 0.003462 0.064000 0.981634 0.010364 0.064000 0.982758 0.017197 0.064000 0.984434 0.023915 0.064000 0.986651 0.030475 0.064000 0.989395 0.036833 0.064000 0.992647 0.042946 0.064000 0.996386 0.048775 0.064000 1.000588 0.054279 0.064000 1.005223 0.059423 0.064000 1.010261 0.064173 0.064000 1.015670 0.068497 0.064000 1.021413 0.072367 0.064000 1.027451 0.075756 0.064000 1.033745 0.078642 0.064000 1.040254 0.081007 0.064000 1.046933 0.082834 0.064000 1.053739 0.084111 0.064000 1.060626 0.084830 0.064000 1.067549 0.084986 0.064000 1.074461 0.084578 0.064000 1.081317 0.083608 0.064000 1.243928 -0.082084 0.064000 1.229893 -0.079573 0.064000 1.215778 -0.077561 0.064000 1.201600 -0.076049 0.064000 1.187378 -0.075040 0.064000 1.173129 -0.074535 0.064000 1.158871 -0.074535 0.064000 1.144622 -0.075040 0.064000 1.130400 -0.076049 0.064000 1.116222 -0.077561 0.064000 1.102107 -0.079573 0.064000 1.250683 0.083608 0.064000 1.257539 0.084578 0.064000 1.264451 0.084986 0.064000 1.271374 0.084830 0.064000 1.278261 0.084111 0.064000 1.285067 0.082834 0.064000 1.291746 0.081007 0.064000 1.298255 0.078642 0.064000 1.304549 0.075756 0.064000 1.310587 0.072367 0.064000 1.316330 0.068497 0.064000 1.321739 0.064173 0.064000 1.326777 0.059423 0.064000 1.331412 0.054279 0.064000 1.335614 0.048775 0.064000 1.339353 0.042946 0.064000 1.342605 0.036833 0.064000 1.345349 0.030475 0.064000 1.347566 0.023915 0.064000 1.349242 0.017197 0.064000 1.350366 0.010364 0.064000 1.350929 0.003462 0.064000 1.350929 -0.003462 0.064000 1.350366 -0.010364 0.064000 1.349242 -0.017197 0.064000 1.347566 -0.023915 0.064000 1.345349 -0.030475 0.064000 1.342605 -0.036833 0.064000 1.339353 -0.042946 0.064000 1.335614 -0.048775 0.064000 1.331412 -0.054279 0.064000 1.326777 -0.059423 0.064000 1.321739 -0.064173 0.064000 1.316330 -0.068497 0.064000 1.310587 -0.072367 0.064000 1.304549 -0.075756 0.064000 1.298255 -0.078642 0.064000 1.291746 -0.081007 0.064000 1.285067 -0.082834 0.064000 1.278261 -0.084111 0.064000 1.271374 -0.084830 0.064000 1.264451 -0.084986 0.064000 1.257539 -0.084578 0.064000 1.250683 -0.083608 0.064000 1.266000 -0.066000 0.064000 1.267941 -0.066256 0.064000 1.269750 -0.067005 0.064000 1.271303 -0.068197 0.064000 1.272495 -0.069750 0.064000 1.273244 -0.071559 0.064000 1.273500 -0.073500 0.064000 1.273244 -0.075441 0.064000 1.272495 -0.077250 0.064000 1.271303 -0.078803 0.064000 1.269750 -0.079995 0.064000 1.267941 -0.080744 0.064000 1.266000 -0.081000 0.064000 1.264059 -0.080744 0.064000 1.262250 -0.079995 0.064000 1.260697 -0.078803 0.064000 1.259505 -0.077250 0.064000 1.258756 -0.075441 0.064000 1.258500 -0.073500 0.064000 1.258756 -0.071559 0.064000 1.259505 -0.069750 0.064000 1.260697 -0.068197 0.064000 1.262250 -0.067005 0.064000 1.264059 -0.066256 0.064000 1.066000 -0.066000 0.064000 1.067941 -0.066256 0.064000 1.069750 -0.067005 0.064000 1.071303 -0.068197 0.064000 1.072495 -0.069750 0.064000 1.073244 -0.071559 0.064000 1.073500 -0.073500 0.064000 1.073244 -0.075441 0.064000 1.072495 -0.077250 0.064000 1.071303 -0.078803 0.064000 1.069750 -0.079995 0.064000 1.067941 -0.080744 0.064000 1.066000 -0.081000 0.064000 1.064059 -0.080744 0.064000 1.062250 -0.079995 0.064000 1.060697 -0.078803 0.064000 1.059505 -0.077250 0.064000 1.058756 -0.075441 0.064000 1.058500 -0.073500 0.064000 1.058756 -0.071559 0.064000 1.059505 -0.069750 0.064000 1.060697 -0.068197 0.064000 1.062250 -0.067005 0.064000 1.064059 -0.066256 0.064000 0.992500 0.007500 0.064000 0.994441 0.007244 0.064000 0.996250 0.006495 0.064000 0.997803 0.005303 0.064000 0.998995 0.003750 0.064000 0.999744 0.001941 0.064000 1.000000 0.000000 0.064000 0.999744 -0.001941 0.064000 0.998995 -0.003750 0.064000 0.997803 -0.005303 0.064000 0.996250 -0.006495 0.064000 0.994441 -0.007244 0.064000 0.992500 -0.007500 0.064000 0.990559 -0.007244 0.064000 0.988750 -0.006495 0.064000 0.987197 -0.005303 0.064000 0.986005 -0.003750 0.064000 0.985256 -0.001941 0.064000 0.985000 0.000000 0.064000 0.985256 0.001941 0.064000 0.986005 0.003750 0.064000 0.987197 0.005303 0.064000 0.988750 0.006495 0.064000 0.990559 0.007244 0.064000 1.066000 0.079410 0.064000 1.067530 0.079209 0.064000 1.068955 0.078618 0.064000 1.070179 0.077679 0.064000 1.071118 0.076455 0.064000 1.071709 0.075030 0.064000 1.071910 0.073500 0.064000 1.071709 0.071970 0.064000 1.071118 0.070545 0.064000 1.070179 0.069321 0.064000 1.068955 0.068382 0.064000 1.067530 0.067791 0.064000 1.066000 0.067590 0.064000 1.064470 0.067791 0.064000 1.063045 0.068382 0.064000 1.061821 0.069321 0.064000 1.060882 0.070545 0.064000 1.060291 0.071970 0.064000 1.060090 0.073500 0.064000 1.060291 0.075030 0.064000 1.060882 0.076455 0.064000 1.061821 0.077679 0.064000 1.063045 0.078618 0.064000 1.064470 0.079209 0.064000 1.166000 0.070250 0.064000 1.167941 0.069994 0.064000 1.169750 0.069245 0.064000 1.171303 0.068053 0.064000 1.172495 0.066500 0.064000 1.173244 0.064691 0.064000 1.173500 0.062750 0.064000 1.173244 0.060809 0.064000 1.172495 0.059000 0.064000 1.171303 0.057447 0.064000 1.169750 0.056255 0.064000 1.167941 0.055506 0.064000 1.166000 0.055250 0.064000 1.164059 0.055506 0.064000 1.162250 0.056255 0.064000 1.160697 0.057447 0.064000 1.159505 0.059000 0.064000 1.158756 0.060809 0.064000 1.158500 0.062750 0.064000 1.158756 0.064691 0.064000 1.159505 0.066500 0.064000 1.160697 0.068053 0.064000 1.162250 0.069245 0.064000 1.164059 0.069994 0.064000 1.339500 0.007500 0.064000 1.341441 0.007244 0.064000 1.343250 0.006495 0.064000 1.344803 0.005303 0.064000 1.345995 0.003750 0.064000 1.346744 0.001941 0.064000 1.347000 0.000000 0.064000 1.346744 -0.001941 0.064000 1.345995 -0.003750 0.064000 1.344803 -0.005303 0.064000 1.343250 -0.006495 0.064000 1.341441 -0.007244 0.064000 1.339500 -0.007500 0.064000 1.337559 -0.007244 0.064000 1.335750 -0.006495 0.064000 1.334197 -0.005303 0.064000 1.333005 -0.003750 0.064000 1.332256 -0.001941 0.064000 1.332000 0.000000 0.064000 1.332256 0.001941 0.064000 1.333005 0.003750 0.064000 1.334197 0.005303 0.064000 1.335750 0.006495 0.064000 1.337559 0.007244 0.064000 1.266000 0.081000 0.064000 1.267941 0.080744 0.064000 1.269750 0.079995 0.064000 1.271303 0.078803 0.064000 1.272495 0.077250 0.064000 1.273244 0.075441 0.064000 1.273500 0.073500 0.064000 1.273244 0.071559 0.064000 1.272495 0.069750 0.064000 1.271303 0.068197 0.064000 1.269750 0.067005 0.064000 1.267941 0.066256 0.064000 1.266000 0.066000 0.064000 1.264059 0.066256 0.064000 1.262250 0.067005 0.064000 1.260697 0.068197 0.064000 1.259505 0.069750 0.064000 1.258756 0.071559 0.064000 1.258500 0.073500 0.064000 1.258756 0.075441 0.064000 1.259505 0.077250 0.064000 1.260697 0.078803 0.064000 1.262250 0.079995 0.064000 1.264059 0.080744 0.064000</float_array>
          <technique_common>
            <accessor source="#for_arm_group-mesh-positions-array" count="5114" stride="3">
              <param name="X" type="float"/>
              <param name="Y" type="float"/>
              <param name="Z" type="float"/>
            </accessor>
          </technique_common>
        </source>
        <source id="for_arm_group-mesh-normals">
          <float_array id="for_arm_group-mesh-normals-array" count="29526">-1.000000 0.000000 0.000000 -1.000000 0.000000 0.000000 -1.000000 0.000000 0.000000 -1.000000 0.000000 0.000000 -1.000000 0.000000 0.000000 -1.000000 0.000000 0.000000 -1.000000 0.000000 0.000000 -1.000000 0.000000 0.000000 -1.000000 0.000000 0.000000 -1.000000 0.000000 0.000000 -1.000000 0.000000 0.000000 -1.000000 0.000000 0.000000 -1.000000 0.000000 0.000000 -1.000000 0.000000 0.000000 -1.000000 0.000000 0.000000 -1.000000 0.000000 0.000000 -1.000000 0.000000 0.000000 -1.000000 0.000000 0.000000 -1.000000 0.000000 0.000000 -1.000000 0.000000 0.000000 -1.000000 0.000000 0.000000 -1.000000 0.000000 0.000000 -1.000000 0.000000 0.000000 -1.000000 0.000000 0.000000 -1.000000 0.000000 0.000000 -1.000000 0.000000 0.000000 -1.000000 0.000000 0.000000 -1.000000 0.000000 0.000000 -1.000000 0.000000 0.000000 -1.000000 0.000000 0.000000 -1.000000 0.000000 0.000000 -1.000000 0.000000 0.000000 -1.000000 0.000000 0.000000 -1.000000 0.000000 0.000000 -1.000000 0.000000 0.000000 -1.000000 0.000000 0.000000 -1.000000 0.000000 0.000000 -1.000000 0.000000 0.000000 -1.000000 0.000000 0.000000 -1.000000 0.000000 0.000000 -1.000000 0.000000 0.000000 -1.000000 0.000000 0.000000 -1.000000 0.000000 0.000000 -1.000000 0.000000 0.000000 -1.000000 0.000000 0.000000 -1.000000 0.000000 0.000000 -1.000000 0.000000 0.000000 -1.000000 0.000000 0.000000 -1.000000 0.000000 0.000000 -1.000000 0.000000 0.000000 -1.000000 0.000000 0.000000 -1.000000 0.000000 0.000000 -1.000000 0.000000 0.000000 -1.000000 0.000000 0.000000 -1.000000 0.000000 0.000000 -1.000000 0.000000 0.000000 -1.000000 0.000000 0.000000 -1.000000 0.000000 0.000000 -1.000000 0.000000 0.000000 -1.000000 0.000000 0.000000 -1.000000 0.000000 0.000000 -1.000000 0.000000 0.000000 -1.000000 0.000000 0.000000 -1.000000 0.000000 0.000000 -1.000000 0.000000 0.000000 -1.000000 0.000000 0.000000 -1.000000 0.000000 0.000000 -1.000000 0.000000 0.000000 -1.000000 0.000000 0.000000 -1.000000 0.000000 0.000000 0.000000 -0.089639 -0.995974 0.000000 -0.089639 -0.995974 0.000000 0.000000 -1.000000 0.000000 0.000000 -1.000000 0.000000 0.089639 -0.995974 0.000000 0.089639 -0.995974 0.000000 0.178557 -0.983930 0.000000 0.178557 -0.983930 0.000000 0.266037 -0.963963 0.000000 0.266037 -0.963963 0.000000 0.351375 -0.936235 0.000000 0.351375 -0.936235 0.000000 0.433884 -0.900969 0.000000 0.433884 -0.900969 0.000000 0.512899 -0.858449 0.000000 0.512899 -0.858449 0.000000 0.587785 -0.809017 0.000000 0.587785 -0.809017 0.000000 0.657939 -0.753071 0.000000 0.657939 -0.753071 0.000000 0.722795 -0.691063 0.000000 0.722795 -0.691063 0.000000 0.781831 -0.623490 0.000000 0.781831 -0.623490 0.000000 0.834573 -0.550897 0.000000 0.834573 -0.550897 0.000000 0.880596 -0.473869 0.000000 0.880596 -0.473869 0.000000 0.919528 -0.393025 0.000000 0.919528 -0.393025 0.000000 0.951057 -0.309017 0.000000 0.951057 -0.309017 0.000000 0.974928 -0.222521 0.000000 0.974928 -0.222521 0.000000 0.990950 -0.134233 0.000000 0.990950 -0.134233 0.000000 0.998993 -0.044865 0.000000 0.998993 -0.044865 -0.000000 0.998993 0.044865 -0.000000 0.998993 0.044865 -0.000000 0.990950 0.134233 -0.000000 0.990950 0.134233 -0.000000 0.974928 0.222521 -0.000000 0.974928 0.222521 -0.000000 0.951057 0.309017 -0.000000 0.951057 0.309017 -0.000000 0.919528 0.393025 -0.000000 0.919528 0.393025 -0.000000 0.880596 0.473869 -0.000000 0.880596 0.473869 -0.000000 0.834573 0.550897 -0.000000 0.834573 0.550897 -0.000000 0.781831 0.623490 -0.000000 0.781831 0.623490 -0.000000 0.722795 0.691063 -0.000000 0.722795 0.691063 -0.000000 0.657939 0.753071 -0.000000 0.657939 0.753071 -0.000000 0.587785 0.809017 -0.000000 0.587785 0.809017 -0.000000 0.512899 0.858449 -0.000000 0.512899 0.858449 -0.000000 0.433884 0.900969 -0.000000 0.433884 0.900969 -0.000000 0.351375 0.936235 -0.000000 0.351375 0.936235 -0.000000 0.266037 0.963963 -0.000000 0.266037 0.963963 -0.000000 0.178557 0.983930 -0.000000 0.178557 0.983930 -0.000000 0.089639 0.995974 -0.000000 0.089639 0.995974 -0.000000 -0.000000 1.000000 -0.000000 -0.000000 1.000000 -0.000000 -0.089639 0.995974 -0.000000 -0.089639 0.995974 -0.000000 -0.178557 0.983930 -0.000000 -0.178557 0.983930 -0.000000 -0.266037 0.963963 -0.000000 -0.266037 0.963963 -0.000000 -0.351375 0.936235 -0.000000 -0.351375 0.936235 -0.000000 -0.433884 0.900969 -0.000000 -0.433884 0.900969 -0.000000 -0.512899 0.858449 -0.000000 -0.512899 0.858449 -0.000000 -0.587785 0.809017 -0.000000 -0.587785 0.809017 -0.000000 -0.657939 0.753071 -0.000000 -0.657939 0.753071 -0.000000 -0.722795 0.691063 -0.000000 -0.722795 0.691063 -0.000000 -0.781831 0.623490 -0.000000 -0.781831 0.623490 -0.000000 -0.834573 0.550897 -0.000000 -0.834573 0.550897 -0.000000 -0.880596 0.473869 -0.000000 -0.880596 0.473869 -0.000000 -0.919528 0.393025 -0.000000 -0.919528 0.393025 -0.000000 -0.951057 0.309017 -0.000000 -0.951057 0.309017 -0.000000 -0.974928 0.222521 -0.000000 -0.974928 0.222521 -0.000000 -0.990950 0.134233 -0.000000 -0.990950 0.134233 -0.000000 -0.998993 0.044865 -0.000000 -0.998993 0.044865 0.000000 -0.998993 -0.044865 0.000000 -0.998993 -0.044865 0.000000 -0.990950 -0.134233 0.000000 -0.990950 -0.134233 0.000000 -0.974928 -0.222521 0.000000 -0.974928 -0.222521 0.000000 -0.951057 -0.309017 0.000000 -0.951057 -0.309017 0.000000 -0.919528 -0.393025 0.000000 -0.919528 -0.393025 0.000000 -0.880596 -0.473869 0.000000 -0.880596 -0.473869 0.000000 -0.834573 -0.550897 0.000000 -0.834573 -0.550897 0.000000 -0.781831 -0.623490 0.000000 -0.781831 -0.623490 0.000000 -0.722795 -0.691063 0.000000 -0.722795 -0.691063 0.000000 -0.657939 -0.753071 0.000000 -0.657939 -0.753071 0.000000 -0.587785 -0.809017 0.000000 -0.587785 -0.809017 0.000000 -0.512899 -0.858449 0.000000 -0.512899 -0.858449 0.000000 -0.433884 -0.900969 0.000000 -0.433884 -0.900969 0.000000 -0.351375 -0.936235 0.000000 -0.351375 -0.936235 0.000000 -0.266037 -0.963963 0.000000 -0.266037 -0.963963 0.000000 -0.178557 -0.983930 0.000000 -0.178557 -0.983930 0.422618 0.905804 -0.030215 0.422618 0.905540 -0.037295 0.422618 0.905395 -0.040661 0.422618 0.905013 -0.048421 0.422618 0.904553 -0.056372 0.422618 0.904152 -0.062471 0.422618 0.903843 -0.066797 0.422618 0.898105 -0.121657 0.422618 0.903565 -0.070458 0.422618 0.902442 -0.083624 0.422618 0.903750 -0.068040 0.422618 0.904437 -0.058209 0.422618 0.904939 -0.049784 0.422618 0.905503 -0.038178 0.422618 0.905799 -0.030365 0.422618 0.905878 0.027910 0.422618 0.906064 -0.021012 0.422618 0.906170 -0.015787 0.422618 0.906250 -0.010218 0.422618 0.906297 -0.004322 0.422618 0.906306 0.001862 0.422618 0.906273 0.007887 0.422618 0.906206 0.013589 0.422618 0.906110 0.018954 0.422618 0.905991 0.023966 0.422618 0.905712 0.032865 0.422618 0.905415 0.040207 0.422618 0.904859 0.051218 0.422618 0.904369 0.059249 0.422618 0.903719 0.068451 0.422618 0.903570 0.070397 0.422618 0.898105 0.121657 0.422618 0.895582 0.139020 0.422618 0.903882 0.066261 0.422618 0.904207 0.061674 0.422618 0.905395 0.040661 0.422618 0.904619 0.055303 0.422618 0.905087 0.047020 0.422618 0.905621 0.035280 0.422618 0.905878 0.027915 0.422618 0.906097 0.019530 0.422618 0.906190 0.014619 0.422618 0.906260 0.009310 0.422618 0.906300 0.003816 0.422618 0.906306 -0.001616 0.422618 0.906280 -0.007108 0.422618 0.906221 -0.012523 0.422618 0.906137 -0.017615 0.422618 0.906036 -0.022207 0.422618 0.403959 0.811302 0.422618 0.411223 0.807645 0.422618 0.393232 0.816555 0.422618 0.421405 0.802379 0.422618 0.427799 0.798988 0.422618 0.435004 0.795088 0.422618 0.464845 0.778019 0.422618 0.439181 0.792788 0.422618 0.443736 0.790248 0.422618 0.448497 0.787556 0.422618 0.453233 0.784840 0.422618 0.457956 0.782093 0.422618 0.462664 0.779318 0.422618 0.467130 0.776649 0.422618 0.471195 0.774189 0.422618 0.478156 0.769910 0.422618 0.484274 0.766076 0.422618 0.493896 0.759908 0.422618 0.500679 0.755456 0.422618 0.532714 0.733218 0.422618 0.505869 0.751991 0.422618 0.511830 0.747946 0.422618 0.512522 0.747472 0.422618 0.568186 0.706087 0.422618 0.596295 0.682515 0.422618 0.650649 0.630912 0.422618 0.655075 0.626315 0.422618 0.708580 0.565074 0.422618 0.723249 0.546172 0.422618 0.756380 0.499282 0.422618 0.784886 0.453154 0.422618 0.798091 0.429471 0.422618 0.834624 0.353266 0.422618 0.833375 0.356202 0.422618 0.861950 0.280065 0.422618 0.871710 0.248023 0.422618 0.883585 0.201672 0.422618 0.477110 0.770558 0.422618 0.507883 0.750632 0.422618 0.503043 0.753884 0.422618 0.496158 0.758433 0.422618 0.486638 0.764577 0.422618 0.480212 0.768629 0.422618 0.472433 0.773435 0.422618 0.468051 0.776094 0.422618 0.463354 0.778907 0.422618 0.458355 0.781860 0.422618 0.453062 0.784939 0.422618 0.447757 0.787977 0.422618 0.442710 0.790824 0.422618 0.437935 0.793478 0.422618 0.433450 0.795936 0.422618 0.425420 0.800257 0.422618 0.378801 0.823349 0.422618 0.418721 0.803782 0.422618 0.408671 0.808939 0.422618 0.401308 0.812617 0.422618 0.396089 0.815173 0.422618 0.391061 0.817597 0.422618 0.318454 0.848517 0.422618 0.391840 0.817224 0.422618 0.398349 0.814071 0.422618 -0.512697 0.747352 0.422618 -0.508986 0.749885 0.422618 -0.532714 0.733218 0.422618 -0.505017 0.752563 0.422618 -0.499541 0.756210 0.422618 -0.492370 0.760898 0.422618 -0.464845 0.778019 0.422618 -0.482091 0.767451 0.422618 -0.475665 0.771451 0.422618 -0.468208 0.776000 0.422618 -0.463830 0.778624 0.422618 -0.459165 0.781384 0.422618 -0.454423 0.784152 0.422618 -0.449713 0.786862 0.422618 -0.444936 0.789573 0.422618 -0.440310 0.792162 0.422618 -0.432206 0.796613 0.422618 -0.393232 0.816555 0.422618 -0.425321 0.800310 0.422618 -0.419237 0.803514 0.422618 -0.409724 0.808406 0.422618 -0.402791 0.811883 0.422618 -0.397480 0.814496 0.422618 -0.393747 0.816307 0.422618 -0.390742 0.817750 0.422618 -0.378801 0.823349 0.422618 -0.393240 0.816551 0.422618 -0.402509 0.812022 0.422618 -0.410314 0.808107 0.422618 -0.421060 0.802560 0.422618 -0.428262 0.798740 0.422618 -0.477110 0.770558 0.422618 -0.436766 0.794122 0.422618 -0.441469 0.791517 0.422618 -0.446448 0.788719 0.422618 -0.451689 0.785729 0.422618 -0.457036 0.782631 0.422618 -0.462111 0.779646 0.422618 -0.466885 0.776796 0.422618 -0.475490 0.771559 0.422618 -0.482767 0.767026 0.422618 -0.488684 0.763270 0.422618 -0.497615 0.757478 0.422618 -0.504091 0.753184 0.422618 -0.511363 0.748266 0.422618 -0.568186 0.706087 0.422618 -0.596295 0.682515 0.422618 -0.905013 -0.048421 0.422618 -0.905540 -0.037295 0.422618 -0.905395 -0.040661 0.422618 -0.905804 -0.030215 0.422618 -0.906036 -0.022207 0.422618 -0.906137 -0.017615 0.422618 -0.906221 -0.012523 0.422618 -0.906280 -0.007108 0.422618 -0.906306 -0.001616 0.422618 -0.905395 0.040661 0.422618 -0.906300 0.003816 0.422618 -0.906260 0.009310 0.422618 -0.906190 0.014619 0.422618 -0.906097 0.019530 0.422618 -0.905878 0.027915 0.422618 -0.905621 0.035280 0.422618 -0.905087 0.047020 0.422618 -0.904619 0.055303 0.422618 -0.904207 0.061674 0.422618 -0.903882 0.066261 0.422618 -0.898105 0.121657 0.422618 -0.903570 0.070397 0.422618 -0.903719 0.068451 0.422618 -0.895582 0.139020 0.422618 -0.904369 0.059249 0.422618 -0.905878 0.027910 0.422618 -0.904859 0.051218 0.422618 -0.905415 0.040207 0.422618 -0.905712 0.032865 0.422618 -0.905991 0.023966 0.422618 -0.906110 0.018954 0.422618 -0.906206 0.013589 0.422618 -0.906273 0.007887 0.422618 -0.906306 0.001862 0.422618 -0.906297 -0.004322 0.422618 -0.906250 -0.010218 0.422618 -0.906170 -0.015787 0.422618 -0.906064 -0.021012 0.422618 -0.905799 -0.030365 0.422618 -0.902442 -0.083624 0.422618 -0.905503 -0.038178 0.422618 -0.904939 -0.049784 0.422618 -0.904437 -0.058209 0.422618 -0.903750 -0.068040 0.422618 -0.903565 -0.070458 0.422618 -0.898105 -0.121657 0.422618 -0.903843 -0.066797 0.422618 -0.904152 -0.062471 0.422618 -0.904553 -0.056372 0.422618 -0.475369 -0.771633 0.422618 -0.481832 -0.767614 0.422618 -0.464845 -0.778019 0.422618 -0.492185 -0.761017 0.422618 -0.499405 -0.756299 0.422618 -0.532714 -0.733218 0.422618 -0.504915 -0.752632 0.422618 -0.508916 -0.749932 0.422618 -0.512685 -0.747361 0.422618 -0.523641 -0.739726 0.422618 -0.596295 -0.682515 0.422618 -0.610576 -0.669770 0.422618 -0.655075 -0.626315 0.422618 -0.688255 -0.589660 0.422618 -0.708580 -0.565074 0.422618 -0.755500 -0.500613 0.422618 -0.756380 -0.499282 0.422618 -0.798091 -0.429471 0.422618 -0.811293 -0.403976 0.422618 -0.833375 -0.356202 0.422618 -0.854788 -0.301216 0.422618 -0.861950 -0.280065 0.422618 -0.885325 -0.193889 0.422618 -0.883585 -0.201672 0.422618 -0.511406 -0.748236 0.422618 -0.504208 -0.753106 0.422618 -0.497778 -0.757371 0.422618 -0.488909 -0.763126 0.422618 -0.483051 -0.766848 0.422618 -0.475832 -0.771348 0.422618 -0.428768 -0.798468 0.422618 -0.467284 -0.776556 0.422618 -0.462536 -0.779394 0.422618 -0.457486 -0.782368 0.422618 -0.452154 -0.785462 0.422618 -0.446891 -0.788468 0.422618 -0.441888 -0.791283 0.422618 -0.437161 -0.793904 0.422618 -0.428603 -0.798557 0.422618 -0.421343 -0.802411 0.422618 -0.410510 -0.808007 0.422618 -0.402653 -0.811951 0.422618 -0.393301 -0.816522 0.422618 -0.390739 -0.817751 0.422618 -0.327396 -0.845107 0.422618 -0.318454 -0.848517 0.422618 -0.241111 -0.873647 0.422618 -0.393232 -0.816555 0.422618 -0.393684 -0.816337 0.422618 -0.397383 -0.814543 0.422618 -0.402659 -0.811948 0.422618 -0.409557 -0.808491 0.422618 -0.418994 -0.803641 0.422618 -0.425040 -0.800459 0.422618 -0.431893 -0.796782 0.422618 -0.439924 -0.792377 0.422618 -0.444527 -0.789804 0.422618 -0.449301 -0.787098 0.422618 -0.454017 -0.784387 0.422618 -0.458754 -0.781625 0.422618 -0.463436 -0.778859 0.422618 -0.467844 -0.776219 0.422618 0.420214 -0.803003 0.422618 0.410394 -0.808066 0.422618 0.393232 -0.816555 0.422618 0.403318 -0.811621 0.422618 0.397871 -0.814305 0.422618 0.391671 -0.817305 0.422618 0.391164 -0.817548 0.422618 0.327396 -0.845107 0.422618 0.396528 -0.814960 0.422618 0.428768 -0.798468 0.422618 0.401950 -0.812299 0.422618 0.409551 -0.808494 0.422618 0.419966 -0.803133 0.422618 0.426940 -0.799448 0.422618 0.435229 -0.794965 0.422618 0.439833 -0.792427 0.422618 0.444720 -0.789695 0.422618 0.449873 -0.786771 0.422618 0.455238 -0.783679 0.422618 0.460413 -0.780649 0.422618 0.465291 -0.777752 0.422618 0.469862 -0.774999 0.422618 0.474114 -0.772405 0.422618 0.523641 -0.739726 0.422618 0.481622 -0.767746 0.422618 0.487772 -0.763854 0.422618 0.496959 -0.757909 0.422618 0.503620 -0.753499 0.422618 0.508271 -0.750370 0.422618 0.512604 -0.747416 0.422618 0.532714 -0.733218 0.422618 0.596295 -0.682515 0.422618 0.511663 -0.748061 0.422618 0.505413 -0.752297 0.422618 0.500068 -0.755861 0.422618 0.493083 -0.760436 0.422618 0.483105 -0.766814 0.422618 0.464845 -0.778019 0.422618 0.476818 -0.770739 0.422618 0.469608 -0.775153 0.422618 0.465364 -0.777708 0.422618 0.460776 -0.780435 0.422618 0.456034 -0.783216 0.422618 0.451335 -0.785933 0.422618 0.446560 -0.788656 0.422618 0.441857 -0.791300 0.422618 0.433455 -0.795934 0.422618 0.426441 -0.799714 0.422618 -0.111375 -0.899438 0.422618 -0.081241 -0.902659 0.422618 0.000000 -0.906308 0.422618 0.000000 -0.906308 0.422618 0.081241 -0.902659 0.422618 -0.161828 -0.891743 0.422618 -0.221061 -0.878935 0.422618 -0.883585 0.201672 0.422618 -0.871710 0.248023 0.422618 -0.861950 0.280065 0.422618 -0.834624 0.353266 0.422618 -0.833375 0.356202 0.422618 -0.798091 0.429471 0.422618 -0.784886 0.453154 0.422618 -0.756380 0.499282 0.422618 -0.723249 0.546172 0.422618 -0.708580 0.565074 0.422618 -0.650649 0.630912 0.422618 -0.655075 0.626315 0.422618 -0.318454 0.848517 0.422618 -0.274750 0.863659 0.422618 -0.241111 0.873647 0.422618 -0.166534 0.890876 0.422618 -0.161828 0.891743 0.422618 -0.081241 0.902659 0.422618 -0.055793 0.904589 0.422618 -0.000000 0.906308 0.422618 0.055793 0.904589 0.422618 0.081241 0.902659 0.422618 0.166534 0.890876 0.422618 0.161828 0.891743 0.422618 0.241111 0.873647 0.422618 0.274750 0.863659 0.422618 0.885325 -0.193889 0.422618 0.883585 -0.201672 0.422618 0.861950 -0.280065 0.422618 0.854788 -0.301216 0.422618 0.833375 -0.356202 0.422618 0.811293 -0.403976 0.422618 0.798091 -0.429471 0.422618 0.755500 -0.500613 0.422618 0.756380 -0.499282 0.422618 0.708580 -0.565074 0.422618 0.688255 -0.589660 0.422618 0.655075 -0.626315 0.422618 0.610576 -0.669770 0.422618 0.221061 -0.878935 0.422618 0.241111 -0.873647 0.422618 0.318454 -0.848517 0.422618 0.161828 -0.891743 0.422618 0.111375 -0.899438 0.000000 -0.122888 -0.992421 0.000000 -0.122888 -0.992421 0.000000 0.000000 -1.000000 0.000000 0.000000 -1.000000 0.000000 0.122888 -0.992421 0.000000 0.122888 -0.992421 0.000000 0.243914 -0.969797 0.000000 0.243914 -0.969797 0.000000 0.361242 -0.932472 0.000000 0.361242 -0.932472 0.000000 0.473094 -0.881012 0.000000 0.473094 -0.881012 0.000000 0.577774 -0.816197 0.000000 0.577774 -0.816197 0.000000 0.673696 -0.739009 0.000000 0.673696 -0.739009 0.000000 0.759405 -0.650618 0.000000 0.759405 -0.650618 0.000000 0.833602 -0.552365 0.000000 0.833602 -0.552365 0.000000 0.895163 -0.445738 0.000000 0.895163 -0.445738 0.000000 0.943154 -0.332355 0.000000 0.943154 -0.332355 0.000000 0.976848 -0.213933 0.000000 0.976848 -0.213933 0.000000 0.995734 -0.092268 0.000000 0.995734 -0.092268 -0.000000 0.999526 0.030795 -0.000000 0.999526 0.030795 -0.000000 0.988165 0.153392 -0.000000 0.988165 0.153392 -0.000000 0.961826 0.273663 -0.000000 0.961826 0.273663 -0.000000 0.920906 0.389786 -0.000000 0.920906 0.389786 -0.000000 0.866025 0.500000 -0.000000 0.866025 0.500000 -0.000000 0.798017 0.602635 -0.000000 0.798017 0.602635 -0.000000 0.717912 0.696134 -0.000000 0.717912 0.696134 -0.000000 0.626924 0.779081 -0.000000 0.626924 0.779081 -0.000000 0.526432 0.850217 -0.000000 0.526432 0.850217 -0.000000 0.417960 0.908465 -0.000000 0.417960 0.908465 -0.000000 0.303153 0.952942 -0.000000 0.303153 0.952942 -0.000000 0.183750 0.982973 -0.000000 0.183750 0.982973 -0.000000 0.061561 0.998103 -0.000000 0.061561 0.998103 -0.000000 -0.061561 0.998103 -0.000000 -0.061561 0.998103 -0.000000 -0.183750 0.982973 -0.000000 -0.183750 0.982973 -0.000000 -0.303153 0.952942 -0.000000 -0.303153 0.952942 -0.000000 -0.417960 0.908465 -0.000000 -0.417960 0.908465 -0.000000 -0.526432 0.850217 -0.000000 -0.526432 0.850217 -0.000000 -0.626924 0.779081 -0.000000 -0.626924 0.779081 -0.000000 -0.717912 0.696134 -0.000000 -0.717912 0.696134 -0.000000 -0.798017 0.602635 -0.000000 -0.798017 0.602635 -0.000000 -0.866025 0.500000 -0.000000 -0.866025 0.500000 -0.000000 -0.920906 0.389786 -0.000000 -0.920906 0.389786 -0.000000 -0.961826 0.273663 -0.000000 -0.961826 0.273663 -0.000000 -0.988165 0.153392 -0.000000 -0.988165 0.153392 0.000000 -0.999526 0.030795 0.000000 -0.999526 0.030795 0.000000 -0.995734 -0.092268 0.000000 -0.995734 -0.092268 0.000000 -0.976848 -0.213933 0.000000 -0.976848 -0.213933 0.000000 -0.943154 -0.332355 0.000000 -0.943154 -0.332355 0.000000 -0.895163 -0.445738 0.000000 -0.895163 -0.445738 0.000000 -0.833602 -0.552365 0.000000 -0.833602 -0.552365 0.000000 -0.759405 -0.650618 0.000000 -0.759405 -0.650618 0.000000 -0.673696 -0.739009 0.000000 -0.673696 -0.739009 0.000000 -0.577774 -0.816197 0.000000 -0.577774 -0.816197 0.000000 -0.473094 -0.881012 0.000000 -0.473094 -0.881012 0.000000 -0.361242 -0.932472 0.000000 -0.361242 -0.932472 0.000000 -0.243914 -0.969797 0.000000 -0.243914 -0.969797 -0.000000 0.258819 0.965926 -0.000000 0.047923 0.998851 -0.000000 -0.000000 1.000000 -0.000000 -0.248682 0.968585 -0.000000 -0.258819 0.965926 -0.000000 -0.401075 0.916045 -0.000000 -0.500000 0.866025 -0.000000 -0.549537 0.835469 -0.000000 -0.707107 0.707107 -0.000000 -0.688996 0.724765 -0.000000 -0.826081 0.563551 -0.000000 0.332907 0.942960 -0.000000 0.500000 0.866025 -0.000000 0.615892 0.787831 -0.000000 0.707107 0.707107 -0.000000 0.745743 0.666234 -0.000000 0.866025 0.500000 -0.000000 0.862699 0.505717 -0.000000 0.916383 0.400303 -0.000000 0.965926 0.258819 -0.000000 0.961193 0.275877 -0.000000 0.978351 0.206953 -0.000000 0.991009 0.133795 -0.000000 1.000000 -0.000000 -0.000000 0.998400 0.056547 -0.000000 0.999703 -0.024358 0.000000 0.994658 -0.103228 0.000000 0.965926 -0.258819 0.000000 0.984023 -0.178043 0.000000 0.968583 -0.248690 0.000000 0.949091 -0.315001 0.000000 0.900979 -0.433863 0.000000 0.866025 -0.500000 0.000000 0.845868 -0.533393 0.000000 0.707107 -0.707107 0.000000 0.727083 -0.686550 0.000000 0.595582 -0.803295 0.000000 0.500000 -0.866025 0.000000 0.311240 -0.950331 0.000000 0.258819 -0.965926 0.000000 0.026768 -0.999642 0.000000 0.000000 -1.000000 0.000000 -0.271511 -0.962435 0.000000 -0.258819 -0.965926 0.000000 -0.423645 -0.905828 0.000000 -0.500000 -0.866025 0.000000 -0.571079 -0.820895 0.000000 -0.707107 -0.707107 0.000000 -0.709405 -0.704801 0.000000 -0.845598 -0.533821 0.000000 -0.866025 -0.500000 0.000000 -0.905613 -0.424106 0.000000 -0.965926 -0.258819 0.000000 -0.954655 -0.297713 0.000000 -0.974783 -0.223153 0.000000 -0.989830 -0.142255 0.000000 -1.000000 0.000000 0.000000 -0.998297 -0.058335 0.000000 -0.999695 0.024709 -0.000000 -0.994080 0.108649 -0.000000 -0.965926 0.258819 -0.000000 -0.981543 0.191242 -0.000000 -0.963232 0.268671 -0.000000 -0.941076 0.338194 -0.000000 -0.866025 0.500000 -0.000000 -0.888680 0.458528 1.000000 -0.000000 -0.000000 1.000000 -0.000000 -0.000000 1.000000 -0.000000 -0.000000 1.000000 -0.000000 -0.000000 1.000000 -0.000000 -0.000000 1.000000 -0.000000 -0.000000 1.000000 -0.000000 -0.000000 1.000000 -0.000000 -0.000000 1.000000 -0.000000 -0.000000 1.000000 -0.000000 -0.000000 1.000000 -0.000000 -0.000000 1.000000 -0.000000 -0.000000 1.000000 -0.000000 -0.000000 1.000000 -0.000000 -0.000000 1.000000 -0.000000 -0.000000 1.000000 -0.000000 -0.000000 1.000000 -0.000000 -0.000000 1.000000 -0.000000 -0.000000 1.000000 -0.000000 -0.000000 1.000000 -0.000000 -0.000000 1.000000 -0.000000 -0.000000 1.000000 -0.000000 -0.000000 1.000000 -0.000000 -0.000000 1.000000 -0.000000 -0.000000 1.000000 -0.000000 -0.000000 1.000000 -0.000000 -0.000000 1.000000 -0.000000 -0.000000 1.000000 -0.000000 -0.000000 1.000000 -0.000000 -0.000000 1.000000 -0.000000 -0.000000 1.000000 -0.000000 -0.000000 1.000000 -0.000000 -0.000000 1.000000 -0.000000 -0.000000 1.000000 -0.000000 -0.000000 1.000000 -0.000000 -0.000000 1.000000 -0.000000 -0.000000 1.000000 -0.000000 -0.000000 1.000000 -0.000000 -0.000000 1.000000 -0.000000 -0.000000 1.000000 -0.000000 -0.000000 1.000000 -0.000000 -0.000000 1.000000 -0.000000 -0.000000 1.000000 -0.000000 -0.000000 1.000000 -0.000000 -0.000000 1.000000 -0.000000 -0.000000 1.000000 -0.000000 -0.000000 1.000000 -0.000000 -0.000000 1.000000 -0.000000 -0.000000 -0.000000 0.258819 0.965926 -0.000000 0.094039 0.995568 -0.000000 -0.000000 1.000000 -0.000000 -0.022072 0.999756 -0.000000 -0.216871 0.976200 -0.000000 0.500000 0.866025 -0.000000 0.359869 0.933003 -0.000000 0.290530 0.956866 -0.000000 0.222754 0.974875 -0.000000 0.707107 0.707107 -0.000000 0.630048 0.776557 -0.000000 0.568829 0.822456 -0.000000 0.501206 0.865328 -0.000000 0.866025 0.500000 -0.000000 0.816381 0.577514 -0.000000 0.734470 0.678642 -0.000000 0.685181 0.728373 -0.000000 0.965926 0.258819 -0.000000 0.954319 0.298790 -0.000000 0.877733 0.479149 -0.000000 0.992022 0.126063 -0.000000 1.000000 -0.000000 0.000000 0.999228 -0.039276 0.000000 0.965926 -0.258819 0.000000 0.940938 -0.338578 0.000000 0.866025 -0.500000 0.000000 0.806246 -0.591581 0.000000 0.707107 -0.707107 0.000000 0.582204 -0.813042 0.000000 0.500000 -0.866025 0.000000 0.436468 -0.899720 0.000000 0.258819 -0.965926 0.000000 0.268818 -0.963191 0.000000 0.056369 -0.998410 0.000000 0.000000 -1.000000 0.000000 -0.067384 -0.997727 0.000000 -0.258819 -0.965926 0.000000 -0.199440 -0.979910 0.000000 -0.272648 -0.962114 0.000000 -0.349731 -0.936850 0.000000 -0.500000 -0.866025 0.000000 -0.427244 -0.904136 0.000000 -0.501207 -0.865328 0.000000 -0.571740 -0.820435 0.000000 -0.707107 -0.707107 0.000000 -0.638646 -0.769501 0.000000 -0.698803 -0.715315 0.000000 -0.750512 -0.660856 0.000000 -0.866025 -0.500000 0.000000 -0.831577 -0.555409 0.000000 -0.893741 -0.448584 0.000000 -0.965926 -0.258819 0.000000 -0.968958 -0.247226 0.000000 -0.997519 -0.070394 0.000000 -1.000000 0.000000 -0.000000 -0.995079 0.099083 -0.000000 -0.965926 0.258819 -0.000000 -0.914932 0.403608 -0.000000 -0.866025 0.500000 -0.000000 -0.762891 0.646527 -0.000000 -0.707107 0.707107 -0.000000 -0.532470 0.846449 -0.000000 -0.500000 0.866025 -0.000000 -0.385500 0.922708 -0.000000 -0.258819 0.965926 -0.000000 0.430255 0.902707 1.000000 -0.000000 -0.000000 1.000000 -0.000000 -0.000000 1.000000 -0.000000 -0.000000 1.000000 -0.000000 -0.000000 1.000000 -0.000000 -0.000000 1.000000 -0.000000 -0.000000 1.000000 -0.000000 -0.000000 1.000000 -0.000000 -0.000000 1.000000 -0.000000 -0.000000 1.000000 -0.000000 -0.000000 1.000000 -0.000000 -0.000000 1.000000 -0.000000 -0.000000 1.000000 -0.000000 -0.000000 1.000000 -0.000000 -0.000000 1.000000 -0.000000 -0.000000 1.000000 -0.000000 -0.000000 1.000000 -0.000000 -0.000000 1.000000 -0.000000 -0.000000 1.000000 -0.000000 -0.000000 1.000000 -0.000000 -0.000000 1.000000 -0.000000 -0.000000 1.000000 -0.000000 -0.000000 1.000000 -0.000000 -0.000000 1.000000 -0.000000 -0.000000 1.000000 -0.000000 -0.000000 1.000000 -0.000000 -0.000000 1.000000 -0.000000 -0.000000 1.000000 -0.000000 -0.000000 1.000000 -0.000000 -0.000000 1.000000 -0.000000 -0.000000 1.000000 -0.000000 -0.000000 1.000000 -0.000000 -0.000000 1.000000 -0.000000 -0.000000 1.000000 -0.000000 -0.000000 1.000000 -0.000000 -0.000000 1.000000 -0.000000 -0.000000 1.000000 -0.000000 -0.000000 1.000000 -0.000000 -0.000000 1.000000 -0.000000 -0.000000 1.000000 -0.000000 -0.000000 1.000000 -0.000000 -0.000000 1.000000 -0.000000 -0.000000 1.000000 -0.000000 -0.000000 1.000000 -0.000000 -0.000000 1.000000 -0.000000 -0.000000 1.000000 -0.000000 -0.000000 1.000000 -0.000000 -0.000000 1.000000 -0.000000 -0.000000 -0.000000 0.258819 0.965926 -0.000000 0.061320 0.998118 -0.000000 -0.000000 1.000000 -0.000000 -0.049059 0.998796 -0.000000 -0.173548 0.984825 -0.000000 0.500000 0.866025 -0.000000 0.414506 0.910047 -0.000000 0.250035 0.968237 -0.000000 0.679468 0.733706 -0.000000 0.707107 0.707107 -0.000000 0.860256 0.509863 -0.000000 0.866025 0.500000 -0.000000 0.965926 0.258819 -0.000000 1.000000 -0.000000 -0.000000 0.997674 0.068171 -0.000000 0.973313 0.229480 0.000000 0.994696 -0.102854 0.000000 0.965926 -0.258819 0.000000 0.959293 -0.282411 0.000000 0.866025 -0.500000 0.000000 0.872652 -0.488342 0.000000 0.803728 -0.594996 0.000000 0.707107 -0.707107 0.000000 0.712802 -0.701365 0.000000 0.654675 -0.755910 0.000000 0.589244 -0.807955 0.000000 0.500000 -0.866025 0.000000 0.519280 -0.854604 0.000000 0.446545 -0.894761 0.000000 0.258819 -0.965926 0.000000 0.369560 -0.929207 0.000000 0.292015 -0.956414 0.000000 0.149062 -0.988828 0.000000 0.000000 -1.000000 0.000000 0.020181 -0.999796 0.000000 -0.099892 -0.994998 0.000000 -0.258819 -0.965926 0.000000 -0.302071 -0.953285 0.000000 -0.500000 -0.866025 0.000000 -0.465282 -0.885163 0.000000 -0.606940 -0.794748 0.000000 -0.707107 -0.707107 0.000000 -0.726189 -0.687495 0.000000 -0.866025 -0.500000 0.000000 -0.895794 -0.444469 0.000000 -0.965926 -0.258819 0.000000 -0.985978 -0.166875 0.000000 -1.000000 0.000000 -0.000000 -0.987478 0.157758 -0.000000 -0.965926 0.258819 -0.000000 -0.943377 0.331724 -0.000000 -0.866025 0.500000 -0.000000 -0.857118 0.515120 -0.000000 -0.788362 0.615211 -0.000000 -0.707107 0.707107 -0.000000 -0.698262 0.715843 -0.000000 -0.644636 0.764489 -0.000000 -0.584992 0.811039 -0.000000 -0.500000 0.866025 -0.000000 -0.519032 0.854755 -0.000000 -0.448266 0.893900 -0.000000 -0.377690 0.925932 -0.000000 -0.258819 0.965926 -0.000000 -0.308037 0.951374 1.000000 -0.000000 -0.000000 1.000000 -0.000000 -0.000000 1.000000 -0.000000 -0.000000 1.000000 -0.000000 -0.000000 1.000000 -0.000000 -0.000000 1.000000 -0.000000 -0.000000 1.000000 -0.000000 -0.000000 1.000000 -0.000000 -0.000000 1.000000 -0.000000 -0.000000 1.000000 -0.000000 -0.000000 1.000000 -0.000000 -0.000000 1.000000 -0.000000 -0.000000 1.000000 -0.000000 -0.000000 1.000000 -0.000000 -0.000000 1.000000 -0.000000 -0.000000 1.000000 -0.000000 -0.000000 1.000000 -0.000000 -0.000000 1.000000 -0.000000 -0.000000 1.000000 -0.000000 -0.000000 1.000000 -0.000000 -0.000000 1.000000 -0.000000 -0.000000 1.000000 -0.000000 -0.000000 1.000000 -0.000000 -0.000000 1.000000 -0.000000 -0.000000 1.000000 -0.000000 -0.000000 1.000000 -0.000000 -0.000000 1.000000 -0.000000 -0.000000 1.000000 -0.000000 -0.000000 1.000000 -0.000000 -0.000000 1.000000 -0.000000 -0.000000 1.000000 -0.000000 -0.000000 1.000000 -0.000000 -0.000000 1.000000 -0.000000 -0.000000 1.000000 -0.000000 -0.000000 1.000000 -0.000000 -0.000000 1.000000 -0.000000 -0.000000 1.000000 -0.000000 -0.000000 1.000000 -0.000000 -0.000000 1.000000 -0.000000 -0.000000 1.000000 -0.000000 -0.000000 1.000000 -0.000000 -0.000000 1.000000 -0.000000 -0.000000 1.000000 -0.000000 -0.000000 1.000000 -0.000000 -0.000000 1.000000 -0.000000 -0.000000 1.000000 -0.000000 -0.000000 1.000000 -0.000000 -0.000000 1.000000 -0.000000 -0.000000 -0.000000 0.258819 0.965926 -0.000000 0.248682 0.968585 -0.000000 -0.000000 1.000000 -0.000000 -0.047923 0.998851 -0.000000 -0.258819 0.965926 -0.000000 -0.332907 0.942960 -0.000000 -0.500000 0.866025 -0.000000 -0.615892 0.787831 -0.000000 -0.707107 0.707107 -0.000000 -0.745743 0.666234 -0.000000 -0.866025 0.500000 -0.000000 -0.862699 0.505717 -0.000000 -0.916383 0.400303 -0.000000 0.401075 0.916045 -0.000000 0.500000 0.866025 -0.000000 0.549537 0.835469 -0.000000 0.707107 0.707107 -0.000000 0.688996 0.724765 -0.000000 0.826081 0.563551 -0.000000 0.866025 0.500000 -0.000000 0.888680 0.458528 -0.000000 0.941076 0.338194 -0.000000 0.965926 0.258819 -0.000000 0.963232 0.268671 -0.000000 0.981543 0.191242 -0.000000 0.994080 0.108649 -0.000000 1.000000 -0.000000 -0.000000 0.999695 0.024709 0.000000 0.998297 -0.058335 0.000000 0.989830 -0.142255 0.000000 0.965926 -0.258819 0.000000 0.974783 -0.223153 0.000000 0.954655 -0.297713 0.000000 0.866025 -0.500000 0.000000 0.905613 -0.424106 0.000000 0.845598 -0.533821 0.000000 0.707107 -0.707107 0.000000 0.709405 -0.704801 0.000000 0.571079 -0.820895 0.000000 0.500000 -0.866025 0.000000 0.423645 -0.905828 0.000000 0.258819 -0.965926 0.000000 0.271511 -0.962435 0.000000 0.000000 -1.000000 0.000000 -0.026768 -0.999642 0.000000 -0.258819 -0.965926 0.000000 -0.311240 -0.950331 0.000000 -0.500000 -0.866025 0.000000 -0.595582 -0.803295 0.000000 -0.707107 -0.707107 0.000000 -0.727083 -0.686550 0.000000 -0.866025 -0.500000 0.000000 -0.845868 -0.533393 0.000000 -0.900979 -0.433863 0.000000 -0.965926 -0.258819 0.000000 -0.949091 -0.315001 0.000000 -0.968583 -0.248690 0.000000 -0.984023 -0.178043 0.000000 -0.994658 -0.103228 0.000000 -1.000000 0.000000 0.000000 -0.999703 -0.024358 -0.000000 -0.998400 0.056547 -0.000000 -0.991009 0.133795 -0.000000 -0.965926 0.258819 -0.000000 -0.978351 0.206953 -0.000000 -0.961193 0.275877 1.000000 -0.000000 -0.000000 1.000000 -0.000000 -0.000000 1.000000 -0.000000 -0.000000 1.000000 -0.000000 -0.000000 1.000000 -0.000000 -0.000000 1.000000 -0.000000 -0.000000 1.000000 -0.000000 -0.000000 1.000000 -0.000000 -0.000000 1.000000 -0.000000 -0.000000 1.000000 -0.000000 -0.000000 1.000000 -0.000000 -0.000000 1.000000 -0.000000 -0.000000 1.000000 -0.000000 -0.000000 1.000000 -0.000000 -0.000000 1.000000 -0.000000 -0.000000 1.000000 -0.000000 -0.000000 1.000000 -0.000000 -0.000000 1.000000 -0.000000 -0.000000 1.000000 -0.000000 -0.000000 1.000000 -0.000000 -0.000000 1.000000 -0.000000 -0.000000 1.000000 -0.000000 -0.000000 1.000000 -0.000000 -0.000000 1.000000 -0.000000 -0.000000 1.000000 -0.000000 -0.000000 1.000000 -0.000000 -0.000000 1.000000 -0.000000 -0.000000 1.000000 -0.000000 -0.000000 1.000000 -0.000000 -0.000000 1.000000 -0.000000 -0.000000 1.000000 -0.000000 -0.000000 1.000000 -0.000000 -0.000000 1.000000 -0.000000 -0.000000 1.000000 -0.000000 -0.000000 1.000000 -0.000000 -0.000000 1.000000 -0.000000 -0.000000 1.000000 -0.000000 -0.000000 1.000000 -0.000000 -0.000000 1.000000 -0.000000 -0.000000 1.000000 -0.000000 -0.000000 1.000000 -0.000000 -0.000000 1.000000 -0.000000 -0.000000 1.000000 -0.000000 -0.000000 1.000000 -0.000000 -0.000000 1.000000 -0.000000 -0.000000 1.000000 -0.000000 -0.000000 1.000000 -0.000000 -0.000000 1.000000 -0.000000 -0.000000 -0.000000 0.258819 0.965926 -0.000000 0.143357 0.989671 -0.000000 -0.000000 1.000000 -0.000000 0.014786 0.999891 -0.000000 -0.104830 0.994490 -0.000000 0.500000 0.866025 -0.000000 0.362823 0.931858 -0.000000 0.285409 0.958406 -0.000000 0.707107 0.707107 -0.000000 0.583327 0.812238 -0.000000 0.513141 0.858304 -0.000000 0.440017 0.897990 -0.000000 0.866025 0.500000 -0.000000 0.800333 0.599556 -0.000000 0.708108 0.706104 -0.000000 0.649282 0.760548 -0.000000 0.965926 0.258819 -0.000000 0.958057 0.286578 -0.000000 0.870061 0.492945 -0.000000 0.994299 0.106631 -0.000000 1.000000 -0.000000 0.000000 0.997913 -0.064566 0.000000 0.965926 -0.258819 0.000000 0.974099 -0.226122 0.000000 0.861832 -0.507194 0.000000 0.866025 -0.500000 0.000000 0.707107 -0.707107 0.000000 0.681867 -0.731477 0.000000 0.500000 -0.866025 0.000000 0.417819 -0.908530 0.000000 0.258819 -0.965926 0.000000 0.253825 -0.967250 0.000000 0.065709 -0.997839 0.000000 0.000000 -1.000000 0.000000 -0.043969 -0.999033 0.000000 -0.167931 -0.985799 0.000000 -0.258819 -0.965926 0.000000 -0.302078 -0.953283 0.000000 -0.371628 -0.928382 0.000000 -0.500000 -0.866025 0.000000 -0.442143 -0.896945 0.000000 -0.513024 -0.858374 0.000000 -0.579546 -0.814939 0.000000 -0.707107 -0.707107 0.000000 -0.639723 -0.768606 0.000000 -0.693859 -0.720111 0.000000 -0.784925 -0.619591 0.000000 -0.866025 -0.500000 0.000000 -0.854559 -0.519354 0.000000 -0.942020 -0.335557 0.000000 -0.965926 -0.258819 0.000000 -0.986881 -0.161447 0.000000 -1.000000 0.000000 -0.000000 -0.986530 0.163581 -0.000000 -0.965926 0.258819 -0.000000 -0.897132 0.441763 -0.000000 -0.866025 0.500000 -0.000000 -0.728512 0.685033 -0.000000 -0.707107 0.707107 -0.000000 -0.609756 0.792589 -0.000000 -0.500000 0.866025 -0.000000 -0.468573 0.883425 -0.000000 -0.305820 0.952089 -0.000000 -0.258819 0.965926 1.000000 -0.000000 -0.000000 1.000000 -0.000000 -0.000000 1.000000 -0.000000 -0.000000 1.000000 -0.000000 -0.000000 1.000000 -0.000000 -0.000000 1.000000 -0.000000 -0.000000 1.000000 -0.000000 -0.000000 1.000000 -0.000000 -0.000000 1.000000 -0.000000 -0.000000 1.000000 -0.000000 -0.000000 1.000000 -0.000000 -0.000000 1.000000 -0.000000 -0.000000 1.000000 -0.000000 -0.000000 1.000000 -0.000000 -0.000000 1.000000 -0.000000 -0.000000 1.000000 -0.000000 -0.000000 1.000000 -0.000000 -0.000000 1.000000 -0.000000 -0.000000 1.000000 -0.000000 -0.000000 1.000000 -0.000000 -0.000000 1.000000 -0.000000 -0.000000 1.000000 -0.000000 -0.000000 1.000000 -0.000000 -0.000000 1.000000 -0.000000 -0.000000 1.000000 -0.000000 -0.000000 1.000000 -0.000000 -0.000000 1.000000 -0.000000 -0.000000 1.000000 -0.000000 -0.000000 1.000000 -0.000000 -0.000000 1.000000 -0.000000 -0.000000 1.000000 -0.000000 -0.000000 1.000000 -0.000000 -0.000000 1.000000 -0.000000 -0.000000 1.000000 -0.000000 -0.000000 1.000000 -0.000000 -0.000000 1.000000 -0.000000 -0.000000 1.000000 -0.000000 -0.000000 1.000000 -0.000000 -0.000000 1.000000 -0.000000 -0.000000 1.000000 -0.000000 -0.000000 1.000000 -0.000000 -0.000000 1.000000 -0.000000 -0.000000 1.000000 -0.000000 -0.000000 1.000000 -0.000000 -0.000000 1.000000 -0.000000 -0.000000 1.000000 -0.000000 -0.000000 1.000000 -0.000000 -0.000000 1.000000 -0.000000 -0.000000 -0.000000 0.258819 0.965926 -0.000000 0.080184 0.996780 -0.000000 -0.000000 1.000000 -0.000000 -0.041631 0.999133 -0.000000 -0.171688 0.985151 -0.000000 0.287121 0.957894 -0.000000 0.500000 0.866025 -0.000000 0.452195 0.891919 -0.000000 0.595722 0.803191 -0.000000 0.707107 0.707107 -0.000000 0.815132 0.579275 -0.000000 0.866025 0.500000 -0.000000 0.945817 0.324702 -0.000000 0.965926 0.258819 -0.000000 0.999737 0.022941 -0.000000 1.000000 -0.000000 0.000000 0.989690 -0.143229 0.000000 0.965926 -0.258819 0.000000 0.948550 -0.316629 0.000000 0.866025 -0.500000 0.000000 0.866869 -0.498535 0.000000 0.801541 -0.597940 0.000000 0.707107 -0.707107 0.000000 0.715217 -0.698902 0.000000 0.663591 -0.748096 0.000000 0.606028 -0.795443 0.000000 0.500000 -0.866025 0.000000 0.542261 -0.840210 0.000000 0.472464 -0.881350 0.000000 0.401682 -0.915779 0.000000 0.258819 -0.965926 0.000000 0.331660 -0.943399 0.000000 0.262890 -0.964826 0.000000 0.195896 -0.980625 0.000000 0.069403 -0.997589 0.000000 0.000000 -1.000000 0.000000 -0.043668 -0.999046 0.000000 -0.258819 -0.965926 0.000000 -0.234971 -0.972002 0.000000 -0.401331 -0.915933 0.000000 -0.500000 -0.866025 0.000000 -0.546165 -0.837678 0.000000 -0.707107 -0.707107 0.000000 -0.772268 -0.635297 0.000000 -0.866025 -0.500000 0.000000 -0.920982 -0.389604 0.000000 -0.965926 -0.258819 0.000000 -0.996603 -0.082353 0.000000 -1.000000 0.000000 -0.000000 -0.996122 0.087978 -0.000000 -0.965926 0.258819 -0.000000 -0.963934 0.266141 -0.000000 -0.882600 0.470124 -0.000000 -0.866025 0.500000 -0.000000 -0.816789 0.576937 -0.000000 -0.707107 0.707107 -0.000000 -0.730682 0.682718 -0.000000 -0.675410 0.737443 -0.000000 -0.612241 0.790671 -0.000000 -0.500000 0.866025 -0.000000 -0.543428 0.839456 -0.000000 -0.471952 0.881624 -0.000000 -0.396087 0.918213 -0.000000 -0.258819 0.965926 -0.000000 -0.318284 0.947995 1.000000 -0.000000 -0.000000 1.000000 -0.000000 -0.000000 1.000000 -0.000000 -0.000000 1.000000 -0.000000 -0.000000 1.000000 -0.000000 -0.000000 1.000000 -0.000000 -0.000000 1.000000 -0.000000 -0.000000 1.000000 -0.000000 -0.000000 1.000000 -0.000000 -0.000000 1.000000 -0.000000 -0.000000 1.000000 -0.000000 -0.000000 1.000000 -0.000000 -0.000000 1.000000 -0.000000 -0.000000 1.000000 -0.000000 -0.000000 1.000000 -0.000000 -0.000000 1.000000 -0.000000 -0.000000 1.000000 -0.000000 -0.000000 1.000000 -0.000000 -0.000000 1.000000 -0.000000 -0.000000 1.000000 -0.000000 -0.000000 1.000000 -0.000000 -0.000000 1.000000 -0.000000 -0.000000 1.000000 -0.000000 -0.000000 1.000000 -0.000000 -0.000000 1.000000 -0.000000 -0.000000 1.000000 -0.000000 -0.000000 1.000000 -0.000000 -0.000000 1.000000 -0.000000 -0.000000 1.000000 -0.000000 -0.000000 1.000000 -0.000000 -0.000000 1.000000 -0.000000 -0.000000 1.000000 -0.000000 -0.000000 1.000000 -0.000000 -0.000000 1.000000 -0.000000 -0.000000 1.000000 -0.000000 -0.000000 1.000000 -0.000000 -0.000000 1.000000 -0.000000 -0.000000 1.000000 -0.000000 -0.000000 1.000000 -0.000000 -0.000000 1.000000 -0.000000 -0.000000 1.000000 -0.000000 -0.000000 1.000000 -0.000000 -0.000000 1.000000 -0.000000 -0.000000 1.000000 -0.000000 -0.000000 1.000000 -0.000000 -0.000000 1.000000 -0.000000 -0.000000 1.000000 -0.000000 -0.000000 1.000000 -0.000000 -0.000000 1.000000 -0.000000 -0.000000 1.000000 -0.000000 -0.000000 1.000000 -0.000000 -0.000000 1.000000 -0.000000 -0.000000 1.000000 -0.000000 -0.000000 1.000000 -0.000000 -0.000000 1.000000 -0.000000 -0.000000 1.000000 -0.000000 -0.000000 1.000000 -0.000000 -0.000000 1.000000 -0.000000 -0.000000 1.000000 -0.000000 -0.000000 1.000000 -0.000000 -0.000000 1.000000 -0.000000 -0.000000 1.000000 -0.000000 -0.000000 1.000000 -0.000000 -0.000000 1.000000 -0.000000 -0.000000 1.000000 -0.000000 -0.000000 1.000000 -0.000000 -0.000000 1.000000 -0.000000 -0.000000 1.000000 -0.000000 -0.000000 1.000000 -0.000000 -0.000000 1.000000 -0.000000 -0.000000 1.000000 -0.000000 -0.000000 1.000000 -0.000000 -0.000000 -0.000000 0.258819 0.965926 -0.000000 0.258819 0.965926 -0.000000 -0.000000 1.000000 -0.000000 -0.000000 1.000000 -0.000000 -0.258819 0.965926 -0.000000 -0.258819 0.965926 -0.000000 -0.500000 0.866025 -0.000000 -0.500000 0.866025 -0.000000 -0.707107 0.707107 -0.000000 -0.707107 0.707107 -0.000000 -0.866025 0.500000 -0.000000 -0.866025 0.500000 -0.000000 -0.965926 0.258819 -0.000000 -0.965926 0.258819 0.000000 -1.000000 0.000000 0.000000 -1.000000 0.000000 0.000000 -0.965926 -0.258819 0.000000 -0.965926 -0.258819 0.000000 -0.866025 -0.500000 0.000000 -0.866025 -0.500000 0.000000 -0.707107 -0.707107 0.000000 -0.707107 -0.707107 0.000000 -0.500000 -0.866025 0.000000 -0.500000 -0.866025 0.000000 -0.258819 -0.965926 0.000000 -0.258819 -0.965926 0.000000 0.000000 -1.000000 0.000000 0.000000 -1.000000 0.000000 0.258819 -0.965926 0.000000 0.258819 -0.965926 0.000000 0.500000 -0.866025 0.000000 0.500000 -0.866025 0.000000 0.707107 -0.707107 0.000000 0.707107 -0.707107 0.000000 0.866025 -0.500000 0.000000 0.866025 -0.500000 0.000000 0.965926 -0.258819 0.000000 0.965926 -0.258819 -0.000000 1.000000 -0.000000 -0.000000 1.000000 -0.000000 -0.000000 0.965926 0.258819 -0.000000 0.965926 0.258819 -0.000000 0.866025 0.500000 -0.000000 0.866025 0.500000 -0.000000 0.707107 0.707107 -0.000000 0.707107 0.707107 -0.000000 0.500000 0.866025 -0.000000 0.500000 0.866025 1.000000 -0.000000 -0.000000 1.000000 -0.000000 -0.000000 1.000000 -0.000000 -0.000000 1.000000 -0.000000 -0.000000 1.000000 -0.000000 -0.000000 1.000000 -0.000000 -0.000000 1.000000 -0.000000 -0.000000 1.000000 -0.000000 -0.000000 1.000000 -0.000000 -0.000000 1.000000 -0.000000 -0.000000 1.000000 -0.000000 -0.000000 1.000000 -0.000000 -0.000000 1.000000 -0.000000 -0.000000 1.000000 -0.000000 -0.000000 1.000000 -0.000000 -0.000000 1.000000 -0.000000 -0.000000 1.000000 -0.000000 -0.000000 1.000000 -0.000000 -0.000000 1.000000 -0.000000 -0.000000 1.000000 -0.000000 -0.000000 1.000000 -0.000000 -0.000000 1.000000 -0.000000 -0.000000 1.000000 -0.000000 -0.000000 1.000000 -0.000000 -0.000000 -0.000000 0.258819 0.965926 -0.000000 0.258819 0.965926 -0.000000 -0.000000 1.000000 -0.000000 -0.000000 1.000000 -0.000000 -0.258819 0.965926 -0.000000 -0.258819 0.965926 -0.000000 -0.500000 0.866025 -0.000000 -0.500000 0.866025 -0.000000 -0.707107 0.707107 -0.000000 -0.707107 0.707107 -0.000000 -0.866025 0.500000 -0.000000 -0.866025 0.500000 -0.000000 -0.965926 0.258819 -0.000000 -0.965926 0.258819 0.000000 -1.000000 0.000000 0.000000 -1.000000 0.000000 0.000000 -0.965926 -0.258819 0.000000 -0.965926 -0.258819 0.000000 -0.866025 -0.500000 0.000000 -0.866025 -0.500000 0.000000 -0.707107 -0.707107 0.000000 -0.707107 -0.707107 0.000000 -0.500000 -0.866025 0.000000 -0.500000 -0.866025 0.000000 -0.258819 -0.965926 0.000000 -0.258819 -0.965926 0.000000 0.000000 -1.000000 0.000000 0.000000 -1.000000 0.000000 0.258819 -0.965926 0.000000 0.258819 -0.965926 0.000000 0.500000 -0.866025 0.000000 0.500000 -0.866025 0.000000 0.707107 -0.707107 0.000000 0.707107 -0.707107 0.000000 0.866025 -0.500000 0.000000 0.866025 -0.500000 0.000000 0.965926 -0.258819 0.000000 0.965926 -0.258819 -0.000000 1.000000 -0.000000 -0.000000 1.000000 -0.000000 -0.000000 0.965926 0.258819 -0.000000 0.965926 0.258819 -0.000000 0.866025 0.500000 -0.000000 0.866025 0.500000 -0.000000 0.707107 0.707107 -0.000000 0.707107 0.707107 -0.000000 0.500000 0.866025 -0.000000 0.500000 0.866025 1.000000 -0.000000 -0.000000 1.000000 -0.000000 -0.000000 1.000000 -0.000000 -0.000000 1.000000 -0.000000 -0.000000 1.000000 -0.000000 -0.000000 1.000000 -0.000000 -0.000000 1.000000 -0.000000 -0.000000 1.000000 -0.000000 -0.000000 1.000000 -0.000000 -0.000000 1.000000 -0.000000 -0.000000 1.000000 -0.000000 -0.000000 1.000000 -0.000000 -0.000000 1.000000 -0.000000 -0.000000 1.000000 -0.000000 -0.000000 1.000000 -0.000000 -0.000000 1.000000 -0.000000 -0.000000 1.000000 -0.000000 -0.000000 1.000000 -0.000000 -0.000000 1.000000 -0.000000 -0.000000 1.000000 -0.000000 -0.000000 1.000000 -0.000000 -0.000000 1.000000 -0.000000 -0.000000 1.000000 -0.000000 -0.000000 1.000000 -0.000000 -0.000000 -0.000000 0.258819 0.965926 -0.000000 0.258819 0.965926 -0.000000 -0.000000 1.000000 -0.000000 -0.000000 1.000000 -0.000000 -0.258819 0.965926 -0.000000 -0.258819 0.965926 -0.000000 -0.500000 0.866025 -0.000000 -0.500000 0.866025 -0.000000 -0.707107 0.707107 -0.000000 -0.707107 0.707107 -0.000000 -0.866025 0.500000 -0.000000 -0.866025 0.500000 -0.000000 -0.965926 0.258819 -0.000000 -0.965926 0.258819 0.000000 -1.000000 0.000000 0.000000 -1.000000 0.000000 0.000000 -0.965926 -0.258819 0.000000 -0.965926 -0.258819 0.000000 -0.866025 -0.500000 0.000000 -0.866025 -0.500000 0.000000 -0.707107 -0.707107 0.000000 -0.707107 -0.707107 0.000000 -0.500000 -0.866025 0.000000 -0.500000 -0.866025 0.000000 -0.258819 -0.965926 0.000000 -0.258819 -0.965926 0.000000 0.000000 -1.000000 0.000000 0.000000 -1.000000 0.000000 0.258819 -0.965926 0.000000 0.258819 -0.965926 0.000000 0.500000 -0.866025 0.000000 0.500000 -0.866025 0.000000 0.707107 -0.707107 0.000000 0.707107 -0.707107 0.000000 0.866025 -0.500000 0.000000 0.866025 -0.500000 0.000000 0.965926 -0.258819 0.000000 0.965926 -0.258819 -0.000000 1.000000 -0.000000 -0.000000 1.000000 -0.000000 -0.000000 0.965926 0.258819 -0.000000 0.965926 0.258819 -0.000000 0.866025 0.500000 -0.000000 0.866025 0.500000 -0.000000 0.707107 0.707107 -0.000000 0.707107 0.707107 -0.000000 0.500000 0.866025 -0.000000 0.500000 0.866025 1.000000 -0.000000 -0.000000 1.000000 -0.000000 -0.000000 1.000000 -0.000000 -0.000000 1.000000 -0.000000 -0.000000 1.000000 -0.000000 -0.000000 1.000000 -0.000000 -0.000000 1.000000 -0.000000 -0.000000 1.000000 -0.000000 -0.000000 1.000000 -0.000000 -0.000000 1.000000 -0.000000 -0.000000 1.000000 -0.000000 -0.000000 1.000000 -0.000000 -0.000000 1.000000 -0.000000 -0.000000 1.000000 -0.000000 -0.000000 1.000000 -0.000000 -0.000000 1.000000 -0.000000 -0.000000 1.000000 -0.000000 -0.000000 1.000000 -0.000000 -0.000000 1.000000 -0.000000 -0.000000 1.000000 -0.000000 -0.000000 1.000000 -0.000000 -0.000000 1.000000 -0.000000 -0.000000 1.000000 -0.000000 -0.000000 1.000000 -0.000000 -0.000000 -0.000000 0.258819 0.965926 -0.000000 0.258819 0.965926 -0.000000 -0.000000 1.000000 -0.000000 -0.000000 1.000000 -0.000000 -0.258819 0.965926 -0.000000 -0.258819 0.965926 -0.000000 -0.500000 0.866025 -0.000000 -0.500000 0.866025 -0.000000 -0.707107 0.707107 -0.000000 -0.707107 0.707107 -0.000000 -0.866025 0.500000 -0.000000 -0.866025 0.500000 -0.000000 -0.965926 0.258819 -0.000000 -0.965926 0.258819 0.000000 -1.000000 0.000000 0.000000 -1.000000 0.000000 0.000000 -0.965926 -0.258819 0.000000 -0.965926 -0.258819 0.000000 -0.866025 -0.500000 0.000000 -0.866025 -0.500000 0.000000 -0.707107 -0.707107 0.000000 -0.707107 -0.707107 0.000000 -0.500000 -0.866025 0.000000 -0.500000 -0.866025 0.000000 -0.258819 -0.965926 0.000000 -0.258819 -0.965926 0.000000 0.000000 -1.000000 0.000000 0.000000 -1.000000 0.000000 0.258819 -0.965926 0.000000 0.258819 -0.965926 0.000000 0.500000 -0.866025 0.000000 0.500000 -0.866025 0.000000 0.707107 -0.707107 0.000000 0.707107 -0.707107 0.000000 0.866025 -0.500000 0.000000 0.866025 -0.500000 0.000000 0.965926 -0.258819 0.000000 0.965926 -0.258819 -0.000000 1.000000 -0.000000 -0.000000 1.000000 -0.000000 -0.000000 0.965926 0.258819 -0.000000 0.965926 0.258819 -0.000000 0.866025 0.500000 -0.000000 0.866025 0.500000 -0.000000 0.707107 0.707107 -0.000000 0.707107 0.707107 -0.000000 0.500000 0.866025 -0.000000 0.500000 0.866025 1.000000 -0.000000 -0.000000 1.000000 -0.000000 -0.000000 1.000000 -0.000000 -0.000000 1.000000 -0.000000 -0.000000 1.000000 -0.000000 -0.000000 1.000000 -0.000000 -0.000000 1.000000 -0.000000 -0.000000 1.000000 -0.000000 -0.000000 1.000000 -0.000000 -0.000000 1.000000 -0.000000 -0.000000 1.000000 -0.000000 -0.000000 1.000000 -0.000000 -0.000000 1.000000 -0.000000 -0.000000 1.000000 -0.000000 -0.000000 1.000000 -0.000000 -0.000000 1.000000 -0.000000 -0.000000 1.000000 -0.000000 -0.000000 1.000000 -0.000000 -0.000000 1.000000 -0.000000 -0.000000 1.000000 -0.000000 -0.000000 1.000000 -0.000000 -0.000000 1.000000 -0.000000 -0.000000 1.000000 -0.000000 -0.000000 1.000000 -0.000000 -0.000000 -0.000000 0.258819 0.965926 -0.000000 0.258819 0.965926 -0.000000 -0.000000 1.000000 -0.000000 -0.000000 1.000000 -0.000000 -0.258819 0.965926 -0.000000 -0.258819 0.965926 -0.000000 -0.500000 0.866025 -0.000000 -0.500000 0.866025 -0.000000 -0.707107 0.707107 -0.000000 -0.707107 0.707107 -0.000000 -0.866025 0.500000 -0.000000 -0.866025 0.500000 -0.000000 -0.965926 0.258819 -0.000000 -0.965926 0.258819 0.000000 -1.000000 0.000000 0.000000 -1.000000 0.000000 0.000000 -0.965926 -0.258819 0.000000 -0.965926 -0.258819 0.000000 -0.866025 -0.500000 0.000000 -0.866025 -0.500000 0.000000 -0.707107 -0.707107 0.000000 -0.707107 -0.707107 0.000000 -0.500000 -0.866025 0.000000 -0.500000 -0.866025 0.000000 -0.258819 -0.965926 0.000000 -0.258819 -0.965926 0.000000 0.000000 -1.000000 0.000000 0.000000 -1.000000 0.000000 0.258819 -0.965926 0.000000 0.258819 -0.965926 0.000000 0.500000 -0.866025 0.000000 0.500000 -0.866025 0.000000 0.707107 -0.707107 0.000000 0.707107 -0.707107 0.000000 0.866025 -0.500000 0.000000 0.866025 -0.500000 0.000000 0.965926 -0.258819 0.000000 0.965926 -0.258819 -0.000000 1.000000 -0.000000 -0.000000 1.000000 -0.000000 -0.000000 0.965926 0.258819 -0.000000 0.965926 0.258819 -0.000000 0.866025 0.500000 -0.000000 0.866025 0.500000 -0.000000 0.707107 0.707107 -0.000000 0.707107 0.707107 -0.000000 0.500000 0.866025 -0.000000 0.500000 0.866025 1.000000 -0.000000 -0.000000 1.000000 -0.000000 -0.000000 1.000000 -0.000000 -0.000000 1.000000 -0.000000 -0.000000 1.000000 -0.000000 -0.000000 1.000000 -0.000000 -0.000000 1.000000 -0.000000 -0.000000 1.000000 -0.000000 -0.000000 1.000000 -0.000000 -0.000000 1.000000 -0.000000 -0.000000 1.000000 -0.000000 -0.000000 1.000000 -0.000000 -0.000000 1.000000 -0.000000 -0.000000 1.000000 -0.000000 -0.000000 1.000000 -0.000000 -0.000000 1.000000 -0.000000 -0.000000 1.000000 -0.000000 -0.000000 1.000000 -0.000000 -0.000000 1.000000 -0.000000 -0.000000 1.000000 -0.000000 -0.000000 1.000000 -0.000000 -0.000000 1.000000 -0.000000 -0.000000 1.000000 -0.000000 -0.000000 1.000000 -0.000000 -0.000000 -0.000000 0.258819 0.965926 -0.000000 0.258819 0.965926 -0.000000 -0.000000 1.000000 -0.000000 -0.000000 1.000000 -0.000000 -0.258819 0.965926 -0.000000 -0.258819 0.965926 -0.000000 -0.500000 0.866025 -0.000000 -0.500000 0.866025 -0.000000 -0.707107 0.707107 -0.000000 -0.707107 0.707107 -0.000000 -0.866025 0.500000 -0.000000 -0.866025 0.500000 -0.000000 -0.965926 0.258819 -0.000000 -0.965926 0.258819 0.000000 -1.000000 0.000000 0.000000 -1.000000 0.000000 0.000000 -0.965926 -0.258819 0.000000 -0.965926 -0.258819 0.000000 -0.866025 -0.500000 0.000000 -0.866025 -0.500000 0.000000 -0.707107 -0.707107 0.000000 -0.707107 -0.707107 0.000000 -0.500000 -0.866025 0.000000 -0.500000 -0.866025 0.000000 -0.258819 -0.965926 0.000000 -0.258819 -0.965926 0.000000 0.000000 -1.000000 0.000000 0.000000 -1.000000 0.000000 0.258819 -0.965926 0.000000 0.258819 -0.965926 0.000000 0.500000 -0.866025 0.000000 0.500000 -0.866025 0.000000 0.707107 -0.707107 0.000000 0.707107 -0.707107 0.000000 0.866025 -0.500000 0.000000 0.866025 -0.500000 0.000000 0.965926 -0.258819 0.000000 0.965926 -0.258819 -0.000000 1.000000 -0.000000 -0.000000 1.000000 -0.000000 -0.000000 0.965926 0.258819 -0.000000 0.965926 0.258819 -0.000000 0.866025 0.500000 -0.000000 0.866025 0.500000 -0.000000 0.707107 0.707107 -0.000000 0.707107 0.707107 -0.000000 0.500000 0.866025 -0.000000 0.500000 0.866025 0.707107 -0.096284 -0.700521 0.707107 -0.086895 -0.701747 0.707107 0.000000 -0.707107 0.707107 0.000000 -0.707107 0.707107 0.086895 -0.701747 0.707107 -0.172473 -0.685750 0.707107 -0.190775 -0.680885 0.707107 -0.255436 -0.659357 0.707107 -0.281712 -0.648566 0.707107 -0.334528 -0.622970 0.707107 -0.367401 -0.604166 0.707107 -0.408548 -0.577138 0.707107 -0.446247 -0.548511 0.707107 -0.476375 -0.522558 0.707107 -0.516779 -0.482638 0.707107 -0.536980 -0.460057 0.707107 -0.577685 -0.407775 0.707107 -0.589446 -0.390581 0.707107 -0.627830 -0.325315 0.707107 -0.632976 -0.315185 0.707107 -0.666279 -0.236796 0.707107 -0.666911 -0.235010 0.707107 -0.690736 -0.151274 0.707107 -0.692317 -0.143865 0.707107 -0.704090 -0.065244 0.707107 -0.705458 -0.048255 0.707107 -0.706771 0.021775 0.707107 -0.705458 0.048255 0.707107 -0.698739 0.108464 0.707107 -0.692317 0.143865 0.707107 -0.680113 0.193509 0.707107 -0.666279 0.236796 0.707107 -0.651179 0.275620 0.707107 -0.627830 0.325315 0.707107 -0.612372 0.353553 0.707107 -0.577685 0.407775 0.707107 -0.564283 0.426127 0.707107 -0.516779 0.482638 0.707107 -0.507640 0.492241 0.707107 -0.446247 0.548511 0.707107 -0.443302 0.550893 0.707107 -0.372244 0.601194 0.707107 -0.367401 0.604166 0.707107 -0.295543 0.642382 0.707107 -0.281712 0.648566 0.707107 -0.214361 0.673832 0.707107 -0.190775 0.680885 0.707107 -0.129931 0.695067 0.707107 -0.096284 0.700521 0.707107 -0.043530 0.705766 0.707107 -0.000000 0.707107 0.707107 0.043530 0.705766 0.707107 0.096284 0.700521 0.707107 0.129931 0.695067 0.707107 0.190775 0.680885 0.707107 0.214361 0.673832 0.707107 0.281712 0.648566 0.707107 0.295543 0.642382 0.707107 0.367401 0.604166 0.707107 0.372244 0.601194 0.707107 0.446247 0.548511 0.707107 0.443302 0.550893 0.707107 0.507640 0.492241 0.707107 0.516779 0.482638 0.707107 0.564283 0.426127 0.707107 0.577685 0.407775 0.707107 0.612372 0.353553 0.707107 0.627830 0.325315 0.707107 0.651179 0.275620 0.707107 0.666279 0.236796 0.707107 0.680113 0.193509 0.707107 0.692317 0.143865 0.707107 0.698739 0.108464 0.707107 0.705458 0.048255 0.707107 0.706771 0.021775 0.707107 0.705458 -0.048255 0.707107 0.704090 -0.065244 0.707107 0.692317 -0.143865 0.707107 0.690736 -0.151274 0.707107 0.666279 -0.236796 0.707107 0.666911 -0.235010 0.707107 0.632976 -0.315185 0.707107 0.627830 -0.325315 0.707107 0.589446 -0.390581 0.707107 0.577685 -0.407775 0.707107 0.536980 -0.460057 0.707107 0.516779 -0.482638 0.707107 0.476375 -0.522558 0.707107 0.446247 -0.548511 0.707107 0.408548 -0.577138 0.707107 0.367401 -0.604166 0.707107 0.334528 -0.622970 0.707107 0.281712 -0.648566 0.707107 0.255436 -0.659357 0.707107 0.190775 -0.680885 0.707107 0.172473 -0.685750 0.707107 0.096284 -0.700521 0.000000 -0.133287 -0.991077 0.000000 -0.133287 -0.991077 0.000000 0.000000 -1.000000 0.000000 0.000000 -1.000000 0.000000 0.133287 -0.991077 0.000000 0.133287 -0.991077 0.000000 0.264195 -0.964469 0.000000 0.264195 -0.964469 0.000000 0.390389 -0.920650 0.000000 0.390389 -0.920650 0.000000 0.509617 -0.860402 0.000000 0.509617 -0.860402 0.000000 0.619750 -0.784799 0.000000 0.619750 -0.784799 0.000000 0.718824 -0.695192 0.000000 0.718824 -0.695192 0.000000 0.805070 -0.593180 0.000000 0.805070 -0.593180 0.000000 0.876950 -0.480582 0.000000 0.876950 -0.480582 0.000000 0.933181 -0.359408 0.000000 0.933181 -0.359408 0.000000 0.972759 -0.231820 0.000000 0.972759 -0.231820 0.000000 0.994978 -0.100096 0.000000 0.994978 -0.100096 -0.000000 0.999442 0.033415 -0.000000 0.999442 0.033415 -0.000000 0.986070 0.166329 -0.000000 0.986070 0.166329 -0.000000 0.955102 0.296276 -0.000000 0.955102 0.296276 -0.000000 0.907091 0.420935 -0.000000 0.907091 0.420935 -0.000000 0.842892 0.538082 -0.000000 0.842892 0.538082 -0.000000 0.763652 0.645628 -0.000000 0.763652 0.645628 -0.000000 0.670785 0.741652 -0.000000 0.670785 0.741652 -0.000000 0.565947 0.824442 -0.000000 0.565947 0.824442 -0.000000 0.451010 0.892519 -0.000000 0.451010 0.892519 -0.000000 0.328025 0.944669 -0.000000 0.328025 0.944669 -0.000000 0.199186 0.979962 -0.000000 0.199186 0.979962 -0.000000 0.066793 0.997767 -0.000000 0.066793 0.997767 -0.000000 -0.066793 0.997767 -0.000000 -0.066793 0.997767 -0.000000 -0.199186 0.979962 -0.000000 -0.199186 0.979962 -0.000000 -0.328025 0.944669 -0.000000 -0.328025 0.944669 -0.000000 -0.451010 0.892519 -0.000000 -0.451010 0.892519 -0.000000 -0.565947 0.824442 -0.000000 -0.565947 0.824442 -0.000000 -0.670785 0.741652 -0.000000 -0.670785 0.741652 -0.000000 -0.763652 0.645628 -0.000000 -0.763652 0.645628 -0.000000 -0.842892 0.538082 -0.000000 -0.842892 0.538082 -0.000000 -0.907091 0.420935 -0.000000 -0.907091 0.420935 -0.000000 -0.955102 0.296276 -0.000000 -0.955102 0.296276 -0.000000 -0.986070 0.166329 -0.000000 -0.986070 0.166329 0.000000 -0.999442 0.033415 0.000000 -0.999442 0.033415 0.000000 -0.994978 -0.100096 0.000000 -0.994978 -0.100096 0.000000 -0.972759 -0.231820 0.000000 -0.972759 -0.231820 0.000000 -0.933181 -0.359408 0.000000 -0.933181 -0.359408 0.000000 -0.876950 -0.480582 0.000000 -0.876950 -0.480582 0.000000 -0.805070 -0.593180 0.000000 -0.805070 -0.593180 0.000000 -0.718824 -0.695192 0.000000 -0.718824 -0.695192 0.000000 -0.619750 -0.784799 0.000000 -0.619750 -0.784799 0.000000 -0.509617 -0.860402 0.000000 -0.509617 -0.860402 0.000000 -0.390389 -0.920650 0.000000 -0.390389 -0.920650 0.000000 -0.264195 -0.964469 0.000000 -0.264195 -0.964469 0.000000 0.133287 -0.991077 0.000000 0.133287 -0.991077 0.000000 0.000000 -1.000000 0.000000 0.000000 -1.000000 0.000000 -0.133287 -0.991077 0.000000 -0.133287 -0.991077 0.000000 -0.264195 -0.964469 0.000000 -0.264195 -0.964469 0.000000 -0.390389 -0.920650 0.000000 -0.390389 -0.920650 0.000000 -0.509617 -0.860402 0.000000 -0.509617 -0.860402 0.000000 -0.619750 -0.784799 0.000000 -0.619750 -0.784799 0.000000 -0.718824 -0.695192 0.000000 -0.718824 -0.695192 0.000000 -0.805070 -0.593180 0.000000 -0.805070 -0.593180 0.000000 -0.876950 -0.480582 0.000000 -0.876950 -0.480582 0.000000 -0.933181 -0.359408 0.000000 -0.933181 -0.359408 0.000000 -0.972759 -0.231820 0.000000 -0.972759 -0.231820 0.000000 -0.994978 -0.100096 0.000000 -0.994978 -0.100096 0.000000 -0.999442 0.033415 0.000000 -0.999442 0.033415 -0.000000 -0.986070 0.166329 -0.000000 -0.986070 0.166329 -0.000000 -0.955102 0.296276 -0.000000 -0.955102 0.296276 -0.000000 -0.907091 0.420935 -0.000000 -0.907091 0.420935 -0.000000 -0.842892 0.538082 -0.000000 -0.842892 0.538082 -0.000000 -0.763652 0.645628 -0.000000 -0.763652 0.645628 -0.000000 -0.670785 0.741652 -0.000000 -0.670785 0.741652 -0.000000 -0.565947 0.824442 -0.000000 -0.565947 0.824442 -0.000000 -0.451010 0.892519 -0.000000 -0.451010 0.892519 -0.000000 -0.328025 0.944669 -0.000000 -0.328025 0.944669 -0.000000 -0.199186 0.979962 -0.000000 -0.199186 0.979962 -0.000000 -0.066793 0.997767 -0.000000 -0.066793 0.997767 -0.000000 0.066793 0.997767 -0.000000 0.066793 0.997767 -0.000000 0.199186 0.979962 -0.000000 0.199186 0.979962 -0.000000 0.328025 0.944669 -0.000000 0.328025 0.944669 -0.000000 0.451010 0.892519 -0.000000 0.451010 0.892519 -0.000000 0.565947 0.824442 -0.000000 0.565947 0.824442 -0.000000 0.670785 0.741652 -0.000000 0.670785 0.741652 -0.000000 0.763652 0.645628 -0.000000 0.763652 0.645628 -0.000000 0.842892 0.538082 -0.000000 0.842892 0.538082 -0.000000 0.907091 0.420935 -0.000000 0.907091 0.420935 -0.000000 0.955102 0.296276 -0.000000 0.955102 0.296276 -0.000000 0.986070 0.166329 -0.000000 0.986070 0.166329 -0.000000 0.999442 0.033415 -0.000000 0.999442 0.033415 0.000000 0.994978 -0.100096 0.000000 0.994978 -0.100096 0.000000 0.972759 -0.231820 0.000000 0.972759 -0.231820 0.000000 0.933181 -0.359408 0.000000 0.933181 -0.359408 0.000000 0.876950 -0.480582 0.000000 0.876950 -0.480582 0.000000 0.805070 -0.593180 0.000000 0.805070 -0.593180 0.000000 0.718824 -0.695192 0.000000 0.718824 -0.695192 0.000000 0.619750 -0.784799 0.000000 0.619750 -0.784799 0.000000 0.509617 -0.860402 0.000000 0.509617 -0.860402 0.000000 0.390389 -0.920650 0.000000 0.390389 -0.920650 0.000000 0.264195 -0.964469 0.000000 0.264195 -0.964469 -1.000000 0.000000 0.000000 -1.000000 0.000000 0.000000 -1.000000 0.000000 0.000000 -1.000000 0.000000 0.000000 -1.000000 0.000000 0.000000 -1.000000 0.000000 0.000000 -1.000000 0.000000 0.000000 -1.000000 0.000000 0.000000 -1.000000 0.000000 0.000000 -1.000000 0.000000 0.000000 -1.000000 0.000000 0.000000 -1.000000 0.000000 0.000000 -1.000000 0.000000 0.000000 -1.000000 0.000000 0.000000 -1.000000 0.000000 0.000000 -1.000000 0.000000 0.000000 -1.000000 0.000000 0.000000 -1.000000 0.000000 0.000000 -1.000000 0.000000 0.000000 -1.000000 0.000000 0.000000 -1.000000 0.000000 0.000000 -1.000000 0.000000 0.000000 -1.000000 0.000000 0.000000 -1.000000 0.000000 0.000000 -1.000000 0.000000 0.000000 -1.000000 0.000000 0.000000 -1.000000 0.000000 0.000000 -1.000000 0.000000 0.000000 -1.000000 0.000000 0.000000 -1.000000 0.000000 0.000000 -1.000000 0.000000 0.000000 -1.000000 0.000000 0.000000 -1.000000 0.000000 0.000000 -1.000000 0.000000 0.000000 -1.000000 0.000000 0.000000 -1.000000 0.000000 0.000000 -1.000000 0.000000 0.000000 -1.000000 0.000000 0.000000 -1.000000 0.000000 0.000000 -1.000000 0.000000 0.000000 -1.000000 0.000000 0.000000 -1.000000 0.000000 0.000000 -1.000000 0.000000 0.000000 -1.000000 0.000000 0.000000 -1.000000 0.000000 0.000000 -1.000000 0.000000 0.000000 -1.000000 0.000000 0.000000 -1.000000 0.000000 0.000000 -1.000000 0.000000 0.000000 -1.000000 0.000000 0.000000 -1.000000 0.000000 0.000000 -1.000000 0.000000 0.000000 -1.000000 0.000000 0.000000 -1.000000 0.000000 0.000000 -1.000000 0.000000 0.000000 -1.000000 0.000000 0.000000 -1.000000 0.000000 0.000000 -1.000000 0.000000 0.000000 -1.000000 0.000000 0.000000 -1.000000 0.000000 0.000000 -1.000000 0.000000 0.000000 -1.000000 0.000000 0.000000 -1.000000 0.000000 0.000000 -1.000000 0.000000 0.000000 -1.000000 0.000000 0.000000 -1.000000 0.000000 0.000000 -1.000000 0.000000 0.000000 -1.000000 0.000000 0.000000 -1.000000 0.000000 0.000000 -1.000000 0.000000 0.000000 -1.000000 0.000000 0.000000 -1.000000 0.000000 0.000000 -1.000000 0.000000 0.000000 -1.000000 0.000000 0.000000 -1.000000 0.000000 0.000000 -1.000000 0.000000 0.000000 -1.000000 0.000000 0.000000 -1.000000 0.000000 0.000000 -1.000000 0.000000 0.000000 -1.000000 0.000000 0.000000 -1.000000 0.000000 0.000000 -1.000000 0.000000 0.000000 -1.000000 0.000000 0.000000 -1.000000 0.000000 0.000000 -1.000000 0.000000 0.000000 -1.000000 0.000000 0.000000 -1.000000 0.000000 0.000000 -1.000000 0.000000 0.000000 -1.000000 0.000000 0.000000 -1.000000 0.000000 0.000000 -1.000000 0.000000 0.000000 -1.000000 0.000000 0.000000 -1.000000 0.000000 0.000000 0.000000 -0.104528 -0.994522 0.000000 -0.104528 -0.994522 0.000000 0.000000 -1.000000 0.000000 0.000000 -1.000000 0.000000 0.104528 -0.994522 0.000000 0.104528 -0.994522 0.000000 0.207912 -0.978148 0.000000 0.207912 -0.978148 0.000000 0.309017 -0.951057 0.000000 0.309017 -0.951057 0.000000 0.406737 -0.913545 0.000000 0.406737 -0.913545 0.000000 0.500000 -0.866025 0.000000 0.500000 -0.866025 0.000000 0.587785 -0.809017 0.000000 0.587785 -0.809017 0.000000 0.669131 -0.743145 0.000000 0.669131 -0.743145 0.000000 0.743145 -0.669131 0.000000 0.743145 -0.669131 0.000000 0.809017 -0.587785 0.000000 0.809017 -0.587785 0.000000 0.866025 -0.500000 0.000000 0.866025 -0.500000 0.000000 0.913545 -0.406737 0.000000 0.913545 -0.406737 0.000000 0.951057 -0.309017 0.000000 0.951057 -0.309017 0.000000 0.978148 -0.207912 0.000000 0.978148 -0.207912 0.000000 0.994522 -0.104528 0.000000 0.994522 -0.104528 -0.000000 1.000000 -0.000000 -0.000000 1.000000 -0.000000 -0.000000 0.994522 0.104528 -0.000000 0.994522 0.104528 -0.000000 0.978148 0.207912 -0.000000 0.978148 0.207912 -0.000000 0.951057 0.309017 -0.000000 0.951057 0.309017 -0.000000 0.913545 0.406737 -0.000000 0.913545 0.406737 -0.000000 0.866025 0.500000 -0.000000 0.866025 0.500000 -0.000000 0.809017 0.587785 -0.000000 0.809017 0.587785 -0.000000 0.743145 0.669131 -0.000000 0.743145 0.669131 -0.000000 0.669131 0.743145 -0.000000 0.669131 0.743145 -0.000000 0.587785 0.809017 -0.000000 0.587785 0.809017 -0.000000 0.500000 0.866025 -0.000000 0.500000 0.866025 -0.000000 0.406737 0.913545 -0.000000 0.406737 0.913545 -0.000000 0.309017 0.951057 -0.000000 0.309017 0.951057 -0.000000 0.207912 0.978148 -0.000000 0.207912 0.978148 -0.000000 0.104528 0.994522 -0.000000 0.104528 0.994522 -0.000000 -0.000000 1.000000 -0.000000 -0.000000 1.000000 -0.000000 -0.104528 0.994522 -0.000000 -0.104528 0.994522 -0.000000 -0.207912 0.978148 -0.000000 -0.207912 0.978148 -0.000000 -0.309017 0.951057 -0.000000 -0.309017 0.951057 -0.000000 -0.406737 0.913545 -0.000000 -0.406737 0.913545 -0.000000 -0.500000 0.866025 -0.000000 -0.500000 0.866025 -0.000000 -0.587785 0.809017 -0.000000 -0.587785 0.809017 -0.000000 -0.669131 0.743145 -0.000000 -0.669131 0.743145 -0.000000 -0.743145 0.669131 -0.000000 -0.743145 0.669131 -0.000000 -0.809017 0.587785 -0.000000 -0.809017 0.587785 -0.000000 -0.866025 0.500000 -0.000000 -0.866025 0.500000 -0.000000 -0.913545 0.406737 -0.000000 -0.913545 0.406737 -0.000000 -0.951057 0.309017 -0.000000 -0.951057 0.309017 -0.000000 -0.978148 0.207912 -0.000000 -0.978148 0.207912 -0.000000 -0.994522 0.104528 -0.000000 -0.994522 0.104528 0.000000 -1.000000 0.000000 0.000000 -1.000000 0.000000 0.000000 -0.994522 -0.104528 0.000000 -0.994522 -0.104528 0.000000 -0.978148 -0.207912 0.000000 -0.978148 -0.207912 0.000000 -0.951057 -0.309017 0.000000 -0.951057 -0.309017 0.000000 -0.913545 -0.406737 0.000000 -0.913545 -0.406737 0.000000 -0.866025 -0.500000 0.000000 -0.866025 -0.500000 0.000000 -0.809017 -0.587785 0.000000 -0.809017 -0.587785 0.000000 -0.743145 -0.669131 0.000000 -0.743145 -0.669131 0.000000 -0.669131 -0.743145 0.000000 -0.669131 -0.743145 0.000000 -0.587785 -0.809017 0.000000 -0.587785 -0.809017 0.000000 -0.500000 -0.866025 0.000000 -0.500000 -0.866025 0.000000 -0.406737 -0.913545 0.000000 -0.406737 -0.913545 0.000000 -0.309017 -0.951057 0.000000 -0.309017 -0.951057 0.000000 -0.207912 -0.978148 0.000000 -0.207912 -0.978148 -1.000000 0.000000 0.000000 -1.000000 0.000000 0.000000 -1.000000 0.000000 0.000000 -1.000000 0.000000 0.000000 -1.000000 0.000000 0.000000 -1.000000 0.000000 0.000000 -1.000000 0.000000 0.000000 -1.000000 0.000000 0.000000 -1.000000 0.000000 0.000000 -1.000000 0.000000 0.000000 -1.000000 0.000000 0.000000 -1.000000 0.000000 0.000000 -1.000000 0.000000 0.000000 -1.000000 0.000000 0.000000 -1.000000 0.000000 0.000000 -1.000000 0.000000 0.000000 -1.000000 0.000000 0.000000 -1.000000 0.000000 0.000000 -1.000000 0.000000 0.000000 -1.000000 0.000000 0.000000 -1.000000 0.000000 0.000000 -1.000000 0.000000 0.000000 -1.000000 0.000000 0.000000 -1.000000 0.000000 0.000000 -1.000000 0.000000 0.000000 -1.000000 0.000000 0.000000 -1.000000 0.000000 0.000000 -1.000000 0.000000 0.000000 -1.000000 0.000000 0.000000 -1.000000 0.000000 0.000000 -1.000000 0.000000 0.000000 -1.000000 0.000000 0.000000 -1.000000 0.000000 0.000000 -1.000000 0.000000 0.000000 -1.000000 0.000000 0.000000 -1.000000 0.000000 0.000000 -1.000000 0.000000 0.000000 -1.000000 0.000000 0.000000 -1.000000 0.000000 0.000000 -1.000000 0.000000 0.000000 -1.000000 0.000000 0.000000 -1.000000 0.000000 0.000000 -1.000000 0.000000 0.000000 -1.000000 0.000000 0.000000 -1.000000 0.000000 0.000000 -1.000000 0.000000 0.000000 -1.000000 0.000000 0.000000 -1.000000 0.000000 0.000000 -1.000000 0.000000 0.000000 -1.000000 0.000000 0.000000 -1.000000 0.000000 0.000000 -1.000000 0.000000 0.000000 -1.000000 0.000000 0.000000 -1.000000 0.000000 0.000000 -1.000000 0.000000 0.000000 -1.000000 0.000000 0.000000 -1.000000 0.000000 0.000000 -1.000000 0.000000 0.000000 -1.000000 0.000000 0.000000 -1.000000 0.000000 0.000000 -1.000000 0.000000 0.000000 -1.000000 0.000000 0.000000 -1.000000 0.000000 0.000000 -1.000000 0.000000 0.000000 -1.000000 0.000000 0.000000 -1.000000 0.000000 0.000000 -1.000000 0.000000 0.000000 -1.000000 0.000000 0.000000 -1.000000 0.000000 0.000000 -1.000000 0.000000 0.000000 -1.000000 0.000000 0.000000 -1.000000 0.000000 0.000000 -1.000000 0.000000 0.000000 -1.000000 0.000000 0.000000 -1.000000 0.000000 0.000000 -1.000000 0.000000 0.000000 -1.000000 0.000000 0.000000 -1.000000 0.000000 0.000000 -1.000000 0.000000 0.000000 -1.000000 0.000000 0.000000 -1.000000 0.000000 0.000000 -1.000000 0.000000 0.000000 -1.000000 0.000000 0.000000 -1.000000 0.000000 0.000000 -1.000000 0.000000 0.000000 -1.000000 0.000000 0.000000 -1.000000 0.000000 0.000000 -1.000000 0.000000 0.000000 -1.000000 0.000000 0.000000 -1.000000 0.000000 0.000000 -1.000000 0.000000 0.000000 -1.000000 0.000000 0.000000 -1.000000 0.000000 0.000000 -1.000000 0.000000 0.000000 -1.000000 0.000000 0.000000 -1.000000 0.000000 0.000000 -1.000000 0.000000 0.000000 -1.000000 0.000000 0.000000 -1.000000 0.000000 0.000000 -1.000000 0.000000 0.000000 -1.000000 0.000000 0.000000 -1.000000 0.000000 0.000000 -1.000000 0.000000 0.000000 -1.000000 0.000000 0.000000 -1.000000 0.000000 0.000000 -1.000000 0.000000 0.000000 -1.000000 0.000000 0.000000 -1.000000 0.000000 0.000000 -1.000000 0.000000 0.000000 -1.000000 0.000000 0.000000 -1.000000 0.000000 0.000000 -1.000000 0.000000 0.000000 -1.000000 0.000000 0.000000 -1.000000 0.000000 0.000000 -1.000000 0.000000 0.000000 -1.000000 0.000000 0.000000 -1.000000 0.000000 0.000000 -1.000000 0.000000 0.000000 -1.000000 0.000000 0.000000 -1.000000 0.000000 0.000000 -1.000000 0.000000 0.000000 -1.000000 0.000000 0.000000 -1.000000 0.000000 0.000000 -1.000000 0.000000 0.000000 -1.000000 0.000000 0.000000 -1.000000 0.000000 0.000000 -1.000000 0.000000 0.000000 -1.000000 0.000000 0.000000 -1.000000 0.000000 0.000000 -1.000000 0.000000 0.000000 -1.000000 0.000000 0.000000 -1.000000 0.000000 0.000000 -1.000000 0.000000 0.000000 -1.000000 0.000000 0.000000 -1.000000 0.000000 0.000000 -1.000000 0.000000 0.000000 -1.000000 0.000000 0.000000 -1.000000 0.000000 0.000000 -1.000000 0.000000 0.000000 -1.000000 0.000000 0.000000 -1.000000 0.000000 0.000000 -1.000000 0.000000 0.000000 -1.000000 0.000000 0.000000 -1.000000 0.000000 0.000000 -1.000000 0.000000 0.000000 -1.000000 0.000000 0.000000 -1.000000 0.000000 0.000000 -1.000000 0.000000 0.000000 -1.000000 0.000000 0.000000 -1.000000 0.000000 0.000000 -1.000000 0.000000 0.000000 -1.000000 0.000000 0.000000 -1.000000 0.000000 0.000000 -1.000000 0.000000 0.000000 -1.000000 0.000000 0.000000 -1.000000 0.000000 0.000000 -1.000000 0.000000 0.000000 -1.000000 0.000000 0.000000 -1.000000 0.000000 0.000000 -1.000000 0.000000 0.000000 -1.000000 0.000000 0.000000 -1.000000 0.000000 0.000000 -1.000000 0.000000 0.000000 -1.000000 0.000000 0.000000 -1.000000 0.000000 0.000000 -1.000000 0.000000 0.000000 -1.000000 0.000000 0.000000 -1.000000 0.000000 0.000000 -1.000000 0.000000 0.000000 -1.000000 0.000000 0.000000 -1.000000 0.000000 0.000000 -1.000000 0.000000 0.000000 -1.000000 0.000000 0.000000 -1.000000 0.000000 0.000000 -1.000000 0.000000 0.000000 -1.000000 0.000000 0.000000 -1.000000 0.000000 0.000000 -1.000000 0.000000 0.000000 -1.000000 0.000000 0.000000 -1.000000 0.000000 0.000000 -1.000000 0.000000 0.000000 -1.000000 0.000000 0.000000 -1.000000 0.000000 0.000000 -1.000000 0.000000 0.000000 -1.000000 0.000000 0.000000 -1.000000 0.000000 0.000000 -1.000000 0.000000 0.000000 -1.000000 0.000000 0.000000 -1.000000 0.000000 0.000000 -1.000000 0.000000 0.000000 -1.000000 0.000000 0.000000 -1.000000 0.000000 0.000000 -1.000000 0.000000 0.000000 -1.000000 0.000000 0.000000 -1.000000 0.000000 0.000000 -1.000000 0.000000 0.000000 -1.000000 0.000000 0.000000 -1.000000 0.000000 0.000000 -1.000000 0.000000 0.000000 -1.000000 0.000000 0.000000 -1.000000 0.000000 0.000000 -1.000000 0.000000 0.000000 -1.000000 0.000000 0.000000 -1.000000 0.000000 0.000000 -1.000000 0.000000 0.000000 -1.000000 0.000000 0.000000 -1.000000 0.000000 0.000000 -1.000000 0.000000 0.000000 -1.000000 0.000000 0.000000 -1.000000 0.000000 0.000000 -1.000000 0.000000 0.000000 -1.000000 0.000000 0.000000 -1.000000 0.000000 0.000000 -1.000000 0.000000 0.000000 -1.000000 0.000000 0.000000 -1.000000 0.000000 0.000000 -1.000000 0.000000 0.000000 -1.000000 0.000000 0.000000 -1.000000 0.000000 0.000000 -1.000000 0.000000 0.000000 -1.000000 0.000000 0.000000 -1.000000 0.000000 0.000000 -1.000000 0.000000 0.000000 -1.000000 0.000000 0.000000 -1.000000 0.000000 0.000000 -1.000000 0.000000 0.000000 -1.000000 0.000000 0.000000 -1.000000 0.000000 0.000000 -1.000000 0.000000 0.000000 -1.000000 0.000000 0.000000 -1.000000 0.000000 0.000000 -1.000000 0.000000 0.000000 -1.000000 0.000000 0.000000 -1.000000 0.000000 0.000000 -1.000000 0.000000 0.000000 -1.000000 0.000000 0.000000 -1.000000 0.000000 0.000000 -1.000000 0.000000 0.000000 -1.000000 0.000000 0.000000 -1.000000 0.000000 0.000000 -1.000000 0.000000 0.000000 -1.000000 0.000000 0.000000 -1.000000 0.000000 0.000000 -1.000000 0.000000 0.000000 -1.000000 0.000000 0.000000 -1.000000 0.000000 0.000000 -1.000000 0.000000 0.000000 -1.000000 0.000000 0.000000 -1.000000 0.000000 0.000000 -1.000000 0.000000 0.000000 -1.000000 0.000000 0.000000 -1.000000 0.000000 0.000000 -1.000000 0.000000 0.000000 0.707107 -0.073913 -0.703233 0.707107 -0.073913 -0.703233 0.707107 0.000000 -0.707107 0.707107 0.000000 -0.707107 0.707107 0.073913 -0.703233 0.707107 0.073913 -0.703233 0.707107 0.147016 -0.691655 0.707107 0.147016 -0.691655 0.707107 0.218508 -0.672499 0.707107 0.218508 -0.672499 0.707107 0.287606 -0.645974 0.707107 0.287606 -0.645974 0.707107 0.353553 -0.612372 0.707107 0.353553 -0.612372 0.707107 0.415627 -0.572061 0.707107 0.415627 -0.572061 0.707107 0.473147 -0.525483 0.707107 0.473147 -0.525483 0.707107 0.525483 -0.473147 0.707107 0.525483 -0.473147 0.707107 0.572061 -0.415627 0.707107 0.572061 -0.415627 0.707107 0.612372 -0.353553 0.707107 0.612372 -0.353553 0.707107 0.645974 -0.287606 0.707107 0.645974 -0.287606 0.707107 0.672499 -0.218508 0.707107 0.672499 -0.218508 0.707107 0.691655 -0.147016 0.707107 0.691655 -0.147016 0.707107 0.703233 -0.073913 0.707107 0.703233 -0.073913 0.707107 0.707107 -0.000000 0.707107 0.707107 -0.000000 0.707107 0.703233 0.073913 0.707107 0.703233 0.073913 0.707107 0.691655 0.147016 0.707107 0.691655 0.147016 0.707107 0.672499 0.218508 0.707107 0.672499 0.218508 0.707107 0.645974 0.287606 0.707107 0.645974 0.287606 0.707107 0.612372 0.353553 0.707107 0.612372 0.353553 0.707107 0.572061 0.415627 0.707107 0.572061 0.415627 0.707107 0.525483 0.473147 0.707107 0.525483 0.473147 0.707107 0.473147 0.525483 0.707107 0.473147 0.525483 0.707107 0.415627 0.572061 0.707107 0.415627 0.572061 0.707107 0.353553 0.612372 0.707107 0.353553 0.612372 0.707107 0.287606 0.645974 0.707107 0.287606 0.645974 0.707107 0.218508 0.672499 0.707107 0.218508 0.672499 0.707107 0.147016 0.691655 0.707107 0.147016 0.691655 0.707107 0.073913 0.703233 0.707107 0.073913 0.703233 0.707107 -0.000000 0.707107 0.707107 -0.000000 0.707107 0.707107 -0.073913 0.703233 0.707107 -0.073913 0.703233 0.707107 -0.147016 0.691655 0.707107 -0.147016 0.691655 0.707107 -0.218508 0.672499 0.707107 -0.218508 0.672499 0.707107 -0.287606 0.645974 0.707107 -0.287606 0.645974 0.707107 -0.353553 0.612372 0.707107 -0.353553 0.612372 0.707107 -0.415627 0.572061 0.707107 -0.415627 0.572061 0.707107 -0.473147 0.525483 0.707107 -0.473147 0.525483 0.707107 -0.525483 0.473147 0.707107 -0.525483 0.473147 0.707107 -0.572061 0.415627 0.707107 -0.572061 0.415627 0.707107 -0.612372 0.353553 0.707107 -0.612372 0.353553 0.707107 -0.645974 0.287606 0.707107 -0.645974 0.287606 0.707107 -0.672499 0.218508 0.707107 -0.672499 0.218508 0.707107 -0.691655 0.147016 0.707107 -0.691655 0.147016 0.707107 -0.703233 0.073913 0.707107 -0.703233 0.073913 0.707107 -0.707107 0.000000 0.707107 -0.707107 0.000000 0.707107 -0.703233 -0.073913 0.707107 -0.703233 -0.073913 0.707107 -0.691655 -0.147016 0.707107 -0.691655 -0.147016 0.707107 -0.672499 -0.218508 0.707107 -0.672499 -0.218508 0.707107 -0.645974 -0.287606 0.707107 -0.645974 -0.287606 0.707107 -0.612372 -0.353553 0.707107 -0.612372 -0.353553 0.707107 -0.572061 -0.415627 0.707107 -0.572061 -0.415627 0.707107 -0.525483 -0.473147 0.707107 -0.525483 -0.473147 0.707107 -0.473147 -0.525483 0.707107 -0.473147 -0.525483 0.707107 -0.415627 -0.572061 0.707107 -0.415627 -0.572061 0.707107 -0.353553 -0.612372 0.707107 -0.353553 -0.612372 0.707107 -0.287606 -0.645974 0.707107 -0.287606 -0.645974 0.707107 -0.218508 -0.672499 0.707107 -0.218508 -0.672499 0.707107 -0.147016 -0.691655 0.707107 -0.147016 -0.691655 1.000000 -0.000000 -0.000000 1.000000 -0.000000 -0.000000 1.000000 -0.000000 -0.000000 1.000000 -0.000000 -0.000000 1.000000 -0.000000 -0.000000 1.000000 -0.000000 -0.000000 1.000000 -0.000000 -0.000000 1.000000 -0.000000 -0.000000 1.000000 -0.000000 -0.000000 1.000000 -0.000000 -0.000000 1.000000 -0.000000 -0.000000 1.000000 -0.000000 -0.000000 1.000000 -0.000000 -0.000000 1.000000 -0.000000 -0.000000 1.000000 -0.000000 -0.000000 1.000000 -0.000000 -0.000000 1.000000 -0.000000 -0.000000 1.000000 -0.000000 -0.000000 1.000000 -0.000000 -0.000000 1.000000 -0.000000 -0.000000 1.000000 -0.000000 -0.000000 1.000000 -0.000000 -0.000000 1.000000 -0.000000 -0.000000 1.000000 -0.000000 -0.000000 1.000000 -0.000000 -0.000000 1.000000 -0.000000 -0.000000 1.000000 -0.000000 -0.000000 1.000000 -0.000000 -0.000000 1.000000 -0.000000 -0.000000 1.000000 -0.000000 -0.000000 1.000000 -0.000000 -0.000000 1.000000 -0.000000 -0.000000 1.000000 -0.000000 -0.000000 1.000000 -0.000000 -0.000000 1.000000 -0.000000 -0.000000 1.000000 -0.000000 -0.000000 1.000000 -0.000000 -0.000000 1.000000 -0.000000 -0.000000 1.000000 -0.000000 -0.000000 1.000000 -0.000000 -0.000000 1.000000 -0.000000 -0.000000 1.000000 -0.000000 -0.000000 1.000000 -0.000000 -0.000000 1.000000 -0.000000 -0.000000 1.000000 -0.000000 -0.000000 1.000000 -0.000000 -0.000000 1.000000 -0.000000 -0.000000 1.000000 -0.000000 -0.000000 1.000000 -0.000000 -0.000000 1.000000 -0.000000 -0.000000 1.000000 -0.000000 -0.000000 1.000000 -0.000000 -0.000000 1.000000 -0.000000 -0.000000 1.000000 -0.000000 -0.000000 1.000000 -0.000000 -0.000000 1.000000 -0.000000 -0.000000 1.000000 -0.000000 -0.000000 1.000000 -0.000000 -0.000000 1.000000 -0.000000 -0.000000 1.000000 -0.000000 -0.000000 1.000000 -0.000000 -0.000000 1.000000 -0.000000 -0.000000 1.000000 -0.000000 -0.000000 1.000000 -0.000000 -0.000000 1.000000 -0.000000 -0.000000 1.000000 -0.000000 -0.000000 1.000000 -0.000000 -0.000000 1.000000 -0.000000 -0.000000 1.000000 -0.000000 -0.000000 1.000000 -0.000000 -0.000000 1.000000 -0.000000 -0.000000 1.000000 -0.000000 -0.000000 1.000000 -0.000000 -0.000000 1.000000 -0.000000 -0.000000 1.000000 -0.000000 -0.000000 1.000000 -0.000000 -0.000000 1.000000 -0.000000 -0.000000 1.000000 -0.000000 -0.000000 1.000000 -0.000000 -0.000000 1.000000 -0.000000 -0.000000 1.000000 -0.000000 -0.000000 1.000000 -0.000000 -0.000000 1.000000 -0.000000 -0.000000 1.000000 -0.000000 -0.000000 1.000000 -0.000000 -0.000000 1.000000 -0.000000 -0.000000 1.000000 -0.000000 -0.000000 1.000000 -0.000000 -0.000000 1.000000 -0.000000 -0.000000 1.000000 -0.000000 -0.000000 1.000000 -0.000000 -0.000000 1.000000 -0.000000 -0.000000 1.000000 -0.000000 -0.000000 1.000000 -0.000000 -0.000000 1.000000 -0.000000 -0.000000 1.000000 -0.000000 -0.000000 1.000000 -0.000000 -0.000000 1.000000 -0.000000 -0.000000 1.000000 -0.000000 -0.000000 1.000000 -0.000000 -0.000000 1.000000 -0.000000 -0.000000 1.000000 -0.000000 -0.000000 1.000000 -0.000000 -0.000000 1.000000 -0.000000 -0.000000 1.000000 -0.000000 -0.000000 1.000000 -0.000000 -0.000000 1.000000 -0.000000 -0.000000 1.000000 -0.000000 -0.000000 1.000000 -0.000000 -0.000000 1.000000 -0.000000 -0.000000 1.000000 -0.000000 -0.000000 1.000000 -0.000000 -0.000000 1.000000 -0.000000 -0.000000 1.000000 -0.000000 -0.000000 1.000000 -0.000000 -0.000000 1.000000 -0.000000 -0.000000 1.000000 -0.000000 -0.000000 1.000000 -0.000000 -0.000000 1.000000 -0.000000 -0.000000 1.000000 -0.000000 -0.000000 1.000000 -0.000000 -0.000000 1.000000 -0.000000 -0.000000 1.000000 -0.000000 -0.000000 1.000000 -0.000000 -0.000000 1.000000 -0.000000 -0.000000 1.000000 -0.000000 -0.000000 1.000000 -0.000000 -0.000000 1.000000 -0.000000 -0.000000 1.000000 -0.000000 -0.000000 1.000000 -0.000000 -0.000000 1.000000 -0.000000 -0.000000 1.000000 -0.000000 -0.000000 1.000000 -0.000000 -0.000000 1.000000 -0.000000 -0.000000 1.000000 -0.000000 -0.000000 1.000000 -0.000000 -0.000000 1.000000 -0.000000 -0.000000 1.000000 -0.000000 -0.000000 1.000000 -0.000000 -0.000000 1.000000 -0.000000 -0.000000 1.000000 -0.000000 -0.000000 1.000000 -0.000000 -0.000000 1.000000 -0.000000 -0.000000 1.000000 -0.000000 -0.000000 1.000000 -0.000000 -0.000000 1.000000 -0.000000 -0.000000 1.000000 -0.000000 -0.000000 1.000000 -0.000000 -0.000000 1.000000 -0.000000 -0.000000 1.000000 -0.000000 -0.000000 1.000000 -0.000000 -0.000000 1.000000 -0.000000 -0.000000 1.000000 -0.000000 -0.000000 1.000000 -0.000000 -0.000000 1.000000 -0.000000 -0.000000 1.000000 -0.000000 -0.000000 1.000000 -0.000000 -0.000000 1.000000 -0.000000 -0.000000 1.000000 -0.000000 -0.000000 1.000000 -0.000000 -0.000000 1.000000 -0.000000 -0.000000 1.000000 -0.000000 -0.000000 1.000000 -0.000000 -0.000000 1.000000 -0.000000 -0.000000 1.000000 -0.000000 -0.000000 1.000000 -0.000000 -0.000000 1.000000 -0.000000 -0.000000 1.000000 -0.000000 -0.000000 1.000000 -0.000000 -0.000000 1.000000 -0.000000 -0.000000 1.000000 -0.000000 -0.000000 1.000000 -0.000000 -0.000000 1.000000 -0.000000 -0.000000 1.000000 -0.000000 -0.000000 1.000000 -0.000000 -0.000000 1.000000 -0.000000 -0.000000 1.000000 -0.000000 -0.000000 1.000000 -0.000000 -0.000000 1.000000 -0.000000 -0.000000 1.000000 -0.000000 -0.000000 1.000000 -0.000000 -0.000000 1.000000 -0.000000 -0.000000 1.000000 -0.000000 -0.000000 1.000000 -0.000000 -0.000000 1.000000 -0.000000 -0.000000 1.000000 -0.000000 -0.000000 1.000000 -0.000000 -0.000000 1.000000 -0.000000 -0.000000 1.000000 -0.000000 -0.000000 1.000000 -0.000000 -0.000000 1.000000 -0.000000 -0.000000 1.000000 -0.000000 -0.000000 1.000000 -0.000000 -0.000000 1.000000 -0.000000 -0.000000 1.000000 -0.000000 -0.000000 1.000000 -0.000000 -0.000000 1.000000 -0.000000 -0.000000 1.000000 -0.000000 -0.000000 1.000000 -0.000000 -0.000000 1.000000 -0.000000 -0.000000 1.000000 -0.000000 -0.000000 1.000000 -0.000000 -0.000000 1.000000 -0.000000 -0.000000 1.000000 -0.000000 -0.000000 -0.000000 -0.258819 0.965926 -0.000000 -0.258819 0.965926 -0.000000 -0.000000 1.000000 -0.000000 -0.000000 1.000000 -0.000000 0.258819 0.965926 -0.000000 0.258819 0.965926 -0.000000 0.500000 0.866025 -0.000000 0.500000 0.866025 -0.000000 0.707107 0.707107 -0.000000 0.707107 0.707107 -0.000000 0.866025 0.500000 -0.000000 0.866025 0.500000 -0.000000 0.965926 0.258819 -0.000000 0.965926 0.258819 -0.000000 1.000000 -0.000000 -0.000000 1.000000 -0.000000 0.000000 0.965926 -0.258819 0.000000 0.965926 -0.258819 0.000000 0.866025 -0.500000 0.000000 0.866025 -0.500000 0.000000 0.707107 -0.707107 0.000000 0.707107 -0.707107 0.000000 0.500000 -0.866025 0.000000 0.500000 -0.866025 0.000000 0.258819 -0.965926 0.000000 0.258819 -0.965926 0.000000 0.000000 -1.000000 0.000000 0.000000 -1.000000 0.000000 -0.258819 -0.965926 0.000000 -0.258819 -0.965926 0.000000 -0.500000 -0.866025 0.000000 -0.500000 -0.866025 0.000000 -0.707107 -0.707107 0.000000 -0.707107 -0.707107 0.000000 -0.866025 -0.500000 0.000000 -0.866025 -0.500000 0.000000 -0.965926 -0.258819 0.000000 -0.965926 -0.258819 0.000000 -1.000000 0.000000 0.000000 -1.000000 0.000000 -0.000000 -0.965926 0.258819 -0.000000 -0.965926 0.258819 -0.000000 -0.866025 0.500000 -0.000000 -0.866025 0.500000 -0.000000 -0.707107 0.707107 -0.000000 -0.707107 0.707107 -0.000000 -0.500000 0.866025 -0.000000 -0.500000 0.866025 -0.000000 -0.258819 0.965926 -0.000000 -0.258819 0.965926 -0.000000 -0.000000 1.000000 -0.000000 -0.000000 1.000000 -0.000000 0.258819 0.965926 -0.000000 0.258819 0.965926 -0.000000 0.500000 0.866025 -0.000000 0.500000 0.866025 -0.000000 0.707107 0.707107 -0.000000 0.707107 0.707107 -0.000000 0.866025 0.500000 -0.000000 0.866025 0.500000 -0.000000 0.965926 0.258819 -0.000000 0.965926 0.258819 -0.000000 1.000000 -0.000000 -0.000000 1.000000 -0.000000 0.000000 0.965926 -0.258819 0.000000 0.965926 -0.258819 0.000000 0.866025 -0.500000 0.000000 0.866025 -0.500000 0.000000 0.707107 -0.707107 0.000000 0.707107 -0.707107 0.000000 0.500000 -0.866025 0.000000 0.500000 -0.866025 0.000000 0.258819 -0.965926 0.000000 0.258819 -0.965926 0.000000 0.000000 -1.000000 0.000000 0.000000 -1.000000 0.000000 -0.258819 -0.965926 0.000000 -0.258819 -0.965926 0.000000 -0.500000 -0.866025 0.000000 -0.500000 -0.866025 0.000000 -0.707107 -0.707107 0.000000 -0.707107 -0.707107 0.000000 -0.866025 -0.500000 0.000000 -0.866025 -0.500000 0.000000 -0.965926 -0.258819 0.000000 -0.965926 -0.258819 0.000000 -1.000000 0.000000 0.000000 -1.000000 0.000000 -0.000000 -0.965926 0.258819 -0.000000 -0.965926 0.258819 -0.000000 -0.866025 0.500000 -0.000000 -0.866025 0.500000 -0.000000 -0.707107 0.707107 -0.000000 -0.707107 0.707107 -0.000000 -0.500000 0.866025 -0.000000 -0.500000 0.866025 -0.000000 -0.258819 0.965926 -0.000000 -0.258819 0.965926 -0.000000 -0.000000 1.000000 -0.000000 -0.000000 1.000000 -0.000000 0.258819 0.965926 -0.000000 0.258819 0.965926 -0.000000 0.500000 0.866025 -0.000000 0.500000 0.866025 -0.000000 0.707107 0.707107 -0.000000 0.707107 0.707107 -0.000000 0.866025 0.500000 -0.000000 0.866025 0.500000 -0.000000 0.965926 0.258819 -0.000000 0.965926 0.258819 -0.000000 1.000000 -0.000000 -0.000000 1.000000 -0.000000 0.000000 0.965926 -0.258819 0.000000 0.965926 -0.258819 0.000000 0.866025 -0.500000 0.000000 0.866025 -0.500000 0.000000 0.707107 -0.707107 0.000000 0.707107 -0.707107 0.000000 0.500000 -0.866025 0.000000 0.500000 -0.866025 0.000000 0.258819 -0.965926 0.000000 0.258819 -0.965926 0.000000 0.000000 -1.000000 0.000000 0.000000 -1.000000 0.000000 -0.258819 -0.965926 0.000000 -0.258819 -0.965926 0.000000 -0.500000 -0.866025 0.000000 -0.500000 -0.866025 0.000000 -0.707107 -0.707107 0.000000 -0.707107 -0.707107 0.000000 -0.866025 -0.500000 0.000000 -0.866025 -0.500000 0.000000 -0.965926 -0.258819 0.000000 -0.965926 -0.258819 0.000000 -1.000000 0.000000 0.000000 -1.000000 0.000000 -0.000000 -0.965926 0.258819 -0.000000 -0.965926 0.258819 -0.000000 -0.866025 0.500000 -0.000000 -0.866025 0.500000 -0.000000 -0.707107 0.707107 -0.000000 -0.707107 0.707107 -0.000000 -0.500000 0.866025 -0.000000 -0.500000 0.866025 -0.000000 -0.258819 0.965926 -0.000000 -0.258819 0.965926 -0.000000 -0.000000 1.000000 -0.000000 -0.000000 1.000000 -0.000000 0.258819 0.965926 -0.000000 0.258819 0.965926 -0.000000 0.500000 0.866025 -0.000000 0.500000 0.866025 -0.000000 0.707107 0.707107 -0.000000 0.707107 0.707107 -0.000000 0.866025 0.500000 -0.000000 0.866025 0.500000 -0.000000 0.965926 0.258819 -0.000000 0.965926 0.258819 -0.000000 1.000000 -0.000000 -0.000000 1.000000 -0.000000 0.000000 0.965926 -0.258819 0.000000 0.965926 -0.258819 0.000000 0.866025 -0.500000 0.000000 0.866025 -0.500000 0.000000 0.707107 -0.707107 0.000000 0.707107 -0.707107 0.000000 0.500000 -0.866025 0.000000 0.500000 -0.866025 0.000000 0.258819 -0.965926 0.000000 0.258819 -0.965926 0.000000 0.000000 -1.000000 0.000000 0.000000 -1.000000 0.000000 -0.258819 -0.965926 0.000000 -0.258819 -0.965926 0.000000 -0.500000 -0.866025 0.000000 -0.500000 -0.866025 0.000000 -0.707107 -0.707107 0.000000 -0.707107 -0.707107 0.000000 -0.866025 -0.500000 0.000000 -0.866025 -0.500000 0.000000 -0.965926 -0.258819 0.000000 -0.965926 -0.258819 0.000000 -1.000000 0.000000 0.000000 -1.000000 0.000000 -0.000000 -0.965926 0.258819 -0.000000 -0.965926 0.258819 -0.000000 -0.866025 0.500000 -0.000000 -0.866025 0.500000 -0.000000 -0.707107 0.707107 -0.000000 -0.707107 0.707107 -0.000000 -0.500000 0.866025 -0.000000 -0.500000 0.866025 -0.000000 -0.258819 0.965926 -0.000000 -0.258819 0.965926 -0.000000 -0.000000 1.000000 -0.000000 -0.000000 1.000000 -0.000000 0.258819 0.965926 -0.000000 0.258819 0.965926 -0.000000 0.500000 0.866025 -0.000000 0.500000 0.866025 -0.000000 0.707107 0.707107 -0.000000 0.707107 0.707107 -0.000000 0.866025 0.500000 -0.000000 0.866025 0.500000 -0.000000 0.965926 0.258819 -0.000000 0.965926 0.258819 -0.000000 1.000000 -0.000000 -0.000000 1.000000 -0.000000 0.000000 0.965926 -0.258819 0.000000 0.965926 -0.258819 0.000000 0.866025 -0.500000 0.000000 0.866025 -0.500000 0.000000 0.707107 -0.707107 0.000000 0.707107 -0.707107 0.000000 0.500000 -0.866025 0.000000 0.500000 -0.866025 0.000000 0.258819 -0.965926 0.000000 0.258819 -0.965926 0.000000 0.000000 -1.000000 0.000000 0.000000 -1.000000 0.000000 -0.258819 -0.965926 0.000000 -0.258819 -0.965926 0.000000 -0.500000 -0.866025 0.000000 -0.500000 -0.866025 0.000000 -0.707107 -0.707107 0.000000 -0.707107 -0.707107 0.000000 -0.866025 -0.500000 0.000000 -0.866025 -0.500000 0.000000 -0.965926 -0.258819 0.000000 -0.965926 -0.258819 0.000000 -1.000000 0.000000 0.000000 -1.000000 0.000000 -0.000000 -0.965926 0.258819 -0.000000 -0.965926 0.258819 -0.000000 -0.866025 0.500000 -0.000000 -0.866025 0.500000 -0.000000 -0.707107 0.707107 -0.000000 -0.707107 0.707107 -0.000000 -0.500000 0.866025 -0.000000 -0.500000 0.866025 -0.000000 -0.258819 0.965926 -0.000000 -0.258819 0.965926 -0.000000 -0.000000 1.000000 -0.000000 -0.000000 1.000000 -0.000000 0.258819 0.965926 -0.000000 0.258819 0.965926 -0.000000 0.500000 0.866025 -0.000000 0.500000 0.866025 -0.000000 0.707107 0.707107 -0.000000 0.707107 0.707107 -0.000000 0.866025 0.500000 -0.000000 0.866025 0.500000 -0.000000 0.965926 0.258819 -0.000000 0.965926 0.258819 -0.000000 1.000000 -0.000000 -0.000000 1.000000 -0.000000 0.000000 0.965926 -0.258819 0.000000 0.965926 -0.258819 0.000000 0.866025 -0.500000 0.000000 0.866025 -0.500000 0.000000 0.707107 -0.707107 0.000000 0.707107 -0.707107 0.000000 0.500000 -0.866025 0.000000 0.500000 -0.866025 0.000000 0.258819 -0.965926 0.000000 0.258819 -0.965926 0.000000 0.000000 -1.000000 0.000000 0.000000 -1.000000 0.000000 -0.258819 -0.965926 0.000000 -0.258819 -0.965926 0.000000 -0.500000 -0.866025 0.000000 -0.500000 -0.866025 0.000000 -0.707107 -0.707107 0.000000 -0.707107 -0.707107 0.000000 -0.866025 -0.500000 0.000000 -0.866025 -0.500000 0.000000 -0.965926 -0.258819 0.000000 -0.965926 -0.258819 0.000000 -1.000000 0.000000 0.000000 -1.000000 0.000000 -0.000000 -0.965926 0.258819 -0.000000 -0.965926 0.258819 -0.000000 -0.866025 0.500000 -0.000000 -0.866025 0.500000 -0.000000 -0.707107 0.707107 -0.000000 -0.707107 0.707107 -0.000000 -0.500000 0.866025 -0.000000 -0.500000 0.866025 -0.258819 0.116429 -0.958883 -0.258819 0.000000 -0.965926 -0.258819 -0.116429 -0.958883 -0.500000 0.000000 -0.866025 -0.500000 -0.104388 -0.859711 -0.707107 0.000000 -0.707107 -0.707107 -0.085232 -0.701951 -0.866025 0.000000 -0.500000 -0.866025 -0.060268 -0.496354 -0.965926 0.000000 -0.258819 -0.965926 -0.031197 -0.256932 -0.258819 0.231161 -0.937858 -0.258819 0.342522 -0.903156 -0.258819 0.448888 -0.855285 -0.258819 0.548708 -0.794941 -0.258819 0.640527 -0.723006 -0.258819 0.723006 -0.640527 -0.258819 0.794941 -0.548708 -0.258819 0.855285 -0.448888 -0.258819 0.903156 -0.342522 -0.258819 0.937858 -0.231161 -0.500000 0.840860 -0.207253 -0.500000 0.859711 -0.104388 -0.707107 0.701951 -0.085232 -0.707107 0.707107 -0.000000 -0.866025 0.500000 0.000000 -0.866025 0.496354 0.060268 -0.965926 0.256932 0.031197 -0.965926 0.251298 0.061939 -0.965926 0.242000 0.091778 -0.965926 0.229173 0.120279 -0.965926 0.213004 0.147026 -0.866025 0.442728 0.232362 -0.866025 0.411492 0.284032 -0.707107 0.626112 0.328609 -0.707107 0.581937 0.401682 -0.500000 0.766827 0.402462 -0.500000 0.712725 0.491959 -0.258819 0.855285 0.448888 -0.258819 0.794941 0.548708 -0.258819 0.958883 -0.116429 -0.500000 0.866025 -0.000000 -0.707107 0.701951 0.085232 -0.866025 0.485471 0.119658 -0.258819 0.965926 -0.000000 -0.500000 0.859711 0.104388 -0.707107 0.686560 0.169222 -0.866025 0.467508 0.177302 -0.258819 0.958883 0.116429 -0.500000 0.840860 0.207253 -0.707107 0.661156 0.250744 -0.258819 0.937858 0.231161 -0.500000 0.809748 0.307097 -0.258819 0.903156 0.342522 -0.258819 0.723006 0.640527 -0.258819 0.640527 0.723006 -0.258819 0.548708 0.794941 -0.258819 0.448888 0.855285 -0.500000 0.402462 0.766827 -0.500000 0.307097 0.809748 -0.707107 0.250744 0.661156 -0.707107 0.169222 0.686560 -0.866025 0.119658 0.485471 -0.866025 0.060268 0.496354 -0.965926 0.031197 0.256932 -0.965926 -0.000000 0.258819 -0.965926 -0.031197 0.256932 -0.965926 -0.061939 0.251298 -0.965926 -0.091778 0.242000 -0.965926 -0.120279 0.229173 -0.965926 -0.147026 0.213004 -0.965926 -0.171629 0.193729 -0.965926 -0.193729 0.171629 -0.965926 -0.213004 0.147026 -0.965926 -0.229173 0.120279 -0.965926 -0.242000 0.091778 -0.866025 -0.442728 0.232362 -0.866025 -0.467508 0.177302 -0.707107 -0.626112 0.328609 -0.707107 -0.661156 0.250744 -0.500000 -0.766827 0.402462 -0.500000 -0.809748 0.307097 -0.258819 -0.855285 0.448888 -0.258819 -0.903156 0.342522 -0.258819 0.342522 0.903156 -0.500000 0.207253 0.840860 -0.707107 0.085232 0.701951 -0.866025 -0.000000 0.500000 -0.258819 0.231161 0.937858 -0.500000 0.104388 0.859711 -0.707107 -0.000000 0.707107 -0.866025 -0.060268 0.496354 -0.258819 0.116429 0.958883 -0.500000 -0.000000 0.866025 -0.707107 -0.085232 0.701951 -0.866025 -0.119658 0.485471 -0.258819 -0.000000 0.965926 -0.500000 -0.104388 0.859711 -0.707107 -0.169222 0.686560 -0.866025 -0.177302 0.467508 -0.258819 -0.116429 0.958883 -0.500000 -0.207253 0.840860 -0.707107 -0.250744 0.661156 -0.866025 -0.232362 0.442728 -0.258819 -0.231161 0.937858 -0.500000 -0.307097 0.809748 -0.707107 -0.328609 0.626112 -0.866025 -0.284032 0.411492 -0.258819 -0.342522 0.903156 -0.500000 -0.402462 0.766827 -0.707107 -0.401682 0.581937 -0.866025 -0.331561 0.374255 -0.258819 -0.448888 0.855285 -0.500000 -0.491959 0.712725 -0.707107 -0.468899 0.529277 -0.866025 -0.374255 0.331561 -0.258819 -0.548708 0.794941 -0.500000 -0.574281 0.648229 -0.707107 -0.529277 0.468899 -0.866025 -0.411492 0.284032 -0.258819 -0.640527 0.723006 -0.258819 -0.723006 0.640527 -0.258819 -0.794941 0.548708 -0.258819 -0.937858 0.231161 -0.258819 -0.958883 0.116429 -0.258819 -0.965926 0.000000 -0.258819 -0.958883 -0.116429 -0.258819 -0.937858 -0.231161 -0.258819 -0.903156 -0.342522 -0.258819 -0.855285 -0.448888 -0.500000 -0.766827 -0.402462 -0.500000 -0.712725 -0.491959 -0.707107 -0.581937 -0.401682 -0.707107 -0.529277 -0.468899 -0.866025 -0.374255 -0.331561 -0.866025 -0.331561 -0.374255 -0.965926 -0.171629 -0.193729 -0.965926 -0.147026 -0.213004 -0.965926 -0.120279 -0.229173 -0.965926 -0.091778 -0.242000 -0.965926 -0.061939 -0.251298 -0.258819 -0.794941 -0.548708 -0.500000 -0.648229 -0.574281 -0.707107 -0.468899 -0.529277 -0.866025 -0.284032 -0.411492 -0.258819 -0.723006 -0.640527 -0.500000 -0.574281 -0.648229 -0.707107 -0.401682 -0.581937 -0.866025 -0.232362 -0.442728 -0.258819 -0.640527 -0.723006 -0.500000 -0.491959 -0.712725 -0.707107 -0.328609 -0.626112 -0.866025 -0.177302 -0.467508 -0.258819 -0.548708 -0.794941 -0.500000 -0.402462 -0.766827 -0.707107 -0.250744 -0.661156 -0.866025 -0.119658 -0.485471 -0.258819 -0.448888 -0.855285 -0.500000 -0.307097 -0.809748 -0.707107 -0.169222 -0.686560 -0.258819 -0.342522 -0.903156 -0.500000 -0.207253 -0.840860 -0.258819 -0.231161 -0.937858 -0.965926 -0.193729 -0.171629 -0.866025 -0.411492 -0.284032 -0.707107 -0.626112 -0.328609 -0.500000 -0.809748 -0.307097 -0.965926 -0.213004 -0.147026 -0.866025 -0.442728 -0.232362 -0.707107 -0.661156 -0.250744 -0.500000 -0.840860 -0.207253 -0.965926 -0.229173 -0.120279 -0.866025 -0.467508 -0.177302 -0.707107 -0.686560 -0.169222 -0.500000 -0.859711 -0.104388 -0.965926 -0.242000 -0.091778 -0.866025 -0.485471 -0.119658 -0.707107 -0.701951 -0.085232 -0.500000 -0.866025 0.000000 -0.965926 -0.251298 -0.061939 -0.866025 -0.496354 -0.060268 -0.707107 -0.707107 0.000000 -0.500000 -0.859711 0.104388 -0.965926 -0.256932 -0.031197 -0.866025 -0.500000 0.000000 -0.707107 -0.701951 0.085232 -0.500000 -0.840860 0.207253 -0.965926 -0.258819 0.000000 -0.866025 -0.496354 0.060268 -0.707107 -0.686560 0.169222 -0.965926 -0.256932 0.031197 -0.866025 -0.485471 0.119658 -0.965926 -0.251298 0.061939 -0.965926 0.061939 0.251298 -0.866025 0.177302 0.467508 -0.707107 0.328609 0.626112 -0.500000 0.491959 0.712725 -0.965926 0.091778 0.242000 -0.866025 0.232362 0.442728 -0.707107 0.401682 0.581937 -0.500000 0.574281 0.648229 -0.965926 0.120279 0.229173 -0.866025 0.284032 0.411492 -0.707107 0.468899 0.529277 -0.500000 0.648229 0.574281 -0.965926 0.147026 0.213004 -0.866025 0.331561 0.374255 -0.707107 0.529277 0.468899 -0.965926 0.171629 0.193729 -0.866025 0.374255 0.331561 -0.965926 0.193729 0.171629 -0.965926 0.258819 0.000000 -0.866025 0.496354 -0.060268 -0.707107 0.686560 -0.169222 -0.500000 0.809748 -0.307097 -0.965926 0.256932 -0.031197 -0.866025 0.485471 -0.119658 -0.707107 0.661156 -0.250744 -0.500000 0.766827 -0.402462 -0.965926 0.251298 -0.061939 -0.866025 0.467508 -0.177302 -0.707107 0.626112 -0.328609 -0.500000 0.712725 -0.491959 -0.965926 0.242000 -0.091778 -0.866025 0.442728 -0.232362 -0.707107 0.581937 -0.401682 -0.500000 0.648229 -0.574281 -0.965926 0.229173 -0.120279 -0.866025 0.411492 -0.284032 -0.707107 0.529277 -0.468899 -0.500000 0.574281 -0.648229 -0.965926 0.213004 -0.147026 -0.866025 0.374255 -0.331561 -0.707107 0.468899 -0.529277 -0.500000 0.491959 -0.712725 -0.965926 0.193729 -0.171629 -0.866025 0.331561 -0.374255 -0.707107 0.401682 -0.581937 -0.500000 0.402462 -0.766827 -0.965926 0.171629 -0.193729 -0.866025 0.284032 -0.411492 -0.707107 0.328609 -0.626112 -0.500000 0.307097 -0.809748 -0.965926 0.147026 -0.213004 -0.866025 0.232362 -0.442728 -0.707107 0.250744 -0.661156 -0.500000 0.207253 -0.840860 -0.965926 0.120279 -0.229173 -0.866025 0.177302 -0.467508 -0.707107 0.169222 -0.686560 -0.500000 0.104388 -0.859711 -0.965926 0.091778 -0.242000 -0.866025 0.119658 -0.485471 -0.707107 0.085232 -0.701951 -0.965926 0.061939 -0.251298 -0.866025 0.060268 -0.496354 -0.965926 0.031197 -0.256932 -0.500000 -0.648229 0.574281 -0.707107 -0.581937 0.401682 -0.500000 -0.712725 0.491959 0.000000 -1.000000 0.000000 0.000000 -1.000000 0.000000 0.000000 -1.000000 0.000000 0.000000 -1.000000 0.000000 0.000000 -1.000000 0.000000 0.000000 -1.000000 0.000000 -0.000000 1.000000 -0.000000 -0.000000 1.000000 -0.000000 -0.000000 1.000000 -0.000000 -0.000000 1.000000 -0.000000 -0.000000 1.000000 -0.000000 -0.000000 1.000000 -0.000000 1.000000 -0.000000 -0.000000 1.000000 -0.000000 -0.000000 1.000000 -0.000000 -0.000000 1.000000 -0.000000 -0.000000 0.000000 0.000000 -1.000000 0.000000 0.000000 -1.000000 0.000000 0.000000 -1.000000 0.000000 0.000000 -1.000000 0.000000 0.000000 -1.000000 0.000000 0.000000 -1.000000 0.000000 0.000000 -1.000000 0.000000 0.000000 -1.000000 0.000000 0.000000 -1.000000 0.000000 0.000000 -1.000000 0.000000 0.000000 -1.000000 0.000000 0.000000 -1.000000 0.000000 0.000000 -1.000000 0.000000 0.000000 -1.000000 0.000000 0.000000 -1.000000 0.000000 0.000000 -1.000000 0.000000 0.000000 -1.000000 0.000000 0.000000 -1.000000 0.000000 0.000000 -1.000000 0.000000 0.000000 -1.000000 0.000000 0.000000 -1.000000 0.000000 0.000000 -1.000000 0.000000 0.000000 -1.000000 0.000000 0.000000 -1.000000 0.000000 0.000000 -1.000000 0.000000 0.000000 -1.000000 0.000000 0.000000 -1.000000 0.000000 0.000000 -1.000000 0.000000 0.000000 -1.000000 0.000000 0.000000 -1.000000 0.000000 0.000000 -1.000000 0.000000 0.000000 -1.000000 0.000000 0.000000 -1.000000 0.000000 0.000000 -1.000000 0.000000 0.000000 -1.000000 0.000000 0.000000 -1.000000 0.000000 0.000000 -1.000000 0.000000 0.000000 -1.000000 0.000000 0.000000 -1.000000 0.000000 0.000000 -1.000000 0.000000 0.000000 -1.000000 0.000000 0.000000 -1.000000 0.000000 0.000000 -1.000000 0.000000 0.000000 -1.000000 0.000000 0.000000 -1.000000 0.000000 0.000000 -1.000000 0.000000 0.000000 -1.000000 0.000000 0.000000 -1.000000 0.000000 0.000000 -1.000000 0.000000 0.000000 -1.000000 0.000000 0.000000 -1.000000 0.000000 0.000000 -1.000000 0.000000 0.000000 -1.000000 0.000000 0.000000 -1.000000 0.000000 0.000000 -1.000000 0.000000 0.000000 -1.000000 0.000000 0.000000 -1.000000 0.000000 0.000000 -1.000000 0.000000 0.000000 -1.000000 0.000000 0.000000 -1.000000 0.000000 0.000000 -1.000000 0.000000 0.000000 -1.000000 0.000000 0.000000 -1.000000 0.000000 0.000000 -1.000000 0.000000 0.000000 -1.000000 0.000000 0.000000 -1.000000 0.000000 0.000000 -1.000000 0.000000 0.000000 -1.000000 0.000000 0.000000 -1.000000 0.000000 0.000000 -1.000000 0.000000 0.000000 -1.000000 0.000000 0.000000 -1.000000 0.000000 0.000000 -1.000000 0.000000 0.000000 -1.000000 0.000000 0.000000 -1.000000 0.000000 0.000000 -1.000000 0.000000 0.000000 -1.000000 0.000000 0.000000 -1.000000 0.000000 0.000000 -1.000000 0.000000 0.000000 -1.000000 0.000000 0.000000 -1.000000 0.000000 0.000000 -1.000000 0.000000 0.000000 -1.000000 0.000000 0.000000 -1.000000 0.000000 0.000000 -1.000000 0.000000 0.000000 -1.000000 0.000000 0.000000 -1.000000 0.000000 0.000000 -1.000000 0.000000 0.000000 -1.000000 0.000000 0.000000 -1.000000 0.000000 0.000000 -1.000000 0.000000 0.000000 -1.000000 0.000000 0.000000 -1.000000 0.000000 0.000000 -1.000000 0.000000 0.000000 -1.000000 0.000000 0.000000 -1.000000 0.000000 0.000000 -1.000000 0.000000 0.000000 -1.000000 0.000000 0.000000 -1.000000 0.000000 0.000000 -1.000000 0.000000 0.000000 -1.000000 0.000000 0.000000 -1.000000 0.000000 0.000000 -1.000000 0.000000 0.000000 -1.000000 0.000000 0.000000 -1.000000 0.000000 0.000000 -1.000000 0.000000 0.000000 -1.000000 0.000000 0.000000 -1.000000 0.000000 0.000000 -1.000000 0.000000 0.000000 -1.000000 0.000000 0.000000 -1.000000 0.000000 0.000000 -1.000000 0.000000 0.000000 -1.000000 0.000000 0.000000 -1.000000 0.000000 0.000000 -1.000000 0.000000 0.000000 -1.000000 0.000000 0.000000 -1.000000 0.000000 0.000000 -1.000000 0.000000 0.000000 -1.000000 0.000000 0.000000 -1.000000 0.000000 0.000000 -1.000000 0.000000 0.000000 -1.000000 0.000000 0.000000 -1.000000 0.000000 0.000000 -1.000000 0.000000 0.000000 -1.000000 0.000000 0.000000 -1.000000 0.000000 0.000000 -1.000000 0.000000 0.000000 -1.000000 0.000000 0.000000 -1.000000 0.000000 0.000000 -1.000000 0.000000 0.000000 -1.000000 0.000000 0.000000 -1.000000 0.000000 0.000000 -1.000000 0.000000 0.000000 -1.000000 0.000000 0.000000 -1.000000 0.000000 0.000000 -1.000000 0.000000 0.000000 -1.000000 0.000000 0.000000 -1.000000 0.000000 0.000000 -1.000000 0.000000 0.000000 -1.000000 0.000000 0.000000 -1.000000 0.000000 0.000000 -1.000000 0.000000 0.000000 -1.000000 0.000000 0.000000 -1.000000 0.000000 0.000000 -1.000000 0.000000 0.000000 -1.000000 0.000000 0.000000 -1.000000 0.000000 0.000000 -1.000000 0.000000 0.000000 -1.000000 0.000000 0.000000 -1.000000 0.000000 0.000000 -1.000000 0.000000 0.000000 -1.000000 0.000000 0.000000 -1.000000 0.000000 0.000000 -1.000000 0.000000 0.000000 -1.000000 0.000000 0.000000 -1.000000 0.000000 0.000000 -1.000000 0.000000 0.000000 -1.000000 0.000000 0.000000 -1.000000 0.000000 0.000000 -1.000000 0.000000 0.000000 -1.000000 0.000000 0.000000 -1.000000 0.000000 0.000000 -1.000000 0.000000 0.000000 -1.000000 0.000000 0.000000 -1.000000 0.000000 0.000000 -1.000000 0.000000 0.000000 -1.000000 0.000000 0.000000 -1.000000 0.000000 0.000000 -1.000000 0.000000 0.000000 -1.000000 0.000000 0.000000 -1.000000 0.000000 0.000000 -1.000000 0.000000 0.000000 -1.000000 0.000000 0.000000 -1.000000 0.000000 0.000000 -1.000000 0.000000 0.000000 -1.000000 0.000000 0.000000 -1.000000 0.000000 0.000000 -1.000000 0.000000 0.000000 -1.000000 0.000000 0.000000 -1.000000 0.000000 0.000000 -1.000000 0.000000 0.000000 -1.000000 0.000000 0.000000 -1.000000 0.000000 0.000000 -1.000000 0.000000 0.000000 -1.000000 0.000000 0.000000 -1.000000 0.000000 0.000000 -1.000000 0.000000 0.000000 -1.000000 0.000000 0.000000 -1.000000 0.000000 0.000000 -1.000000 0.000000 0.000000 -1.000000 0.000000 0.000000 -1.000000 0.000000 0.000000 -1.000000 0.000000 0.000000 -1.000000 0.000000 0.000000 -1.000000 0.000000 0.000000 -1.000000 0.000000 0.000000 -1.000000 0.000000 0.000000 -1.000000 0.000000 0.000000 -1.000000 0.000000 0.000000 -1.000000 0.000000 0.000000 -1.000000 0.000000 0.000000 -1.000000 0.000000 0.000000 -1.000000 0.000000 0.000000 -1.000000 0.000000 0.000000 -1.000000 0.000000 0.000000 -1.000000 0.000000 0.000000 -1.000000 0.000000 0.000000 -1.000000 0.000000 0.000000 -1.000000 0.000000 0.000000 -1.000000 0.000000 0.000000 -1.000000 0.000000 0.000000 -1.000000 0.000000 0.000000 -1.000000 0.000000 0.000000 -1.000000 0.000000 0.000000 -1.000000 0.000000 0.000000 -1.000000 0.000000 0.000000 -1.000000 0.000000 0.000000 -1.000000 0.000000 0.000000 -1.000000 0.000000 0.000000 -1.000000 0.000000 0.000000 -1.000000 0.000000 0.000000 -1.000000 0.000000 0.000000 -1.000000 0.000000 0.000000 -1.000000 0.000000 0.000000 -1.000000 0.000000 0.000000 -1.000000 0.000000 0.000000 -1.000000 0.000000 0.000000 -1.000000 0.000000 0.000000 -1.000000 0.000000 0.000000 -1.000000 0.000000 0.000000 -1.000000 0.000000 0.000000 -1.000000 0.000000 0.000000 -1.000000 0.000000 0.000000 -1.000000 0.000000 0.000000 -1.000000 0.000000 0.000000 -1.000000 0.000000 0.000000 -1.000000 0.000000 0.000000 -1.000000 0.000000 0.000000 -1.000000 0.000000 0.000000 -1.000000 0.000000 0.000000 -1.000000 0.000000 0.000000 -1.000000 0.000000 0.000000 -1.000000 0.000000 0.000000 -1.000000 0.000000 0.000000 -1.000000 0.000000 0.000000 -1.000000 0.000000 0.000000 -1.000000 0.000000 0.000000 -1.000000 0.000000 0.000000 -1.000000 0.000000 0.000000 -1.000000 0.000000 0.000000 -1.000000 0.000000 0.000000 -1.000000 0.000000 0.000000 -1.000000 0.000000 0.000000 -1.000000 0.000000 0.000000 -1.000000 0.000000 0.000000 -1.000000 0.000000 0.000000 -1.000000 0.000000 0.000000 -1.000000 0.000000 0.000000 -1.000000 0.000000 0.000000 -1.000000 0.000000 0.000000 -1.000000 0.000000 0.000000 -1.000000 0.000000 0.000000 -1.000000 0.000000 0.000000 -1.000000 0.000000 0.000000 -1.000000 0.000000 0.000000 -1.000000 0.000000 0.000000 -1.000000 0.000000 0.000000 -1.000000 0.000000 0.000000 -1.000000 0.000000 0.000000 -1.000000 0.000000 0.000000 -1.000000 0.000000 0.000000 -1.000000 0.000000 0.000000 -1.000000 0.000000 0.000000 -1.000000 0.000000 0.000000 -1.000000 0.000000 0.000000 -1.000000 0.000000 0.000000 -1.000000 0.000000 0.000000 -1.000000 0.000000 0.000000 -1.000000 0.000000 0.000000 -1.000000 0.000000 0.000000 -1.000000 0.000000 0.000000 -1.000000 0.000000 0.000000 -1.000000 0.000000 0.000000 -1.000000 0.000000 0.000000 -1.000000 0.000000 0.000000 -1.000000 0.000000 0.000000 -1.000000 0.000000 0.000000 -1.000000 0.000000 0.000000 -1.000000 0.000000 0.000000 -1.000000 0.000000 0.000000 -1.000000 0.000000 0.000000 -1.000000 0.000000 0.000000 -1.000000 0.000000 0.000000 -1.000000 0.000000 0.000000 -1.000000 0.000000 0.000000 -1.000000 0.000000 0.000000 -1.000000 0.000000 0.000000 -1.000000 0.000000 0.000000 -1.000000 0.000000 0.000000 -1.000000 0.000000 0.000000 -1.000000 0.000000 0.000000 -1.000000 0.000000 0.000000 -1.000000 0.000000 0.000000 -1.000000 0.000000 0.000000 -1.000000 0.000000 0.000000 -1.000000 0.000000 0.000000 -1.000000 0.000000 0.000000 -1.000000 0.000000 0.000000 -1.000000 0.000000 0.000000 -1.000000 0.000000 0.000000 -1.000000 0.000000 0.000000 -1.000000 0.000000 0.000000 -1.000000 0.000000 0.000000 -1.000000 0.000000 0.000000 -1.000000 0.000000 0.000000 -1.000000 0.000000 0.000000 -1.000000 0.000000 0.000000 -1.000000 0.000000 0.000000 -1.000000 0.000000 0.000000 -1.000000 0.000000 0.000000 -1.000000 0.000000 0.000000 -1.000000 0.000000 0.000000 -1.000000 0.000000 0.000000 -1.000000 0.000000 0.000000 -1.000000 0.000000 0.000000 -1.000000 0.000000 0.000000 -1.000000 0.000000 0.000000 -1.000000 0.000000 0.000000 -1.000000 0.000000 0.000000 -1.000000 0.000000 0.000000 -1.000000 0.000000 0.000000 -1.000000 0.000000 0.000000 -1.000000 0.000000 0.000000 -1.000000 0.000000 0.000000 -1.000000 0.000000 0.000000 -1.000000 0.000000 0.000000 -1.000000 0.000000 0.000000 -1.000000 0.000000 0.000000 -1.000000 0.000000 0.000000 -1.000000 0.000000 0.000000 -1.000000 0.000000 0.000000 -1.000000 0.000000 0.000000 -1.000000 0.000000 0.000000 -1.000000 0.000000 0.000000 -1.000000 0.000000 0.000000 -1.000000 0.000000 0.000000 -1.000000 0.000000 0.000000 -1.000000 0.000000 0.000000 -1.000000 0.000000 0.000000 -1.000000 0.000000 0.000000 -1.000000 0.000000 0.000000 -1.000000 0.000000 0.000000 -1.000000 0.000000 0.000000 -1.000000 0.000000 0.000000 -1.000000 0.000000 0.000000 -1.000000 0.000000 0.000000 -1.000000 0.000000 0.000000 -1.000000 0.000000 0.000000 -1.000000 0.000000 0.000000 -1.000000 0.000000 0.000000 -1.000000 0.000000 0.000000 -1.000000 0.000000 0.000000 -1.000000 0.000000 0.000000 -1.000000 0.000000 0.000000 -1.000000 0.000000 0.000000 -1.000000 0.000000 0.000000 -1.000000 0.000000 0.000000 -1.000000 0.000000 0.000000 -1.000000 0.000000 0.000000 -1.000000 0.000000 0.000000 -1.000000 0.000000 0.000000 -1.000000 0.000000 0.000000 -1.000000 0.000000 0.000000 -1.000000 0.000000 0.000000 -1.000000 0.000000 0.000000 -1.000000 0.000000 0.000000 -1.000000 0.000000 0.000000 -1.000000 1.000000 -0.000000 -0.000000 1.000000 -0.000000 -0.000000 1.000000 -0.000000 -0.000000 1.000000 -0.000000 -0.000000 1.000000 -0.000000 -0.000000 1.000000 -0.000000 -0.000000 1.000000 -0.000000 -0.000000 1.000000 -0.000000 -0.000000 1.000000 -0.000000 -0.000000 1.000000 -0.000000 -0.000000 1.000000 -0.000000 -0.000000 1.000000 -0.000000 -0.000000 1.000000 -0.000000 -0.000000 1.000000 -0.000000 -0.000000 1.000000 -0.000000 -0.000000 1.000000 -0.000000 -0.000000 1.000000 -0.000000 -0.000000 1.000000 -0.000000 -0.000000 1.000000 -0.000000 -0.000000 1.000000 -0.000000 -0.000000 1.000000 -0.000000 -0.000000 1.000000 -0.000000 -0.000000 1.000000 -0.000000 -0.000000 1.000000 -0.000000 -0.000000 1.000000 -0.000000 -0.000000 1.000000 -0.000000 -0.000000 1.000000 -0.000000 -0.000000 1.000000 -0.000000 -0.000000 1.000000 -0.000000 -0.000000 1.000000 -0.000000 -0.000000 1.000000 -0.000000 -0.000000 1.000000 -0.000000 -0.000000 1.000000 -0.000000 -0.000000 1.000000 -0.000000 -0.000000 1.000000 -0.000000 -0.000000 1.000000 -0.000000 -0.000000 1.000000 -0.000000 -0.000000 1.000000 -0.000000 -0.000000 1.000000 -0.000000 -0.000000 1.000000 -0.000000 -0.000000 1.000000 -0.000000 -0.000000 1.000000 -0.000000 -0.000000 1.000000 -0.000000 -0.000000 1.000000 -0.000000 -0.000000 1.000000 -0.000000 -0.000000 1.000000 -0.000000 -0.000000 1.000000 -0.000000 -0.000000 1.000000 -0.000000 -0.000000 1.000000 -0.000000 -0.000000 1.000000 -0.000000 -0.000000 1.000000 -0.000000 -0.000000 1.000000 -0.000000 -0.000000 1.000000 -0.000000 -0.000000 1.000000 -0.000000 -0.000000 1.000000 -0.000000 -0.000000 1.000000 -0.000000 -0.000000 1.000000 -0.000000 -0.000000 1.000000 -0.000000 -0.000000 1.000000 -0.000000 -0.000000 1.000000 -0.000000 -0.000000 1.000000 -0.000000 -0.000000 1.000000 -0.000000 -0.000000 1.000000 -0.000000 -0.000000 1.000000 -0.000000 -0.000000 1.000000 -0.000000 -0.000000 1.000000 -0.000000 -0.000000 1.000000 -0.000000 -0.000000 1.000000 -0.000000 -0.000000 1.000000 -0.000000 -0.000000 1.000000 -0.000000 -0.000000 1.000000 -0.000000 -0.000000 1.000000 -0.000000 -0.000000 1.000000 -0.000000 -0.000000 1.000000 -0.000000 -0.000000 1.000000 -0.000000 -0.000000 1.000000 -0.000000 -0.000000 1.000000 -0.000000 -0.000000 1.000000 -0.000000 -0.000000 1.000000 -0.000000 -0.000000 1.000000 -0.000000 -0.000000 1.000000 -0.000000 -0.000000 1.000000 -0.000000 -0.000000 1.000000 -0.000000 -0.000000 1.000000 -0.000000 -0.000000 1.000000 -0.000000 -0.000000 1.000000 -0.000000 -0.000000 1.000000 -0.000000 -0.000000 1.000000 -0.000000 -0.000000 1.000000 -0.000000 -0.000000 1.000000 -0.000000 -0.000000 1.000000 -0.000000 -0.000000 1.000000 -0.000000 -0.000000 1.000000 -0.000000 -0.000000 1.000000 -0.000000 -0.000000 1.000000 -0.000000 -0.000000 1.000000 -0.000000 -0.000000 1.000000 -0.000000 -0.000000 1.000000 -0.000000 -0.000000 1.000000 -0.000000 -0.000000 1.000000 -0.000000 -0.000000 1.000000 -0.000000 -0.000000 1.000000 -0.000000 -0.000000 1.000000 -0.000000 -0.000000 1.000000 -0.000000 -0.000000 1.000000 -0.000000 -0.000000 1.000000 -0.000000 -0.000000 1.000000 -0.000000 -0.000000 1.000000 -0.000000 -0.000000 1.000000 -0.000000 -0.000000 1.000000 -0.000000 -0.000000 1.000000 -0.000000 -0.000000 1.000000 -0.000000 -0.000000 1.000000 -0.000000 -0.000000 1.000000 -0.000000 -0.000000 1.000000 -0.000000 -0.000000 1.000000 -0.000000 -0.000000 1.000000 -0.000000 -0.000000 1.000000 -0.000000 -0.000000 1.000000 -0.000000 -0.000000 1.000000 -0.000000 -0.000000 1.000000 -0.000000 -0.000000 1.000000 -0.000000 -0.000000 1.000000 -0.000000 -0.000000 1.000000 -0.000000 -0.000000 1.000000 -0.000000 -0.000000 1.000000 -0.000000 -0.000000 1.000000 -0.000000 -0.000000 1.000000 -0.000000 -0.000000 1.000000 -0.000000 -0.000000 1.000000 -0.000000 -0.000000 1.000000 -0.000000 -0.000000 1.000000 -0.000000 -0.000000 1.000000 -0.000000 -0.000000 1.000000 -0.000000 -0.000000 1.000000 -0.000000 -0.000000 1.000000 -0.000000 -0.000000 1.000000 -0.000000 -0.000000 1.000000 -0.000000 -0.000000 1.000000 -0.000000 -0.000000 1.000000 -0.000000 -0.000000 1.000000 -0.000000 -0.000000 1.000000 -0.000000 -0.000000 1.000000 -0.000000 -0.000000 1.000000 -0.000000 -0.000000 1.000000 -0.000000 -0.000000 1.000000 -0.000000 -0.000000 1.000000 -0.000000 -0.000000 1.000000 -0.000000 -0.000000 1.000000 -0.000000 -0.000000 1.000000 -0.000000 -0.000000 1.000000 -0.000000 -0.000000 1.000000 -0.000000 -0.000000 1.000000 -0.000000 -0.000000 1.000000 -0.000000 -0.000000 1.000000 -0.000000 -0.000000 1.000000 -0.000000 -0.000000 1.000000 -0.000000 -0.000000 1.000000 -0.000000 -0.000000 1.000000 -0.000000 -0.000000 1.000000 -0.000000 -0.000000 1.000000 -0.000000 -0.000000 1.000000 -0.000000 -0.000000 1.000000 -0.000000 -0.000000 1.000000 -0.000000 -0.000000 1.000000 -0.000000 -0.000000 1.000000 -0.000000 -0.000000 1.000000 -0.000000 -0.000000 1.000000 -0.000000 -0.000000 1.000000 -0.000000 -0.000000 1.000000 -0.000000 -0.000000 1.000000 -0.000000 -0.000000 1.000000 -0.000000 -0.000000 1.000000 -0.000000 -0.000000 1.000000 -0.000000 -0.000000 1.000000 -0.000000 -0.000000 1.000000 -0.000000 -0.000000 1.000000 -0.000000 -0.000000 1.000000 -0.000000 -0.000000 1.000000 -0.000000 -0.000000 1.000000 -0.000000 -0.000000 1.000000 -0.000000 -0.000000 1.000000 -0.000000 -0.000000 1.000000 -0.000000 -0.000000 1.000000 -0.000000 -0.000000 1.000000 -0.000000 -0.000000 1.000000 -0.000000 -0.000000 1.000000 -0.000000 -0.000000 1.000000 -0.000000 -0.000000 1.000000 -0.000000 -0.000000 1.000000 -0.000000 -0.000000 1.000000 -0.000000 -0.000000 1.000000 -0.000000 -0.000000 1.000000 -0.000000 -0.000000 1.000000 -0.000000 -0.000000 1.000000 -0.000000 -0.000000 1.000000 -0.000000 -0.000000 1.000000 -0.000000 -0.000000 1.000000 -0.000000 -0.000000 1.000000 -0.000000 -0.000000 1.000000 -0.000000 -0.000000 1.000000 -0.000000 -0.000000 1.000000 -0.000000 -0.000000 1.000000 -0.000000 -0.000000 1.000000 -0.000000 -0.000000 1.000000 -0.000000 -0.000000 1.000000 -0.000000 -0.000000 1.000000 -0.000000 -0.000000 1.000000 -0.000000 -0.000000 1.000000 -0.000000 -0.000000 1.000000 -0.000000 -0.000000 1.000000 -0.000000 -0.000000 1.000000 -0.000000 -0.000000 1.000000 -0.000000 -0.000000 1.000000 -0.000000 -0.000000 1.000000 -0.000000 -0.000000 1.000000 -0.000000 -0.000000 1.000000 -0.000000 -0.000000 1.000000 -0.000000 -0.000000 1.000000 -0.000000 -0.000000 1.000000 -0.000000 -0.000000 1.000000 -0.000000 -0.000000 1.000000 -0.000000 -0.000000 -1.000000 0.000000 0.000000 -1.000000 0.000000 0.000000 -1.000000 0.000000 0.000000 -1.000000 0.000000 0.000000 -1.000000 0.000000 0.000000 -1.000000 0.000000 0.000000 -1.000000 0.000000 0.000000 -1.000000 0.000000 0.000000 -1.000000 0.000000 0.000000 -1.000000 0.000000 0.000000 -1.000000 0.000000 0.000000 -1.000000 0.000000 0.000000 -1.000000 0.000000 0.000000 -1.000000 0.000000 0.000000 -1.000000 0.000000 0.000000 -1.000000 0.000000 0.000000 -1.000000 0.000000 0.000000 -1.000000 0.000000 0.000000 -1.000000 0.000000 0.000000 -1.000000 0.000000 0.000000 -1.000000 0.000000 0.000000 -1.000000 0.000000 0.000000 -1.000000 0.000000 0.000000 -1.000000 0.000000 0.000000 -1.000000 0.000000 0.000000 -1.000000 0.000000 0.000000 -1.000000 0.000000 0.000000 -1.000000 0.000000 0.000000 -1.000000 0.000000 0.000000 -1.000000 0.000000 0.000000 -1.000000 0.000000 0.000000 -1.000000 0.000000 0.000000 -1.000000 0.000000 0.000000 -1.000000 0.000000 0.000000 -1.000000 0.000000 0.000000 -1.000000 0.000000 0.000000 -1.000000 0.000000 0.000000 -1.000000 0.000000 0.000000 -1.000000 0.000000 0.000000 -1.000000 0.000000 0.000000 -1.000000 0.000000 0.000000 -1.000000 0.000000 0.000000 -1.000000 0.000000 0.000000 -1.000000 0.000000 0.000000 -1.000000 0.000000 0.000000 -1.000000 0.000000 0.000000 -1.000000 0.000000 0.000000 -1.000000 0.000000 0.000000 -1.000000 0.000000 0.000000 -1.000000 0.000000 0.000000 -1.000000 0.000000 0.000000 -1.000000 0.000000 0.000000 -1.000000 0.000000 0.000000 -1.000000 0.000000 0.000000 -1.000000 0.000000 0.000000 -1.000000 0.000000 0.000000 -1.000000 0.000000 0.000000 -1.000000 0.000000 0.000000 -1.000000 0.000000 0.000000 -1.000000 0.000000 0.000000 -1.000000 0.000000 0.000000 -1.000000 0.000000 0.000000 -1.000000 0.000000 0.000000 -1.000000 0.000000 0.000000 -1.000000 0.000000 0.000000 -1.000000 0.000000 0.000000 -1.000000 0.000000 0.000000 -1.000000 0.000000 0.000000 -1.000000 0.000000 0.000000 -1.000000 0.000000 0.000000 -1.000000 0.000000 0.000000 -1.000000 0.000000 0.000000 -1.000000 0.000000 0.000000 -1.000000 0.000000 0.000000 -1.000000 0.000000 0.000000 -1.000000 0.000000 0.000000 -1.000000 0.000000 0.000000 -1.000000 0.000000 0.000000 -1.000000 0.000000 0.000000 -1.000000 0.000000 0.000000 -1.000000 0.000000 0.000000 -1.000000 0.000000 0.000000 -1.000000 0.000000 0.000000 -1.000000 0.000000 0.000000 -1.000000 0.000000 0.000000 -1.000000 0.000000 0.000000 -1.000000 0.000000 0.000000 -1.000000 0.000000 0.000000 -1.000000 0.000000 0.000000 -1.000000 0.000000 0.000000 -1.000000 0.000000 0.000000 -1.000000 0.000000 0.000000 -1.000000 0.000000 0.000000 -1.000000 0.000000 0.000000 -1.000000 0.000000 0.000000 -1.000000 0.000000 0.000000 -1.000000 0.000000 0.000000 -1.000000 0.000000 0.000000 -1.000000 0.000000 0.000000 -1.000000 0.000000 0.000000 -1.000000 0.000000 0.000000 -1.000000 0.000000 0.000000 -1.000000 0.000000 0.000000 -1.000000 0.000000 0.000000 -1.000000 0.000000 0.000000 -1.000000 0.000000 0.000000 -1.000000 0.000000 0.000000 -1.000000 0.000000 0.000000 -1.000000 0.000000 0.000000 -1.000000 0.000000 0.000000 -1.000000 0.000000 0.000000 -1.000000 0.000000 0.000000 -1.000000 0.000000 0.000000 -1.000000 0.000000 0.000000 -1.000000 0.000000 0.000000 -1.000000 0.000000 0.000000 -1.000000 0.000000 0.000000 -1.000000 0.000000 0.000000 -1.000000 0.000000 0.000000 -1.000000 0.000000 0.000000 -1.000000 0.000000 0.000000 -1.000000 0.000000 0.000000 -1.000000 0.000000 0.000000 -1.000000 0.000000 0.000000 -1.000000 0.000000 0.000000 -1.000000 0.000000 0.000000 -1.000000 0.000000 0.000000 -1.000000 0.000000 0.000000 -1.000000 0.000000 0.000000 -1.000000 0.000000 0.000000 -1.000000 0.000000 0.000000 -1.000000 0.000000 0.000000 -1.000000 0.000000 0.000000 -1.000000 0.000000 0.000000 -1.000000 0.000000 0.000000 -1.000000 0.000000 0.000000 -1.000000 0.000000 0.000000 -1.000000 0.000000 0.000000 -1.000000 0.000000 0.000000 -1.000000 0.000000 0.000000 -1.000000 0.000000 0.000000 -1.000000 0.000000 0.000000 -1.000000 0.000000 0.000000 -1.000000 0.000000 0.000000 -1.000000 0.000000 0.000000 -1.000000 0.000000 0.000000 -1.000000 0.000000 0.000000 -1.000000 0.000000 0.000000 -1.000000 0.000000 0.000000 -1.000000 0.000000 0.000000 -1.000000 0.000000 0.000000 -1.000000 0.000000 0.000000 -1.000000 0.000000 0.000000 -1.000000 0.000000 0.000000 -1.000000 0.000000 0.000000 -1.000000 0.000000 0.000000 -1.000000 0.000000 0.000000 -1.000000 0.000000 0.000000 -1.000000 0.000000 0.000000 -1.000000 0.000000 0.000000 -1.000000 0.000000 0.000000 -1.000000 0.000000 0.000000 -1.000000 0.000000 0.000000 -1.000000 0.000000 0.000000 -1.000000 0.000000 0.000000 -1.000000 0.000000 0.000000 -1.000000 0.000000 0.000000 -1.000000 0.000000 0.000000 -1.000000 0.000000 0.000000 -1.000000 0.000000 0.000000 -1.000000 0.000000 0.000000 -1.000000 0.000000 0.000000 -1.000000 0.000000 0.000000 -1.000000 0.000000 0.000000 -1.000000 0.000000 0.000000 -1.000000 0.000000 0.000000 -1.000000 0.000000 0.000000 -1.000000 0.000000 0.000000 -1.000000 0.000000 0.000000 -1.000000 0.000000 0.000000 -1.000000 0.000000 0.000000 -1.000000 0.000000 0.000000 -1.000000 0.000000 0.000000 -1.000000 0.000000 0.000000 -1.000000 0.000000 0.000000 -1.000000 0.000000 0.000000 -1.000000 0.000000 0.000000 -1.000000 0.000000 0.000000 -1.000000 0.000000 0.000000 -1.000000 0.000000 0.000000 -1.000000 0.000000 0.000000 -1.000000 0.000000 0.000000 -1.000000 0.000000 0.000000 -1.000000 0.000000 0.000000 -1.000000 0.000000 0.000000 -1.000000 0.000000 0.000000 -1.000000 0.000000 0.000000 -1.000000 0.000000 0.000000 -1.000000 0.000000 0.000000 -1.000000 0.000000 0.000000 -1.000000 0.000000 0.000000 -1.000000 0.000000 0.000000 -1.000000 0.000000 0.000000 -1.000000 0.000000 0.000000 -1.000000 0.000000 0.000000 -1.000000 0.000000 0.000000 -1.000000 0.000000 0.000000 -1.000000 0.000000 0.000000 -1.000000 0.000000 0.000000 -1.000000 0.000000 0.000000 -1.000000 0.000000 0.000000 -1.000000 0.000000 0.000000 -1.000000 0.000000 0.000000 -1.000000 0.000000 0.000000 -1.000000 0.000000 0.000000 -1.000000 0.000000 0.000000 -1.000000 0.000000 0.000000 -1.000000 0.000000 0.000000 0.000000 -0.084806 -0.996397 0.000000 -0.084806 -0.996397 0.000000 0.000000 -1.000000 0.000000 0.000000 -1.000000 0.000000 0.084806 -0.996397 0.000000 0.084806 -0.996397 0.000000 0.169001 -0.985616 0.000000 0.169001 -0.985616 0.000000 0.251978 -0.967733 0.000000 0.251978 -0.967733 0.000000 0.333140 -0.942877 0.000000 0.333140 -0.942877 0.000000 0.411901 -0.911228 0.000000 0.411901 -0.911228 0.000000 0.487695 -0.873014 0.000000 0.487695 -0.873014 0.000000 0.559975 -0.828510 0.000000 0.559975 -0.828510 0.000000 0.628220 -0.778036 0.000000 0.628220 -0.778036 0.000000 0.691939 -0.721956 0.000000 0.691939 -0.721956 0.000000 0.750672 -0.660675 0.000000 0.750672 -0.660675 0.000000 0.803997 -0.594633 0.000000 0.803997 -0.594633 0.000000 0.851529 -0.524307 0.000000 0.851529 -0.524307 0.000000 0.892926 -0.450204 0.000000 0.892926 -0.450204 0.000000 0.927889 -0.372856 0.000000 0.927889 -0.372856 0.000000 0.956167 -0.292823 0.000000 0.956167 -0.292823 0.000000 0.977555 -0.210679 0.000000 0.977555 -0.210679 0.000000 0.991900 -0.127018 0.000000 0.991900 -0.127018 -0.000000 0.999099 -0.042441 -0.000000 0.999099 -0.042441 -0.000000 0.999099 0.042441 -0.000000 0.999099 0.042441 -0.000000 0.991900 0.127018 -0.000000 0.991900 0.127018 -0.000000 0.977555 0.210679 -0.000000 0.977555 0.210679 -0.000000 0.956167 0.292823 -0.000000 0.956167 0.292823 -0.000000 0.927889 0.372856 -0.000000 0.927889 0.372856 -0.000000 0.892926 0.450204 -0.000000 0.892926 0.450204 -0.000000 0.851529 0.524307 -0.000000 0.851529 0.524307 -0.000000 0.803997 0.594633 -0.000000 0.803997 0.594633 -0.000000 0.750672 0.660675 -0.000000 0.750672 0.660675 -0.000000 0.691939 0.721956 -0.000000 0.691939 0.721956 -0.000000 0.628220 0.778036 -0.000000 0.628220 0.778036 -0.000000 0.559975 0.828510 -0.000000 0.559975 0.828510 -0.000000 0.487695 0.873014 -0.000000 0.487695 0.873014 -0.000000 0.411901 0.911228 -0.000000 0.411901 0.911228 -0.000000 0.333140 0.942877 -0.000000 0.333140 0.942877 -0.000000 0.251978 0.967733 -0.000000 0.251978 0.967733 -0.000000 0.169001 0.985616 -0.000000 0.169001 0.985616 -0.000000 0.084806 0.996397 -0.000000 0.084806 0.996397 -0.000000 -0.000000 1.000000 -0.000000 -0.000000 1.000000 -0.000000 -0.084806 0.996397 -0.000000 -0.084806 0.996397 -0.000000 -0.169001 0.985616 -0.000000 -0.169001 0.985616 -0.000000 -0.251978 0.967733 -0.000000 -0.251978 0.967733 -0.000000 -0.333140 0.942877 -0.000000 -0.333140 0.942877 -0.000000 -0.411901 0.911228 -0.000000 -0.411901 0.911228 -0.000000 -0.487695 0.873014 -0.000000 -0.487695 0.873014 -0.000000 -0.559975 0.828510 -0.000000 -0.559975 0.828510 -0.000000 -0.628220 0.778036 -0.000000 -0.628220 0.778036 -0.000000 -0.691939 0.721956 -0.000000 -0.691939 0.721956 -0.000000 -0.750672 0.660675 -0.000000 -0.750672 0.660675 -0.000000 -0.803997 0.594633 -0.000000 -0.803997 0.594633 -0.000000 -0.851529 0.524307 -0.000000 -0.851529 0.524307 -0.000000 -0.892926 0.450204 -0.000000 -0.892926 0.450204 -0.000000 -0.927889 0.372856 -0.000000 -0.927889 0.372856 -0.000000 -0.956167 0.292823 -0.000000 -0.956167 0.292823 -0.000000 -0.977555 0.210679 -0.000000 -0.977555 0.210679 -0.000000 -0.991900 0.127018 -0.000000 -0.991900 0.127018 0.000000 -0.999099 0.042441 0.000000 -0.999099 0.042441 0.000000 -0.999099 -0.042441 0.000000 -0.999099 -0.042441 0.000000 -0.991900 -0.127018 0.000000 -0.991900 -0.127018 0.000000 -0.977555 -0.210679 0.000000 -0.977555 -0.210679 0.000000 -0.956167 -0.292823 0.000000 -0.956167 -0.292823 0.000000 -0.927889 -0.372856 0.000000 -0.927889 -0.372856 0.000000 -0.892926 -0.450204 0.000000 -0.892926 -0.450204 0.000000 -0.851529 -0.524307 0.000000 -0.851529 -0.524307 0.000000 -0.803997 -0.594633 0.000000 -0.803997 -0.594633 0.000000 -0.750672 -0.660675 0.000000 -0.750672 -0.660675 0.000000 -0.691939 -0.721956 0.000000 -0.691939 -0.721956 0.000000 -0.628220 -0.778036 0.000000 -0.628220 -0.778036 0.000000 -0.559975 -0.828510 0.000000 -0.559975 -0.828510 0.000000 -0.487695 -0.873014 0.000000 -0.487695 -0.873014 0.000000 -0.411901 -0.911228 0.000000 -0.411901 -0.911228 0.000000 -0.333140 -0.942877 0.000000 -0.333140 -0.942877 0.000000 -0.251978 -0.967733 0.000000 -0.251978 -0.967733 0.000000 -0.169001 -0.985616 0.000000 -0.169001 -0.985616 -0.000000 -0.258819 0.965926 -0.000000 -0.258819 0.965926 -0.000000 -0.000000 1.000000 -0.000000 -0.000000 1.000000 -0.000000 0.258819 0.965926 -0.000000 0.258819 0.965926 -0.000000 0.500000 0.866025 -0.000000 0.500000 0.866025 -0.000000 0.707107 0.707107 -0.000000 0.707107 0.707107 -0.000000 0.866025 0.500000 -0.000000 0.866025 0.500000 -0.000000 0.965926 0.258819 -0.000000 0.965926 0.258819 -0.000000 1.000000 -0.000000 -0.000000 1.000000 -0.000000 0.000000 0.965926 -0.258819 0.000000 0.965926 -0.258819 0.000000 0.866025 -0.500000 0.000000 0.866025 -0.500000 0.000000 0.707107 -0.707107 0.000000 0.707107 -0.707107 0.000000 0.500000 -0.866025 0.000000 0.500000 -0.866025 0.000000 0.258819 -0.965926 0.000000 0.258819 -0.965926 0.000000 0.000000 -1.000000 0.000000 0.000000 -1.000000 0.000000 -0.258819 -0.965926 0.000000 -0.258819 -0.965926 0.000000 -0.500000 -0.866025 0.000000 -0.500000 -0.866025 0.000000 -0.707107 -0.707107 0.000000 -0.707107 -0.707107 0.000000 -0.866025 -0.500000 0.000000 -0.866025 -0.500000 0.000000 -0.965926 -0.258819 0.000000 -0.965926 -0.258819 0.000000 -1.000000 0.000000 0.000000 -1.000000 0.000000 -0.000000 -0.965926 0.258819 -0.000000 -0.965926 0.258819 -0.000000 -0.866025 0.500000 -0.000000 -0.866025 0.500000 -0.000000 -0.707107 0.707107 -0.000000 -0.707107 0.707107 -0.000000 -0.500000 0.866025 -0.000000 -0.500000 0.866025 -0.000000 -0.258819 0.965926 -0.000000 -0.258819 0.965926 -0.000000 -0.000000 1.000000 -0.000000 -0.000000 1.000000 -0.000000 0.258819 0.965926 -0.000000 0.258819 0.965926 -0.000000 0.500000 0.866025 -0.000000 0.500000 0.866025 -0.000000 0.707107 0.707107 -0.000000 0.707107 0.707107 -0.000000 0.866025 0.500000 -0.000000 0.866025 0.500000 -0.000000 0.965926 0.258819 -0.000000 0.965926 0.258819 -0.000000 1.000000 -0.000000 -0.000000 1.000000 -0.000000 0.000000 0.965926 -0.258819 0.000000 0.965926 -0.258819 0.000000 0.866025 -0.500000 0.000000 0.866025 -0.500000 0.000000 0.707107 -0.707107 0.000000 0.707107 -0.707107 0.000000 0.500000 -0.866025 0.000000 0.500000 -0.866025 0.000000 0.258819 -0.965926 0.000000 0.258819 -0.965926 0.000000 0.000000 -1.000000 0.000000 0.000000 -1.000000 0.000000 -0.258819 -0.965926 0.000000 -0.258819 -0.965926 0.000000 -0.500000 -0.866025 0.000000 -0.500000 -0.866025 0.000000 -0.707107 -0.707107 0.000000 -0.707107 -0.707107 0.000000 -0.866025 -0.500000 0.000000 -0.866025 -0.500000 0.000000 -0.965926 -0.258819 0.000000 -0.965926 -0.258819 0.000000 -1.000000 0.000000 0.000000 -1.000000 0.000000 -0.000000 -0.965926 0.258819 -0.000000 -0.965926 0.258819 -0.000000 -0.866025 0.500000 -0.000000 -0.866025 0.500000 -0.000000 -0.707107 0.707107 -0.000000 -0.707107 0.707107 -0.000000 -0.500000 0.866025 -0.000000 -0.500000 0.866025 -0.000000 -0.258819 0.965926 -0.000000 -0.258819 0.965926 -0.000000 -0.000000 1.000000 -0.000000 -0.000000 1.000000 -0.000000 0.258819 0.965926 -0.000000 0.258819 0.965926 -0.000000 0.500000 0.866025 -0.000000 0.500000 0.866025 -0.000000 0.707107 0.707107 -0.000000 0.707107 0.707107 -0.000000 0.866025 0.500000 -0.000000 0.866025 0.500000 -0.000000 0.965926 0.258819 -0.000000 0.965926 0.258819 -0.000000 1.000000 -0.000000 -0.000000 1.000000 -0.000000 0.000000 0.965926 -0.258819 0.000000 0.965926 -0.258819 0.000000 0.866025 -0.500000 0.000000 0.866025 -0.500000 0.000000 0.707107 -0.707107 0.000000 0.707107 -0.707107 0.000000 0.500000 -0.866025 0.000000 0.500000 -0.866025 0.000000 0.258819 -0.965926 0.000000 0.258819 -0.965926 0.000000 0.000000 -1.000000 0.000000 0.000000 -1.000000 0.000000 -0.258819 -0.965926 0.000000 -0.258819 -0.965926 0.000000 -0.500000 -0.866025 0.000000 -0.500000 -0.866025 0.000000 -0.707107 -0.707107 0.000000 -0.707107 -0.707107 0.000000 -0.866025 -0.500000 0.000000 -0.866025 -0.500000 0.000000 -0.965926 -0.258819 0.000000 -0.965926 -0.258819 0.000000 -1.000000 0.000000 0.000000 -1.000000 0.000000 -0.000000 -0.965926 0.258819 -0.000000 -0.965926 0.258819 -0.000000 -0.866025 0.500000 -0.000000 -0.866025 0.500000 -0.000000 -0.707107 0.707107 -0.000000 -0.707107 0.707107 -0.000000 -0.500000 0.866025 -0.000000 -0.500000 0.866025 -0.000000 -0.258819 0.965926 -0.000000 -0.258819 0.965926 -0.000000 -0.000000 1.000000 -0.000000 -0.000000 1.000000 -0.000000 0.258819 0.965926 -0.000000 0.258819 0.965926 -0.000000 0.500000 0.866025 -0.000000 0.500000 0.866025 -0.000000 0.707107 0.707107 -0.000000 0.707107 0.707107 -0.000000 0.866025 0.500000 -0.000000 0.866025 0.500000 -0.000000 0.965926 0.258819 -0.000000 0.965926 0.258819 -0.000000 1.000000 -0.000000 -0.000000 1.000000 -0.000000 0.000000 0.965926 -0.258819 0.000000 0.965926 -0.258819 0.000000 0.866025 -0.500000 0.000000 0.866025 -0.500000 0.000000 0.707107 -0.707107 0.000000 0.707107 -0.707107 0.000000 0.500000 -0.866025 0.000000 0.500000 -0.866025 0.000000 0.258819 -0.965926 0.000000 0.258819 -0.965926 0.000000 0.000000 -1.000000 0.000000 0.000000 -1.000000 0.000000 -0.258819 -0.965926 0.000000 -0.258819 -0.965926 0.000000 -0.500000 -0.866025 0.000000 -0.500000 -0.866025 0.000000 -0.707107 -0.707107 0.000000 -0.707107 -0.707107 0.000000 -0.866025 -0.500000 0.000000 -0.866025 -0.500000 0.000000 -0.965926 -0.258819 0.000000 -0.965926 -0.258819 0.000000 -1.000000 0.000000 0.000000 -1.000000 0.000000 -0.000000 -0.965926 0.258819 -0.000000 -0.965926 0.258819 -0.000000 -0.866025 0.500000 -0.000000 -0.866025 0.500000 -0.000000 -0.707107 0.707107 -0.000000 -0.707107 0.707107 -0.000000 -0.500000 0.866025 -0.000000 -0.500000 0.866025 -0.000000 -0.258819 0.965926 -0.000000 -0.258819 0.965926 -0.000000 -0.000000 1.000000 -0.000000 -0.000000 1.000000 -0.000000 0.258819 0.965926 -0.000000 0.258819 0.965926 -0.000000 0.500000 0.866025 -0.000000 0.500000 0.866025 -0.000000 0.707107 0.707107 -0.000000 0.707107 0.707107 -0.000000 0.866025 0.500000 -0.000000 0.866025 0.500000 -0.000000 0.965926 0.258819 -0.000000 0.965926 0.258819 -0.000000 1.000000 -0.000000 -0.000000 1.000000 -0.000000 0.000000 0.965926 -0.258819 0.000000 0.965926 -0.258819 0.000000 0.866025 -0.500000 0.000000 0.866025 -0.500000 0.000000 0.707107 -0.707107 0.000000 0.707107 -0.707107 0.000000 0.500000 -0.866025 0.000000 0.500000 -0.866025 0.000000 0.258819 -0.965926 0.000000 0.258819 -0.965926 0.000000 0.000000 -1.000000 0.000000 0.000000 -1.000000 0.000000 -0.258819 -0.965926 0.000000 -0.258819 -0.965926 0.000000 -0.500000 -0.866025 0.000000 -0.500000 -0.866025 0.000000 -0.707107 -0.707107 0.000000 -0.707107 -0.707107 0.000000 -0.866025 -0.500000 0.000000 -0.866025 -0.500000 0.000000 -0.965926 -0.258819 0.000000 -0.965926 -0.258819 0.000000 -1.000000 0.000000 0.000000 -1.000000 0.000000 -0.000000 -0.965926 0.258819 -0.000000 -0.965926 0.258819 -0.000000 -0.866025 0.500000 -0.000000 -0.866025 0.500000 -0.000000 -0.707107 0.707107 -0.000000 -0.707107 0.707107 -0.000000 -0.500000 0.866025 -0.000000 -0.500000 0.866025 -0.000000 -0.258819 0.965926 -0.000000 -0.258819 0.965926 -0.000000 -0.000000 1.000000 -0.000000 -0.000000 1.000000 -0.000000 0.258819 0.965926 -0.000000 0.258819 0.965926 -0.000000 0.500000 0.866025 -0.000000 0.500000 0.866025 -0.000000 0.707107 0.707107 -0.000000 0.707107 0.707107 -0.000000 0.866025 0.500000 -0.000000 0.866025 0.500000 -0.000000 0.965926 0.258819 -0.000000 0.965926 0.258819 -0.000000 1.000000 -0.000000 -0.000000 1.000000 -0.000000 0.000000 0.965926 -0.258819 0.000000 0.965926 -0.258819 0.000000 0.866025 -0.500000 0.000000 0.866025 -0.500000 0.000000 0.707107 -0.707107 0.000000 0.707107 -0.707107 0.000000 0.500000 -0.866025 0.000000 0.500000 -0.866025 0.000000 0.258819 -0.965926 0.000000 0.258819 -0.965926 0.000000 0.000000 -1.000000 0.000000 0.000000 -1.000000 0.000000 -0.258819 -0.965926 0.000000 -0.258819 -0.965926 0.000000 -0.500000 -0.866025 0.000000 -0.500000 -0.866025 0.000000 -0.707107 -0.707107 0.000000 -0.707107 -0.707107 0.000000 -0.866025 -0.500000 0.000000 -0.866025 -0.500000 0.000000 -0.965926 -0.258819 0.000000 -0.965926 -0.258819 0.000000 -1.000000 0.000000 0.000000 -1.000000 0.000000 -0.000000 -0.965926 0.258819 -0.000000 -0.965926 0.258819 -0.000000 -0.866025 0.500000 -0.000000 -0.866025 0.500000 -0.000000 -0.707107 0.707107 -0.000000 -0.707107 0.707107 -0.000000 -0.500000 0.866025 -0.000000 -0.500000 0.866025 -0.000000 -0.000000 1.000000 -0.000000 -0.000000 1.000000 -0.000000 -0.000000 1.000000 -0.000000 -0.000000 1.000000 -0.000000 -0.000000 1.000000 -0.000000 -0.000000 1.000000 -0.000000 -0.000000 1.000000 -0.000000 -0.000000 1.000000 -0.000000 -0.000000 1.000000 -0.000000 -0.000000 1.000000 -0.000000 -0.000000 1.000000 -0.000000 -0.000000 1.000000 -0.000000 -0.000000 1.000000 -0.000000 -0.000000 1.000000 -0.000000 -0.000000 1.000000 0.000000 0.000000 -1.000000 0.000000 0.000000 -1.000000 0.000000 0.000000 -1.000000 0.000000 0.000000 -1.000000 0.000000 0.000000 -1.000000 0.000000 0.000000 -1.000000 0.000000 0.000000 -1.000000 0.000000 0.000000 -1.000000 0.000000 0.000000 -1.000000 0.000000 0.000000 -1.000000 0.000000 0.000000 -1.000000 0.000000 0.000000 -1.000000 0.000000 0.000000 -1.000000 0.000000 0.000000 -1.000000 0.000000 0.000000 -1.000000 -0.000000 -0.000000 1.000000 -0.000000 -0.000000 1.000000 -0.000000 -0.000000 1.000000 -0.000000 -0.000000 1.000000 -0.000000 -0.000000 1.000000 -0.000000 -0.000000 1.000000 -0.000000 -0.000000 1.000000 -0.000000 -0.000000 1.000000 -0.000000 -0.000000 1.000000 -0.000000 -0.000000 1.000000 -0.000000 -0.000000 1.000000 -0.000000 -0.000000 1.000000 -0.000000 -0.000000 1.000000 -0.000000 -0.000000 1.000000 -0.000000 -0.000000 1.000000 -0.000000 -0.000000 1.000000 -0.000000 -0.000000 1.000000 -0.000000 -0.000000 1.000000 -0.000000 -0.000000 1.000000 -0.000000 -0.000000 1.000000 -0.000000 -0.000000 1.000000 -0.000000 -0.000000 1.000000 -0.000000 -0.000000 1.000000 -0.000000 -0.000000 1.000000 -0.000000 -0.000000 1.000000 -0.000000 -0.000000 1.000000 -0.000000 -0.000000 1.000000 -0.000000 -0.000000 1.000000 -0.000000 -0.000000 1.000000 -0.000000 -0.000000 1.000000 -0.000000 -0.000000 1.000000 -0.000000 -0.000000 1.000000 -0.000000 -0.000000 1.000000 -0.000000 -0.000000 1.000000 -0.000000 -0.000000 1.000000 -0.000000 -0.000000 1.000000 -0.000000 -0.000000 1.000000 -0.000000 -0.000000 1.000000 -0.000000 -0.000000 1.000000 -0.000000 -0.000000 1.000000 -0.000000 -0.000000 1.000000 -0.000000 -0.000000 1.000000 -0.000000 -0.000000 1.000000 -0.000000 -0.000000 1.000000 -0.000000 -0.000000 1.000000 -0.000000 -0.000000 1.000000 -0.000000 -0.000000 1.000000 -0.000000 -0.000000 1.000000 -0.000000 -0.000000 1.000000 -0.000000 -0.000000 1.000000 -0.000000 -0.000000 1.000000 -0.000000 -0.000000 1.000000 -0.000000 -0.000000 1.000000 -0.000000 -0.000000 1.000000 -0.000000 -0.000000 1.000000 -0.000000 -0.000000 1.000000 -0.000000 -0.000000 1.000000 -0.000000 -0.000000 1.000000 -0.000000 -0.000000 1.000000 -0.000000 -0.000000 1.000000 -0.000000 -0.000000 1.000000 -0.000000 -0.000000 1.000000 -0.000000 -0.000000 1.000000 -0.000000 -0.000000 1.000000 -0.000000 -0.000000 1.000000 -0.000000 -0.000000 1.000000 -0.000000 -0.000000 1.000000 -0.000000 -0.000000 1.000000 -0.000000 -0.000000 1.000000 -0.000000 -0.000000 1.000000 -0.000000 -0.000000 1.000000 -0.000000 -0.000000 1.000000 -0.000000 -0.000000 1.000000 -0.000000 -0.000000 1.000000 -0.000000 -0.000000 1.000000 -0.000000 -0.000000 1.000000 -0.000000 -0.000000 1.000000 -0.000000 -0.000000 1.000000 -0.000000 -0.000000 1.000000 -0.000000 -0.000000 1.000000 -0.000000 -0.000000 1.000000 -0.000000 -0.000000 1.000000 -0.000000 -0.000000 1.000000 -0.000000 -0.000000 1.000000 -0.000000 -0.000000 1.000000 -0.000000 -0.000000 1.000000 -0.000000 -0.000000 1.000000 -0.000000 -0.000000 1.000000 -0.000000 -0.000000 1.000000 -0.000000 -0.000000 1.000000 -0.000000 -0.000000 1.000000 -0.000000 -0.000000 1.000000 -0.000000 -0.000000 1.000000 -0.000000 -0.000000 1.000000 -0.000000 -0.000000 1.000000 -0.000000 -0.000000 1.000000 -0.000000 -0.000000 1.000000 -0.000000 -0.000000 1.000000 -0.000000 -0.000000 1.000000 -0.000000 -0.000000 1.000000 -0.000000 -0.000000 1.000000 -0.000000 -0.000000 1.000000 -0.000000 -0.000000 1.000000 -0.000000 -0.000000 1.000000 -0.000000 -0.000000 1.000000 -0.000000 -0.000000 1.000000 -0.000000 -0.000000 1.000000 -0.000000 -0.000000 1.000000 -0.000000 -0.000000 1.000000 -0.000000 -0.000000 1.000000 -0.000000 -0.000000 1.000000 -0.000000 -0.000000 1.000000 -0.000000 -0.000000 1.000000 -0.000000 -0.000000 1.000000 -0.000000 -0.000000 1.000000 -0.000000 -0.000000 1.000000 -0.000000 -0.000000 1.000000 -0.000000 -0.000000 1.000000 -0.000000 -0.000000 1.000000 -0.000000 -0.000000 1.000000 -0.000000 -0.000000 1.000000 -0.000000 -0.000000 1.000000 -0.000000 -0.000000 1.000000 -0.000000 -0.000000 1.000000 -0.000000 -0.000000 1.000000 -0.000000 -0.000000 1.000000 -0.000000 -0.000000 1.000000 -0.000000 -0.000000 1.000000 -0.000000 -0.000000 1.000000 -0.000000 -0.000000 1.000000 -0.000000 -0.000000 1.000000 -0.000000 -0.000000 1.000000 -0.000000 -0.000000 1.000000 -0.000000 -0.000000 1.000000 -0.000000 -0.000000 1.000000 -0.000000 -0.000000 1.000000 -0.000000 -0.000000 1.000000 -0.000000 -0.000000 1.000000 -0.000000 -0.000000 1.000000 -0.000000 -0.000000 1.000000 -0.000000 -0.000000 1.000000 -0.000000 -0.000000 1.000000 -0.000000 -0.000000 1.000000 -0.000000 -0.000000 1.000000 -0.000000 -0.000000 1.000000 -0.000000 -0.000000 1.000000 -0.000000 -0.000000 1.000000 -0.000000 -0.000000 1.000000 -0.000000 -0.000000 1.000000 -0.000000 -0.000000 1.000000 -0.000000 -0.000000 1.000000 -0.000000 -0.000000 1.000000 -0.000000 -0.000000 1.000000 -0.000000 -0.000000 1.000000 -0.000000 -0.000000 1.000000 -0.000000 -0.000000 1.000000 -0.000000 -0.000000 1.000000 -0.000000 -0.000000 1.000000 -0.000000 -0.000000 1.000000 -0.000000 -0.000000 1.000000 -0.000000 -0.000000 1.000000 -0.000000 -0.000000 1.000000 -0.000000 -0.000000 1.000000 -0.000000 -0.000000 1.000000 -0.000000 -0.000000 1.000000 -0.000000 -0.000000 1.000000 -0.000000 -0.000000 1.000000 -0.000000 -0.000000 1.000000 -0.000000 -0.000000 1.000000 -0.000000 -0.000000 1.000000 -0.000000 -0.000000 1.000000 -0.000000 -0.000000 1.000000 -0.000000 -0.000000 1.000000 -0.000000 -0.000000 1.000000 -0.000000 -0.000000 1.000000 -0.000000 -0.000000 1.000000 -0.000000 -0.000000 1.000000 -0.000000 -0.000000 1.000000 -0.000000 -0.000000 1.000000 -0.000000 -0.000000 1.000000 -0.000000 -0.000000 1.000000 -0.000000 -0.000000 1.000000 -0.000000 -0.000000 1.000000 -0.000000 -0.000000 1.000000 -0.000000 -0.000000 1.000000 -0.000000 -0.000000 1.000000 -0.000000 -0.000000 1.000000 -0.000000 -0.000000 1.000000 -0.000000 -0.000000 1.000000 -0.000000 -0.000000 1.000000 -0.000000 -0.000000 1.000000 -0.000000 -0.000000 1.000000 -0.000000 -0.000000 1.000000 -0.000000 -0.000000 1.000000 -0.000000 -0.000000 1.000000 -0.000000 -0.000000 1.000000 -0.000000 -0.000000 1.000000 -0.000000 -0.000000 1.000000 -0.000000 -0.000000 1.000000 -0.000000 -0.000000 1.000000 -0.000000 -0.000000 1.000000 -0.000000 -0.000000 1.000000 -0.000000 -0.000000 1.000000 -0.000000 -0.000000 1.000000 -0.000000 -0.000000 1.000000 -0.000000 -0.000000 1.000000 -0.000000 -0.000000 1.000000 -0.000000 -0.000000 1.000000 -0.000000 -0.000000 1.000000 -0.000000 -0.000000 1.000000 -0.000000 -0.000000 1.000000 -0.000000 -0.000000 1.000000 -0.000000 -0.000000 1.000000 -0.000000 -0.000000 1.000000 -0.000000 -0.000000 1.000000 -0.000000 -0.000000 1.000000 -0.000000 -0.000000 1.000000 -0.000000 -0.000000 1.000000 -0.000000 -0.000000 1.000000 -0.000000 -0.000000 1.000000 -0.000000 -0.000000 1.000000 -0.000000 -0.000000 1.000000 -0.000000 -0.000000 1.000000 -0.000000 -0.000000 1.000000 -0.000000 -0.000000 1.000000 -0.000000 -0.000000 1.000000 -0.000000 -0.000000 1.000000 -0.000000 -0.000000 1.000000 -0.000000 -0.000000 1.000000 -0.000000 -0.000000 1.000000 -0.000000 -0.000000 1.000000 -0.000000 -0.000000 1.000000 -0.000000 -0.000000 1.000000 -0.000000 -0.000000 1.000000 -0.000000 -0.000000 1.000000 -0.000000 -0.000000 1.000000 -0.000000 -0.000000 1.000000 -0.000000 -0.000000 1.000000 -0.000000 -0.000000 1.000000 -0.000000 -0.000000 1.000000 -0.000000 -0.000000 1.000000 -0.000000 -0.000000 1.000000 -0.000000 -0.000000 1.000000 -0.000000 -0.000000 1.000000 -0.000000 -0.000000 1.000000 -0.000000 -0.000000 1.000000 -0.000000 -0.000000 1.000000 -0.000000 -0.000000 1.000000 -0.000000 -0.000000 1.000000 -0.000000 -0.000000 1.000000 -0.000000 -0.000000 1.000000 -0.000000 -0.000000 1.000000 -0.000000 -0.000000 1.000000 -0.000000 -0.000000 1.000000 -0.000000 -0.000000 1.000000 -0.000000 -0.000000 1.000000 -0.000000 -0.000000 1.000000 -0.000000 -0.000000 1.000000 -0.000000 -0.000000 1.000000 -0.000000 -0.000000 1.000000 -0.000000 -0.000000 1.000000 -0.000000 -0.000000 1.000000 -0.000000 -0.000000 1.000000 -0.000000 -0.000000 1.000000 -0.000000 -0.000000 1.000000 -0.000000 -0.000000 1.000000 -0.000000 -0.000000 1.000000 -0.000000 -0.000000 1.000000 -0.000000 -0.000000 1.000000 -0.000000 -0.000000 1.000000 -0.000000 -0.000000 1.000000 -0.000000 -0.000000 1.000000 -0.000000 -0.000000 1.000000 -0.000000 -0.000000 1.000000 -0.000000 -0.000000 1.000000 -0.000000 -0.000000 1.000000 -0.000000 -0.000000 1.000000 -0.000000 -0.000000 1.000000 -0.000000 -0.000000 1.000000 -0.000000 -0.000000 1.000000 -0.000000 -0.000000 1.000000 -0.000000 -0.000000 1.000000 -0.000000 -0.000000 1.000000 -0.000000 -0.000000 1.000000 -0.000000 -0.000000 1.000000 -0.000000 -0.000000 1.000000 -0.000000 -0.000000 1.000000 -0.000000 -0.000000 1.000000 -0.000000 -0.000000 1.000000 -0.000000 -0.000000 1.000000 -0.000000 -0.000000 1.000000 -0.000000 -0.000000 1.000000 -0.000000 -0.000000 1.000000 -0.000000 -0.000000 1.000000 -0.000000 -0.000000 1.000000 -0.000000 -0.000000 1.000000 -0.000000 -0.000000 1.000000 -0.000000 -0.000000 1.000000 -0.000000 -0.000000 1.000000 -0.000000 -0.000000 1.000000 -0.258819 -0.965926 0.000000 -0.258819 -0.965926 0.000000 0.000000 -1.000000 0.000000 0.000000 -1.000000 0.000000 0.258819 -0.965926 0.000000 0.258819 -0.965926 0.000000 0.500000 -0.866025 0.000000 0.500000 -0.866025 0.000000 0.707107 -0.707107 -0.000000 0.707107 -0.707107 -0.000000 0.866025 -0.500000 -0.000000 0.866025 -0.500000 -0.000000 0.965926 -0.258819 -0.000000 0.965926 -0.258819 -0.000000 1.000000 -0.000000 -0.000000 1.000000 -0.000000 -0.000000 0.965926 0.258819 -0.000000 0.965926 0.258819 -0.000000 0.866025 0.500000 -0.000000 0.866025 0.500000 -0.000000 0.707107 0.707107 -0.000000 0.707107 0.707107 -0.000000 0.500000 0.866025 -0.000000 0.500000 0.866025 -0.000000 0.258819 0.965926 -0.000000 0.258819 0.965926 -0.000000 -0.000000 1.000000 -0.000000 -0.000000 1.000000 -0.000000 -0.258819 0.965926 -0.000000 -0.258819 0.965926 -0.000000 -0.500000 0.866025 -0.000000 -0.500000 0.866025 -0.000000 -0.707107 0.707107 0.000000 -0.707107 0.707107 0.000000 -0.866025 0.500000 0.000000 -0.866025 0.500000 0.000000 -0.965926 0.258819 0.000000 -0.965926 0.258819 0.000000 -1.000000 0.000000 0.000000 -1.000000 0.000000 0.000000 -0.965926 -0.258819 0.000000 -0.965926 -0.258819 0.000000 -0.866025 -0.500000 0.000000 -0.866025 -0.500000 0.000000 -0.707107 -0.707107 0.000000 -0.707107 -0.707107 0.000000 -0.500000 -0.866025 0.000000 -0.500000 -0.866025 0.000000 -0.258819 -0.965926 0.000000 -0.258819 -0.965926 0.000000 0.000000 -1.000000 0.000000 0.000000 -1.000000 0.000000 0.258819 -0.965926 0.000000 0.258819 -0.965926 0.000000 0.500000 -0.866025 0.000000 0.500000 -0.866025 0.000000 0.707107 -0.707107 -0.000000 0.707107 -0.707107 -0.000000 0.866025 -0.500000 -0.000000 0.866025 -0.500000 -0.000000 0.965926 -0.258819 -0.000000 0.965926 -0.258819 -0.000000 1.000000 -0.000000 -0.000000 1.000000 -0.000000 -0.000000 0.965926 0.258819 -0.000000 0.965926 0.258819 -0.000000 0.866025 0.500000 -0.000000 0.866025 0.500000 -0.000000 0.707107 0.707107 -0.000000 0.707107 0.707107 -0.000000 0.500000 0.866025 -0.000000 0.500000 0.866025 -0.000000 0.258819 0.965926 -0.000000 0.258819 0.965926 -0.000000 -0.000000 1.000000 -0.000000 -0.000000 1.000000 -0.000000 -0.258819 0.965926 -0.000000 -0.258819 0.965926 -0.000000 -0.500000 0.866025 -0.000000 -0.500000 0.866025 -0.000000 -0.707107 0.707107 0.000000 -0.707107 0.707107 0.000000 -0.866025 0.500000 0.000000 -0.866025 0.500000 0.000000 -0.965926 0.258819 0.000000 -0.965926 0.258819 0.000000 -1.000000 0.000000 0.000000 -1.000000 0.000000 0.000000 -0.965926 -0.258819 0.000000 -0.965926 -0.258819 0.000000 -0.866025 -0.500000 0.000000 -0.866025 -0.500000 0.000000 -0.707107 -0.707107 0.000000 -0.707107 -0.707107 0.000000 -0.500000 -0.866025 0.000000 -0.500000 -0.866025 0.000000 -0.258819 -0.965926 0.000000 -0.258819 -0.965926 0.000000 0.000000 -1.000000 0.000000 0.000000 -1.000000 0.000000 0.258819 -0.965926 0.000000 0.258819 -0.965926 0.000000 0.500000 -0.866025 0.000000 0.500000 -0.866025 0.000000 0.707107 -0.707107 -0.000000 0.707107 -0.707107 -0.000000 0.866025 -0.500000 -0.000000 0.866025 -0.500000 -0.000000 0.965926 -0.258819 -0.000000 0.965926 -0.258819 -0.000000 1.000000 -0.000000 -0.000000 1.000000 -0.000000 -0.000000 0.965926 0.258819 -0.000000 0.965926 0.258819 -0.000000 0.866025 0.500000 -0.000000 0.866025 0.500000 -0.000000 0.707107 0.707107 -0.000000 0.707107 0.707107 -0.000000 0.500000 0.866025 -0.000000 0.500000 0.866025 -0.000000 0.258819 0.965926 -0.000000 0.258819 0.965926 -0.000000 -0.000000 1.000000 -0.000000 -0.000000 1.000000 -0.000000 -0.258819 0.965926 -0.000000 -0.258819 0.965926 -0.000000 -0.500000 0.866025 -0.000000 -0.500000 0.866025 -0.000000 -0.707107 0.707107 0.000000 -0.707107 0.707107 0.000000 -0.866025 0.500000 0.000000 -0.866025 0.500000 0.000000 -0.965926 0.258819 0.000000 -0.965926 0.258819 0.000000 -1.000000 0.000000 0.000000 -1.000000 0.000000 0.000000 -0.965926 -0.258819 0.000000 -0.965926 -0.258819 0.000000 -0.866025 -0.500000 0.000000 -0.866025 -0.500000 0.000000 -0.707107 -0.707107 0.000000 -0.707107 -0.707107 0.000000 -0.500000 -0.866025 0.000000 -0.500000 -0.866025 0.000000 -0.258819 -0.965926 0.000000 -0.258819 -0.965926 0.000000 0.000000 -1.000000 0.000000 0.000000 -1.000000 0.000000 0.258819 -0.965926 0.000000 0.258819 -0.965926 0.000000 0.500000 -0.866025 0.000000 0.500000 -0.866025 0.000000 0.707107 -0.707107 -0.000000 0.707107 -0.707107 -0.000000 0.866025 -0.500000 -0.000000 0.866025 -0.500000 -0.000000 0.965926 -0.258819 -0.000000 0.965926 -0.258819 -0.000000 1.000000 -0.000000 -0.000000 1.000000 -0.000000 -0.000000 0.965926 0.258819 -0.000000 0.965926 0.258819 -0.000000 0.866025 0.500000 -0.000000 0.866025 0.500000 -0.000000 0.707107 0.707107 -0.000000 0.707107 0.707107 -0.000000 0.500000 0.866025 -0.000000 0.500000 0.866025 -0.000000 0.258819 0.965926 -0.000000 0.258819 0.965926 -0.000000 -0.000000 1.000000 -0.000000 -0.000000 1.000000 -0.000000 -0.258819 0.965926 -0.000000 -0.258819 0.965926 -0.000000 -0.500000 0.866025 -0.000000 -0.500000 0.866025 -0.000000 -0.707107 0.707107 0.000000 -0.707107 0.707107 0.000000 -0.866025 0.500000 0.000000 -0.866025 0.500000 0.000000 -0.965926 0.258819 0.000000 -0.965926 0.258819 0.000000 -1.000000 0.000000 0.000000 -1.000000 0.000000 0.000000 -0.965926 -0.258819 0.000000 -0.965926 -0.258819 0.000000 -0.866025 -0.500000 0.000000 -0.866025 -0.500000 0.000000 -0.707107 -0.707107 0.000000 -0.707107 -0.707107 0.000000 -0.500000 -0.866025 0.000000 -0.500000 -0.866025 0.000000 -0.258819 -0.965926 0.000000 -0.258819 -0.965926 0.000000 0.000000 -1.000000 0.000000 0.000000 -1.000000 0.000000 0.258819 -0.965926 0.000000 0.258819 -0.965926 0.000000 0.500000 -0.866025 0.000000 0.500000 -0.866025 0.000000 0.707107 -0.707107 -0.000000 0.707107 -0.707107 -0.000000 0.866025 -0.500000 -0.000000 0.866025 -0.500000 -0.000000 0.965926 -0.258819 -0.000000 0.965926 -0.258819 -0.000000 1.000000 -0.000000 -0.000000 1.000000 -0.000000 -0.000000 0.965926 0.258819 -0.000000 0.965926 0.258819 -0.000000 0.866025 0.500000 -0.000000 0.866025 0.500000 -0.000000 0.707107 0.707107 -0.000000 0.707107 0.707107 -0.000000 0.500000 0.866025 -0.000000 0.500000 0.866025 -0.000000 0.258819 0.965926 -0.000000 0.258819 0.965926 -0.000000 -0.000000 1.000000 -0.000000 -0.000000 1.000000 -0.000000 -0.258819 0.965926 -0.000000 -0.258819 0.965926 -0.000000 -0.500000 0.866025 -0.000000 -0.500000 0.866025 -0.000000 -0.707107 0.707107 0.000000 -0.707107 0.707107 0.000000 -0.866025 0.500000 0.000000 -0.866025 0.500000 0.000000 -0.965926 0.258819 0.000000 -0.965926 0.258819 0.000000 -1.000000 0.000000 0.000000 -1.000000 0.000000 0.000000 -0.965926 -0.258819 0.000000 -0.965926 -0.258819 0.000000 -0.866025 -0.500000 0.000000 -0.866025 -0.500000 0.000000 -0.707107 -0.707107 0.000000 -0.707107 -0.707107 0.000000 -0.500000 -0.866025 0.000000 -0.500000 -0.866025 0.000000 -0.258819 -0.965926 0.000000 -0.258819 -0.965926 0.000000 0.000000 -1.000000 0.000000 0.000000 -1.000000 0.000000 0.258819 -0.965926 0.000000 0.258819 -0.965926 0.000000 0.500000 -0.866025 0.000000 0.500000 -0.866025 0.000000 0.707107 -0.707107 -0.000000 0.707107 -0.707107 -0.000000 0.866025 -0.500000 -0.000000 0.866025 -0.500000 -0.000000 0.965926 -0.258819 -0.000000 0.965926 -0.258819 -0.000000 1.000000 -0.000000 -0.000000 1.000000 -0.000000 -0.000000 0.965926 0.258819 -0.000000 0.965926 0.258819 -0.000000 0.866025 0.500000 -0.000000 0.866025 0.500000 -0.000000 0.707107 0.707107 -0.000000 0.707107 0.707107 -0.000000 0.500000 0.866025 -0.000000 0.500000 0.866025 -0.000000 0.258819 0.965926 -0.000000 0.258819 0.965926 -0.000000 -0.000000 1.000000 -0.000000 -0.000000 1.000000 -0.000000 -0.258819 0.965926 -0.000000 -0.258819 0.965926 -0.000000 -0.500000 0.866025 -0.000000 -0.500000 0.866025 -0.000000 -0.707107 0.707107 0.000000 -0.707107 0.707107 0.000000 -0.866025 0.500000 0.000000 -0.866025 0.500000 0.000000 -0.965926 0.258819 0.000000 -0.965926 0.258819 0.000000 -1.000000 0.000000 0.000000 -1.000000 0.000000 0.000000 -0.965926 -0.258819 0.000000 -0.965926 -0.258819 0.000000 -0.866025 -0.500000 0.000000 -0.866025 -0.500000 0.000000 -0.707107 -0.707107 0.000000 -0.707107 -0.707107 0.000000 -0.500000 -0.866025 0.000000 -0.500000 -0.866025 0.000000 -0.258819 -0.965926 0.000000 -0.258819 -0.965926 0.000000 0.000000 -1.000000 0.000000 0.000000 -1.000000 0.000000 0.258819 -0.965926 0.000000 0.258819 -0.965926 0.000000 0.500000 -0.866025 0.000000 0.500000 -0.866025 0.000000 0.707107 -0.707107 -0.000000 0.707107 -0.707107 -0.000000 0.866025 -0.500000 -0.000000 0.866025 -0.500000 -0.000000 0.965926 -0.258819 -0.000000 0.965926 -0.258819 -0.000000 1.000000 -0.000000 -0.000000 1.000000 -0.000000 -0.000000 0.965926 0.258819 -0.000000 0.965926 0.258819 -0.000000 0.866025 0.500000 -0.000000 0.866025 0.500000 -0.000000 0.707107 0.707107 -0.000000 0.707107 0.707107 -0.000000 0.500000 0.866025 -0.000000 0.500000 0.866025 -0.000000 0.258819 0.965926 -0.000000 0.258819 0.965926 -0.000000 -0.000000 1.000000 -0.000000 -0.000000 1.000000 -0.000000 -0.258819 0.965926 -0.000000 -0.258819 0.965926 -0.000000 -0.500000 0.866025 -0.000000 -0.500000 0.866025 -0.000000 -0.707107 0.707107 0.000000 -0.707107 0.707107 0.000000 -0.866025 0.500000 0.000000 -0.866025 0.500000 0.000000 -0.965926 0.258819 0.000000 -0.965926 0.258819 0.000000 -1.000000 0.000000 0.000000 -1.000000 0.000000 0.000000 -0.965926 -0.258819 0.000000 -0.965926 -0.258819 0.000000 -0.866025 -0.500000 0.000000 -0.866025 -0.500000 0.000000 -0.707107 -0.707107 0.000000 -0.707107 -0.707107 0.000000 -0.500000 -0.866025 0.000000 -0.500000 -0.866025 0.000000 0.259673 -0.965697 0.000000 0.182622 -0.983183 0.000000 0.259673 -0.965697 0.000000 0.180206 -0.983629 0.000000 0.104432 -0.994532 0.000000 0.099543 -0.995033 0.000000 0.025589 -0.999673 0.000000 0.018219 -0.999834 0.000000 -0.053414 -0.998572 0.000000 -0.063226 -0.997999 0.000000 -0.132083 -0.991239 0.000000 -0.144251 -0.989541 0.000000 -0.209927 -0.977717 0.000000 -0.224319 -0.974516 0.000000 -0.286461 -0.958092 0.000000 -0.302898 -0.953023 0.000000 -0.361207 -0.932486 0.000000 -0.379467 -0.925205 0.000000 -0.433698 -0.901058 0.000000 -0.453518 -0.891247 0.000000 -0.503482 -0.864006 0.000000 -0.524558 -0.851375 0.000000 -0.570122 -0.821560 0.000000 -0.592118 -0.805851 0.000000 -0.633204 -0.773985 0.000000 -0.655747 -0.754980 0.000000 -0.692332 -0.721579 0.000000 -0.715025 -0.699099 0.000000 -0.747139 -0.664668 0.000000 -0.769558 -0.638577 0.000000 -0.797281 -0.603608 0.000000 -0.818983 -0.573818 0.000000 -0.842447 -0.538780 0.000000 -0.862973 -0.505250 0.000000 -0.882353 -0.470588 0.000000 -0.901236 -0.433330 0.000000 -0.917798 -0.397048 0.000000 -0.933517 -0.358533 0.000000 -0.947126 -0.320861 0.000000 -0.959603 -0.281357 0.000000 -0.970143 -0.242536 0.000000 -0.979321 -0.202314 0.000000 -0.986693 -0.162594 0.000000 -0.992539 -0.121928 0.000000 -0.996668 -0.081569 0.000000 -0.999170 -0.040733 0.000000 -1.000000 0.000000 0.000000 -0.999170 0.040733 0.000000 -0.996668 0.081569 0.000000 -0.992539 0.121928 0.000000 -0.986693 0.162594 0.000000 -0.979321 0.202314 0.000000 -0.970143 0.242536 0.000000 -0.959603 0.281357 0.000000 -0.947126 0.320861 0.000000 -0.933517 0.358533 0.000000 -0.917798 0.397048 0.000000 -0.901236 0.433330 0.000000 -0.882353 0.470588 0.000000 -0.862973 0.505250 0.000000 -0.842447 0.538780 0.000000 -0.818983 0.573818 0.000000 -0.797281 0.603608 0.000000 -0.769558 0.638577 0.000000 -0.747139 0.664668 0.000000 -0.715025 0.699099 0.000000 -0.692332 0.721579 0.000000 -0.655747 0.754980 0.000000 -0.633204 0.773985 -0.000000 -0.592118 0.805851 -0.000000 -0.570122 0.821560 -0.000000 -0.524558 0.851375 -0.000000 -0.503482 0.864006 -0.000000 -0.453518 0.891247 -0.000000 -0.433698 0.901058 -0.000000 -0.379467 0.925205 -0.000000 -0.361207 0.932486 -0.000000 -0.302898 0.953023 -0.000000 -0.286461 0.958092 -0.000000 -0.224319 0.974516 -0.000000 -0.209927 0.977717 -0.000000 -0.144251 0.989541 -0.000000 -0.132083 0.991239 -0.000000 -0.063226 0.997999 -0.000000 -0.053414 0.998572 -0.000000 0.018219 0.999834 -0.000000 0.025589 0.999673 -0.000000 0.099543 0.995033 -0.000000 0.104432 0.994532 -0.000000 0.180206 0.983629 -0.000000 0.182622 0.983183 -0.000000 0.259673 0.965697 -0.000000 0.259673 0.965697 -0.000000 0.197966 0.980209 -0.000000 0.197966 0.980209 -0.000000 0.162328 0.986737 -0.000000 0.162328 0.986737 -0.000000 0.126476 0.991970 -0.000000 0.126476 0.991970 -0.000000 0.090459 0.995900 -0.000000 0.090459 0.995900 -0.000000 0.054323 0.998523 -0.000000 0.054323 0.998523 -0.000000 0.018116 0.999836 -0.000000 0.018116 0.999836 -0.000000 -0.018116 0.999836 -0.000000 -0.018116 0.999836 -0.000000 -0.054323 0.998523 -0.000000 -0.054323 0.998523 -0.000000 -0.090459 0.995900 -0.000000 -0.090459 0.995900 -0.000000 -0.126476 0.991970 -0.000000 -0.126476 0.991970 -0.000000 -0.162328 0.986737 -0.000000 -0.162328 0.986737 -0.000000 -0.197966 0.980209 -0.000000 -0.197966 0.980209 -0.000000 -0.259673 0.965697 -0.000000 -0.259673 0.965697 -0.000000 -0.180206 0.983629 -0.000000 -0.180206 0.983629 -0.000000 -0.099543 0.995033 -0.000000 -0.099543 0.995033 -0.000000 -0.018219 0.999834 -0.000000 -0.018219 0.999834 -0.000000 0.063226 0.997999 -0.000000 0.063226 0.997999 -0.000000 0.144251 0.989541 -0.000000 0.144251 0.989541 -0.000000 0.224319 0.974516 -0.000000 0.224319 0.974516 -0.000000 0.302898 0.953023 -0.000000 0.302898 0.953023 -0.000000 0.379467 0.925205 -0.000000 0.379467 0.925205 -0.000000 0.453518 0.891247 -0.000000 0.453518 0.891247 -0.000000 0.524558 0.851375 -0.000000 0.524558 0.851375 -0.000000 0.592118 0.805851 -0.000000 0.592118 0.805851 -0.000000 0.655747 0.754980 -0.000000 0.655747 0.754980 -0.000000 0.715025 0.699099 -0.000000 0.715025 0.699099 -0.000000 0.769558 0.638577 -0.000000 0.769558 0.638577 -0.000000 0.818983 0.573818 -0.000000 0.818983 0.573818 -0.000000 0.862973 0.505250 -0.000000 0.862973 0.505250 -0.000000 0.901236 0.433330 -0.000000 0.901236 0.433330 -0.000000 0.933517 0.358533 -0.000000 0.933517 0.358533 -0.000000 0.959603 0.281357 -0.000000 0.959603 0.281357 -0.000000 0.979321 0.202314 -0.000000 0.979321 0.202314 -0.000000 0.992539 0.121928 -0.000000 0.992539 0.121928 -0.000000 0.999170 0.040733 -0.000000 0.999170 0.040733 -0.000000 0.999170 -0.040733 -0.000000 0.999170 -0.040733 -0.000000 0.992539 -0.121928 -0.000000 0.992539 -0.121928 -0.000000 0.979321 -0.202314 -0.000000 0.979321 -0.202314 -0.000000 0.959603 -0.281357 -0.000000 0.959603 -0.281357 -0.000000 0.933517 -0.358533 -0.000000 0.933517 -0.358533 -0.000000 0.901236 -0.433330 -0.000000 0.901236 -0.433330 -0.000000 0.862973 -0.505250 -0.000000 0.862973 -0.505250 -0.000000 0.818983 -0.573818 -0.000000 0.818983 -0.573818 -0.000000 0.769558 -0.638577 -0.000000 0.769558 -0.638577 -0.000000 0.715025 -0.699099 -0.000000 0.715025 -0.699099 -0.000000 0.655747 -0.754980 -0.000000 0.655747 -0.754980 -0.000000 0.592118 -0.805851 0.000000 0.592118 -0.805851 0.000000 0.524558 -0.851375 0.000000 0.524558 -0.851375 0.000000 0.453518 -0.891247 0.000000 0.453518 -0.891247 0.000000 0.379467 -0.925205 0.000000 0.379467 -0.925205 0.000000 0.302898 -0.953023 0.000000 0.302898 -0.953023 0.000000 0.224319 -0.974516 0.000000 0.224319 -0.974516 0.000000 0.144251 -0.989541 0.000000 0.144251 -0.989541 0.000000 0.063226 -0.997999 0.000000 0.063226 -0.997999 0.000000 -0.018219 -0.999834 0.000000 -0.018219 -0.999834 0.000000 -0.099543 -0.995033 0.000000 -0.099543 -0.995033 0.000000 -0.180206 -0.983629 0.000000 -0.180206 -0.983629 0.000000 -0.259673 -0.965697 0.000000 -0.259673 -0.965697 0.000000 -0.193515 -0.981097 0.000000 -0.193515 -0.981097 0.000000 -0.158663 -0.987333 0.000000 -0.158663 -0.987333 0.000000 -0.123611 -0.992331 0.000000 -0.123611 -0.992331 0.000000 -0.088404 -0.996085 0.000000 -0.088404 -0.996085 0.000000 -0.053087 -0.998590 0.000000 -0.053087 -0.998590 0.000000 -0.017703 -0.999843 0.000000 -0.017703 -0.999843 0.000000 0.017703 -0.999843 0.000000 0.017703 -0.999843 0.000000 0.053087 -0.998590 0.000000 0.053087 -0.998590 0.000000 0.088404 -0.996085 0.000000 0.088404 -0.996085 0.000000 0.123611 -0.992331 0.000000 0.123611 -0.992331 0.000000 0.158663 -0.987333 0.000000 0.158663 -0.987333 0.000000 0.193515 -0.981097 0.000000 0.193515 -0.981097 0.000000 0.000000 0.000000 -1.000000 0.000000 0.000000 -1.000000 0.000000 0.000000 -1.000000 0.000000 0.000000 -1.000000 0.000000 0.000000 -1.000000 0.000000 0.000000 -1.000000 0.000000 0.000000 -1.000000 0.000000 0.000000 -1.000000 0.000000 0.000000 -1.000000 0.000000 0.000000 -1.000000 0.000000 0.000000 -1.000000 0.000000 0.000000 -1.000000 0.000000 0.000000 -1.000000 0.000000 0.000000 -1.000000 0.000000 0.000000 -1.000000 0.000000 0.000000 -1.000000 0.000000 0.000000 -1.000000 0.000000 0.000000 -1.000000 0.000000 0.000000 -1.000000 0.000000 0.000000 -1.000000 0.000000 0.000000 -1.000000 0.000000 0.000000 -1.000000 0.000000 0.000000 -1.000000 0.000000 0.000000 -1.000000 0.000000 0.000000 -1.000000 0.000000 0.000000 -1.000000 0.000000 0.000000 -1.000000 0.000000 0.000000 -1.000000 0.000000 0.000000 -1.000000 0.000000 0.000000 -1.000000 0.000000 0.000000 -1.000000 0.000000 0.000000 -1.000000 0.000000 0.000000 -1.000000 0.000000 0.000000 -1.000000 0.000000 0.000000 -1.000000 0.000000 0.000000 -1.000000 0.000000 0.000000 -1.000000 0.000000 0.000000 -1.000000 0.000000 0.000000 -1.000000 0.000000 0.000000 -1.000000 0.000000 0.000000 -1.000000 0.000000 0.000000 -1.000000 0.000000 0.000000 -1.000000 0.000000 0.000000 -1.000000 0.000000 0.000000 -1.000000 0.000000 0.000000 -1.000000 0.000000 0.000000 -1.000000 0.000000 0.000000 -1.000000 0.000000 0.000000 -1.000000 0.000000 0.000000 -1.000000 0.000000 0.000000 -1.000000 0.000000 0.000000 -1.000000 0.000000 0.000000 -1.000000 0.000000 0.000000 -1.000000 0.000000 0.000000 -1.000000 0.000000 0.000000 -1.000000 0.000000 0.000000 -1.000000 0.000000 0.000000 -1.000000 0.000000 0.000000 -1.000000 0.000000 0.000000 -1.000000 0.000000 0.000000 -1.000000 0.000000 0.000000 -1.000000 0.000000 0.000000 -1.000000 0.000000 0.000000 -1.000000 0.000000 0.000000 -1.000000 0.000000 0.000000 -1.000000 0.000000 0.000000 -1.000000 0.000000 0.000000 -1.000000 0.000000 0.000000 -1.000000 0.000000 0.000000 -1.000000 0.000000 0.000000 -1.000000 0.000000 0.000000 -1.000000 0.000000 0.000000 -1.000000 0.000000 0.000000 -1.000000 0.000000 0.000000 -1.000000 0.000000 0.000000 -1.000000 0.000000 0.000000 -1.000000 0.000000 0.000000 -1.000000 0.000000 0.000000 -1.000000 0.000000 0.000000 -1.000000 0.000000 0.000000 -1.000000 0.000000 0.000000 -1.000000 0.000000 0.000000 -1.000000 0.000000 0.000000 -1.000000 0.000000 0.000000 -1.000000 0.000000 0.000000 -1.000000 0.000000 0.000000 -1.000000 0.000000 0.000000 -1.000000 0.000000 0.000000 -1.000000 0.000000 0.000000 -1.000000 0.000000 0.000000 -1.000000 0.000000 0.000000 -1.000000 0.000000 0.000000 -1.000000 0.000000 0.000000 -1.000000 0.000000 0.000000 -1.000000 0.000000 0.000000 -1.000000 0.000000 0.000000 -1.000000 0.000000 0.000000 -1.000000 0.000000 0.000000 -1.000000 0.000000 0.000000 -1.000000 0.000000 0.000000 -1.000000 0.000000 0.000000 -1.000000 0.000000 0.000000 -1.000000 0.000000 0.000000 -1.000000 0.000000 0.000000 -1.000000 0.000000 0.000000 -1.000000 0.000000 0.000000 -1.000000 0.000000 0.000000 -1.000000 0.000000 0.000000 -1.000000 0.000000 0.000000 -1.000000 0.000000 0.000000 -1.000000 0.000000 0.000000 -1.000000 0.000000 0.000000 -1.000000 0.000000 0.000000 -1.000000 0.000000 0.000000 -1.000000 0.000000 0.000000 -1.000000 0.000000 0.000000 -1.000000 0.000000 0.000000 -1.000000 0.000000 0.000000 -1.000000 0.000000 0.000000 -1.000000 0.000000 0.000000 -1.000000 0.000000 0.000000 -1.000000 0.000000 0.000000 -1.000000 0.000000 0.000000 -1.000000 0.000000 0.000000 -1.000000 0.000000 0.000000 -1.000000 0.000000 0.000000 -1.000000 0.000000 0.000000 -1.000000 0.000000 0.000000 -1.000000 0.000000 0.000000 -1.000000 0.000000 0.000000 -1.000000 0.000000 0.000000 -1.000000 0.000000 0.000000 -1.000000 0.000000 0.000000 -1.000000 0.000000 0.000000 -1.000000 0.000000 0.000000 -1.000000 0.000000 0.000000 -1.000000 0.000000 0.000000 -1.000000 0.000000 0.000000 -1.000000 0.000000 0.000000 -1.000000 0.000000 0.000000 -1.000000 0.000000 0.000000 -1.000000 0.000000 0.000000 -1.000000 0.000000 0.000000 -1.000000 0.000000 0.000000 -1.000000 0.000000 0.000000 -1.000000 0.000000 0.000000 -1.000000 0.000000 0.000000 -1.000000 0.000000 0.000000 -1.000000 0.000000 0.000000 -1.000000 0.000000 0.000000 -1.000000 0.000000 0.000000 -1.000000 0.000000 0.000000 -1.000000 0.000000 0.000000 -1.000000 0.000000 0.000000 -1.000000 0.000000 0.000000 -1.000000 0.000000 0.000000 -1.000000 0.000000 0.000000 -1.000000 0.000000 0.000000 -1.000000 0.000000 0.000000 -1.000000 0.000000 0.000000 -1.000000 0.000000 0.000000 -1.000000 0.000000 0.000000 -1.000000 0.000000 0.000000 -1.000000 0.000000 0.000000 -1.000000 0.000000 0.000000 -1.000000 0.000000 0.000000 -1.000000 0.000000 0.000000 -1.000000 0.000000 0.000000 -1.000000 0.000000 0.000000 -1.000000 0.000000 0.000000 -1.000000 0.000000 0.000000 -1.000000 0.000000 0.000000 -1.000000 0.000000 0.000000 -1.000000 0.000000 0.000000 -1.000000 0.000000 0.000000 -1.000000 0.000000 0.000000 -1.000000 0.000000 0.000000 -1.000000 0.000000 0.000000 -1.000000 0.000000 0.000000 -1.000000 0.000000 0.000000 -1.000000 0.000000 0.000000 -1.000000 0.000000 0.000000 -1.000000 0.000000 0.000000 -1.000000 0.000000 0.000000 -1.000000 0.000000 0.000000 -1.000000 0.000000 0.000000 -1.000000 0.000000 0.000000 -1.000000 0.000000 0.000000 -1.000000 0.000000 0.000000 -1.000000 0.000000 0.000000 -1.000000 0.000000 0.000000 -1.000000 0.000000 0.000000 -1.000000 0.000000 0.000000 -1.000000 0.000000 0.000000 -1.000000 0.000000 0.000000 -1.000000 0.000000 0.000000 -1.000000 0.000000 0.000000 -1.000000 0.000000 0.000000 -1.000000 0.000000 0.000000 -1.000000 0.000000 0.000000 -1.000000 0.000000 0.000000 -1.000000 0.000000 0.000000 -1.000000 0.000000 0.000000 -1.000000 0.000000 0.000000 -1.000000 0.000000 0.000000 -1.000000 0.000000 0.000000 -1.000000 0.000000 0.000000 -1.000000 0.000000 0.000000 -1.000000 0.000000 0.000000 -1.000000 0.000000 0.000000 -1.000000 0.000000 0.000000 -1.000000 0.000000 0.000000 -1.000000 0.000000 0.000000 -1.000000 0.000000 0.000000 -1.000000 0.000000 0.000000 -1.000000 0.000000 0.000000 -1.000000 0.000000 0.000000 -1.000000 0.000000 0.000000 -1.000000 0.000000 0.000000 -1.000000 0.000000 0.000000 -1.000000 0.000000 0.000000 -1.000000 0.000000 0.000000 -1.000000 0.000000 0.000000 -1.000000 0.000000 0.000000 -1.000000 0.000000 0.000000 -1.000000 0.000000 0.000000 -1.000000 0.000000 0.000000 -1.000000 0.000000 0.000000 -1.000000 0.000000 0.000000 -1.000000 0.000000 0.000000 -1.000000 0.000000 0.000000 -1.000000 0.000000 0.000000 -1.000000 0.000000 0.000000 -1.000000 0.000000 0.000000 -1.000000 0.000000 0.000000 -1.000000 0.000000 0.000000 -1.000000 0.000000 0.000000 -1.000000 0.000000 0.000000 -1.000000 0.000000 0.000000 -1.000000 0.000000 0.000000 -1.000000 0.000000 0.000000 -1.000000 0.000000 0.000000 -1.000000 0.000000 0.000000 -1.000000 0.000000 0.000000 -1.000000 0.000000 0.000000 -1.000000 0.000000 0.000000 -1.000000 0.000000 0.000000 -1.000000 0.000000 0.000000 -1.000000 0.000000 0.000000 -1.000000 0.000000 0.000000 -1.000000 0.000000 0.000000 -1.000000 0.000000 0.000000 -1.000000 0.000000 0.000000 -1.000000 0.000000 0.000000 -1.000000 0.000000 0.000000 -1.000000 0.000000 0.000000 -1.000000 0.000000 0.000000 -1.000000 0.000000 0.000000 -1.000000 0.000000 0.000000 -1.000000 0.000000 0.000000 -1.000000 0.000000 0.000000 -1.000000 0.000000 0.000000 -1.000000 0.000000 0.000000 -1.000000 0.000000 0.000000 -1.000000 0.000000 0.000000 -1.000000 0.000000 0.000000 -1.000000 0.000000 0.000000 -1.000000 0.000000 0.000000 -1.000000 0.000000 0.000000 -1.000000 0.000000 0.000000 -1.000000 0.000000 0.000000 -1.000000 0.000000 0.000000 -1.000000 0.000000 0.000000 -1.000000 0.000000 0.000000 -1.000000 0.000000 0.000000 -1.000000 0.000000 0.000000 -1.000000 0.000000 0.000000 -1.000000 0.000000 0.000000 -1.000000 0.000000 0.000000 -1.000000 0.000000 0.000000 -1.000000 0.000000 0.000000 -1.000000 0.000000 0.000000 -1.000000 0.000000 0.000000 -1.000000 0.000000 0.000000 -1.000000 0.000000 0.000000 -1.000000 0.000000 0.000000 -1.000000 0.000000 0.000000 -1.000000 0.000000 0.000000 -1.000000 0.000000 0.000000 -1.000000 0.000000 0.000000 -1.000000 0.000000 0.000000 -1.000000 0.000000 0.000000 -1.000000 0.000000 0.000000 -1.000000 0.000000 0.000000 -1.000000 0.000000 0.000000 -1.000000 0.000000 0.000000 -1.000000 0.000000 0.000000 -1.000000 0.000000 0.000000 -1.000000 0.000000 0.000000 -1.000000 0.000000 0.000000 -1.000000 0.000000 0.000000 -1.000000 0.000000 0.000000 -1.000000 0.000000 0.000000 -1.000000 0.000000 0.000000 -1.000000 0.000000 0.000000 -1.000000 0.000000 0.000000 -1.000000 0.000000 0.000000 -1.000000 0.000000 0.000000 -1.000000 0.000000 0.000000 -1.000000 0.000000 0.000000 -1.000000 0.000000 0.000000 -1.000000 0.000000 0.000000 -1.000000 0.000000 0.000000 -1.000000 0.000000 0.000000 -1.000000 0.000000 0.000000 -1.000000 0.000000 0.000000 -1.000000 0.000000 0.000000 -1.000000 0.000000 0.000000 -1.000000 0.000000 0.000000 -1.000000 0.000000 0.000000 -1.000000 0.000000 0.000000 -1.000000 0.000000 0.000000 -1.000000 0.000000 0.000000 -1.000000 0.193515 -0.981097 0.000000 0.193515 -0.981097 0.000000 0.158663 -0.987333 0.000000 0.158663 -0.987333 0.000000 0.123611 -0.992331 0.000000 0.123611 -0.992331 0.000000 0.088404 -0.996085 0.000000 0.088404 -0.996085 0.000000 0.053087 -0.998590 0.000000 0.053087 -0.998590 0.000000 0.017703 -0.999843 0.000000 0.017703 -0.999843 0.000000 -0.017703 -0.999843 0.000000 -0.017703 -0.999843 0.000000 -0.053087 -0.998590 0.000000 -0.053087 -0.998590 0.000000 -0.088404 -0.996085 0.000000 -0.088404 -0.996085 0.000000 -0.123611 -0.992331 0.000000 -0.123611 -0.992331 0.000000 -0.158663 -0.987333 0.000000 -0.158663 -0.987333 0.000000 -0.193515 -0.981097 0.000000 -0.193515 -0.981097 0.000000 -0.259673 -0.965697 0.000000 -0.259673 -0.965697 0.000000 -0.180206 -0.983629 0.000000 -0.180206 -0.983629 0.000000 -0.099543 -0.995033 0.000000 -0.099543 -0.995033 0.000000 -0.018219 -0.999834 0.000000 -0.018219 -0.999834 0.000000 0.063226 -0.997999 0.000000 0.063226 -0.997999 0.000000 0.144251 -0.989541 0.000000 0.144251 -0.989541 0.000000 0.224319 -0.974516 0.000000 0.224319 -0.974516 0.000000 0.302898 -0.953023 0.000000 0.302898 -0.953023 0.000000 0.379467 -0.925205 0.000000 0.379467 -0.925205 0.000000 0.453518 -0.891247 0.000000 0.453518 -0.891247 0.000000 0.524558 -0.851375 0.000000 0.524558 -0.851375 0.000000 0.592118 -0.805851 0.000000 0.592118 -0.805851 0.000000 0.655747 -0.754980 -0.000000 0.655747 -0.754980 -0.000000 0.715025 -0.699099 -0.000000 0.715025 -0.699099 -0.000000 0.769558 -0.638577 -0.000000 0.769558 -0.638577 -0.000000 0.818983 -0.573818 -0.000000 0.818983 -0.573818 -0.000000 0.862973 -0.505250 -0.000000 0.862973 -0.505250 -0.000000 0.901236 -0.433330 -0.000000 0.901236 -0.433330 -0.000000 0.933517 -0.358533 -0.000000 0.933517 -0.358533 -0.000000 0.959603 -0.281357 -0.000000 0.959603 -0.281357 -0.000000 0.979321 -0.202314 -0.000000 0.979321 -0.202314 -0.000000 0.992539 -0.121928 -0.000000 0.992539 -0.121928 -0.000000 0.999170 -0.040733 -0.000000 0.999170 -0.040733 -0.000000 0.999170 0.040733 -0.000000 0.999170 0.040733 -0.000000 0.992539 0.121928 -0.000000 0.992539 0.121928 -0.000000 0.979321 0.202314 -0.000000 0.979321 0.202314 -0.000000 0.959603 0.281357 -0.000000 0.959603 0.281357 -0.000000 0.933517 0.358533 -0.000000 0.933517 0.358533 -0.000000 0.901236 0.433330 -0.000000 0.901236 0.433330 -0.000000 0.862973 0.505250 -0.000000 0.862973 0.505250 -0.000000 0.818983 0.573818 -0.000000 0.818983 0.573818 -0.000000 0.769558 0.638577 -0.000000 0.769558 0.638577 -0.000000 0.715025 0.699099 -0.000000 0.715025 0.699099 -0.000000 0.655747 0.754980 -0.000000 0.655747 0.754980 -0.000000 0.592118 0.805851 -0.000000 0.592118 0.805851 -0.000000 0.524558 0.851375 -0.000000 0.524558 0.851375 -0.000000 0.453518 0.891247 -0.000000 0.453518 0.891247 -0.000000 0.379467 0.925205 -0.000000 0.379467 0.925205 -0.000000 0.302898 0.953023 -0.000000 0.302898 0.953023 -0.000000 0.224319 0.974516 -0.000000 0.224319 0.974516 -0.000000 0.144251 0.989541 -0.000000 0.144251 0.989541 -0.000000 0.063226 0.997999 -0.000000 0.063226 0.997999 -0.000000 -0.018219 0.999834 -0.000000 -0.018219 0.999834 -0.000000 -0.099543 0.995033 -0.000000 -0.099543 0.995033 -0.000000 -0.180206 0.983629 -0.000000 -0.180206 0.983629 -0.000000 -0.259673 0.965697 -0.000000 -0.259673 0.965697 -0.000000 -0.197966 0.980209 -0.000000 -0.197966 0.980209 -0.000000 -0.162328 0.986737 -0.000000 -0.162328 0.986737 -0.000000 -0.126476 0.991970 -0.000000 -0.126476 0.991970 -0.000000 -0.090459 0.995900 -0.000000 -0.090459 0.995900 -0.000000 -0.054323 0.998523 -0.000000 -0.054323 0.998523 -0.000000 -0.018116 0.999836 -0.000000 -0.018116 0.999836 -0.000000 0.018116 0.999836 -0.000000 0.018116 0.999836 -0.000000 0.054323 0.998523 -0.000000 0.054323 0.998523 -0.000000 0.090459 0.995900 -0.000000 0.090459 0.995900 -0.000000 0.126476 0.991970 -0.000000 0.126476 0.991970 -0.000000 0.162328 0.986737 -0.000000 0.162328 0.986737 -0.000000 0.197966 0.980209 -0.000000 0.197966 0.980209 -0.000000 0.258819 -0.965926 0.000000 0.258819 -0.965926 0.000000 0.000000 -1.000000 0.000000 0.000000 -1.000000 0.000000 -0.258819 -0.965926 0.000000 -0.258819 -0.965926 0.000000 -0.500000 -0.866025 0.000000 -0.500000 -0.866025 0.000000 -0.707107 -0.707107 0.000000 -0.707107 -0.707107 0.000000 -0.866025 -0.500000 0.000000 -0.866025 -0.500000 0.000000 -0.965926 -0.258819 0.000000 -0.965926 -0.258819 0.000000 -1.000000 0.000000 0.000000 -1.000000 0.000000 0.000000 -0.965926 0.258819 0.000000 -0.965926 0.258819 0.000000 -0.866025 0.500000 0.000000 -0.866025 0.500000 0.000000 -0.707107 0.707107 0.000000 -0.707107 0.707107 0.000000 -0.500000 0.866025 -0.000000 -0.500000 0.866025 -0.000000 -0.258819 0.965926 -0.000000 -0.258819 0.965926 -0.000000 -0.000000 1.000000 -0.000000 -0.000000 1.000000 -0.000000 0.258819 0.965926 -0.000000 0.258819 0.965926 -0.000000 0.500000 0.866025 -0.000000 0.500000 0.866025 -0.000000 0.707107 0.707107 -0.000000 0.707107 0.707107 -0.000000 0.866025 0.500000 -0.000000 0.866025 0.500000 -0.000000 0.965926 0.258819 -0.000000 0.965926 0.258819 -0.000000 1.000000 -0.000000 -0.000000 1.000000 -0.000000 -0.000000 0.965926 -0.258819 -0.000000 0.965926 -0.258819 -0.000000 0.866025 -0.500000 -0.000000 0.866025 -0.500000 -0.000000 0.707107 -0.707107 -0.000000 0.707107 -0.707107 -0.000000 0.500000 -0.866025 0.000000 0.500000 -0.866025 0.000000 0.258819 -0.965926 0.000000 0.258819 -0.965926 0.000000 0.000000 -1.000000 0.000000 0.000000 -1.000000 0.000000 -0.258819 -0.965926 0.000000 -0.258819 -0.965926 0.000000 -0.500000 -0.866025 0.000000 -0.500000 -0.866025 0.000000 -0.707107 -0.707107 0.000000 -0.707107 -0.707107 0.000000 -0.866025 -0.500000 0.000000 -0.866025 -0.500000 0.000000 -0.965926 -0.258819 0.000000 -0.965926 -0.258819 0.000000 -1.000000 0.000000 0.000000 -1.000000 0.000000 0.000000 -0.965926 0.258819 0.000000 -0.965926 0.258819 0.000000 -0.866025 0.500000 0.000000 -0.866025 0.500000 0.000000 -0.707107 0.707107 0.000000 -0.707107 0.707107 0.000000 -0.500000 0.866025 -0.000000 -0.500000 0.866025 -0.000000 -0.258819 0.965926 -0.000000 -0.258819 0.965926 -0.000000 -0.000000 1.000000 -0.000000 -0.000000 1.000000 -0.000000 0.258819 0.965926 -0.000000 0.258819 0.965926 -0.000000 0.500000 0.866025 -0.000000 0.500000 0.866025 -0.000000 0.707107 0.707107 -0.000000 0.707107 0.707107 -0.000000 0.866025 0.500000 -0.000000 0.866025 0.500000 -0.000000 0.965926 0.258819 -0.000000 0.965926 0.258819 -0.000000 1.000000 -0.000000 -0.000000 1.000000 -0.000000 -0.000000 0.965926 -0.258819 -0.000000 0.965926 -0.258819 -0.000000 0.866025 -0.500000 -0.000000 0.866025 -0.500000 -0.000000 0.707107 -0.707107 -0.000000 0.707107 -0.707107 -0.000000 0.500000 -0.866025 0.000000 0.500000 -0.866025 0.000000 0.258819 -0.965926 0.000000 0.258819 -0.965926 0.000000 0.000000 -1.000000 0.000000 0.000000 -1.000000 0.000000 -0.258819 -0.965926 0.000000 -0.258819 -0.965926 0.000000 -0.500000 -0.866025 0.000000 -0.500000 -0.866025 0.000000 -0.707107 -0.707107 0.000000 -0.707107 -0.707107 0.000000 -0.866025 -0.500000 0.000000 -0.866025 -0.500000 0.000000 -0.965926 -0.258819 0.000000 -0.965926 -0.258819 0.000000 -1.000000 0.000000 0.000000 -1.000000 0.000000 0.000000 -0.965926 0.258819 0.000000 -0.965926 0.258819 0.000000 -0.866025 0.500000 0.000000 -0.866025 0.500000 0.000000 -0.707107 0.707107 0.000000 -0.707107 0.707107 0.000000 -0.500000 0.866025 -0.000000 -0.500000 0.866025 -0.000000 -0.258819 0.965926 -0.000000 -0.258819 0.965926 -0.000000 -0.000000 1.000000 -0.000000 -0.000000 1.000000 -0.000000 0.258819 0.965926 -0.000000 0.258819 0.965926 -0.000000 0.500000 0.866025 -0.000000 0.500000 0.866025 -0.000000 0.707107 0.707107 -0.000000 0.707107 0.707107 -0.000000 0.866025 0.500000 -0.000000 0.866025 0.500000 -0.000000 0.965926 0.258819 -0.000000 0.965926 0.258819 -0.000000 1.000000 -0.000000 -0.000000 1.000000 -0.000000 -0.000000 0.965926 -0.258819 -0.000000 0.965926 -0.258819 -0.000000 0.866025 -0.500000 -0.000000 0.866025 -0.500000 -0.000000 0.707107 -0.707107 -0.000000 0.707107 -0.707107 -0.000000 0.500000 -0.866025 0.000000 0.500000 -0.866025 0.000000 0.258819 -0.965926 0.000000 0.258819 -0.965926 0.000000 0.000000 -1.000000 0.000000 0.000000 -1.000000 0.000000 -0.258819 -0.965926 0.000000 -0.258819 -0.965926 0.000000 -0.500000 -0.866025 0.000000 -0.500000 -0.866025 0.000000 -0.707107 -0.707107 0.000000 -0.707107 -0.707107 0.000000 -0.866025 -0.500000 0.000000 -0.866025 -0.500000 0.000000 -0.965926 -0.258819 0.000000 -0.965926 -0.258819 0.000000 -1.000000 0.000000 0.000000 -1.000000 0.000000 0.000000 -0.965926 0.258819 0.000000 -0.965926 0.258819 0.000000 -0.866025 0.500000 0.000000 -0.866025 0.500000 0.000000 -0.707107 0.707107 0.000000 -0.707107 0.707107 0.000000 -0.500000 0.866025 -0.000000 -0.500000 0.866025 -0.000000 -0.258819 0.965926 -0.000000 -0.258819 0.965926 -0.000000 -0.000000 1.000000 -0.000000 -0.000000 1.000000 -0.000000 0.258819 0.965926 -0.000000 0.258819 0.965926 -0.000000 0.500000 0.866025 -0.000000 0.500000 0.866025 -0.000000 0.707107 0.707107 -0.000000 0.707107 0.707107 -0.000000 0.866025 0.500000 -0.000000 0.866025 0.500000 -0.000000 0.965926 0.258819 -0.000000 0.965926 0.258819 -0.000000 1.000000 -0.000000 -0.000000 1.000000 -0.000000 -0.000000 0.965926 -0.258819 -0.000000 0.965926 -0.258819 -0.000000 0.866025 -0.500000 -0.000000 0.866025 -0.500000 -0.000000 0.707107 -0.707107 -0.000000 0.707107 -0.707107 -0.000000 0.500000 -0.866025 0.000000 0.500000 -0.866025 0.000000 0.258819 -0.965926 0.000000 0.258819 -0.965926 0.000000 0.000000 -1.000000 0.000000 0.000000 -1.000000 0.000000 -0.258819 -0.965926 0.000000 -0.258819 -0.965926 0.000000 -0.500000 -0.866025 0.000000 -0.500000 -0.866025 0.000000 -0.707107 -0.707107 0.000000 -0.707107 -0.707107 0.000000 -0.866025 -0.500000 0.000000 -0.866025 -0.500000 0.000000 -0.965926 -0.258819 0.000000 -0.965926 -0.258819 0.000000 -1.000000 0.000000 0.000000 -1.000000 0.000000 0.000000 -0.965926 0.258819 0.000000 -0.965926 0.258819 0.000000 -0.866025 0.500000 0.000000 -0.866025 0.500000 0.000000 -0.707107 0.707107 0.000000 -0.707107 0.707107 0.000000 -0.500000 0.866025 -0.000000 -0.500000 0.866025 -0.000000 -0.258819 0.965926 -0.000000 -0.258819 0.965926 -0.000000 -0.000000 1.000000 -0.000000 -0.000000 1.000000 -0.000000 0.258819 0.965926 -0.000000 0.258819 0.965926 -0.000000 0.500000 0.866025 -0.000000 0.500000 0.866025 -0.000000 0.707107 0.707107 -0.000000 0.707107 0.707107 -0.000000 0.866025 0.500000 -0.000000 0.866025 0.500000 -0.000000 0.965926 0.258819 -0.000000 0.965926 0.258819 -0.000000 1.000000 -0.000000 -0.000000 1.000000 -0.000000 -0.000000 0.965926 -0.258819 -0.000000 0.965926 -0.258819 -0.000000 0.866025 -0.500000 -0.000000 0.866025 -0.500000 -0.000000 0.707107 -0.707107 -0.000000 0.707107 -0.707107 -0.000000 0.500000 -0.866025 0.000000 0.500000 -0.866025 0.000000 0.258819 -0.965926 0.000000 0.258819 -0.965926 0.000000 0.000000 -1.000000 0.000000 0.000000 -1.000000 0.000000 -0.258819 -0.965926 0.000000 -0.258819 -0.965926 0.000000 -0.500000 -0.866025 0.000000 -0.500000 -0.866025 0.000000 -0.707107 -0.707107 0.000000 -0.707107 -0.707107 0.000000 -0.866025 -0.500000 0.000000 -0.866025 -0.500000 0.000000 -0.965926 -0.258819 0.000000 -0.965926 -0.258819 0.000000 -1.000000 0.000000 0.000000 -1.000000 0.000000 0.000000 -0.965926 0.258819 0.000000 -0.965926 0.258819 0.000000 -0.866025 0.500000 0.000000 -0.866025 0.500000 0.000000 -0.707107 0.707107 0.000000 -0.707107 0.707107 0.000000 -0.500000 0.866025 -0.000000 -0.500000 0.866025 -0.000000 -0.258819 0.965926 -0.000000 -0.258819 0.965926 -0.000000 -0.000000 1.000000 -0.000000 -0.000000 1.000000 -0.000000 0.258819 0.965926 -0.000000 0.258819 0.965926 -0.000000 0.500000 0.866025 -0.000000 0.500000 0.866025 -0.000000 0.707107 0.707107 -0.000000 0.707107 0.707107 -0.000000 0.866025 0.500000 -0.000000 0.866025 0.500000 -0.000000 0.965926 0.258819 -0.000000 0.965926 0.258819 -0.000000 1.000000 -0.000000 -0.000000 1.000000 -0.000000 -0.000000 0.965926 -0.258819 -0.000000 0.965926 -0.258819 -0.000000 0.866025 -0.500000 -0.000000 0.866025 -0.500000 -0.000000 0.707107 -0.707107 -0.000000 0.707107 -0.707107 -0.000000 0.500000 -0.866025 0.000000 0.500000 -0.866025 0.000000 -0.842447 -0.538780 0.000000 -0.862973 -0.505250 0.000000 -0.882353 -0.470588 0.000000 -0.901236 -0.433330 0.000000 -0.917798 -0.397048 0.000000 -0.933517 -0.358533 0.000000 -0.947126 -0.320861 0.000000 -0.959603 -0.281357 0.000000 -0.970143 -0.242536 0.000000 -0.979321 -0.202314 0.000000 -0.986693 -0.162594 0.000000 -0.992539 -0.121928 0.000000 -0.996668 -0.081569 0.000000 -0.999170 -0.040733 0.000000 -1.000000 0.000000 0.000000 -0.999170 0.040733 0.000000 -0.996668 0.081569 0.000000 -0.992539 0.121928 0.000000 -0.986693 0.162594 0.000000 -0.979321 0.202314 0.000000 -0.970143 0.242536 0.000000 -0.959603 0.281357 0.000000 -0.947126 0.320861 0.000000 -0.933517 0.358533 0.000000 -0.917798 0.397048 0.000000 -0.901236 0.433330 0.000000 -0.882353 0.470588 0.000000 -0.862973 0.505250 0.000000 -0.842447 0.538780 0.000000 -0.818983 0.573818 0.000000 -0.797281 0.603608 0.000000 -0.769558 0.638577 0.000000 -0.747139 0.664668 0.000000 -0.715025 0.699099 0.000000 -0.692332 0.721579 0.000000 -0.655747 0.754980 0.000000 -0.633204 0.773985 -0.000000 -0.592118 0.805851 -0.000000 -0.570122 0.821560 -0.000000 -0.524558 0.851375 -0.000000 -0.503482 0.864006 -0.000000 -0.453518 0.891247 -0.000000 -0.433698 0.901058 -0.000000 -0.379467 0.925205 -0.000000 -0.361207 0.932486 -0.000000 -0.302898 0.953023 -0.000000 -0.286461 0.958092 -0.000000 -0.224319 0.974516 -0.000000 -0.209927 0.977717 -0.000000 -0.144251 0.989541 -0.000000 -0.132083 0.991239 -0.000000 -0.063226 0.997999 -0.000000 -0.053414 0.998572 -0.000000 0.018219 0.999834 -0.000000 0.025589 0.999673 -0.000000 0.099543 0.995033 -0.000000 0.104432 0.994532 -0.000000 0.180206 0.983629 -0.000000 0.182622 0.983183 -0.000000 0.259673 0.965697 -0.000000 0.259673 0.965697 -0.000000 -0.818983 -0.573818 0.000000 -0.797281 -0.603608 0.000000 -0.769558 -0.638577 0.000000 -0.747139 -0.664668 0.000000 -0.715025 -0.699099 0.000000 -0.692332 -0.721579 0.000000 -0.655747 -0.754980 0.000000 -0.633204 -0.773985 0.000000 -0.592118 -0.805851 0.000000 -0.570122 -0.821560 0.000000 -0.524558 -0.851375 0.000000 -0.503482 -0.864006 0.000000 -0.453518 -0.891247 0.000000 -0.433698 -0.901058 0.000000 -0.379467 -0.925205 0.000000 -0.361207 -0.932486 0.000000 -0.302898 -0.953023 0.000000 -0.286461 -0.958092 0.000000 -0.224319 -0.974516 0.000000 -0.209927 -0.977717 0.000000 -0.144251 -0.989541 0.000000 -0.132083 -0.991239 0.000000 -0.063226 -0.997999 0.000000 -0.053414 -0.998572 0.000000 0.018219 -0.999834 0.000000 0.025589 -0.999673 0.000000 0.099543 -0.995033 0.000000 0.104432 -0.994532 0.000000 0.180206 -0.983629 0.000000 0.182622 -0.983183 0.000000 0.259673 -0.965697 0.000000 0.259673 -0.965697 0.000000 0.258819 -0.965926 0.000000 0.258819 -0.965926 0.000000 0.000000 -1.000000 0.000000 0.000000 -1.000000 0.000000 -0.258819 -0.965926 0.000000 -0.258819 -0.965926 0.000000 -0.500000 -0.866025 0.000000 -0.500000 -0.866025 0.000000 -0.707107 -0.707107 0.000000 -0.707107 -0.707107 0.000000 -0.866025 -0.500000 0.000000 -0.866025 -0.500000 0.000000 -0.965926 -0.258819 0.000000 -0.965926 -0.258819 0.000000 -1.000000 0.000000 0.000000 -1.000000 0.000000 0.000000 -0.965926 0.258819 0.000000 -0.965926 0.258819 0.000000 -0.866025 0.500000 0.000000 -0.866025 0.500000 0.000000 -0.707107 0.707107 0.000000 -0.707107 0.707107 0.000000 -0.500000 0.866025 -0.000000 -0.500000 0.866025 -0.000000 -0.258819 0.965926 -0.000000 -0.258819 0.965926 -0.000000 -0.000000 1.000000 -0.000000 -0.000000 1.000000 -0.000000 0.258819 0.965926 -0.000000 0.258819 0.965926 -0.000000 0.500000 0.866025 -0.000000 0.500000 0.866025 -0.000000 0.707107 0.707107 -0.000000 0.707107 0.707107 -0.000000 0.866025 0.500000 -0.000000 0.866025 0.500000 -0.000000 0.965926 0.258819 -0.000000 0.965926 0.258819 -0.000000 1.000000 -0.000000 -0.000000 1.000000 -0.000000 -0.000000 0.965926 -0.258819 -0.000000 0.965926 -0.258819 -0.000000 0.866025 -0.500000 -0.000000 0.866025 -0.500000 -0.000000 0.707107 -0.707107 -0.000000 0.707107 -0.707107 -0.000000 0.500000 -0.866025 0.000000 0.500000 -0.866025 0.000000 -0.000000 -0.000000 1.000000 -0.000000 -0.000000 1.000000 -0.000000 -0.000000 1.000000 -0.000000 -0.000000 1.000000 -0.000000 -0.000000 1.000000 -0.000000 -0.000000 1.000000 -0.000000 -0.000000 1.000000 -0.000000 -0.000000 1.000000 -0.000000 -0.000000 1.000000 -0.000000 -0.000000 1.000000 -0.000000 -0.000000 1.000000 -0.000000 -0.000000 1.000000 -0.000000 -0.000000 1.000000 -0.000000 -0.000000 1.000000 -0.000000 -0.000000 1.000000 -0.000000 -0.000000 1.000000 -0.000000 -0.000000 1.000000 -0.000000 -0.000000 1.000000 -0.000000 -0.000000 1.000000 -0.000000 -0.000000 1.000000 -0.000000 -0.000000 1.000000 -0.000000 -0.000000 1.000000 -0.000000 -0.000000 1.000000 -0.000000 -0.000000 1.000000 -0.000000 -0.000000 1.000000 -0.000000 -0.000000 1.000000 -0.000000 -0.000000 1.000000 -0.000000 -0.000000 1.000000 -0.000000 -0.000000 1.000000 -0.000000 -0.000000 1.000000 -0.000000 -0.000000 1.000000 -0.000000 -0.000000 1.000000 -0.000000 -0.000000 1.000000 -0.000000 -0.000000 1.000000 -0.000000 -0.000000 1.000000 -0.000000 -0.000000 1.000000 -0.000000 -0.000000 1.000000 -0.000000 -0.000000 1.000000 -0.000000 -0.000000 1.000000 -0.000000 -0.000000 1.000000 -0.000000 -0.000000 1.000000 -0.000000 -0.000000 1.000000 -0.000000 -0.000000 1.000000 -0.000000 -0.000000 1.000000 -0.000000 -0.000000 1.000000 -0.000000 -0.000000 1.000000 -0.000000 -0.000000 1.000000 -0.000000 -0.000000 1.000000 -0.000000 -0.000000 1.000000 -0.000000 -0.000000 1.000000 -0.000000 -0.000000 1.000000 -0.000000 -0.000000 1.000000 -0.000000 -0.000000 1.000000 -0.000000 -0.000000 1.000000 -0.000000 -0.000000 1.000000 -0.000000 -0.000000 1.000000 -0.000000 -0.000000 1.000000 -0.000000 -0.000000 1.000000 -0.000000 -0.000000 1.000000 -0.000000 -0.000000 1.000000 -0.000000 -0.000000 1.000000 -0.000000 -0.000000 1.000000 -0.000000 -0.000000 1.000000 -0.000000 -0.000000 1.000000 -0.000000 -0.000000 1.000000 -0.000000 -0.000000 1.000000 -0.000000 -0.000000 1.000000 -0.000000 -0.000000 1.000000 -0.000000 -0.000000 1.000000 -0.000000 -0.000000 1.000000 -0.000000 -0.000000 1.000000 -0.000000 -0.000000 1.000000 -0.000000 -0.000000 1.000000 -0.000000 -0.000000 1.000000 -0.000000 -0.000000 1.000000 -0.000000 -0.000000 1.000000 -0.000000 -0.000000 1.000000 -0.000000 -0.000000 1.000000 -0.000000 -0.000000 1.000000 -0.000000 -0.000000 1.000000 -0.000000 -0.000000 1.000000 -0.000000 -0.000000 1.000000 -0.000000 -0.000000 1.000000 -0.000000 -0.000000 1.000000 -0.000000 -0.000000 1.000000 -0.000000 -0.000000 1.000000 -0.000000 -0.000000 1.000000 -0.000000 -0.000000 1.000000 -0.000000 -0.000000 1.000000 -0.000000 -0.000000 1.000000 -0.000000 -0.000000 1.000000 -0.000000 -0.000000 1.000000 -0.000000 -0.000000 1.000000 -0.000000 -0.000000 1.000000 -0.000000 -0.000000 1.000000 -0.000000 -0.000000 1.000000 -0.000000 -0.000000 1.000000 -0.000000 -0.000000 1.000000 -0.000000 -0.000000 1.000000 -0.000000 -0.000000 1.000000 -0.000000 -0.000000 1.000000 -0.000000 -0.000000 1.000000 -0.000000 -0.000000 1.000000 -0.000000 -0.000000 1.000000 -0.000000 -0.000000 1.000000 -0.000000 -0.000000 1.000000 -0.000000 -0.000000 1.000000 -0.000000 -0.000000 1.000000 -0.000000 -0.000000 1.000000 -0.000000 -0.000000 1.000000 -0.000000 -0.000000 1.000000 -0.000000 -0.000000 1.000000 -0.000000 -0.000000 1.000000 -0.000000 -0.000000 1.000000 -0.000000 -0.000000 1.000000 -0.000000 -0.000000 1.000000 -0.000000 -0.000000 1.000000 -0.000000 -0.000000 1.000000 -0.000000 -0.000000 1.000000 -0.000000 -0.000000 1.000000 -0.000000 -0.000000 1.000000 -0.000000 -0.000000 1.000000 -0.000000 -0.000000 1.000000 -0.000000 -0.000000 1.000000 -0.000000 -0.000000 1.000000 -0.000000 -0.000000 1.000000 -0.000000 -0.000000 1.000000 -0.000000 -0.000000 1.000000 -0.000000 -0.000000 1.000000 -0.000000 -0.000000 1.000000 -0.000000 -0.000000 1.000000 -0.000000 -0.000000 1.000000 -0.000000 -0.000000 1.000000 -0.000000 -0.000000 1.000000 -0.000000 -0.000000 1.000000 -0.000000 -0.000000 1.000000 -0.000000 -0.000000 1.000000 -0.000000 -0.000000 1.000000 -0.000000 -0.000000 1.000000 -0.000000 -0.000000 1.000000 -0.000000 -0.000000 1.000000 -0.000000 -0.000000 1.000000 -0.000000 -0.000000 1.000000 -0.000000 -0.000000 1.000000 -0.000000 -0.000000 1.000000 -0.000000 -0.000000 1.000000 -0.000000 -0.000000 1.000000 -0.000000 -0.000000 1.000000 -0.000000 -0.000000 1.000000 -0.000000 -0.000000 1.000000 -0.000000 -0.000000 1.000000 -0.000000 -0.000000 1.000000 -0.000000 -0.000000 1.000000 -0.000000 -0.000000 1.000000 -0.000000 -0.000000 1.000000 -0.000000 -0.000000 1.000000 -0.000000 -0.000000 1.000000 -0.000000 -0.000000 1.000000 -0.000000 -0.000000 1.000000 -0.000000 -0.000000 1.000000 -0.000000 -0.000000 1.000000 -0.000000 -0.000000 1.000000 -0.000000 -0.000000 1.000000 -0.000000 -0.000000 1.000000 -0.000000 -0.000000 1.000000 -0.000000 -0.000000 1.000000 -0.000000 -0.000000 1.000000 -0.000000 -0.000000 1.000000 -0.000000 -0.000000 1.000000 -0.000000 -0.000000 1.000000 -0.000000 -0.000000 1.000000 -0.000000 -0.000000 1.000000 -0.000000 -0.000000 1.000000 -0.000000 -0.000000 1.000000 -0.000000 -0.000000 1.000000 -0.000000 -0.000000 1.000000 -0.000000 -0.000000 1.000000 -0.000000 -0.000000 1.000000 -0.000000 -0.000000 1.000000 -0.000000 -0.000000 1.000000 -0.000000 -0.000000 1.000000 -0.000000 -0.000000 1.000000 -0.000000 -0.000000 1.000000 -0.000000 -0.000000 1.000000 -0.000000 -0.000000 1.000000 -0.000000 -0.000000 1.000000 -0.000000 -0.000000 1.000000 -0.000000 -0.000000 1.000000 -0.000000 -0.000000 1.000000 -0.000000 -0.000000 1.000000 -0.000000 -0.000000 1.000000 -0.000000 -0.000000 1.000000 -0.000000 -0.000000 1.000000 -0.000000 -0.000000 1.000000 -0.000000 -0.000000 1.000000 -0.000000 -0.000000 1.000000 -0.000000 -0.000000 1.000000 -0.000000 -0.000000 1.000000 -0.000000 -0.000000 1.000000 -0.000000 -0.000000 1.000000 -0.000000 -0.000000 1.000000 -0.000000 -0.000000 1.000000 -0.000000 -0.000000 1.000000 -0.000000 -0.000000 1.000000 -0.000000 -0.000000 1.000000 -0.000000 -0.000000 1.000000 -0.000000 -0.000000 1.000000 -0.000000 -0.000000 1.000000 -0.000000 -0.000000 1.000000 -0.000000 -0.000000 1.000000 -0.000000 -0.000000 1.000000 -0.000000 -0.000000 1.000000 -0.000000 -0.000000 1.000000 -0.000000 -0.000000 1.000000 -0.000000 -0.000000 1.000000 -0.000000 -0.000000 1.000000 -0.000000 -0.000000 1.000000 -0.000000 -0.000000 1.000000 -0.000000 -0.000000 1.000000 -0.000000 -0.000000 1.000000 -0.000000 -0.000000 1.000000 -0.000000 -0.000000 1.000000 -0.000000 -0.000000 1.000000 -0.000000 -0.000000 1.000000 -0.000000 -0.000000 1.000000 -0.000000 -0.000000 1.000000 -0.000000 -0.000000 1.000000 -0.000000 -0.000000 1.000000 -0.000000 -0.000000 1.000000 -0.000000 -0.000000 1.000000 -0.000000 -0.000000 1.000000 -0.000000 -0.000000 1.000000 -0.000000 -0.000000 1.000000 -0.000000 -0.000000 1.000000 -0.000000 -0.000000 1.000000 -0.000000 -0.000000 1.000000 -0.000000 -0.000000 1.000000 -0.000000 -0.000000 1.000000 -0.000000 -0.000000 1.000000 -0.000000 -0.000000 1.000000 -0.000000 -0.000000 1.000000 -0.000000 -0.000000 1.000000 -0.000000 -0.000000 1.000000 -0.000000 -0.000000 1.000000 -0.000000 -0.000000 1.000000 -0.000000 -0.000000 1.000000 -0.000000 -0.000000 1.000000 -0.000000 -0.000000 1.000000 -0.000000 -0.000000 1.000000 -0.000000 -0.000000 1.000000 -0.000000 -0.000000 1.000000 -0.000000 -0.000000 1.000000 -0.000000 -0.000000 1.000000 -0.000000 -0.000000 1.000000 -0.000000 -0.000000 1.000000 -0.000000 -0.000000 1.000000 -0.000000 -0.000000 1.000000 -0.000000 -0.000000 1.000000 -0.000000 -0.000000 1.000000 -0.000000 -0.000000 1.000000 -0.000000 -0.000000 1.000000 -0.000000 -0.000000 1.000000 -0.000000 -0.000000 1.000000 -0.000000 -0.000000 1.000000 -0.000000 -0.000000 1.000000 -0.000000 -0.000000 1.000000 -0.000000 -0.000000 1.000000 -0.000000 -0.000000 1.000000 -0.000000 -0.000000 1.000000 -0.000000 -0.000000 1.000000 -0.000000 -0.000000 1.000000 -0.000000 -0.000000 1.000000 -0.000000 -0.000000 1.000000 -0.000000 -0.000000 1.000000 -0.000000 -0.000000 1.000000 -0.000000 -0.000000 1.000000 -0.000000 -0.000000 1.000000 -0.000000 -0.000000 1.000000 -0.000000 -0.000000 1.000000 -0.000000 -0.000000 1.000000 -0.000000 -0.000000 1.000000 -0.000000 -0.000000 1.000000 -0.000000 -0.000000 1.000000 -0.000000 -0.000000 1.000000 -0.000000 -0.000000 1.000000 -0.000000 -0.000000 1.000000 -0.000000 -0.000000 1.000000 -0.000000 -0.000000 1.000000 -0.000000 -0.000000 1.000000 -0.000000 -0.000000 1.000000 -0.000000 -0.000000 1.000000 -0.000000 -0.000000 1.000000 -0.000000 -0.000000 1.000000 -0.000000 -0.000000 1.000000 -0.000000 -0.000000 1.000000 -0.000000 -0.000000 1.000000 -0.000000 -0.000000 1.000000 -0.000000 -0.000000 1.000000 -0.000000 -0.000000 1.000000 -0.000000 -0.000000 1.000000 -0.000000 -0.000000 1.000000 -0.000000 -0.000000 1.000000 -0.000000 -0.000000 1.000000 -0.000000 -0.000000 1.000000 -0.000000 -0.000000 1.000000 -0.000000 -0.000000 1.000000 -0.000000 -0.000000 1.000000 -0.000000 -0.000000 1.000000 -0.000000 -0.000000 1.000000 -0.000000 -0.000000 1.000000 -0.000000 -0.000000 1.000000 -0.000000 -0.000000 1.000000 -0.000000 -0.000000 1.000000 -0.000000 -0.000000 1.000000 -0.000000 -0.000000 1.000000 -0.000000 -0.000000 1.000000 -0.000000 -0.000000 1.000000 -0.000000 -0.000000 1.000000 -0.000000 -0.000000 1.000000 -0.000000 -0.000000 1.000000 -0.000000 -0.000000 1.000000 -0.000000 -0.000000 1.000000 -0.000000 -0.000000 1.000000 -0.000000 -0.000000 1.000000 -0.000000 -0.000000 1.000000 -0.000000 -0.000000 1.000000 -0.000000 -0.000000 1.000000 -0.000000 -0.000000 1.000000 -0.000000 -0.000000 1.000000 -0.000000 -0.000000 1.000000 -0.000000 -0.000000 1.000000 -0.000000 -0.000000 1.000000 -0.000000 -0.000000 1.000000 -0.000000 -0.000000 1.000000 -0.000000 -0.000000 1.000000 -0.000000 -0.000000 1.000000 -0.000000 -0.000000 1.000000 -0.000000 -0.000000 1.000000 -0.000000 -0.000000 1.000000 -0.000000 -0.000000 1.000000 -0.000000 -0.000000 1.000000 -0.000000 -0.000000 1.000000 -0.000000 -0.000000 1.000000 -0.000000 -0.000000 1.000000 -0.000000 -0.000000 1.000000 -0.000000 -0.000000 1.000000 -0.000000 -0.000000 1.000000 -0.000000 -0.000000 1.000000 -0.000000 -0.000000 1.000000 -0.000000 -0.000000 1.000000 -0.000000 -0.000000 1.000000 -0.000000 -0.000000 1.000000 -0.000000 -0.000000 1.000000 -0.000000 -0.000000 1.000000 -0.000000 -0.000000 1.000000 -0.000000 -0.000000 1.000000 -0.000000 -0.000000 1.000000 -0.000000 -0.000000 1.000000 -0.000000 -0.000000 1.000000 -0.000000 -0.000000 1.000000 -0.000000 -0.000000 1.000000 -0.000000 -0.000000 1.000000 -0.000000 -0.000000 1.000000 -0.000000 -0.000000 1.000000 -0.000000 -0.000000 1.000000 -0.000000 -0.000000 1.000000 -0.000000 -0.000000 1.000000 -0.000000 -0.000000 1.000000 -0.000000 -0.000000 1.000000 -0.000000 -0.000000 1.000000 -0.000000 -0.000000 1.000000 -0.000000 -0.000000 1.000000 -0.000000 -0.000000 1.000000 -0.000000 -0.000000 1.000000 -0.000000 -0.000000 1.000000 -0.000000 -0.000000 1.000000 -0.000000 -0.000000 1.000000 -0.000000 -0.000000 1.000000 -0.000000 -0.000000 1.000000 -0.000000 -0.000000 1.000000 -0.000000 -0.000000 1.000000 -0.000000 -0.000000 1.000000 -0.000000 -0.000000 1.000000 -0.000000 -0.000000 1.000000 -0.000000 -0.000000 1.000000 -0.000000 -0.000000 1.000000 -0.000000 -0.000000 1.000000 -0.000000 -0.000000 1.000000 -0.000000 -0.000000 1.000000 -0.000000 -0.000000 1.000000 -0.000000 -0.000000 1.000000 -0.000000 -0.000000 1.000000 -0.000000 -0.000000 1.000000 -0.000000 -0.000000 1.000000 -0.000000 -0.000000 1.000000 -0.000000 -0.000000 1.000000 -0.000000 -0.000000 1.000000 -0.000000 -0.000000 1.000000 -0.000000 -0.000000 1.000000 -0.000000 -0.000000 1.000000 -0.000000 -0.000000 1.000000 -0.000000 -0.000000 1.000000 0.197565 0.980290 -0.000000 0.197565 0.980290 -0.000000 0.161997 0.986791 -0.000000 0.161997 0.986791 -0.000000 0.126218 0.992003 -0.000000 0.126218 0.992003 -0.000000 0.090274 0.995917 -0.000000 0.090274 0.995917 -0.000000 0.054211 0.998529 -0.000000 0.054211 0.998529 -0.000000 0.018078 0.999837 -0.000000 0.018078 0.999837 -0.000000 -0.018078 0.999837 -0.000000 -0.018078 0.999837 -0.000000 -0.054211 0.998529 -0.000000 -0.054211 0.998529 -0.000000 -0.090274 0.995917 -0.000000 -0.090274 0.995917 -0.000000 -0.126218 0.992003 -0.000000 -0.126218 0.992003 -0.000000 -0.161997 0.986791 -0.000000 -0.161997 0.986791 -0.000000 -0.197565 0.980290 -0.000000 -0.197565 0.980290 -0.000000 0.259677 -0.965695 0.000000 0.259677 -0.965695 0.000000 0.165425 -0.986222 0.000000 0.165425 -0.986222 0.000000 0.069633 -0.997573 0.000000 0.069633 -0.997573 0.000000 -0.026806 -0.999641 0.000000 -0.026806 -0.999641 0.000000 -0.122996 -0.992407 0.000000 -0.122996 -0.992407 0.000000 -0.218042 -0.975939 0.000000 -0.218042 -0.975939 0.000000 -0.311059 -0.950391 0.000000 -0.311059 -0.950391 0.000000 -0.401181 -0.915999 0.000000 -0.401181 -0.915999 0.000000 -0.487571 -0.873083 0.000000 -0.487571 -0.873083 0.000000 -0.569424 -0.822044 0.000000 -0.569424 -0.822044 0.000000 -0.645978 -0.763356 0.000000 -0.645978 -0.763356 0.000000 -0.716522 -0.697565 0.000000 -0.716522 -0.697565 0.000000 -0.780398 -0.625283 0.000000 -0.780398 -0.625283 0.000000 -0.837013 -0.547183 0.000000 -0.837013 -0.547183 0.000000 -0.885840 -0.463992 0.000000 -0.885840 -0.463992 0.000000 -0.926424 -0.376483 0.000000 -0.926424 -0.376483 0.000000 -0.958387 -0.285471 0.000000 -0.958387 -0.285471 0.000000 -0.981434 -0.191802 0.000000 -0.981434 -0.191802 0.000000 -0.995348 -0.096349 0.000000 -0.995348 -0.096349 0.000000 -1.000000 0.000000 0.000000 -1.000000 0.000000 0.000000 -0.995348 0.096349 0.000000 -0.995348 0.096349 0.000000 -0.981434 0.191802 0.000000 -0.981434 0.191802 0.000000 -0.958387 0.285471 0.000000 -0.958387 0.285471 0.000000 -0.926424 0.376483 0.000000 -0.926424 0.376483 0.000000 -0.885840 0.463992 0.000000 -0.885840 0.463992 0.000000 -0.837013 0.547183 0.000000 -0.837013 0.547183 0.000000 -0.780398 0.625283 0.000000 -0.780398 0.625283 0.000000 -0.716522 0.697565 0.000000 -0.716522 0.697565 0.000000 -0.645978 0.763356 -0.000000 -0.645978 0.763356 -0.000000 -0.569424 0.822044 -0.000000 -0.569424 0.822044 -0.000000 -0.487571 0.873083 -0.000000 -0.487571 0.873083 -0.000000 -0.401181 0.915999 -0.000000 -0.401181 0.915999 -0.000000 -0.311059 0.950391 -0.000000 -0.311059 0.950391 -0.000000 -0.218042 0.975939 -0.000000 -0.218042 0.975939 -0.000000 -0.122996 0.992407 -0.000000 -0.122996 0.992407 -0.000000 -0.026806 0.999641 -0.000000 -0.026806 0.999641 -0.000000 0.069633 0.997573 -0.000000 0.069633 0.997573 -0.000000 0.165425 0.986222 -0.000000 0.165425 0.986222 -0.000000 0.259677 0.965695 -0.000000 0.259677 0.965695 -0.000000 -0.207575 -0.978219 0.000000 -0.207575 -0.978219 0.000000 -0.170245 -0.985402 0.000000 -0.170245 -0.985402 0.000000 -0.132669 -0.991160 0.000000 -0.132669 -0.991160 0.000000 -0.094901 -0.995487 0.000000 -0.094901 -0.995487 0.000000 -0.056995 -0.998374 0.000000 -0.056995 -0.998374 0.000000 -0.019008 -0.999819 0.000000 -0.019008 -0.999819 0.000000 0.019008 -0.999819 0.000000 0.019008 -0.999819 0.000000 0.056995 -0.998374 0.000000 0.056995 -0.998374 0.000000 0.094901 -0.995487 0.000000 0.094901 -0.995487 0.000000 0.132669 -0.991160 0.000000 0.132669 -0.991160 0.000000 0.170245 -0.985402 0.000000 0.170245 -0.985402 0.000000 0.207575 -0.978219 0.000000 0.207575 -0.978219 0.000000 -0.259677 0.965695 -0.000000 -0.259677 0.965695 -0.000000 -0.165425 0.986222 -0.000000 -0.165425 0.986222 -0.000000 -0.069633 0.997573 -0.000000 -0.069633 0.997573 -0.000000 0.026806 0.999641 -0.000000 0.026806 0.999641 -0.000000 0.122996 0.992407 -0.000000 0.122996 0.992407 -0.000000 0.218042 0.975939 -0.000000 0.218042 0.975939 -0.000000 0.311059 0.950391 -0.000000 0.311059 0.950391 -0.000000 0.401181 0.915999 -0.000000 0.401181 0.915999 -0.000000 0.487571 0.873083 -0.000000 0.487571 0.873083 -0.000000 0.569424 0.822044 -0.000000 0.569424 0.822044 -0.000000 0.645978 0.763356 -0.000000 0.645978 0.763356 -0.000000 0.716522 0.697565 -0.000000 0.716522 0.697565 -0.000000 0.780398 0.625283 -0.000000 0.780398 0.625283 -0.000000 0.837013 0.547183 -0.000000 0.837013 0.547183 -0.000000 0.885840 0.463992 -0.000000 0.885840 0.463992 -0.000000 0.926424 0.376483 -0.000000 0.926424 0.376483 -0.000000 0.958387 0.285471 -0.000000 0.958387 0.285471 -0.000000 0.981434 0.191802 -0.000000 0.981434 0.191802 -0.000000 0.995348 0.096349 -0.000000 0.995348 0.096349 -0.000000 1.000000 -0.000000 -0.000000 1.000000 -0.000000 -0.000000 0.995348 -0.096349 -0.000000 0.995348 -0.096349 -0.000000 0.981434 -0.191802 -0.000000 0.981434 -0.191802 -0.000000 0.958387 -0.285471 -0.000000 0.958387 -0.285471 -0.000000 0.926424 -0.376483 -0.000000 0.926424 -0.376483 -0.000000 0.885840 -0.463992 -0.000000 0.885840 -0.463992 -0.000000 0.837013 -0.547183 -0.000000 0.837013 -0.547183 -0.000000 0.780398 -0.625283 -0.000000 0.780398 -0.625283 -0.000000 0.716522 -0.697565 -0.000000 0.716522 -0.697565 -0.000000 0.645978 -0.763356 0.000000 0.645978 -0.763356 0.000000 0.569424 -0.822044 0.000000 0.569424 -0.822044 0.000000 0.487571 -0.873083 0.000000 0.487571 -0.873083 0.000000 0.401181 -0.915999 0.000000 0.401181 -0.915999 0.000000 0.311059 -0.950391 0.000000 0.311059 -0.950391 0.000000 0.218042 -0.975939 0.000000 0.218042 -0.975939 0.000000 0.122996 -0.992407 0.000000 0.122996 -0.992407 0.000000 0.026806 -0.999641 0.000000 0.026806 -0.999641 0.000000 -0.069633 -0.997573 0.000000 -0.069633 -0.997573 0.000000 -0.165425 -0.986222 0.000000 -0.165425 -0.986222 0.000000 -0.259677 -0.965695 0.000000 -0.259677 -0.965695 0.000000 0.207575 -0.978219 0.000000 0.207575 -0.978219 0.000000 0.170245 -0.985402 0.000000 0.170245 -0.985402 0.000000 0.132669 -0.991160 0.000000 0.132669 -0.991160 0.000000 0.094901 -0.995487 0.000000 0.094901 -0.995487 0.000000 0.056995 -0.998374 0.000000 0.056995 -0.998374 0.000000 0.019008 -0.999819 0.000000 0.019008 -0.999819 0.000000 -0.019008 -0.999819 0.000000 -0.019008 -0.999819 0.000000 -0.056995 -0.998374 0.000000 -0.056995 -0.998374 0.000000 -0.094901 -0.995487 0.000000 -0.094901 -0.995487 0.000000 -0.132669 -0.991160 0.000000 -0.132669 -0.991160 0.000000 -0.170245 -0.985402 0.000000 -0.170245 -0.985402 0.000000 -0.207575 -0.978219 0.000000 -0.207575 -0.978219 0.000000 0.259677 0.965695 -0.000000 0.259677 0.965695 -0.000000 0.165425 0.986222 -0.000000 0.165425 0.986222 -0.000000 0.069633 0.997573 -0.000000 0.069633 0.997573 -0.000000 -0.026806 0.999641 -0.000000 -0.026806 0.999641 -0.000000 -0.122996 0.992407 -0.000000 -0.122996 0.992407 -0.000000 -0.218042 0.975939 -0.000000 -0.218042 0.975939 -0.000000 -0.311059 0.950391 -0.000000 -0.311059 0.950391 -0.000000 -0.401181 0.915999 -0.000000 -0.401181 0.915999 -0.000000 -0.487571 0.873083 -0.000000 -0.487571 0.873083 -0.000000 -0.569424 0.822044 -0.000000 -0.569424 0.822044 -0.000000 -0.645978 0.763356 -0.000000 -0.645978 0.763356 -0.000000 -0.716522 0.697565 0.000000 -0.716522 0.697565 0.000000 -0.780398 0.625283 0.000000 -0.780398 0.625283 0.000000 -0.837013 0.547183 0.000000 -0.837013 0.547183 0.000000 -0.885840 0.463992 0.000000 -0.885840 0.463992 0.000000 -0.926424 0.376483 0.000000 -0.926424 0.376483 0.000000 -0.958387 0.285471 0.000000 -0.958387 0.285471 0.000000 -0.981434 0.191802 0.000000 -0.981434 0.191802 0.000000 -0.995348 0.096349 0.000000 -0.995348 0.096349 0.000000 -1.000000 0.000000 0.000000 -1.000000 0.000000 0.000000 -0.995348 -0.096349 0.000000 -0.995348 -0.096349 0.000000 -0.981434 -0.191802 0.000000 -0.981434 -0.191802 0.000000 -0.958387 -0.285471 0.000000 -0.958387 -0.285471 0.000000 -0.926424 -0.376483 0.000000 -0.926424 -0.376483 0.000000 -0.885840 -0.463992 0.000000 -0.885840 -0.463992 0.000000 -0.837013 -0.547183 0.000000 -0.837013 -0.547183 0.000000 -0.780398 -0.625283 0.000000 -0.780398 -0.625283 0.000000 -0.716522 -0.697565 0.000000 -0.716522 -0.697565 0.000000 -0.645978 -0.763356 0.000000 -0.645978 -0.763356 0.000000 -0.569424 -0.822044 0.000000 -0.569424 -0.822044 0.000000 -0.487571 -0.873083 0.000000 -0.487571 -0.873083 0.000000 -0.401181 -0.915999 0.000000 -0.401181 -0.915999 0.000000 -0.311059 -0.950391 0.000000 -0.311059 -0.950391 0.000000 -0.218042 -0.975939 0.000000 -0.218042 -0.975939 0.000000 -0.122996 -0.992407 0.000000 -0.122996 -0.992407 0.000000 -0.026806 -0.999641 0.000000 -0.026806 -0.999641 0.000000 0.069633 -0.997573 0.000000 0.069633 -0.997573 0.000000 0.165425 -0.986222 0.000000 0.165425 -0.986222 0.000000 0.259677 -0.965695 0.000000 0.259677 -0.965695 0.000000 -0.197565 0.980290 -0.000000 -0.197565 0.980290 -0.000000 -0.161997 0.986791 -0.000000 -0.161997 0.986791 -0.000000 -0.126218 0.992003 -0.000000 -0.126218 0.992003 -0.000000 -0.090274 0.995917 -0.000000 -0.090274 0.995917 -0.000000 -0.054211 0.998529 -0.000000 -0.054211 0.998529 -0.000000 -0.018078 0.999837 -0.000000 -0.018078 0.999837 -0.000000 0.018078 0.999837 -0.000000 0.018078 0.999837 -0.000000 0.054211 0.998529 -0.000000 0.054211 0.998529 -0.000000 0.090274 0.995917 -0.000000 0.090274 0.995917 -0.000000 0.126218 0.992003 -0.000000 0.126218 0.992003 -0.000000 0.161997 0.986791 -0.000000 0.161997 0.986791 -0.000000 0.197565 0.980290 -0.000000 0.197565 0.980290 -0.000000 -0.259677 -0.965695 0.000000 -0.259677 -0.965695 0.000000 -0.165425 -0.986222 0.000000 -0.165425 -0.986222 0.000000 -0.069633 -0.997573 0.000000 -0.069633 -0.997573 0.000000 0.026806 -0.999641 0.000000 0.026806 -0.999641 0.000000 0.122996 -0.992407 0.000000 0.122996 -0.992407 0.000000 0.218042 -0.975939 0.000000 0.218042 -0.975939 0.000000 0.311059 -0.950391 0.000000 0.311059 -0.950391 0.000000 0.401181 -0.915999 0.000000 0.401181 -0.915999 0.000000 0.487571 -0.873083 0.000000 0.487571 -0.873083 0.000000 0.569424 -0.822044 0.000000 0.569424 -0.822044 0.000000 0.645978 -0.763356 0.000000 0.645978 -0.763356 0.000000 0.716522 -0.697565 -0.000000 0.716522 -0.697565 -0.000000 0.780398 -0.625283 -0.000000 0.780398 -0.625283 -0.000000 0.837013 -0.547183 -0.000000 0.837013 -0.547183 -0.000000 0.885840 -0.463992 -0.000000 0.885840 -0.463992 -0.000000 0.926424 -0.376483 -0.000000 0.926424 -0.376483 -0.000000 0.958387 -0.285471 -0.000000 0.958387 -0.285471 -0.000000 0.981434 -0.191802 -0.000000 0.981434 -0.191802 -0.000000 0.995348 -0.096349 -0.000000 0.995348 -0.096349 -0.000000 1.000000 -0.000000 -0.000000 1.000000 -0.000000 -0.000000 0.995348 0.096349 -0.000000 0.995348 0.096349 -0.000000 0.981434 0.191802 -0.000000 0.981434 0.191802 -0.000000 0.958387 0.285471 -0.000000 0.958387 0.285471 -0.000000 0.926424 0.376483 -0.000000 0.926424 0.376483 -0.000000 0.885840 0.463992 -0.000000 0.885840 0.463992 -0.000000 0.837013 0.547183 -0.000000 0.837013 0.547183 -0.000000 0.780398 0.625283 -0.000000 0.780398 0.625283 -0.000000 0.716522 0.697565 -0.000000 0.716522 0.697565 -0.000000 0.645978 0.763356 -0.000000 0.645978 0.763356 -0.000000 0.569424 0.822044 -0.000000 0.569424 0.822044 -0.000000 0.487571 0.873083 -0.000000 0.487571 0.873083 -0.000000 0.401181 0.915999 -0.000000 0.401181 0.915999 -0.000000 0.311059 0.950391 -0.000000 0.311059 0.950391 -0.000000 0.218042 0.975939 -0.000000 0.218042 0.975939 -0.000000 0.122996 0.992407 -0.000000 0.122996 0.992407 -0.000000 0.026806 0.999641 -0.000000 0.026806 0.999641 -0.000000 -0.069633 0.997573 -0.000000 -0.069633 0.997573 -0.000000 -0.165425 0.986222 -0.000000 -0.165425 0.986222 -0.000000 -0.259677 0.965695 -0.000000 -0.259677 0.965695 -0.000000 0.197966 0.980209 -0.000000 0.197966 0.980209 -0.000000 0.162328 0.986737 -0.000000 0.162328 0.986737 -0.000000 0.126476 0.991970 -0.000000 0.126476 0.991970 -0.000000 0.090459 0.995900 -0.000000 0.090459 0.995900 -0.000000 0.054323 0.998523 -0.000000 0.054323 0.998523 -0.000000 0.018116 0.999836 -0.000000 0.018116 0.999836 -0.000000 -0.018116 0.999836 -0.000000 -0.018116 0.999836 -0.000000 -0.054323 0.998523 -0.000000 -0.054323 0.998523 -0.000000 -0.090459 0.995900 -0.000000 -0.090459 0.995900 -0.000000 -0.126476 0.991970 -0.000000 -0.126476 0.991970 -0.000000 -0.162328 0.986737 -0.000000 -0.162328 0.986737 -0.000000 -0.197966 0.980209 -0.000000 -0.197966 0.980209 -0.000000 -0.259673 0.965697 -0.000000 -0.259673 0.965697 -0.000000 -0.180206 0.983629 -0.000000 -0.180206 0.983629 -0.000000 -0.099543 0.995033 -0.000000 -0.099543 0.995033 -0.000000 -0.018219 0.999834 -0.000000 -0.018219 0.999834 -0.000000 0.063226 0.997999 -0.000000 0.063226 0.997999 -0.000000 0.144251 0.989541 -0.000000 0.144251 0.989541 -0.000000 0.224319 0.974516 -0.000000 0.224319 0.974516 -0.000000 0.302898 0.953023 -0.000000 0.302898 0.953023 -0.000000 0.379467 0.925205 -0.000000 0.379467 0.925205 -0.000000 0.453518 0.891247 -0.000000 0.453518 0.891247 -0.000000 0.524558 0.851375 -0.000000 0.524558 0.851375 -0.000000 0.592118 0.805851 -0.000000 0.592118 0.805851 -0.000000 0.655747 0.754980 -0.000000 0.655747 0.754980 -0.000000 0.715025 0.699099 -0.000000 0.715025 0.699099 -0.000000 0.769558 0.638577 -0.000000 0.769558 0.638577 -0.000000 0.818983 0.573818 -0.000000 0.818983 0.573818 -0.000000 0.862973 0.505250 -0.000000 0.862973 0.505250 -0.000000 0.901236 0.433330 -0.000000 0.901236 0.433330 -0.000000 0.933517 0.358533 -0.000000 0.933517 0.358533 -0.000000 0.959603 0.281357 -0.000000 0.959603 0.281357 -0.000000 0.979321 0.202314 -0.000000 0.979321 0.202314 -0.000000 0.992539 0.121928 -0.000000 0.992539 0.121928 -0.000000 0.999170 0.040733 -0.000000 0.999170 0.040733 -0.000000 0.999170 -0.040733 -0.000000 0.999170 -0.040733 -0.000000 0.992539 -0.121928 -0.000000 0.992539 -0.121928 -0.000000 0.979321 -0.202314 -0.000000 0.979321 -0.202314 -0.000000 0.959603 -0.281357 -0.000000 0.959603 -0.281357 -0.000000 0.933517 -0.358533 -0.000000 0.933517 -0.358533 -0.000000 0.901236 -0.433330 -0.000000 0.901236 -0.433330 -0.000000 0.862973 -0.505250 -0.000000 0.862973 -0.505250 -0.000000 0.818983 -0.573818 -0.000000 0.818983 -0.573818 -0.000000 0.769558 -0.638577 -0.000000 0.769558 -0.638577 -0.000000 0.715025 -0.699099 -0.000000 0.715025 -0.699099 -0.000000 0.655747 -0.754980 -0.000000 0.655747 -0.754980 -0.000000 0.592118 -0.805851 0.000000 0.592118 -0.805851 0.000000 0.524558 -0.851375 0.000000 0.524558 -0.851375 0.000000 0.453518 -0.891247 0.000000 0.453518 -0.891247 0.000000 0.379467 -0.925205 0.000000 0.379467 -0.925205 0.000000 0.302898 -0.953023 0.000000 0.302898 -0.953023 0.000000 0.224319 -0.974516 0.000000 0.224319 -0.974516 0.000000 0.144251 -0.989541 0.000000 0.144251 -0.989541 0.000000 0.063226 -0.997999 0.000000 0.063226 -0.997999 0.000000 -0.018219 -0.999834 0.000000 -0.018219 -0.999834 0.000000 -0.099543 -0.995033 0.000000 -0.099543 -0.995033 0.000000 -0.180206 -0.983629 0.000000 -0.180206 -0.983629 0.000000 -0.259673 -0.965697 0.000000 -0.259673 -0.965697 0.000000 -0.193515 -0.981097 0.000000 -0.193515 -0.981097 0.000000 -0.158663 -0.987333 0.000000 -0.158663 -0.987333 0.000000 -0.123611 -0.992331 0.000000 -0.123611 -0.992331 0.000000 -0.088404 -0.996085 0.000000 -0.088404 -0.996085 0.000000 -0.053087 -0.998590 0.000000 -0.053087 -0.998590 0.000000 -0.017703 -0.999843 0.000000 -0.017703 -0.999843 0.000000 0.017703 -0.999843 0.000000 0.017703 -0.999843 0.000000 0.053087 -0.998590 0.000000 0.053087 -0.998590 0.000000 0.088404 -0.996085 0.000000 0.088404 -0.996085 0.000000 0.123611 -0.992331 0.000000 0.123611 -0.992331 0.000000 0.158663 -0.987333 0.000000 0.158663 -0.987333 0.000000 0.193515 -0.981097 0.000000 0.193515 -0.981097 0.000000 0.259673 -0.965697 0.000000 0.259673 -0.965697 0.000000 0.180206 -0.983629 0.000000 0.180206 -0.983629 0.000000 0.099543 -0.995033 0.000000 0.099543 -0.995033 0.000000 0.018219 -0.999834 0.000000 0.018219 -0.999834 0.000000 -0.063226 -0.997999 0.000000 -0.063226 -0.997999 0.000000 -0.144251 -0.989541 0.000000 -0.144251 -0.989541 0.000000 -0.224319 -0.974516 0.000000 -0.224319 -0.974516 0.000000 -0.302898 -0.953023 0.000000 -0.302898 -0.953023 0.000000 -0.379467 -0.925205 0.000000 -0.379467 -0.925205 0.000000 -0.453518 -0.891247 0.000000 -0.453518 -0.891247 0.000000 -0.524558 -0.851375 0.000000 -0.524558 -0.851375 0.000000 -0.592118 -0.805851 0.000000 -0.592118 -0.805851 0.000000 -0.655747 -0.754980 0.000000 -0.655747 -0.754980 0.000000 -0.715025 -0.699099 0.000000 -0.715025 -0.699099 0.000000 -0.769558 -0.638577 0.000000 -0.769558 -0.638577 0.000000 -0.818983 -0.573818 0.000000 -0.818983 -0.573818 0.000000 -0.862973 -0.505250 0.000000 -0.862973 -0.505250 0.000000 -0.901236 -0.433330 0.000000 -0.901236 -0.433330 0.000000 -0.933517 -0.358533 0.000000 -0.933517 -0.358533 0.000000 -0.959603 -0.281357 0.000000 -0.959603 -0.281357 0.000000 -0.979321 -0.202314 0.000000 -0.979321 -0.202314 0.000000 -0.992539 -0.121928 0.000000 -0.992539 -0.121928 0.000000 -0.999170 -0.040733 0.000000 -0.999170 -0.040733 0.000000 -0.999170 0.040733 0.000000 -0.999170 0.040733 0.000000 -0.992539 0.121928 0.000000 -0.992539 0.121928 0.000000 -0.979321 0.202314 0.000000 -0.979321 0.202314 0.000000 -0.959603 0.281357 0.000000 -0.959603 0.281357 0.000000 -0.933517 0.358533 0.000000 -0.933517 0.358533 0.000000 -0.901236 0.433330 0.000000 -0.901236 0.433330 0.000000 -0.862973 0.505250 0.000000 -0.862973 0.505250 0.000000 -0.818983 0.573818 0.000000 -0.818983 0.573818 0.000000 -0.769558 0.638577 0.000000 -0.769558 0.638577 0.000000 -0.715025 0.699099 0.000000 -0.715025 0.699099 0.000000 -0.655747 0.754980 0.000000 -0.655747 0.754980 0.000000 -0.592118 0.805851 -0.000000 -0.592118 0.805851 -0.000000 -0.524558 0.851375 -0.000000 -0.524558 0.851375 -0.000000 -0.453518 0.891247 -0.000000 -0.453518 0.891247 -0.000000 -0.379467 0.925205 -0.000000 -0.379467 0.925205 -0.000000 -0.302898 0.953023 -0.000000 -0.302898 0.953023 -0.000000 -0.224319 0.974516 -0.000000 -0.224319 0.974516 -0.000000 -0.144251 0.989541 -0.000000 -0.144251 0.989541 -0.000000 -0.063226 0.997999 -0.000000 -0.063226 0.997999 -0.000000 0.018219 0.999834 -0.000000 0.018219 0.999834 -0.000000 0.099543 0.995033 -0.000000 0.099543 0.995033 -0.000000 0.180206 0.983629 -0.000000 0.180206 0.983629 -0.000000 0.259673 0.965697 -0.000000 0.259673 0.965697 -0.000000 0.000000 0.000000 -1.000000 0.000000 0.000000 -1.000000 0.000000 0.000000 -1.000000 0.000000 0.000000 -1.000000 0.000000 0.000000 -1.000000 0.000000 0.000000 -1.000000 0.000000 0.000000 -1.000000 0.000000 0.000000 -1.000000 0.000000 0.000000 -1.000000 0.000000 0.000000 -1.000000 0.000000 0.000000 -1.000000 0.000000 0.000000 -1.000000 0.000000 0.000000 -1.000000 0.000000 0.000000 -1.000000 0.000000 0.000000 -1.000000 0.000000 0.000000 -1.000000 0.000000 0.000000 -1.000000 0.000000 0.000000 -1.000000 0.000000 0.000000 -1.000000 0.000000 0.000000 -1.000000 0.000000 0.000000 -1.000000 0.000000 0.000000 -1.000000 0.000000 0.000000 -1.000000 0.000000 0.000000 -1.000000 0.000000 0.000000 -1.000000 0.000000 0.000000 -1.000000 0.000000 0.000000 -1.000000 0.000000 0.000000 -1.000000 0.000000 0.000000 -1.000000 0.000000 0.000000 -1.000000 0.000000 0.000000 -1.000000 0.000000 0.000000 -1.000000 0.000000 0.000000 -1.000000 0.000000 0.000000 -1.000000 0.000000 0.000000 -1.000000 0.000000 0.000000 -1.000000 0.000000 0.000000 -1.000000 0.000000 0.000000 -1.000000 0.000000 0.000000 -1.000000 0.000000 0.000000 -1.000000 0.000000 0.000000 -1.000000 0.000000 0.000000 -1.000000 0.000000 0.000000 -1.000000 0.000000 0.000000 -1.000000 0.000000 0.000000 -1.000000 0.000000 0.000000 -1.000000 0.000000 0.000000 -1.000000 0.000000 0.000000 -1.000000 0.000000 0.000000 -1.000000 0.000000 0.000000 -1.000000 0.000000 0.000000 -1.000000 0.000000 0.000000 -1.000000 0.000000 0.000000 -1.000000 0.000000 0.000000 -1.000000 0.000000 0.000000 -1.000000 0.000000 0.000000 -1.000000 0.000000 0.000000 -1.000000 0.000000 0.000000 -1.000000 0.000000 0.000000 -1.000000 0.000000 0.000000 -1.000000 0.000000 0.000000 -1.000000 0.000000 0.000000 -1.000000 0.000000 0.000000 -1.000000 0.000000 0.000000 -1.000000 0.000000 0.000000 -1.000000 0.000000 0.000000 -1.000000 0.000000 0.000000 -1.000000 0.000000 0.000000 -1.000000 0.000000 0.000000 -1.000000 0.000000 0.000000 -1.000000 0.000000 0.000000 -1.000000 0.000000 0.000000 -1.000000 0.000000 0.000000 -1.000000 0.000000 0.000000 -1.000000 0.000000 0.000000 -1.000000 0.000000 0.000000 -1.000000 0.000000 0.000000 -1.000000 0.000000 0.000000 -1.000000 0.000000 0.000000 -1.000000 0.000000 0.000000 -1.000000 0.000000 0.000000 -1.000000 0.000000 0.000000 -1.000000 0.000000 0.000000 -1.000000 0.000000 0.000000 -1.000000 0.000000 0.000000 -1.000000 0.000000 0.000000 -1.000000 0.000000 0.000000 -1.000000 0.000000 0.000000 -1.000000 0.000000 0.000000 -1.000000 0.000000 0.000000 -1.000000 0.000000 0.000000 -1.000000 0.000000 0.000000 -1.000000 0.000000 0.000000 -1.000000 0.000000 0.000000 -1.000000 0.000000 0.000000 -1.000000 0.000000 0.000000 -1.000000 0.000000 0.000000 -1.000000 0.000000 0.000000 -1.000000 0.000000 0.000000 -1.000000 0.000000 0.000000 -1.000000 0.000000 0.000000 -1.000000 0.000000 0.000000 -1.000000 0.000000 0.000000 -1.000000 0.000000 0.000000 -1.000000 0.000000 0.000000 -1.000000 0.000000 0.000000 -1.000000 0.000000 0.000000 -1.000000 0.000000 0.000000 -1.000000 0.000000 0.000000 -1.000000 0.000000 0.000000 -1.000000 0.000000 0.000000 -1.000000 0.000000 0.000000 -1.000000 0.000000 0.000000 -1.000000 0.000000 0.000000 -1.000000 0.000000 0.000000 -1.000000 0.000000 0.000000 -1.000000 0.000000 0.000000 -1.000000 0.000000 0.000000 -1.000000 0.000000 0.000000 -1.000000 0.000000 0.000000 -1.000000 0.000000 0.000000 -1.000000 0.000000 0.000000 -1.000000 0.000000 0.000000 -1.000000 0.000000 0.000000 -1.000000 0.000000 0.000000 -1.000000 0.000000 0.000000 -1.000000 0.000000 0.000000 -1.000000 0.000000 0.000000 -1.000000 0.000000 0.000000 -1.000000 0.000000 0.000000 -1.000000 0.000000 0.000000 -1.000000 0.000000 0.000000 -1.000000 0.000000 0.000000 -1.000000 0.000000 0.000000 -1.000000 0.000000 0.000000 -1.000000 0.000000 0.000000 -1.000000 0.000000 0.000000 -1.000000 0.000000 0.000000 -1.000000 0.000000 0.000000 -1.000000 0.000000 0.000000 -1.000000 0.000000 0.000000 -1.000000 0.000000 0.000000 -1.000000 0.000000 0.000000 -1.000000 0.000000 0.000000 -1.000000 0.000000 0.000000 -1.000000 0.000000 0.000000 -1.000000 0.000000 0.000000 -1.000000 0.000000 0.000000 -1.000000 0.000000 0.000000 -1.000000 0.000000 0.000000 -1.000000 0.000000 0.000000 -1.000000 0.000000 0.000000 -1.000000 0.000000 0.000000 -1.000000 0.000000 0.000000 -1.000000 0.000000 0.000000 -1.000000 0.000000 0.000000 -1.000000 0.000000 0.000000 -1.000000 0.000000 0.000000 -1.000000 0.000000 0.000000 -1.000000 0.000000 0.000000 -1.000000 0.000000 0.000000 -1.000000 0.000000 0.000000 -1.000000 0.000000 0.000000 -1.000000 0.000000 0.000000 -1.000000 0.000000 0.000000 -1.000000 0.000000 0.000000 -1.000000 0.000000 0.000000 -1.000000 0.000000 0.000000 -1.000000 0.000000 0.000000 -1.000000 0.000000 0.000000 -1.000000 0.000000 0.000000 -1.000000 0.000000 0.000000 -1.000000 0.000000 0.000000 -1.000000 0.000000 0.000000 -1.000000 0.000000 0.000000 -1.000000 0.000000 0.000000 -1.000000 0.000000 0.000000 -1.000000 0.000000 0.000000 -1.000000 0.000000 0.000000 -1.000000 0.000000 0.000000 -1.000000 0.000000 0.000000 -1.000000 0.000000 0.000000 -1.000000 0.000000 0.000000 -1.000000 0.000000 0.000000 -1.000000 0.000000 0.000000 -1.000000 0.000000 0.000000 -1.000000 0.000000 0.000000 -1.000000 0.000000 0.000000 -1.000000 0.000000 0.000000 -1.000000 0.000000 0.000000 -1.000000 0.000000 0.000000 -1.000000 0.000000 0.000000 -1.000000 0.000000 0.000000 -1.000000 0.000000 0.000000 -1.000000 0.000000 0.000000 -1.000000 0.000000 0.000000 -1.000000 0.000000 0.000000 -1.000000 0.000000 0.000000 -1.000000 0.000000 0.000000 -1.000000 0.000000 0.000000 -1.000000 0.000000 0.000000 -1.000000 0.000000 0.000000 -1.000000 0.000000 0.000000 -1.000000 0.000000 0.000000 -1.000000 0.000000 0.000000 -1.000000 0.000000 0.000000 -1.000000 0.000000 0.000000 -1.000000 0.000000 0.000000 -1.000000 0.000000 0.000000 -1.000000 0.000000 0.000000 -1.000000 0.000000 0.000000 -1.000000 0.000000 0.000000 -1.000000 0.000000 0.000000 -1.000000 0.000000 0.000000 -1.000000 0.000000 0.000000 -1.000000 0.000000 0.000000 -1.000000 0.000000 0.000000 -1.000000 0.000000 0.000000 -1.000000 0.000000 0.000000 -1.000000 0.000000 0.000000 -1.000000 0.000000 0.000000 -1.000000 0.000000 0.000000 -1.000000 0.000000 0.000000 -1.000000 0.000000 0.000000 -1.000000 0.000000 0.000000 -1.000000 0.000000 0.000000 -1.000000 0.000000 0.000000 -1.000000 0.000000 0.000000 -1.000000 0.000000 0.000000 -1.000000 0.000000 0.000000 -1.000000 0.000000 0.000000 -1.000000 0.000000 0.000000 -1.000000 0.000000 0.000000 -1.000000 0.000000 0.000000 -1.000000 0.000000 0.000000 -1.000000 0.000000 0.000000 -1.000000 0.000000 0.000000 -1.000000 0.000000 0.000000 -1.000000 0.000000 0.000000 -1.000000 0.000000 0.000000 -1.000000 0.000000 0.000000 -1.000000 0.000000 0.000000 -1.000000 0.000000 0.000000 -1.000000 0.000000 0.000000 -1.000000 0.000000 0.000000 -1.000000 0.000000 0.000000 -1.000000 0.000000 0.000000 -1.000000 0.000000 0.000000 -1.000000 0.000000 0.000000 -1.000000 0.000000 0.000000 -1.000000 0.000000 0.000000 -1.000000 0.000000 0.000000 -1.000000 0.000000 0.000000 -1.000000 0.000000 0.000000 -1.000000 0.000000 0.000000 -1.000000 0.000000 0.000000 -1.000000 0.000000 0.000000 -1.000000 0.000000 0.000000 -1.000000 0.000000 0.000000 -1.000000 0.000000 0.000000 -1.000000 0.000000 0.000000 -1.000000 0.000000 0.000000 -1.000000 0.000000 0.000000 -1.000000 0.000000 0.000000 -1.000000 0.000000 0.000000 -1.000000 0.000000 0.000000 -1.000000 0.000000 0.000000 -1.000000 0.000000 0.000000 -1.000000 0.000000 0.000000 -1.000000 0.000000 0.000000 -1.000000 0.000000 0.000000 -1.000000 0.000000 0.000000 -1.000000 0.000000 0.000000 -1.000000 0.000000 0.000000 -1.000000 0.000000 0.000000 -1.000000 0.000000 0.000000 -1.000000 0.000000 0.000000 -1.000000 0.000000 0.000000 -1.000000 0.000000 0.000000 -1.000000 0.000000 0.000000 -1.000000 -0.000000 -0.000000 1.000000 -0.000000 -0.000000 1.000000 -0.000000 -0.000000 1.000000 -0.000000 -0.000000 1.000000 -0.000000 -0.000000 1.000000 -0.000000 -0.000000 1.000000 -0.000000 -0.000000 1.000000 -0.000000 -0.000000 1.000000 -0.000000 -0.000000 1.000000 -0.000000 -0.000000 1.000000 -0.000000 -0.000000 1.000000 -0.000000 -0.000000 1.000000 -0.000000 -0.000000 1.000000 -0.000000 -0.000000 1.000000 -0.000000 -0.000000 1.000000 -0.000000 -0.000000 1.000000 -0.000000 -0.000000 1.000000 -0.000000 -0.000000 1.000000 -0.000000 -0.000000 1.000000 -0.000000 -0.000000 1.000000 -0.000000 -0.000000 1.000000 -0.000000 -0.000000 1.000000 -0.000000 -0.000000 1.000000 -0.000000 -0.000000 1.000000 -0.000000 -0.000000 1.000000 -0.000000 -0.000000 1.000000 -0.000000 -0.000000 1.000000 -0.000000 -0.000000 1.000000 -0.000000 -0.000000 1.000000 -0.000000 -0.000000 1.000000 -0.000000 -0.000000 1.000000 -0.000000 -0.000000 1.000000 -0.000000 -0.000000 1.000000 -0.000000 -0.000000 1.000000 -0.000000 -0.000000 1.000000 -0.000000 -0.000000 1.000000 -0.000000 -0.000000 1.000000 -0.000000 -0.000000 1.000000 -0.000000 -0.000000 1.000000 -0.000000 -0.000000 1.000000 -0.000000 -0.000000 1.000000 -0.000000 -0.000000 1.000000 -0.000000 -0.000000 1.000000 -0.000000 -0.000000 1.000000 -0.000000 -0.000000 1.000000 -0.000000 -0.000000 1.000000 -0.000000 -0.000000 1.000000 -0.000000 -0.000000 1.000000 -0.000000 -0.000000 1.000000 -0.000000 -0.000000 1.000000 -0.000000 -0.000000 1.000000 -0.000000 -0.000000 1.000000 -0.000000 -0.000000 1.000000 -0.000000 -0.000000 1.000000 -0.000000 -0.000000 1.000000 -0.000000 -0.000000 1.000000 -0.000000 -0.000000 1.000000 -0.000000 -0.000000 1.000000 -0.000000 -0.000000 1.000000 -0.000000 -0.000000 1.000000 -0.000000 -0.000000 1.000000 -0.000000 -0.000000 1.000000 -0.000000 -0.000000 1.000000 -0.000000 -0.000000 1.000000 -0.000000 -0.000000 1.000000 -0.000000 -0.000000 1.000000 -0.000000 -0.000000 1.000000 -0.000000 -0.000000 1.000000 -0.000000 -0.000000 1.000000 -0.000000 -0.000000 1.000000 -0.000000 -0.000000 1.000000 -0.000000 -0.000000 1.000000 -0.000000 -0.000000 1.000000 -0.000000 -0.000000 1.000000 -0.000000 -0.000000 1.000000 -0.000000 -0.000000 1.000000 -0.000000 -0.000000 1.000000 -0.000000 -0.000000 1.000000 -0.000000 -0.000000 1.000000 -0.000000 -0.000000 1.000000 -0.000000 -0.000000 1.000000 -0.000000 -0.000000 1.000000 -0.000000 -0.000000 1.000000 -0.000000 -0.000000 1.000000 -0.000000 -0.000000 1.000000 -0.000000 -0.000000 1.000000 -0.000000 -0.000000 1.000000 -0.000000 -0.000000 1.000000 -0.000000 -0.000000 1.000000 -0.000000 -0.000000 1.000000 -0.000000 -0.000000 1.000000 -0.000000 -0.000000 1.000000 -0.000000 -0.000000 1.000000 -0.000000 -0.000000 1.000000 -0.000000 -0.000000 1.000000 -0.000000 -0.000000 1.000000 -0.000000 -0.000000 1.000000 -0.000000 -0.000000 1.000000 -0.000000 -0.000000 1.000000 -0.000000 -0.000000 1.000000 -0.000000 -0.000000 1.000000 -0.000000 -0.000000 1.000000 -0.000000 -0.000000 1.000000 -0.000000 -0.000000 1.000000 -0.000000 -0.000000 1.000000 -0.000000 -0.000000 1.000000 -0.000000 -0.000000 1.000000 -0.000000 -0.000000 1.000000 -0.000000 -0.000000 1.000000 -0.000000 -0.000000 1.000000 -0.000000 -0.000000 1.000000 -0.000000 -0.000000 1.000000 -0.000000 -0.000000 1.000000 -0.000000 -0.000000 1.000000 -0.000000 -0.000000 1.000000 -0.000000 -0.000000 1.000000 -0.000000 -0.000000 1.000000 -0.000000 -0.000000 1.000000 -0.000000 -0.000000 1.000000 -0.000000 -0.000000 1.000000 -0.000000 -0.000000 1.000000 -0.000000 -0.000000 1.000000 -0.000000 -0.000000 1.000000 -0.000000 -0.000000 1.000000 -0.000000 -0.000000 1.000000 -0.000000 -0.000000 1.000000 -0.000000 -0.000000 1.000000 -0.000000 -0.000000 1.000000 -0.000000 -0.000000 1.000000 -0.000000 -0.000000 1.000000 -0.000000 -0.000000 1.000000 -0.000000 -0.000000 1.000000 -0.000000 -0.000000 1.000000 -0.000000 -0.000000 1.000000 -0.000000 -0.000000 1.000000 -0.000000 -0.000000 1.000000 -0.000000 -0.000000 1.000000 -0.000000 -0.000000 1.000000 -0.000000 -0.000000 1.000000 -0.000000 -0.000000 1.000000 -0.000000 -0.000000 1.000000 -0.000000 -0.000000 1.000000 -0.000000 -0.000000 1.000000 -0.000000 -0.000000 1.000000 -0.000000 -0.000000 1.000000 -0.000000 -0.000000 1.000000 -0.000000 -0.000000 1.000000 -0.000000 -0.000000 1.000000 -0.000000 -0.000000 1.000000 -0.000000 -0.000000 1.000000 -0.000000 -0.000000 1.000000 -0.000000 -0.000000 1.000000 -0.000000 -0.000000 1.000000 -0.000000 -0.000000 1.000000 -0.000000 -0.000000 1.000000 -0.000000 -0.000000 1.000000 -0.000000 -0.000000 1.000000 -0.000000 -0.000000 1.000000 -0.000000 -0.000000 1.000000 -0.000000 -0.000000 1.000000 -0.000000 -0.000000 1.000000 -0.000000 -0.000000 1.000000 -0.000000 -0.000000 1.000000 -0.000000 -0.000000 1.000000 -0.000000 -0.000000 1.000000 -0.000000 -0.000000 1.000000 -0.000000 -0.000000 1.000000 -0.000000 -0.000000 1.000000 -0.000000 -0.000000 1.000000 -0.000000 -0.000000 1.000000 -0.000000 -0.000000 1.000000 -0.000000 -0.000000 1.000000 -0.000000 -0.000000 1.000000 -0.000000 -0.000000 1.000000 -0.000000 -0.000000 1.000000 -0.000000 -0.000000 1.000000 -0.000000 -0.000000 1.000000 -0.000000 -0.000000 1.000000 -0.000000 -0.000000 1.000000 -0.000000 -0.000000 1.000000 -0.000000 -0.000000 1.000000 -0.000000 -0.000000 1.000000 -0.000000 -0.000000 1.000000 -0.000000 -0.000000 1.000000 -0.000000 -0.000000 1.000000 -0.000000 -0.000000 1.000000 -0.000000 -0.000000 1.000000 -0.000000 -0.000000 1.000000 -0.000000 -0.000000 1.000000 -0.000000 -0.000000 1.000000 -0.000000 -0.000000 1.000000 -0.000000 -0.000000 1.000000 -0.000000 -0.000000 1.000000 -0.000000 -0.000000 1.000000 -0.000000 -0.000000 1.000000 -0.000000 -0.000000 1.000000 -0.000000 -0.000000 1.000000 -0.000000 -0.000000 1.000000 -0.000000 -0.000000 1.000000 -0.000000 -0.000000 1.000000 -0.000000 -0.000000 1.000000 -0.000000 -0.000000 1.000000 -0.000000 -0.000000 1.000000 -0.000000 -0.000000 1.000000 -0.000000 -0.000000 1.000000 -0.000000 -0.000000 1.000000 -0.000000 -0.000000 1.000000 -0.000000 -0.000000 1.000000 -0.000000 -0.000000 1.000000 -0.000000 -0.000000 1.000000 -0.000000 -0.000000 1.000000 -0.000000 -0.000000 1.000000 -0.000000 -0.000000 1.000000 -0.000000 -0.000000 1.000000 -0.000000 -0.000000 1.000000 -0.000000 -0.000000 1.000000 -0.000000 -0.000000 1.000000 -0.000000 -0.000000 1.000000 -0.000000 -0.000000 1.000000 -0.000000 -0.000000 1.000000 -0.000000 -0.000000 1.000000 -0.000000 -0.000000 1.000000 -0.000000 -0.000000 1.000000 -0.000000 -0.000000 1.000000 -0.000000 -0.000000 1.000000 -0.000000 -0.000000 1.000000 -0.000000 -0.000000 1.000000 -0.000000 -0.000000 1.000000 -0.000000 -0.000000 1.000000 -0.000000 -0.000000 1.000000 -0.000000 -0.000000 1.000000 -0.000000 -0.000000 1.000000 -0.000000 -0.000000 1.000000 -0.000000 -0.000000 1.000000 -0.000000 -0.000000 1.000000 -0.000000 -0.000000 1.000000 -0.000000 -0.000000 1.000000 -0.000000 -0.000000 1.000000 -0.000000 -0.000000 1.000000 -0.000000 -0.000000 1.000000 -0.000000 -0.000000 1.000000 -0.000000 -0.000000 1.000000 -0.000000 -0.000000 1.000000 -0.000000 -0.000000 1.000000 -0.000000 -0.000000 1.000000 -0.000000 -0.000000 1.000000 -0.000000 -0.000000 1.000000 -0.000000 -0.000000 1.000000 -0.000000 -0.000000 1.000000 -0.000000 -0.000000 1.000000 -0.000000 -0.000000 1.000000 -0.000000 -0.000000 1.000000 -0.000000 -0.000000 1.000000 -0.000000 -0.000000 1.000000 -0.000000 -0.000000 1.000000 -0.000000 -0.000000 1.000000 -0.000000 -0.000000 1.000000 -0.000000 -0.000000 1.000000 -0.000000 -0.000000 1.000000 -0.000000 -0.000000 1.000000 -0.000000 -0.000000 1.000000 -0.000000 -0.000000 1.000000 -0.000000 -0.000000 1.000000 -0.000000 -0.000000 1.000000 -0.000000 -0.000000 1.000000 -0.000000 -0.000000 1.000000 -0.000000 -0.000000 1.000000 -0.000000 -0.000000 1.000000 -0.000000 -0.000000 1.000000 -0.000000 -0.000000 1.000000 -0.000000 -0.000000 1.000000 -0.000000 -0.000000 1.000000 -0.000000 -0.000000 1.000000 -0.000000 -0.000000 1.000000 -0.000000 -0.000000 1.000000 -0.000000 -0.000000 1.000000 -0.000000 -0.000000 1.000000 -0.000000 -0.000000 1.000000 -0.000000 -0.000000 1.000000 -0.000000 -0.000000 1.000000 -0.000000 -0.000000 1.000000 -0.000000 -0.000000 1.000000 -0.000000 -0.000000 1.000000 -0.000000 -0.000000 1.000000 -0.000000 -0.000000 1.000000 -0.000000 -0.000000 1.000000 -0.000000 -0.000000 1.000000 -0.000000 -0.000000 1.000000 -0.000000 -0.000000 1.000000 -0.000000 -0.000000 1.000000 -0.000000 -0.000000 1.000000 -0.000000 -0.000000 1.000000 -0.000000 -0.000000 1.000000 -0.000000 -0.000000 1.000000 -0.000000 -0.000000 1.000000 -0.000000 -0.000000 1.000000 -0.000000 -0.000000 1.000000 -0.000000 -0.000000 1.000000 -0.000000 -0.000000 1.000000 -0.000000 -0.000000 1.000000 -0.000000 -0.000000 1.000000 -0.000000 -0.000000 1.000000 -0.000000 -0.000000 1.000000 -0.000000 -0.000000 1.000000 -0.000000 -0.000000 1.000000 -0.000000 -0.000000 1.000000 -0.000000 -0.000000 1.000000 -0.000000 -0.000000 1.000000 -0.000000 -0.000000 1.000000 -0.000000 -0.000000 1.000000 -0.000000 -0.000000 1.000000 -0.000000 -0.000000 1.000000 -0.000000 -0.000000 1.000000 -0.000000 -0.000000 1.000000 -0.000000 -0.000000 1.000000 -0.000000 -0.000000 1.000000 -0.000000 -0.000000 1.000000 -0.000000 -0.000000 1.000000 -0.000000 -0.000000 1.000000 -0.000000 -0.000000 1.000000 -0.000000 -0.000000 1.000000 -0.000000 -0.000000 1.000000 -0.000000 -0.000000 1.000000 -0.000000 -0.000000 1.000000 -0.000000 -0.000000 1.000000 -0.000000 -0.000000 1.000000 -0.000000 -0.000000 1.000000 -0.000000 -0.000000 1.000000 -0.000000 -0.000000 1.000000 -0.000000 -0.000000 1.000000 -0.000000 -0.000000 1.000000 -0.000000 -0.000000 1.000000 -0.000000 -0.000000 1.000000 -0.000000 -0.000000 1.000000 -0.000000 -0.000000 1.000000 -0.000000 -0.000000 1.000000 -0.000000 -0.000000 1.000000 -0.000000 -0.000000 1.000000 -0.000000 -0.000000 1.000000 -0.000000 -0.000000 1.000000 -0.000000 -0.000000 1.000000 -0.000000 -0.000000 1.000000 -0.000000 -0.000000 1.000000 -0.000000 -0.000000 1.000000 -0.000000 -0.000000 1.000000 -0.000000 -0.000000 1.000000 -0.000000 -0.000000 1.000000 -0.000000 -0.000000 1.000000 -0.000000 -0.000000 1.000000 -0.000000 -0.000000 1.000000 -0.000000 -0.000000 1.000000 -0.000000 -0.000000 1.000000 -0.000000 -0.000000 1.000000 -0.000000 -0.000000 1.000000 -0.000000 -0.000000 1.000000 -0.000000 -0.000000 1.000000 -0.000000 -0.000000 1.000000 -0.000000 -0.000000 1.000000 -0.000000 -0.000000 1.000000 -0.000000 -0.000000 1.000000 -0.000000 -0.000000 1.000000 -0.000000 -0.000000 1.000000 -0.000000 -0.000000 1.000000 -0.000000 -0.000000 1.000000 -0.000000 -0.000000 1.000000 -0.000000 -0.000000 1.000000 -0.000000 -0.000000 1.000000 -0.000000 -0.000000 1.000000 -0.000000 -0.000000 1.000000 -0.000000 -0.000000 1.000000 -0.000000 -0.000000 1.000000 -0.000000 -0.000000 1.000000 -0.000000 -0.000000 1.000000 -0.000000 -0.000000 1.000000 -0.000000 -0.000000 1.000000 -0.000000 -0.000000 1.000000 -0.000000 -0.000000 1.000000 -0.000000 -0.000000 1.000000 0.000000 0.000000 -1.000000 0.000000 0.000000 -1.000000 0.000000 0.000000 -1.000000 0.000000 0.000000 -1.000000 0.000000 0.000000 -1.000000 0.000000 0.000000 -1.000000 0.000000 0.000000 -1.000000 0.000000 0.000000 -1.000000 0.000000 0.000000 -1.000000 0.000000 0.000000 -1.000000 0.000000 0.000000 -1.000000 0.000000 0.000000 -1.000000 0.000000 0.000000 -1.000000 0.000000 0.000000 -1.000000 0.000000 0.000000 -1.000000 0.000000 0.000000 -1.000000 0.000000 0.000000 -1.000000 0.000000 0.000000 -1.000000 0.000000 0.000000 -1.000000 0.000000 0.000000 -1.000000 0.000000 0.000000 -1.000000 0.000000 0.000000 -1.000000 0.000000 0.000000 -1.000000 0.000000 0.000000 -1.000000 0.000000 0.000000 -1.000000 0.000000 0.000000 -1.000000 0.000000 0.000000 -1.000000 0.000000 0.000000 -1.000000 0.000000 0.000000 -1.000000 0.000000 0.000000 -1.000000 0.000000 0.000000 -1.000000 0.000000 0.000000 -1.000000 0.000000 0.000000 -1.000000 0.000000 0.000000 -1.000000 0.000000 0.000000 -1.000000 0.000000 0.000000 -1.000000 0.000000 0.000000 -1.000000 0.000000 0.000000 -1.000000 0.000000 0.000000 -1.000000 0.000000 0.000000 -1.000000 0.000000 0.000000 -1.000000 0.000000 0.000000 -1.000000 0.000000 0.000000 -1.000000 0.000000 0.000000 -1.000000 0.000000 0.000000 -1.000000 0.000000 0.000000 -1.000000 0.000000 0.000000 -1.000000 0.000000 0.000000 -1.000000 0.000000 0.000000 -1.000000 0.000000 0.000000 -1.000000 0.000000 0.000000 -1.000000 0.000000 0.000000 -1.000000 0.000000 0.000000 -1.000000 0.000000 0.000000 -1.000000 0.000000 0.000000 -1.000000 0.000000 0.000000 -1.000000 0.000000 0.000000 -1.000000 0.000000 0.000000 -1.000000 0.000000 0.000000 -1.000000 0.000000 0.000000 -1.000000 0.000000 0.000000 -1.000000 0.000000 0.000000 -1.000000 0.000000 0.000000 -1.000000 0.000000 0.000000 -1.000000 0.000000 0.000000 -1.000000 0.000000 0.000000 -1.000000 0.000000 0.000000 -1.000000 0.000000 0.000000 -1.000000 0.000000 0.000000 -1.000000 0.000000 0.000000 -1.000000 0.000000 0.000000 -1.000000 0.000000 0.000000 -1.000000 0.000000 0.000000 -1.000000 0.000000 0.000000 -1.000000 0.000000 0.000000 -1.000000 0.000000 0.000000 -1.000000 0.000000 0.000000 -1.000000 0.000000 0.000000 -1.000000 0.000000 0.000000 -1.000000 0.000000 0.000000 -1.000000 0.000000 0.000000 -1.000000 0.000000 0.000000 -1.000000 0.000000 0.000000 -1.000000 0.000000 0.000000 -1.000000 0.000000 0.000000 -1.000000 0.000000 0.000000 -1.000000 0.000000 0.000000 -1.000000 0.000000 0.000000 -1.000000 0.000000 0.000000 -1.000000 0.000000 0.000000 -1.000000 0.000000 0.000000 -1.000000 0.000000 0.000000 -1.000000 0.000000 0.000000 -1.000000 0.000000 0.000000 -1.000000 0.000000 0.000000 -1.000000 0.000000 0.000000 -1.000000 0.000000 0.000000 -1.000000 0.000000 0.000000 -1.000000 0.000000 0.000000 -1.000000 0.000000 0.000000 -1.000000 0.000000 0.000000 -1.000000 0.000000 0.000000 -1.000000 0.000000 0.000000 -1.000000 0.000000 0.000000 -1.000000 0.000000 0.000000 -1.000000 0.000000 0.000000 -1.000000 0.000000 0.000000 -1.000000 0.000000 0.000000 -1.000000 0.000000 0.000000 -1.000000 0.000000 0.000000 -1.000000 0.000000 0.000000 -1.000000 0.000000 0.000000 -1.000000 0.000000 0.000000 -1.000000 0.000000 0.000000 -1.000000 0.000000 0.000000 -1.000000 0.000000 0.000000 -1.000000 0.000000 0.000000 -1.000000 0.000000 0.000000 -1.000000 0.000000 0.000000 -1.000000 0.000000 0.000000 -1.000000 0.000000 0.000000 -1.000000 0.000000 0.000000 -1.000000 0.000000 0.000000 -1.000000 0.000000 0.000000 -1.000000 0.000000 0.000000 -1.000000 0.000000 0.000000 -1.000000 0.000000 0.000000 -1.000000 0.000000 0.000000 -1.000000 0.000000 0.000000 -1.000000 0.000000 0.000000 -1.000000 0.000000 0.000000 -1.000000 0.000000 0.000000 -1.000000 0.000000 0.000000 -1.000000 0.000000 0.000000 -1.000000 0.000000 0.000000 -1.000000 0.000000 0.000000 -1.000000 0.000000 0.000000 -1.000000 0.000000 0.000000 -1.000000 0.000000 0.000000 -1.000000 0.000000 0.000000 -1.000000 0.000000 0.000000 -1.000000 0.000000 0.000000 -1.000000 0.000000 0.000000 -1.000000 0.000000 0.000000 -1.000000 0.000000 0.000000 -1.000000 0.000000 0.000000 -1.000000 0.000000 0.000000 -1.000000 0.000000 0.000000 -1.000000 0.000000 0.000000 -1.000000 0.000000 0.000000 -1.000000 0.000000 0.000000 -1.000000 0.000000 0.000000 -1.000000 0.000000 0.000000 -1.000000 0.000000 0.000000 -1.000000 0.000000 0.000000 -1.000000 0.000000 0.000000 -1.000000 0.000000 0.000000 -1.000000 0.000000 0.000000 -1.000000 0.000000 0.000000 -1.000000 0.000000 0.000000 -1.000000 0.000000 0.000000 -1.000000 0.000000 0.000000 -1.000000 0.000000 0.000000 -1.000000 0.000000 0.000000 -1.000000 0.000000 0.000000 -1.000000 0.000000 0.000000 -1.000000 0.000000 0.000000 -1.000000 0.000000 0.000000 -1.000000 0.000000 0.000000 -1.000000 0.000000 0.000000 -1.000000 0.000000 0.000000 -1.000000 0.000000 0.000000 -1.000000 0.000000 0.000000 -1.000000 0.000000 0.000000 -1.000000 0.000000 0.000000 -1.000000 0.000000 0.000000 -1.000000 0.000000 0.000000 -1.000000 0.000000 0.000000 -1.000000 0.000000 0.000000 -1.000000 0.000000 0.000000 -1.000000 0.000000 0.000000 -1.000000 0.000000 0.000000 -1.000000 0.000000 0.000000 -1.000000 0.000000 0.000000 -1.000000 0.000000 0.000000 -1.000000 0.000000 0.000000 -1.000000 0.000000 0.000000 -1.000000 0.000000 0.000000 -1.000000 0.000000 0.000000 -1.000000 0.000000 0.000000 -1.000000 0.000000 0.000000 -1.000000 0.000000 0.000000 -1.000000 0.000000 0.000000 -1.000000 0.000000 0.000000 -1.000000 0.000000 0.000000 -1.000000 0.000000 0.000000 -1.000000 0.000000 0.000000 -1.000000 0.000000 0.000000 -1.000000 0.000000 0.000000 -1.000000 0.000000 0.000000 -1.000000 0.000000 0.000000 -1.000000 0.000000 0.000000 -1.000000 0.000000 0.000000 -1.000000 0.000000 0.000000 -1.000000 0.000000 0.000000 -1.000000 0.000000 0.000000 -1.000000 0.000000 0.000000 -1.000000 0.000000 0.000000 -1.000000 0.000000 0.000000 -1.000000 0.000000 0.000000 -1.000000 0.000000 0.000000 -1.000000 0.000000 0.000000 -1.000000 0.000000 0.000000 -1.000000 0.000000 0.000000 -1.000000 0.000000 0.000000 -1.000000 0.000000 0.000000 -1.000000 0.000000 0.000000 -1.000000 0.000000 0.000000 -1.000000 0.000000 0.000000 -1.000000 0.000000 0.000000 -1.000000 0.000000 0.000000 -1.000000 0.000000 0.000000 -1.000000 0.000000 0.000000 -1.000000 0.000000 0.000000 -1.000000 0.000000 0.000000 -1.000000 0.000000 0.000000 -1.000000 0.000000 0.000000 -1.000000 0.000000 0.000000 -1.000000 0.000000 0.000000 -1.000000 0.000000 0.000000 -1.000000 0.000000 0.000000 -1.000000 0.000000 0.000000 -1.000000 0.000000 0.000000 -1.000000 0.000000 0.000000 -1.000000 0.000000 0.000000 -1.000000 0.000000 0.000000 -1.000000 0.000000 0.000000 -1.000000 0.000000 0.000000 -1.000000 0.000000 0.000000 -1.000000 0.000000 0.000000 -1.000000 0.000000 0.000000 -1.000000 0.000000 0.000000 -1.000000 0.000000 0.000000 -1.000000 0.000000 0.000000 -1.000000 0.000000 0.000000 -1.000000 0.000000 0.000000 -1.000000 0.000000 0.000000 -1.000000 0.000000 0.000000 -1.000000 0.000000 0.000000 -1.000000 0.000000 0.000000 -1.000000 0.000000 0.000000 -1.000000 0.000000 0.000000 -1.000000 0.000000 0.000000 -1.000000 0.000000 0.000000 -1.000000 0.000000 0.000000 -1.000000 0.000000 0.000000 -1.000000 0.000000 0.000000 -1.000000 0.000000 0.000000 -1.000000 0.000000 0.000000 -1.000000 0.000000 0.000000 -1.000000 0.000000 0.000000 -1.000000 0.000000 0.000000 -1.000000 0.000000 0.000000 -1.000000 0.000000 0.000000 -1.000000 0.000000 0.000000 -1.000000 0.000000 0.000000 -1.000000 0.000000 0.000000 -1.000000 0.000000 0.000000 -1.000000 0.000000 0.000000 -1.000000 0.000000 0.000000 -1.000000 0.000000 0.000000 -1.000000 0.000000 0.000000 -1.000000 0.000000 0.000000 -1.000000 0.000000 0.000000 -1.000000 0.000000 0.000000 -1.000000 0.000000 0.000000 -1.000000 0.000000 0.000000 -1.000000 0.000000 0.000000 -1.000000 0.000000 0.000000 -1.000000 0.000000 0.000000 -1.000000 0.000000 0.000000 -1.000000 0.000000 0.000000 -1.000000 0.000000 0.000000 -1.000000 0.000000 0.000000 -1.000000 0.000000 0.000000 -1.000000 0.000000 0.000000 -1.000000 0.000000 0.000000 -1.000000 0.000000 0.000000 -1.000000 0.000000 0.000000 -1.000000 0.000000 0.000000 -1.000000 0.000000 0.000000 -1.000000 0.000000 0.000000 -1.000000 0.000000 0.000000 -1.000000 0.000000 0.000000 -1.000000 0.000000 0.000000 -1.000000 0.000000 0.000000 -1.000000 0.000000 0.000000 -1.000000 0.000000 0.000000 -1.000000 0.000000 0.000000 -1.000000 0.000000 0.000000 -1.000000 0.000000 0.000000 -1.000000 0.000000 0.000000 -1.000000 0.000000 0.000000 -1.000000 0.000000 0.000000 -1.000000 0.000000 0.000000 -1.000000 0.000000 0.000000 -1.000000 0.000000 0.000000 -1.000000 0.000000 0.000000 -1.000000 0.000000 0.000000 -1.000000 0.000000 0.000000 -1.000000 0.000000 0.000000 -1.000000 0.000000 0.000000 -1.000000 0.000000 0.000000 -1.000000 0.000000 0.000000 -1.000000 0.000000 0.000000 -1.000000 0.000000 0.000000 -1.000000 0.000000 0.000000 -1.000000 0.000000 0.000000 -1.000000 0.000000 0.000000 -1.000000 0.000000 0.000000 -1.000000 0.000000 0.000000 -1.000000 0.000000 0.000000 -1.000000 0.000000 0.000000 -1.000000 0.000000 0.000000 -1.000000 0.000000 0.000000 -1.000000 0.000000 0.000000 -1.000000 0.000000 0.000000 -1.000000 0.000000 0.000000 -1.000000 0.000000 0.000000 -1.000000 0.000000 0.000000 -1.000000 0.000000 0.000000 -1.000000 0.000000 0.000000 -1.000000 0.000000 0.000000 -1.000000 0.000000 0.000000 -1.000000 0.000000 0.000000 -1.000000 0.000000 0.000000 -1.000000 0.000000 0.000000 -1.000000 0.000000 0.000000 -1.000000 0.000000 0.000000 -1.000000 0.000000 0.000000 -1.000000 0.000000 0.000000 -1.000000 0.000000 0.000000 -1.000000 0.000000 0.000000 -1.000000 0.000000 0.000000 -1.000000 0.000000 0.000000 -1.000000 0.000000 0.000000 -1.000000 0.000000 0.000000 -1.000000 0.000000 0.000000 -1.000000 0.000000 0.000000 -1.000000 0.000000 0.000000 -1.000000 0.000000 0.000000 -1.000000 0.000000 0.000000 -1.000000 0.000000 0.000000 -1.000000 0.000000 0.000000 -1.000000 0.000000 0.000000 -1.000000 0.000000 0.000000 -1.000000 0.000000 0.000000 -1.000000 0.000000 0.000000 -1.000000 0.000000 0.000000 -1.000000 0.000000 0.000000 -1.000000 0.000000 0.000000 -1.000000 0.000000 0.000000 -1.000000 0.000000 0.000000 -1.000000 0.000000 0.000000 -1.000000 0.000000 0.000000 -1.000000 0.000000 0.000000 -1.000000 0.000000 0.000000 -1.000000 0.000000 0.000000 -1.000000 0.000000 0.000000 -1.000000 0.000000 0.000000 -1.000000 0.000000 0.000000 -1.000000 0.000000 0.000000 -1.000000 0.000000 0.000000 -1.000000 0.000000 0.000000 -1.000000 0.000000 0.000000 -1.000000 0.000000 0.000000 -1.000000 0.000000 0.000000 -1.000000 0.000000 0.000000 -1.000000 -0.197966 0.980209 -0.000000 -0.197966 0.980209 -0.000000 -0.162328 0.986737 -0.000000 -0.162328 0.986737 -0.000000 -0.126476 0.991970 -0.000000 -0.126476 0.991970 -0.000000 -0.090459 0.995900 -0.000000 -0.090459 0.995900 -0.000000 -0.054323 0.998523 -0.000000 -0.054323 0.998523 -0.000000 -0.018116 0.999836 -0.000000 -0.018116 0.999836 -0.000000 0.018116 0.999836 -0.000000 0.018116 0.999836 -0.000000 0.054323 0.998523 -0.000000 0.054323 0.998523 -0.000000 0.090459 0.995900 -0.000000 0.090459 0.995900 -0.000000 0.126476 0.991970 -0.000000 0.126476 0.991970 -0.000000 0.162328 0.986737 -0.000000 0.162328 0.986737 -0.000000 0.197966 0.980209 -0.000000 0.197966 0.980209 -0.000000 0.259673 0.965697 -0.000000 0.259673 0.965697 -0.000000 0.180206 0.983629 -0.000000 0.180206 0.983629 -0.000000 0.099543 0.995033 -0.000000 0.099543 0.995033 -0.000000 0.018219 0.999834 -0.000000 0.018219 0.999834 -0.000000 -0.063226 0.997999 -0.000000 -0.063226 0.997999 -0.000000 -0.144251 0.989541 -0.000000 -0.144251 0.989541 -0.000000 -0.224319 0.974516 -0.000000 -0.224319 0.974516 -0.000000 -0.302898 0.953023 -0.000000 -0.302898 0.953023 -0.000000 -0.379467 0.925205 -0.000000 -0.379467 0.925205 -0.000000 -0.453518 0.891247 -0.000000 -0.453518 0.891247 -0.000000 -0.524558 0.851375 -0.000000 -0.524558 0.851375 -0.000000 -0.592118 0.805851 -0.000000 -0.592118 0.805851 -0.000000 -0.655747 0.754980 0.000000 -0.655747 0.754980 0.000000 -0.715025 0.699099 0.000000 -0.715025 0.699099 0.000000 -0.769558 0.638577 0.000000 -0.769558 0.638577 0.000000 -0.818983 0.573818 0.000000 -0.818983 0.573818 0.000000 -0.862973 0.505250 0.000000 -0.862973 0.505250 0.000000 -0.901236 0.433330 0.000000 -0.901236 0.433330 0.000000 -0.933517 0.358533 0.000000 -0.933517 0.358533 0.000000 -0.959603 0.281357 0.000000 -0.959603 0.281357 0.000000 -0.979321 0.202314 0.000000 -0.979321 0.202314 0.000000 -0.992539 0.121928 0.000000 -0.992539 0.121928 0.000000 -0.999170 0.040733 0.000000 -0.999170 0.040733 0.000000 -0.999170 -0.040733 0.000000 -0.999170 -0.040733 0.000000 -0.992539 -0.121928 0.000000 -0.992539 -0.121928 0.000000 -0.979321 -0.202314 0.000000 -0.979321 -0.202314 0.000000 -0.959603 -0.281357 0.000000 -0.959603 -0.281357 0.000000 -0.933517 -0.358533 0.000000 -0.933517 -0.358533 0.000000 -0.901236 -0.433330 0.000000 -0.901236 -0.433330 0.000000 -0.862973 -0.505250 0.000000 -0.862973 -0.505250 0.000000 -0.818983 -0.573818 0.000000 -0.818983 -0.573818 0.000000 -0.769558 -0.638577 0.000000 -0.769558 -0.638577 0.000000 -0.715025 -0.699099 0.000000 -0.715025 -0.699099 0.000000 -0.655747 -0.754980 0.000000 -0.655747 -0.754980 0.000000 -0.592118 -0.805851 0.000000 -0.592118 -0.805851 0.000000 -0.524558 -0.851375 0.000000 -0.524558 -0.851375 0.000000 -0.453518 -0.891247 0.000000 -0.453518 -0.891247 0.000000 -0.379467 -0.925205 0.000000 -0.379467 -0.925205 0.000000 -0.302898 -0.953023 0.000000 -0.302898 -0.953023 0.000000 -0.224319 -0.974516 0.000000 -0.224319 -0.974516 0.000000 -0.144251 -0.989541 0.000000 -0.144251 -0.989541 0.000000 -0.063226 -0.997999 0.000000 -0.063226 -0.997999 0.000000 0.018219 -0.999834 0.000000 0.018219 -0.999834 0.000000 0.099543 -0.995033 0.000000 0.099543 -0.995033 0.000000 0.180206 -0.983629 0.000000 0.180206 -0.983629 0.000000 0.259673 -0.965697 0.000000 0.259673 -0.965697 0.000000 0.193515 -0.981097 0.000000 0.193515 -0.981097 0.000000 0.158663 -0.987333 0.000000 0.158663 -0.987333 0.000000 0.123611 -0.992331 0.000000 0.123611 -0.992331 0.000000 0.088404 -0.996085 0.000000 0.088404 -0.996085 0.000000 0.053087 -0.998590 0.000000 0.053087 -0.998590 0.000000 0.017703 -0.999843 0.000000 0.017703 -0.999843 0.000000 -0.017703 -0.999843 0.000000 -0.017703 -0.999843 0.000000 -0.053087 -0.998590 0.000000 -0.053087 -0.998590 0.000000 -0.088404 -0.996085 0.000000 -0.088404 -0.996085 0.000000 -0.123611 -0.992331 0.000000 -0.123611 -0.992331 0.000000 -0.158663 -0.987333 0.000000 -0.158663 -0.987333 0.000000 -0.193515 -0.981097 0.000000 -0.193515 -0.981097 0.000000 -0.259673 -0.965697 0.000000 -0.259673 -0.965697 0.000000 -0.180206 -0.983629 0.000000 -0.180206 -0.983629 0.000000 -0.099543 -0.995033 0.000000 -0.099543 -0.995033 0.000000 -0.018219 -0.999834 0.000000 -0.018219 -0.999834 0.000000 0.063226 -0.997999 0.000000 0.063226 -0.997999 0.000000 0.144251 -0.989541 0.000000 0.144251 -0.989541 0.000000 0.224319 -0.974516 0.000000 0.224319 -0.974516 0.000000 0.302898 -0.953023 0.000000 0.302898 -0.953023 0.000000 0.379467 -0.925205 0.000000 0.379467 -0.925205 0.000000 0.453518 -0.891247 0.000000 0.453518 -0.891247 0.000000 0.524558 -0.851375 0.000000 0.524558 -0.851375 0.000000 0.592118 -0.805851 0.000000 0.592118 -0.805851 0.000000 0.655747 -0.754980 -0.000000 0.655747 -0.754980 -0.000000 0.715025 -0.699099 -0.000000 0.715025 -0.699099 -0.000000 0.769558 -0.638577 -0.000000 0.769558 -0.638577 -0.000000 0.818983 -0.573818 -0.000000 0.818983 -0.573818 -0.000000 0.862973 -0.505250 -0.000000 0.862973 -0.505250 -0.000000 0.901236 -0.433330 -0.000000 0.901236 -0.433330 -0.000000 0.933517 -0.358533 -0.000000 0.933517 -0.358533 -0.000000 0.959603 -0.281357 -0.000000 0.959603 -0.281357 -0.000000 0.979321 -0.202314 -0.000000 0.979321 -0.202314 -0.000000 0.992539 -0.121928 -0.000000 0.992539 -0.121928 -0.000000 0.999170 -0.040733 -0.000000 0.999170 -0.040733 -0.000000 0.999170 0.040733 -0.000000 0.999170 0.040733 -0.000000 0.992539 0.121928 -0.000000 0.992539 0.121928 -0.000000 0.979321 0.202314 -0.000000 0.979321 0.202314 -0.000000 0.959603 0.281357 -0.000000 0.959603 0.281357 -0.000000 0.933517 0.358533 -0.000000 0.933517 0.358533 -0.000000 0.901236 0.433330 -0.000000 0.901236 0.433330 -0.000000 0.862973 0.505250 -0.000000 0.862973 0.505250 -0.000000 0.818983 0.573818 -0.000000 0.818983 0.573818 -0.000000 0.769558 0.638577 -0.000000 0.769558 0.638577 -0.000000 0.715025 0.699099 -0.000000 0.715025 0.699099 -0.000000 0.655747 0.754980 -0.000000 0.655747 0.754980 -0.000000 0.592118 0.805851 -0.000000 0.592118 0.805851 -0.000000 0.524558 0.851375 -0.000000 0.524558 0.851375 -0.000000 0.453518 0.891247 -0.000000 0.453518 0.891247 -0.000000 0.379467 0.925205 -0.000000 0.379467 0.925205 -0.000000 0.302898 0.953023 -0.000000 0.302898 0.953023 -0.000000 0.224319 0.974516 -0.000000 0.224319 0.974516 -0.000000 0.144251 0.989541 -0.000000 0.144251 0.989541 -0.000000 0.063226 0.997999 -0.000000 0.063226 0.997999 -0.000000 -0.018219 0.999834 -0.000000 -0.018219 0.999834 -0.000000 -0.099543 0.995033 -0.000000 -0.099543 0.995033 -0.000000 -0.180206 0.983629 -0.000000 -0.180206 0.983629 -0.000000 -0.259673 0.965697 -0.000000 -0.259673 0.965697 -0.000000 -0.000000 -0.000000 1.000000 -0.000000 -0.000000 1.000000 -0.000000 -0.000000 1.000000 -0.000000 -0.000000 1.000000 -0.000000 -0.000000 1.000000 -0.000000 -0.000000 1.000000 -0.000000 -0.000000 1.000000 -0.000000 -0.000000 1.000000 -0.000000 -0.000000 1.000000 -0.000000 -0.000000 1.000000 -0.000000 -0.000000 1.000000 -0.000000 -0.000000 1.000000 -0.000000 -0.000000 1.000000 -0.000000 -0.000000 1.000000 -0.000000 -0.000000 1.000000 -0.000000 -0.000000 1.000000 -0.000000 -0.000000 1.000000 -0.000000 -0.000000 1.000000 -0.000000 -0.000000 1.000000 -0.000000 -0.000000 1.000000 -0.000000 -0.000000 1.000000 -0.000000 -0.000000 1.000000 -0.000000 -0.000000 1.000000 -0.000000 -0.000000 1.000000 -0.000000 -0.000000 1.000000 -0.000000 -0.000000 1.000000 -0.000000 -0.000000 1.000000 -0.000000 -0.000000 1.000000 -0.000000 -0.000000 1.000000 -0.000000 -0.000000 1.000000 -0.000000 -0.000000 1.000000 -0.000000 -0.000000 1.000000 -0.000000 -0.000000 1.000000 -0.000000 -0.000000 1.000000 -0.000000 -0.000000 1.000000 -0.000000 -0.000000 1.000000 -0.000000 -0.000000 1.000000 -0.000000 -0.000000 1.000000 -0.000000 -0.000000 1.000000 -0.000000 -0.000000 1.000000 -0.000000 -0.000000 1.000000 -0.000000 -0.000000 1.000000 -0.000000 -0.000000 1.000000 -0.000000 -0.000000 1.000000 -0.000000 -0.000000 1.000000 -0.000000 -0.000000 1.000000 -0.000000 -0.000000 1.000000 -0.000000 -0.000000 1.000000 -0.000000 -0.000000 1.000000 -0.000000 -0.000000 1.000000 -0.000000 -0.000000 1.000000 -0.000000 -0.000000 1.000000 -0.000000 -0.000000 1.000000 -0.000000 -0.000000 1.000000 -0.000000 -0.000000 1.000000 -0.000000 -0.000000 1.000000 -0.000000 -0.000000 1.000000 -0.000000 -0.000000 1.000000 -0.000000 -0.000000 1.000000 -0.000000 -0.000000 1.000000 -0.000000 -0.000000 1.000000 -0.000000 -0.000000 1.000000 -0.000000 -0.000000 1.000000 -0.000000 -0.000000 1.000000 -0.000000 -0.000000 1.000000 -0.000000 -0.000000 1.000000 -0.000000 -0.000000 1.000000 -0.000000 -0.000000 1.000000 -0.000000 -0.000000 1.000000 -0.000000 -0.000000 1.000000 -0.000000 -0.000000 1.000000 -0.000000 -0.000000 1.000000 -0.000000 -0.000000 1.000000 -0.000000 -0.000000 1.000000 -0.000000 -0.000000 1.000000 -0.000000 -0.000000 1.000000 -0.000000 -0.000000 1.000000 -0.000000 -0.000000 1.000000 -0.000000 -0.000000 1.000000 -0.000000 -0.000000 1.000000 -0.000000 -0.000000 1.000000 -0.000000 -0.000000 1.000000 -0.000000 -0.000000 1.000000 -0.000000 -0.000000 1.000000 -0.000000 -0.000000 1.000000 -0.000000 -0.000000 1.000000 -0.000000 -0.000000 1.000000 -0.000000 -0.000000 1.000000 -0.000000 -0.000000 1.000000 -0.000000 -0.000000 1.000000 -0.000000 -0.000000 1.000000 -0.000000 -0.000000 1.000000 -0.000000 -0.000000 1.000000 -0.000000 -0.000000 1.000000 -0.000000 -0.000000 1.000000 -0.000000 -0.000000 1.000000 -0.000000 -0.000000 1.000000 -0.000000 -0.000000 1.000000 -0.000000 -0.000000 1.000000 -0.000000 -0.000000 1.000000 -0.000000 -0.000000 1.000000 -0.000000 -0.000000 1.000000 -0.000000 -0.000000 1.000000 -0.000000 -0.000000 1.000000 -0.000000 -0.000000 1.000000 -0.000000 -0.000000 1.000000 -0.000000 -0.000000 1.000000 -0.000000 -0.000000 1.000000 -0.000000 -0.000000 1.000000 -0.000000 -0.000000 1.000000 -0.000000 -0.000000 1.000000 -0.000000 -0.000000 1.000000 -0.000000 -0.000000 1.000000 -0.000000 -0.000000 1.000000 -0.000000 -0.000000 1.000000 -0.000000 -0.000000 1.000000 -0.000000 -0.000000 1.000000 -0.000000 -0.000000 1.000000 -0.000000 -0.000000 1.000000 -0.000000 -0.000000 1.000000 -0.000000 -0.000000 1.000000 -0.000000 -0.000000 1.000000 -0.000000 -0.000000 1.000000 -0.000000 -0.000000 1.000000 -0.000000 -0.000000 1.000000 -0.000000 -0.000000 1.000000 -0.000000 -0.000000 1.000000 -0.000000 -0.000000 1.000000 -0.000000 -0.000000 1.000000 -0.000000 -0.000000 1.000000 -0.000000 -0.000000 1.000000 -0.000000 -0.000000 1.000000 -0.000000 -0.000000 1.000000 -0.000000 -0.000000 1.000000 -0.000000 -0.000000 1.000000 -0.000000 -0.000000 1.000000 -0.000000 -0.000000 1.000000 -0.000000 -0.000000 1.000000 -0.000000 -0.000000 1.000000 -0.000000 -0.000000 1.000000 -0.000000 -0.000000 1.000000 -0.000000 -0.000000 1.000000 -0.000000 -0.000000 1.000000 -0.000000 -0.000000 1.000000 -0.000000 -0.000000 1.000000 -0.000000 -0.000000 1.000000 -0.000000 -0.000000 1.000000 -0.000000 -0.000000 1.000000 -0.000000 -0.000000 1.000000 -0.000000 -0.000000 1.000000 -0.000000 -0.000000 1.000000 -0.000000 -0.000000 1.000000 -0.000000 -0.000000 1.000000 -0.000000 -0.000000 1.000000 -0.000000 -0.000000 1.000000 -0.000000 -0.000000 1.000000 -0.000000 -0.000000 1.000000 -0.000000 -0.000000 1.000000 -0.000000 -0.000000 1.000000 -0.000000 -0.000000 1.000000 -0.000000 -0.000000 1.000000 -0.000000 -0.000000 1.000000 -0.000000 -0.000000 1.000000 -0.000000 -0.000000 1.000000 -0.000000 -0.000000 1.000000 -0.000000 -0.000000 1.000000 -0.000000 -0.000000 1.000000 -0.000000 -0.000000 1.000000 -0.000000 -0.000000 1.000000 -0.000000 -0.000000 1.000000 -0.000000 -0.000000 1.000000 -0.000000 -0.000000 1.000000 -0.000000 -0.000000 1.000000 -0.000000 -0.000000 1.000000 -0.000000 -0.000000 1.000000 -0.000000 -0.000000 1.000000 -0.000000 -0.000000 1.000000 -0.000000 -0.000000 1.000000 -0.000000 -0.000000 1.000000 -0.000000 -0.000000 1.000000 -0.000000 -0.000000 1.000000 -0.000000 -0.000000 1.000000 -0.000000 -0.000000 1.000000 -0.000000 -0.000000 1.000000 -0.000000 -0.000000 1.000000 -0.000000 -0.000000 1.000000 -0.000000 -0.000000 1.000000 -0.000000 -0.000000 1.000000 -0.000000 -0.000000 1.000000 -0.000000 -0.000000 1.000000 -0.000000 -0.000000 1.000000 -0.000000 -0.000000 1.000000 -0.000000 -0.000000 1.000000 -0.000000 -0.000000 1.000000 -0.000000 -0.000000 1.000000 -0.000000 -0.000000 1.000000 -0.000000 -0.000000 1.000000 -0.000000 -0.000000 1.000000 -0.000000 -0.000000 1.000000 -0.000000 -0.000000 1.000000 -0.000000 -0.000000 1.000000 -0.000000 -0.000000 1.000000 -0.000000 -0.000000 1.000000 -0.000000 -0.000000 1.000000 -0.000000 -0.000000 1.000000 -0.000000 -0.000000 1.000000 -0.000000 -0.000000 1.000000 -0.000000 -0.000000 1.000000 -0.000000 -0.000000 1.000000 -0.000000 -0.000000 1.000000 -0.000000 -0.000000 1.000000 -0.000000 -0.000000 1.000000 -0.000000 -0.000000 1.000000 -0.000000 -0.000000 1.000000 -0.000000 -0.000000 1.000000 -0.000000 -0.000000 1.000000 -0.000000 -0.000000 1.000000 -0.000000 -0.000000 1.000000 -0.000000 -0.000000 1.000000 -0.000000 -0.000000 1.000000 -0.000000 -0.000000 1.000000 -0.000000 -0.000000 1.000000 -0.000000 -0.000000 1.000000 -0.000000 -0.000000 1.000000 -0.000000 -0.000000 1.000000 -0.000000 -0.000000 1.000000 -0.000000 -0.000000 1.000000 -0.000000 -0.000000 1.000000 -0.000000 -0.000000 1.000000 -0.000000 -0.000000 1.000000 -0.000000 -0.000000 1.000000 -0.000000 -0.000000 1.000000 -0.000000 -0.000000 1.000000 -0.000000 -0.000000 1.000000 -0.000000 -0.000000 1.000000 -0.000000 -0.000000 1.000000 -0.000000 -0.000000 1.000000 -0.000000 -0.000000 1.000000 -0.000000 -0.000000 1.000000 -0.000000 -0.000000 1.000000 -0.000000 -0.000000 1.000000 -0.000000 -0.000000 1.000000 -0.000000 -0.000000 1.000000 -0.000000 -0.000000 1.000000 -0.000000 -0.000000 1.000000 -0.000000 -0.000000 1.000000 -0.000000 -0.000000 1.000000 -0.000000 -0.000000 1.000000 -0.000000 -0.000000 1.000000 -0.000000 -0.000000 1.000000 -0.000000 -0.000000 1.000000 -0.000000 -0.000000 1.000000 -0.000000 -0.000000 1.000000 -0.000000 -0.000000 1.000000 -0.000000 -0.000000 1.000000 -0.000000 -0.000000 1.000000 -0.000000 -0.000000 1.000000 -0.000000 -0.000000 1.000000 -0.000000 -0.000000 1.000000 -0.000000 -0.000000 1.000000 -0.000000 -0.000000 1.000000 -0.000000 -0.000000 1.000000 -0.000000 -0.000000 1.000000 -0.000000 -0.000000 1.000000 -0.000000 -0.000000 1.000000 -0.000000 -0.000000 1.000000 -0.000000 -0.000000 1.000000 -0.000000 -0.000000 1.000000 -0.000000 -0.000000 1.000000 -0.000000 -0.000000 1.000000 -0.000000 -0.000000 1.000000 -0.000000 -0.000000 1.000000 -0.000000 -0.000000 1.000000 -0.000000 -0.000000 1.000000 -0.000000 -0.000000 1.000000 -0.000000 -0.000000 1.000000 -0.000000 -0.000000 1.000000 -0.000000 -0.000000 1.000000 -0.000000 -0.000000 1.000000 -0.000000 -0.000000 1.000000 0.258819 -0.965926 0.000000 0.258819 -0.965926 0.000000 0.000000 -1.000000 0.000000 0.000000 -1.000000 0.000000 -0.258819 -0.965926 0.000000 -0.258819 -0.965926 0.000000 -0.500000 -0.866025 0.000000 -0.500000 -0.866025 0.000000 -0.707107 -0.707107 0.000000 -0.707107 -0.707107 0.000000 -0.866025 -0.500000 0.000000 -0.866025 -0.500000 0.000000 -0.965926 -0.258819 0.000000 -0.965926 -0.258819 0.000000 -1.000000 0.000000 0.000000 -1.000000 0.000000 0.000000 -0.965926 0.258819 0.000000 -0.965926 0.258819 0.000000 -0.866025 0.500000 0.000000 -0.866025 0.500000 0.000000 -0.707107 0.707107 0.000000 -0.707107 0.707107 0.000000 -0.500000 0.866025 -0.000000 -0.500000 0.866025 -0.000000 -0.258819 0.965926 -0.000000 -0.258819 0.965926 -0.000000 -0.000000 1.000000 -0.000000 -0.000000 1.000000 -0.000000 0.258819 0.965926 -0.000000 0.258819 0.965926 -0.000000 0.500000 0.866025 -0.000000 0.500000 0.866025 -0.000000 0.707107 0.707107 -0.000000 0.707107 0.707107 -0.000000 0.866025 0.500000 -0.000000 0.866025 0.500000 -0.000000 0.965926 0.258819 -0.000000 0.965926 0.258819 -0.000000 1.000000 -0.000000 -0.000000 1.000000 -0.000000 -0.000000 0.965926 -0.258819 -0.000000 0.965926 -0.258819 -0.000000 0.866025 -0.500000 -0.000000 0.866025 -0.500000 -0.000000 0.707107 -0.707107 -0.000000 0.707107 -0.707107 -0.000000 0.500000 -0.866025 0.000000 0.500000 -0.866025 0.000000 0.258819 -0.965926 0.000000 0.258819 -0.965926 0.000000 0.000000 -1.000000 0.000000 0.000000 -1.000000 0.000000 -0.258819 -0.965926 0.000000 -0.258819 -0.965926 0.000000 -0.500000 -0.866025 0.000000 -0.500000 -0.866025 0.000000 -0.707107 -0.707107 0.000000 -0.707107 -0.707107 0.000000 -0.866025 -0.500000 0.000000 -0.866025 -0.500000 0.000000 -0.965926 -0.258819 0.000000 -0.965926 -0.258819 0.000000 -1.000000 0.000000 0.000000 -1.000000 0.000000 0.000000 -0.965926 0.258819 0.000000 -0.965926 0.258819 0.000000 -0.866025 0.500000 0.000000 -0.866025 0.500000 0.000000 -0.707107 0.707107 0.000000 -0.707107 0.707107 0.000000 -0.500000 0.866025 -0.000000 -0.500000 0.866025 -0.000000 -0.258819 0.965926 -0.000000 -0.258819 0.965926 -0.000000 -0.000000 1.000000 -0.000000 -0.000000 1.000000 -0.000000 0.258819 0.965926 -0.000000 0.258819 0.965926 -0.000000 0.500000 0.866025 -0.000000 0.500000 0.866025 -0.000000 0.707107 0.707107 -0.000000 0.707107 0.707107 -0.000000 0.866025 0.500000 -0.000000 0.866025 0.500000 -0.000000 0.965926 0.258819 -0.000000 0.965926 0.258819 -0.000000 1.000000 -0.000000 -0.000000 1.000000 -0.000000 -0.000000 0.965926 -0.258819 -0.000000 0.965926 -0.258819 -0.000000 0.866025 -0.500000 -0.000000 0.866025 -0.500000 -0.000000 0.707107 -0.707107 -0.000000 0.707107 -0.707107 -0.000000 0.500000 -0.866025 0.000000 0.500000 -0.866025 0.000000 0.258819 -0.965926 0.000000 0.258819 -0.965926 0.000000 0.000000 -1.000000 0.000000 0.000000 -1.000000 0.000000 -0.258819 -0.965926 0.000000 -0.258819 -0.965926 0.000000 -0.500000 -0.866025 0.000000 -0.500000 -0.866025 0.000000 -0.707107 -0.707107 0.000000 -0.707107 -0.707107 0.000000 -0.866025 -0.500000 0.000000 -0.866025 -0.500000 0.000000 -0.965926 -0.258819 0.000000 -0.965926 -0.258819 0.000000 -1.000000 0.000000 0.000000 -1.000000 0.000000 0.000000 -0.965926 0.258819 0.000000 -0.965926 0.258819 0.000000 -0.866025 0.500000 0.000000 -0.866025 0.500000 0.000000 -0.707107 0.707107 0.000000 -0.707107 0.707107 0.000000 -0.500000 0.866025 -0.000000 -0.500000 0.866025 -0.000000 -0.258819 0.965926 -0.000000 -0.258819 0.965926 -0.000000 -0.000000 1.000000 -0.000000 -0.000000 1.000000 -0.000000 0.258819 0.965926 -0.000000 0.258819 0.965926 -0.000000 0.500000 0.866025 -0.000000 0.500000 0.866025 -0.000000 0.707107 0.707107 -0.000000 0.707107 0.707107 -0.000000 0.866025 0.500000 -0.000000 0.866025 0.500000 -0.000000 0.965926 0.258819 -0.000000 0.965926 0.258819 -0.000000 1.000000 -0.000000 -0.000000 1.000000 -0.000000 -0.000000 0.965926 -0.258819 -0.000000 0.965926 -0.258819 -0.000000 0.866025 -0.500000 -0.000000 0.866025 -0.500000 -0.000000 0.707107 -0.707107 -0.000000 0.707107 -0.707107 -0.000000 0.500000 -0.866025 0.000000 0.500000 -0.866025 0.000000 0.258819 -0.965926 0.000000 0.258819 -0.965926 0.000000 0.000000 -1.000000 0.000000 0.000000 -1.000000 0.000000 -0.258819 -0.965926 0.000000 -0.258819 -0.965926 0.000000 -0.500000 -0.866025 0.000000 -0.500000 -0.866025 0.000000 -0.707107 -0.707107 0.000000 -0.707107 -0.707107 0.000000 -0.866025 -0.500000 0.000000 -0.866025 -0.500000 0.000000 -0.965926 -0.258819 0.000000 -0.965926 -0.258819 0.000000 -1.000000 0.000000 0.000000 -1.000000 0.000000 0.000000 -0.965926 0.258819 0.000000 -0.965926 0.258819 0.000000 -0.866025 0.500000 0.000000 -0.866025 0.500000 0.000000 -0.707107 0.707107 0.000000 -0.707107 0.707107 0.000000 -0.500000 0.866025 -0.000000 -0.500000 0.866025 -0.000000 -0.258819 0.965926 -0.000000 -0.258819 0.965926 -0.000000 -0.000000 1.000000 -0.000000 -0.000000 1.000000 -0.000000 0.258819 0.965926 -0.000000 0.258819 0.965926 -0.000000 0.500000 0.866025 -0.000000 0.500000 0.866025 -0.000000 0.707107 0.707107 -0.000000 0.707107 0.707107 -0.000000 0.866025 0.500000 -0.000000 0.866025 0.500000 -0.000000 0.965926 0.258819 -0.000000 0.965926 0.258819 -0.000000 1.000000 -0.000000 -0.000000 1.000000 -0.000000 -0.000000 0.965926 -0.258819 -0.000000 0.965926 -0.258819 -0.000000 0.866025 -0.500000 -0.000000 0.866025 -0.500000 -0.000000 0.707107 -0.707107 -0.000000 0.707107 -0.707107 -0.000000 0.500000 -0.866025 0.000000 0.500000 -0.866025 0.000000 0.258819 -0.965926 0.000000 0.258819 -0.965926 0.000000 0.000000 -1.000000 0.000000 0.000000 -1.000000 0.000000 -0.258819 -0.965926 0.000000 -0.258819 -0.965926 0.000000 -0.500000 -0.866025 0.000000 -0.500000 -0.866025 0.000000 -0.707107 -0.707107 0.000000 -0.707107 -0.707107 0.000000 -0.866025 -0.500000 0.000000 -0.866025 -0.500000 0.000000 -0.965926 -0.258819 0.000000 -0.965926 -0.258819 0.000000 -1.000000 0.000000 0.000000 -1.000000 0.000000 0.000000 -0.965926 0.258819 0.000000 -0.965926 0.258819 0.000000 -0.866025 0.500000 0.000000 -0.866025 0.500000 0.000000 -0.707107 0.707107 0.000000 -0.707107 0.707107 0.000000 -0.500000 0.866025 -0.000000 -0.500000 0.866025 -0.000000 -0.258819 0.965926 -0.000000 -0.258819 0.965926 -0.000000 -0.000000 1.000000 -0.000000 -0.000000 1.000000 -0.000000 0.258819 0.965926 -0.000000 0.258819 0.965926 -0.000000 0.500000 0.866025 -0.000000 0.500000 0.866025 -0.000000 0.707107 0.707107 -0.000000 0.707107 0.707107 -0.000000 0.866025 0.500000 -0.000000 0.866025 0.500000 -0.000000 0.965926 0.258819 -0.000000 0.965926 0.258819 -0.000000 1.000000 -0.000000 -0.000000 1.000000 -0.000000 -0.000000 0.965926 -0.258819 -0.000000 0.965926 -0.258819 -0.000000 0.866025 -0.500000 -0.000000 0.866025 -0.500000 -0.000000 0.707107 -0.707107 -0.000000 0.707107 -0.707107 -0.000000 0.500000 -0.866025 0.000000 0.500000 -0.866025 0.000000 0.258819 -0.965926 0.000000 0.258819 -0.965926 0.000000 0.000000 -1.000000 0.000000 0.000000 -1.000000 0.000000 -0.258819 -0.965926 0.000000 -0.258819 -0.965926 0.000000 -0.500000 -0.866025 0.000000 -0.500000 -0.866025 0.000000 -0.707107 -0.707107 0.000000 -0.707107 -0.707107 0.000000 -0.866025 -0.500000 0.000000 -0.866025 -0.500000 0.000000 -0.965926 -0.258819 0.000000 -0.965926 -0.258819 0.000000 -1.000000 0.000000 0.000000 -1.000000 0.000000 0.000000 -0.965926 0.258819 0.000000 -0.965926 0.258819 0.000000 -0.866025 0.500000 0.000000 -0.866025 0.500000 0.000000 -0.707107 0.707107 0.000000 -0.707107 0.707107 0.000000 -0.500000 0.866025 -0.000000 -0.500000 0.866025 -0.000000 -0.258819 0.965926 -0.000000 -0.258819 0.965926 -0.000000 -0.000000 1.000000 -0.000000 -0.000000 1.000000 -0.000000 0.258819 0.965926 -0.000000 0.258819 0.965926 -0.000000 0.500000 0.866025 -0.000000 0.500000 0.866025 -0.000000 0.707107 0.707107 -0.000000 0.707107 0.707107 -0.000000 0.866025 0.500000 -0.000000 0.866025 0.500000 -0.000000 0.965926 0.258819 -0.000000 0.965926 0.258819 -0.000000 1.000000 -0.000000 -0.000000 1.000000 -0.000000 -0.000000 0.965926 -0.258819 -0.000000 0.965926 -0.258819 -0.000000 0.866025 -0.500000 -0.000000 0.866025 -0.500000 -0.000000 0.707107 -0.707107 -0.000000 0.707107 -0.707107 -0.000000 0.500000 -0.866025 0.000000 0.500000 -0.866025 0.000000 0.258819 -0.965926 0.000000 0.258819 -0.965926 0.000000 0.000000 -1.000000 0.000000 0.000000 -1.000000 0.000000 -0.258819 -0.965926 0.000000 -0.258819 -0.965926 0.000000 -0.500000 -0.866025 0.000000 -0.500000 -0.866025 0.000000 -0.707107 -0.707107 0.000000 -0.707107 -0.707107 0.000000 -0.866025 -0.500000 0.000000 -0.866025 -0.500000 0.000000 -0.965926 -0.258819 0.000000 -0.965926 -0.258819 0.000000 -1.000000 0.000000 0.000000 -1.000000 0.000000 0.000000 -0.965926 0.258819 0.000000 -0.965926 0.258819 0.000000 -0.866025 0.500000 0.000000 -0.866025 0.500000 0.000000 -0.707107 0.707107 0.000000 -0.707107 0.707107 0.000000 -0.500000 0.866025 -0.000000 -0.500000 0.866025 -0.000000 -0.258819 0.965926 -0.000000 -0.258819 0.965926 -0.000000 -0.000000 1.000000 -0.000000 -0.000000 1.000000 -0.000000 0.258819 0.965926 -0.000000 0.258819 0.965926 -0.000000 0.500000 0.866025 -0.000000 0.500000 0.866025 -0.000000 0.707107 0.707107 -0.000000 0.707107 0.707107 -0.000000 0.866025 0.500000 -0.000000 0.866025 0.500000 -0.000000 0.965926 0.258819 -0.000000 0.965926 0.258819 -0.000000 1.000000 -0.000000 -0.000000 1.000000 -0.000000 -0.000000 0.965926 -0.258819 -0.000000 0.965926 -0.258819 -0.000000 0.866025 -0.500000 -0.000000 0.866025 -0.500000 -0.000000 0.707107 -0.707107 -0.000000 0.707107 -0.707107 -0.000000 0.500000 -0.866025 0.000000 0.500000 -0.866025 0.000000 -0.258819 -0.965926 0.000000 -0.258819 -0.965926 0.000000 0.000000 -1.000000 0.000000 0.000000 -1.000000 0.000000 0.258819 -0.965926 0.000000 0.258819 -0.965926 0.000000 0.500000 -0.866025 0.000000 0.500000 -0.866025 0.000000 0.707107 -0.707107 -0.000000 0.707107 -0.707107 -0.000000 0.866025 -0.500000 -0.000000 0.866025 -0.500000 -0.000000 0.965926 -0.258819 -0.000000 0.965926 -0.258819 -0.000000 1.000000 -0.000000 -0.000000 1.000000 -0.000000 -0.000000 0.965926 0.258819 -0.000000 0.965926 0.258819 -0.000000 0.866025 0.500000 -0.000000 0.866025 0.500000 -0.000000 0.707107 0.707107 -0.000000 0.707107 0.707107 -0.000000 0.500000 0.866025 -0.000000 0.500000 0.866025 -0.000000 0.258819 0.965926 -0.000000 0.258819 0.965926 -0.000000 -0.000000 1.000000 -0.000000 -0.000000 1.000000 -0.000000 -0.258819 0.965926 -0.000000 -0.258819 0.965926 -0.000000 -0.500000 0.866025 -0.000000 -0.500000 0.866025 -0.000000 -0.707107 0.707107 0.000000 -0.707107 0.707107 0.000000 -0.866025 0.500000 0.000000 -0.866025 0.500000 0.000000 -0.965926 0.258819 0.000000 -0.965926 0.258819 0.000000 -1.000000 0.000000 0.000000 -1.000000 0.000000 0.000000 -0.965926 -0.258819 0.000000 -0.965926 -0.258819 0.000000 -0.866025 -0.500000 0.000000 -0.866025 -0.500000 0.000000 -0.707107 -0.707107 0.000000 -0.707107 -0.707107 0.000000 -0.500000 -0.866025 0.000000 -0.500000 -0.866025 0.000000 -0.258819 -0.965926 0.000000 -0.258819 -0.965926 0.000000 0.000000 -1.000000 0.000000 0.000000 -1.000000 0.000000 0.258819 -0.965926 0.000000 0.258819 -0.965926 0.000000 0.500000 -0.866025 0.000000 0.500000 -0.866025 0.000000 0.707107 -0.707107 -0.000000 0.707107 -0.707107 -0.000000 0.866025 -0.500000 -0.000000 0.866025 -0.500000 -0.000000 0.965926 -0.258819 -0.000000 0.965926 -0.258819 -0.000000 1.000000 -0.000000 -0.000000 1.000000 -0.000000 -0.000000 0.965926 0.258819 -0.000000 0.965926 0.258819 -0.000000 0.866025 0.500000 -0.000000 0.866025 0.500000 -0.000000 0.707107 0.707107 -0.000000 0.707107 0.707107 -0.000000 0.500000 0.866025 -0.000000 0.500000 0.866025 -0.000000 0.258819 0.965926 -0.000000 0.258819 0.965926 -0.000000 -0.000000 1.000000 -0.000000 -0.000000 1.000000 -0.000000 -0.258819 0.965926 -0.000000 -0.258819 0.965926 -0.000000 -0.500000 0.866025 -0.000000 -0.500000 0.866025 -0.000000 -0.707107 0.707107 0.000000 -0.707107 0.707107 0.000000 -0.866025 0.500000 0.000000 -0.866025 0.500000 0.000000 -0.965926 0.258819 0.000000 -0.965926 0.258819 0.000000 -1.000000 0.000000 0.000000 -1.000000 0.000000 0.000000 -0.965926 -0.258819 0.000000 -0.965926 -0.258819 0.000000 -0.866025 -0.500000 0.000000 -0.866025 -0.500000 0.000000 -0.707107 -0.707107 0.000000 -0.707107 -0.707107 0.000000 -0.500000 -0.866025 0.000000 -0.500000 -0.866025 0.000000 -0.258819 -0.965926 0.000000 -0.258819 -0.965926 0.000000 0.000000 -1.000000 0.000000 0.000000 -1.000000 0.000000 0.258819 -0.965926 0.000000 0.258819 -0.965926 0.000000 0.500000 -0.866025 0.000000 0.500000 -0.866025 0.000000 0.707107 -0.707107 -0.000000 0.707107 -0.707107 -0.000000 0.866025 -0.500000 -0.000000 0.866025 -0.500000 -0.000000 0.965926 -0.258819 -0.000000 0.965926 -0.258819 -0.000000 1.000000 -0.000000 -0.000000 1.000000 -0.000000 -0.000000 0.965926 0.258819 -0.000000 0.965926 0.258819 -0.000000 0.866025 0.500000 -0.000000 0.866025 0.500000 -0.000000 0.707107 0.707107 -0.000000 0.707107 0.707107 -0.000000 0.500000 0.866025 -0.000000 0.500000 0.866025 -0.000000 0.258819 0.965926 -0.000000 0.258819 0.965926 -0.000000 -0.000000 1.000000 -0.000000 -0.000000 1.000000 -0.000000 -0.258819 0.965926 -0.000000 -0.258819 0.965926 -0.000000 -0.500000 0.866025 -0.000000 -0.500000 0.866025 -0.000000 -0.707107 0.707107 0.000000 -0.707107 0.707107 0.000000 -0.866025 0.500000 0.000000 -0.866025 0.500000 0.000000 -0.965926 0.258819 0.000000 -0.965926 0.258819 0.000000 -1.000000 0.000000 0.000000 -1.000000 0.000000 0.000000 -0.965926 -0.258819 0.000000 -0.965926 -0.258819 0.000000 -0.866025 -0.500000 0.000000 -0.866025 -0.500000 0.000000 -0.707107 -0.707107 0.000000 -0.707107 -0.707107 0.000000 -0.500000 -0.866025 0.000000 -0.500000 -0.866025 0.000000 -0.258819 -0.965926 0.000000 -0.258819 -0.965926 0.000000 0.000000 -1.000000 0.000000 0.000000 -1.000000 0.000000 0.258819 -0.965926 0.000000 0.258819 -0.965926 0.000000 0.500000 -0.866025 0.000000 0.500000 -0.866025 0.000000 0.707107 -0.707107 -0.000000 0.707107 -0.707107 -0.000000 0.866025 -0.500000 -0.000000 0.866025 -0.500000 -0.000000 0.965926 -0.258819 -0.000000 0.965926 -0.258819 -0.000000 1.000000 -0.000000 -0.000000 1.000000 -0.000000 -0.000000 0.965926 0.258819 -0.000000 0.965926 0.258819 -0.000000 0.866025 0.500000 -0.000000 0.866025 0.500000 -0.000000 0.707107 0.707107 -0.000000 0.707107 0.707107 -0.000000 0.500000 0.866025 -0.000000 0.500000 0.866025 -0.000000 0.258819 0.965926 -0.000000 0.258819 0.965926 -0.000000 -0.000000 1.000000 -0.000000 -0.000000 1.000000 -0.000000 -0.258819 0.965926 -0.000000 -0.258819 0.965926 -0.000000 -0.500000 0.866025 -0.000000 -0.500000 0.866025 -0.000000 -0.707107 0.707107 0.000000 -0.707107 0.707107 0.000000 -0.866025 0.500000 0.000000 -0.866025 0.500000 0.000000 -0.965926 0.258819 0.000000 -0.965926 0.258819 0.000000 -1.000000 0.000000 0.000000 -1.000000 0.000000 0.000000 -0.965926 -0.258819 0.000000 -0.965926 -0.258819 0.000000 -0.866025 -0.500000 0.000000 -0.866025 -0.500000 0.000000 -0.707107 -0.707107 0.000000 -0.707107 -0.707107 0.000000 -0.500000 -0.866025 0.000000 -0.500000 -0.866025 0.000000 -0.258819 -0.965926 0.000000 -0.258819 -0.965926 0.000000 0.000000 -1.000000 0.000000 0.000000 -1.000000 0.000000 0.258819 -0.965926 0.000000 0.258819 -0.965926 0.000000 0.500000 -0.866025 0.000000 0.500000 -0.866025 0.000000 0.707107 -0.707107 -0.000000 0.707107 -0.707107 -0.000000 0.866025 -0.500000 -0.000000 0.866025 -0.500000 -0.000000 0.965926 -0.258819 -0.000000 0.965926 -0.258819 -0.000000 1.000000 -0.000000 -0.000000 1.000000 -0.000000 -0.000000 0.965926 0.258819 -0.000000 0.965926 0.258819 -0.000000 0.866025 0.500000 -0.000000 0.866025 0.500000 -0.000000 0.707107 0.707107 -0.000000 0.707107 0.707107 -0.000000 0.500000 0.866025 -0.000000 0.500000 0.866025 -0.000000 0.258819 0.965926 -0.000000 0.258819 0.965926 -0.000000 -0.000000 1.000000 -0.000000 -0.000000 1.000000 -0.000000 -0.258819 0.965926 -0.000000 -0.258819 0.965926 -0.000000 -0.500000 0.866025 -0.000000 -0.500000 0.866025 -0.000000 -0.707107 0.707107 0.000000 -0.707107 0.707107 0.000000 -0.866025 0.500000 0.000000 -0.866025 0.500000 0.000000 -0.965926 0.258819 0.000000 -0.965926 0.258819 0.000000 -1.000000 0.000000 0.000000 -1.000000 0.000000 0.000000 -0.965926 -0.258819 0.000000 -0.965926 -0.258819 0.000000 -0.866025 -0.500000 0.000000 -0.866025 -0.500000 0.000000 -0.707107 -0.707107 0.000000 -0.707107 -0.707107 0.000000 -0.500000 -0.866025 0.000000 -0.500000 -0.866025 0.000000 -0.258819 -0.965926 0.000000 -0.258819 -0.965926 0.000000 0.000000 -1.000000 0.000000 0.000000 -1.000000 0.000000 0.258819 -0.965926 0.000000 0.258819 -0.965926 0.000000 0.500000 -0.866025 0.000000 0.500000 -0.866025 0.000000 0.707107 -0.707107 -0.000000 0.707107 -0.707107 -0.000000 0.866025 -0.500000 -0.000000 0.866025 -0.500000 -0.000000 0.965926 -0.258819 -0.000000 0.965926 -0.258819 -0.000000 1.000000 -0.000000 -0.000000 1.000000 -0.000000 -0.000000 0.965926 0.258819 -0.000000 0.965926 0.258819 -0.000000 0.866025 0.500000 -0.000000 0.866025 0.500000 -0.000000 0.707107 0.707107 -0.000000 0.707107 0.707107 -0.000000 0.500000 0.866025 -0.000000 0.500000 0.866025 -0.000000 0.258819 0.965926 -0.000000 0.258819 0.965926 -0.000000 -0.000000 1.000000 -0.000000 -0.000000 1.000000 -0.000000 -0.258819 0.965926 -0.000000 -0.258819 0.965926 -0.000000 -0.500000 0.866025 -0.000000 -0.500000 0.866025 -0.000000 -0.707107 0.707107 0.000000 -0.707107 0.707107 0.000000 -0.866025 0.500000 0.000000 -0.866025 0.500000 0.000000 -0.965926 0.258819 0.000000 -0.965926 0.258819 0.000000 -1.000000 0.000000 0.000000 -1.000000 0.000000 0.000000 -0.965926 -0.258819 0.000000 -0.965926 -0.258819 0.000000 -0.866025 -0.500000 0.000000 -0.866025 -0.500000 0.000000 -0.707107 -0.707107 0.000000 -0.707107 -0.707107 0.000000 -0.500000 -0.866025 0.000000 -0.500000 -0.866025 0.000000 -0.258819 -0.965926 0.000000 -0.258819 -0.965926 0.000000 0.000000 -1.000000 0.000000 0.000000 -1.000000 0.000000 0.258819 -0.965926 0.000000 0.258819 -0.965926 0.000000 0.500000 -0.866025 0.000000 0.500000 -0.866025 0.000000 0.707107 -0.707107 -0.000000 0.707107 -0.707107 -0.000000 0.866025 -0.500000 -0.000000 0.866025 -0.500000 -0.000000 0.965926 -0.258819 -0.000000 0.965926 -0.258819 -0.000000 1.000000 -0.000000 -0.000000 1.000000 -0.000000 -0.000000 0.965926 0.258819 -0.000000 0.965926 0.258819 -0.000000 0.866025 0.500000 -0.000000 0.866025 0.500000 -0.000000 0.707107 0.707107 -0.000000 0.707107 0.707107 -0.000000 0.500000 0.866025 -0.000000 0.500000 0.866025 -0.000000 0.258819 0.965926 -0.000000 0.258819 0.965926 -0.000000 -0.000000 1.000000 -0.000000 -0.000000 1.000000 -0.000000 -0.258819 0.965926 -0.000000 -0.258819 0.965926 -0.000000 -0.500000 0.866025 -0.000000 -0.500000 0.866025 -0.000000 -0.707107 0.707107 0.000000 -0.707107 0.707107 0.000000 -0.866025 0.500000 0.000000 -0.866025 0.500000 0.000000 -0.965926 0.258819 0.000000 -0.965926 0.258819 0.000000 -1.000000 0.000000 0.000000 -1.000000 0.000000 0.000000 -0.965926 -0.258819 0.000000 -0.965926 -0.258819 0.000000 -0.866025 -0.500000 0.000000 -0.866025 -0.500000 0.000000 -0.707107 -0.707107 0.000000 -0.707107 -0.707107 0.000000 -0.500000 -0.866025 0.000000 -0.500000 -0.866025 0.000000 -0.120537 -0.992709 0.000000 -0.120537 -0.992709 0.000000 0.000000 -1.000000 0.000000 0.000000 -1.000000 0.000000 0.120537 -0.992709 0.000000 0.120537 -0.992709 0.000000 0.239316 -0.970942 0.000000 0.239316 -0.970942 0.000000 0.354605 -0.935016 0.000000 0.354605 -0.935016 0.000000 0.464723 -0.885456 0.000000 0.464723 -0.885456 0.000000 0.568065 -0.822984 0.000000 0.568065 -0.822984 0.000000 0.663123 -0.748511 -0.000000 0.663123 -0.748511 -0.000000 0.748511 -0.663123 -0.000000 0.748511 -0.663123 -0.000000 0.822984 -0.568065 -0.000000 0.822984 -0.568065 -0.000000 0.885456 -0.464723 -0.000000 0.885456 -0.464723 -0.000000 0.935016 -0.354605 -0.000000 0.935016 -0.354605 -0.000000 0.970942 -0.239316 -0.000000 0.970942 -0.239316 -0.000000 0.992709 -0.120537 -0.000000 0.992709 -0.120537 -0.000000 1.000000 -0.000000 -0.000000 1.000000 -0.000000 -0.000000 0.992709 0.120537 -0.000000 0.992709 0.120537 -0.000000 0.970942 0.239316 -0.000000 0.970942 0.239316 -0.000000 0.935016 0.354605 -0.000000 0.935016 0.354605 -0.000000 0.885456 0.464723 -0.000000 0.885456 0.464723 -0.000000 0.822984 0.568065 -0.000000 0.822984 0.568065 -0.000000 0.748511 0.663123 -0.000000 0.748511 0.663123 -0.000000 0.663123 0.748511 -0.000000 0.663123 0.748511 -0.000000 0.568065 0.822984 -0.000000 0.568065 0.822984 -0.000000 0.464723 0.885456 -0.000000 0.464723 0.885456 -0.000000 0.354605 0.935016 -0.000000 0.354605 0.935016 -0.000000 0.239316 0.970942 -0.000000 0.239316 0.970942 -0.000000 0.120537 0.992709 -0.000000 0.120537 0.992709 -0.000000 -0.000000 1.000000 -0.000000 -0.000000 1.000000 -0.000000 -0.120537 0.992709 -0.000000 -0.120537 0.992709 -0.000000 -0.239316 0.970942 -0.000000 -0.239316 0.970942 -0.000000 -0.354605 0.935016 -0.000000 -0.354605 0.935016 -0.000000 -0.464723 0.885456 -0.000000 -0.464723 0.885456 -0.000000 -0.568065 0.822984 -0.000000 -0.568065 0.822984 -0.000000 -0.663123 0.748511 0.000000 -0.663123 0.748511 0.000000 -0.748511 0.663123 0.000000 -0.748511 0.663123 0.000000 -0.822984 0.568065 0.000000 -0.822984 0.568065 0.000000 -0.885456 0.464723 0.000000 -0.885456 0.464723 0.000000 -0.935016 0.354605 0.000000 -0.935016 0.354605 0.000000 -0.970942 0.239316 0.000000 -0.970942 0.239316 0.000000 -0.992709 0.120537 0.000000 -0.992709 0.120537 0.000000 -1.000000 0.000000 0.000000 -1.000000 0.000000 0.000000 -0.992709 -0.120537 0.000000 -0.992709 -0.120537 0.000000 -0.970942 -0.239316 0.000000 -0.970942 -0.239316 0.000000 -0.935016 -0.354605 0.000000 -0.935016 -0.354605 0.000000 -0.885456 -0.464723 0.000000 -0.885456 -0.464723 0.000000 -0.822984 -0.568065 0.000000 -0.822984 -0.568065 0.000000 -0.748511 -0.663123 0.000000 -0.748511 -0.663123 0.000000 -0.663123 -0.748511 0.000000 -0.663123 -0.748511 0.000000 -0.568065 -0.822984 0.000000 -0.568065 -0.822984 0.000000 -0.464723 -0.885456 0.000000 -0.464723 -0.885456 0.000000 -0.354605 -0.935016 0.000000 -0.354605 -0.935016 0.000000 -0.239316 -0.970942 0.000000 -0.239316 -0.970942 0.000000</float_array>
          <technique_common>
            <accessor source="#for_arm_group-mesh-normals-array" count="9842" stride="3">
              <param name="X" type="float"/>
              <param name="Y" type="float"/>
              <param name="Z" type="float"/>
            </accessor>
          </technique_common>
        </source>
        <vertices id="for_arm_group-mesh-vertices">
          <input semantic="POSITION" source="#for_arm_group-mesh-positions"/>
        </vertices>
        <triangles material="for_arm__Steel_-_Satin" count="3000">
          <input semantic="VERTEX" source="#for_arm_group-mesh-vertices" offset="0"/>
          <input semantic="NORMAL" source="#for_arm_group-mesh-normals" offset="1"/>
          <p>1 0 34 1 0 2 0 2 34 1 35 3 0 2 35 3 69 4 69 4 35 3 36 5 69 4 36 5 68 6 68 6 36 5 37 7 68 6 37 7 67 8 67 8 37 7 38 9 67 8 38 9 66 10 66 10 38 9 39 11 66 10 39 11 65 12 65 12 39 11 40 13 65 12 40 13 64 14 64 14 40 13 41 15 64 14 41 15 63 16 63 16 41 15 42 17 63 16 42 17 62 18 62 18 42 17 43 19 62 18 43 19 61 20 61 20 43 19 44 21 61 20 44 21 60 22 60 22 44 21 45 23 60 22 45 23 59 24 59 24 45 23 46 25 59 24 46 25 58 26 58 26 46 25 47 27 58 26 47 27 57 28 57 28 47 27 48 29 57 28 48 29 56 30 56 30 48 29 49 31 56 30 49 31 55 32 55 32 49 31 50 33 55 32 50 33 54 34 54 34 50 33 51 35 54 34 51 35 53 36 53 36 51 35 52 37 34 1 1 0 33 38 33 38 1 0 2 39 33 38 2 39 32 40 32 40 2 39 3 41 32 40 3 41 31 42 31 42 3 41 4 43 31 42 4 43 30 44 30 44 4 43 5 45 30 44 5 45 29 46 29 46 5 45 6 47 29 46 6 47 28 48 28 48 6 47 7 49 28 48 7 49 27 50 27 50 7 49 8 51 27 50 8 51 26 52 26 52 8 51 9 53 26 52 9 53 25 54 25 54 9 53 10 55 25 54 10 55 24 56 24 56 10 55 11 57 24 56 11 57 23 58 23 58 11 57 12 59 23 58 12 59 22 60 22 60 12 59 13 61 22 60 13 61 21 62 21 62 13 61 14 63 21 62 14 63 20 64 20 64 14 63 15 65 20 64 15 65 19 66 19 66 15 65 16 67 19 66 16 67 18 68 18 68 16 67 17 69 71 70 1 71 70 72 70 72 1 71 0 73 70 72 0 73 139 74 139 74 0 73 69 75 139 74 69 75 138 76 138 76 69 75 68 77 138 76 68 77 137 78 137 78 68 77 67 79 137 78 67 79 136 80 136 80 67 79 66 81 136 80 66 81 135 82 135 82 66 81 65 83 135 82 65 83 134 84 134 84 65 83 64 85 134 84 64 85 133 86 133 86 64 85 63 87 133 86 63 87 132 88 132 88 63 87 62 89 132 88 62 89 131 90 131 90 62 89 61 91 131 90 61 91 130 92 130 92 61 91 60 93 130 92 60 93 129 94 129 94 60 93 59 95 129 94 59 95 128 96 128 96 59 95 58 97 128 96 58 97 127 98 127 98 58 97 57 99 127 98 57 99 126 100 126 100 57 99 56 101 126 100 56 101 125 102 125 102 56 101 55 103 125 102 55 103 124 104 124 104 55 103 54 105 124 104 54 105 123 106 123 106 54 105 53 107 123 106 53 107 122 108 122 108 53 107 52 109 122 108 52 109 121 110 121 110 52 109 51 111 121 110 51 111 120 112 120 112 51 111 50 113 120 112 50 113 119 114 119 114 50 113 49 115 119 114 49 115 118 116 118 116 49 115 48 117 118 116 48 117 117 118 117 118 48 117 47 119 117 118 47 119 116 120 116 120 47 119 46 121 116 120 46 121 115 122 115 122 46 121 45 123 115 122 45 123 114 124 114 124 45 123 44 125 114 124 44 125 113 126 113 126 44 125 43 127 113 126 43 127 112 128 112 128 43 127 42 129 112 128 42 129 111 130 111 130 42 129 41 131 111 130 41 131 110 132 110 132 41 131 40 133 110 132 40 133 109 134 109 134 40 133 39 135 109 134 39 135 108 136 108 136 39 135 38 137 108 136 38 137 107 138 107 138 38 137 37 139 107 138 37 139 106 140 106 140 37 139 36 141 106 140 36 141 105 142 105 142 36 141 35 143 105 142 35 143 104 144 104 144 35 143 34 145 104 144 34 145 103 146 103 146 34 145 33 147 103 146 33 147 102 148 102 148 33 147 32 149 102 148 32 149 101 150 101 150 32 149 31 151 101 150 31 151 100 152 100 152 31 151 30 153 100 152 30 153 99 154 99 154 30 153 29 155 99 154 29 155 98 156 98 156 29 155 28 157 98 156 28 157 97 158 97 158 28 157 27 159 97 158 27 159 96 160 96 160 27 159 26 161 96 160 26 161 95 162 95 162 26 161 25 163 95 162 25 163 94 164 94 164 25 163 24 165 94 164 24 165 93 166 93 166 24 165 23 167 93 166 23 167 92 168 92 168 23 167 22 169 92 168 22 169 91 170 91 170 22 169 21 171 91 170 21 171 90 172 90 172 21 171 20 173 90 172 20 173 89 174 89 174 20 173 19 175 89 174 19 175 88 176 88 176 19 175 18 177 88 176 18 177 87 178 87 178 18 177 17 179 87 178 17 179 86 180 86 180 17 179 16 181 86 180 16 181 85 182 85 182 16 181 15 183 85 182 15 183 84 184 84 184 15 183 14 185 84 184 14 185 83 186 83 186 14 185 13 187 83 186 13 187 82 188 82 188 13 187 12 189 82 188 12 189 81 190 81 190 12 189 11 191 81 190 11 191 80 192 80 192 11 191 10 193 80 192 10 193 79 194 79 194 10 193 9 195 79 194 9 195 78 196 78 196 9 195 8 197 78 196 8 197 77 198 77 198 8 197 7 199 77 198 7 199 76 200 76 200 7 199 6 201 76 200 6 201 75 202 75 202 6 201 5 203 75 202 5 203 74 204 74 204 5 203 4 205 74 204 4 205 73 206 73 206 4 205 3 207 73 206 3 207 72 208 72 208 3 207 2 209 72 208 2 209 71 70 71 70 2 209 1 71 490 680 145 681 489 682 489 682 145 681 144 683 489 682 144 683 512 684 512 684 144 683 143 685 512 684 143 685 511 686 511 686 143 685 142 687 511 686 142 687 510 688 510 688 142 687 141 689 510 688 141 689 140 690 145 681 490 680 146 691 146 691 490 680 491 692 146 691 491 692 147 693 147 693 491 692 492 694 147 693 492 694 148 695 148 695 492 694 493 696 148 695 493 696 149 697 149 697 493 696 150 698 150 698 493 696 494 699 150 698 494 699 151 700 151 700 494 699 152 701 152 701 494 699 153 702 153 702 494 699 495 703 153 702 495 703 154 704 154 704 495 703 155 705 155 705 495 703 156 706 156 706 495 703 496 707 156 706 496 707 157 708 157 708 496 707 158 709 158 709 496 707 159 710 159 710 496 707 160 711 160 711 496 707 497 712 160 711 497 712 161 713 161 713 497 712 498 714 161 713 498 714 162 715 162 715 498 714 163 716 163 716 498 714 499 717 163 716 499 717 164 718 164 718 499 717 500 719 164 718 500 719 165 720 165 720 500 719 501 721 165 720 501 721 166 722 166 722 501 721 502 723 166 722 502 723 167 724 167 724 502 723 503 725 167 724 503 725 168 726 168 726 503 725 504 727 168 726 504 727 169 728 169 728 504 727 170 729 170 729 504 727 505 730 170 729 505 730 171 731 171 731 505 730 506 732 171 731 506 732 172 733 172 733 506 732 173 734 173 734 506 732 174 735 174 735 506 732 507 736 174 735 507 736 175 737 175 737 507 736 176 738 176 738 507 736 177 739 177 739 507 736 508 740 177 739 508 740 178 741 178 741 508 740 179 742 179 742 508 740 180 743 180 743 508 740 509 744 180 743 509 744 181 745 181 745 509 744 140 690 140 690 509 744 510 688 512 746 536 747 489 748 489 748 536 747 513 749 489 748 513 749 490 750 490 750 513 749 514 751 490 750 514 751 515 752 536 747 512 746 535 753 535 753 512 746 511 754 535 753 511 754 534 755 534 755 511 754 510 756 534 755 510 756 533 757 533 757 510 756 509 758 533 757 509 758 532 759 532 759 509 758 508 760 532 759 508 760 531 761 531 761 508 760 507 762 531 761 507 762 506 763 531 761 506 763 530 764 530 764 506 763 505 765 530 764 505 765 529 766 529 766 505 765 504 767 529 766 504 767 528 768 528 768 504 767 503 769 528 768 503 769 527 770 527 770 503 769 502 771 527 770 502 771 526 772 526 772 502 771 501 773 526 772 501 773 525 774 525 774 501 773 524 775 524 775 501 773 500 776 524 775 500 776 523 777 523 777 500 776 499 778 523 777 499 778 522 779 522 779 499 778 498 780 522 779 498 780 521 781 521 781 498 780 497 782 521 781 497 782 520 783 520 783 497 782 496 784 520 783 496 784 519 785 519 785 496 784 495 786 519 785 495 786 494 787 519 785 494 787 518 788 518 788 494 787 493 789 518 788 493 789 517 790 517 790 493 789 492 791 517 790 492 791 516 792 516 792 492 791 491 793 516 792 491 793 515 752 515 752 491 793 490 750 538 794 205 795 537 796 537 796 205 795 204 797 537 796 204 797 203 798 539 799 208 800 538 794 538 794 208 800 207 801 538 794 207 801 206 802 540 803 212 804 539 799 539 799 212 804 211 805 539 799 211 805 210 806 541 807 215 808 540 803 540 803 215 808 214 809 540 803 214 809 213 810 542 811 217 812 541 807 541 807 217 812 216 813 541 807 216 813 215 808 217 812 542 811 218 814 218 814 542 811 543 815 218 814 543 815 219 816 219 816 543 815 544 817 219 816 544 817 220 818 220 818 544 817 545 819 220 818 545 819 221 820 221 820 545 819 546 821 221 820 546 821 222 822 222 822 546 821 547 823 222 822 547 823 223 824 223 824 547 823 548 825 223 824 548 825 182 826 182 826 548 825 183 827 183 827 548 825 549 828 183 827 549 828 184 829 184 829 549 828 550 830 184 829 550 830 185 831 185 831 550 830 186 832 186 832 550 830 187 833 187 833 550 830 551 834 187 833 551 834 188 835 188 835 551 834 189 836 189 836 551 834 190 837 190 837 551 834 552 838 190 837 552 838 191 839 191 839 552 838 192 840 192 840 552 838 193 841 193 841 552 838 553 842 193 841 553 842 194 843 194 843 553 842 195 844 195 844 553 842 554 845 195 844 554 845 196 846 196 846 554 845 197 847 197 847 554 845 555 848 197 847 555 848 198 849 198 849 555 848 556 850 198 849 556 850 199 851 199 851 556 850 557 852 199 851 557 852 200 853 200 853 557 852 558 854 200 853 558 854 201 855 201 855 558 854 559 856 201 855 559 856 202 857 202 857 559 856 560 858 202 857 560 858 203 798 203 798 560 858 537 796 213 810 212 804 540 803 210 806 209 859 539 799 539 799 209 859 208 800 206 802 205 795 538 794 560 860 584 861 537 862 537 862 584 861 561 863 537 862 561 863 538 864 538 864 561 863 562 865 538 864 562 865 563 866 584 861 560 860 583 867 583 867 560 860 559 868 583 867 559 868 582 869 582 869 559 868 558 870 582 869 558 870 581 871 581 871 558 870 557 872 581 871 557 872 580 873 580 873 557 872 556 874 580 873 556 874 579 875 579 875 556 874 555 876 579 875 555 876 554 877 579 875 554 877 578 878 578 878 554 877 553 879 578 878 553 879 577 880 577 880 553 879 552 881 577 880 552 881 576 882 576 882 552 881 551 883 576 882 551 883 575 884 575 884 551 883 550 885 575 884 550 885 574 886 574 886 550 885 549 887 574 886 549 887 573 888 573 888 549 887 572 889 572 889 549 887 548 890 572 889 548 890 571 891 571 891 548 890 547 892 571 891 547 892 570 893 570 893 547 892 546 894 570 893 546 894 569 895 569 895 546 894 545 896 569 895 545 896 568 897 568 897 545 896 544 898 568 897 544 898 567 899 567 899 544 898 543 900 567 899 543 900 542 901 567 899 542 901 566 902 566 902 542 901 541 903 566 902 541 903 565 904 565 904 541 903 540 905 565 904 540 905 564 906 564 906 540 905 539 907 564 906 539 907 563 866 563 866 539 907 538 864 586 908 259 909 585 910 585 910 259 909 258 911 585 910 258 911 257 912 587 913 261 914 586 908 586 908 261 914 260 915 586 908 260 915 259 909 261 914 587 913 262 916 262 916 587 913 588 917 262 916 588 917 263 918 263 918 588 917 589 919 263 918 589 919 590 920 591 921 225 922 590 920 590 920 225 922 224 923 590 920 224 923 263 918 225 922 591 921 226 924 226 924 591 921 592 925 226 924 592 925 227 926 227 926 592 925 593 927 227 926 593 927 228 928 228 928 593 927 229 929 229 929 593 927 594 930 229 929 594 930 230 931 230 931 594 930 231 932 231 932 594 930 232 933 232 933 594 930 595 934 232 933 595 934 233 935 233 935 595 934 234 936 234 936 595 934 596 937 234 936 596 937 235 938 235 938 596 937 236 939 236 939 596 937 237 940 237 940 596 937 597 941 237 940 597 941 238 942 238 942 597 941 239 943 239 943 597 941 598 944 239 943 598 944 240 945 240 945 598 944 599 946 240 945 599 946 241 947 241 947 599 946 242 948 242 948 599 946 600 949 242 948 600 949 243 950 243 950 600 949 601 951 243 950 601 951 244 952 244 952 601 951 602 953 244 952 602 953 245 954 245 954 602 953 603 955 245 954 603 955 246 956 246 956 603 955 604 957 246 956 604 957 247 958 247 958 604 957 605 959 247 958 605 959 248 960 248 960 605 959 249 961 249 961 605 959 606 962 249 961 606 962 250 963 250 963 606 962 251 964 251 964 606 962 252 965 252 965 606 962 607 966 252 965 607 966 253 967 253 967 607 966 254 968 254 968 607 966 255 969 255 969 607 966 608 970 255 969 608 970 256 971 256 971 608 970 257 912 257 912 608 970 585 910 608 972 632 973 585 974 585 974 632 973 609 975 585 974 609 975 586 976 586 976 609 975 610 977 586 976 610 977 611 978 632 973 608 972 631 979 631 979 608 972 607 980 631 979 607 980 630 981 630 981 607 980 606 982 630 981 606 982 629 983 629 983 606 982 605 984 629 983 605 984 628 985 628 985 605 984 604 986 628 985 604 986 627 987 627 987 604 986 603 988 627 987 603 988 602 989 627 987 602 989 626 990 626 990 602 989 601 991 626 990 601 991 625 992 625 992 601 991 600 993 625 992 600 993 624 994 624 994 600 993 599 995 624 994 599 995 623 996 623 996 599 995 598 997 623 996 598 997 622 998 622 998 598 997 597 999 622 998 597 999 621 1000 621 1000 597 999 620 1001 620 1001 597 999 596 1002 620 1001 596 1002 619 1003 619 1003 596 1002 595 1004 619 1003 595 1004 618 1005 618 1005 595 1004 594 1006 618 1005 594 1006 617 1007 617 1007 594 1006 593 1008 617 1007 593 1008 616 1009 616 1009 593 1008 592 1010 616 1009 592 1010 615 1011 615 1011 592 1010 591 1012 615 1011 591 1012 590 1013 615 1011 590 1013 614 1014 614 1014 590 1013 589 1015 614 1014 589 1015 613 1016 613 1016 589 1015 588 1017 613 1016 588 1017 612 1018 612 1018 588 1017 587 1019 612 1018 587 1019 611 978 611 978 587 1019 586 976 634 1020 302 1021 633 1022 633 1022 302 1021 301 1023 633 1022 301 1023 656 1024 656 1024 301 1023 300 1025 656 1024 300 1025 655 1026 655 1026 300 1025 299 1027 655 1026 299 1027 654 1028 654 1028 299 1027 298 1029 654 1028 298 1029 653 1030 653 1030 298 1029 297 1031 653 1030 297 1031 296 1032 302 1021 634 1020 303 1033 303 1033 634 1020 635 1034 303 1033 635 1034 304 1035 304 1035 635 1034 636 1036 304 1035 636 1036 305 1037 305 1037 636 1036 264 1038 264 1038 636 1036 637 1039 264 1038 637 1039 265 1040 265 1040 637 1039 266 1041 266 1041 637 1039 638 1042 266 1041 638 1042 267 1043 267 1043 638 1042 268 1044 268 1044 638 1042 269 1045 269 1045 638 1042 639 1046 269 1045 639 1046 270 1047 270 1047 639 1046 271 1048 271 1048 639 1046 272 1049 272 1049 639 1046 640 1050 272 1049 640 1050 273 1051 273 1051 640 1050 274 1052 274 1052 640 1050 641 1053 274 1052 641 1053 275 1054 275 1054 641 1053 276 1055 276 1055 641 1053 642 1056 276 1055 642 1056 277 1057 277 1057 642 1056 278 1058 278 1058 642 1056 643 1059 278 1058 643 1059 279 1060 279 1060 643 1059 644 1061 279 1060 644 1061 280 1062 280 1062 644 1061 645 1063 280 1062 645 1063 281 1064 281 1064 645 1063 646 1065 281 1064 646 1065 282 1066 282 1066 646 1065 647 1067 282 1066 647 1067 283 1068 283 1068 647 1067 648 1069 283 1068 648 1069 284 1070 284 1070 648 1069 649 1071 284 1070 649 1071 285 1072 285 1072 649 1071 286 1073 286 1073 649 1071 650 1074 286 1073 650 1074 287 1075 287 1075 650 1074 288 1076 288 1076 650 1074 289 1077 289 1077 650 1074 290 1078 290 1078 650 1074 651 1079 290 1078 651 1079 291 1080 291 1080 651 1079 292 1081 292 1081 651 1079 293 1082 293 1082 651 1079 652 1083 293 1082 652 1083 294 1084 294 1084 652 1083 295 1085 295 1085 652 1083 296 1032 296 1032 652 1083 653 1030 656 1086 680 1087 633 1088 633 1088 680 1087 657 1089 633 1088 657 1089 634 1090 634 1090 657 1089 658 1091 634 1090 658 1091 659 1092 680 1087 656 1086 679 1093 679 1093 656 1086 655 1094 679 1093 655 1094 678 1095 678 1095 655 1094 654 1096 678 1095 654 1096 677 1097 677 1097 654 1096 653 1098 677 1097 653 1098 676 1099 676 1099 653 1098 652 1100 676 1099 652 1100 675 1101 675 1101 652 1100 651 1102 675 1101 651 1102 650 1103 675 1101 650 1103 674 1104 674 1104 650 1103 649 1105 674 1104 649 1105 673 1106 673 1106 649 1105 648 1107 673 1106 648 1107 672 1108 672 1108 648 1107 647 1109 672 1108 647 1109 671 1110 671 1110 647 1109 646 1111 671 1110 646 1111 670 1112 670 1112 646 1111 645 1113 670 1112 645 1113 669 1114 669 1114 645 1113 668 1115 668 1115 645 1113 644 1116 668 1115 644 1116 667 1117 667 1117 644 1116 643 1118 667 1117 643 1118 666 1119 666 1119 643 1118 642 1120 666 1119 642 1120 665 1121 665 1121 642 1120 641 1122 665 1121 641 1122 664 1123 664 1123 641 1122 640 1124 664 1123 640 1124 663 1125 663 1125 640 1124 639 1126 663 1125 639 1126 638 1127 663 1125 638 1127 662 1128 662 1128 638 1127 637 1129 662 1128 637 1129 661 1130 661 1130 637 1129 636 1131 661 1130 636 1131 660 1132 660 1132 636 1131 635 1133 660 1132 635 1133 659 1092 659 1092 635 1133 634 1090 682 1134 337 1135 681 1136 681 1136 337 1135 336 1137 681 1136 336 1137 335 1138 683 1139 339 1140 682 1134 682 1134 339 1140 338 1141 682 1134 338 1141 337 1135 684 1142 342 1143 683 1139 683 1139 342 1143 341 1144 683 1139 341 1144 340 1145 685 1146 345 1147 684 1142 684 1142 345 1147 344 1148 684 1142 344 1148 343 1149 686 1150 307 1151 685 1146 685 1146 307 1151 306 1152 685 1146 306 1152 345 1147 307 1151 686 1150 308 1153 308 1153 686 1150 687 1154 308 1153 687 1154 309 1155 309 1155 687 1154 688 1156 309 1155 688 1156 310 1157 310 1157 688 1156 311 1158 311 1158 688 1156 689 1159 311 1158 689 1159 690 1160 311 1158 690 1160 312 1161 312 1161 690 1160 691 1162 312 1161 691 1162 313 1163 313 1163 691 1162 692 1164 313 1163 692 1164 314 1165 314 1165 692 1164 315 1166 315 1166 692 1164 693 1167 315 1166 693 1167 316 1168 316 1168 693 1167 317 1169 317 1169 693 1167 694 1170 317 1169 694 1170 318 1171 318 1171 694 1170 319 1172 319 1172 694 1170 695 1173 319 1172 695 1173 320 1174 320 1174 695 1173 321 1175 321 1175 695 1173 322 1176 322 1176 695 1173 696 1177 322 1176 696 1177 323 1178 323 1178 696 1177 324 1179 324 1179 696 1177 325 1180 325 1180 696 1177 697 1181 325 1180 697 1181 326 1182 326 1182 697 1181 327 1183 327 1183 697 1181 698 1184 327 1183 698 1184 328 1185 328 1185 698 1184 699 1186 328 1185 699 1186 329 1187 329 1187 699 1186 700 1188 329 1187 700 1188 330 1189 330 1189 700 1188 701 1190 330 1189 701 1190 331 1191 331 1191 701 1190 702 1192 331 1191 702 1192 332 1193 332 1193 702 1192 703 1194 332 1193 703 1194 333 1195 333 1195 703 1194 334 1196 334 1196 703 1194 704 1197 334 1196 704 1197 335 1138 335 1138 704 1197 681 1136 343 1149 342 1143 684 1142 340 1145 339 1140 683 1139 704 1198 728 1199 681 1200 681 1200 728 1199 705 1201 681 1200 705 1201 682 1202 682 1202 705 1201 706 1203 682 1202 706 1203 707 1204 728 1199 704 1198 727 1205 727 1205 704 1198 703 1206 727 1205 703 1206 726 1207 726 1207 703 1206 702 1208 726 1207 702 1208 725 1209 725 1209 702 1208 701 1210 725 1209 701 1210 724 1211 724 1211 701 1210 700 1212 724 1211 700 1212 723 1213 723 1213 700 1212 699 1214 723 1213 699 1214 698 1215 723 1213 698 1215 722 1216 722 1216 698 1215 697 1217 722 1216 697 1217 721 1218 721 1218 697 1217 696 1219 721 1218 696 1219 720 1220 720 1220 696 1219 695 1221 720 1220 695 1221 719 1222 719 1222 695 1221 694 1223 719 1222 694 1223 718 1224 718 1224 694 1223 693 1225 718 1224 693 1225 717 1226 717 1226 693 1225 716 1227 716 1227 693 1225 692 1228 716 1227 692 1228 715 1229 715 1229 692 1228 691 1230 715 1229 691 1230 714 1231 714 1231 691 1230 690 1232 714 1231 690 1232 713 1233 713 1233 690 1232 689 1234 713 1233 689 1234 712 1235 712 1235 689 1234 688 1236 712 1235 688 1236 711 1237 711 1237 688 1236 687 1238 711 1237 687 1238 686 1239 711 1237 686 1239 710 1240 710 1240 686 1239 685 1241 710 1240 685 1241 709 1242 709 1242 685 1241 684 1243 709 1242 684 1243 708 1244 708 1244 684 1243 683 1245 708 1244 683 1245 707 1204 707 1204 683 1245 682 1202 730 1246 386 1247 729 1248 729 1248 386 1247 385 1249 729 1248 385 1249 384 1250 386 1247 730 1246 346 1251 346 1251 730 1246 731 1252 346 1251 731 1252 347 1253 347 1253 731 1252 348 1254 348 1254 731 1252 732 1255 348 1254 732 1255 349 1256 349 1256 732 1255 733 1257 349 1256 733 1257 350 1258 350 1258 733 1257 734 1259 350 1258 734 1259 351 1260 351 1260 734 1259 735 1261 351 1260 735 1261 352 1262 352 1262 735 1261 736 1263 352 1262 736 1263 353 1264 353 1264 736 1263 737 1265 353 1264 737 1265 354 1266 354 1266 737 1265 355 1267 355 1267 737 1265 738 1268 355 1267 738 1268 356 1269 356 1269 738 1268 357 1270 357 1270 738 1268 358 1271 358 1271 738 1268 739 1272 358 1271 739 1272 359 1273 359 1273 739 1272 360 1274 360 1274 739 1272 361 1275 361 1275 739 1272 740 1276 361 1275 740 1276 362 1277 362 1277 740 1276 363 1278 363 1278 740 1276 364 1279 364 1279 740 1276 365 1280 365 1280 740 1276 741 1281 365 1280 741 1281 366 1282 366 1282 741 1281 742 1283 366 1282 742 1283 367 1284 367 1284 742 1283 368 1285 368 1285 742 1283 743 1286 368 1285 743 1286 369 1287 369 1287 743 1286 744 1288 369 1287 744 1288 370 1289 370 1289 744 1288 745 1290 370 1289 745 1290 371 1291 371 1291 745 1290 746 1292 371 1291 746 1292 372 1293 372 1293 746 1292 747 1294 372 1293 747 1294 373 1295 373 1295 747 1294 748 1296 373 1295 748 1296 374 1297 374 1297 748 1296 375 1298 375 1298 748 1296 749 1299 375 1298 749 1299 376 1300 376 1300 749 1299 750 1301 376 1300 750 1301 377 1302 377 1302 750 1301 378 1303 378 1303 750 1301 379 1304 379 1304 750 1301 751 1305 379 1304 751 1305 380 1306 380 1306 751 1305 381 1307 381 1307 751 1305 382 1308 382 1308 751 1305 752 1309 382 1308 752 1309 383 1310 383 1310 752 1309 384 1250 384 1250 752 1309 729 1248 752 1311 776 1312 729 1313 729 1313 776 1312 753 1314 729 1313 753 1314 730 1315 730 1315 753 1314 754 1316 730 1315 754 1316 755 1317 776 1312 752 1311 775 1318 775 1318 752 1311 751 1319 775 1318 751 1319 774 1320 774 1320 751 1319 750 1321 774 1320 750 1321 773 1322 773 1322 750 1321 749 1323 773 1322 749 1323 772 1324 772 1324 749 1323 748 1325 772 1324 748 1325 771 1326 771 1326 748 1325 747 1327 771 1326 747 1327 746 1328 771 1326 746 1328 770 1329 770 1329 746 1328 745 1330 770 1329 745 1330 769 1331 769 1331 745 1330 744 1332 769 1331 744 1332 768 1333 768 1333 744 1332 743 1334 768 1333 743 1334 767 1335 767 1335 743 1334 742 1336 767 1335 742 1336 766 1337 766 1337 742 1336 741 1338 766 1337 741 1338 765 1339 765 1339 741 1338 764 1340 764 1340 741 1338 740 1341 764 1340 740 1341 763 1342 763 1342 740 1341 739 1343 763 1342 739 1343 762 1344 762 1344 739 1343 738 1345 762 1344 738 1345 761 1346 761 1346 738 1345 737 1347 761 1346 737 1347 760 1348 760 1348 737 1347 736 1349 760 1348 736 1349 759 1350 759 1350 736 1349 735 1351 759 1350 735 1351 734 1352 759 1350 734 1352 758 1353 758 1353 734 1352 733 1354 758 1353 733 1354 757 1355 757 1355 733 1354 732 1356 757 1355 732 1356 756 1357 756 1357 732 1356 731 1358 756 1357 731 1358 755 1317 755 1317 731 1358 730 1315 778 1359 788 1360 777 1361 777 1361 788 1360 789 1362 777 1361 789 1362 800 1363 800 1363 789 1362 790 1364 800 1363 790 1364 799 1365 799 1365 790 1364 791 1366 799 1365 791 1366 798 1367 798 1367 791 1366 792 1368 798 1367 792 1368 797 1369 797 1369 792 1368 793 1370 797 1369 793 1370 796 1371 796 1371 793 1370 794 1372 796 1371 794 1372 795 1373 788 1360 778 1359 787 1374 787 1374 778 1359 779 1375 787 1374 779 1375 786 1376 786 1376 779 1375 780 1377 786 1376 780 1377 785 1378 785 1378 780 1377 781 1379 785 1378 781 1379 784 1380 784 1380 781 1379 782 1381 784 1380 782 1381 783 1382 800 1383 514 1384 777 1385 777 1385 514 1384 513 1386 777 1385 513 1386 778 1387 778 1387 513 1386 536 1388 778 1387 536 1388 779 1389 779 1389 536 1388 535 1390 779 1389 535 1390 780 1391 780 1391 535 1390 534 1392 780 1391 534 1392 781 1393 781 1393 534 1392 533 1394 781 1393 533 1394 782 1395 782 1395 533 1394 532 1396 782 1395 532 1396 783 1397 783 1397 532 1396 531 1398 783 1397 531 1398 784 1399 784 1399 531 1398 530 1400 784 1399 530 1400 785 1401 785 1401 530 1400 529 1402 785 1401 529 1402 786 1403 786 1403 529 1402 528 1404 786 1403 528 1404 787 1405 787 1405 528 1404 527 1406 787 1405 527 1406 788 1407 788 1407 527 1406 526 1408 788 1407 526 1408 789 1409 789 1409 526 1408 525 1410 789 1409 525 1410 790 1411 790 1411 525 1410 524 1412 790 1411 524 1412 791 1413 791 1413 524 1412 523 1414 791 1413 523 1414 792 1415 792 1415 523 1414 522 1416 792 1415 522 1416 793 1417 793 1417 522 1416 521 1418 793 1417 521 1418 794 1419 794 1419 521 1418 520 1420 794 1419 520 1420 795 1421 795 1421 520 1420 519 1422 795 1421 519 1422 796 1423 796 1423 519 1422 518 1424 796 1423 518 1424 797 1425 797 1425 518 1424 517 1426 797 1425 517 1426 798 1427 798 1427 517 1426 516 1428 798 1427 516 1428 799 1429 799 1429 516 1428 515 1430 799 1429 515 1430 800 1383 800 1383 515 1430 514 1384 802 1431 812 1432 801 1433 801 1433 812 1432 813 1434 801 1433 813 1434 824 1435 824 1435 813 1434 814 1436 824 1435 814 1436 823 1437 823 1437 814 1436 815 1438 823 1437 815 1438 822 1439 822 1439 815 1438 816 1440 822 1439 816 1440 821 1441 821 1441 816 1440 817 1442 821 1441 817 1442 820 1443 820 1443 817 1442 818 1444 820 1443 818 1444 819 1445 812 1432 802 1431 811 1446 811 1446 802 1431 803 1447 811 1446 803 1447 810 1448 810 1448 803 1447 804 1449 810 1448 804 1449 809 1450 809 1450 804 1449 805 1451 809 1450 805 1451 808 1452 808 1452 805 1451 806 1453 808 1452 806 1453 807 1454 824 1455 562 1456 801 1457 801 1457 562 1456 561 1458 801 1457 561 1458 802 1459 802 1459 561 1458 584 1460 802 1459 584 1460 803 1461 803 1461 584 1460 583 1462 803 1461 583 1462 804 1463 804 1463 583 1462 582 1464 804 1463 582 1464 805 1465 805 1465 582 1464 581 1466 805 1465 581 1466 806 1467 806 1467 581 1466 580 1468 806 1467 580 1468 807 1469 807 1469 580 1468 579 1470 807 1469 579 1470 808 1471 808 1471 579 1470 578 1472 808 1471 578 1472 809 1473 809 1473 578 1472 577 1474 809 1473 577 1474 810 1475 810 1475 577 1474 576 1476 810 1475 576 1476 811 1477 811 1477 576 1476 575 1478 811 1477 575 1478 812 1479 812 1479 575 1478 574 1480 812 1479 574 1480 813 1481 813 1481 574 1480 573 1482 813 1481 573 1482 814 1483 814 1483 573 1482 572 1484 814 1483 572 1484 815 1485 815 1485 572 1484 571 1486 815 1485 571 1486 816 1487 816 1487 571 1486 570 1488 816 1487 570 1488 817 1489 817 1489 570 1488 569 1490 817 1489 569 1490 818 1491 818 1491 569 1490 568 1492 818 1491 568 1492 819 1493 819 1493 568 1492 567 1494 819 1493 567 1494 820 1495 820 1495 567 1494 566 1496 820 1495 566 1496 821 1497 821 1497 566 1496 565 1498 821 1497 565 1498 822 1499 822 1499 565 1498 564 1500 822 1499 564 1500 823 1501 823 1501 564 1500 563 1502 823 1501 563 1502 824 1455 824 1455 563 1502 562 1456 826 1503 836 1504 825 1505 825 1505 836 1504 837 1506 825 1505 837 1506 848 1507 848 1507 837 1506 838 1508 848 1507 838 1508 847 1509 847 1509 838 1508 839 1510 847 1509 839 1510 846 1511 846 1511 839 1510 840 1512 846 1511 840 1512 845 1513 845 1513 840 1512 841 1514 845 1513 841 1514 844 1515 844 1515 841 1514 842 1516 844 1515 842 1516 843 1517 836 1504 826 1503 835 1518 835 1518 826 1503 827 1519 835 1518 827 1519 834 1520 834 1520 827 1519 828 1521 834 1520 828 1521 833 1522 833 1522 828 1521 829 1523 833 1522 829 1523 832 1524 832 1524 829 1523 830 1525 832 1524 830 1525 831 1526 848 1527 610 1528 825 1529 825 1529 610 1528 609 1530 825 1529 609 1530 826 1531 826 1531 609 1530 632 1532 826 1531 632 1532 827 1533 827 1533 632 1532 631 1534 827 1533 631 1534 828 1535 828 1535 631 1534 630 1536 828 1535 630 1536 829 1537 829 1537 630 1536 629 1538 829 1537 629 1538 830 1539 830 1539 629 1538 628 1540 830 1539 628 1540 831 1541 831 1541 628 1540 627 1542 831 1541 627 1542 832 1543 832 1543 627 1542 626 1544 832 1543 626 1544 833 1545 833 1545 626 1544 625 1546 833 1545 625 1546 834 1547 834 1547 625 1546 624 1548 834 1547 624 1548 835 1549 835 1549 624 1548 623 1550 835 1549 623 1550 836 1551 836 1551 623 1550 622 1552 836 1551 622 1552 837 1553 837 1553 622 1552 621 1554 837 1553 621 1554 838 1555 838 1555 621 1554 620 1556 838 1555 620 1556 839 1557 839 1557 620 1556 619 1558 839 1557 619 1558 840 1559 840 1559 619 1558 618 1560 840 1559 618 1560 841 1561 841 1561 618 1560 617 1562 841 1561 617 1562 842 1563 842 1563 617 1562 616 1564 842 1563 616 1564 843 1565 843 1565 616 1564 615 1566 843 1565 615 1566 844 1567 844 1567 615 1566 614 1568 844 1567 614 1568 845 1569 845 1569 614 1568 613 1570 845 1569 613 1570 846 1571 846 1571 613 1570 612 1572 846 1571 612 1572 847 1573 847 1573 612 1572 611 1574 847 1573 611 1574 848 1527 848 1527 611 1574 610 1528 850 1575 860 1576 849 1577 849 1577 860 1576 861 1578 849 1577 861 1578 872 1579 872 1579 861 1578 862 1580 872 1579 862 1580 871 1581 871 1581 862 1580 863 1582 871 1581 863 1582 870 1583 870 1583 863 1582 864 1584 870 1583 864 1584 869 1585 869 1585 864 1584 865 1586 869 1585 865 1586 868 1587 868 1587 865 1586 866 1588 868 1587 866 1588 867 1589 860 1576 850 1575 859 1590 859 1590 850 1575 851 1591 859 1590 851 1591 858 1592 858 1592 851 1591 852 1593 858 1592 852 1593 857 1594 857 1594 852 1593 853 1595 857 1594 853 1595 856 1596 856 1596 853 1595 854 1597 856 1596 854 1597 855 1598 872 1599 658 1600 849 1601 849 1601 658 1600 657 1602 849 1601 657 1602 850 1603 850 1603 657 1602 680 1604 850 1603 680 1604 851 1605 851 1605 680 1604 679 1606 851 1605 679 1606 852 1607 852 1607 679 1606 678 1608 852 1607 678 1608 853 1609 853 1609 678 1608 677 1610 853 1609 677 1610 854 1611 854 1611 677 1610 676 1612 854 1611 676 1612 855 1613 855 1613 676 1612 675 1614 855 1613 675 1614 856 1615 856 1615 675 1614 674 1616 856 1615 674 1616 857 1617 857 1617 674 1616 673 1618 857 1617 673 1618 858 1619 858 1619 673 1618 672 1620 858 1619 672 1620 859 1621 859 1621 672 1620 671 1622 859 1621 671 1622 860 1623 860 1623 671 1622 670 1624 860 1623 670 1624 861 1625 861 1625 670 1624 669 1626 861 1625 669 1626 862 1627 862 1627 669 1626 668 1628 862 1627 668 1628 863 1629 863 1629 668 1628 667 1630 863 1629 667 1630 864 1631 864 1631 667 1630 666 1632 864 1631 666 1632 865 1633 865 1633 666 1632 665 1634 865 1633 665 1634 866 1635 866 1635 665 1634 664 1636 866 1635 664 1636 867 1637 867 1637 664 1636 663 1638 867 1637 663 1638 868 1639 868 1639 663 1638 662 1640 868 1639 662 1640 869 1641 869 1641 662 1640 661 1642 869 1641 661 1642 870 1643 870 1643 661 1642 660 1644 870 1643 660 1644 871 1645 871 1645 660 1644 659 1646 871 1645 659 1646 872 1599 872 1599 659 1646 658 1600 874 1647 884 1648 873 1649 873 1649 884 1648 885 1650 873 1649 885 1650 896 1651 896 1651 885 1650 886 1652 896 1651 886 1652 895 1653 895 1653 886 1652 887 1654 895 1653 887 1654 894 1655 894 1655 887 1654 888 1656 894 1655 888 1656 893 1657 893 1657 888 1656 889 1658 893 1657 889 1658 892 1659 892 1659 889 1658 890 1660 892 1659 890 1660 891 1661 884 1648 874 1647 883 1662 883 1662 874 1647 875 1663 883 1662 875 1663 882 1664 882 1664 875 1663 876 1665 882 1664 876 1665 881 1666 881 1666 876 1665 877 1667 881 1666 877 1667 880 1668 880 1668 877 1667 878 1669 880 1668 878 1669 879 1670 896 1671 706 1672 873 1673 873 1673 706 1672 705 1674 873 1673 705 1674 874 1675 874 1675 705 1674 728 1676 874 1675 728 1676 875 1677 875 1677 728 1676 727 1678 875 1677 727 1678 876 1679 876 1679 727 1678 726 1680 876 1679 726 1680 877 1681 877 1681 726 1680 725 1682 877 1681 725 1682 878 1683 878 1683 725 1682 724 1684 878 1683 724 1684 879 1685 879 1685 724 1684 723 1686 879 1685 723 1686 880 1687 880 1687 723 1686 722 1688 880 1687 722 1688 881 1689 881 1689 722 1688 721 1690 881 1689 721 1690 882 1691 882 1691 721 1690 720 1692 882 1691 720 1692 883 1693 883 1693 720 1692 719 1694 883 1693 719 1694 884 1695 884 1695 719 1694 718 1696 884 1695 718 1696 885 1697 885 1697 718 1696 717 1698 885 1697 717 1698 886 1699 886 1699 717 1698 716 1700 886 1699 716 1700 887 1701 887 1701 716 1700 715 1702 887 1701 715 1702 888 1703 888 1703 715 1702 714 1704 888 1703 714 1704 889 1705 889 1705 714 1704 713 1706 889 1705 713 1706 890 1707 890 1707 713 1706 712 1708 890 1707 712 1708 891 1709 891 1709 712 1708 711 1710 891 1709 711 1710 892 1711 892 1711 711 1710 710 1712 892 1711 710 1712 893 1713 893 1713 710 1712 709 1714 893 1713 709 1714 894 1715 894 1715 709 1714 708 1716 894 1715 708 1716 895 1717 895 1717 708 1716 707 1718 895 1717 707 1718 896 1671 896 1671 707 1718 706 1672 898 1719 908 1720 897 1721 897 1721 908 1720 909 1722 897 1721 909 1722 920 1723 920 1723 909 1722 910 1724 920 1723 910 1724 919 1725 919 1725 910 1724 911 1726 919 1725 911 1726 918 1727 918 1727 911 1726 912 1728 918 1727 912 1728 917 1729 917 1729 912 1728 913 1730 917 1729 913 1730 916 1731 916 1731 913 1730 914 1732 916 1731 914 1732 915 1733 908 1720 898 1719 907 1734 907 1734 898 1719 899 1735 907 1734 899 1735 906 1736 906 1736 899 1735 900 1737 906 1736 900 1737 905 1738 905 1738 900 1737 901 1739 905 1738 901 1739 904 1740 904 1740 901 1739 902 1741 904 1740 902 1741 903 1742 920 1743 754 1744 897 1745 897 1745 754 1744 753 1746 897 1745 753 1746 898 1747 898 1747 753 1746 776 1748 898 1747 776 1748 899 1749 899 1749 776 1748 775 1750 899 1749 775 1750 900 1751 900 1751 775 1750 774 1752 900 1751 774 1752 901 1753 901 1753 774 1752 773 1754 901 1753 773 1754 902 1755 902 1755 773 1754 772 1756 902 1755 772 1756 903 1757 903 1757 772 1756 771 1758 903 1757 771 1758 904 1759 904 1759 771 1758 770 1760 904 1759 770 1760 905 1761 905 1761 770 1760 769 1762 905 1761 769 1762 906 1763 906 1763 769 1762 768 1764 906 1763 768 1764 907 1765 907 1765 768 1764 767 1766 907 1765 767 1766 908 1767 908 1767 767 1766 766 1768 908 1767 766 1768 909 1769 909 1769 766 1768 765 1770 909 1769 765 1770 910 1771 910 1771 765 1770 764 1772 910 1771 764 1772 911 1773 911 1773 764 1772 763 1774 911 1773 763 1774 912 1775 912 1775 763 1774 762 1776 912 1775 762 1776 913 1777 913 1777 762 1776 761 1778 913 1777 761 1778 914 1779 914 1779 761 1778 760 1780 914 1779 760 1780 915 1781 915 1781 760 1780 759 1782 915 1781 759 1782 916 1783 916 1783 759 1782 758 1784 916 1783 758 1784 917 1785 917 1785 758 1784 757 1786 917 1785 757 1786 918 1787 918 1787 757 1786 756 1788 918 1787 756 1788 919 1789 919 1789 756 1788 755 1790 919 1789 755 1790 920 1743 920 1743 755 1790 754 1744 922 1791 439 1792 921 1793 921 1793 439 1792 438 1794 921 1793 438 1794 488 1795 439 1792 922 1791 440 1796 440 1796 922 1791 923 1797 440 1796 923 1797 441 1798 441 1798 923 1797 924 1799 441 1798 924 1799 442 1800 442 1800 924 1799 925 1801 442 1800 925 1801 443 1802 443 1802 925 1801 926 1803 443 1802 926 1803 444 1804 444 1804 926 1803 927 1805 444 1804 927 1805 445 1806 445 1806 927 1805 928 1807 445 1806 928 1807 446 1808 446 1808 928 1807 929 1809 446 1808 929 1809 447 1810 447 1810 929 1809 930 1811 447 1810 930 1811 448 1812 448 1812 930 1811 449 1813 449 1813 930 1811 931 1814 449 1813 931 1814 450 1815 450 1815 931 1814 932 1816 450 1815 932 1816 451 1817 451 1817 932 1816 933 1818 451 1817 933 1818 452 1819 452 1819 933 1818 934 1820 452 1819 934 1820 453 1821 453 1821 934 1820 935 1822 453 1821 935 1822 454 1823 454 1823 935 1822 936 1824 454 1823 936 1824 455 1825 455 1825 936 1824 937 1826 455 1825 937 1826 456 1827 456 1827 937 1826 938 1828 456 1827 938 1828 457 1829 457 1829 938 1828 939 1830 457 1829 939 1830 458 1831 458 1831 939 1830 459 1832 459 1832 939 1830 940 1833 459 1832 940 1833 460 1834 460 1834 940 1833 941 1835 460 1834 941 1835 461 1836 461 1836 941 1835 942 1837 461 1836 942 1837 462 1838 462 1838 942 1837 943 1839 462 1838 943 1839 463 1840 463 1840 943 1839 944 1841 463 1840 944 1841 464 1842 464 1842 944 1841 945 1843 464 1842 945 1843 465 1844 465 1844 945 1843 946 1845 465 1844 946 1845 466 1846 466 1846 946 1845 947 1847 466 1846 947 1847 467 1848 467 1848 947 1847 948 1849 467 1848 948 1849 468 1850 468 1850 948 1849 949 1851 468 1850 949 1851 469 1852 469 1852 949 1851 470 1853 470 1853 949 1851 950 1854 470 1853 950 1854 471 1855 471 1855 950 1854 951 1856 471 1855 951 1856 472 1857 472 1857 951 1856 952 1858 472 1857 952 1858 473 1859 473 1859 952 1858 953 1860 473 1859 953 1860 474 1861 474 1861 953 1860 954 1862 474 1861 954 1862 475 1863 475 1863 954 1862 955 1864 475 1863 955 1864 476 1865 476 1865 955 1864 956 1866 476 1865 956 1866 477 1867 477 1867 956 1866 957 1868 477 1867 957 1868 478 1869 478 1869 957 1868 958 1870 478 1869 958 1870 479 1871 479 1871 958 1870 480 1872 480 1872 958 1870 959 1873 480 1872 959 1873 481 1874 481 1874 959 1873 960 1875 481 1874 960 1875 482 1876 482 1876 960 1875 961 1877 482 1876 961 1877 483 1878 483 1878 961 1877 962 1879 483 1878 962 1879 484 1880 484 1880 962 1879 963 1881 484 1880 963 1881 485 1882 485 1882 963 1881 964 1883 485 1882 964 1883 486 1884 486 1884 964 1883 965 1885 486 1884 965 1885 487 1886 487 1886 965 1885 966 1887 487 1886 966 1887 488 1795 488 1795 966 1887 921 1793 1015 2076 1014 2077 921 2078 921 2078 1014 2077 1060 2079 921 2078 1060 2079 922 2080 922 2080 1060 2079 1059 2081 922 2080 1059 2081 923 2082 923 2082 1059 2081 1058 2083 923 2082 1058 2083 924 2084 924 2084 1058 2083 1057 2085 924 2084 1057 2085 925 2086 925 2086 1057 2085 1056 2087 925 2086 1056 2087 926 2088 926 2088 1056 2087 1055 2089 926 2088 1055 2089 927 2090 927 2090 1055 2089 1054 2091 927 2090 1054 2091 928 2092 928 2092 1054 2091 1053 2093 928 2092 1053 2093 929 2094 929 2094 1053 2093 1052 2095 929 2094 1052 2095 930 2096 930 2096 1052 2095 1051 2097 930 2096 1051 2097 931 2098 931 2098 1051 2097 1050 2099 931 2098 1050 2099 932 2100 932 2100 1050 2099 1049 2101 932 2100 1049 2101 933 2102 933 2102 1049 2101 1048 2103 933 2102 1048 2103 934 2104 934 2104 1048 2103 1047 2105 934 2104 1047 2105 935 2106 935 2106 1047 2105 1046 2107 935 2106 1046 2107 936 2108 936 2108 1046 2107 1045 2109 936 2108 1045 2109 937 2110 937 2110 1045 2109 1044 2111 937 2110 1044 2111 938 2112 938 2112 1044 2111 1043 2113 938 2112 1043 2113 939 2114 939 2114 1043 2113 1042 2115 939 2114 1042 2115 940 2116 940 2116 1042 2115 1041 2117 940 2116 1041 2117 941 2118 941 2118 1041 2117 1040 2119 941 2118 1040 2119 942 2120 942 2120 1040 2119 1039 2121 942 2120 1039 2121 943 2122 943 2122 1039 2121 1038 2123 943 2122 1038 2123 944 2124 944 2124 1038 2123 1037 2125 944 2124 1037 2125 945 2126 945 2126 1037 2125 1036 2127 945 2126 1036 2127 946 2128 946 2128 1036 2127 1035 2129 946 2128 1035 2129 947 2130 947 2130 1035 2129 1034 2131 947 2130 1034 2131 948 2132 948 2132 1034 2131 1033 2133 948 2132 1033 2133 949 2134 949 2134 1033 2133 1032 2135 949 2134 1032 2135 950 2136 950 2136 1032 2135 1031 2137 950 2136 1031 2137 951 2138 951 2138 1031 2137 1030 2139 951 2138 1030 2139 952 2140 952 2140 1030 2139 1029 2141 952 2140 1029 2141 953 2142 953 2142 1029 2141 1028 2143 953 2142 1028 2143 954 2144 954 2144 1028 2143 1027 2145 954 2144 1027 2145 955 2146 955 2146 1027 2145 1026 2147 955 2146 1026 2147 956 2148 956 2148 1026 2147 1025 2149 956 2148 1025 2149 957 2150 957 2150 1025 2149 1024 2151 957 2150 1024 2151 958 2152 958 2152 1024 2151 1023 2153 958 2152 1023 2153 959 2154 959 2154 1023 2153 1022 2155 959 2154 1022 2155 960 2156 960 2156 1022 2155 1021 2157 960 2156 1021 2157 961 2158 961 2158 1021 2157 1020 2159 961 2158 1020 2159 962 2160 962 2160 1020 2159 1019 2161 962 2160 1019 2161 963 2162 963 2162 1019 2161 1018 2163 963 2162 1018 2163 964 2164 964 2164 1018 2163 1017 2165 964 2164 1017 2165 965 2166 965 2166 1017 2165 1016 2167 965 2166 1016 2167 966 2168 966 2168 1016 2167 1015 2076 966 2168 1015 2076 921 2078 1216 2289 1215 2290 1275 2291 1275 2291 1215 2290 1274 2292 1275 2291 1274 2292 1323 2293 1323 2293 1274 2292 1273 2294 1323 2293 1273 2294 1322 2295 1322 2295 1273 2294 1425 2296 1322 2295 1425 2296 1426 2297 1425 2296 1273 2294 1424 2298 1424 2298 1273 2294 1272 2299 1424 2298 1272 2299 1423 2300 1423 2300 1272 2299 1422 2301 1422 2301 1272 2299 1271 2302 1422 2301 1271 2302 1421 2303 1421 2303 1271 2302 1420 2304 1420 2304 1271 2302 1443 2305 1443 2305 1271 2302 1270 2306 1443 2305 1270 2306 1442 2307 1442 2307 1270 2306 1441 2308 1441 2308 1270 2306 1269 2309 1441 2308 1269 2309 1440 2310 1440 2310 1269 2309 1439 2311 1439 2311 1269 2309 1438 2312 1438 2312 1269 2309 1268 2313 1438 2312 1268 2313 1437 2314 1437 2314 1268 2313 1436 2315 1436 2315 1268 2313 1267 2316 1436 2315 1267 2316 1435 2317 1435 2317 1267 2316 1318 2318 1435 2317 1318 2318 1434 2319 1434 2319 1318 2318 1319 2320 1434 2319 1319 2320 1433 2321 1433 2321 1319 2320 1432 2322 1432 2322 1319 2320 1431 2323 1431 2323 1319 2320 1320 2324 1431 2323 1320 2324 1430 2325 1430 2325 1320 2324 1429 2326 1429 2326 1320 2324 1321 2327 1429 2326 1321 2327 1428 2328 1428 2328 1321 2327 1427 2329 1427 2329 1321 2327 1426 2297 1426 2297 1321 2327 1322 2295 1318 2318 1267 2316 1317 2330 1317 2330 1267 2316 1266 2331 1317 2330 1266 2331 1316 2332 1316 2332 1266 2331 1265 2333 1316 2332 1265 2333 1315 2334 1315 2334 1265 2333 1264 2335 1315 2334 1264 2335 1263 2336 1262 2337 1396 2338 1263 2336 1263 2336 1396 2338 1397 2339 1263 2336 1397 2339 1314 2340 1314 2340 1397 2339 1398 2341 1314 2340 1398 2341 1313 2342 1313 2342 1398 2341 1399 2343 1313 2342 1399 2343 1400 2344 1261 2345 1418 2346 1262 2337 1262 2337 1418 2346 1419 2347 1262 2337 1419 2347 1396 2338 1260 2348 1415 2349 1261 2345 1261 2345 1415 2349 1416 2350 1261 2345 1416 2350 1417 2351 1259 2352 1413 2353 1260 2348 1260 2348 1413 2353 1414 2354 1260 2348 1414 2354 1415 2349 1258 2355 1410 2356 1259 2352 1259 2352 1410 2356 1411 2357 1259 2352 1411 2357 1412 2358 1257 2359 1408 2360 1258 2355 1258 2355 1408 2360 1409 2361 1258 2355 1409 2361 1410 2356 1256 2362 1309 2363 1257 2359 1257 2359 1309 2363 1310 2364 1257 2359 1310 2364 1407 2365 1407 2365 1310 2364 1406 2366 1406 2366 1310 2364 1405 2367 1405 2367 1310 2364 1311 2368 1405 2367 1311 2368 1404 2369 1404 2369 1311 2368 1403 2370 1403 2370 1311 2368 1312 2371 1403 2370 1312 2371 1402 2372 1402 2372 1312 2371 1401 2373 1401 2373 1312 2371 1400 2344 1400 2344 1312 2371 1313 2342 1309 2363 1256 2362 1308 2374 1308 2374 1256 2362 1255 2375 1308 2374 1255 2375 1307 2376 1307 2376 1255 2375 1254 2377 1307 2376 1254 2377 1306 2378 1306 2378 1254 2377 1253 2379 1306 2378 1253 2379 1393 2380 1393 2380 1253 2379 1392 2381 1392 2381 1253 2379 1252 2382 1392 2381 1252 2382 1391 2383 1391 2383 1252 2382 1390 2384 1390 2384 1252 2382 1251 2385 1390 2384 1251 2385 1389 2386 1389 2386 1251 2385 1388 2387 1388 2387 1251 2385 1387 2388 1387 2388 1251 2385 1250 2389 1387 2388 1250 2389 1386 2390 1386 2390 1250 2389 1385 2391 1385 2391 1250 2389 1249 2392 1385 2391 1249 2392 1384 2393 1384 2393 1249 2392 1383 2394 1383 2394 1249 2392 1382 2395 1382 2395 1249 2392 1248 2396 1382 2395 1248 2396 1381 2397 1381 2397 1248 2396 1380 2398 1380 2398 1248 2396 1247 2399 1380 2398 1247 2399 1379 2400 1379 2400 1247 2399 1301 2401 1379 2400 1301 2401 1302 2402 1247 2399 1246 2403 1301 2401 1301 2401 1246 2403 1300 2404 1300 2404 1246 2403 1245 2405 1300 2404 1245 2405 1299 2406 1299 2406 1245 2405 1244 2407 1299 2406 1244 2407 1298 2408 1298 2408 1244 2407 1243 2409 1298 2408 1243 2409 1365 2410 1365 2410 1243 2409 1364 2411 1364 2411 1243 2409 1242 2412 1364 2411 1242 2412 1363 2413 1363 2413 1242 2412 1362 2414 1362 2414 1242 2412 1241 2415 1362 2414 1241 2415 1361 2416 1361 2416 1241 2415 1360 2417 1360 2417 1241 2415 1359 2418 1359 2418 1241 2415 1240 2419 1359 2418 1240 2419 1358 2420 1358 2420 1240 2419 1357 2421 1357 2421 1240 2419 1239 2422 1357 2421 1239 2422 1356 2423 1356 2423 1239 2422 1355 2424 1355 2424 1239 2422 1354 2425 1354 2425 1239 2422 1238 2426 1354 2425 1238 2426 1353 2427 1353 2427 1238 2426 1352 2428 1352 2428 1238 2426 1237 2429 1352 2428 1237 2429 1351 2430 1351 2430 1237 2429 1293 2431 1351 2430 1293 2431 1294 2432 1237 2429 1236 2433 1293 2431 1293 2431 1236 2433 1292 2434 1292 2434 1236 2433 1235 2435 1292 2434 1235 2435 1291 2436 1291 2436 1235 2435 1234 2437 1291 2436 1234 2437 1290 2438 1290 2438 1234 2437 1233 2439 1290 2438 1233 2439 1289 2440 1289 2440 1233 2439 1337 2441 1289 2440 1337 2441 1338 2442 1337 2441 1233 2439 1336 2443 1336 2443 1233 2439 1232 2444 1336 2443 1232 2444 1335 2445 1335 2445 1232 2444 1334 2446 1334 2446 1232 2444 1231 2447 1334 2446 1231 2447 1333 2448 1333 2448 1231 2447 1332 2449 1332 2449 1231 2447 1331 2450 1331 2450 1231 2447 1230 2451 1331 2450 1230 2451 1330 2452 1330 2452 1230 2451 1329 2453 1329 2453 1230 2451 1229 2454 1329 2453 1229 2454 1328 2455 1328 2455 1229 2454 1327 2456 1327 2456 1229 2454 1326 2457 1326 2457 1229 2454 1228 2458 1326 2457 1228 2458 1325 2459 1325 2459 1228 2458 1324 2460 1324 2460 1228 2458 1227 2461 1324 2460 1227 2461 1347 2462 1347 2462 1227 2461 1285 2463 1347 2462 1285 2463 1346 2464 1346 2464 1285 2463 1286 2465 1346 2464 1286 2465 1345 2466 1345 2466 1286 2465 1344 2467 1344 2467 1286 2465 1287 2468 1344 2467 1287 2468 1343 2469 1343 2469 1287 2468 1342 2470 1342 2470 1287 2468 1341 2471 1341 2471 1287 2468 1288 2472 1341 2471 1288 2472 1340 2473 1340 2473 1288 2472 1339 2474 1339 2474 1288 2472 1289 2440 1339 2474 1289 2440 1338 2442 1285 2463 1227 2461 1284 2475 1284 2475 1227 2461 1226 2476 1284 2475 1226 2476 1225 2477 1284 2475 1225 2477 1283 2478 1283 2478 1225 2477 1224 2479 1283 2478 1224 2479 1282 2480 1282 2480 1224 2479 1223 2481 1282 2480 1223 2481 1281 2482 1281 2482 1223 2481 1453 2483 1281 2482 1453 2483 1454 2484 1453 2483 1223 2481 1452 2485 1452 2485 1223 2481 1222 2486 1452 2485 1222 2486 1451 2487 1451 2487 1222 2486 1450 2488 1450 2488 1222 2486 1221 2489 1450 2488 1221 2489 1449 2490 1449 2490 1221 2489 1448 2491 1448 2491 1221 2489 1447 2492 1447 2492 1221 2489 1220 2493 1447 2492 1220 2493 1446 2494 1446 2494 1220 2493 1445 2495 1445 2495 1220 2493 1219 2496 1445 2495 1219 2496 1444 2497 1444 2497 1219 2496 1467 2498 1467 2498 1219 2496 1466 2499 1466 2499 1219 2496 1218 2500 1466 2499 1218 2500 1465 2501 1465 2501 1218 2500 1464 2502 1464 2502 1218 2500 1217 2503 1464 2502 1217 2503 1463 2504 1463 2504 1217 2503 1277 2505 1463 2504 1277 2505 1462 2506 1462 2506 1277 2505 1278 2507 1462 2506 1278 2507 1461 2508 1461 2508 1278 2507 1460 2509 1460 2509 1278 2507 1459 2510 1459 2510 1278 2507 1279 2511 1459 2510 1279 2511 1458 2512 1458 2512 1279 2511 1457 2513 1457 2513 1279 2511 1280 2514 1457 2513 1280 2514 1456 2515 1456 2515 1280 2514 1455 2516 1455 2516 1280 2514 1454 2484 1454 2484 1280 2514 1281 2482 1277 2505 1217 2503 1276 2517 1276 2517 1217 2503 1216 2289 1276 2517 1216 2289 1275 2291 1295 2518 1348 2519 1294 2432 1294 2432 1348 2519 1349 2520 1294 2432 1349 2520 1350 2521 1296 2522 1370 2523 1295 2518 1295 2518 1370 2523 1371 2524 1295 2518 1371 2524 1348 2519 1297 2525 1367 2526 1296 2522 1296 2522 1367 2526 1368 2527 1296 2522 1368 2527 1369 2528 1298 2408 1365 2410 1297 2525 1297 2525 1365 2410 1366 2529 1297 2525 1366 2529 1367 2526 1303 2530 1377 2531 1302 2402 1302 2402 1377 2531 1378 2532 1302 2402 1378 2532 1379 2400 1304 2533 1374 2534 1303 2530 1303 2530 1374 2534 1375 2535 1303 2530 1375 2535 1376 2536 1305 2537 1372 2538 1304 2533 1304 2533 1372 2538 1373 2539 1304 2533 1373 2539 1374 2534 1306 2378 1393 2380 1305 2537 1305 2537 1393 2380 1394 2540 1305 2537 1394 2540 1395 2541 1314 2340 1315 2334 1263 2336 1350 2521 1351 2430 1294 2432 1369 2528 1370 2523 1296 2522 1376 2536 1377 2531 1303 2530 1395 2541 1372 2538 1305 2537 1407 2365 1408 2360 1257 2359 1412 2358 1413 2353 1259 2352 1417 2351 1418 2346 1261 2345 1469 2542 1156 2543 1468 2544 1468 2544 1156 2543 1155 2545 1468 2544 1155 2545 1527 2546 1527 2546 1155 2545 1214 2547 1527 2546 1214 2547 1526 2548 1526 2548 1214 2547 1213 2549 1526 2548 1213 2549 1525 2550 1525 2550 1213 2549 1212 2551 1525 2550 1212 2551 1524 2552 1524 2552 1212 2551 1211 2553 1524 2552 1211 2553 1523 2554 1523 2554 1211 2553 1210 2555 1523 2554 1210 2555 1522 2556 1522 2556 1210 2555 1209 2557 1522 2556 1209 2557 1521 2558 1521 2558 1209 2557 1208 2559 1521 2558 1208 2559 1520 2560 1520 2560 1208 2559 1207 2561 1520 2560 1207 2561 1519 2562 1519 2562 1207 2561 1206 2563 1519 2562 1206 2563 1518 2564 1518 2564 1206 2563 1205 2565 1518 2564 1205 2565 1517 2566 1517 2566 1205 2565 1204 2567 1517 2566 1204 2567 1516 2568 1516 2568 1204 2567 1203 2569 1516 2568 1203 2569 1515 2570 1515 2570 1203 2569 1202 2571 1515 2570 1202 2571 1514 2572 1514 2572 1202 2571 1201 2573 1514 2572 1201 2573 1513 2574 1513 2574 1201 2573 1200 2575 1513 2574 1200 2575 1512 2576 1512 2576 1200 2575 1199 2577 1512 2576 1199 2577 1511 2578 1511 2578 1199 2577 1198 2579 1511 2578 1198 2579 1510 2580 1510 2580 1198 2579 1197 2581 1510 2580 1197 2581 1509 2582 1509 2582 1197 2581 1196 2583 1509 2582 1196 2583 1508 2584 1508 2584 1196 2583 1195 2585 1508 2584 1195 2585 1507 2586 1507 2586 1195 2585 1194 2587 1507 2586 1194 2587 1506 2588 1506 2588 1194 2587 1193 2589 1506 2588 1193 2589 1505 2590 1505 2590 1193 2589 1192 2591 1505 2590 1192 2591 1504 2592 1504 2592 1192 2591 1191 2593 1504 2592 1191 2593 1503 2594 1503 2594 1191 2593 1190 2595 1503 2594 1190 2595 1502 2596 1502 2596 1190 2595 1189 2597 1502 2596 1189 2597 1501 2598 1501 2598 1189 2597 1188 2599 1501 2598 1188 2599 1500 2600 1500 2600 1188 2599 1187 2601 1500 2600 1187 2601 1499 2602 1499 2602 1187 2601 1186 2603 1499 2602 1186 2603 1498 2604 1498 2604 1186 2603 1185 2605 1498 2604 1185 2605 1497 2606 1497 2606 1185 2605 1184 2607 1497 2606 1184 2607 1496 2608 1496 2608 1184 2607 1183 2609 1496 2608 1183 2609 1495 2610 1495 2610 1183 2609 1182 2611 1495 2610 1182 2611 1494 2612 1494 2612 1182 2611 1181 2613 1494 2612 1181 2613 1493 2614 1493 2614 1181 2613 1180 2615 1493 2614 1180 2615 1492 2616 1492 2616 1180 2615 1179 2617 1492 2616 1179 2617 1491 2618 1491 2618 1179 2617 1178 2619 1491 2618 1178 2619 1490 2620 1490 2620 1178 2619 1177 2621 1490 2620 1177 2621 1489 2622 1489 2622 1177 2621 1176 2623 1489 2622 1176 2623 1488 2624 1488 2624 1176 2623 1175 2625 1488 2624 1175 2625 1487 2626 1487 2626 1175 2625 1174 2627 1487 2626 1174 2627 1486 2628 1486 2628 1174 2627 1173 2629 1486 2628 1173 2629 1485 2630 1485 2630 1173 2629 1172 2631 1485 2630 1172 2631 1484 2632 1484 2632 1172 2631 1171 2633 1484 2632 1171 2633 1483 2634 1483 2634 1171 2633 1170 2635 1483 2634 1170 2635 1482 2636 1482 2636 1170 2635 1169 2637 1482 2636 1169 2637 1481 2638 1481 2638 1169 2637 1168 2639 1481 2638 1168 2639 1480 2640 1480 2640 1168 2639 1167 2641 1480 2640 1167 2641 1479 2642 1479 2642 1167 2641 1166 2643 1479 2642 1166 2643 1478 2644 1478 2644 1166 2643 1165 2645 1478 2644 1165 2645 1477 2646 1477 2646 1165 2645 1164 2647 1477 2646 1164 2647 1476 2648 1476 2648 1164 2647 1163 2649 1476 2648 1163 2649 1475 2650 1475 2650 1163 2649 1162 2651 1475 2650 1162 2651 1474 2652 1474 2652 1162 2651 1161 2653 1474 2652 1161 2653 1473 2654 1473 2654 1161 2653 1160 2655 1473 2654 1160 2655 1472 2656 1472 2656 1160 2655 1159 2657 1472 2656 1159 2657 1471 2658 1471 2658 1159 2657 1158 2659 1471 2658 1158 2659 1470 2660 1470 2660 1158 2659 1157 2661 1470 2660 1157 2661 1469 2542 1469 2542 1157 2661 1156 2543 1527 2662 1655 2663 1468 2664 1468 2664 1655 2663 1641 2665 1468 2664 1641 2665 1469 2666 1469 2666 1641 2665 1642 2667 1469 2666 1642 2667 1470 2668 1470 2668 1642 2667 1643 2669 1470 2668 1643 2669 1644 2670 1655 2663 1527 2662 1654 2671 1654 2671 1527 2662 1526 2672 1654 2671 1526 2672 1653 2673 1653 2673 1526 2672 1652 2674 1652 2674 1526 2672 1525 2675 1652 2674 1525 2675 1651 2676 1651 2676 1525 2675 1650 2677 1650 2677 1525 2675 1524 2678 1650 2677 1524 2678 1649 2679 1649 2679 1524 2678 1648 2680 1648 2680 1524 2678 1523 2681 1648 2680 1523 2681 1671 2682 1671 2682 1523 2681 1670 2683 1670 2683 1523 2681 1669 2684 1669 2684 1523 2681 1668 2685 1668 2685 1523 2681 1522 2686 1668 2685 1522 2686 1667 2687 1667 2687 1522 2686 1666 2688 1666 2688 1522 2686 1521 2689 1666 2688 1521 2689 1665 2690 1665 2690 1521 2689 1664 2691 1664 2691 1521 2689 1520 2692 1664 2691 1520 2692 1663 2693 1663 2693 1520 2692 1662 2694 1662 2694 1520 2692 1519 2695 1662 2694 1519 2695 1661 2696 1661 2696 1519 2695 1518 2697 1661 2696 1518 2697 1531 2698 1531 2698 1518 2697 1517 2699 1531 2698 1517 2699 1530 2700 1530 2700 1517 2699 1516 2701 1530 2700 1516 2701 1529 2702 1529 2702 1516 2701 1528 2703 1528 2703 1516 2701 1515 2704 1528 2703 1515 2704 1551 2705 1551 2705 1515 2704 1550 2706 1550 2706 1515 2704 1514 2707 1550 2706 1514 2707 1549 2708 1549 2708 1514 2707 1548 2709 1548 2709 1514 2707 1513 2710 1548 2709 1513 2710 1547 2711 1547 2711 1513 2710 1546 2712 1546 2712 1513 2710 1545 2713 1545 2713 1513 2710 1544 2714 1544 2714 1513 2710 1512 2715 1544 2714 1512 2715 1543 2716 1543 2716 1512 2715 1542 2717 1542 2717 1512 2715 1511 2718 1542 2717 1511 2718 1541 2719 1541 2719 1511 2718 1540 2720 1540 2720 1511 2718 1510 2721 1540 2720 1510 2721 1539 2722 1539 2722 1510 2721 1538 2723 1538 2723 1510 2721 1509 2724 1538 2723 1509 2724 1537 2725 1537 2725 1509 2724 1508 2726 1537 2725 1508 2726 1575 2727 1575 2727 1508 2726 1507 2728 1575 2727 1507 2728 1574 2729 1574 2729 1507 2728 1506 2730 1574 2729 1506 2730 1573 2731 1573 2731 1506 2730 1572 2732 1572 2732 1506 2730 1505 2733 1572 2732 1505 2733 1571 2734 1571 2734 1505 2733 1570 2735 1570 2735 1505 2733 1504 2736 1570 2735 1504 2736 1569 2737 1569 2737 1504 2736 1568 2738 1568 2738 1504 2736 1503 2739 1568 2738 1503 2739 1567 2740 1567 2740 1503 2739 1566 2741 1566 2741 1503 2739 1565 2742 1565 2742 1503 2739 1564 2743 1564 2743 1503 2739 1502 2744 1564 2743 1502 2744 1563 2745 1563 2745 1502 2744 1562 2746 1562 2746 1502 2744 1501 2747 1562 2746 1501 2747 1561 2748 1561 2748 1501 2747 1560 2749 1560 2749 1501 2747 1500 2750 1560 2749 1500 2750 1559 2751 1559 2751 1500 2750 1558 2752 1558 2752 1500 2750 1499 2753 1558 2752 1499 2753 1557 2754 1557 2754 1499 2753 1498 2755 1557 2754 1498 2755 1595 2756 1595 2756 1498 2755 1497 2757 1595 2756 1497 2757 1594 2758 1594 2758 1497 2757 1496 2759 1594 2758 1496 2759 1593 2760 1593 2760 1496 2759 1592 2761 1592 2761 1496 2759 1495 2762 1592 2761 1495 2762 1591 2763 1591 2763 1495 2762 1590 2764 1590 2764 1495 2762 1494 2765 1590 2764 1494 2765 1589 2766 1589 2766 1494 2765 1588 2767 1588 2767 1494 2765 1493 2768 1588 2767 1493 2768 1587 2769 1587 2769 1493 2768 1586 2770 1586 2770 1493 2768 1585 2771 1585 2771 1493 2768 1584 2772 1584 2772 1493 2768 1492 2773 1584 2772 1492 2773 1583 2774 1583 2774 1492 2773 1582 2775 1582 2775 1492 2773 1491 2776 1582 2775 1491 2776 1581 2777 1581 2777 1491 2776 1580 2778 1580 2778 1491 2776 1490 2779 1580 2778 1490 2779 1579 2780 1579 2780 1490 2779 1578 2781 1578 2781 1490 2779 1489 2782 1578 2781 1489 2782 1577 2783 1577 2783 1489 2782 1488 2784 1577 2783 1488 2784 1615 2785 1615 2785 1488 2784 1487 2786 1615 2785 1487 2786 1614 2787 1614 2787 1487 2786 1486 2788 1614 2787 1486 2788 1613 2789 1613 2789 1486 2788 1612 2790 1612 2790 1486 2788 1485 2791 1612 2790 1485 2791 1611 2792 1611 2792 1485 2791 1610 2793 1610 2793 1485 2791 1484 2794 1610 2793 1484 2794 1609 2795 1609 2795 1484 2794 1608 2796 1608 2796 1484 2794 1483 2797 1608 2796 1483 2797 1607 2798 1607 2798 1483 2797 1606 2799 1606 2799 1483 2797 1605 2800 1605 2800 1483 2797 1604 2801 1604 2801 1483 2797 1482 2802 1604 2801 1482 2802 1603 2803 1603 2803 1482 2802 1602 2804 1602 2804 1482 2802 1481 2805 1602 2804 1481 2805 1601 2806 1601 2806 1481 2805 1600 2807 1600 2807 1481 2805 1480 2808 1600 2807 1480 2808 1623 2809 1623 2809 1480 2808 1622 2810 1622 2810 1480 2808 1479 2811 1622 2810 1479 2811 1621 2812 1621 2812 1479 2811 1478 2813 1621 2812 1478 2813 1635 2814 1635 2814 1478 2813 1477 2815 1635 2814 1477 2815 1634 2816 1634 2816 1477 2815 1476 2817 1634 2816 1476 2817 1633 2818 1633 2818 1476 2817 1632 2819 1632 2819 1476 2817 1475 2820 1632 2819 1475 2820 1631 2821 1631 2821 1475 2820 1630 2822 1630 2822 1475 2820 1474 2823 1630 2822 1474 2823 1629 2824 1629 2824 1474 2823 1628 2825 1628 2825 1474 2823 1473 2826 1628 2825 1473 2826 1627 2827 1627 2827 1473 2826 1626 2828 1626 2828 1473 2826 1625 2829 1625 2829 1473 2826 1624 2830 1624 2830 1473 2826 1472 2831 1624 2830 1472 2831 1647 2832 1647 2832 1472 2831 1646 2833 1646 2833 1472 2831 1471 2834 1646 2833 1471 2834 1645 2835 1645 2835 1471 2834 1644 2670 1644 2670 1471 2834 1470 2668 1531 2698 1532 2836 1661 2696 1661 2696 1532 2836 1660 2837 1660 2837 1532 2836 1533 2838 1660 2837 1533 2838 1659 2839 1659 2839 1533 2838 1534 2840 1659 2839 1534 2840 1658 2841 1658 2841 1534 2840 1554 2842 1658 2841 1554 2842 1638 2843 1638 2843 1554 2842 1598 2844 1638 2843 1598 2844 1618 2845 1618 2845 1598 2844 1599 2846 1618 2845 1599 2846 1617 2847 1617 2847 1599 2846 1576 2848 1617 2847 1576 2848 1616 2849 1616 2849 1576 2848 1577 2783 1616 2849 1577 2783 1615 2785 1554 2842 1534 2840 1553 2850 1553 2850 1534 2840 1535 2851 1553 2850 1535 2851 1552 2852 1552 2852 1535 2851 1536 2853 1552 2852 1536 2853 1575 2727 1575 2727 1536 2853 1537 2725 1554 2842 1555 2854 1598 2844 1598 2844 1555 2854 1597 2855 1597 2855 1555 2854 1556 2856 1597 2855 1556 2856 1596 2857 1596 2857 1556 2856 1557 2754 1596 2857 1557 2754 1595 2756 1638 2843 1618 2845 1637 2858 1637 2858 1618 2845 1619 2859 1637 2858 1619 2859 1636 2860 1636 2860 1619 2859 1620 2861 1636 2860 1620 2861 1635 2814 1635 2814 1620 2861 1621 2812 1658 2841 1638 2843 1657 2862 1657 2862 1638 2843 1639 2863 1657 2862 1639 2863 1656 2864 1656 2864 1639 2863 1640 2865 1656 2864 1640 2865 1655 2663 1655 2663 1640 2865 1641 2665 1671 2866 1445 2867 1648 2868 1648 2868 1445 2867 1444 2869 1648 2868 1444 2869 1649 2870 1649 2870 1444 2869 1467 2871 1649 2870 1467 2871 1650 2872 1650 2872 1467 2871 1466 2873 1650 2872 1466 2873 1651 2874 1651 2874 1466 2873 1465 2875 1651 2874 1465 2875 1652 2876 1652 2876 1465 2875 1464 2877 1652 2876 1464 2877 1653 2878 1653 2878 1464 2877 1463 2879 1653 2878 1463 2879 1654 2880 1654 2880 1463 2879 1462 2881 1654 2880 1462 2881 1655 2882 1655 2882 1462 2881 1461 2883 1655 2882 1461 2883 1656 2884 1656 2884 1461 2883 1460 2885 1656 2884 1460 2885 1657 2886 1657 2886 1460 2885 1459 2887 1657 2886 1459 2887 1658 2888 1658 2888 1459 2887 1458 2889 1658 2888 1458 2889 1659 2890 1659 2890 1458 2889 1457 2891 1659 2890 1457 2891 1660 2892 1660 2892 1457 2891 1456 2893 1660 2892 1456 2893 1661 2894 1661 2894 1456 2893 1455 2895 1661 2894 1455 2895 1662 2896 1662 2896 1455 2895 1454 2897 1662 2896 1454 2897 1663 2898 1663 2898 1454 2897 1453 2899 1663 2898 1453 2899 1664 2900 1664 2900 1453 2899 1452 2901 1664 2900 1452 2901 1665 2902 1665 2902 1452 2901 1451 2903 1665 2902 1451 2903 1666 2904 1666 2904 1451 2903 1450 2905 1666 2904 1450 2905 1667 2906 1667 2906 1450 2905 1449 2907 1667 2906 1449 2907 1668 2908 1668 2908 1449 2907 1448 2909 1668 2908 1448 2909 1669 2910 1669 2910 1448 2909 1447 2911 1669 2910 1447 2911 1670 2912 1670 2912 1447 2911 1446 2913 1670 2912 1446 2913 1671 2866 1671 2866 1446 2913 1445 2867 1647 2914 1421 2915 1624 2916 1624 2916 1421 2915 1420 2917 1624 2916 1420 2917 1625 2918 1625 2918 1420 2917 1443 2919 1625 2918 1443 2919 1626 2920 1626 2920 1443 2919 1442 2921 1626 2920 1442 2921 1627 2922 1627 2922 1442 2921 1441 2923 1627 2922 1441 2923 1628 2924 1628 2924 1441 2923 1440 2925 1628 2924 1440 2925 1629 2926 1629 2926 1440 2925 1439 2927 1629 2926 1439 2927 1630 2928 1630 2928 1439 2927 1438 2929 1630 2928 1438 2929 1631 2930 1631 2930 1438 2929 1437 2931 1631 2930 1437 2931 1632 2932 1632 2932 1437 2931 1436 2933 1632 2932 1436 2933 1633 2934 1633 2934 1436 2933 1435 2935 1633 2934 1435 2935 1634 2936 1634 2936 1435 2935 1434 2937 1634 2936 1434 2937 1635 2938 1635 2938 1434 2937 1433 2939 1635 2938 1433 2939 1636 2940 1636 2940 1433 2939 1432 2941 1636 2940 1432 2941 1637 2942 1637 2942 1432 2941 1431 2943 1637 2942 1431 2943 1638 2944 1638 2944 1431 2943 1430 2945 1638 2944 1430 2945 1639 2946 1639 2946 1430 2945 1429 2947 1639 2946 1429 2947 1640 2948 1640 2948 1429 2947 1428 2949 1640 2948 1428 2949 1641 2950 1641 2950 1428 2949 1427 2951 1641 2950 1427 2951 1642 2952 1642 2952 1427 2951 1426 2953 1642 2952 1426 2953 1643 2954 1643 2954 1426 2953 1425 2955 1643 2954 1425 2955 1644 2956 1644 2956 1425 2955 1424 2957 1644 2956 1424 2957 1645 2958 1645 2958 1424 2957 1423 2959 1645 2958 1423 2959 1646 2960 1646 2960 1423 2959 1422 2961 1646 2960 1422 2961 1647 2914 1647 2914 1422 2961 1421 2915 1623 2962 1397 2963 1600 2964 1600 2964 1397 2963 1396 2965 1600 2964 1396 2965 1601 2966 1601 2966 1396 2965 1419 2967 1601 2966 1419 2967 1602 2968 1602 2968 1419 2967 1418 2969 1602 2968 1418 2969 1603 2970 1603 2970 1418 2969 1417 2971 1603 2970 1417 2971 1604 2972 1604 2972 1417 2971 1416 2973 1604 2972 1416 2973 1605 2974 1605 2974 1416 2973 1415 2975 1605 2974 1415 2975 1606 2976 1606 2976 1415 2975 1414 2977 1606 2976 1414 2977 1607 2978 1607 2978 1414 2977 1413 2979 1607 2978 1413 2979 1608 2980 1608 2980 1413 2979 1412 2981 1608 2980 1412 2981 1609 2982 1609 2982 1412 2981 1411 2983 1609 2982 1411 2983 1610 2984 1610 2984 1411 2983 1410 2985 1610 2984 1410 2985 1611 2986 1611 2986 1410 2985 1409 2987 1611 2986 1409 2987 1612 2988 1612 2988 1409 2987 1408 2989 1612 2988 1408 2989 1613 2990 1613 2990 1408 2989 1407 2991 1613 2990 1407 2991 1614 2992 1614 2992 1407 2991 1406 2993 1614 2992 1406 2993 1615 2994 1615 2994 1406 2993 1405 2995 1615 2994 1405 2995 1616 2996 1616 2996 1405 2995 1404 2997 1616 2996 1404 2997 1617 2998 1617 2998 1404 2997 1403 2999 1617 2998 1403 2999 1618 3000 1618 3000 1403 2999 1402 3001 1618 3000 1402 3001 1619 3002 1619 3002 1402 3001 1401 3003 1619 3002 1401 3003 1620 3004 1620 3004 1401 3003 1400 3005 1620 3004 1400 3005 1621 3006 1621 3006 1400 3005 1399 3007 1621 3006 1399 3007 1622 3008 1622 3008 1399 3007 1398 3009 1622 3008 1398 3009 1623 2962 1623 2962 1398 3009 1397 2963 1599 3010 1373 3011 1576 3012 1576 3012 1373 3011 1372 3013 1576 3012 1372 3013 1577 3014 1577 3014 1372 3013 1395 3015 1577 3014 1395 3015 1578 3016 1578 3016 1395 3015 1394 3017 1578 3016 1394 3017 1579 3018 1579 3018 1394 3017 1393 3019 1579 3018 1393 3019 1580 3020 1580 3020 1393 3019 1392 3021 1580 3020 1392 3021 1581 3022 1581 3022 1392 3021 1391 3023 1581 3022 1391 3023 1582 3024 1582 3024 1391 3023 1390 3025 1582 3024 1390 3025 1583 3026 1583 3026 1390 3025 1389 3027 1583 3026 1389 3027 1584 3028 1584 3028 1389 3027 1388 3029 1584 3028 1388 3029 1585 3030 1585 3030 1388 3029 1387 3031 1585 3030 1387 3031 1586 3032 1586 3032 1387 3031 1386 3033 1586 3032 1386 3033 1587 3034 1587 3034 1386 3033 1385 3035 1587 3034 1385 3035 1588 3036 1588 3036 1385 3035 1384 3037 1588 3036 1384 3037 1589 3038 1589 3038 1384 3037 1383 3039 1589 3038 1383 3039 1590 3040 1590 3040 1383 3039 1382 3041 1590 3040 1382 3041 1591 3042 1591 3042 1382 3041 1381 3043 1591 3042 1381 3043 1592 3044 1592 3044 1381 3043 1380 3045 1592 3044 1380 3045 1593 3046 1593 3046 1380 3045 1379 3047 1593 3046 1379 3047 1594 3048 1594 3048 1379 3047 1378 3049 1594 3048 1378 3049 1595 3050 1595 3050 1378 3049 1377 3051 1595 3050 1377 3051 1596 3052 1596 3052 1377 3051 1376 3053 1596 3052 1376 3053 1597 3054 1597 3054 1376 3053 1375 3055 1597 3054 1375 3055 1598 3056 1598 3056 1375 3055 1374 3057 1598 3056 1374 3057 1599 3010 1599 3010 1374 3057 1373 3011 1575 3058 1349 3059 1552 3060 1552 3060 1349 3059 1348 3061 1552 3060 1348 3061 1553 3062 1553 3062 1348 3061 1371 3063 1553 3062 1371 3063 1554 3064 1554 3064 1371 3063 1370 3065 1554 3064 1370 3065 1555 3066 1555 3066 1370 3065 1369 3067 1555 3066 1369 3067 1556 3068 1556 3068 1369 3067 1368 3069 1556 3068 1368 3069 1557 3070 1557 3070 1368 3069 1367 3071 1557 3070 1367 3071 1558 3072 1558 3072 1367 3071 1366 3073 1558 3072 1366 3073 1559 3074 1559 3074 1366 3073 1365 3075 1559 3074 1365 3075 1560 3076 1560 3076 1365 3075 1364 3077 1560 3076 1364 3077 1561 3078 1561 3078 1364 3077 1363 3079 1561 3078 1363 3079 1562 3080 1562 3080 1363 3079 1362 3081 1562 3080 1362 3081 1563 3082 1563 3082 1362 3081 1361 3083 1563 3082 1361 3083 1564 3084 1564 3084 1361 3083 1360 3085 1564 3084 1360 3085 1565 3086 1565 3086 1360 3085 1359 3087 1565 3086 1359 3087 1566 3088 1566 3088 1359 3087 1358 3089 1566 3088 1358 3089 1567 3090 1567 3090 1358 3089 1357 3091 1567 3090 1357 3091 1568 3092 1568 3092 1357 3091 1356 3093 1568 3092 1356 3093 1569 3094 1569 3094 1356 3093 1355 3095 1569 3094 1355 3095 1570 3096 1570 3096 1355 3095 1354 3097 1570 3096 1354 3097 1571 3098 1571 3098 1354 3097 1353 3099 1571 3098 1353 3099 1572 3100 1572 3100 1353 3099 1352 3101 1572 3100 1352 3101 1573 3102 1573 3102 1352 3101 1351 3103 1573 3102 1351 3103 1574 3104 1574 3104 1351 3103 1350 3105 1574 3104 1350 3105 1575 3058 1575 3058 1350 3105 1349 3059 1551 3106 1325 3107 1528 3108 1528 3108 1325 3107 1324 3109 1528 3108 1324 3109 1529 3110 1529 3110 1324 3109 1347 3111 1529 3110 1347 3111 1530 3112 1530 3112 1347 3111 1346 3113 1530 3112 1346 3113 1531 3114 1531 3114 1346 3113 1345 3115 1531 3114 1345 3115 1532 3116 1532 3116 1345 3115 1344 3117 1532 3116 1344 3117 1533 3118 1533 3118 1344 3117 1343 3119 1533 3118 1343 3119 1534 3120 1534 3120 1343 3119 1342 3121 1534 3120 1342 3121 1535 3122 1535 3122 1342 3121 1341 3123 1535 3122 1341 3123 1536 3124 1536 3124 1341 3123 1340 3125 1536 3124 1340 3125 1537 3126 1537 3126 1340 3125 1339 3127 1537 3126 1339 3127 1538 3128 1538 3128 1339 3127 1338 3129 1538 3128 1338 3129 1539 3130 1539 3130 1338 3129 1337 3131 1539 3130 1337 3131 1540 3132 1540 3132 1337 3131 1336 3133 1540 3132 1336 3133 1541 3134 1541 3134 1336 3133 1335 3135 1541 3134 1335 3135 1542 3136 1542 3136 1335 3135 1334 3137 1542 3136 1334 3137 1543 3138 1543 3138 1334 3137 1333 3139 1543 3138 1333 3139 1544 3140 1544 3140 1333 3139 1332 3141 1544 3140 1332 3141 1545 3142 1545 3142 1332 3141 1331 3143 1545 3142 1331 3143 1546 3144 1546 3144 1331 3143 1330 3145 1546 3144 1330 3145 1547 3146 1547 3146 1330 3145 1329 3147 1547 3146 1329 3147 1548 3148 1548 3148 1329 3147 1328 3149 1548 3148 1328 3149 1549 3150 1549 3150 1328 3149 1327 3151 1549 3150 1327 3151 1550 3152 1550 3152 1327 3151 1326 3153 1550 3152 1326 3153 1551 3106 1551 3106 1326 3153 1325 3107 1013 1892 1683 3154 967 1890 967 1890 1683 3154 1692 3155 967 1890 1692 3155 1927 3156 1927 3156 1692 3155 1691 3157 1927 3156 1691 3157 1928 3158 1928 3158 1691 3157 1690 3159 1928 3158 1690 3159 1929 3160 1929 3160 1690 3159 1689 3161 1929 3160 1689 3161 1930 3162 1930 3162 1689 3161 1688 3163 1930 3162 1688 3163 1931 3164 1931 3164 1688 3163 1275 2291 1931 3164 1275 2291 1323 2293 1683 3154 1013 1892 1693 3165 1693 3165 1013 1892 1012 1894 1693 3165 1012 1894 1698 3166 1698 3166 1012 1894 1011 1896 1698 3166 1011 1896 1703 3167 1703 3167 1011 1896 1010 1898 1703 3167 1010 1898 1708 3168 1708 3168 1010 1898 1009 1900 1708 3168 1009 1900 1713 3169 1713 3169 1009 1900 1008 1902 1713 3169 1008 1902 1718 3170 1718 3170 1008 1902 1007 1904 1718 3170 1007 1904 1723 3171 1723 3171 1007 1904 1006 1906 1723 3171 1006 1906 1728 3172 1728 3172 1006 1906 1005 1908 1728 3172 1005 1908 1733 3173 1733 3173 1005 1908 1680 3174 1733 3173 1680 3174 1746 3175 1746 3175 1680 3174 1739 3176 1746 3175 1739 3176 1740 3177 1740 3177 1739 3176 1749 3178 1740 3177 1749 3178 1750 3179 1750 3179 1749 3178 1755 3180 1750 3179 1755 3180 1756 3181 1756 3181 1755 3180 1761 3182 1756 3181 1761 3182 1289 2440 1289 2440 1761 3182 1290 2438 1290 2438 1761 3182 1766 3183 1290 2438 1766 3183 1291 2436 1291 2436 1766 3183 1771 3184 1291 2436 1771 3184 1681 3185 1681 3185 1771 3184 1770 3186 1681 3185 1770 3186 1775 3187 1775 3187 1770 3186 1769 3188 1775 3187 1769 3188 1774 3189 1774 3189 1769 3188 1768 3190 1774 3189 1768 3190 1773 3191 1773 3191 1768 3190 1767 3192 1773 3191 1767 3192 1772 3193 1772 3193 1767 3192 998 1922 1772 3193 998 1922 997 1924 1005 1908 1004 1910 1680 3174 1680 3174 1004 1910 1738 3194 1680 3174 1738 3194 1739 3176 1739 3176 1738 3194 1748 3195 1739 3176 1748 3195 1749 3178 1749 3178 1748 3195 1754 3196 1749 3178 1754 3196 1755 3180 1755 3180 1754 3196 1760 3197 1755 3180 1760 3197 1761 3182 1761 3182 1760 3197 1766 3183 1004 1910 1003 1912 1738 3194 1738 3194 1003 1912 1747 3198 1738 3194 1747 3198 1748 3195 1748 3195 1747 3198 1753 3199 1748 3195 1753 3199 1754 3196 1754 3196 1753 3199 1759 3200 1754 3196 1759 3200 1760 3197 1760 3197 1759 3200 1765 3201 1760 3197 1765 3201 1766 3183 1766 3183 1765 3201 1771 3184 1003 1912 1002 1914 1747 3198 1747 3198 1002 1914 1752 3202 1747 3198 1752 3202 1753 3199 1753 3199 1752 3202 1758 3203 1753 3199 1758 3203 1759 3200 1759 3200 1758 3203 1764 3204 1759 3200 1764 3204 1765 3201 1765 3201 1764 3204 1770 3186 1765 3201 1770 3186 1771 3184 1002 1914 1001 1916 1752 3202 1752 3202 1001 1916 1757 3205 1752 3202 1757 3205 1758 3203 1758 3203 1757 3205 1763 3206 1758 3203 1763 3206 1764 3204 1764 3204 1763 3206 1769 3188 1764 3204 1769 3188 1770 3186 1001 1916 1000 1918 1757 3205 1757 3205 1000 1918 1762 3207 1757 3205 1762 3207 1763 3206 1763 3206 1762 3207 1768 3190 1763 3206 1768 3190 1769 3188 1000 1918 999 1920 1762 3207 1762 3207 999 1920 1767 3192 1762 3207 1767 3192 1768 3190 999 1920 998 1922 1767 3192 1772 3193 997 1924 1776 3208 1776 3208 997 1924 996 1926 1776 3208 996 1926 1682 3209 1682 3209 996 1926 995 1928 1682 3209 995 1928 1794 3210 1794 3210 995 1928 1785 3211 1794 3210 1785 3211 1786 3212 1786 3212 1785 3211 1796 3213 1786 3212 1796 3213 1797 3214 1797 3214 1796 3213 1802 3215 1797 3214 1802 3215 1803 3216 1803 3216 1802 3215 1808 3217 1803 3216 1808 3217 1809 3218 1809 3218 1808 3217 1676 3219 1809 3218 1676 3219 1299 2406 1299 2406 1676 3219 1300 2404 1300 2404 1676 3219 1814 3220 1300 2404 1814 3220 1301 2401 1301 2401 1814 3220 1819 3221 1301 2401 1819 3221 1302 2402 1302 2402 1819 3221 1824 3222 1302 2402 1824 3222 1303 2530 1303 2530 1824 3222 1829 3223 1303 2530 1829 3223 1304 2533 1304 2533 1829 3223 1834 3224 1304 2533 1834 3224 1305 2537 1305 2537 1834 3224 1840 3225 1305 2537 1840 3225 1306 2378 1306 2378 1840 3225 1839 3226 1306 2378 1839 3226 1307 2376 1307 2376 1839 3226 1678 3227 1307 2376 1678 3227 1308 2374 1308 2374 1678 3227 1852 3228 1308 2374 1852 3228 1857 3229 1857 3229 1852 3228 1851 3230 1857 3229 1851 3230 1856 3231 1856 3231 1851 3230 1850 3232 1856 3231 1850 3232 1855 3233 1855 3233 1850 3232 1849 3234 1855 3233 1849 3234 1854 3235 1854 3235 1849 3234 1848 3236 1854 3235 1848 3236 1853 3237 1853 3237 1848 3236 982 1954 1853 3237 982 1954 981 1956 995 1928 994 1930 1785 3211 1785 3211 994 1930 1795 3238 1785 3211 1795 3238 1796 3213 1796 3213 1795 3238 1801 3239 1796 3213 1801 3239 1802 3215 1802 3215 1801 3239 1807 3240 1802 3215 1807 3240 1808 3217 1808 3217 1807 3240 1675 3241 1808 3217 1675 3241 1676 3219 1676 3219 1675 3241 1814 3220 994 1930 993 1932 1795 3238 1795 3238 993 1932 1800 3242 1795 3238 1800 3242 1801 3239 1801 3239 1800 3242 1806 3243 1801 3239 1806 3243 1807 3240 1807 3240 1806 3243 1674 3244 1807 3240 1674 3244 1675 3241 1675 3241 1674 3244 1813 3245 1675 3241 1813 3245 1814 3220 1814 3220 1813 3245 1819 3221 993 1932 992 1934 1800 3242 1800 3242 992 1934 1805 3246 1800 3242 1805 3246 1806 3243 1806 3243 1805 3246 1673 3247 1806 3243 1673 3247 1674 3244 1674 3244 1673 3247 1812 3248 1674 3244 1812 3248 1813 3245 1813 3245 1812 3248 1818 3249 1813 3245 1818 3249 1819 3221 1819 3221 1818 3249 1824 3222 992 1934 991 1936 1805 3246 1805 3246 991 1936 1672 3250 1805 3246 1672 3250 1673 3247 1673 3247 1672 3250 1811 3251 1673 3247 1811 3251 1812 3248 1812 3248 1811 3251 1817 3252 1812 3248 1817 3252 1818 3249 1818 3249 1817 3252 1823 3253 1818 3249 1823 3253 1824 3222 1824 3222 1823 3253 1829 3223 991 1936 990 1938 1672 3250 1672 3250 990 1938 1810 3254 1672 3250 1810 3254 1811 3251 1811 3251 1810 3254 1816 3255 1811 3251 1816 3255 1817 3252 1817 3252 1816 3255 1822 3256 1817 3252 1822 3256 1823 3253 1823 3253 1822 3256 1828 3257 1823 3253 1828 3257 1829 3223 1829 3223 1828 3257 1834 3224 990 1938 989 1940 1810 3254 1810 3254 989 1940 1815 3258 1810 3254 1815 3258 1816 3255 1816 3255 1815 3258 1821 3259 1816 3255 1821 3259 1822 3256 1822 3256 1821 3259 1827 3260 1822 3256 1827 3260 1828 3257 1828 3257 1827 3260 1833 3261 1828 3257 1833 3261 1834 3224 1834 3224 1833 3261 1840 3225 989 1940 988 1942 1815 3258 1815 3258 988 1942 1820 3262 1815 3258 1820 3262 1821 3259 1821 3259 1820 3262 1826 3263 1821 3259 1826 3263 1827 3260 1827 3260 1826 3263 1832 3264 1827 3260 1832 3264 1833 3261 1833 3261 1832 3264 1841 3265 1833 3261 1841 3265 1840 3225 1840 3225 1841 3265 1839 3226 988 1942 987 1944 1820 3262 1820 3262 987 1944 1825 3266 1820 3262 1825 3266 1826 3263 1826 3263 1825 3266 1831 3267 1826 3263 1831 3267 1832 3264 1832 3264 1831 3267 1842 3268 1832 3264 1842 3268 1841 3265 1841 3265 1842 3268 1838 3269 1841 3265 1838 3269 1839 3226 1839 3226 1838 3269 1678 3227 987 1944 986 1946 1825 3266 1825 3266 986 1946 1830 3270 1825 3266 1830 3270 1831 3267 1831 3267 1830 3270 1843 3271 1831 3267 1843 3271 1842 3268 1842 3268 1843 3271 1837 3272 1842 3268 1837 3272 1838 3269 1838 3269 1837 3272 1847 3273 1838 3269 1847 3273 1678 3227 1678 3227 1847 3273 1852 3228 1830 3270 986 1946 1677 3274 1677 3274 986 1946 985 1948 1677 3274 985 1948 1835 3275 1835 3275 985 1948 984 1950 1835 3275 984 1950 1844 3276 1844 3276 984 1950 983 1952 1844 3276 983 1952 1848 3236 1848 3236 983 1952 982 1954 1853 3237 981 1956 1858 3277 1858 3277 981 1956 980 1958 1858 3277 980 1958 1863 3278 1863 3278 980 1958 979 1960 1863 3278 979 1960 1868 3279 1868 3279 979 1960 978 1962 1868 3279 978 1962 1873 3280 1873 3280 978 1962 977 1964 1873 3280 977 1964 1679 3281 1679 3281 977 1964 976 1966 1679 3281 976 1966 1891 3282 1891 3282 976 1966 1882 3283 1891 3282 1882 3283 1883 3284 1883 3284 1882 3283 1893 3285 1883 3284 1893 3285 1894 3286 1894 3286 1893 3285 1899 3287 1894 3286 1899 3287 1900 3288 1900 3288 1899 3287 1905 3289 1900 3288 1905 3289 1906 3290 1906 3290 1905 3289 1911 3291 1906 3290 1911 3291 1319 2320 1319 2320 1911 3291 1320 2324 1320 2324 1911 3291 1916 3292 1320 2324 1916 3292 1321 2327 1321 2327 1916 3292 1921 3293 1321 2327 1921 3293 1322 2295 1322 2295 1921 3293 1926 3294 1322 2295 1926 3294 1323 2293 1323 2293 1926 3294 1931 3164 976 1966 975 1968 1882 3283 1882 3283 975 1968 1892 3295 1882 3283 1892 3295 1893 3285 1893 3285 1892 3295 1898 3296 1893 3285 1898 3296 1899 3287 1899 3287 1898 3296 1904 3297 1899 3287 1904 3297 1905 3289 1905 3289 1904 3297 1910 3298 1905 3289 1910 3298 1911 3291 1911 3291 1910 3298 1916 3292 975 1968 974 1970 1892 3295 1892 3295 974 1970 1897 3299 1892 3295 1897 3299 1898 3296 1898 3296 1897 3299 1903 3300 1898 3296 1903 3300 1904 3297 1904 3297 1903 3300 1909 3301 1904 3297 1909 3301 1910 3298 1910 3298 1909 3301 1915 3302 1910 3298 1915 3302 1916 3292 1916 3292 1915 3302 1921 3293 974 1970 973 1972 1897 3299 1897 3299 973 1972 1902 3303 1897 3299 1902 3303 1903 3300 1903 3300 1902 3303 1908 3304 1903 3300 1908 3304 1909 3301 1909 3301 1908 3304 1914 3305 1909 3301 1914 3305 1915 3302 1915 3302 1914 3305 1920 3306 1915 3302 1920 3306 1921 3293 1921 3293 1920 3306 1926 3294 973 1972 972 1974 1902 3303 1902 3303 972 1974 1907 3307 1902 3303 1907 3307 1908 3304 1908 3304 1907 3307 1913 3308 1908 3304 1913 3308 1914 3305 1914 3305 1913 3308 1919 3309 1914 3305 1919 3309 1920 3306 1920 3306 1919 3309 1925 3310 1920 3306 1925 3310 1926 3294 1926 3294 1925 3310 1931 3164 972 1974 971 1976 1907 3307 1907 3307 971 1976 1912 3311 1907 3307 1912 3311 1913 3308 1913 3308 1912 3311 1918 3312 1913 3308 1918 3312 1919 3309 1919 3309 1918 3312 1924 3313 1919 3309 1924 3313 1925 3310 1925 3310 1924 3313 1930 3162 1925 3310 1930 3162 1931 3164 971 1976 970 1978 1912 3311 1912 3311 970 1978 1917 3314 1912 3311 1917 3314 1918 3312 1918 3312 1917 3314 1923 3315 1918 3312 1923 3315 1924 3313 1924 3313 1923 3315 1929 3160 1924 3313 1929 3160 1930 3162 970 1978 969 1980 1917 3314 1917 3314 969 1980 1922 3316 1917 3314 1922 3316 1923 3315 1923 3315 1922 3316 1928 3158 1923 3315 1928 3158 1929 3160 969 1980 968 1888 1922 3316 1922 3316 968 1888 1927 3156 1922 3316 1927 3156 1928 3158 968 1888 967 1890 1927 3156 1319 2320 1318 2318 1906 3290 1906 3290 1318 2318 1901 3317 1906 3290 1901 3317 1900 3288 1900 3288 1901 3317 1895 3318 1900 3288 1895 3318 1894 3286 1894 3286 1895 3318 1884 3319 1894 3286 1884 3319 1883 3284 1883 3284 1884 3319 1890 3320 1883 3284 1890 3320 1891 3282 1891 3282 1890 3320 1679 3281 1318 2318 1317 2330 1901 3317 1901 3317 1317 2330 1896 3321 1901 3317 1896 3321 1895 3318 1895 3318 1896 3321 1885 3322 1895 3318 1885 3322 1884 3319 1884 3319 1885 3322 1889 3323 1884 3319 1889 3323 1890 3320 1890 3320 1889 3323 1878 3324 1890 3320 1878 3324 1679 3281 1679 3281 1878 3324 1873 3280 1317 2330 1316 2332 1896 3321 1896 3321 1316 2332 1886 3325 1896 3321 1886 3325 1885 3322 1885 3322 1886 3325 1888 3326 1885 3322 1888 3326 1889 3323 1889 3323 1888 3326 1879 3327 1889 3323 1879 3327 1878 3324 1878 3324 1879 3327 1874 3328 1878 3324 1874 3328 1873 3280 1873 3280 1874 3328 1868 3279 1316 2332 1315 2334 1886 3325 1886 3325 1315 2334 1887 3329 1886 3325 1887 3329 1888 3326 1888 3326 1887 3329 1880 3330 1888 3326 1880 3330 1879 3327 1879 3327 1880 3330 1875 3331 1879 3327 1875 3331 1874 3328 1874 3328 1875 3331 1869 3332 1874 3328 1869 3332 1868 3279 1868 3279 1869 3332 1863 3278 1315 2334 1314 2340 1887 3329 1887 3329 1314 2340 1881 3333 1887 3329 1881 3333 1880 3330 1880 3330 1881 3333 1876 3334 1880 3330 1876 3334 1875 3331 1875 3331 1876 3334 1870 3335 1875 3331 1870 3335 1869 3332 1869 3332 1870 3335 1864 3336 1869 3332 1864 3336 1863 3278 1863 3278 1864 3336 1858 3277 1314 2340 1313 2342 1881 3333 1881 3333 1313 2342 1877 3337 1881 3333 1877 3337 1876 3334 1876 3334 1877 3337 1871 3338 1876 3334 1871 3338 1870 3335 1870 3335 1871 3338 1865 3339 1870 3335 1865 3339 1864 3336 1864 3336 1865 3339 1859 3340 1864 3336 1859 3340 1858 3277 1858 3277 1859 3340 1853 3237 1313 2342 1312 2371 1877 3337 1877 3337 1312 2371 1872 3341 1877 3337 1872 3341 1871 3338 1871 3338 1872 3341 1866 3342 1871 3338 1866 3342 1865 3339 1865 3339 1866 3342 1860 3343 1865 3339 1860 3343 1859 3340 1859 3340 1860 3343 1854 3235 1859 3340 1854 3235 1853 3237 1312 2371 1311 2368 1872 3341 1872 3341 1311 2368 1867 3344 1872 3341 1867 3344 1866 3342 1866 3342 1867 3344 1861 3345 1866 3342 1861 3345 1860 3343 1860 3343 1861 3345 1855 3233 1860 3343 1855 3233 1854 3235 1311 2368 1310 2364 1867 3344 1867 3344 1310 2364 1862 3346 1867 3344 1862 3346 1861 3345 1861 3345 1862 3346 1856 3231 1861 3345 1856 3231 1855 3233 1310 2364 1309 2363 1862 3346 1862 3346 1309 2363 1857 3229 1862 3346 1857 3229 1856 3231 1309 2363 1308 2374 1857 3229 1299 2406 1298 2408 1809 3218 1809 3218 1298 2408 1804 3347 1809 3218 1804 3347 1803 3216 1803 3216 1804 3347 1798 3348 1803 3216 1798 3348 1797 3214 1797 3214 1798 3348 1787 3349 1797 3214 1787 3349 1786 3212 1786 3212 1787 3349 1793 3350 1786 3212 1793 3350 1794 3210 1794 3210 1793 3350 1682 3209 1298 2408 1297 2525 1804 3347 1804 3347 1297 2525 1799 3351 1804 3347 1799 3351 1798 3348 1798 3348 1799 3351 1788 3352 1798 3348 1788 3352 1787 3349 1787 3349 1788 3352 1792 3353 1787 3349 1792 3353 1793 3350 1793 3350 1792 3353 1781 3354 1793 3350 1781 3354 1682 3209 1682 3209 1781 3354 1776 3208 1297 2525 1296 2522 1799 3351 1799 3351 1296 2522 1789 3355 1799 3351 1789 3355 1788 3352 1788 3352 1789 3355 1791 3356 1788 3352 1791 3356 1792 3353 1792 3353 1791 3356 1782 3357 1792 3353 1782 3357 1781 3354 1781 3354 1782 3357 1777 3358 1781 3354 1777 3358 1776 3208 1776 3208 1777 3358 1772 3193 1296 2522 1295 2518 1789 3355 1789 3355 1295 2518 1790 3359 1789 3355 1790 3359 1791 3356 1791 3356 1790 3359 1783 3360 1791 3356 1783 3360 1782 3357 1782 3357 1783 3360 1778 3361 1782 3357 1778 3361 1777 3358 1777 3358 1778 3361 1773 3191 1777 3358 1773 3191 1772 3193 1295 2518 1294 2432 1790 3359 1790 3359 1294 2432 1784 3362 1790 3359 1784 3362 1783 3360 1783 3360 1784 3362 1779 3363 1783 3360 1779 3363 1778 3361 1778 3361 1779 3363 1774 3189 1778 3361 1774 3189 1773 3191 1294 2432 1293 2431 1784 3362 1784 3362 1293 2431 1780 3364 1784 3362 1780 3364 1779 3363 1779 3363 1780 3364 1775 3187 1779 3363 1775 3187 1774 3189 1293 2431 1292 2434 1780 3364 1780 3364 1292 2434 1681 3185 1780 3364 1681 3185 1775 3187 1292 2434 1291 2436 1681 3185 1289 2440 1288 2472 1756 3181 1756 3181 1288 2472 1751 3365 1756 3181 1751 3365 1750 3179 1750 3179 1751 3365 1741 3366 1750 3179 1741 3366 1740 3177 1740 3177 1741 3366 1745 3367 1740 3177 1745 3367 1746 3175 1746 3175 1745 3367 1734 3368 1746 3175 1734 3368 1733 3173 1733 3173 1734 3368 1728 3172 1288 2472 1287 2468 1751 3365 1751 3365 1287 2468 1742 3369 1751 3365 1742 3369 1741 3366 1741 3366 1742 3369 1744 3370 1741 3366 1744 3370 1745 3367 1745 3367 1744 3370 1735 3371 1745 3367 1735 3371 1734 3368 1734 3368 1735 3371 1729 3372 1734 3368 1729 3372 1728 3172 1728 3172 1729 3372 1723 3171 1287 2468 1286 2465 1742 3369 1742 3369 1286 2465 1743 3373 1742 3369 1743 3373 1744 3370 1744 3370 1743 3373 1736 3374 1744 3370 1736 3374 1735 3371 1735 3371 1736 3374 1730 3375 1735 3371 1730 3375 1729 3372 1729 3372 1730 3375 1724 3376 1729 3372 1724 3376 1723 3171 1723 3171 1724 3376 1718 3170 1286 2465 1285 2463 1743 3373 1743 3373 1285 2463 1737 3377 1743 3373 1737 3377 1736 3374 1736 3374 1737 3377 1731 3378 1736 3374 1731 3378 1730 3375 1730 3375 1731 3378 1725 3379 1730 3375 1725 3379 1724 3376 1724 3376 1725 3379 1719 3380 1724 3376 1719 3380 1718 3170 1718 3170 1719 3380 1713 3169 1285 2463 1284 2475 1737 3377 1737 3377 1284 2475 1732 3381 1737 3377 1732 3381 1731 3378 1731 3378 1732 3381 1726 3382 1731 3378 1726 3382 1725 3379 1725 3379 1726 3382 1720 3383 1725 3379 1720 3383 1719 3380 1719 3380 1720 3383 1714 3384 1719 3380 1714 3384 1713 3169 1713 3169 1714 3384 1708 3168 1284 2475 1283 2478 1732 3381 1732 3381 1283 2478 1727 3385 1732 3381 1727 3385 1726 3382 1726 3382 1727 3385 1721 3386 1726 3382 1721 3386 1720 3383 1720 3383 1721 3386 1715 3387 1720 3383 1715 3387 1714 3384 1714 3384 1715 3387 1709 3388 1714 3384 1709 3388 1708 3168 1708 3168 1709 3388 1703 3167 1283 2478 1282 2480 1727 3385 1727 3385 1282 2480 1722 3389 1727 3385 1722 3389 1721 3386 1721 3386 1722 3389 1716 3390 1721 3386 1716 3390 1715 3387 1715 3387 1716 3390 1710 3391 1715 3387 1710 3391 1709 3388 1709 3388 1710 3391 1704 3392 1709 3388 1704 3392 1703 3167 1703 3167 1704 3392 1698 3166 1282 2480 1281 2482 1722 3389 1722 3389 1281 2482 1717 3393 1722 3389 1717 3393 1716 3390 1716 3390 1717 3393 1711 3394 1716 3390 1711 3394 1710 3391 1710 3391 1711 3394 1705 3395 1710 3391 1705 3395 1704 3392 1704 3392 1705 3395 1699 3396 1704 3392 1699 3396 1698 3166 1698 3166 1699 3396 1693 3165 1281 2482 1280 2514 1717 3393 1717 3393 1280 2514 1712 3397 1717 3393 1712 3397 1711 3394 1711 3394 1712 3397 1706 3398 1711 3394 1706 3398 1705 3395 1705 3395 1706 3398 1700 3399 1705 3395 1700 3399 1699 3396 1699 3396 1700 3399 1694 3400 1699 3396 1694 3400 1693 3165 1693 3165 1694 3400 1683 3154 1280 2514 1279 2511 1712 3397 1712 3397 1279 2511 1707 3401 1712 3397 1707 3401 1706 3398 1706 3398 1707 3401 1701 3402 1706 3398 1701 3402 1700 3399 1700 3399 1701 3402 1695 3403 1700 3399 1695 3403 1694 3400 1694 3400 1695 3403 1684 3404 1694 3400 1684 3404 1683 3154 1683 3154 1684 3404 1692 3155 1279 2511 1278 2507 1707 3401 1707 3401 1278 2507 1702 3405 1707 3401 1702 3405 1701 3402 1701 3402 1702 3405 1696 3406 1701 3402 1696 3406 1695 3403 1695 3403 1696 3406 1685 3407 1695 3403 1685 3407 1684 3404 1684 3404 1685 3407 1691 3157 1684 3404 1691 3157 1692 3155 1278 2507 1277 2505 1702 3405 1702 3405 1277 2505 1697 3408 1702 3405 1697 3408 1696 3406 1696 3406 1697 3408 1686 3409 1696 3406 1686 3409 1685 3407 1685 3407 1686 3409 1690 3159 1685 3407 1690 3159 1691 3157 1277 2505 1276 2517 1697 3408 1697 3408 1276 2517 1687 3410 1697 3408 1687 3410 1686 3409 1686 3409 1687 3410 1689 3161 1686 3409 1689 3161 1690 3159 1276 2517 1275 2291 1687 3410 1687 3410 1275 2291 1688 3163 1687 3410 1688 3163 1689 3161 1835 3275 1836 3411 1677 3274 1677 3274 1836 3411 1843 3271 1677 3274 1843 3271 1830 3270 1843 3271 1836 3411 1837 3272 1837 3272 1836 3411 1846 3412 1837 3272 1846 3412 1847 3273 1847 3273 1846 3412 1851 3230 1847 3273 1851 3230 1852 3228 1836 3411 1835 3275 1845 3413 1845 3413 1835 3275 1844 3276 1845 3413 1844 3276 1849 3234 1849 3234 1844 3276 1848 3236 1836 3411 1845 3413 1846 3412 1846 3412 1845 3413 1850 3232 1846 3412 1850 3232 1851 3230 1850 3232 1845 3413 1849 3234</p>
        </triangles>
        <triangles material="for_arm__Opaque_0_192_0_" count="884">
          <input semantic="VERTEX" source="#for_arm_group-mesh-vertices" offset="0"/>
          <input semantic="NORMAL" source="#for_arm_group-mesh-normals" offset="1"/>
          <p>181 210 140 211 123 212 123 212 140 211 141 213 123 212 141 213 142 214 142 214 143 215 123 212 123 212 143 215 144 216 123 212 144 216 124 217 124 217 144 216 145 218 124 217 145 218 426 219 426 219 145 218 146 220 426 219 146 220 147 221 147 221 148 222 426 219 426 219 148 222 149 223 426 219 149 223 150 224 426 219 150 224 425 225 425 225 150 224 151 226 425 225 151 226 152 227 152 227 153 228 425 225 425 225 153 228 154 229 425 225 154 229 155 230 155 230 156 231 425 225 425 225 156 231 157 232 425 225 157 232 158 233 158 233 159 234 425 225 425 225 159 234 160 235 425 225 160 235 161 236 161 236 162 237 425 225 425 225 162 237 163 238 425 225 163 238 164 239 165 240 121 241 164 239 164 239 121 241 424 242 164 239 424 242 425 225 165 240 166 243 121 241 121 241 166 243 167 244 121 241 167 244 122 245 122 245 167 244 168 246 122 245 168 246 169 247 169 247 170 248 122 245 122 245 170 248 171 249 122 245 171 249 172 250 172 250 173 251 122 245 122 245 173 251 174 252 122 245 174 252 175 253 175 253 176 254 122 245 122 245 176 254 123 212 123 212 176 254 177 255 123 212 177 255 178 256 178 256 179 257 123 212 123 212 179 257 180 258 123 212 180 258 181 210 223 259 182 260 110 261 110 261 182 260 183 262 110 261 183 262 184 263 184 263 185 264 110 261 110 261 185 264 111 265 111 265 185 264 186 266 111 265 186 266 187 267 187 267 188 268 111 265 111 265 188 268 189 269 111 265 189 269 190 270 190 270 191 271 111 265 111 265 191 271 192 272 111 265 192 272 193 273 193 273 194 274 111 265 111 265 194 274 195 275 111 265 195 275 196 276 196 276 197 277 111 265 111 265 197 277 112 278 112 278 197 277 198 279 112 278 198 279 199 280 199 280 200 281 112 278 112 278 200 281 418 282 112 278 418 282 113 283 113 283 418 282 419 284 113 283 419 284 114 285 114 285 419 284 115 286 115 286 419 284 420 287 115 286 420 287 116 288 116 288 420 287 421 289 116 288 421 289 117 290 117 290 421 289 422 291 117 290 422 291 118 292 118 292 422 291 119 293 119 293 422 291 423 294 119 293 423 294 120 295 120 295 423 294 424 242 120 295 424 242 121 241 418 282 200 281 417 296 417 296 200 281 201 297 417 296 201 297 202 298 202 298 203 299 417 296 417 296 203 299 204 300 417 296 204 300 205 301 205 301 206 302 417 296 417 296 206 302 207 303 417 296 207 303 208 304 208 304 209 305 417 296 417 296 209 305 210 306 417 296 210 306 211 307 211 307 212 308 417 296 417 296 212 308 213 309 417 296 213 309 214 310 214 310 215 311 417 296 417 296 215 311 416 312 416 312 215 311 216 313 416 312 216 313 217 314 217 314 218 315 416 312 416 312 218 315 219 316 416 312 219 316 220 317 416 312 220 317 109 318 109 318 220 317 221 319 109 318 221 319 110 261 110 261 221 319 222 320 110 261 222 320 223 259 263 321 224 322 98 323 98 323 224 322 225 324 98 323 225 324 226 325 226 325 227 326 98 323 98 323 227 326 99 327 99 327 227 326 228 328 99 327 228 328 229 329 229 329 230 330 99 327 99 327 230 330 231 331 99 327 231 331 232 332 232 332 233 333 99 327 99 327 233 333 234 334 99 327 234 334 235 335 235 335 236 336 99 327 99 327 236 336 237 337 99 327 237 337 100 338 100 338 237 337 238 339 100 338 238 339 239 340 239 340 240 341 100 338 100 338 240 341 241 342 100 338 241 342 242 343 242 343 243 344 100 338 100 338 243 344 244 345 100 338 244 345 409 346 409 346 244 345 245 347 409 346 245 347 246 348 246 348 247 349 409 346 409 346 247 349 248 350 409 346 248 350 249 351 409 346 249 351 408 352 408 352 249 351 250 353 408 352 250 353 251 354 251 354 252 355 408 352 408 352 252 355 253 356 408 352 253 356 254 357 254 357 255 358 408 352 408 352 255 358 256 359 408 352 256 359 257 360 257 360 258 361 408 352 408 352 258 361 259 362 408 352 259 362 260 363 260 363 261 364 408 352 408 352 261 364 262 365 408 352 262 365 407 366 407 366 262 365 98 323 407 366 98 323 97 367 262 365 263 321 98 323 305 368 264 369 87 370 87 370 264 369 265 371 87 370 265 371 266 372 266 372 267 373 87 370 87 370 267 373 268 374 87 370 268 374 269 375 269 375 270 376 87 370 87 370 270 376 88 377 88 377 270 376 271 378 88 377 271 378 272 379 272 379 273 380 88 377 88 377 273 380 274 381 88 377 274 381 275 382 275 382 276 383 88 377 88 377 276 383 277 384 88 377 277 384 278 385 278 385 279 386 88 377 88 377 279 386 280 387 88 377 280 387 89 388 89 388 280 387 281 389 89 388 281 389 282 390 89 388 282 390 401 391 401 391 282 390 283 392 401 391 283 392 400 393 400 393 283 392 284 394 400 393 284 394 285 395 285 395 286 396 400 393 400 393 286 396 287 397 400 393 287 397 288 398 288 398 289 399 400 393 400 393 289 399 290 400 400 393 290 400 291 401 291 401 292 402 400 393 400 393 292 402 293 403 400 393 293 403 294 404 294 404 295 405 400 393 400 393 295 405 296 406 400 393 296 406 399 407 399 407 296 406 297 408 399 407 297 408 298 409 298 409 299 410 399 407 399 407 299 410 300 411 399 407 300 411 301 412 399 407 301 412 86 413 86 413 301 412 302 414 86 413 302 414 303 415 86 413 303 415 87 370 87 370 303 415 304 416 87 370 304 416 305 368 345 417 306 418 76 419 76 419 306 418 307 420 76 419 307 420 308 421 76 419 308 421 77 422 77 422 308 421 309 423 77 422 309 423 310 424 310 424 311 425 77 422 77 422 311 425 392 426 77 422 392 426 78 427 78 427 392 426 393 428 78 427 393 428 79 429 79 429 393 428 394 430 79 429 394 430 80 431 80 431 394 430 395 432 80 431 395 432 81 433 81 433 395 432 82 434 82 434 395 432 396 435 82 434 396 435 83 436 83 436 396 435 397 437 83 436 397 437 84 438 84 438 397 437 398 439 84 438 398 439 85 440 85 440 398 439 86 413 86 413 398 439 399 407 311 425 312 441 392 426 392 426 312 441 313 442 392 426 313 442 314 443 314 443 315 444 392 426 392 426 315 444 316 445 392 426 316 445 317 446 392 426 317 446 391 447 391 447 317 446 318 448 391 447 318 448 319 449 319 449 320 450 391 447 391 447 320 450 321 451 391 447 321 451 322 452 322 452 323 453 391 447 391 447 323 453 324 454 391 447 324 454 325 455 325 455 326 456 391 447 391 447 326 456 327 457 391 447 327 457 328 458 328 458 329 459 391 447 391 447 329 459 330 460 391 447 330 460 390 461 390 461 330 460 74 462 390 461 74 462 73 463 74 462 330 460 75 464 75 464 330 460 331 465 75 464 331 465 332 466 332 466 333 467 75 464 75 464 333 467 334 468 75 464 334 468 335 469 335 469 336 470 75 464 75 464 336 470 337 471 75 464 337 471 338 472 75 464 338 472 76 419 76 419 338 472 339 473 76 419 339 473 340 474 340 474 341 475 76 419 76 419 341 475 342 476 76 419 342 476 343 477 343 477 344 478 76 419 76 419 344 478 345 417 386 479 346 480 135 481 135 481 346 480 347 482 135 481 347 482 348 483 348 483 349 484 135 481 135 481 349 484 350 485 135 481 350 485 435 486 435 486 350 485 351 487 435 486 351 487 434 488 434 488 351 487 352 489 434 488 352 489 353 490 353 490 354 491 434 488 434 488 354 491 355 492 434 488 355 492 356 493 356 493 357 494 434 488 434 488 357 494 358 495 434 488 358 495 359 496 359 496 360 497 434 488 434 488 360 497 361 498 434 488 361 498 362 499 362 499 363 500 434 488 434 488 363 500 364 501 434 488 364 501 433 502 433 502 364 501 365 503 433 502 365 503 366 504 366 504 367 505 433 502 433 502 367 505 368 506 433 502 368 506 369 507 369 507 370 508 433 502 433 502 370 508 133 509 433 502 133 509 132 510 370 508 371 511 133 509 133 509 371 511 372 512 133 509 372 512 373 513 373 513 374 514 133 509 133 509 374 514 375 515 133 509 375 515 134 516 134 516 375 515 376 517 134 516 376 517 377 518 377 518 378 519 134 516 134 516 378 519 379 520 134 516 379 520 380 521 380 521 381 522 134 516 134 516 381 522 382 523 134 516 382 523 383 524 383 524 384 525 134 516 134 516 384 525 385 526 134 516 385 526 135 481 135 481 385 526 386 479 388 527 71 528 387 529 387 529 71 528 70 530 387 529 70 530 139 531 71 528 388 527 72 532 72 532 388 527 389 533 72 532 389 533 73 463 73 463 389 533 390 461 89 388 401 391 90 534 90 534 401 391 402 535 90 534 402 535 91 536 91 536 402 535 403 537 91 536 403 537 92 538 92 538 403 537 93 539 93 539 403 537 404 540 93 539 404 540 94 541 94 541 404 540 405 542 94 541 405 542 95 543 95 543 405 542 406 544 95 543 406 544 96 545 96 545 406 544 97 367 97 367 406 544 407 366 100 338 409 346 101 546 101 546 409 346 410 547 101 546 410 547 102 548 102 548 410 547 411 549 102 548 411 549 103 550 103 550 411 549 104 551 104 551 411 549 412 552 104 551 412 552 105 553 105 553 412 552 413 554 105 553 413 554 106 555 106 555 413 554 414 556 106 555 414 556 107 557 107 557 414 556 108 558 108 558 414 556 415 559 108 558 415 559 109 318 109 318 415 559 416 312 426 219 427 560 124 217 124 217 427 560 125 561 125 561 427 560 126 562 126 562 427 560 428 563 126 562 428 563 127 564 127 564 428 563 429 565 127 564 429 565 128 566 128 566 429 565 430 567 128 566 430 567 129 568 129 568 430 567 130 569 130 569 430 567 431 570 130 569 431 570 131 571 131 571 431 570 432 572 131 571 432 572 132 510 132 510 432 572 433 502 436 573 137 574 435 486 435 486 137 574 136 575 435 486 136 575 135 481 137 574 436 573 138 576 138 576 436 573 437 577 138 576 437 577 139 531 139 531 437 577 387 529 439 578 388 579 438 580 438 580 388 579 387 581 438 580 387 581 488 582 488 582 387 581 437 583 488 582 437 583 487 584 487 584 437 583 436 585 487 584 436 585 486 586 486 586 436 585 435 587 486 586 435 587 485 588 485 588 435 587 434 589 485 588 434 589 484 590 484 590 434 589 433 591 484 590 433 591 483 592 483 592 433 591 432 593 483 592 432 593 482 594 482 594 432 593 431 595 482 594 431 595 481 596 481 596 431 595 430 597 481 596 430 597 480 598 480 598 430 597 429 599 480 598 429 599 479 600 479 600 429 599 428 601 479 600 428 601 478 602 478 602 428 601 427 603 478 602 427 603 477 604 477 604 427 603 426 605 477 604 426 605 476 606 476 606 426 605 425 607 476 606 425 607 475 608 475 608 425 607 424 609 475 608 424 609 474 610 474 610 424 609 423 611 474 610 423 611 473 612 473 612 423 611 422 613 473 612 422 613 472 614 472 614 422 613 421 615 472 614 421 615 471 616 471 616 421 615 420 617 471 616 420 617 470 618 470 618 420 617 419 619 470 618 419 619 469 620 469 620 419 619 418 621 469 620 418 621 468 622 468 622 418 621 417 623 468 622 417 623 467 624 467 624 417 623 416 625 467 624 416 625 466 626 466 626 416 625 415 627 466 626 415 627 465 628 465 628 415 627 414 629 465 628 414 629 464 630 464 630 414 629 413 631 464 630 413 631 463 632 463 632 413 631 412 633 463 632 412 633 462 634 462 634 412 633 411 635 462 634 411 635 461 636 461 636 411 635 410 637 461 636 410 637 460 638 460 638 410 637 409 639 460 638 409 639 459 640 459 640 409 639 408 641 459 640 408 641 458 642 458 642 408 641 407 643 458 642 407 643 457 644 457 644 407 643 406 645 457 644 406 645 456 646 456 646 406 645 405 647 456 646 405 647 455 648 455 648 405 647 404 649 455 648 404 649 454 650 454 650 404 649 403 651 454 650 403 651 453 652 453 652 403 651 402 653 453 652 402 653 452 654 452 654 402 653 401 655 452 654 401 655 451 656 451 656 401 655 400 657 451 656 400 657 450 658 450 658 400 657 399 659 450 658 399 659 449 660 449 660 399 659 398 661 449 660 398 661 448 662 448 662 398 661 397 663 448 662 397 663 447 664 447 664 397 663 396 665 447 664 396 665 446 666 446 666 396 665 395 667 446 666 395 667 445 668 445 668 395 667 394 669 445 668 394 669 444 670 444 670 394 669 393 671 444 670 393 671 443 672 443 672 393 671 392 673 443 672 392 673 442 674 442 674 392 673 391 675 442 674 391 675 441 676 441 676 391 675 390 677 441 676 390 677 440 678 440 678 390 677 389 679 440 678 389 679 439 578 439 578 389 679 388 579 968 1888 1063 1889 967 1890 967 1890 1063 1889 1061 1891 967 1890 1061 1891 1013 1892 1013 1892 1061 1891 1153 1893 1013 1892 1153 1893 1012 1894 1012 1894 1153 1893 1151 1895 1012 1894 1151 1895 1011 1896 1011 1896 1151 1895 1149 1897 1011 1896 1149 1897 1010 1898 1010 1898 1149 1897 1147 1899 1010 1898 1147 1899 1009 1900 1009 1900 1147 1899 1145 1901 1009 1900 1145 1901 1008 1902 1008 1902 1145 1901 1143 1903 1008 1902 1143 1903 1007 1904 1007 1904 1143 1903 1141 1905 1007 1904 1141 1905 1006 1906 1006 1906 1141 1905 1139 1907 1006 1906 1139 1907 1005 1908 1005 1908 1139 1907 1137 1909 1005 1908 1137 1909 1004 1910 1004 1910 1137 1909 1135 1911 1004 1910 1135 1911 1003 1912 1003 1912 1135 1911 1133 1913 1003 1912 1133 1913 1002 1914 1002 1914 1133 1913 1131 1915 1002 1914 1131 1915 1001 1916 1001 1916 1131 1915 1129 1917 1001 1916 1129 1917 1000 1918 1000 1918 1129 1917 1127 1919 1000 1918 1127 1919 999 1920 999 1920 1127 1919 1125 1921 999 1920 1125 1921 998 1922 998 1922 1125 1921 1123 1923 998 1922 1123 1923 997 1924 997 1924 1123 1923 1121 1925 997 1924 1121 1925 996 1926 996 1926 1121 1925 1119 1927 996 1926 1119 1927 995 1928 995 1928 1119 1927 1117 1929 995 1928 1117 1929 994 1930 994 1930 1117 1929 1115 1931 994 1930 1115 1931 993 1932 993 1932 1115 1931 1113 1933 993 1932 1113 1933 992 1934 992 1934 1113 1933 1111 1935 992 1934 1111 1935 991 1936 991 1936 1111 1935 1109 1937 991 1936 1109 1937 990 1938 990 1938 1109 1937 1107 1939 990 1938 1107 1939 989 1940 989 1940 1107 1939 1105 1941 989 1940 1105 1941 988 1942 988 1942 1105 1941 1103 1943 988 1942 1103 1943 987 1944 987 1944 1103 1943 1101 1945 987 1944 1101 1945 986 1946 986 1946 1101 1945 1099 1947 986 1946 1099 1947 985 1948 985 1948 1099 1947 1097 1949 985 1948 1097 1949 984 1950 984 1950 1097 1949 1095 1951 984 1950 1095 1951 983 1952 983 1952 1095 1951 1093 1953 983 1952 1093 1953 982 1954 982 1954 1093 1953 1091 1955 982 1954 1091 1955 981 1956 981 1956 1091 1955 1089 1957 981 1956 1089 1957 980 1958 980 1958 1089 1957 1087 1959 980 1958 1087 1959 979 1960 979 1960 1087 1959 1085 1961 979 1960 1085 1961 978 1962 978 1962 1085 1961 1083 1963 978 1962 1083 1963 977 1964 977 1964 1083 1963 1081 1965 977 1964 1081 1965 976 1966 976 1966 1081 1965 1079 1967 976 1966 1079 1967 975 1968 975 1968 1079 1967 1077 1969 975 1968 1077 1969 974 1970 974 1970 1077 1969 1075 1971 974 1970 1075 1971 973 1972 973 1972 1075 1971 1073 1973 973 1972 1073 1973 972 1974 972 1974 1073 1973 1071 1975 972 1974 1071 1975 971 1976 971 1976 1071 1975 1069 1977 971 1976 1069 1977 970 1978 970 1978 1069 1977 1067 1979 970 1978 1067 1979 969 1980 969 1980 1067 1979 1065 1981 969 1980 1065 1981 968 1888 968 1888 1065 1981 1063 1889 1015 1982 1154 1983 1014 1984 1014 1984 1154 1983 1062 1985 1014 1984 1062 1985 1060 1986 1060 1986 1062 1985 1064 1987 1060 1986 1064 1987 1059 1988 1059 1988 1064 1987 1066 1989 1059 1988 1066 1989 1058 1990 1058 1990 1066 1989 1068 1991 1058 1990 1068 1991 1057 1992 1057 1992 1068 1991 1070 1993 1057 1992 1070 1993 1056 1994 1056 1994 1070 1993 1072 1995 1056 1994 1072 1995 1055 1996 1055 1996 1072 1995 1074 1997 1055 1996 1074 1997 1054 1998 1054 1998 1074 1997 1076 1999 1054 1998 1076 1999 1053 2000 1053 2000 1076 1999 1078 2001 1053 2000 1078 2001 1052 2002 1052 2002 1078 2001 1080 2003 1052 2002 1080 2003 1051 2004 1051 2004 1080 2003 1082 2005 1051 2004 1082 2005 1050 2006 1050 2006 1082 2005 1084 2007 1050 2006 1084 2007 1049 2008 1049 2008 1084 2007 1086 2009 1049 2008 1086 2009 1048 2010 1048 2010 1086 2009 1088 2011 1048 2010 1088 2011 1047 2012 1047 2012 1088 2011 1090 2013 1047 2012 1090 2013 1046 2014 1046 2014 1090 2013 1092 2015 1046 2014 1092 2015 1045 2016 1045 2016 1092 2015 1094 2017 1045 2016 1094 2017 1044 2018 1044 2018 1094 2017 1096 2019 1044 2018 1096 2019 1043 2020 1043 2020 1096 2019 1098 2021 1043 2020 1098 2021 1042 2022 1042 2022 1098 2021 1100 2023 1042 2022 1100 2023 1041 2024 1041 2024 1100 2023 1102 2025 1041 2024 1102 2025 1040 2026 1040 2026 1102 2025 1104 2027 1040 2026 1104 2027 1039 2028 1039 2028 1104 2027 1106 2029 1039 2028 1106 2029 1038 2030 1038 2030 1106 2029 1108 2031 1038 2030 1108 2031 1037 2032 1037 2032 1108 2031 1110 2033 1037 2032 1110 2033 1036 2034 1036 2034 1110 2033 1112 2035 1036 2034 1112 2035 1035 2036 1035 2036 1112 2035 1114 2037 1035 2036 1114 2037 1034 2038 1034 2038 1114 2037 1116 2039 1034 2038 1116 2039 1033 2040 1033 2040 1116 2039 1118 2041 1033 2040 1118 2041 1032 2042 1032 2042 1118 2041 1120 2043 1032 2042 1120 2043 1031 2044 1031 2044 1120 2043 1122 2045 1031 2044 1122 2045 1030 2046 1030 2046 1122 2045 1124 2047 1030 2046 1124 2047 1029 2048 1029 2048 1124 2047 1126 2049 1029 2048 1126 2049 1028 2050 1028 2050 1126 2049 1128 2051 1028 2050 1128 2051 1027 2052 1027 2052 1128 2051 1130 2053 1027 2052 1130 2053 1026 2054 1026 2054 1130 2053 1132 2055 1026 2054 1132 2055 1025 2056 1025 2056 1132 2055 1134 2057 1025 2056 1134 2057 1024 2058 1024 2058 1134 2057 1136 2059 1024 2058 1136 2059 1023 2060 1023 2060 1136 2059 1138 2061 1023 2060 1138 2061 1022 2062 1022 2062 1138 2061 1140 2063 1022 2062 1140 2063 1021 2064 1021 2064 1140 2063 1142 2065 1021 2064 1142 2065 1020 2066 1020 2066 1142 2065 1144 2067 1020 2066 1144 2067 1019 2068 1019 2068 1144 2067 1146 2069 1019 2068 1146 2069 1018 2070 1018 2070 1146 2069 1148 2071 1018 2070 1148 2071 1017 2072 1017 2072 1148 2071 1150 2073 1017 2072 1150 2073 1016 2074 1016 2074 1150 2073 1152 2075 1016 2074 1152 2075 1015 1982 1015 1982 1152 2075 1154 1983 1061 1891 1062 1985 1153 1893 1153 1893 1062 1985 1154 1983 1153 1893 1154 1983 1151 1895 1151 1895 1154 1983 1152 2075 1151 1895 1152 2075 1149 1897 1149 1897 1152 2075 1150 2073 1149 1897 1150 2073 1147 1899 1147 1899 1150 2073 1148 2071 1147 1899 1148 2071 1145 1901 1145 1901 1148 2071 1146 2069 1145 1901 1146 2069 1143 1903 1143 1903 1146 2069 1144 2067 1143 1903 1144 2067 1141 1905 1141 1905 1144 2067 1142 2065 1141 1905 1142 2065 1139 1907 1139 1907 1142 2065 1140 2063 1139 1907 1140 2063 1137 1909 1137 1909 1140 2063 1138 2061 1137 1909 1138 2061 1135 1911 1135 1911 1138 2061 1136 2059 1135 1911 1136 2059 1133 1913 1133 1913 1136 2059 1134 2057 1133 1913 1134 2057 1131 1915 1131 1915 1134 2057 1132 2055 1131 1915 1132 2055 1129 1917 1129 1917 1132 2055 1130 2053 1129 1917 1130 2053 1127 1919 1127 1919 1130 2053 1128 2051 1127 1919 1128 2051 1125 1921 1125 1921 1128 2051 1126 2049 1125 1921 1126 2049 1123 1923 1123 1923 1126 2049 1124 2047 1123 1923 1124 2047 1121 1925 1121 1925 1124 2047 1122 2045 1121 1925 1122 2045 1119 1927 1119 1927 1122 2045 1120 2043 1119 1927 1120 2043 1117 1929 1117 1929 1120 2043 1118 2041 1117 1929 1118 2041 1115 1931 1115 1931 1118 2041 1116 2039 1115 1931 1116 2039 1113 1933 1113 1933 1116 2039 1114 2037 1113 1933 1114 2037 1111 1935 1111 1935 1114 2037 1112 2035 1111 1935 1112 2035 1109 1937 1109 1937 1112 2035 1110 2033 1109 1937 1110 2033 1107 1939 1107 1939 1110 2033 1108 2031 1107 1939 1108 2031 1105 1941 1105 1941 1108 2031 1106 2029 1105 1941 1106 2029 1103 1943 1103 1943 1106 2029 1104 2027 1103 1943 1104 2027 1101 1945 1101 1945 1104 2027 1102 2025 1101 1945 1102 2025 1099 1947 1099 1947 1102 2025 1100 2023 1099 1947 1100 2023 1097 1949 1097 1949 1100 2023 1098 2021 1097 1949 1098 2021 1095 1951 1095 1951 1098 2021 1096 2019 1095 1951 1096 2019 1093 1953 1093 1953 1096 2019 1094 2017 1093 1953 1094 2017 1091 1955 1091 1955 1094 2017 1092 2015 1091 1955 1092 2015 1089 1957 1089 1957 1092 2015 1090 2013 1089 1957 1090 2013 1087 1959 1087 1959 1090 2013 1088 2011 1087 1959 1088 2011 1085 1961 1085 1961 1088 2011 1086 2009 1085 1961 1086 2009 1083 1963 1083 1963 1086 2009 1084 2007 1083 1963 1084 2007 1081 1965 1081 1965 1084 2007 1082 2005 1081 1965 1082 2005 1079 1967 1079 1967 1082 2005 1080 2003 1079 1967 1080 2003 1077 1969 1077 1969 1080 2003 1078 2001 1077 1969 1078 2001 1075 1971 1075 1971 1078 2001 1076 1999 1075 1971 1076 1999 1073 1973 1073 1973 1076 1999 1074 1997 1073 1973 1074 1997 1071 1975 1071 1975 1074 1997 1072 1995 1071 1975 1072 1995 1069 1977 1069 1977 1072 1995 1070 1993 1069 1977 1070 1993 1067 1979 1067 1979 1070 1993 1068 1991 1067 1979 1068 1991 1065 1981 1065 1981 1068 1991 1066 1989 1065 1981 1066 1989 1063 1889 1063 1889 1066 1989 1064 1987 1063 1889 1064 1987 1061 1891 1061 1891 1064 1987 1062 1985 1156 2169 1274 2170 1155 2171 1155 2171 1274 2170 1215 2172 1155 2171 1215 2172 1214 2173 1214 2173 1215 2172 1216 2174 1214 2173 1216 2174 1213 2175 1213 2175 1216 2174 1217 2176 1213 2175 1217 2176 1212 2177 1212 2177 1217 2176 1218 2178 1212 2177 1218 2178 1211 2179 1211 2179 1218 2178 1219 2180 1211 2179 1219 2180 1210 2181 1210 2181 1219 2180 1220 2182 1210 2181 1220 2182 1209 2183 1209 2183 1220 2182 1221 2184 1209 2183 1221 2184 1208 2185 1208 2185 1221 2184 1222 2186 1208 2185 1222 2186 1207 2187 1207 2187 1222 2186 1223 2188 1207 2187 1223 2188 1206 2189 1206 2189 1223 2188 1224 2190 1206 2189 1224 2190 1205 2191 1205 2191 1224 2190 1225 2192 1205 2191 1225 2192 1204 2193 1204 2193 1225 2192 1226 2194 1204 2193 1226 2194 1203 2195 1203 2195 1226 2194 1227 2196 1203 2195 1227 2196 1202 2197 1202 2197 1227 2196 1228 2198 1202 2197 1228 2198 1201 2199 1201 2199 1228 2198 1229 2200 1201 2199 1229 2200 1200 2201 1200 2201 1229 2200 1230 2202 1200 2201 1230 2202 1199 2203 1199 2203 1230 2202 1231 2204 1199 2203 1231 2204 1198 2205 1198 2205 1231 2204 1232 2206 1198 2205 1232 2206 1197 2207 1197 2207 1232 2206 1233 2208 1197 2207 1233 2208 1196 2209 1196 2209 1233 2208 1234 2210 1196 2209 1234 2210 1195 2211 1195 2211 1234 2210 1235 2212 1195 2211 1235 2212 1194 2213 1194 2213 1235 2212 1236 2214 1194 2213 1236 2214 1193 2215 1193 2215 1236 2214 1237 2216 1193 2215 1237 2216 1192 2217 1192 2217 1237 2216 1238 2218 1192 2217 1238 2218 1191 2219 1191 2219 1238 2218 1239 2220 1191 2219 1239 2220 1190 2221 1190 2221 1239 2220 1240 2222 1190 2221 1240 2222 1189 2223 1189 2223 1240 2222 1241 2224 1189 2223 1241 2224 1188 2225 1188 2225 1241 2224 1242 2226 1188 2225 1242 2226 1187 2227 1187 2227 1242 2226 1243 2228 1187 2227 1243 2228 1186 2229 1186 2229 1243 2228 1244 2230 1186 2229 1244 2230 1185 2231 1185 2231 1244 2230 1245 2232 1185 2231 1245 2232 1184 2233 1184 2233 1245 2232 1246 2234 1184 2233 1246 2234 1183 2235 1183 2235 1246 2234 1247 2236 1183 2235 1247 2236 1182 2237 1182 2237 1247 2236 1248 2238 1182 2237 1248 2238 1181 2239 1181 2239 1248 2238 1249 2240 1181 2239 1249 2240 1180 2241 1180 2241 1249 2240 1250 2242 1180 2241 1250 2242 1179 2243 1179 2243 1250 2242 1251 2244 1179 2243 1251 2244 1178 2245 1178 2245 1251 2244 1252 2246 1178 2245 1252 2246 1177 2247 1177 2247 1252 2246 1253 2248 1177 2247 1253 2248 1176 2249 1176 2249 1253 2248 1254 2250 1176 2249 1254 2250 1175 2251 1175 2251 1254 2250 1255 2252 1175 2251 1255 2252 1174 2253 1174 2253 1255 2252 1256 2254 1174 2253 1256 2254 1173 2255 1173 2255 1256 2254 1257 2256 1173 2255 1257 2256 1172 2257 1172 2257 1257 2256 1258 2258 1172 2257 1258 2258 1171 2259 1171 2259 1258 2258 1259 2260 1171 2259 1259 2260 1170 2261 1170 2261 1259 2260 1260 2262 1170 2261 1260 2262 1169 2263 1169 2263 1260 2262 1261 2264 1169 2263 1261 2264 1168 2265 1168 2265 1261 2264 1262 2266 1168 2265 1262 2266 1167 2267 1167 2267 1262 2266 1263 2268 1167 2267 1263 2268 1166 2269 1166 2269 1263 2268 1264 2270 1166 2269 1264 2270 1165 2271 1165 2271 1264 2270 1265 2272 1165 2271 1265 2272 1164 2273 1164 2273 1265 2272 1266 2274 1164 2273 1266 2274 1163 2275 1163 2275 1266 2274 1267 2276 1163 2275 1267 2276 1162 2277 1162 2277 1267 2276 1268 2278 1162 2277 1268 2278 1161 2279 1161 2279 1268 2278 1269 2280 1161 2279 1269 2280 1160 2281 1160 2281 1269 2280 1270 2282 1160 2281 1270 2282 1159 2283 1159 2283 1270 2282 1271 2284 1159 2283 1271 2284 1158 2285 1158 2285 1271 2284 1272 2286 1158 2285 1272 2286 1157 2287 1157 2287 1272 2286 1273 2288 1157 2287 1273 2288 1156 2169 1156 2169 1273 2288 1274 2170</p>
        </triangles>
        <triangles material="part01__Opaque_0_192_0_" count="6492">
          <input semantic="VERTEX" source="#for_arm_group-mesh-vertices" offset="0"/>
          <input semantic="NORMAL" source="#for_arm_group-mesh-normals" offset="1"/>
          <p>1932 3414 1933 3415 1937 3416 1937 3416 1933 3415 1934 3417 1937 3416 1934 3417 1936 3418 1936 3418 1934 3417 1935 3419 1939 3420 1940 3421 1938 3422 1938 3422 1940 3421 1941 3423 1938 3422 1941 3423 1943 3424 1943 3424 1941 3423 1942 3425 1940 3426 1939 3427 1932 3428 1932 3428 1939 3427 1933 3429 1945 3430 2134 3431 1944 3432 1944 3432 2134 3431 2135 3433 1944 3432 2135 3433 2136 3434 1946 3435 2272 3436 1945 3430 1945 3430 2272 3436 2273 3437 1945 3430 2273 3437 2132 3438 2132 3438 2273 3437 2274 3439 2132 3438 2274 3439 2131 3440 2131 3440 2274 3439 2130 3441 2130 3441 2274 3439 2275 3442 2130 3441 2275 3442 2129 3443 2129 3443 2275 3442 2128 3444 2128 3444 2275 3442 2276 3445 2128 3444 2276 3445 2151 3446 2151 3446 2276 3445 2277 3447 2151 3446 2277 3447 2150 3448 2150 3448 2277 3447 2149 3449 2149 3449 2277 3447 2278 3450 2149 3449 2278 3450 2148 3451 2148 3451 2278 3450 2047 3452 2148 3451 2047 3452 2147 3453 2147 3453 2047 3452 2048 3454 2147 3453 2048 3454 2146 3455 2146 3455 2048 3454 2145 3456 2145 3456 2048 3454 2049 3457 2145 3456 2049 3457 2144 3458 2144 3458 2049 3457 2050 3459 2144 3458 2050 3459 2143 3460 2143 3460 2050 3459 2051 3461 2143 3460 2051 3461 2142 3462 2142 3462 2051 3461 2141 3463 2141 3463 2051 3461 2052 3464 2141 3463 2052 3464 2140 3465 2140 3465 2052 3464 2053 3466 2140 3465 2053 3466 2139 3467 2139 3467 2053 3466 2054 3468 2139 3467 2054 3468 2138 3469 2138 3469 2054 3468 2055 3470 2138 3469 2055 3470 2137 3471 2137 3471 2055 3470 1944 3432 2137 3471 1944 3432 2136 3434 2272 3436 1946 3435 2271 3472 2271 3472 1946 3435 1947 3473 2271 3472 1947 3473 2270 3474 2270 3474 1947 3473 1948 3475 2270 3474 1948 3475 2269 3476 2269 3476 1948 3475 1949 3477 2269 3476 1949 3477 2268 3478 2268 3478 1949 3477 1950 3479 2268 3478 1950 3479 2267 3480 2267 3480 1950 3479 2266 3481 2266 3481 1950 3479 1951 3482 2266 3481 1951 3482 2265 3483 2265 3483 1951 3482 1952 3484 2265 3483 1952 3484 2264 3485 2264 3485 1952 3484 1953 3486 2264 3485 1953 3486 2263 3487 2263 3487 1953 3486 1954 3488 2263 3487 1954 3488 2262 3489 2262 3489 1954 3488 2220 3490 2262 3489 2220 3490 2261 3491 2261 3491 2220 3490 2221 3492 2261 3491 2221 3492 2222 3493 1955 3494 2218 3495 1954 3488 1954 3488 2218 3495 2219 3496 1954 3488 2219 3496 2220 3490 1956 3497 2215 3498 1955 3494 1955 3494 2215 3498 2216 3499 1955 3494 2216 3499 2217 3500 2215 3498 1956 3497 2214 3501 2214 3501 1956 3497 1957 3502 2214 3501 1957 3502 2213 3503 2213 3503 1957 3502 1958 3504 2213 3503 1958 3504 2212 3505 2212 3505 1958 3504 1959 3506 2212 3505 1959 3506 2211 3507 2211 3507 1959 3506 1960 3508 2211 3507 1960 3508 2210 3509 2210 3509 1960 3508 2209 3510 2209 3510 1960 3508 1961 3511 2209 3510 1961 3511 2208 3512 2208 3512 1961 3511 1962 3513 2208 3512 1962 3513 2207 3514 2207 3514 1962 3513 1963 3515 2207 3514 1963 3515 2206 3516 2206 3516 1963 3515 2205 3517 2205 3517 1963 3515 1964 3518 2205 3517 1964 3518 2204 3519 2204 3519 1964 3518 2257 3520 2204 3519 2257 3520 2203 3521 2203 3521 2257 3520 2258 3522 2203 3521 2258 3522 2202 3523 2202 3523 2258 3522 2201 3524 2201 3524 2258 3522 2259 3525 2201 3524 2259 3525 2200 3526 2200 3526 2259 3525 2260 3527 2200 3526 2260 3527 2223 3528 2223 3528 2260 3527 2222 3493 2222 3493 2260 3527 2261 3491 1964 3518 1965 3529 2257 3520 2257 3520 1965 3529 2256 3530 2256 3530 1965 3529 1966 3531 2256 3530 1966 3531 2255 3532 2255 3532 1966 3531 1967 3533 2255 3532 1967 3533 2254 3534 2254 3534 1967 3533 1968 3535 2254 3534 1968 3535 2253 3536 2253 3536 1968 3535 1969 3537 2253 3536 1969 3537 2252 3538 2252 3538 1969 3537 1970 3539 2252 3538 1970 3539 2251 3540 2251 3540 1970 3539 1971 3541 2251 3540 1971 3541 2250 3542 2250 3542 1971 3541 1972 3543 2250 3542 1972 3543 2249 3544 2249 3544 1972 3543 2248 3545 2248 3545 1972 3543 1973 3546 2248 3545 1973 3546 2247 3547 2247 3547 1973 3546 1974 3548 2247 3547 1974 3548 2246 3549 2246 3549 1974 3548 1975 3550 2246 3549 1975 3550 2245 3551 2245 3551 1975 3550 1976 3552 2245 3551 1976 3552 2188 3553 2188 3553 1976 3552 2187 3554 2187 3554 1976 3552 2186 3555 2186 3555 1976 3552 1977 3556 2186 3555 1977 3556 2185 3557 2185 3557 1977 3556 2184 3558 2184 3558 1977 3556 2183 3559 2183 3559 1977 3556 2182 3560 2182 3560 1977 3556 1978 3561 2182 3560 1978 3561 2181 3562 2181 3562 1978 3561 2180 3563 2180 3563 1978 3561 2179 3564 2179 3564 1978 3561 2178 3565 2178 3565 1978 3561 1979 3566 2178 3565 1979 3566 2177 3567 2177 3567 1979 3566 2176 3568 2176 3568 1979 3566 2241 3569 2176 3568 2241 3569 2199 3570 2199 3570 2241 3569 2242 3571 2199 3570 2242 3571 2198 3572 2198 3572 2242 3571 2197 3573 2197 3573 2242 3571 2196 3574 2196 3574 2242 3571 2243 3575 2196 3574 2243 3575 2195 3576 2195 3576 2243 3575 2194 3577 2194 3577 2243 3575 2193 3578 2193 3578 2243 3575 2192 3579 2192 3579 2243 3575 2244 3580 2192 3579 2244 3580 2191 3581 2191 3581 2244 3580 2190 3582 2190 3582 2244 3580 2189 3583 2189 3583 2244 3580 2245 3551 2189 3583 2245 3551 2188 3553 1979 3566 1980 3584 2241 3569 2241 3569 1980 3584 2240 3585 2240 3585 1980 3584 1981 3586 2240 3585 1981 3586 2239 3587 2239 3587 1981 3586 1982 3588 2239 3587 1982 3588 2238 3589 2238 3589 1982 3588 1983 3590 2238 3589 1983 3590 2237 3591 2237 3591 1983 3590 2236 3592 2236 3592 1983 3590 1984 3593 2236 3592 1984 3593 2235 3594 2235 3594 1984 3593 1985 3595 2235 3594 1985 3595 2234 3596 2234 3596 1985 3595 1986 3597 2234 3596 1986 3597 2233 3598 2233 3598 1986 3597 1987 3599 2233 3598 1987 3599 2232 3600 2232 3600 1987 3599 1988 3601 2232 3600 1988 3601 2231 3602 2231 3602 1988 3601 1989 3603 2231 3602 1989 3603 2230 3604 2230 3604 1989 3603 1990 3605 2230 3604 1990 3605 2229 3606 2229 3606 1990 3605 1991 3607 2229 3606 1991 3607 2088 3608 2088 3608 1991 3607 2087 3609 2087 3609 1991 3607 1992 3610 2087 3609 1992 3610 2086 3611 2086 3611 1992 3610 2085 3612 2085 3612 1992 3610 1993 3613 2085 3612 1993 3613 2084 3614 2084 3614 1993 3613 1994 3615 2084 3614 1994 3615 2083 3616 2083 3616 1994 3615 1995 3617 2083 3616 1995 3617 2082 3618 2082 3618 1995 3617 2081 3619 2081 3619 1995 3617 1996 3620 2081 3619 1996 3620 2080 3621 2080 3621 1996 3620 1997 3622 2080 3621 1997 3622 2103 3623 2103 3623 1997 3622 1998 3624 2103 3623 1998 3624 2102 3625 2102 3625 1998 3624 1999 3626 2102 3625 1999 3626 2101 3627 2101 3627 1999 3626 2000 3628 2101 3627 2000 3628 2100 3629 2100 3629 2000 3628 2099 3630 2099 3630 2000 3628 2098 3631 2098 3631 2000 3628 2001 3632 2098 3631 2001 3632 2097 3633 2097 3633 2001 3632 2096 3634 2096 3634 2001 3632 2224 3635 2096 3634 2224 3635 2225 3636 2224 3635 2001 3632 2321 3637 2321 3637 2001 3632 2002 3638 2321 3637 2002 3638 2320 3639 2320 3639 2002 3638 2003 3640 2320 3639 2003 3640 2319 3641 2319 3641 2003 3640 2004 3642 2319 3641 2004 3642 2062 3643 2062 3643 2004 3642 2061 3644 2061 3644 2004 3642 2060 3645 2060 3645 2004 3642 2059 3646 2059 3646 2004 3642 2005 3647 2059 3646 2005 3647 2058 3648 2058 3648 2005 3647 2057 3649 2057 3649 2005 3647 2056 3650 2056 3650 2005 3647 2006 3651 2056 3650 2006 3651 2079 3652 2079 3652 2006 3651 2078 3653 2078 3653 2006 3651 2077 3654 2077 3654 2006 3651 2007 3655 2077 3654 2007 3655 2076 3656 2076 3656 2007 3655 2075 3657 2075 3657 2007 3655 2074 3658 2074 3658 2007 3655 2314 3659 2074 3658 2314 3659 2315 3660 2007 3655 2008 3661 2314 3659 2314 3659 2008 3661 2313 3662 2313 3662 2008 3661 2009 3663 2313 3662 2009 3663 2312 3664 2312 3664 2009 3663 2010 3665 2312 3664 2010 3665 2311 3666 2311 3666 2010 3665 2112 3667 2311 3666 2112 3667 2310 3668 2310 3668 2112 3667 2113 3669 2310 3668 2113 3669 2114 3670 2011 3671 2110 3672 2010 3665 2010 3665 2110 3672 2111 3673 2010 3665 2111 3673 2112 3667 2012 3674 2107 3675 2011 3671 2011 3671 2107 3675 2108 3676 2011 3671 2108 3676 2109 3677 2107 3675 2012 3674 2106 3678 2106 3678 2012 3674 2013 3679 2106 3678 2013 3679 2105 3680 2105 3680 2013 3679 2014 3681 2105 3680 2014 3681 2104 3682 2104 3682 2014 3681 2015 3683 2104 3682 2015 3683 2127 3684 2127 3684 2015 3683 2016 3685 2127 3684 2016 3685 2126 3686 2126 3686 2016 3685 2125 3687 2125 3687 2016 3685 2017 3688 2125 3687 2017 3688 2124 3689 2124 3689 2017 3688 2018 3690 2124 3689 2018 3690 2123 3691 2123 3691 2018 3690 2019 3692 2123 3691 2019 3692 2122 3693 2122 3693 2019 3692 2121 3694 2121 3694 2019 3692 2020 3695 2121 3694 2020 3695 2120 3696 2120 3696 2020 3695 2306 3697 2120 3696 2306 3697 2119 3698 2119 3698 2306 3697 2307 3699 2119 3698 2307 3699 2118 3700 2118 3700 2307 3699 2117 3701 2117 3701 2307 3699 2308 3702 2117 3701 2308 3702 2116 3703 2116 3703 2308 3702 2309 3704 2116 3703 2309 3704 2115 3705 2115 3705 2309 3704 2114 3670 2114 3670 2309 3704 2310 3668 2020 3695 2021 3706 2306 3697 2306 3697 2021 3706 2305 3707 2305 3707 2021 3706 2022 3708 2305 3707 2022 3708 2304 3709 2304 3709 2022 3708 2023 3710 2304 3709 2023 3710 2303 3711 2303 3711 2023 3710 2024 3712 2303 3711 2024 3712 2302 3713 2302 3713 2024 3712 2025 3714 2302 3713 2025 3714 2301 3715 2301 3715 2025 3714 2026 3716 2301 3715 2026 3716 2300 3717 2300 3717 2026 3716 2027 3718 2300 3717 2027 3718 2299 3719 2299 3719 2027 3718 2028 3720 2299 3719 2028 3720 2298 3721 2298 3721 2028 3720 2297 3722 2297 3722 2028 3720 2029 3723 2297 3722 2029 3723 2296 3724 2296 3724 2029 3723 2030 3725 2296 3724 2030 3725 2295 3726 2295 3726 2030 3725 2031 3727 2295 3726 2031 3727 2294 3728 2294 3728 2031 3727 2032 3729 2294 3728 2032 3729 2152 3730 2152 3730 2032 3729 2175 3731 2175 3731 2032 3729 2174 3732 2174 3732 2032 3729 2033 3733 2174 3732 2033 3733 2173 3734 2173 3734 2033 3733 2172 3735 2172 3735 2033 3733 2171 3736 2171 3736 2033 3733 2170 3737 2170 3737 2033 3733 2034 3738 2170 3737 2034 3738 2169 3739 2169 3739 2034 3738 2168 3740 2168 3740 2034 3738 2167 3741 2167 3741 2034 3738 2166 3742 2166 3742 2034 3738 2035 3743 2166 3742 2035 3743 2165 3744 2165 3744 2035 3743 2164 3745 2164 3745 2035 3743 2290 3746 2164 3745 2290 3746 2163 3747 2163 3747 2290 3746 2291 3748 2163 3747 2291 3748 2162 3749 2162 3749 2291 3748 2161 3750 2161 3750 2291 3748 2160 3751 2160 3751 2291 3748 2292 3752 2160 3751 2292 3752 2159 3753 2159 3753 2292 3752 2158 3754 2158 3754 2292 3752 2157 3755 2157 3755 2292 3752 2156 3756 2156 3756 2292 3752 2293 3757 2156 3756 2293 3757 2155 3758 2155 3758 2293 3757 2154 3759 2154 3759 2293 3757 2153 3760 2153 3760 2293 3757 2294 3728 2153 3760 2294 3728 2152 3730 2035 3743 2036 3761 2290 3746 2290 3746 2036 3761 2289 3762 2289 3762 2036 3761 2037 3763 2289 3762 2037 3763 2288 3764 2288 3764 2037 3763 2038 3765 2288 3764 2038 3765 2287 3766 2287 3766 2038 3765 2039 3767 2287 3766 2039 3767 2286 3768 2286 3768 2039 3767 2285 3769 2285 3769 2039 3767 2040 3770 2285 3769 2040 3770 2284 3771 2284 3771 2040 3770 2041 3772 2284 3771 2041 3772 2283 3773 2283 3773 2041 3772 2042 3774 2283 3773 2042 3774 2282 3775 2282 3775 2042 3774 2043 3776 2282 3775 2043 3776 2281 3777 2281 3777 2043 3776 2044 3778 2281 3777 2044 3778 2280 3779 2280 3779 2044 3778 2045 3780 2280 3779 2045 3780 2279 3781 2279 3781 2045 3780 2046 3782 2279 3781 2046 3782 2278 3450 2278 3450 2046 3782 2047 3452 2319 3641 2062 3643 2318 3783 2318 3783 2062 3643 2063 3784 2318 3783 2063 3784 2064 3785 2064 3785 2065 3786 2318 3783 2318 3783 2065 3786 2317 3787 2317 3787 2065 3786 2066 3788 2317 3787 2066 3788 2067 3789 2067 3789 2068 3790 2317 3787 2317 3787 2068 3790 2316 3791 2316 3791 2068 3790 2069 3792 2316 3791 2069 3792 2070 3793 2070 3793 2071 3794 2316 3791 2316 3791 2071 3794 2315 3660 2315 3660 2071 3794 2072 3795 2315 3660 2072 3795 2073 3796 2073 3796 2074 3658 2315 3660 2088 3608 2089 3797 2229 3606 2229 3606 2089 3797 2228 3798 2228 3798 2089 3797 2090 3799 2228 3798 2090 3799 2091 3800 2228 3798 2091 3800 2227 3801 2227 3801 2091 3800 2092 3802 2227 3801 2092 3802 2226 3803 2226 3803 2092 3802 2093 3804 2226 3803 2093 3804 2094 3805 2226 3803 2094 3805 2225 3636 2225 3636 2094 3805 2095 3806 2225 3636 2095 3806 2096 3634 2109 3677 2110 3672 2011 3671 2132 3438 2133 3807 1945 3430 1945 3430 2133 3807 2134 3431 2217 3500 2218 3495 1955 3494 2323 3808 2402 3809 2322 3810 2322 3810 2402 3809 2403 3811 2322 3810 2403 3811 2509 3812 2509 3812 2403 3811 2508 3813 2508 3813 2403 3811 2404 3814 2508 3813 2404 3814 2405 3815 2323 3808 2324 3816 2402 3809 2402 3809 2324 3816 2401 3817 2401 3817 2324 3816 2325 3818 2401 3817 2325 3818 2400 3819 2400 3819 2325 3818 2399 3820 2399 3820 2325 3818 2326 3821 2399 3820 2326 3821 2398 3822 2398 3822 2326 3821 2327 3823 2398 3822 2327 3823 2397 3824 2397 3824 2327 3823 2396 3825 2396 3825 2327 3823 2328 3826 2396 3825 2328 3826 2419 3827 2419 3827 2328 3826 2418 3828 2418 3828 2328 3826 2417 3829 2417 3829 2328 3826 2329 3830 2417 3829 2329 3830 2416 3831 2416 3831 2329 3830 2415 3832 2415 3832 2329 3830 2330 3833 2415 3832 2330 3833 2414 3834 2414 3834 2330 3833 2413 3835 2413 3835 2330 3833 2331 3836 2413 3835 2331 3836 2412 3837 2412 3837 2331 3836 2332 3838 2412 3837 2332 3838 1942 3839 1942 3839 2332 3838 2333 3840 1942 3839 2333 3840 2334 3841 2334 3841 2335 3842 1942 3839 1942 3839 2335 3842 2336 3843 1942 3839 2336 3843 2518 3844 2518 3844 2336 3843 2517 3845 2517 3845 2336 3843 2337 3846 2517 3845 2337 3846 2516 3847 2516 3847 2337 3846 2338 3848 2516 3847 2338 3848 2539 3849 2539 3849 2338 3848 2538 3850 2538 3850 2338 3848 2339 3851 2538 3850 2339 3851 2537 3852 2537 3852 2339 3851 2536 3853 2536 3853 2339 3851 2340 3854 2536 3853 2340 3854 2535 3855 2535 3855 2340 3854 2534 3856 2534 3856 2340 3854 2341 3857 2534 3856 2341 3857 2533 3858 2533 3858 2341 3857 2532 3859 2532 3859 2341 3857 2342 3860 2532 3859 2342 3860 2531 3861 2531 3861 2342 3860 2530 3862 2530 3862 2342 3860 2343 3863 2530 3862 2343 3863 2529 3864 2529 3864 2343 3863 2528 3865 2528 3865 2343 3863 2344 3866 2528 3865 2344 3866 2527 3867 2527 3867 2344 3866 2345 3868 2527 3867 2345 3868 2526 3869 2526 3869 2345 3868 1943 3870 2526 3869 1943 3870 2525 3871 2525 3871 1943 3870 2524 3872 2524 3872 1943 3870 2523 3873 2523 3873 1943 3870 2522 3874 2522 3874 1943 3870 1942 3839 2522 3874 1942 3839 2521 3875 2521 3875 1942 3839 2520 3876 2520 3876 1942 3839 2519 3877 2519 3877 1942 3839 2518 3844 2345 3868 2346 3878 1943 3870 1943 3870 2346 3878 2347 3879 1943 3870 2347 3879 2348 3880 2348 3880 2349 3881 1943 3870 1943 3870 2349 3881 2464 3882 1943 3870 2464 3882 2465 3883 2349 3881 2350 3884 2464 3882 2464 3882 2350 3884 2463 3885 2463 3885 2350 3884 2351 3886 2463 3885 2351 3886 2462 3887 2462 3887 2351 3886 2461 3888 2461 3888 2351 3886 2352 3889 2461 3888 2352 3889 2460 3890 2460 3890 2352 3889 2459 3891 2459 3891 2352 3889 2353 3892 2459 3891 2353 3892 2458 3893 2458 3893 2353 3892 2457 3894 2457 3894 2353 3892 2456 3895 2456 3895 2353 3892 2354 3896 2456 3895 2354 3896 2455 3897 2455 3897 2354 3896 2454 3898 2454 3898 2354 3896 2355 3899 2454 3898 2355 3899 2453 3900 2453 3900 2355 3899 2356 3901 2453 3900 2356 3901 2452 3902 2452 3902 2356 3901 2451 3903 2451 3903 2356 3901 2357 3904 2451 3903 2357 3904 2450 3905 2450 3905 2357 3904 2358 3906 2450 3905 2358 3906 2359 3907 2360 3908 2486 3909 2359 3907 2359 3907 2486 3909 2487 3910 2359 3907 2487 3910 2449 3911 2449 3911 2487 3910 2488 3912 2449 3911 2488 3912 2448 3913 2448 3913 2488 3912 2447 3914 2447 3914 2488 3912 2489 3915 2447 3914 2489 3915 1935 3916 1935 3916 2489 3915 2490 3917 1935 3916 2490 3917 2491 3918 2360 3908 2361 3919 2486 3909 2486 3909 2361 3919 2485 3920 2485 3920 2361 3919 2362 3921 2485 3920 2362 3921 2484 3922 2484 3922 2362 3921 2483 3923 2483 3923 2362 3921 2363 3924 2483 3923 2363 3924 2482 3925 2482 3925 2363 3924 2364 3926 2482 3925 2364 3926 2481 3927 2481 3927 2364 3926 2480 3928 2480 3928 2364 3926 2365 3929 2480 3928 2365 3929 2479 3930 2479 3930 2365 3929 2478 3931 2478 3931 2365 3929 2477 3932 2477 3932 2365 3929 2366 3933 2477 3932 2366 3933 2476 3934 2476 3934 2366 3933 2475 3935 2475 3935 2366 3933 2367 3936 2475 3935 2367 3936 2474 3937 2474 3937 2367 3936 2473 3938 2473 3938 2367 3936 2368 3939 2473 3938 2368 3939 2472 3940 2472 3940 2368 3939 2369 3941 2472 3940 2369 3941 1935 3916 1935 3916 2369 3941 2370 3942 1935 3916 2370 3942 2371 3943 2371 3943 2372 3944 1935 3916 1935 3916 2372 3944 2373 3945 1935 3916 2373 3945 2434 3946 2434 3946 2373 3945 2433 3947 2433 3947 2373 3945 2374 3948 2433 3947 2374 3948 2432 3949 2432 3949 2374 3948 2375 3950 2432 3949 2375 3950 2431 3951 2431 3951 2375 3950 2430 3952 2430 3952 2375 3950 2376 3953 2430 3952 2376 3953 2429 3954 2429 3954 2376 3953 2428 3955 2428 3955 2376 3953 2377 3956 2428 3955 2377 3956 2427 3957 2427 3957 2377 3956 2426 3958 2426 3958 2377 3956 2378 3959 2426 3958 2378 3959 2425 3960 2425 3960 2378 3959 2424 3961 2424 3961 2378 3959 2379 3962 2424 3961 2379 3962 2423 3963 2423 3963 2379 3962 2422 3964 2422 3964 2379 3962 2380 3965 2422 3964 2380 3965 2421 3966 2421 3966 2380 3965 2420 3967 2420 3967 2380 3965 2381 3968 2420 3967 2381 3968 2443 3969 2443 3969 2381 3968 2382 3970 2443 3969 2382 3970 2442 3971 2442 3971 2382 3970 1936 3972 2442 3971 1936 3972 2441 3973 2441 3973 1936 3972 2440 3974 2440 3974 1936 3972 2439 3975 2439 3975 1936 3972 2438 3976 2438 3976 1936 3972 1935 3916 2438 3976 1935 3916 2437 3977 2437 3977 1935 3916 2436 3978 2436 3978 1935 3916 2435 3979 2435 3979 1935 3916 2434 3946 2382 3970 2383 3980 1936 3972 1936 3972 2383 3980 2384 3981 1936 3972 2384 3981 2385 3982 2385 3982 2386 3983 1936 3972 1936 3972 2386 3983 2500 3984 1936 3972 2500 3984 2501 3985 2386 3983 2387 3986 2500 3984 2500 3984 2387 3986 2499 3987 2499 3987 2387 3986 2388 3988 2499 3987 2388 3988 2498 3989 2498 3989 2388 3988 2497 3990 2497 3990 2388 3988 2389 3991 2497 3990 2389 3991 2496 3992 2496 3992 2389 3991 2495 3993 2495 3993 2389 3991 2390 3994 2495 3993 2390 3994 2494 3995 2494 3995 2390 3994 2493 3996 2493 3996 2390 3994 2492 3997 2492 3997 2390 3994 2391 3998 2492 3997 2391 3998 2515 3999 2515 3999 2391 3998 2514 4000 2514 4000 2391 3998 2392 4001 2514 4000 2392 4001 2513 4002 2513 4002 2392 4001 2393 4003 2513 4002 2393 4003 2512 4004 2512 4004 2393 4003 2511 4005 2511 4005 2393 4003 2394 4006 2511 4005 2394 4006 2510 4007 2510 4007 2394 4006 2395 4008 2510 4007 2395 4008 2322 3810 2406 4009 1942 3839 2405 3815 2405 3815 1942 3839 1936 3972 2405 3815 1936 3972 2507 4010 2507 4010 1936 3972 2506 4011 2506 4011 1936 3972 2505 4012 2505 4012 1936 3972 2504 4013 2504 4013 1936 3972 2503 4014 2503 4014 1936 3972 2502 4015 2502 4015 1936 3972 2501 3985 2406 4009 2407 4016 1942 3839 1942 3839 2407 4016 2408 4017 1942 3839 2408 4017 2409 4018 2409 4018 2410 4019 1942 3839 1942 3839 2410 4019 2411 4020 1942 3839 2411 4020 2412 3837 2467 4021 2444 4022 1943 3870 1943 3870 2444 4022 2445 4023 1943 3870 2445 4023 2446 4024 2446 4024 2447 3914 1943 3870 1943 3870 2447 3914 1935 3916 2449 3911 2450 3905 2359 3907 2465 3883 2466 4025 1943 3870 1943 3870 2466 4025 2467 4021 2491 3918 2468 4026 1935 3916 1935 3916 2468 4026 2469 4027 1935 3916 2469 4027 2470 4028 2470 4028 2471 4029 1935 3916 1935 3916 2471 4029 2472 3940 2507 4010 2508 3813 2405 3815 2509 3812 2510 4007 2322 3810 2541 4030 2668 4031 2540 4032 2540 4032 2668 4031 2669 4033 2540 4032 2669 4033 2655 4034 2655 4034 2669 4033 2670 4035 2655 4034 2670 4035 2654 4036 2654 4036 2670 4035 2671 4037 2654 4036 2671 4037 2653 4038 2653 4038 2671 4037 2672 4039 2653 4038 2672 4039 2652 4040 2652 4040 2672 4039 2712 4041 2652 4040 2712 4041 2756 4042 2756 4042 2712 4041 2755 4043 2755 4043 2712 4041 2713 4044 2755 4043 2713 4044 2754 4045 2754 4045 2713 4044 2714 4046 2754 4045 2714 4046 2753 4047 2753 4047 2714 4046 2715 4048 2753 4047 2715 4048 2577 4049 2577 4049 2715 4048 2716 4050 2577 4049 2716 4050 2576 4051 2576 4051 2716 4050 2575 4052 2575 4052 2716 4050 2717 4053 2575 4052 2717 4053 2574 4054 2574 4054 2717 4053 2718 4055 2574 4054 2718 4055 2719 4056 2541 4030 2542 4057 2668 4031 2668 4031 2542 4057 2667 4058 2667 4058 2542 4057 2543 4059 2667 4058 2543 4059 2666 4060 2666 4060 2543 4059 2665 4061 2665 4061 2543 4059 2544 4062 2665 4061 2544 4062 2664 4063 2664 4063 2544 4062 2545 4064 2664 4063 2545 4064 2663 4065 2663 4065 2545 4064 2662 4066 2662 4066 2545 4064 2546 4067 2662 4066 2546 4067 2685 4068 2685 4068 2546 4067 2684 4069 2684 4069 2546 4067 2683 4070 2683 4070 2546 4067 2547 4071 2683 4070 2547 4071 2682 4072 2682 4072 2547 4071 2681 4073 2681 4073 2547 4071 2548 4074 2681 4073 2548 4074 2680 4075 2680 4075 2548 4074 2679 4076 2679 4076 2548 4074 2549 4077 2679 4076 2549 4077 2678 4078 2678 4078 2549 4077 2550 4079 2678 4078 2550 4079 2677 4080 2677 4080 2550 4079 2551 4081 2677 4080 2551 4081 2676 4082 2676 4082 2551 4081 2552 4083 2676 4082 2552 4083 2675 4084 2675 4084 2552 4083 2689 4085 2675 4084 2689 4085 2690 4086 2689 4085 2552 4083 2688 4087 2688 4087 2552 4083 2553 4088 2688 4087 2553 4088 2554 4089 2688 4087 2554 4089 2687 4090 2687 4090 2554 4089 2555 4091 2687 4090 2555 4091 2686 4092 2686 4092 2555 4091 2556 4093 2686 4092 2556 4093 2709 4094 2709 4094 2556 4093 2708 4095 2708 4095 2556 4093 2557 4096 2708 4095 2557 4096 2707 4097 2707 4097 2557 4096 2706 4098 2706 4098 2557 4096 2558 4099 2706 4098 2558 4099 2705 4100 2705 4100 2558 4099 2704 4101 2704 4101 2558 4099 2559 4102 2704 4101 2559 4102 2703 4103 2703 4103 2559 4102 2702 4104 2702 4104 2559 4102 2560 4105 2702 4104 2560 4105 2701 4106 2701 4106 2560 4105 2700 4107 2700 4107 2560 4105 2561 4108 2700 4107 2561 4108 2699 4109 2699 4109 2561 4108 2698 4110 2698 4110 2561 4108 2562 4111 2698 4110 2562 4111 2697 4112 2697 4112 2562 4111 2563 4113 2697 4112 2563 4113 2696 4114 2696 4114 2563 4113 2564 4115 2696 4114 2564 4115 2565 4116 2566 4117 2732 4118 2565 4116 2565 4116 2732 4118 2733 4119 2565 4116 2733 4119 2695 4120 2695 4120 2733 4119 2694 4121 2694 4121 2733 4119 2710 4122 2694 4121 2710 4122 2693 4123 2693 4123 2710 4122 2711 4124 2693 4123 2711 4124 2692 4125 2692 4125 2711 4124 2712 4041 2692 4125 2712 4041 2672 4039 2732 4118 2566 4117 2731 4126 2731 4126 2566 4117 2567 4127 2731 4126 2567 4127 2730 4128 2730 4128 2567 4127 2568 4129 2730 4128 2568 4129 2729 4130 2729 4130 2568 4129 2569 4131 2729 4130 2569 4131 2728 4132 2728 4132 2569 4131 2727 4133 2727 4133 2569 4131 2570 4134 2727 4133 2570 4134 2726 4135 2726 4135 2570 4134 2725 4136 2725 4136 2570 4134 2571 4137 2725 4136 2571 4137 2724 4138 2724 4138 2571 4137 2723 4139 2723 4139 2571 4137 2722 4140 2722 4140 2571 4137 2572 4141 2722 4140 2572 4141 2721 4142 2721 4142 2572 4141 2720 4143 2720 4143 2572 4141 2573 4144 2720 4143 2573 4144 2719 4056 2719 4056 2573 4144 2574 4054 2753 4047 2577 4049 2752 4145 2752 4145 2577 4049 2578 4146 2752 4145 2578 4146 2579 4147 2752 4145 2579 4147 2751 4148 2751 4148 2579 4147 2580 4149 2751 4148 2580 4149 2750 4150 2750 4150 2580 4149 2749 4151 2749 4151 2580 4149 2581 4152 2749 4151 2581 4152 2748 4153 2748 4153 2581 4152 2582 4154 2748 4153 2582 4154 2747 4155 2747 4155 2582 4154 2746 4156 2746 4156 2582 4154 2583 4157 2746 4156 2583 4157 2745 4158 2745 4158 2583 4157 2744 4159 2744 4159 2583 4157 2743 4160 2743 4160 2583 4157 2584 4161 2743 4160 2584 4161 2742 4162 2742 4162 2584 4161 2741 4163 2741 4163 2584 4161 2585 4164 2741 4163 2585 4164 2740 4165 2740 4165 2585 4164 2739 4166 2739 4166 2585 4164 2586 4167 2739 4166 2586 4167 2738 4168 2738 4168 2586 4167 2587 4169 2738 4168 2587 4169 2737 4170 2737 4170 2587 4169 2588 4171 2737 4170 2588 4171 2736 4172 2736 4172 2588 4171 2589 4173 2736 4172 2589 4173 2735 4174 2735 4174 2589 4173 2629 4175 2735 4174 2629 4175 2630 4176 2629 4175 2589 4173 2628 4177 2628 4177 2589 4173 2590 4178 2628 4177 2590 4178 2591 4179 2628 4177 2591 4179 2627 4180 2627 4180 2591 4179 2592 4181 2627 4180 2592 4181 2626 4182 2626 4182 2592 4181 2593 4183 2626 4182 2593 4183 2625 4184 2625 4184 2593 4183 2624 4185 2624 4185 2593 4183 2594 4186 2624 4185 2594 4186 2623 4187 2623 4187 2594 4186 2622 4188 2622 4188 2594 4186 2595 4189 2622 4188 2595 4189 2621 4190 2621 4190 2595 4189 2620 4191 2620 4191 2595 4189 2596 4192 2620 4191 2596 4192 2619 4193 2619 4193 2596 4192 2618 4194 2618 4194 2596 4192 2597 4195 2618 4194 2597 4195 2617 4196 2617 4196 2597 4195 2616 4197 2616 4197 2597 4195 2598 4198 2616 4197 2598 4198 2615 4199 2615 4199 2598 4198 2614 4200 2614 4200 2598 4198 2599 4201 2614 4200 2599 4201 2637 4202 2637 4202 2599 4201 2600 4203 2637 4202 2600 4203 2636 4204 2636 4204 2600 4203 2601 4205 2636 4204 2601 4205 2602 4206 2603 4207 2648 4208 2602 4206 2602 4206 2648 4208 2649 4209 2602 4206 2649 4209 2635 4210 2635 4210 2649 4209 2634 4211 2634 4211 2649 4209 2650 4212 2634 4211 2650 4212 2633 4213 2633 4213 2650 4212 2651 4214 2633 4213 2651 4214 2632 4215 2632 4215 2651 4214 2652 4040 2632 4215 2652 4040 2756 4042 2648 4208 2603 4207 2647 4216 2647 4216 2603 4207 2604 4217 2647 4216 2604 4217 2646 4218 2646 4218 2604 4217 2605 4219 2646 4218 2605 4219 2645 4220 2645 4220 2605 4219 2606 4221 2645 4220 2606 4221 2644 4222 2644 4222 2606 4221 2643 4223 2643 4223 2606 4221 2607 4224 2643 4223 2607 4224 2642 4225 2642 4225 2607 4224 2641 4226 2641 4226 2607 4224 2608 4227 2641 4226 2608 4227 2640 4228 2640 4228 2608 4227 2639 4229 2639 4229 2608 4227 2638 4230 2638 4230 2608 4227 2609 4231 2638 4230 2609 4231 2661 4232 2661 4232 2609 4231 2660 4233 2660 4233 2609 4231 2610 4234 2660 4233 2610 4234 2659 4235 2659 4235 2610 4234 2611 4236 2659 4235 2611 4236 2658 4237 2658 4237 2611 4236 2657 4238 2657 4238 2611 4236 2612 4239 2657 4238 2612 4239 2656 4240 2656 4240 2612 4239 2613 4241 2656 4240 2613 4241 2540 4032 2735 4174 2630 4176 2734 4242 2734 4242 2630 4176 2631 4243 2734 4242 2631 4243 2757 4244 2757 4244 2631 4243 2632 4215 2757 4244 2632 4215 2756 4042 2635 4210 2636 4204 2602 4206 2655 4034 2656 4240 2540 4032 2672 4039 2673 4245 2692 4125 2692 4125 2673 4245 2691 4246 2691 4246 2673 4245 2674 4247 2691 4246 2674 4247 2690 4086 2690 4086 2674 4247 2675 4084 2695 4120 2696 4114 2565 4116 2395 4248 2541 4249 2322 4250 2322 4250 2541 4249 2540 4251 2322 4250 2540 4251 2323 4252 2323 4252 2540 4251 2613 4253 2323 4252 2613 4253 2324 4254 2324 4254 2613 4253 2612 4255 2324 4254 2612 4255 2325 4256 2325 4256 2612 4255 2611 4257 2325 4256 2611 4257 2326 4258 2326 4258 2611 4257 2610 4259 2326 4258 2610 4259 2327 4260 2327 4260 2610 4259 2609 4261 2327 4260 2609 4261 2328 4262 2328 4262 2609 4261 2608 4263 2328 4262 2608 4263 2329 4264 2329 4264 2608 4263 2607 4265 2329 4264 2607 4265 2330 4266 2330 4266 2607 4265 2606 4267 2330 4266 2606 4267 2331 4268 2331 4268 2606 4267 2605 4269 2331 4268 2605 4269 2332 4270 2332 4270 2605 4269 2604 4271 2332 4270 2604 4271 2333 4272 2333 4272 2604 4271 2603 4273 2333 4272 2603 4273 2334 4274 2334 4274 2603 4273 2602 4275 2334 4274 2602 4275 2335 4276 2335 4276 2602 4275 2601 4277 2335 4276 2601 4277 2336 4278 2336 4278 2601 4277 2600 4279 2336 4278 2600 4279 2337 4280 2337 4280 2600 4279 2599 4281 2337 4280 2599 4281 2338 4282 2338 4282 2599 4281 2598 4283 2338 4282 2598 4283 2339 4284 2339 4284 2598 4283 2597 4285 2339 4284 2597 4285 2340 4286 2340 4286 2597 4285 2596 4287 2340 4286 2596 4287 2341 4288 2341 4288 2596 4287 2595 4289 2341 4288 2595 4289 2342 4290 2342 4290 2595 4289 2594 4291 2342 4290 2594 4291 2343 4292 2343 4292 2594 4291 2593 4293 2343 4292 2593 4293 2344 4294 2344 4294 2593 4293 2592 4295 2344 4294 2592 4295 2345 4296 2345 4296 2592 4295 2591 4297 2345 4296 2591 4297 2346 4298 2346 4298 2591 4297 2590 4299 2346 4298 2590 4299 2347 4300 2347 4300 2590 4299 2589 4301 2347 4300 2589 4301 2348 4302 2348 4302 2589 4301 2588 4303 2348 4302 2588 4303 2349 4304 2349 4304 2588 4303 2587 4305 2349 4304 2587 4305 2350 4306 2350 4306 2587 4305 2586 4307 2350 4306 2586 4307 2351 4308 2351 4308 2586 4307 2585 4309 2351 4308 2585 4309 2352 4310 2352 4310 2585 4309 2584 4311 2352 4310 2584 4311 2353 4312 2353 4312 2584 4311 2583 4313 2353 4312 2583 4313 2354 4314 2354 4314 2583 4313 2582 4315 2354 4314 2582 4315 2355 4316 2355 4316 2582 4315 2581 4317 2355 4316 2581 4317 2356 4318 2356 4318 2581 4317 2580 4319 2356 4318 2580 4319 2357 4320 2357 4320 2580 4319 2579 4321 2357 4320 2579 4321 2358 4322 2358 4322 2579 4321 2578 4323 2358 4322 2578 4323 2359 4324 2359 4324 2578 4323 2577 4325 2359 4324 2577 4325 2360 4326 2360 4326 2577 4325 2576 4327 2360 4326 2576 4327 2361 4328 2361 4328 2576 4327 2575 4329 2361 4328 2575 4329 2362 4330 2362 4330 2575 4329 2574 4331 2362 4330 2574 4331 2363 4332 2363 4332 2574 4331 2573 4333 2363 4332 2573 4333 2364 4334 2364 4334 2573 4333 2572 4335 2364 4334 2572 4335 2365 4336 2365 4336 2572 4335 2571 4337 2365 4336 2571 4337 2366 4338 2366 4338 2571 4337 2570 4339 2366 4338 2570 4339 2367 4340 2367 4340 2570 4339 2569 4341 2367 4340 2569 4341 2368 4342 2368 4342 2569 4341 2568 4343 2368 4342 2568 4343 2369 4344 2369 4344 2568 4343 2567 4345 2369 4344 2567 4345 2370 4346 2370 4346 2567 4345 2566 4347 2370 4346 2566 4347 2371 4348 2371 4348 2566 4347 2565 4349 2371 4348 2565 4349 2372 4350 2372 4350 2565 4349 2564 4351 2372 4350 2564 4351 2373 4352 2373 4352 2564 4351 2563 4353 2373 4352 2563 4353 2374 4354 2374 4354 2563 4353 2562 4355 2374 4354 2562 4355 2375 4356 2375 4356 2562 4355 2561 4357 2375 4356 2561 4357 2376 4358 2376 4358 2561 4357 2560 4359 2376 4358 2560 4359 2377 4360 2377 4360 2560 4359 2559 4361 2377 4360 2559 4361 2378 4362 2378 4362 2559 4361 2558 4363 2378 4362 2558 4363 2379 4364 2379 4364 2558 4363 2557 4365 2379 4364 2557 4365 2380 4366 2380 4366 2557 4365 2556 4367 2380 4366 2556 4367 2381 4368 2381 4368 2556 4367 2555 4369 2381 4368 2555 4369 2382 4370 2382 4370 2555 4369 2554 4371 2382 4370 2554 4371 2383 4372 2383 4372 2554 4371 2553 4373 2383 4372 2553 4373 2384 4374 2384 4374 2553 4373 2552 4375 2384 4374 2552 4375 2385 4376 2385 4376 2552 4375 2551 4377 2385 4376 2551 4377 2386 4378 2386 4378 2551 4377 2550 4379 2386 4378 2550 4379 2387 4380 2387 4380 2550 4379 2549 4381 2387 4380 2549 4381 2388 4382 2388 4382 2549 4381 2548 4383 2388 4382 2548 4383 2389 4384 2389 4384 2548 4383 2547 4385 2389 4384 2547 4385 2390 4386 2390 4386 2547 4385 2546 4387 2390 4386 2546 4387 2391 4388 2391 4388 2546 4387 2545 4389 2391 4388 2545 4389 2392 4390 2392 4390 2545 4389 2544 4391 2392 4390 2544 4391 2393 4392 2393 4392 2544 4391 2543 4393 2393 4392 2543 4393 2394 4394 2394 4394 2543 4393 2542 4395 2394 4394 2542 4395 2395 4248 2395 4248 2542 4395 2541 4249 2539 4396 2615 4397 2516 4398 2516 4398 2615 4397 2614 4399 2516 4398 2614 4399 2517 4400 2517 4400 2614 4399 2637 4401 2517 4400 2637 4401 2518 4402 2518 4402 2637 4401 2636 4403 2518 4402 2636 4403 2519 4404 2519 4404 2636 4403 2635 4405 2519 4404 2635 4405 2520 4406 2520 4406 2635 4405 2634 4407 2520 4406 2634 4407 2521 4408 2521 4408 2634 4407 2633 4409 2521 4408 2633 4409 2522 4410 2522 4410 2633 4409 2632 4411 2522 4410 2632 4411 2523 4412 2523 4412 2632 4411 2631 4413 2523 4412 2631 4413 2524 4414 2524 4414 2631 4413 2630 4415 2524 4414 2630 4415 2525 4416 2525 4416 2630 4415 2629 4417 2525 4416 2629 4417 2526 4418 2526 4418 2629 4417 2628 4419 2526 4418 2628 4419 2527 4420 2527 4420 2628 4419 2627 4421 2527 4420 2627 4421 2528 4422 2528 4422 2627 4421 2626 4423 2528 4422 2626 4423 2529 4424 2529 4424 2626 4423 2625 4425 2529 4424 2625 4425 2530 4426 2530 4426 2625 4425 2624 4427 2530 4426 2624 4427 2531 4428 2531 4428 2624 4427 2623 4429 2531 4428 2623 4429 2532 4430 2532 4430 2623 4429 2622 4431 2532 4430 2622 4431 2533 4432 2533 4432 2622 4431 2621 4433 2533 4432 2621 4433 2534 4434 2534 4434 2621 4433 2620 4435 2534 4434 2620 4435 2535 4436 2535 4436 2620 4435 2619 4437 2535 4436 2619 4437 2536 4438 2536 4438 2619 4437 2618 4439 2536 4438 2618 4439 2537 4440 2537 4440 2618 4439 2617 4441 2537 4440 2617 4441 2538 4442 2538 4442 2617 4441 2616 4443 2538 4442 2616 4443 2539 4396 2539 4396 2616 4443 2615 4397 2419 4444 2639 4445 2396 4446 2396 4446 2639 4445 2638 4447 2396 4446 2638 4447 2397 4448 2397 4448 2638 4447 2661 4449 2397 4448 2661 4449 2398 4450 2398 4450 2661 4449 2660 4451 2398 4450 2660 4451 2399 4452 2399 4452 2660 4451 2659 4453 2399 4452 2659 4453 2400 4454 2400 4454 2659 4453 2658 4455 2400 4454 2658 4455 2401 4456 2401 4456 2658 4455 2657 4457 2401 4456 2657 4457 2402 4458 2402 4458 2657 4457 2656 4459 2402 4458 2656 4459 2403 4460 2403 4460 2656 4459 2655 4461 2403 4460 2655 4461 2404 4462 2404 4462 2655 4461 2654 4463 2404 4462 2654 4463 2405 4464 2405 4464 2654 4463 2653 4465 2405 4464 2653 4465 2406 4466 2406 4466 2653 4465 2652 4467 2406 4466 2652 4467 2407 4468 2407 4468 2652 4467 2651 4469 2407 4468 2651 4469 2408 4470 2408 4470 2651 4469 2650 4471 2408 4470 2650 4471 2409 4472 2409 4472 2650 4471 2649 4473 2409 4472 2649 4473 2410 4474 2410 4474 2649 4473 2648 4475 2410 4474 2648 4475 2411 4476 2411 4476 2648 4475 2647 4477 2411 4476 2647 4477 2412 4478 2412 4478 2647 4477 2646 4479 2412 4478 2646 4479 2413 4480 2413 4480 2646 4479 2645 4481 2413 4480 2645 4481 2414 4482 2414 4482 2645 4481 2644 4483 2414 4482 2644 4483 2415 4484 2415 4484 2644 4483 2643 4485 2415 4484 2643 4485 2416 4486 2416 4486 2643 4485 2642 4487 2416 4486 2642 4487 2417 4488 2417 4488 2642 4487 2641 4489 2417 4488 2641 4489 2418 4490 2418 4490 2641 4489 2640 4491 2418 4490 2640 4491 2419 4444 2419 4444 2640 4491 2639 4445 2515 4492 2663 4493 2492 4494 2492 4494 2663 4493 2662 4495 2492 4494 2662 4495 2493 4496 2493 4496 2662 4495 2685 4497 2493 4496 2685 4497 2494 4498 2494 4498 2685 4497 2684 4499 2494 4498 2684 4499 2495 4500 2495 4500 2684 4499 2683 4501 2495 4500 2683 4501 2496 4502 2496 4502 2683 4501 2682 4503 2496 4502 2682 4503 2497 4504 2497 4504 2682 4503 2681 4505 2497 4504 2681 4505 2498 4506 2498 4506 2681 4505 2680 4507 2498 4506 2680 4507 2499 4508 2499 4508 2680 4507 2679 4509 2499 4508 2679 4509 2500 4510 2500 4510 2679 4509 2678 4511 2500 4510 2678 4511 2501 4512 2501 4512 2678 4511 2677 4513 2501 4512 2677 4513 2502 4514 2502 4514 2677 4513 2676 4515 2502 4514 2676 4515 2503 4516 2503 4516 2676 4515 2675 4517 2503 4516 2675 4517 2504 4518 2504 4518 2675 4517 2674 4519 2504 4518 2674 4519 2505 4520 2505 4520 2674 4519 2673 4521 2505 4520 2673 4521 2506 4522 2506 4522 2673 4521 2672 4523 2506 4522 2672 4523 2507 4524 2507 4524 2672 4523 2671 4525 2507 4524 2671 4525 2508 4526 2508 4526 2671 4525 2670 4527 2508 4526 2670 4527 2509 4528 2509 4528 2670 4527 2669 4529 2509 4528 2669 4529 2510 4530 2510 4530 2669 4529 2668 4531 2510 4530 2668 4531 2511 4532 2511 4532 2668 4531 2667 4533 2511 4532 2667 4533 2512 4534 2512 4534 2667 4533 2666 4535 2512 4534 2666 4535 2513 4536 2513 4536 2666 4535 2665 4537 2513 4536 2665 4537 2514 4538 2514 4538 2665 4537 2664 4539 2514 4538 2664 4539 2515 4492 2515 4492 2664 4539 2663 4493 2443 4540 2687 4541 2420 4542 2420 4542 2687 4541 2686 4543 2420 4542 2686 4543 2421 4544 2421 4544 2686 4543 2709 4545 2421 4544 2709 4545 2422 4546 2422 4546 2709 4545 2708 4547 2422 4546 2708 4547 2423 4548 2423 4548 2708 4547 2707 4549 2423 4548 2707 4549 2424 4550 2424 4550 2707 4549 2706 4551 2424 4550 2706 4551 2425 4552 2425 4552 2706 4551 2705 4553 2425 4552 2705 4553 2426 4554 2426 4554 2705 4553 2704 4555 2426 4554 2704 4555 2427 4556 2427 4556 2704 4555 2703 4557 2427 4556 2703 4557 2428 4558 2428 4558 2703 4557 2702 4559 2428 4558 2702 4559 2429 4560 2429 4560 2702 4559 2701 4561 2429 4560 2701 4561 2430 4562 2430 4562 2701 4561 2700 4563 2430 4562 2700 4563 2431 4564 2431 4564 2700 4563 2699 4565 2431 4564 2699 4565 2432 4566 2432 4566 2699 4565 2698 4567 2432 4566 2698 4567 2433 4568 2433 4568 2698 4567 2697 4569 2433 4568 2697 4569 2434 4570 2434 4570 2697 4569 2696 4571 2434 4570 2696 4571 2435 4572 2435 4572 2696 4571 2695 4573 2435 4572 2695 4573 2436 4574 2436 4574 2695 4573 2694 4575 2436 4574 2694 4575 2437 4576 2437 4576 2694 4575 2693 4577 2437 4576 2693 4577 2438 4578 2438 4578 2693 4577 2692 4579 2438 4578 2692 4579 2439 4580 2439 4580 2692 4579 2691 4581 2439 4580 2691 4581 2440 4582 2440 4582 2691 4581 2690 4583 2440 4582 2690 4583 2441 4584 2441 4584 2690 4583 2689 4585 2441 4584 2689 4585 2442 4586 2442 4586 2689 4585 2688 4587 2442 4586 2688 4587 2443 4540 2443 4540 2688 4587 2687 4541 2491 4588 2711 4589 2468 4590 2468 4590 2711 4589 2710 4591 2468 4590 2710 4591 2469 4592 2469 4592 2710 4591 2733 4593 2469 4592 2733 4593 2470 4594 2470 4594 2733 4593 2732 4595 2470 4594 2732 4595 2471 4596 2471 4596 2732 4595 2731 4597 2471 4596 2731 4597 2472 4598 2472 4598 2731 4597 2730 4599 2472 4598 2730 4599 2473 4600 2473 4600 2730 4599 2729 4601 2473 4600 2729 4601 2474 4602 2474 4602 2729 4601 2728 4603 2474 4602 2728 4603 2475 4604 2475 4604 2728 4603 2727 4605 2475 4604 2727 4605 2476 4606 2476 4606 2727 4605 2726 4607 2476 4606 2726 4607 2477 4608 2477 4608 2726 4607 2725 4609 2477 4608 2725 4609 2478 4610 2478 4610 2725 4609 2724 4611 2478 4610 2724 4611 2479 4612 2479 4612 2724 4611 2723 4613 2479 4612 2723 4613 2480 4614 2480 4614 2723 4613 2722 4615 2480 4614 2722 4615 2481 4616 2481 4616 2722 4615 2721 4617 2481 4616 2721 4617 2482 4618 2482 4618 2721 4617 2720 4619 2482 4618 2720 4619 2483 4620 2483 4620 2720 4619 2719 4621 2483 4620 2719 4621 2484 4622 2484 4622 2719 4621 2718 4623 2484 4622 2718 4623 2485 4624 2485 4624 2718 4623 2717 4625 2485 4624 2717 4625 2486 4626 2486 4626 2717 4625 2716 4627 2486 4626 2716 4627 2487 4628 2487 4628 2716 4627 2715 4629 2487 4628 2715 4629 2488 4630 2488 4630 2715 4629 2714 4631 2488 4630 2714 4631 2489 4632 2489 4632 2714 4631 2713 4633 2489 4632 2713 4633 2490 4634 2490 4634 2713 4633 2712 4635 2490 4634 2712 4635 2491 4588 2491 4588 2712 4635 2711 4589 2467 4636 2735 4637 2444 4638 2444 4638 2735 4637 2734 4639 2444 4638 2734 4639 2445 4640 2445 4640 2734 4639 2757 4641 2445 4640 2757 4641 2446 4642 2446 4642 2757 4641 2756 4643 2446 4642 2756 4643 2447 4644 2447 4644 2756 4643 2755 4645 2447 4644 2755 4645 2448 4646 2448 4646 2755 4645 2754 4647 2448 4646 2754 4647 2449 4648 2449 4648 2754 4647 2753 4649 2449 4648 2753 4649 2450 4650 2450 4650 2753 4649 2752 4651 2450 4650 2752 4651 2451 4652 2451 4652 2752 4651 2751 4653 2451 4652 2751 4653 2452 4654 2452 4654 2751 4653 2750 4655 2452 4654 2750 4655 2453 4656 2453 4656 2750 4655 2749 4657 2453 4656 2749 4657 2454 4658 2454 4658 2749 4657 2748 4659 2454 4658 2748 4659 2455 4660 2455 4660 2748 4659 2747 4661 2455 4660 2747 4661 2456 4662 2456 4662 2747 4661 2746 4663 2456 4662 2746 4663 2457 4664 2457 4664 2746 4663 2745 4665 2457 4664 2745 4665 2458 4666 2458 4666 2745 4665 2744 4667 2458 4666 2744 4667 2459 4668 2459 4668 2744 4667 2743 4669 2459 4668 2743 4669 2460 4670 2460 4670 2743 4669 2742 4671 2460 4670 2742 4671 2461 4672 2461 4672 2742 4671 2741 4673 2461 4672 2741 4673 2462 4674 2462 4674 2741 4673 2740 4675 2462 4674 2740 4675 2463 4676 2463 4676 2740 4675 2739 4677 2463 4676 2739 4677 2464 4678 2464 4678 2739 4677 2738 4679 2464 4678 2738 4679 2465 4680 2465 4680 2738 4679 2737 4681 2465 4680 2737 4681 2466 4682 2466 4682 2737 4681 2736 4683 2466 4682 2736 4683 2467 4636 2467 4636 2736 4683 2735 4637 1934 4684 2758 4685 1935 4686 1935 4686 2758 4685 2759 4687 1935 4686 2759 4687 2760 4688 2760 4688 2761 4689 1935 4686 1935 4686 2761 4689 2762 4690 1935 4686 2762 4690 2763 4691 1935 4686 2763 4691 1943 4692 1943 4692 2763 4691 2764 4693 1943 4692 2764 4693 2765 4694 2765 4694 2766 4695 1943 4692 1943 4692 2766 4695 2767 4696 1943 4692 2767 4696 2768 4697 2768 4697 1938 4698 1943 4692 1941 4699 2769 4700 1942 4701 1942 4701 2769 4700 2770 4702 1942 4701 2770 4702 2771 4703 2771 4703 2772 4704 1942 4701 1942 4701 2772 4704 2773 4705 1942 4701 2773 4705 2774 4706 1942 4701 2774 4706 1936 4707 1936 4707 2774 4706 2775 4708 1936 4707 2775 4708 2776 4709 2776 4709 2777 4710 1936 4707 1936 4707 2777 4710 2778 4711 1936 4707 2778 4711 2779 4712 2779 4712 1937 4713 1936 4707 1941 4714 1940 4715 2879 4716 2879 4716 1940 4715 2878 4717 2878 4717 1940 4715 2877 4718 2877 4718 1940 4715 2876 4719 2876 4719 1940 4715 3041 4720 2876 4719 3041 4720 2875 4721 2875 4721 3041 4720 3042 4722 2875 4721 3042 4722 2874 4723 2874 4723 3042 4722 3043 4724 2874 4723 3043 4724 2873 4725 2873 4725 3043 4724 3044 4726 2873 4725 3044 4726 2872 4727 2872 4727 3044 4726 3045 4728 2872 4727 3045 4728 2871 4729 2871 4729 3045 4728 3046 4730 2871 4729 3046 4730 3047 4731 1932 4732 2919 4733 1940 4715 1940 4715 2919 4733 2920 4734 1940 4715 2920 4734 2921 4735 1937 4736 2780 4737 1932 4732 1932 4732 2780 4737 2781 4738 1932 4732 2781 4738 2782 4739 2782 4739 2783 4740 1932 4732 1932 4732 2783 4740 2955 4741 1932 4732 2955 4741 2932 4742 2783 4740 2784 4743 2955 4741 2955 4741 2784 4743 2954 4744 2954 4744 2784 4743 2785 4745 2954 4744 2785 4745 2953 4746 2953 4746 2785 4745 2786 4747 2953 4746 2786 4747 2952 4748 2952 4748 2786 4747 2787 4749 2952 4748 2787 4749 2951 4750 2951 4750 2787 4749 2788 4751 2951 4750 2788 4751 2950 4752 2950 4752 2788 4751 2949 4753 2949 4753 2788 4751 2789 4754 2949 4753 2789 4754 2948 4755 2948 4755 2789 4754 2790 4756 2948 4755 2790 4756 2947 4757 2947 4757 2790 4756 2946 4758 2946 4758 2790 4756 2791 4759 2946 4758 2791 4759 2945 4760 2945 4760 2791 4759 2792 4761 2945 4760 2792 4761 2944 4762 2944 4762 2792 4761 2793 4763 2944 4762 2793 4763 2943 4764 2943 4764 2793 4763 2794 4765 2943 4764 2794 4765 2942 4766 2942 4766 2794 4765 2795 4767 2942 4766 2795 4767 2941 4768 2941 4768 2795 4767 2796 4769 2941 4768 2796 4769 2940 4770 2940 4770 2796 4769 2939 4771 2939 4771 2796 4769 2938 4772 2938 4772 2796 4769 2797 4773 2938 4772 2797 4773 2937 4774 2937 4774 2797 4773 2936 4775 2936 4775 2797 4773 2935 4776 2935 4776 2797 4773 2798 4777 2935 4776 2798 4777 2934 4778 2934 4778 2798 4777 1932 4732 2934 4778 1932 4732 2933 4779 2933 4779 1932 4732 2932 4742 2798 4777 2799 4780 1932 4732 1932 4732 2799 4780 2800 4781 1932 4732 2800 4781 2801 4782 2802 4783 2913 4784 2801 4782 2801 4782 2913 4784 2914 4785 2801 4782 2914 4785 1932 4732 1932 4732 2914 4785 2915 4786 1932 4732 2915 4786 2916 4787 2913 4784 2802 4783 2912 4788 2912 4788 2802 4783 2803 4789 2912 4788 2803 4789 2911 4790 2911 4790 2803 4789 2910 4791 2910 4791 2803 4789 2804 4792 2910 4791 2804 4792 2909 4793 2909 4793 2804 4792 2805 4794 2909 4793 2805 4794 3002 4795 3002 4795 2805 4794 3001 4796 3001 4796 2805 4794 2806 4797 3001 4796 2806 4797 3000 4798 3000 4798 2806 4797 2999 4799 2999 4799 2806 4797 2998 4800 2998 4800 2806 4797 2807 4801 2998 4800 2807 4801 2997 4802 2997 4802 2807 4801 2996 4803 2996 4803 2807 4801 2995 4804 2995 4804 2807 4801 2808 4805 2995 4804 2808 4805 2994 4806 2994 4806 2808 4805 2809 4807 2994 4806 2809 4807 2993 4808 2993 4808 2809 4807 2810 4809 2993 4808 2810 4809 2992 4810 2992 4810 2810 4809 2811 4811 2992 4810 2811 4811 2991 4812 2991 4812 2811 4811 2812 4813 2991 4812 2812 4813 2990 4814 2990 4814 2812 4813 2989 4815 2989 4815 2812 4813 2813 4816 2989 4815 2813 4816 2988 4817 2988 4817 2813 4816 2814 4818 2988 4817 2814 4818 2987 4819 2987 4819 2814 4818 2986 4820 2986 4820 2814 4818 2815 4821 2986 4820 2815 4821 2985 4822 2985 4822 2815 4821 2816 4823 2985 4822 2816 4823 2984 4824 2984 4824 2816 4823 2817 4825 2984 4824 2817 4825 2983 4826 2983 4826 2817 4825 2982 4827 2982 4827 2817 4825 2818 4828 2982 4827 2818 4828 2819 4829 2820 4830 2904 4831 2819 4829 2819 4829 2904 4831 2981 4832 2819 4829 2981 4832 2982 4827 2904 4831 2820 4830 2903 4833 2903 4833 2820 4830 2821 4834 2903 4833 2821 4834 2902 4835 2902 4835 2821 4834 2822 4836 2902 4835 2822 4836 2901 4837 2901 4837 2822 4836 2823 4838 2901 4837 2823 4838 2900 4839 2900 4839 2823 4838 2824 4840 2900 4839 2824 4840 2899 4841 2899 4841 2824 4840 2825 4842 2899 4841 2825 4842 2898 4843 2898 4843 2825 4842 2826 4844 2898 4843 2826 4844 2897 4845 2897 4845 2826 4844 2827 4846 2897 4845 2827 4846 2896 4847 2896 4847 2827 4846 2828 4848 2896 4847 2828 4848 2969 4849 2969 4849 2828 4848 2968 4850 2968 4850 2828 4848 2967 4851 2967 4851 2828 4848 2966 4852 2966 4852 2828 4848 2829 4853 2966 4852 2829 4853 2965 4854 2965 4854 2829 4853 2964 4855 2964 4855 2829 4853 2963 4856 2963 4856 2829 4853 2962 4857 2962 4857 2829 4853 2830 4858 2962 4857 2830 4858 2961 4859 2961 4859 2830 4858 2960 4860 2960 4860 2830 4858 2959 4861 2959 4861 2830 4858 2958 4862 2958 4862 2830 4858 2831 4863 2958 4862 2831 4863 2957 4864 2957 4864 2831 4863 2956 4865 2956 4865 2831 4863 2979 4866 2979 4866 2831 4863 2891 4867 2979 4866 2891 4867 2978 4868 2978 4868 2891 4867 2892 4869 2978 4868 2892 4869 2977 4870 2977 4870 2892 4869 2976 4871 2976 4871 2892 4869 2975 4872 2975 4872 2892 4869 2893 4873 2975 4872 2893 4873 2974 4874 2974 4874 2893 4873 2973 4875 2973 4875 2893 4873 2894 4876 2973 4875 2894 4876 2972 4877 2972 4877 2894 4876 2971 4878 2971 4878 2894 4876 2970 4879 2970 4879 2894 4876 2895 4880 2970 4879 2895 4880 2969 4849 2969 4849 2895 4880 2896 4847 2831 4863 2832 4881 2891 4867 2891 4867 2832 4881 2890 4882 2890 4882 2832 4881 2889 4883 2889 4883 2832 4881 2833 4884 2889 4883 2833 4884 2888 4885 2888 4885 2833 4884 2834 4886 2888 4885 2834 4886 2887 4887 2887 4887 2834 4886 2835 4888 2887 4887 2835 4888 2886 4889 2886 4889 2835 4888 2836 4890 2886 4889 2836 4890 2885 4891 2885 4891 2836 4890 2837 4892 2885 4891 2837 4892 2884 4893 2884 4893 2837 4892 2838 4894 2884 4893 2838 4894 2883 4895 2883 4895 2838 4894 2839 4896 2883 4895 2839 4896 2882 4897 2882 4897 2839 4896 2840 4898 2882 4897 2840 4898 3015 4899 3015 4899 2840 4898 3014 4900 3014 4900 2840 4898 2841 4901 3014 4900 2841 4901 2842 4902 2843 4903 3012 4904 2842 4902 2842 4902 3012 4904 3013 4905 2842 4902 3013 4905 3014 4900 3012 4904 2843 4903 3011 4906 3011 4906 2843 4903 2844 4907 3011 4906 2844 4907 3010 4908 3010 4908 2844 4907 2845 4909 3010 4908 2845 4909 3009 4910 3009 4910 2845 4909 3008 4911 3008 4911 2845 4909 2846 4912 3008 4911 2846 4912 3007 4913 3007 4913 2846 4912 2847 4914 3007 4913 2847 4914 3006 4915 3006 4915 2847 4914 3005 4916 3005 4916 2847 4914 2848 4917 3005 4916 2848 4917 3004 4918 3004 4918 2848 4917 2849 4919 3004 4918 2849 4919 3027 4920 3027 4920 2849 4919 2850 4921 3027 4920 2850 4921 3026 4922 3026 4922 2850 4921 2851 4923 3026 4922 2851 4923 3025 4924 3025 4924 2851 4923 2852 4925 3025 4924 2852 4925 3024 4926 3024 4926 2852 4925 3023 4927 3023 4927 2852 4925 3022 4928 3022 4928 2852 4925 2853 4929 3022 4928 2853 4929 3021 4930 3021 4930 2853 4929 3020 4931 3020 4931 2853 4929 3019 4932 3019 4932 2853 4929 2854 4933 3019 4932 2854 4933 3018 4934 3018 4934 2854 4933 2929 4935 3018 4934 2929 4935 2930 4936 2854 4933 2855 4937 2929 4935 2929 4935 2855 4937 3060 4938 2929 4935 3060 4938 2928 4939 2928 4939 3060 4938 3061 4940 2928 4939 3061 4940 2927 4941 2927 4941 3061 4940 3062 4942 2927 4941 3062 4942 2926 4943 2926 4943 3062 4942 3063 4944 2926 4943 3063 4944 2925 4945 2925 4945 3063 4944 2924 4946 2924 4946 3063 4944 3064 4947 2924 4946 3064 4947 2923 4948 2923 4948 3064 4947 2922 4949 2922 4949 3064 4947 3065 4950 2922 4949 3065 4950 1940 4715 1940 4715 3065 4950 3066 4951 1940 4715 3066 4951 3067 4952 2856 4953 3058 4954 2855 4937 2855 4937 3058 4954 3059 4955 2855 4937 3059 4955 3060 4938 2857 4956 3055 4957 2856 4953 2856 4953 3055 4957 3056 4958 2856 4953 3056 4958 3057 4959 2858 4960 3052 4961 2857 4956 2857 4956 3052 4961 3053 4962 2857 4956 3053 4962 3054 4963 2859 4964 3073 4965 2858 4960 2858 4960 3073 4965 3074 4966 2858 4960 3074 4966 3075 4967 2860 4968 3070 4969 2859 4964 2859 4964 3070 4969 3071 4970 2859 4964 3071 4970 3072 4971 2861 4972 1940 4715 2860 4968 2860 4968 1940 4715 3068 4973 2860 4968 3068 4973 3069 4974 2862 4975 3037 4976 2861 4972 2861 4972 3037 4976 3038 4977 2861 4972 3038 4977 1940 4715 1940 4715 3038 4977 3039 4978 1940 4715 3039 4978 3040 4979 2863 4980 3034 4981 2862 4975 2862 4975 3034 4981 3035 4982 2862 4975 3035 4982 3036 4983 2864 4984 3031 4985 2863 4980 2863 4980 3031 4985 3032 4986 2863 4980 3032 4986 3033 4987 3031 4985 2864 4984 3030 4988 3030 4988 2864 4984 2865 4989 3030 4988 2865 4989 3029 4990 3029 4990 2865 4989 2866 4991 3029 4990 2866 4991 3028 4992 3028 4992 2866 4991 2867 4993 3028 4992 2867 4993 3051 4994 3051 4994 2867 4993 2868 4995 3051 4994 2868 4995 3050 4996 3050 4996 2868 4995 2869 4997 3050 4996 2869 4997 3049 4998 3049 4998 2869 4997 3048 4999 3048 4999 2869 4997 2870 5000 3048 4999 2870 5000 3047 4731 3047 4731 2870 5000 2871 4729 2931 5001 2880 5002 3016 5003 3016 5003 2880 5002 2881 5004 3016 5003 2881 5004 3015 4899 3015 4899 2881 5004 2882 4897 2904 4831 2905 5005 2981 4832 2981 4832 2905 5005 2980 5006 2980 5006 2905 5005 2906 5007 2980 5006 2906 5007 2907 5008 2980 5006 2907 5008 3003 5009 3003 5009 2907 5008 2908 5010 3003 5009 2908 5010 3002 4795 3002 4795 2908 5010 2909 4793 2916 4787 2917 5011 1932 4732 1932 4732 2917 5011 2918 5012 1932 4732 2918 5012 2919 4733 2921 4735 2922 4949 1940 4715 3018 4934 2930 4936 3017 5013 3017 5013 2930 4936 2931 5001 3017 5013 2931 5001 3016 5003 3033 4987 3034 4981 2863 4980 3036 4983 3037 4976 2862 4975 3040 4979 3041 4720 1940 4715 3054 4963 3055 4957 2857 4956 3057 4959 3058 4954 2856 4953 3067 4952 3068 4973 1940 4715 3069 4974 3070 4969 2860 4968 3072 4971 3073 4965 2859 4964 3075 4967 3052 4961 2858 4960 2223 5014 2933 5015 2200 5016 2200 5016 2933 5015 2932 5017 2200 5016 2932 5017 2201 5018 2201 5018 2932 5017 2955 5019 2201 5018 2955 5019 2202 5020 2202 5020 2955 5019 2954 5021 2202 5020 2954 5021 2203 5022 2203 5022 2954 5021 2953 5023 2203 5022 2953 5023 2204 5024 2204 5024 2953 5023 2952 5025 2204 5024 2952 5025 2205 5026 2205 5026 2952 5025 2951 5027 2205 5026 2951 5027 2206 5028 2206 5028 2951 5027 2950 5029 2206 5028 2950 5029 2207 5030 2207 5030 2950 5029 2949 5031 2207 5030 2949 5031 2208 5032 2208 5032 2949 5031 2948 5033 2208 5032 2948 5033 2209 5034 2209 5034 2948 5033 2947 5035 2209 5034 2947 5035 2210 5036 2210 5036 2947 5035 2946 5037 2210 5036 2946 5037 2211 5038 2211 5038 2946 5037 2945 5039 2211 5038 2945 5039 2212 5040 2212 5040 2945 5039 2944 5041 2212 5040 2944 5041 2213 5042 2213 5042 2944 5041 2943 5043 2213 5042 2943 5043 2214 5044 2214 5044 2943 5043 2942 5045 2214 5044 2942 5045 2215 5046 2215 5046 2942 5045 2941 5047 2215 5046 2941 5047 2216 5048 2216 5048 2941 5047 2940 5049 2216 5048 2940 5049 2217 5050 2217 5050 2940 5049 2939 5051 2217 5050 2939 5051 2218 5052 2218 5052 2939 5051 2938 5053 2218 5052 2938 5053 2219 5054 2219 5054 2938 5053 2937 5055 2219 5054 2937 5055 2220 5056 2220 5056 2937 5055 2936 5057 2220 5056 2936 5057 2221 5058 2221 5058 2936 5057 2935 5059 2221 5058 2935 5059 2222 5060 2222 5060 2935 5059 2934 5061 2222 5060 2934 5061 2223 5014 2223 5014 2934 5061 2933 5015 2199 5062 3099 5063 2176 5064 2176 5064 3099 5063 3076 5065 2176 5064 3076 5065 2177 5066 2177 5066 3076 5065 3077 5067 2177 5066 3077 5067 2178 5068 2178 5068 3077 5067 3078 5069 2178 5068 3078 5069 2179 5070 2179 5070 3078 5069 3079 5071 2179 5070 3079 5071 2180 5072 2180 5072 3079 5071 3080 5073 2180 5072 3080 5073 2181 5074 2181 5074 3080 5073 3081 5075 2181 5074 3081 5075 2182 5076 2182 5076 3081 5075 3082 5077 2182 5076 3082 5077 2183 5078 2183 5078 3082 5077 3083 5079 2183 5078 3083 5079 2184 5080 2184 5080 3083 5079 3084 5081 2184 5080 3084 5081 2185 5082 2185 5082 3084 5081 3085 5083 2185 5082 3085 5083 2186 5084 2186 5084 3085 5083 3086 5085 2186 5084 3086 5085 2187 5086 2187 5086 3086 5085 3087 5087 2187 5086 3087 5087 2188 5088 2188 5088 3087 5087 3088 5089 2188 5088 3088 5089 2189 5090 2189 5090 3088 5089 3089 5091 2189 5090 3089 5091 2190 5092 2190 5092 3089 5091 3090 5093 2190 5092 3090 5093 2191 5094 2191 5094 3090 5093 3091 5095 2191 5094 3091 5095 2192 5096 2192 5096 3091 5095 3092 5097 2192 5096 3092 5097 2193 5098 2193 5098 3092 5097 3093 5099 2193 5098 3093 5099 2194 5100 2194 5100 3093 5099 3094 5101 2194 5100 3094 5101 2195 5102 2195 5102 3094 5101 3095 5103 2195 5102 3095 5103 2196 5104 2196 5104 3095 5103 3096 5105 2196 5104 3096 5105 2197 5106 2197 5106 3096 5105 3097 5107 2197 5106 3097 5107 2198 5108 2198 5108 3097 5107 3098 5109 2198 5108 3098 5109 2199 5062 2199 5062 3098 5109 3099 5063 2175 5110 2957 5111 2152 5112 2152 5112 2957 5111 2956 5113 2152 5112 2956 5113 2153 5114 2153 5114 2956 5113 2979 5115 2153 5114 2979 5115 2154 5116 2154 5116 2979 5115 2978 5117 2154 5116 2978 5117 2155 5118 2155 5118 2978 5117 2977 5119 2155 5118 2977 5119 2156 5120 2156 5120 2977 5119 2976 5121 2156 5120 2976 5121 2157 5122 2157 5122 2976 5121 2975 5123 2157 5122 2975 5123 2158 5124 2158 5124 2975 5123 2974 5125 2158 5124 2974 5125 2159 5126 2159 5126 2974 5125 2973 5127 2159 5126 2973 5127 2160 5128 2160 5128 2973 5127 2972 5129 2160 5128 2972 5129 2161 5130 2161 5130 2972 5129 2971 5131 2161 5130 2971 5131 2162 5132 2162 5132 2971 5131 2970 5133 2162 5132 2970 5133 2163 5134 2163 5134 2970 5133 2969 5135 2163 5134 2969 5135 2164 5136 2164 5136 2969 5135 2968 5137 2164 5136 2968 5137 2165 5138 2165 5138 2968 5137 2967 5139 2165 5138 2967 5139 2166 5140 2166 5140 2967 5139 2966 5141 2166 5140 2966 5141 2167 5142 2167 5142 2966 5141 2965 5143 2167 5142 2965 5143 2168 5144 2168 5144 2965 5143 2964 5145 2168 5144 2964 5145 2169 5146 2169 5146 2964 5145 2963 5147 2169 5146 2963 5147 2170 5148 2170 5148 2963 5147 2962 5149 2170 5148 2962 5149 2171 5150 2171 5150 2962 5149 2961 5151 2171 5150 2961 5151 2172 5152 2172 5152 2961 5151 2960 5153 2172 5152 2960 5153 2173 5154 2173 5154 2960 5153 2959 5155 2173 5154 2959 5155 2174 5156 2174 5156 2959 5155 2958 5157 2174 5156 2958 5157 2175 5110 2175 5110 2958 5157 2957 5111 2151 5158 2981 5159 2128 5160 2128 5160 2981 5159 2980 5161 2128 5160 2980 5161 2129 5162 2129 5162 2980 5161 3003 5163 2129 5162 3003 5163 2130 5164 2130 5164 3003 5163 3002 5165 2130 5164 3002 5165 2131 5166 2131 5166 3002 5165 3001 5167 2131 5166 3001 5167 2132 5168 2132 5168 3001 5167 3000 5169 2132 5168 3000 5169 2133 5170 2133 5170 3000 5169 2999 5171 2133 5170 2999 5171 2134 5172 2134 5172 2999 5171 2998 5173 2134 5172 2998 5173 2135 5174 2135 5174 2998 5173 2997 5175 2135 5174 2997 5175 2136 5176 2136 5176 2997 5175 2996 5177 2136 5176 2996 5177 2137 5178 2137 5178 2996 5177 2995 5179 2137 5178 2995 5179 2138 5180 2138 5180 2995 5179 2994 5181 2138 5180 2994 5181 2139 5182 2139 5182 2994 5181 2993 5183 2139 5182 2993 5183 2140 5184 2140 5184 2993 5183 2992 5185 2140 5184 2992 5185 2141 5186 2141 5186 2992 5185 2991 5187 2141 5186 2991 5187 2142 5188 2142 5188 2991 5187 2990 5189 2142 5188 2990 5189 2143 5190 2143 5190 2990 5189 2989 5191 2143 5190 2989 5191 2144 5192 2144 5192 2989 5191 2988 5193 2144 5192 2988 5193 2145 5194 2145 5194 2988 5193 2987 5195 2145 5194 2987 5195 2146 5196 2146 5196 2987 5195 2986 5197 2146 5196 2986 5197 2147 5198 2147 5198 2986 5197 2985 5199 2147 5198 2985 5199 2148 5200 2148 5200 2985 5199 2984 5201 2148 5200 2984 5201 2149 5202 2149 5202 2984 5201 2983 5203 2149 5202 2983 5203 2150 5204 2150 5204 2983 5203 2982 5205 2150 5204 2982 5205 2151 5158 2151 5158 2982 5205 2981 5159 2127 5206 3005 5207 2104 5208 2104 5208 3005 5207 3004 5209 2104 5208 3004 5209 2105 5210 2105 5210 3004 5209 3027 5211 2105 5210 3027 5211 2106 5212 2106 5212 3027 5211 3026 5213 2106 5212 3026 5213 2107 5214 2107 5214 3026 5213 3025 5215 2107 5214 3025 5215 2108 5216 2108 5216 3025 5215 3024 5217 2108 5216 3024 5217 2109 5218 2109 5218 3024 5217 3023 5219 2109 5218 3023 5219 2110 5220 2110 5220 3023 5219 3022 5221 2110 5220 3022 5221 2111 5222 2111 5222 3022 5221 3021 5223 2111 5222 3021 5223 2112 5224 2112 5224 3021 5223 3020 5225 2112 5224 3020 5225 2113 5226 2113 5226 3020 5225 3019 5227 2113 5226 3019 5227 2114 5228 2114 5228 3019 5227 3018 5229 2114 5228 3018 5229 2115 5230 2115 5230 3018 5229 3017 5231 2115 5230 3017 5231 2116 5232 2116 5232 3017 5231 3016 5233 2116 5232 3016 5233 2117 5234 2117 5234 3016 5233 3015 5235 2117 5234 3015 5235 2118 5236 2118 5236 3015 5235 3014 5237 2118 5236 3014 5237 2119 5238 2119 5238 3014 5237 3013 5239 2119 5238 3013 5239 2120 5240 2120 5240 3013 5239 3012 5241 2120 5240 3012 5241 2121 5242 2121 5242 3012 5241 3011 5243 2121 5242 3011 5243 2122 5244 2122 5244 3011 5243 3010 5245 2122 5244 3010 5245 2123 5246 2123 5246 3010 5245 3009 5247 2123 5246 3009 5247 2124 5248 2124 5248 3009 5247 3008 5249 2124 5248 3008 5249 2125 5250 2125 5250 3008 5249 3007 5251 2125 5250 3007 5251 2126 5252 2126 5252 3007 5251 3006 5253 2126 5252 3006 5253 2127 5206 2127 5206 3006 5253 3005 5207 2103 5254 3029 5255 2080 5256 2080 5256 3029 5255 3028 5257 2080 5256 3028 5257 2081 5258 2081 5258 3028 5257 3051 5259 2081 5258 3051 5259 2082 5260 2082 5260 3051 5259 3050 5261 2082 5260 3050 5261 2083 5262 2083 5262 3050 5261 3049 5263 2083 5262 3049 5263 2084 5264 2084 5264 3049 5263 3048 5265 2084 5264 3048 5265 2085 5266 2085 5266 3048 5265 3047 5267 2085 5266 3047 5267 2086 5268 2086 5268 3047 5267 3046 5269 2086 5268 3046 5269 2087 5270 2087 5270 3046 5269 3045 5271 2087 5270 3045 5271 2088 5272 2088 5272 3045 5271 3044 5273 2088 5272 3044 5273 2089 5274 2089 5274 3044 5273 3043 5275 2089 5274 3043 5275 2090 5276 2090 5276 3043 5275 3042 5277 2090 5276 3042 5277 2091 5278 2091 5278 3042 5277 3041 5279 2091 5278 3041 5279 2092 5280 2092 5280 3041 5279 3040 5281 2092 5280 3040 5281 2093 5282 2093 5282 3040 5281 3039 5283 2093 5282 3039 5283 2094 5284 2094 5284 3039 5283 3038 5285 2094 5284 3038 5285 2095 5286 2095 5286 3038 5285 3037 5287 2095 5286 3037 5287 2096 5288 2096 5288 3037 5287 3036 5289 2096 5288 3036 5289 2097 5290 2097 5290 3036 5289 3035 5291 2097 5290 3035 5291 2098 5292 2098 5292 3035 5291 3034 5293 2098 5292 3034 5293 2099 5294 2099 5294 3034 5293 3033 5295 2099 5294 3033 5295 2100 5296 2100 5296 3033 5295 3032 5297 2100 5296 3032 5297 2101 5298 2101 5298 3032 5297 3031 5299 2101 5298 3031 5299 2102 5300 2102 5300 3031 5299 3030 5301 2102 5300 3030 5301 2103 5254 2103 5254 3030 5301 3029 5255 2079 5302 3053 5303 2056 5304 2056 5304 3053 5303 3052 5305 2056 5304 3052 5305 2057 5306 2057 5306 3052 5305 3075 5307 2057 5306 3075 5307 2058 5308 2058 5308 3075 5307 3074 5309 2058 5308 3074 5309 2059 5310 2059 5310 3074 5309 3073 5311 2059 5310 3073 5311 2060 5312 2060 5312 3073 5311 3072 5313 2060 5312 3072 5313 2061 5314 2061 5314 3072 5313 3071 5315 2061 5314 3071 5315 2062 5316 2062 5316 3071 5315 3070 5317 2062 5316 3070 5317 2063 5318 2063 5318 3070 5317 3069 5319 2063 5318 3069 5319 2064 5320 2064 5320 3069 5319 3068 5321 2064 5320 3068 5321 2065 5322 2065 5322 3068 5321 3067 5323 2065 5322 3067 5323 2066 5324 2066 5324 3067 5323 3066 5325 2066 5324 3066 5325 2067 5326 2067 5326 3066 5325 3065 5327 2067 5326 3065 5327 2068 5328 2068 5328 3065 5327 3064 5329 2068 5328 3064 5329 2069 5330 2069 5330 3064 5329 3063 5331 2069 5330 3063 5331 2070 5332 2070 5332 3063 5331 3062 5333 2070 5332 3062 5333 2071 5334 2071 5334 3062 5333 3061 5335 2071 5334 3061 5335 2072 5336 2072 5336 3061 5335 3060 5337 2072 5336 3060 5337 2073 5338 2073 5338 3060 5337 3059 5339 2073 5338 3059 5339 2074 5340 2074 5340 3059 5339 3058 5341 2074 5340 3058 5341 2075 5342 2075 5342 3058 5341 3057 5343 2075 5342 3057 5343 2076 5344 2076 5344 3057 5343 3056 5345 2076 5344 3056 5345 2077 5346 2077 5346 3056 5345 3055 5347 2077 5346 3055 5347 2078 5348 2078 5348 3055 5347 3054 5349 2078 5348 3054 5349 2079 5302 2079 5302 3054 5349 3053 5303 2796 5350 2795 5351 1955 5352 1955 5352 2795 5351 1956 5353 1956 5353 2795 5351 2794 5354 1956 5353 2794 5354 1957 5355 1957 5355 2794 5354 2793 5356 1957 5355 2793 5356 1958 5357 1958 5357 2793 5356 2792 5358 1958 5357 2792 5358 1959 5359 1959 5359 2792 5358 2791 5360 1959 5359 2791 5360 1960 5361 1960 5361 2791 5360 2790 5362 1960 5361 2790 5362 1961 5363 1961 5363 2790 5362 2789 5364 1961 5363 2789 5364 1962 5365 1962 5365 2789 5364 2788 5366 1962 5365 2788 5366 1963 5367 1963 5367 2788 5366 2787 5368 1963 5367 2787 5368 1964 5369 1964 5369 2787 5368 2786 5370 1964 5369 2786 5370 1965 5371 1965 5371 2786 5370 2785 5372 1965 5371 2785 5372 1966 5373 1966 5373 2785 5372 2784 5374 1966 5373 2784 5374 1967 5375 1967 5375 2784 5374 2783 5376 1967 5375 2783 5376 1968 5377 1968 5377 2783 5376 2782 5378 1968 5377 2782 5378 1969 5379 1969 5379 2782 5378 2781 5380 1969 5379 2781 5380 1970 5381 1970 5381 2781 5380 2780 5382 1970 5381 2780 5382 1971 5383 1971 5383 2780 5382 1937 5384 1971 5383 1937 5384 1972 5385 1972 5385 1937 5384 2779 5386 1972 5385 2779 5386 1973 5387 1973 5387 2779 5386 2778 5388 1973 5387 2778 5388 1974 5389 1974 5389 2778 5388 2777 5390 1974 5389 2777 5390 1975 5391 1975 5391 2777 5390 2776 5392 1975 5391 2776 5392 1976 5393 1976 5393 2776 5392 2775 5394 1976 5393 2775 5394 1977 5395 1977 5395 2775 5394 2774 5396 1977 5395 2774 5396 1978 5397 1978 5397 2774 5396 2773 5398 1978 5397 2773 5398 1979 5399 1979 5399 2773 5398 2772 5400 1979 5399 2772 5400 1980 5401 1980 5401 2772 5400 2771 5402 1980 5401 2771 5402 1981 5403 1981 5403 2771 5402 2770 5404 1981 5403 2770 5404 1982 5405 1982 5405 2770 5404 2769 5406 1982 5405 2769 5406 1983 5407 1983 5407 2769 5406 1941 5408 1983 5407 1941 5408 1984 5409 1984 5409 1941 5408 2879 5410 1984 5409 2879 5410 1985 5411 1985 5411 2879 5410 2878 5412 1985 5411 2878 5412 1986 5413 1986 5413 2878 5412 2877 5414 1986 5413 2877 5414 1987 5415 1987 5415 2877 5414 2876 5416 1987 5415 2876 5416 1988 5417 1988 5417 2876 5416 2875 5418 1988 5417 2875 5418 1989 5419 1989 5419 2875 5418 2874 5420 1989 5419 2874 5420 1990 5421 1990 5421 2874 5420 2873 5422 1990 5421 2873 5422 1991 5423 1991 5423 2873 5422 2872 5424 1991 5423 2872 5424 1992 5425 1992 5425 2872 5424 2871 5426 1992 5425 2871 5426 1993 5427 1993 5427 2871 5426 2870 5428 1993 5427 2870 5428 1994 5429 1994 5429 2870 5428 2869 5430 1994 5429 2869 5430 1995 5431 1995 5431 2869 5430 2868 5432 1995 5431 2868 5432 1996 5433 1996 5433 2868 5432 2867 5434 1996 5433 2867 5434 1997 5435 1997 5435 2867 5434 2866 5436 1997 5435 2866 5436 1998 5437 1998 5437 2866 5436 2865 5438 1998 5437 2865 5438 1999 5439 1999 5439 2865 5438 2864 5440 1999 5439 2864 5440 2000 5441 2000 5441 2864 5440 2863 5442 2000 5443 2863 5444 2001 5445 2001 5445 2863 5444 2862 5446 2001 5445 2862 5446 2002 5447 2002 5447 2862 5446 2861 5448 2002 5447 2861 5448 2003 5449 2003 5449 2861 5448 2860 5450 2003 5449 2860 5450 2004 5451 2004 5451 2860 5450 2859 5452 2004 5451 2859 5452 2005 5453 2005 5453 2859 5452 2858 5454 2005 5453 2858 5454 2006 5455 2006 5455 2858 5454 2857 5456 2006 5455 2857 5456 2007 5457 2007 5457 2857 5456 2856 5458 2007 5457 2856 5458 2008 5459 2008 5459 2856 5458 2855 5460 2008 5459 2855 5460 2009 5461 2009 5461 2855 5460 2854 5462 2009 5461 2854 5462 2010 5463 2010 5463 2854 5462 2853 5464 2010 5463 2853 5464 2011 5465 2011 5465 2853 5464 2852 5466 2011 5467 2852 5468 2012 5469 2012 5469 2852 5468 2851 5470 2012 5469 2851 5470 2013 5471 2013 5471 2851 5470 2850 5472 2013 5471 2850 5472 2014 5473 2014 5473 2850 5472 2849 5474 2014 5473 2849 5474 2015 5475 2015 5475 2849 5474 2848 5476 2015 5475 2848 5476 2016 5477 2016 5477 2848 5476 2847 5478 2016 5477 2847 5478 2017 5479 2017 5479 2847 5478 2846 5480 2017 5479 2846 5480 2018 5481 2018 5481 2846 5480 2845 5482 2018 5481 2845 5482 2019 5483 2019 5483 2845 5482 2844 5484 2019 5483 2844 5484 2020 5485 2020 5485 2844 5484 2843 5486 2020 5485 2843 5486 2021 5487 2021 5487 2843 5486 2842 5488 2021 5487 2842 5488 2022 5489 2022 5489 2842 5488 2841 5490 2022 5489 2841 5490 2023 5491 2023 5491 2841 5490 2840 5492 2023 5491 2840 5492 2024 5493 2024 5493 2840 5492 2839 5494 2024 5493 2839 5494 2025 5495 2025 5495 2839 5494 2838 5496 2025 5495 2838 5496 2026 5497 2026 5497 2838 5496 2837 5498 2026 5497 2837 5498 2027 5499 2027 5499 2837 5498 2836 5500 2027 5499 2836 5500 2028 5501 2028 5501 2836 5500 2835 5502 2028 5501 2835 5502 2029 5503 2029 5503 2835 5502 2834 5504 2029 5503 2834 5504 2030 5505 2030 5505 2834 5504 2833 5506 2030 5505 2833 5506 2031 5507 2031 5507 2833 5506 2832 5508 2031 5507 2832 5508 2032 5509 2032 5509 2832 5508 2831 5510 2032 5509 2831 5510 2033 5511 2033 5511 2831 5510 2830 5512 2033 5511 2830 5512 2034 5513 2034 5513 2830 5512 2829 5514 2034 5513 2829 5514 2035 5515 2035 5515 2829 5514 2828 5516 2035 5515 2828 5516 2036 5517 2036 5517 2828 5516 2827 5518 2036 5517 2827 5518 2037 5519 2037 5519 2827 5518 2826 5520 2037 5519 2826 5520 2038 5521 2038 5521 2826 5520 2825 5522 2038 5521 2825 5522 2039 5523 2039 5523 2825 5522 2824 5524 2039 5523 2824 5524 2040 5525 2040 5525 2824 5524 2823 5526 2040 5525 2823 5526 2041 5527 2041 5527 2823 5526 2822 5528 2041 5527 2822 5528 2042 5529 2042 5529 2822 5528 2821 5530 2042 5529 2821 5530 2043 5531 2043 5531 2821 5530 2820 5532 2043 5531 2820 5532 2044 5533 2044 5533 2820 5532 2819 5534 2044 5533 2819 5534 2045 5535 2045 5535 2819 5534 2818 5536 2045 5535 2818 5536 2046 5537 2046 5537 2818 5536 2817 5538 2046 5537 2817 5538 2047 5539 2047 5539 2817 5538 2816 5540 2047 5539 2816 5540 2048 5541 2048 5541 2816 5540 2815 5542 2048 5541 2815 5542 2049 5543 2049 5543 2815 5542 2814 5544 2049 5543 2814 5544 2050 5545 2050 5545 2814 5544 2813 5546 2050 5545 2813 5546 2051 5547 2051 5547 2813 5546 2812 5548 2051 5547 2812 5548 2052 5549 2052 5549 2812 5548 2811 5550 2052 5549 2811 5550 2053 5551 2053 5551 2811 5550 2810 5552 2053 5551 2810 5552 2054 5553 2054 5553 2810 5552 2809 5554 2054 5553 2809 5554 2055 5555 2055 5555 2809 5554 2808 5556 2055 5555 2808 5556 1944 5557 1944 5557 2808 5556 2807 5558 1944 5559 2807 5560 1945 5561 1945 5561 2807 5560 2806 5562 1945 5561 2806 5562 1946 5563 1946 5563 2806 5562 2805 5564 1946 5563 2805 5564 1947 5565 1947 5565 2805 5564 2804 5566 1947 5565 2804 5566 1948 5567 1948 5567 2804 5566 2803 5568 1948 5567 2803 5568 1949 5569 1949 5569 2803 5568 2802 5570 1949 5569 2802 5570 1950 5571 1950 5571 2802 5570 2801 5572 1950 5571 2801 5572 1951 5573 1951 5573 2801 5572 2800 5574 1951 5573 2800 5574 1952 5575 1952 5575 2800 5574 2799 5576 1952 5575 2799 5576 1953 5577 1953 5577 2799 5576 2798 5578 1953 5577 2798 5578 1954 5579 1954 5579 2798 5578 2797 5580 1954 5579 2797 5580 1955 5581 1955 5581 2797 5580 2796 5582 3076 5583 3099 5584 3077 5585 3077 5585 3099 5584 3078 5586 3078 5586 3099 5584 3098 5587 3078 5586 3098 5587 3079 5588 3079 5588 3098 5587 3097 5589 3079 5588 3097 5589 3080 5590 3080 5590 3097 5589 3096 5591 3080 5590 3096 5591 3081 5592 3081 5592 3096 5591 3095 5593 3081 5592 3095 5593 3082 5594 3082 5594 3095 5593 3094 5595 3082 5594 3094 5595 3083 5596 3083 5596 3094 5595 3093 5597 3083 5596 3093 5597 3084 5598 3084 5598 3093 5597 3092 5599 3084 5598 3092 5599 3085 5600 3085 5600 3092 5599 3091 5601 3085 5600 3091 5601 3086 5602 3086 5602 3091 5601 3090 5603 3086 5602 3090 5603 3087 5604 3087 5604 3090 5603 3089 5605 3087 5604 3089 5605 3088 5606 1934 5607 1933 5608 3199 5609 3199 5609 1933 5608 3198 5610 3198 5610 1933 5608 3197 5611 3197 5611 1933 5608 3196 5612 3196 5612 1933 5608 3201 5613 3196 5612 3201 5613 3195 5614 3195 5614 3201 5613 3202 5615 3195 5614 3202 5615 3194 5616 3194 5616 3202 5615 3203 5617 3194 5616 3203 5617 3193 5618 3193 5618 3203 5617 3204 5619 3193 5618 3204 5619 3192 5620 3192 5620 3204 5619 3205 5621 3192 5620 3205 5621 3191 5622 3191 5622 3205 5621 3206 5623 3191 5622 3206 5623 3207 5624 1939 5625 3383 5626 1933 5608 1933 5608 3383 5626 3384 5627 1933 5608 3384 5627 3385 5628 1938 5629 3100 5630 1939 5625 1939 5625 3100 5630 3101 5631 1939 5625 3101 5631 3102 5632 3102 5632 3103 5633 1939 5625 1939 5625 3103 5633 3307 5634 1939 5625 3307 5634 3308 5635 3103 5633 3104 5636 3307 5634 3307 5634 3104 5636 3306 5637 3306 5637 3104 5636 3105 5638 3306 5637 3105 5638 3305 5639 3305 5639 3105 5638 3106 5640 3305 5639 3106 5640 3304 5641 3304 5641 3106 5640 3107 5642 3304 5641 3107 5642 3303 5643 3303 5643 3107 5642 3108 5644 3303 5643 3108 5644 3302 5645 3302 5645 3108 5644 3301 5646 3301 5646 3108 5644 3109 5647 3301 5646 3109 5647 3300 5648 3300 5648 3109 5647 3110 5649 3300 5648 3110 5649 3299 5650 3299 5650 3110 5649 3298 5651 3298 5651 3110 5649 3111 5652 3298 5651 3111 5652 3297 5653 3297 5653 3111 5652 3112 5654 3297 5653 3112 5654 3296 5655 3296 5655 3112 5654 3113 5656 3296 5655 3113 5656 3319 5657 3319 5657 3113 5656 3114 5658 3319 5657 3114 5658 3318 5659 3318 5659 3114 5658 3115 5660 3318 5659 3115 5660 3317 5661 3317 5661 3115 5660 3116 5662 3317 5661 3116 5662 3316 5663 3316 5663 3116 5662 3315 5664 3315 5664 3116 5662 3314 5665 3314 5665 3116 5662 3117 5666 3314 5665 3117 5666 3313 5667 3313 5667 3117 5666 3312 5668 3312 5668 3117 5666 3311 5669 3311 5669 3117 5666 3118 5670 3311 5669 3118 5670 3310 5671 3310 5671 3118 5670 1939 5625 3310 5671 1939 5625 3309 5672 3309 5672 1939 5625 3308 5635 3118 5670 3119 5673 1939 5625 1939 5625 3119 5673 3328 5674 1939 5625 3328 5674 3329 5675 3120 5676 3326 5677 3119 5673 3119 5673 3326 5677 3327 5678 3119 5673 3327 5678 3328 5674 3121 5679 3323 5680 3120 5676 3120 5676 3323 5680 3324 5681 3120 5676 3324 5681 3325 5682 3122 5683 3320 5684 3121 5679 3121 5679 3320 5684 3321 5685 3121 5679 3321 5685 3322 5686 3123 5687 3341 5688 3122 5683 3122 5683 3341 5688 3342 5689 3122 5683 3342 5689 3343 5690 3124 5691 3338 5692 3123 5687 3123 5687 3338 5692 3339 5693 3123 5687 3339 5693 3340 5694 3125 5695 3373 5696 3124 5691 3124 5691 3373 5696 3336 5697 3124 5691 3336 5697 3337 5698 3126 5699 3281 5700 3125 5695 3125 5695 3281 5700 3282 5701 3125 5695 3282 5701 3373 5696 3373 5696 3282 5701 3372 5702 3372 5702 3282 5701 3283 5703 3372 5702 3283 5703 3371 5704 3371 5704 3283 5703 3284 5705 3371 5704 3284 5705 3370 5706 3370 5706 3284 5705 3369 5707 3369 5707 3284 5705 3285 5708 3369 5707 3285 5708 3368 5709 3368 5709 3285 5708 3139 5710 3368 5709 3139 5710 3140 5711 3127 5712 3278 5713 3126 5699 3126 5699 3278 5713 3279 5714 3126 5699 3279 5714 3280 5715 3128 5716 3275 5717 3127 5712 3127 5712 3275 5717 3276 5718 3127 5712 3276 5718 3277 5719 3275 5717 3128 5716 3274 5720 3274 5720 3128 5716 3129 5721 3274 5720 3129 5721 3273 5722 3273 5722 3129 5721 3130 5723 3273 5722 3130 5723 3272 5724 3272 5724 3130 5723 3131 5725 3272 5724 3131 5725 3295 5726 3295 5726 3131 5725 3132 5727 3295 5726 3132 5727 3294 5728 3294 5728 3132 5727 3293 5729 3293 5729 3132 5727 3133 5730 3293 5729 3133 5730 3292 5731 3292 5731 3133 5730 3134 5732 3292 5731 3134 5732 3291 5733 3291 5733 3134 5732 3290 5734 3290 5734 3134 5732 3135 5735 3290 5734 3135 5735 3289 5736 3289 5736 3135 5735 3136 5737 3289 5736 3136 5737 3288 5738 3288 5738 3136 5737 3137 5739 3288 5738 3137 5739 3287 5740 3287 5740 3137 5739 3286 5741 3286 5741 3137 5739 3138 5742 3286 5741 3138 5742 3139 5710 3368 5709 3140 5711 3367 5743 3367 5743 3140 5711 3141 5744 3367 5743 3141 5744 3366 5745 3366 5745 3141 5744 3142 5746 3366 5745 3142 5746 3365 5747 3365 5747 3142 5746 3143 5748 3365 5747 3143 5748 3364 5749 3364 5749 3143 5748 3144 5750 3364 5749 3144 5750 3363 5751 3363 5751 3144 5750 3145 5752 3363 5751 3145 5752 3362 5753 3362 5753 3145 5752 3146 5754 3362 5753 3146 5754 3361 5755 3361 5755 3146 5754 3147 5756 3361 5755 3147 5756 3360 5757 3360 5757 3147 5756 3359 5758 3359 5758 3147 5756 3148 5759 3359 5758 3148 5759 3225 5760 3225 5760 3148 5759 3224 5761 3224 5761 3148 5759 3247 5762 3247 5762 3148 5759 3246 5763 3246 5763 3148 5759 3149 5764 3246 5763 3149 5764 3245 5765 3245 5765 3149 5764 3244 5766 3244 5766 3149 5764 3243 5767 3243 5767 3149 5764 3242 5768 3242 5768 3149 5764 3150 5769 3242 5768 3150 5769 3241 5770 3241 5770 3150 5769 3240 5771 3240 5771 3150 5769 3239 5772 3239 5772 3150 5769 3238 5773 3238 5773 3150 5769 3151 5774 3238 5773 3151 5774 3237 5775 3237 5775 3151 5774 3236 5776 3236 5776 3151 5774 3235 5777 3235 5777 3151 5774 3354 5778 3235 5777 3354 5778 3355 5779 3151 5774 3152 5780 3354 5778 3354 5778 3152 5780 3353 5781 3353 5781 3152 5780 3153 5782 3353 5781 3153 5782 3352 5783 3352 5783 3153 5782 3154 5784 3352 5783 3154 5784 3351 5785 3351 5785 3154 5784 3155 5786 3351 5785 3155 5786 3350 5787 3350 5787 3155 5786 3156 5788 3350 5787 3156 5788 3349 5789 3349 5789 3156 5788 3157 5790 3349 5789 3157 5790 3348 5791 3348 5791 3157 5790 3158 5792 3348 5791 3158 5792 3347 5793 3347 5793 3158 5792 3159 5794 3347 5793 3159 5794 3346 5795 3346 5795 3159 5794 3160 5796 3346 5795 3160 5796 3271 5797 3271 5797 3160 5796 3270 5798 3270 5798 3160 5796 3161 5799 3270 5798 3161 5799 3162 5800 3163 5801 3268 5802 3162 5800 3162 5800 3268 5802 3269 5803 3162 5800 3269 5803 3270 5798 3268 5802 3163 5801 3267 5804 3267 5804 3163 5801 3164 5805 3267 5804 3164 5805 3266 5806 3266 5806 3164 5805 3165 5807 3266 5806 3165 5807 3265 5808 3265 5808 3165 5807 3264 5809 3264 5809 3165 5807 3166 5810 3264 5809 3166 5810 3263 5811 3263 5811 3166 5810 3167 5812 3263 5811 3167 5812 3262 5813 3262 5813 3167 5812 3261 5814 3261 5814 3167 5812 3168 5815 3261 5814 3168 5815 3260 5816 3260 5816 3168 5815 3169 5817 3260 5816 3169 5817 3259 5818 3259 5818 3169 5817 3170 5819 3259 5818 3170 5819 3258 5820 3258 5820 3170 5819 3171 5821 3258 5820 3171 5821 3257 5822 3257 5822 3171 5821 3172 5823 3257 5822 3172 5823 3256 5824 3256 5824 3172 5823 3255 5825 3255 5825 3172 5823 3254 5826 3254 5826 3172 5823 3173 5827 3254 5826 3173 5827 3253 5828 3253 5828 3173 5827 3252 5829 3252 5829 3173 5827 3251 5830 3251 5830 3173 5827 3174 5831 3251 5830 3174 5831 3250 5832 3250 5832 3174 5831 3393 5833 3250 5832 3393 5833 3394 5834 3174 5831 3175 5835 3393 5833 3393 5833 3175 5835 3392 5836 3392 5836 3175 5835 3176 5837 3392 5836 3176 5837 3391 5838 3391 5838 3176 5837 3390 5839 3390 5839 3176 5837 3177 5840 3390 5839 3177 5840 3389 5841 3389 5841 3177 5840 3178 5842 3389 5841 3178 5842 3388 5843 3388 5843 3178 5842 1933 5608 3388 5843 1933 5608 3387 5844 3387 5844 1933 5608 3386 5845 3386 5845 1933 5608 3385 5628 3178 5842 3179 5846 1933 5608 1933 5608 3179 5846 3180 5847 1933 5608 3180 5847 3181 5848 3182 5849 3221 5850 3181 5848 3181 5848 3221 5850 3222 5851 3181 5848 3222 5851 1933 5608 1933 5608 3222 5851 3223 5852 1933 5608 3223 5852 3200 5853 3183 5854 3218 5855 3182 5849 3182 5849 3218 5855 3219 5856 3182 5849 3219 5856 3220 5857 3184 5858 3215 5859 3183 5854 3183 5854 3215 5859 3216 5860 3183 5854 3216 5860 3217 5861 3215 5859 3184 5858 3214 5862 3214 5862 3184 5858 3185 5863 3214 5862 3185 5863 3213 5864 3213 5864 3185 5863 3186 5865 3213 5864 3186 5865 3212 5866 3212 5866 3186 5865 3187 5867 3212 5866 3187 5867 3211 5868 3211 5868 3187 5867 3188 5869 3211 5868 3188 5869 3210 5870 3210 5870 3188 5869 3189 5871 3210 5870 3189 5871 3209 5872 3209 5872 3189 5871 3208 5873 3208 5873 3189 5871 3190 5874 3208 5873 3190 5874 3207 5624 3207 5624 3190 5874 3191 5622 3200 5853 3201 5613 1933 5608 3217 5861 3218 5855 3183 5854 3220 5857 3221 5850 3182 5849 3225 5760 3226 5875 3359 5758 3359 5758 3226 5875 3358 5876 3358 5876 3226 5875 3227 5877 3358 5876 3227 5877 3228 5878 3228 5878 3229 5879 3358 5876 3358 5876 3229 5879 3357 5880 3357 5880 3229 5879 3230 5881 3357 5880 3230 5881 3231 5882 3357 5880 3231 5882 3356 5883 3356 5883 3231 5882 3232 5884 3356 5883 3232 5884 3233 5885 3233 5885 3234 5886 3356 5883 3356 5883 3234 5886 3355 5779 3355 5779 3234 5886 3235 5777 3249 5887 3395 5888 3248 5889 3248 5889 3395 5888 3344 5890 3248 5889 3344 5890 3345 5891 3395 5888 3249 5887 3394 5834 3394 5834 3249 5887 3250 5832 3346 5795 3271 5797 3345 5891 3345 5891 3271 5797 3248 5889 3277 5719 3278 5713 3127 5712 3280 5715 3281 5700 3126 5699 3285 5708 3286 5741 3139 5710 3322 5686 3323 5680 3121 5679 3325 5682 3326 5677 3120 5676 3329 5675 3330 5892 1939 5625 1939 5625 3330 5892 3331 5893 1939 5625 3331 5893 3380 5894 3380 5894 3331 5893 3332 5895 3380 5894 3332 5895 3379 5896 3379 5896 3332 5895 3378 5897 3378 5897 3332 5895 3333 5898 3378 5897 3333 5898 3377 5899 3377 5899 3333 5898 3376 5900 3376 5900 3333 5898 3334 5901 3376 5900 3334 5901 3375 5902 3375 5902 3334 5901 3335 5903 3375 5902 3335 5903 3374 5904 3374 5904 3335 5903 3336 5697 3374 5904 3336 5697 3373 5696 3337 5698 3338 5692 3124 5691 3340 5694 3341 5688 3123 5687 3343 5690 3320 5684 3122 5683 3380 5894 3381 5905 1939 5625 1939 5625 3381 5905 3382 5906 1939 5625 3382 5906 3383 5626 3407 5907 3183 5908 3406 5909 3406 5909 3183 5908 3182 5910 3406 5909 3182 5910 3405 5911 3405 5911 3182 5910 3181 5912 3405 5911 3181 5912 3404 5913 3404 5913 3181 5912 3180 5914 3404 5913 3180 5914 3403 5915 3403 5915 3180 5914 3179 5916 3403 5915 3179 5916 3402 5917 3402 5917 3179 5916 3178 5918 3402 5917 3178 5918 3401 5919 3401 5919 3178 5918 3177 5920 3401 5919 3177 5920 3400 5921 3400 5921 3177 5920 3176 5922 3400 5921 3176 5922 3399 5923 3399 5923 3176 5922 3175 5924 3399 5923 3175 5924 3398 5925 3398 5925 3175 5924 3174 5926 3398 5925 3174 5926 3397 5927 3397 5927 3174 5926 3173 5928 3397 5927 3173 5928 3396 5929 3396 5929 3173 5928 3172 5930 3396 5931 3172 5932 3452 5933 3452 5933 3172 5932 3171 5934 3452 5933 3171 5934 3451 5935 3451 5935 3171 5934 3170 5936 3451 5935 3170 5936 3450 5937 3450 5937 3170 5936 3169 5938 3450 5937 3169 5938 3449 5939 3449 5939 3169 5938 3168 5940 3449 5939 3168 5940 3448 5941 3448 5941 3168 5940 3167 5942 3448 5941 3167 5942 3447 5943 3447 5943 3167 5942 3166 5944 3447 5943 3166 5944 3446 5945 3446 5945 3166 5944 3165 5946 3446 5945 3165 5946 3445 5947 3445 5947 3165 5946 3164 5948 3445 5947 3164 5948 3444 5949 3444 5949 3164 5948 3163 5950 3444 5949 3163 5950 3443 5951 3443 5951 3163 5950 3162 5952 3443 5951 3162 5952 3442 5953 3442 5953 3162 5952 3161 5954 3442 5953 3161 5954 3441 5955 3441 5955 3161 5954 3160 5956 3441 5955 3160 5956 3440 5957 3440 5957 3160 5956 3159 5958 3440 5957 3159 5958 3439 5959 3439 5959 3159 5958 3158 5960 3439 5959 3158 5960 3438 5961 3438 5961 3158 5960 3157 5962 3438 5961 3157 5962 3437 5963 3437 5963 3157 5962 3156 5964 3437 5963 3156 5964 3436 5965 3436 5965 3156 5964 3155 5966 3436 5965 3155 5966 3435 5967 3435 5967 3155 5966 3154 5968 3435 5967 3154 5968 3434 5969 3434 5969 3154 5968 3153 5970 3434 5969 3153 5970 3433 5971 3433 5971 3153 5970 3152 5972 3433 5971 3152 5972 3432 5973 3432 5973 3152 5972 3151 5974 3432 5973 3151 5974 3431 5975 3431 5975 3151 5974 3150 5976 3431 5975 3150 5976 3430 5977 3430 5977 3150 5976 3149 5978 3430 5977 3149 5978 3429 5979 3429 5979 3149 5978 3148 5980 3429 5979 3148 5980 3428 5981 3428 5981 3148 5980 3147 5982 3428 5981 3147 5982 3427 5983 3427 5983 3147 5982 3146 5984 3427 5983 3146 5984 3426 5985 3426 5985 3146 5984 3145 5986 3426 5985 3145 5986 3425 5987 3425 5987 3145 5986 3144 5988 3425 5987 3144 5988 3424 5989 3424 5989 3144 5988 3143 5990 3424 5989 3143 5990 3423 5991 3423 5991 3143 5990 3142 5992 3423 5991 3142 5992 3422 5993 3422 5993 3142 5992 3141 5994 3422 5993 3141 5994 3421 5995 3421 5995 3141 5994 3140 5996 3421 5995 3140 5996 3420 5997 3420 5997 3140 5996 3139 5998 3420 5997 3139 5998 3419 5999 3419 5999 3139 5998 3138 6000 3419 5999 3138 6000 3418 6001 3418 6001 3138 6000 3137 6002 3418 6001 3137 6002 3417 6003 3417 6003 3137 6002 3136 6004 3417 6003 3136 6004 3416 6005 3416 6005 3136 6004 3135 6006 3416 6005 3135 6006 3415 6007 3415 6007 3135 6006 3134 6008 3415 6007 3134 6008 3414 6009 3414 6009 3134 6008 3133 6010 3414 6009 3133 6010 3413 6011 3413 6011 3133 6010 3132 6012 3413 6011 3132 6012 3412 6013 3412 6013 3132 6012 3131 6014 3412 6013 3131 6014 3411 6015 3411 6015 3131 6014 3130 6016 3411 6015 3130 6016 3410 6017 3410 6017 3130 6016 3129 6018 3410 6017 3129 6018 3409 6019 3409 6019 3129 6018 3128 6020 3409 6019 3128 6020 3408 6021 3408 6021 3128 6020 3127 6022 3408 6023 3127 6024 3463 6025 3463 6025 3127 6024 3126 6026 3463 6025 3126 6026 3462 6027 3462 6027 3126 6026 3125 6028 3462 6027 3125 6028 3461 6029 3461 6029 3125 6028 3124 6030 3461 6029 3124 6030 3460 6031 3460 6031 3124 6030 3123 6032 3460 6031 3123 6032 3459 6033 3459 6033 3123 6032 3122 6034 3459 6033 3122 6034 3458 6035 3458 6035 3122 6034 3121 6036 3458 6035 3121 6036 3457 6037 3457 6037 3121 6036 3120 6038 3457 6037 3120 6038 3456 6039 3456 6039 3120 6038 3119 6040 3456 6039 3119 6040 3455 6041 3455 6041 3119 6040 3118 6042 3455 6041 3118 6042 3454 6043 3454 6043 3118 6042 3117 6044 3454 6043 3117 6044 3453 6045 3453 6045 3117 6044 3116 6046 3465 6047 3511 6048 3464 6049 3464 6049 3511 6048 3488 6050 3464 6049 3488 6050 3487 6051 3487 6051 3488 6050 3489 6052 3487 6051 3489 6052 3486 6053 3486 6053 3489 6052 3490 6054 3486 6053 3490 6054 3485 6055 3485 6055 3490 6054 3491 6056 3485 6055 3491 6056 3484 6057 3484 6057 3491 6056 3492 6058 3484 6057 3492 6058 3483 6059 3483 6059 3492 6058 3493 6060 3483 6059 3493 6060 3482 6061 3482 6061 3493 6060 3494 6062 3482 6061 3494 6062 3481 6063 3481 6063 3494 6062 3495 6064 3481 6063 3495 6064 3480 6065 3480 6065 3495 6064 3496 6066 3480 6065 3496 6066 3479 6067 3479 6067 3496 6066 3497 6068 3479 6067 3497 6068 3478 6069 3478 6069 3497 6068 3498 6070 3478 6069 3498 6070 3477 6071 3477 6071 3498 6070 3499 6072 3477 6071 3499 6072 3476 6073 3476 6073 3499 6072 3500 6074 3476 6073 3500 6074 3475 6075 3475 6075 3500 6074 3501 6076 3475 6075 3501 6076 3474 6077 3474 6077 3501 6076 3502 6078 3474 6077 3502 6078 3473 6079 3473 6079 3502 6078 3503 6080 3473 6079 3503 6080 3472 6081 3472 6081 3503 6080 3504 6082 3472 6081 3504 6082 3471 6083 3471 6083 3504 6082 3505 6084 3471 6083 3505 6084 3470 6085 3470 6085 3505 6084 3506 6086 3470 6085 3506 6086 3469 6087 3469 6087 3506 6086 3507 6088 3469 6087 3507 6088 3468 6089 3468 6089 3507 6088 3508 6090 3468 6089 3508 6090 3467 6091 3467 6091 3508 6090 3509 6092 3467 6091 3509 6092 3466 6093 3466 6093 3509 6092 3510 6094 3466 6093 3510 6094 3465 6047 3465 6047 3510 6094 3511 6048 3513 6095 3225 6096 3512 6097 3512 6097 3225 6096 3224 6098 3512 6097 3224 6098 3535 6099 3535 6099 3224 6098 3247 6100 3535 6099 3247 6100 3534 6101 3534 6101 3247 6100 3246 6102 3534 6101 3246 6102 3533 6103 3533 6103 3246 6102 3245 6104 3533 6103 3245 6104 3532 6105 3532 6105 3245 6104 3244 6106 3532 6105 3244 6106 3531 6107 3531 6107 3244 6106 3243 6108 3531 6107 3243 6108 3530 6109 3530 6109 3243 6108 3242 6110 3530 6109 3242 6110 3529 6111 3529 6111 3242 6110 3241 6112 3529 6111 3241 6112 3528 6113 3528 6113 3241 6112 3240 6114 3528 6113 3240 6114 3527 6115 3527 6115 3240 6114 3239 6116 3527 6115 3239 6116 3526 6117 3526 6117 3239 6116 3238 6118 3526 6117 3238 6118 3525 6119 3525 6119 3238 6118 3237 6120 3525 6119 3237 6120 3524 6121 3524 6121 3237 6120 3236 6122 3524 6121 3236 6122 3523 6123 3523 6123 3236 6122 3235 6124 3523 6123 3235 6124 3522 6125 3522 6125 3235 6124 3234 6126 3522 6125 3234 6126 3521 6127 3521 6127 3234 6126 3233 6128 3521 6127 3233 6128 3520 6129 3520 6129 3233 6128 3232 6130 3520 6129 3232 6130 3519 6131 3519 6131 3232 6130 3231 6132 3519 6131 3231 6132 3518 6133 3518 6133 3231 6132 3230 6134 3518 6133 3230 6134 3517 6135 3517 6135 3230 6134 3229 6136 3517 6135 3229 6136 3516 6137 3516 6137 3229 6136 3228 6138 3516 6137 3228 6138 3515 6139 3515 6139 3228 6138 3227 6140 3515 6139 3227 6140 3514 6141 3514 6141 3227 6140 3226 6142 3514 6141 3226 6142 3513 6095 3513 6095 3226 6142 3225 6096 3537 6143 3249 6144 3536 6145 3536 6145 3249 6144 3248 6146 3536 6145 3248 6146 3559 6147 3559 6147 3248 6146 3271 6148 3559 6147 3271 6148 3558 6149 3558 6149 3271 6148 3270 6150 3558 6149 3270 6150 3557 6151 3557 6151 3270 6150 3269 6152 3557 6151 3269 6152 3556 6153 3556 6153 3269 6152 3268 6154 3556 6153 3268 6154 3555 6155 3555 6155 3268 6154 3267 6156 3555 6155 3267 6156 3554 6157 3554 6157 3267 6156 3266 6158 3554 6157 3266 6158 3553 6159 3553 6159 3266 6158 3265 6160 3553 6159 3265 6160 3552 6161 3552 6161 3265 6160 3264 6162 3552 6161 3264 6162 3551 6163 3551 6163 3264 6162 3263 6164 3551 6163 3263 6164 3550 6165 3550 6165 3263 6164 3262 6166 3550 6165 3262 6166 3549 6167 3549 6167 3262 6166 3261 6168 3549 6167 3261 6168 3548 6169 3548 6169 3261 6168 3260 6170 3548 6169 3260 6170 3547 6171 3547 6171 3260 6170 3259 6172 3547 6171 3259 6172 3546 6173 3546 6173 3259 6172 3258 6174 3546 6173 3258 6174 3545 6175 3545 6175 3258 6174 3257 6176 3545 6175 3257 6176 3544 6177 3544 6177 3257 6176 3256 6178 3544 6177 3256 6178 3543 6179 3543 6179 3256 6178 3255 6180 3543 6179 3255 6180 3542 6181 3542 6181 3255 6180 3254 6182 3542 6181 3254 6182 3541 6183 3541 6183 3254 6182 3253 6184 3541 6183 3253 6184 3540 6185 3540 6185 3253 6184 3252 6186 3540 6185 3252 6186 3539 6187 3539 6187 3252 6186 3251 6188 3539 6187 3251 6188 3538 6189 3538 6189 3251 6188 3250 6190 3538 6189 3250 6190 3537 6143 3537 6143 3250 6190 3249 6144 3561 6191 3273 6192 3560 6193 3560 6193 3273 6192 3272 6194 3560 6193 3272 6194 3583 6195 3583 6195 3272 6194 3295 6196 3583 6195 3295 6196 3582 6197 3582 6197 3295 6196 3294 6198 3582 6197 3294 6198 3581 6199 3581 6199 3294 6198 3293 6200 3581 6199 3293 6200 3580 6201 3580 6201 3293 6200 3292 6202 3580 6201 3292 6202 3579 6203 3579 6203 3292 6202 3291 6204 3579 6203 3291 6204 3578 6205 3578 6205 3291 6204 3290 6206 3578 6205 3290 6206 3577 6207 3577 6207 3290 6206 3289 6208 3577 6207 3289 6208 3576 6209 3576 6209 3289 6208 3288 6210 3576 6209 3288 6210 3575 6211 3575 6211 3288 6210 3287 6212 3575 6211 3287 6212 3574 6213 3574 6213 3287 6212 3286 6214 3574 6213 3286 6214 3573 6215 3573 6215 3286 6214 3285 6216 3573 6215 3285 6216 3572 6217 3572 6217 3285 6216 3284 6218 3572 6217 3284 6218 3571 6219 3571 6219 3284 6218 3283 6220 3571 6219 3283 6220 3570 6221 3570 6221 3283 6220 3282 6222 3570 6221 3282 6222 3569 6223 3569 6223 3282 6222 3281 6224 3569 6223 3281 6224 3568 6225 3568 6225 3281 6224 3280 6226 3568 6225 3280 6226 3567 6227 3567 6227 3280 6226 3279 6228 3567 6227 3279 6228 3566 6229 3566 6229 3279 6228 3278 6230 3566 6229 3278 6230 3565 6231 3565 6231 3278 6230 3277 6232 3565 6231 3277 6232 3564 6233 3564 6233 3277 6232 3276 6234 3564 6233 3276 6234 3563 6235 3563 6235 3276 6234 3275 6236 3563 6235 3275 6236 3562 6237 3562 6237 3275 6236 3274 6238 3562 6237 3274 6238 3561 6191 3561 6191 3274 6238 3273 6192 3585 6239 3297 6240 3584 6241 3584 6241 3297 6240 3296 6242 3584 6241 3296 6242 3607 6243 3607 6243 3296 6242 3319 6244 3607 6243 3319 6244 3606 6245 3606 6245 3319 6244 3318 6246 3606 6245 3318 6246 3605 6247 3605 6247 3318 6246 3317 6248 3605 6247 3317 6248 3604 6249 3604 6249 3317 6248 3316 6250 3604 6249 3316 6250 3603 6251 3603 6251 3316 6250 3315 6252 3603 6251 3315 6252 3602 6253 3602 6253 3315 6252 3314 6254 3602 6253 3314 6254 3601 6255 3601 6255 3314 6254 3313 6256 3601 6255 3313 6256 3600 6257 3600 6257 3313 6256 3312 6258 3600 6257 3312 6258 3599 6259 3599 6259 3312 6258 3311 6260 3599 6259 3311 6260 3598 6261 3598 6261 3311 6260 3310 6262 3598 6261 3310 6262 3597 6263 3597 6263 3310 6262 3309 6264 3597 6263 3309 6264 3596 6265 3596 6265 3309 6264 3308 6266 3596 6265 3308 6266 3595 6267 3595 6267 3308 6266 3307 6268 3595 6267 3307 6268 3594 6269 3594 6269 3307 6268 3306 6270 3594 6269 3306 6270 3593 6271 3593 6271 3306 6270 3305 6272 3593 6271 3305 6272 3592 6273 3592 6273 3305 6272 3304 6274 3592 6273 3304 6274 3591 6275 3591 6275 3304 6274 3303 6276 3591 6275 3303 6276 3590 6277 3590 6277 3303 6276 3302 6278 3590 6277 3302 6278 3589 6279 3589 6279 3302 6278 3301 6280 3589 6279 3301 6280 3588 6281 3588 6281 3301 6280 3300 6282 3588 6281 3300 6282 3587 6283 3587 6283 3300 6282 3299 6284 3587 6283 3299 6284 3586 6285 3586 6285 3299 6284 3298 6286 3586 6285 3298 6286 3585 6239 3585 6239 3298 6286 3297 6240 3609 6287 3321 6288 3608 6289 3608 6289 3321 6288 3320 6290 3608 6289 3320 6290 3631 6291 3631 6291 3320 6290 3343 6292 3631 6291 3343 6292 3630 6293 3630 6293 3343 6292 3342 6294 3630 6293 3342 6294 3629 6295 3629 6295 3342 6294 3341 6296 3629 6295 3341 6296 3628 6297 3628 6297 3341 6296 3340 6298 3628 6297 3340 6298 3627 6299 3627 6299 3340 6298 3339 6300 3627 6299 3339 6300 3626 6301 3626 6301 3339 6300 3338 6302 3626 6301 3338 6302 3625 6303 3625 6303 3338 6302 3337 6304 3625 6303 3337 6304 3624 6305 3624 6305 3337 6304 3336 6306 3624 6305 3336 6306 3623 6307 3623 6307 3336 6306 3335 6308 3623 6307 3335 6308 3622 6309 3622 6309 3335 6308 3334 6310 3622 6309 3334 6310 3621 6311 3621 6311 3334 6310 3333 6312 3621 6311 3333 6312 3620 6313 3620 6313 3333 6312 3332 6314 3620 6313 3332 6314 3619 6315 3619 6315 3332 6314 3331 6316 3619 6315 3331 6316 3618 6317 3618 6317 3331 6316 3330 6318 3618 6317 3330 6318 3617 6319 3617 6319 3330 6318 3329 6320 3617 6319 3329 6320 3616 6321 3616 6321 3329 6320 3328 6322 3616 6321 3328 6322 3615 6323 3615 6323 3328 6322 3327 6324 3615 6323 3327 6324 3614 6325 3614 6325 3327 6324 3326 6326 3614 6325 3326 6326 3613 6327 3613 6327 3326 6326 3325 6328 3613 6327 3325 6328 3612 6329 3612 6329 3325 6328 3324 6330 3612 6329 3324 6330 3611 6331 3611 6331 3324 6330 3323 6332 3611 6331 3323 6332 3610 6333 3610 6333 3323 6332 3322 6334 3610 6333 3322 6334 3609 6287 3609 6287 3322 6334 3321 6288 3199 6335 3647 6336 1934 6337 1934 6337 3647 6336 3648 6338 1934 6337 3648 6338 2758 6339 2758 6339 3648 6338 3649 6340 2758 6339 3649 6340 2759 6341 2759 6341 3649 6340 3650 6342 2759 6341 3650 6342 2760 6343 2760 6343 3650 6342 3651 6344 2760 6343 3651 6344 2761 6345 2761 6345 3651 6344 3652 6346 2761 6345 3652 6346 2762 6347 2762 6347 3652 6346 3653 6348 2762 6347 3653 6348 2763 6349 2763 6349 3653 6348 3654 6350 2763 6349 3654 6350 2764 6351 2764 6351 3654 6350 3655 6352 2764 6351 3655 6352 2765 6353 2765 6353 3655 6352 3656 6354 2765 6353 3656 6354 2766 6355 2766 6355 3656 6354 3657 6356 2766 6355 3657 6356 2767 6357 2767 6357 3657 6356 3658 6358 2767 6357 3658 6358 2768 6359 2768 6359 3658 6358 3659 6360 2768 6359 3659 6360 1938 6361 1938 6361 3659 6360 3660 6362 1938 6361 3660 6362 3100 6363 3100 6363 3660 6362 3661 6364 3100 6363 3661 6364 3101 6365 3101 6365 3661 6364 3662 6366 3101 6365 3662 6366 3102 6367 3102 6367 3662 6366 3663 6368 3102 6367 3663 6368 3103 6369 3103 6369 3663 6368 3664 6370 3103 6369 3664 6370 3104 6371 3104 6371 3664 6370 3665 6372 3104 6371 3665 6372 3105 6373 3105 6373 3665 6372 3666 6374 3105 6373 3666 6374 3106 6375 3106 6375 3666 6374 3667 6376 3106 6375 3667 6376 3107 6377 3107 6377 3667 6376 3668 6378 3107 6377 3668 6378 3108 6379 3108 6379 3668 6378 3669 6380 3108 6379 3669 6380 3109 6381 3109 6381 3669 6380 3670 6382 3109 6381 3670 6382 3110 6383 3110 6383 3670 6382 3671 6384 3110 6383 3671 6384 3111 6385 3111 6385 3671 6384 3672 6386 3111 6385 3672 6386 3112 6387 3112 6387 3672 6386 3673 6388 3112 6387 3673 6388 3113 6389 3113 6389 3673 6388 3674 6390 3113 6389 3674 6390 3114 6391 3114 6391 3674 6390 3675 6392 3114 6391 3675 6392 3115 6393 3115 6393 3675 6392 3453 6394 3115 6393 3453 6394 3116 6395 3647 6336 3199 6335 3646 6396 3646 6396 3199 6335 3198 6397 3646 6396 3198 6397 3645 6398 3645 6398 3198 6397 3197 6399 3645 6398 3197 6399 3644 6400 3644 6400 3197 6399 3196 6401 3644 6400 3196 6401 3643 6402 3643 6402 3196 6401 3195 6403 3643 6402 3195 6403 3642 6404 3642 6404 3195 6403 3194 6405 3642 6404 3194 6405 3641 6406 3641 6406 3194 6405 3193 6407 3641 6406 3193 6407 3640 6408 3640 6408 3193 6407 3192 6409 3640 6408 3192 6409 3639 6410 3639 6410 3192 6409 3191 6411 3639 6410 3191 6411 3638 6412 3638 6412 3191 6411 3190 6413 3638 6412 3190 6413 3637 6414 3637 6414 3190 6413 3189 6415 3637 6414 3189 6415 3636 6416 3636 6416 3189 6415 3188 6417 3636 6416 3188 6417 3635 6418 3635 6418 3188 6417 3187 6419 3635 6418 3187 6419 3634 6420 3634 6420 3187 6419 3186 6421 3634 6420 3186 6421 3633 6422 3633 6422 3186 6421 3185 6423 3633 6422 3185 6423 3632 6424 3632 6424 3185 6423 3184 6425 3632 6424 3184 6425 3407 6426 3407 6426 3184 6425 3183 6427 3677 6428 3201 6429 3676 6430 3676 6430 3201 6429 3200 6431 3676 6430 3200 6431 3699 6432 3699 6432 3200 6431 3223 6433 3699 6432 3223 6433 3698 6434 3698 6434 3223 6433 3222 6435 3698 6434 3222 6435 3697 6436 3697 6436 3222 6435 3221 6437 3697 6436 3221 6437 3696 6438 3696 6438 3221 6437 3220 6439 3696 6438 3220 6439 3695 6440 3695 6440 3220 6439 3219 6441 3695 6440 3219 6441 3694 6442 3694 6442 3219 6441 3218 6443 3694 6442 3218 6443 3693 6444 3693 6444 3218 6443 3217 6445 3693 6444 3217 6445 3692 6446 3692 6446 3217 6445 3216 6447 3692 6446 3216 6447 3691 6448 3691 6448 3216 6447 3215 6449 3691 6448 3215 6449 3690 6450 3690 6450 3215 6449 3214 6451 3690 6450 3214 6451 3689 6452 3689 6452 3214 6451 3213 6453 3689 6452 3213 6453 3688 6454 3688 6454 3213 6453 3212 6455 3688 6454 3212 6455 3687 6456 3687 6456 3212 6455 3211 6457 3687 6456 3211 6457 3686 6458 3686 6458 3211 6457 3210 6459 3686 6458 3210 6459 3685 6460 3685 6460 3210 6459 3209 6461 3685 6460 3209 6461 3684 6462 3684 6462 3209 6461 3208 6463 3684 6462 3208 6463 3683 6464 3683 6464 3208 6463 3207 6465 3683 6464 3207 6465 3682 6466 3682 6466 3207 6465 3206 6467 3682 6466 3206 6467 3681 6468 3681 6468 3206 6467 3205 6469 3681 6468 3205 6469 3680 6470 3680 6470 3205 6469 3204 6471 3680 6470 3204 6471 3679 6472 3679 6472 3204 6471 3203 6473 3679 6472 3203 6473 3678 6474 3678 6474 3203 6473 3202 6475 3678 6474 3202 6475 3677 6428 3677 6428 3202 6475 3201 6429 3406 6476 3694 6477 3407 6478 3407 6478 3694 6477 3693 6479 3407 6478 3693 6479 3692 6480 3405 6481 3797 6482 3406 6476 3406 6476 3797 6482 3700 6483 3406 6476 3700 6483 3696 6484 3696 6484 3700 6483 3701 6485 3696 6484 3701 6485 3697 6486 3697 6486 3701 6485 3698 6487 3698 6487 3701 6485 3702 6488 3698 6487 3702 6488 3699 6489 3699 6489 3702 6488 3676 6490 3676 6490 3702 6488 3703 6491 3676 6490 3703 6491 3677 6492 3677 6492 3703 6491 3704 6493 3677 6492 3704 6493 3678 6494 3678 6494 3704 6493 3679 6495 3679 6495 3704 6493 3705 6496 3679 6495 3705 6496 3680 6497 3680 6497 3705 6496 3640 6498 3680 6497 3640 6498 3681 6499 3681 6499 3640 6498 3639 6500 3681 6499 3639 6500 3682 6501 3682 6501 3639 6500 3683 6502 3683 6502 3639 6500 3638 6503 3683 6502 3638 6503 3684 6504 3684 6504 3638 6503 3637 6505 3684 6504 3637 6505 3685 6506 3685 6506 3637 6505 3636 6507 3685 6506 3636 6507 3686 6508 3686 6508 3636 6507 3687 6509 3687 6509 3636 6507 3635 6510 3687 6509 3635 6510 3688 6511 3688 6511 3635 6510 3634 6512 3688 6511 3634 6512 3689 6513 3689 6513 3634 6512 3633 6514 3689 6513 3633 6514 3690 6515 3690 6515 3633 6514 3632 6516 3690 6515 3632 6516 3691 6517 3691 6517 3632 6516 3407 6478 3691 6517 3407 6478 3692 6480 3797 6482 3405 6481 3796 6518 3796 6518 3405 6481 3404 6519 3796 6518 3404 6519 3795 6520 3795 6520 3404 6519 3403 6521 3795 6520 3403 6521 3794 6522 3794 6522 3403 6521 3402 6523 3794 6522 3402 6523 3793 6524 3793 6524 3402 6523 3401 6525 3793 6524 3401 6525 3792 6526 3792 6526 3401 6525 3791 6527 3791 6527 3401 6525 3400 6528 3791 6527 3400 6528 3790 6529 3790 6529 3400 6528 3399 6530 3790 6529 3399 6530 3789 6531 3789 6531 3399 6530 3398 6532 3789 6531 3398 6532 3788 6533 3788 6533 3398 6532 3397 6534 3788 6533 3397 6534 3787 6535 3787 6535 3397 6534 3540 6536 3787 6535 3540 6536 3786 6537 3786 6537 3540 6536 3539 6538 3786 6537 3539 6538 3538 6539 3396 6540 3542 6541 3397 6534 3397 6534 3542 6541 3541 6542 3397 6534 3541 6542 3540 6536 3452 6543 3545 6544 3396 6540 3396 6540 3545 6544 3544 6545 3396 6540 3544 6545 3543 6546 3545 6544 3452 6543 3546 6547 3546 6547 3452 6543 3451 6548 3546 6547 3451 6548 3547 6549 3547 6549 3451 6548 3450 6550 3547 6549 3450 6550 3548 6551 3548 6551 3450 6550 3449 6552 3548 6551 3449 6552 3549 6553 3549 6553 3449 6552 3448 6554 3549 6553 3448 6554 3550 6555 3550 6555 3448 6554 3551 6556 3551 6556 3448 6554 3447 6557 3551 6556 3447 6557 3552 6558 3552 6558 3447 6557 3446 6559 3552 6558 3446 6559 3553 6560 3553 6560 3446 6559 3445 6561 3553 6560 3445 6561 3554 6562 3554 6562 3445 6561 3555 6563 3555 6563 3445 6561 3444 6564 3555 6563 3444 6564 3556 6565 3556 6565 3444 6564 3782 6566 3556 6565 3782 6566 3557 6567 3557 6567 3782 6566 3783 6568 3557 6567 3783 6568 3558 6569 3558 6569 3783 6568 3559 6570 3559 6570 3783 6568 3784 6571 3559 6570 3784 6571 3536 6572 3536 6572 3784 6571 3785 6573 3536 6572 3785 6573 3537 6574 3537 6574 3785 6573 3538 6539 3538 6539 3785 6573 3786 6537 3444 6564 3443 6575 3782 6566 3782 6566 3443 6575 3781 6576 3781 6576 3443 6575 3442 6577 3781 6576 3442 6577 3780 6578 3780 6578 3442 6577 3441 6579 3780 6578 3441 6579 3779 6580 3779 6580 3441 6579 3440 6581 3779 6580 3440 6581 3778 6582 3778 6582 3440 6581 3439 6583 3778 6582 3439 6583 3777 6584 3777 6584 3439 6583 3438 6585 3777 6584 3438 6585 3776 6586 3776 6586 3438 6585 3437 6587 3776 6586 3437 6587 3775 6588 3775 6588 3437 6587 3436 6589 3775 6588 3436 6589 3774 6590 3774 6590 3436 6589 3773 6591 3773 6591 3436 6589 3435 6592 3773 6591 3435 6592 3772 6593 3772 6593 3435 6592 3434 6594 3772 6593 3434 6594 3771 6595 3771 6595 3434 6594 3433 6596 3771 6595 3433 6596 3770 6597 3770 6597 3433 6596 3432 6598 3770 6597 3432 6598 3524 6599 3524 6599 3432 6598 3525 6600 3525 6600 3432 6598 3526 6601 3526 6601 3432 6598 3431 6602 3526 6601 3431 6602 3527 6603 3527 6603 3431 6602 3528 6604 3528 6604 3431 6602 3529 6605 3529 6605 3431 6602 3530 6606 3530 6606 3431 6602 3430 6607 3530 6606 3430 6607 3531 6608 3531 6608 3430 6607 3532 6609 3532 6609 3430 6607 3533 6610 3533 6610 3430 6607 3534 6611 3534 6611 3430 6607 3429 6612 3534 6611 3429 6612 3535 6613 3535 6613 3429 6612 3512 6614 3512 6614 3429 6612 3766 6615 3512 6614 3766 6615 3513 6616 3513 6616 3766 6615 3767 6617 3513 6616 3767 6617 3514 6618 3514 6618 3767 6617 3515 6619 3515 6619 3767 6617 3516 6620 3516 6620 3767 6617 3768 6621 3516 6620 3768 6621 3517 6622 3517 6622 3768 6621 3518 6623 3518 6623 3768 6621 3519 6624 3519 6624 3768 6621 3520 6625 3520 6625 3768 6621 3769 6626 3520 6625 3769 6626 3521 6627 3521 6627 3769 6626 3522 6628 3522 6628 3769 6626 3523 6629 3523 6629 3769 6626 3770 6597 3523 6629 3770 6597 3524 6599 3429 6612 3428 6630 3766 6615 3766 6615 3428 6630 3765 6631 3765 6631 3428 6630 3427 6632 3765 6631 3427 6632 3764 6633 3764 6633 3427 6632 3426 6634 3764 6633 3426 6634 3763 6635 3763 6635 3426 6634 3425 6636 3763 6635 3425 6636 3762 6637 3762 6637 3425 6636 3761 6638 3761 6638 3425 6636 3424 6639 3761 6638 3424 6639 3760 6640 3760 6640 3424 6639 3423 6641 3760 6640 3423 6641 3759 6642 3759 6642 3423 6641 3422 6643 3759 6642 3422 6643 3758 6644 3758 6644 3422 6643 3421 6645 3758 6644 3421 6645 3757 6646 3757 6646 3421 6645 3420 6647 3757 6646 3420 6647 3756 6648 3756 6648 3420 6647 3419 6649 3756 6648 3419 6649 3755 6650 3755 6650 3419 6649 3418 6651 3755 6650 3418 6651 3754 6652 3754 6652 3418 6651 3417 6653 3754 6652 3417 6653 3576 6654 3576 6654 3417 6653 3577 6655 3577 6655 3417 6653 3416 6656 3577 6655 3416 6656 3578 6657 3578 6657 3416 6656 3579 6658 3579 6658 3416 6656 3415 6659 3579 6658 3415 6659 3580 6660 3580 6660 3415 6659 3414 6661 3580 6660 3414 6661 3581 6662 3581 6662 3414 6661 3413 6663 3581 6662 3413 6663 3582 6664 3582 6664 3413 6663 3583 6665 3583 6665 3413 6663 3412 6666 3583 6665 3412 6666 3560 6667 3560 6667 3412 6666 3411 6668 3560 6667 3411 6668 3561 6669 3561 6669 3411 6668 3410 6670 3561 6669 3410 6670 3562 6671 3562 6671 3410 6670 3409 6672 3562 6671 3409 6672 3563 6673 3563 6673 3409 6672 3408 6674 3563 6673 3408 6674 3564 6675 3564 6675 3408 6674 3565 6676 3565 6676 3408 6674 3566 6677 3566 6677 3408 6674 3463 6678 3566 6677 3463 6678 3567 6679 3567 6679 3463 6678 3568 6680 3568 6680 3463 6678 3749 6681 3568 6680 3749 6681 3750 6682 3749 6681 3463 6678 3748 6683 3748 6683 3463 6678 3462 6684 3748 6683 3462 6684 3747 6685 3747 6685 3462 6684 3461 6686 3747 6685 3461 6686 3746 6687 3746 6687 3461 6686 3460 6688 3746 6687 3460 6688 3626 6689 3626 6689 3460 6688 3627 6690 3627 6690 3460 6688 3628 6691 3628 6691 3460 6688 3629 6692 3629 6692 3460 6688 3459 6693 3629 6692 3459 6693 3630 6694 3630 6694 3459 6693 3631 6695 3631 6695 3459 6693 3608 6696 3608 6696 3459 6693 3458 6697 3608 6696 3458 6697 3609 6698 3609 6698 3458 6697 3610 6699 3610 6699 3458 6697 3611 6700 3611 6700 3458 6697 3457 6701 3611 6700 3457 6701 3612 6702 3612 6702 3457 6701 3613 6703 3613 6703 3457 6701 3614 6704 3614 6704 3457 6701 3741 6705 3614 6704 3741 6705 3742 6706 3457 6701 3456 6707 3741 6705 3741 6705 3456 6707 3740 6708 3740 6708 3456 6707 3455 6709 3740 6708 3455 6709 3739 6710 3739 6710 3455 6709 3454 6711 3739 6710 3454 6711 3738 6712 3738 6712 3454 6711 3600 6713 3738 6712 3600 6713 3737 6714 3737 6714 3600 6713 3599 6715 3737 6714 3599 6715 3598 6716 3453 6717 3602 6718 3454 6711 3454 6711 3602 6718 3601 6719 3454 6711 3601 6719 3600 6713 3675 6720 3605 6721 3453 6717 3453 6717 3605 6721 3604 6722 3453 6717 3604 6722 3603 6723 3605 6721 3675 6720 3606 6724 3606 6724 3675 6720 3674 6725 3606 6724 3674 6725 3607 6726 3607 6726 3674 6725 3673 6727 3607 6726 3673 6727 3584 6728 3584 6728 3673 6727 3672 6729 3584 6728 3672 6729 3585 6730 3585 6730 3672 6729 3671 6731 3585 6730 3671 6731 3586 6732 3586 6732 3671 6731 3587 6733 3587 6733 3671 6731 3670 6734 3587 6733 3670 6734 3588 6735 3588 6735 3670 6734 3669 6736 3588 6735 3669 6736 3589 6737 3589 6737 3669 6736 3668 6738 3589 6737 3668 6738 3590 6739 3590 6739 3668 6738 3591 6740 3591 6740 3668 6738 3667 6741 3591 6740 3667 6741 3592 6742 3592 6742 3667 6741 3733 6743 3592 6742 3733 6743 3593 6744 3593 6744 3733 6743 3734 6745 3593 6744 3734 6745 3594 6746 3594 6746 3734 6745 3595 6747 3595 6747 3734 6745 3735 6748 3595 6747 3735 6748 3596 6749 3596 6749 3735 6748 3736 6750 3596 6749 3736 6750 3597 6751 3597 6751 3736 6750 3598 6716 3598 6716 3736 6750 3737 6714 3667 6741 3666 6752 3733 6743 3733 6743 3666 6752 3732 6753 3732 6753 3666 6752 3665 6754 3732 6753 3665 6754 3731 6755 3731 6755 3665 6754 3664 6756 3731 6755 3664 6756 3730 6757 3730 6757 3664 6756 3663 6758 3730 6757 3663 6758 3729 6759 3729 6759 3663 6758 3662 6760 3729 6759 3662 6760 3728 6761 3728 6761 3662 6760 3661 6762 3728 6761 3661 6762 3727 6763 3727 6763 3661 6762 3660 6764 3727 6763 3660 6764 3726 6765 3726 6765 3660 6764 3659 6766 3726 6765 3659 6766 3725 6767 3725 6767 3659 6766 3724 6768 3724 6768 3659 6766 3658 6769 3724 6768 3658 6769 3723 6770 3723 6770 3658 6769 3657 6771 3723 6770 3657 6771 3722 6772 3722 6772 3657 6771 3656 6773 3722 6772 3656 6773 3721 6774 3721 6774 3656 6773 3655 6775 3721 6774 3655 6775 3464 6776 3464 6776 3655 6775 3465 6777 3465 6777 3655 6775 3466 6778 3466 6778 3655 6775 3654 6779 3466 6778 3654 6779 3467 6780 3467 6780 3654 6779 3468 6781 3468 6781 3654 6779 3469 6782 3469 6782 3654 6779 3470 6783 3470 6783 3654 6779 3653 6784 3470 6783 3653 6784 3471 6785 3471 6785 3653 6784 3472 6786 3472 6786 3653 6784 3473 6787 3473 6787 3653 6784 3474 6788 3474 6788 3653 6784 3652 6789 3474 6788 3652 6789 3475 6790 3475 6790 3652 6789 3476 6791 3476 6791 3652 6789 3717 6792 3476 6791 3717 6792 3477 6793 3477 6793 3717 6792 3718 6794 3477 6793 3718 6794 3478 6795 3478 6795 3718 6794 3479 6796 3479 6796 3718 6794 3480 6797 3480 6797 3718 6794 3719 6798 3480 6797 3719 6798 3481 6799 3481 6799 3719 6798 3482 6800 3482 6800 3719 6798 3483 6801 3483 6801 3719 6798 3484 6802 3484 6802 3719 6798 3720 6803 3484 6802 3720 6803 3485 6804 3485 6804 3720 6803 3486 6805 3486 6805 3720 6803 3487 6806 3487 6806 3720 6803 3721 6774 3487 6806 3721 6774 3464 6776 3652 6789 3651 6807 3717 6792 3717 6792 3651 6807 3716 6808 3716 6808 3651 6807 3650 6809 3716 6808 3650 6809 3715 6810 3715 6810 3650 6809 3649 6811 3715 6810 3649 6811 3714 6812 3714 6812 3649 6811 3648 6813 3714 6812 3648 6813 3713 6814 3713 6814 3648 6813 3712 6815 3712 6815 3648 6813 3647 6816 3712 6815 3647 6816 3711 6817 3711 6817 3647 6816 3646 6818 3711 6817 3646 6818 3710 6819 3710 6819 3646 6818 3645 6820 3710 6819 3645 6820 3709 6821 3709 6821 3645 6820 3644 6822 3709 6821 3644 6822 3708 6823 3708 6823 3644 6822 3643 6824 3708 6823 3643 6824 3707 6825 3707 6825 3643 6824 3642 6826 3707 6825 3642 6826 3706 6827 3706 6827 3642 6826 3641 6828 3706 6827 3641 6828 3705 6496 3705 6496 3641 6828 3640 6498 3746 6687 3626 6689 3745 6829 3745 6829 3626 6689 3625 6830 3745 6829 3625 6830 3624 6831 3624 6831 3623 6832 3745 6829 3745 6829 3623 6832 3744 6833 3744 6833 3623 6832 3622 6834 3744 6833 3622 6834 3621 6835 3621 6835 3620 6836 3744 6833 3744 6833 3620 6836 3743 6837 3743 6837 3620 6836 3619 6838 3743 6837 3619 6838 3618 6839 3618 6839 3617 6840 3743 6837 3743 6837 3617 6840 3742 6706 3742 6706 3617 6840 3616 6841 3742 6706 3616 6841 3615 6842 3615 6842 3614 6704 3742 6706 3603 6723 3602 6718 3453 6717 3576 6654 3575 6843 3754 6652 3754 6652 3575 6843 3753 6844 3753 6844 3575 6843 3574 6845 3753 6844 3574 6845 3573 6846 3753 6844 3573 6846 3752 6847 3752 6847 3573 6846 3572 6848 3752 6847 3572 6848 3751 6849 3751 6849 3572 6848 3571 6850 3751 6849 3571 6850 3570 6851 3751 6849 3570 6851 3750 6682 3750 6682 3570 6851 3569 6852 3750 6682 3569 6852 3568 6680 3543 6546 3542 6541 3396 6540 3696 6484 3695 6853 3406 6476 3406 6476 3695 6853 3694 6477 3488 6854 3511 6855 3489 6856 3489 6856 3511 6855 3490 6857 3490 6857 3511 6855 3510 6858 3490 6857 3510 6858 3491 6859 3491 6859 3510 6858 3509 6860 3491 6859 3509 6860 3492 6861 3492 6861 3509 6860 3508 6862 3492 6861 3508 6862 3493 6863 3493 6863 3508 6862 3507 6864 3493 6863 3507 6864 3494 6865 3494 6865 3507 6864 3506 6866 3494 6865 3506 6866 3495 6867 3495 6867 3506 6866 3505 6868 3495 6867 3505 6868 3496 6869 3496 6869 3505 6868 3504 6870 3496 6869 3504 6870 3497 6871 3497 6871 3504 6870 3503 6872 3497 6871 3503 6872 3498 6873 3498 6873 3503 6872 3502 6874 3498 6873 3502 6874 3499 6875 3499 6875 3502 6874 3501 6876 3499 6875 3501 6876 3500 6877 3798 6878 2224 6879 3809 6880 3809 6880 2224 6879 2321 6881 3809 6880 2321 6881 3808 6882 3808 6882 2321 6881 2320 6883 3808 6882 2320 6883 3807 6884 3807 6884 2320 6883 2319 6885 3807 6884 2319 6885 3806 6886 3806 6886 2319 6885 2318 6887 3806 6886 2318 6887 3805 6888 3805 6888 2318 6887 2317 6889 3805 6888 2317 6889 3804 6890 3804 6890 2317 6889 2316 6891 3804 6890 2316 6891 3803 6892 3803 6892 2316 6891 2315 6893 3803 6892 2315 6893 3802 6894 3802 6894 2315 6893 2314 6895 3802 6894 2314 6895 3801 6896 3801 6896 2314 6895 2313 6897 3801 6896 2313 6897 3800 6898 3800 6898 2313 6897 2312 6899 3800 6898 2312 6899 3799 6900 3799 6900 2312 6899 2311 6901 3847 6902 2262 6903 3846 6904 3846 6904 2262 6903 2261 6905 3846 6904 2261 6905 3845 6906 3845 6906 2261 6905 2260 6907 3845 6906 2260 6907 3844 6908 3844 6908 2260 6907 2259 6909 3844 6908 2259 6909 3843 6910 3843 6910 2259 6909 2258 6911 3843 6910 2258 6911 3842 6912 3842 6912 2258 6911 2257 6913 3842 6912 2257 6913 3841 6914 3841 6914 2257 6913 2256 6915 3841 6914 2256 6915 3840 6916 3840 6916 2256 6915 2255 6917 3840 6916 2255 6917 3839 6918 3839 6918 2255 6917 2254 6919 3839 6918 2254 6919 3838 6920 3838 6920 2254 6919 2253 6921 3838 6920 2253 6921 3837 6922 3837 6922 2253 6921 2252 6923 3837 6922 2252 6923 3836 6924 3836 6924 2252 6923 2251 6925 3836 6924 2251 6925 3835 6926 3835 6926 2251 6925 2250 6927 3835 6926 2250 6927 3834 6928 3834 6928 2250 6927 2249 6929 3834 6928 2249 6929 3833 6930 3833 6930 2249 6929 2248 6931 3833 6930 2248 6931 3832 6932 3832 6932 2248 6931 2247 6933 3832 6932 2247 6933 3831 6934 3831 6934 2247 6933 2246 6935 3831 6934 2246 6935 3830 6936 3830 6936 2246 6935 2245 6937 3830 6936 2245 6937 3829 6938 3829 6938 2245 6937 2244 6939 3829 6938 2244 6939 3828 6940 3828 6940 2244 6939 2243 6941 3828 6940 2243 6941 3827 6942 3827 6942 2243 6941 2242 6943 3827 6942 2242 6943 3826 6944 3826 6944 2242 6943 2241 6945 3826 6944 2241 6945 3825 6946 3825 6946 2241 6945 2240 6947 3825 6946 2240 6947 3824 6948 3824 6948 2240 6947 2239 6949 3824 6948 2239 6949 3823 6950 3823 6950 2239 6949 2238 6951 3823 6950 2238 6951 3822 6952 3822 6952 2238 6951 2237 6953 3822 6952 2237 6953 3821 6954 3821 6954 2237 6953 2236 6955 3821 6954 2236 6955 3820 6956 3820 6956 2236 6955 2235 6957 3820 6956 2235 6957 3819 6958 3819 6958 2235 6957 2234 6959 3819 6958 2234 6959 3818 6960 3818 6960 2234 6959 2233 6961 3818 6960 2233 6961 3817 6962 3817 6962 2233 6961 2232 6963 3817 6962 2232 6963 3816 6964 3816 6964 2232 6963 2231 6965 3816 6964 2231 6965 3815 6966 3815 6966 2231 6965 2230 6967 3815 6966 2230 6967 3814 6968 3814 6968 2230 6967 2229 6969 3814 6968 2229 6969 3813 6970 3813 6970 2229 6969 2228 6971 3813 6970 2228 6971 3812 6972 3812 6972 2228 6971 2227 6973 3812 6972 2227 6973 3811 6974 3811 6974 2227 6973 2226 6975 3811 6974 2226 6975 3810 6976 3810 6976 2226 6975 2225 6977 3810 6976 2225 6977 3798 6978 3798 6978 2225 6977 2224 6979 3858 6980 2273 6981 3857 6982 3857 6982 2273 6981 2272 6983 3857 6982 2272 6983 3856 6984 3856 6984 2272 6983 2271 6985 3856 6984 2271 6985 3855 6986 3855 6986 2271 6985 2270 6987 3855 6986 2270 6987 3854 6988 3854 6988 2270 6987 2269 6989 3854 6988 2269 6989 3853 6990 3853 6990 2269 6989 2268 6991 3853 6990 2268 6991 3852 6992 3852 6992 2268 6991 2267 6993 3852 6992 2267 6993 3851 6994 3851 6994 2267 6993 2266 6995 3851 6994 2266 6995 3850 6996 3850 6996 2266 6995 2265 6997 3850 6996 2265 6997 3849 6998 3849 6998 2265 6997 2264 6999 3849 6998 2264 6999 3848 7000 3848 7000 2264 6999 2263 7001 3848 7000 2263 7001 3847 7002 3847 7002 2263 7001 2262 7003 3799 7004 2311 7005 3895 7006 3895 7006 2311 7005 2310 7007 3895 7006 2310 7007 3894 7008 3894 7008 2310 7007 2309 7009 3894 7008 2309 7009 3893 7010 3893 7010 2309 7009 2308 7011 3893 7010 2308 7011 3892 7012 3892 7012 2308 7011 2307 7013 3892 7012 2307 7013 3891 7014 3891 7014 2307 7013 2306 7015 3891 7014 2306 7015 3890 7016 3890 7016 2306 7015 2305 7017 3890 7016 2305 7017 3889 7018 3889 7018 2305 7017 2304 7019 3889 7018 2304 7019 3888 7020 3888 7020 2304 7019 2303 7021 3888 7020 2303 7021 3887 7022 3887 7022 2303 7021 2302 7023 3887 7022 2302 7023 3886 7024 3886 7024 2302 7023 2301 7025 3886 7024 2301 7025 3885 7026 3885 7026 2301 7025 2300 7027 3885 7026 2300 7027 3884 7028 3884 7028 2300 7027 2299 7029 3884 7028 2299 7029 3883 7030 3883 7030 2299 7029 2298 7031 3883 7030 2298 7031 3882 7032 3882 7032 2298 7031 2297 7033 3882 7032 2297 7033 3881 7034 3881 7034 2297 7033 2296 7035 3881 7034 2296 7035 3880 7036 3880 7036 2296 7035 2295 7037 3880 7036 2295 7037 3879 7038 3879 7038 2295 7037 2294 7039 3879 7038 2294 7039 3878 7040 3878 7040 2294 7039 2293 7041 3878 7040 2293 7041 3877 7042 3877 7042 2293 7041 2292 7043 3877 7042 2292 7043 3876 7044 3876 7044 2292 7043 2291 7045 3876 7044 2291 7045 3875 7046 3875 7046 2291 7045 2290 7047 3875 7046 2290 7047 3874 7048 3874 7048 2290 7047 2289 7049 3874 7048 2289 7049 3873 7050 3873 7050 2289 7049 2288 7051 3873 7050 2288 7051 3872 7052 3872 7052 2288 7051 2287 7053 3872 7052 2287 7053 3871 7054 3871 7054 2287 7053 2286 7055 3871 7054 2286 7055 3870 7056 3870 7056 2286 7055 2285 7057 3870 7056 2285 7057 3869 7058 3869 7058 2285 7057 2284 7059 3869 7058 2284 7059 3868 7060 3868 7060 2284 7059 2283 7061 3868 7060 2283 7061 3867 7062 3867 7062 2283 7061 2282 7063 3867 7062 2282 7063 3866 7064 3866 7064 2282 7063 2281 7065 3866 7064 2281 7065 3865 7066 3865 7066 2281 7065 2280 7067 3865 7066 2280 7067 3864 7068 3864 7068 2280 7067 2279 7069 3864 7068 2279 7069 3863 7070 3863 7070 2279 7069 2278 7071 3863 7070 2278 7071 3862 7072 3862 7072 2278 7071 2277 7073 3862 7072 2277 7073 3861 7074 3861 7074 2277 7073 2276 7075 3861 7074 2276 7075 3860 7076 3860 7076 2276 7075 2275 7077 3860 7076 2275 7077 3859 7078 3859 7078 2275 7077 2274 7079 3859 7078 2274 7079 3858 7080 3858 7080 2274 7079 2273 7081 3896 7082 3700 7083 3907 7084 3907 7084 3700 7083 3797 7085 3907 7084 3797 7085 3906 7086 3906 7086 3797 7085 3796 7087 3906 7086 3796 7087 3905 7088 3905 7088 3796 7087 3795 7089 3905 7088 3795 7089 3904 7090 3904 7090 3795 7089 3794 7091 3904 7090 3794 7091 3903 7092 3903 7092 3794 7091 3793 7093 3903 7092 3793 7093 3902 7094 3902 7094 3793 7093 3792 7095 3902 7094 3792 7095 3901 7096 3901 7096 3792 7095 3791 7097 3901 7096 3791 7097 3900 7098 3900 7098 3791 7097 3790 7099 3900 7098 3790 7099 3899 7100 3899 7100 3790 7099 3789 7101 3899 7100 3789 7101 3898 7102 3898 7102 3789 7101 3788 7103 3898 7102 3788 7103 3897 7104 3897 7104 3788 7103 3787 7105 3908 7106 3738 7107 3945 7108 3945 7108 3738 7107 3737 7109 3945 7108 3737 7109 3944 7110 3944 7110 3737 7109 3736 7111 3944 7110 3736 7111 3943 7112 3943 7112 3736 7111 3735 7113 3943 7112 3735 7113 3942 7114 3942 7114 3735 7113 3734 7115 3942 7114 3734 7115 3941 7116 3941 7116 3734 7115 3733 7117 3941 7116 3733 7117 3940 7118 3940 7118 3733 7117 3732 7119 3940 7118 3732 7119 3939 7120 3939 7120 3732 7119 3731 7121 3939 7120 3731 7121 3938 7122 3938 7122 3731 7121 3730 7123 3938 7122 3730 7123 3937 7124 3937 7124 3730 7123 3729 7125 3937 7124 3729 7125 3936 7126 3936 7126 3729 7125 3728 7127 3936 7126 3728 7127 3935 7128 3935 7128 3728 7127 3727 7129 3935 7128 3727 7129 3934 7130 3934 7130 3727 7129 3726 7131 3934 7130 3726 7131 3933 7132 3933 7132 3726 7131 3725 7133 3933 7132 3725 7133 3932 7134 3932 7134 3725 7133 3724 7135 3932 7134 3724 7135 3931 7136 3931 7136 3724 7135 3723 7137 3931 7136 3723 7137 3930 7138 3930 7138 3723 7137 3722 7139 3930 7138 3722 7139 3929 7140 3929 7140 3722 7139 3721 7141 3929 7140 3721 7141 3928 7142 3928 7142 3721 7141 3720 7143 3928 7142 3720 7143 3927 7144 3927 7144 3720 7143 3719 7145 3927 7144 3719 7145 3926 7146 3926 7146 3719 7145 3718 7147 3926 7146 3718 7147 3925 7148 3925 7148 3718 7147 3717 7149 3925 7148 3717 7149 3924 7150 3924 7150 3717 7149 3716 7151 3924 7150 3716 7151 3923 7152 3923 7152 3716 7151 3715 7153 3923 7152 3715 7153 3922 7154 3922 7154 3715 7153 3714 7155 3922 7154 3714 7155 3921 7156 3921 7156 3714 7155 3713 7157 3921 7156 3713 7157 3920 7158 3920 7158 3713 7157 3712 7159 3920 7158 3712 7159 3919 7160 3919 7160 3712 7159 3711 7161 3919 7160 3711 7161 3918 7162 3918 7162 3711 7161 3710 7163 3918 7162 3710 7163 3917 7164 3917 7164 3710 7163 3709 7165 3917 7164 3709 7165 3916 7166 3916 7166 3709 7165 3708 7167 3916 7166 3708 7167 3915 7168 3915 7168 3708 7167 3707 7169 3915 7168 3707 7169 3914 7170 3914 7170 3707 7169 3706 7171 3914 7170 3706 7171 3913 7172 3913 7172 3706 7171 3705 7173 3913 7172 3705 7173 3912 7174 3912 7174 3705 7173 3704 7175 3912 7174 3704 7175 3911 7176 3911 7176 3704 7175 3703 7177 3911 7176 3703 7177 3910 7178 3910 7178 3703 7177 3702 7179 3910 7178 3702 7179 3909 7180 3909 7180 3702 7179 3701 7181 3909 7180 3701 7181 3896 7182 3896 7182 3701 7181 3700 7183 3956 7184 3749 7185 3955 7186 3955 7186 3749 7185 3748 7187 3955 7186 3748 7187 3954 7188 3954 7188 3748 7187 3747 7189 3954 7188 3747 7189 3953 7190 3953 7190 3747 7189 3746 7191 3953 7190 3746 7191 3952 7192 3952 7192 3746 7191 3745 7193 3952 7192 3745 7193 3951 7194 3951 7194 3745 7193 3744 7195 3951 7194 3744 7195 3950 7196 3950 7196 3744 7195 3743 7197 3950 7196 3743 7197 3949 7198 3949 7198 3743 7197 3742 7199 3949 7198 3742 7199 3948 7200 3948 7200 3742 7199 3741 7201 3948 7200 3741 7201 3947 7202 3947 7202 3741 7201 3740 7203 3947 7202 3740 7203 3946 7204 3946 7204 3740 7203 3739 7205 3946 7204 3739 7205 3908 7206 3908 7206 3739 7205 3738 7207 3897 7208 3787 7209 3993 7210 3993 7210 3787 7209 3786 7211 3993 7210 3786 7211 3992 7212 3992 7212 3786 7211 3785 7213 3992 7212 3785 7213 3991 7214 3991 7214 3785 7213 3784 7215 3991 7214 3784 7215 3990 7216 3990 7216 3784 7215 3783 7217 3990 7216 3783 7217 3989 7218 3989 7218 3783 7217 3782 7219 3989 7218 3782 7219 3988 7220 3988 7220 3782 7219 3781 7221 3988 7220 3781 7221 3987 7222 3987 7222 3781 7221 3780 7223 3987 7222 3780 7223 3986 7224 3986 7224 3780 7223 3779 7225 3986 7224 3779 7225 3985 7226 3985 7226 3779 7225 3778 7227 3985 7226 3778 7227 3984 7228 3984 7228 3778 7227 3777 7229 3984 7228 3777 7229 3983 7230 3983 7230 3777 7229 3776 7231 3983 7230 3776 7231 3982 7232 3982 7232 3776 7231 3775 7233 3982 7232 3775 7233 3981 7234 3981 7234 3775 7233 3774 7235 3981 7234 3774 7235 3980 7236 3980 7236 3774 7235 3773 7237 3980 7236 3773 7237 3979 7238 3979 7238 3773 7237 3772 7239 3979 7238 3772 7239 3978 7240 3978 7240 3772 7239 3771 7241 3978 7240 3771 7241 3977 7242 3977 7242 3771 7241 3770 7243 3977 7242 3770 7243 3976 7244 3976 7244 3770 7243 3769 7245 3976 7244 3769 7245 3975 7246 3975 7246 3769 7245 3768 7247 3975 7246 3768 7247 3974 7248 3974 7248 3768 7247 3767 7249 3974 7248 3767 7249 3973 7250 3973 7250 3767 7249 3766 7251 3973 7250 3766 7251 3972 7252 3972 7252 3766 7251 3765 7253 3972 7252 3765 7253 3971 7254 3971 7254 3765 7253 3764 7255 3971 7254 3764 7255 3970 7256 3970 7256 3764 7255 3763 7257 3970 7256 3763 7257 3969 7258 3969 7258 3763 7257 3762 7259 3969 7258 3762 7259 3968 7260 3968 7260 3762 7259 3761 7261 3968 7260 3761 7261 3967 7262 3967 7262 3761 7261 3760 7263 3967 7262 3760 7263 3966 7264 3966 7264 3760 7263 3759 7265 3966 7264 3759 7265 3965 7266 3965 7266 3759 7265 3758 7267 3965 7266 3758 7267 3964 7268 3964 7268 3758 7267 3757 7269 3964 7268 3757 7269 3963 7270 3963 7270 3757 7269 3756 7271 3963 7270 3756 7271 3962 7272 3962 7272 3756 7271 3755 7273 3962 7272 3755 7273 3961 7274 3961 7274 3755 7273 3754 7275 3961 7274 3754 7275 3960 7276 3960 7276 3754 7275 3753 7277 3960 7276 3753 7277 3959 7278 3959 7278 3753 7277 3752 7279 3959 7278 3752 7279 3958 7280 3958 7280 3752 7279 3751 7281 3958 7280 3751 7281 3957 7282 3957 7282 3751 7281 3750 7283 3957 7282 3750 7283 3956 7284 3956 7284 3750 7283 3749 7285 4017 7286 3994 7287 4016 7288 4016 7288 3994 7287 3995 7289 4016 7288 3995 7289 4015 7290 4015 7290 3995 7289 3996 7291 4015 7290 3996 7291 4014 7292 4014 7292 3996 7291 3997 7293 4014 7292 3997 7293 4013 7294 4013 7294 3997 7293 3998 7295 4013 7294 3998 7295 4012 7296 4012 7296 3998 7295 3999 7297 4012 7296 3999 7297 4011 7298 4011 7298 3999 7297 4000 7299 4011 7298 4000 7299 4010 7300 4010 7300 4000 7299 4001 7301 4010 7300 4001 7301 4009 7302 4009 7302 4001 7301 4002 7303 4009 7302 4002 7303 4008 7304 4008 7304 4002 7303 4003 7305 4008 7304 4003 7305 4007 7306 4007 7306 4003 7305 4004 7307 4007 7306 4004 7307 4006 7308 4006 7308 4004 7307 4005 7309 4006 7310 4005 7311 4107 7312 4107 7312 4005 7311 4018 7313 4107 7312 4018 7313 4106 7314 4106 7314 4018 7313 4019 7315 4106 7314 4019 7315 4105 7316 4105 7316 4019 7315 4020 7317 4105 7316 4020 7317 4104 7318 4104 7318 4020 7317 4021 7319 4104 7318 4021 7319 4103 7320 4103 7320 4021 7319 4022 7321 4103 7320 4022 7321 4102 7322 4102 7322 4022 7321 4023 7323 4102 7322 4023 7323 4101 7324 4101 7324 4023 7323 4024 7325 4101 7324 4024 7325 4100 7326 4100 7326 4024 7325 4025 7327 4100 7326 4025 7327 4099 7328 4099 7328 4025 7327 4026 7329 4099 7328 4026 7329 4098 7330 4098 7330 4026 7329 4027 7331 4098 7330 4027 7331 4097 7332 4097 7332 4027 7331 4028 7333 4097 7332 4028 7333 4096 7334 4096 7334 4028 7333 4029 7335 4096 7334 4029 7335 4095 7336 4095 7336 4029 7335 4030 7337 4095 7336 4030 7337 4094 7338 4094 7338 4030 7337 4031 7339 4094 7338 4031 7339 4093 7340 4093 7340 4031 7339 4032 7341 4093 7340 4032 7341 4092 7342 4092 7342 4032 7341 4033 7343 4092 7342 4033 7343 4091 7344 4091 7344 4033 7343 4034 7345 4091 7344 4034 7345 4090 7346 4090 7346 4034 7345 4035 7347 4090 7346 4035 7347 4089 7348 4089 7348 4035 7347 4036 7349 4089 7348 4036 7349 4088 7350 4088 7350 4036 7349 4037 7351 4088 7350 4037 7351 4087 7352 4087 7352 4037 7351 4038 7353 4087 7352 4038 7353 4086 7354 4086 7354 4038 7353 4039 7355 4086 7354 4039 7355 4085 7356 4085 7356 4039 7355 4040 7357 4085 7356 4040 7357 4084 7358 4084 7358 4040 7357 4041 7359 4084 7358 4041 7359 4083 7360 4083 7360 4041 7359 4042 7361 4083 7360 4042 7361 4082 7362 4082 7362 4042 7361 4043 7363 4082 7362 4043 7363 4081 7364 4081 7364 4043 7363 4044 7365 4081 7364 4044 7365 4080 7366 4080 7366 4044 7365 4045 7367 4080 7366 4045 7367 4079 7368 4079 7368 4045 7367 4046 7369 4079 7368 4046 7369 4078 7370 4078 7370 4046 7369 4047 7371 4078 7370 4047 7371 4077 7372 4077 7372 4047 7371 4048 7373 4077 7372 4048 7373 4076 7374 4076 7374 4048 7373 4049 7375 4076 7374 4049 7375 4075 7376 4075 7376 4049 7375 4050 7377 4075 7376 4050 7377 4074 7378 4074 7378 4050 7377 4051 7379 4074 7378 4051 7379 4073 7380 4073 7380 4051 7379 4052 7381 4073 7380 4052 7381 4072 7382 4072 7382 4052 7381 4053 7383 4072 7382 4053 7383 4071 7384 4071 7384 4053 7383 4054 7385 4071 7384 4054 7385 4070 7386 4070 7386 4054 7385 4055 7387 4070 7386 4055 7387 4069 7388 4069 7388 4055 7387 4056 7389 4069 7388 4056 7389 4068 7390 4068 7390 4056 7389 4057 7391 4068 7390 4057 7391 4067 7392 4067 7392 4057 7391 4058 7393 4067 7392 4058 7393 4066 7394 4066 7394 4058 7393 4059 7395 4066 7394 4059 7395 4065 7396 4065 7396 4059 7395 4060 7397 4065 7396 4060 7397 4064 7398 4064 7398 4060 7397 4061 7399 4064 7398 4061 7399 4063 7400 4063 7400 4061 7399 4062 7401 4063 7402 4062 7403 4129 7404 4129 7404 4062 7403 4108 7405 4129 7404 4108 7405 4128 7406 4128 7406 4108 7405 4109 7407 4128 7406 4109 7407 4127 7408 4127 7408 4109 7407 4110 7409 4127 7408 4110 7409 4126 7410 4126 7410 4110 7409 4111 7411 4126 7410 4111 7411 4125 7412 4125 7412 4111 7411 4112 7413 4125 7412 4112 7413 4124 7414 4124 7414 4112 7413 4113 7415 4124 7414 4113 7415 4123 7416 4123 7416 4113 7415 4114 7417 4123 7416 4114 7417 4122 7418 4122 7418 4114 7417 4115 7419 4122 7418 4115 7419 4121 7420 4121 7420 4115 7419 4116 7421 4121 7420 4116 7421 4120 7422 4120 7422 4116 7421 4117 7423 4120 7422 4117 7423 4119 7424 4119 7424 4117 7423 4118 7425 4119 7426 4118 7427 4217 7428 4217 7428 4118 7427 4130 7429 4217 7428 4130 7429 4216 7430 4216 7430 4130 7429 4131 7431 4216 7430 4131 7431 4215 7432 4215 7432 4131 7431 4132 7433 4215 7432 4132 7433 4214 7434 4214 7434 4132 7433 4133 7435 4214 7434 4133 7435 4213 7436 4213 7436 4133 7435 4134 7437 4213 7436 4134 7437 4212 7438 4212 7438 4134 7437 4135 7439 4212 7438 4135 7439 4211 7440 4211 7440 4135 7439 4136 7441 4211 7440 4136 7441 4210 7442 4210 7442 4136 7441 4137 7443 4210 7442 4137 7443 4209 7444 4209 7444 4137 7443 4138 7445 4209 7444 4138 7445 4208 7446 4208 7446 4138 7445 4139 7447 4208 7446 4139 7447 4207 7448 4207 7448 4139 7447 4140 7449 4207 7448 4140 7449 4206 7450 4206 7450 4140 7449 4141 7451 4206 7450 4141 7451 4205 7452 4205 7452 4141 7451 4142 7453 4205 7452 4142 7453 4204 7454 4204 7454 4142 7453 4143 7455 4204 7454 4143 7455 4203 7456 4203 7456 4143 7455 4144 7457 4203 7456 4144 7457 4202 7458 4202 7458 4144 7457 4145 7459 4202 7458 4145 7459 4201 7460 4201 7460 4145 7459 4146 7461 4201 7460 4146 7461 4200 7462 4200 7462 4146 7461 4147 7463 4200 7462 4147 7463 4199 7464 4199 7464 4147 7463 4148 7465 4199 7464 4148 7465 4198 7466 4198 7466 4148 7465 4149 7467 4198 7466 4149 7467 4197 7468 4197 7468 4149 7467 4150 7469 4197 7468 4150 7469 4196 7470 4196 7470 4150 7469 4151 7471 4196 7470 4151 7471 4195 7472 4195 7472 4151 7471 4152 7473 4195 7472 4152 7473 4194 7474 4194 7474 4152 7473 4153 7475 4194 7474 4153 7475 4193 7476 4193 7476 4153 7475 4154 7477 4193 7476 4154 7477 4192 7478 4192 7478 4154 7477 4155 7479 4192 7478 4155 7479 4191 7480 4191 7480 4155 7479 4156 7481 4191 7480 4156 7481 4190 7482 4190 7482 4156 7481 4157 7483 4190 7482 4157 7483 4189 7484 4189 7484 4157 7483 4158 7485 4189 7484 4158 7485 4188 7486 4188 7486 4158 7485 4159 7487 4188 7486 4159 7487 4187 7488 4187 7488 4159 7487 4160 7489 4187 7488 4160 7489 4186 7490 4186 7490 4160 7489 4161 7491 4186 7490 4161 7491 4185 7492 4185 7492 4161 7491 4162 7493 4185 7492 4162 7493 4184 7494 4184 7494 4162 7493 4163 7495 4184 7494 4163 7495 4183 7496 4183 7496 4163 7495 4164 7497 4183 7496 4164 7497 4182 7498 4182 7498 4164 7497 4165 7499 4182 7498 4165 7499 4181 7500 4181 7500 4165 7499 4166 7501 4181 7500 4166 7501 4180 7502 4180 7502 4166 7501 4167 7503 4180 7502 4167 7503 4179 7504 4179 7504 4167 7503 4168 7505 4179 7504 4168 7505 4178 7506 4178 7506 4168 7505 4169 7507 4178 7506 4169 7507 4177 7508 4177 7508 4169 7507 4170 7509 4177 7508 4170 7509 4176 7510 4176 7510 4170 7509 4171 7511 4176 7510 4171 7511 4175 7512 4175 7512 4171 7511 4172 7513 4175 7512 4172 7513 4174 7514 4174 7514 4172 7513 4173 7515 4174 7514 4173 7515 4017 7516 4017 7516 4173 7515 3994 7517 4016 7518 4308 7519 4017 7520 4017 7520 4308 7519 4309 7521 4017 7520 4309 7521 4310 7522 4015 7523 4306 7524 4016 7518 4016 7518 4306 7524 4307 7525 4016 7518 4307 7525 4308 7519 4014 7526 4322 7527 4015 7523 4015 7523 4322 7527 4304 7528 4015 7523 4304 7528 4305 7529 4013 7530 4319 7531 4014 7526 4014 7526 4319 7531 4320 7532 4014 7526 4320 7532 4321 7533 4012 7534 4317 7535 4013 7530 4013 7530 4317 7535 4318 7536 4013 7530 4318 7536 4319 7531 4011 7537 4314 7538 4012 7534 4012 7534 4314 7538 4315 7539 4012 7534 4315 7539 4316 7540 4010 7541 4335 7542 4011 7537 4011 7537 4335 7542 4336 7543 4011 7537 4336 7543 4337 7544 4009 7545 4333 7546 4010 7541 4010 7541 4333 7546 4334 7547 4010 7541 4334 7547 4335 7542 4008 7548 4330 7549 4009 7545 4009 7545 4330 7549 4331 7550 4009 7545 4331 7550 4332 7551 4007 7552 4370 7553 4008 7548 4008 7548 4370 7553 4371 7554 4008 7548 4371 7554 4372 7555 4006 7556 4368 7557 4007 7552 4007 7552 4368 7557 4369 7558 4007 7552 4369 7558 4370 7553 4107 7559 4366 7560 4006 7556 4006 7556 4366 7560 4367 7561 4006 7556 4367 7561 4368 7557 4106 7562 4364 7563 4107 7559 4107 7559 4364 7563 4365 7564 4107 7559 4365 7564 4366 7560 4364 7563 4106 7562 4363 7565 4363 7565 4106 7562 4105 7566 4363 7565 4105 7566 4362 7567 4362 7567 4105 7566 4104 7568 4362 7567 4104 7568 4385 7569 4385 7569 4104 7568 4384 7570 4384 7570 4104 7568 4103 7571 4384 7570 4103 7571 4383 7572 4383 7572 4103 7571 4102 7573 4383 7572 4102 7573 4382 7574 4382 7574 4102 7573 4101 7575 4382 7574 4101 7575 4381 7576 4381 7576 4101 7575 4100 7577 4381 7576 4100 7577 4380 7578 4380 7578 4100 7577 4379 7579 4379 7579 4100 7577 4099 7580 4379 7579 4099 7580 4378 7581 4378 7581 4099 7580 4098 7582 4378 7581 4098 7582 4377 7583 4377 7583 4098 7582 4097 7584 4377 7583 4097 7584 4376 7585 4376 7585 4097 7584 4096 7586 4376 7585 4096 7586 4095 7587 4376 7585 4095 7587 4375 7588 4375 7588 4095 7587 4094 7589 4375 7588 4094 7589 4093 7590 4375 7588 4093 7590 4374 7591 4374 7591 4093 7590 4092 7592 4374 7591 4092 7592 4091 7593 4091 7593 4090 7594 4374 7591 4374 7591 4090 7594 4341 7595 4374 7591 4341 7595 4327 7596 4327 7596 4341 7595 4342 7597 4327 7596 4342 7597 4343 7598 4341 7595 4090 7594 4340 7599 4340 7599 4090 7594 4089 7600 4340 7599 4089 7600 4339 7601 4339 7601 4089 7600 4088 7602 4339 7601 4088 7602 4338 7603 4338 7603 4088 7602 4087 7604 4338 7603 4087 7604 4361 7605 4361 7605 4087 7604 4360 7606 4360 7606 4087 7604 4359 7607 4359 7607 4087 7604 4086 7608 4359 7607 4086 7608 4358 7609 4358 7609 4086 7608 4357 7610 4357 7610 4086 7608 4356 7611 4356 7611 4086 7608 4085 7612 4356 7611 4085 7612 4355 7613 4355 7613 4085 7612 4354 7614 4354 7614 4085 7612 4353 7615 4353 7615 4085 7612 4084 7616 4353 7615 4084 7616 4352 7617 4352 7617 4084 7616 4351 7618 4351 7618 4084 7616 4350 7619 4350 7619 4084 7616 4083 7620 4350 7619 4083 7620 4349 7621 4349 7621 4083 7620 4082 7622 4349 7621 4082 7622 4348 7623 4348 7623 4082 7622 4081 7624 4348 7623 4081 7624 4347 7625 4347 7625 4081 7624 4218 7626 4347 7625 4218 7626 4219 7627 4081 7624 4080 7628 4218 7626 4218 7626 4080 7628 4079 7629 4218 7626 4079 7629 4078 7630 4218 7626 4078 7630 4241 7631 4241 7631 4078 7630 4077 7632 4241 7631 4077 7632 4076 7633 4241 7631 4076 7633 4240 7634 4240 7634 4076 7633 4075 7635 4240 7634 4075 7635 4074 7636 4240 7634 4074 7636 4239 7637 4239 7637 4074 7636 4073 7638 4239 7637 4073 7638 4238 7639 4238 7639 4073 7638 4072 7640 4238 7639 4072 7640 4237 7641 4237 7641 4072 7640 4071 7642 4237 7641 4071 7642 4236 7643 4236 7643 4071 7642 4235 7644 4235 7644 4071 7642 4070 7645 4235 7644 4070 7645 4234 7646 4234 7646 4070 7645 4069 7647 4234 7646 4069 7647 4233 7648 4233 7648 4069 7647 4068 7649 4233 7648 4068 7649 4232 7650 4232 7650 4068 7649 4067 7651 4232 7650 4067 7651 4231 7652 4231 7652 4067 7651 4230 7653 4230 7653 4067 7651 4066 7654 4230 7653 4066 7654 4229 7655 4229 7655 4066 7654 4065 7656 4229 7655 4065 7656 4228 7657 4228 7657 4065 7656 4064 7658 4228 7657 4064 7658 4227 7659 4227 7659 4064 7658 4226 7660 4226 7660 4064 7658 4063 7661 4226 7660 4063 7661 4225 7662 4225 7662 4063 7661 4224 7663 4224 7663 4063 7661 4129 7664 4224 7663 4129 7664 4223 7665 4223 7665 4129 7664 4222 7666 4222 7666 4129 7664 4128 7667 4222 7666 4128 7667 4221 7668 4221 7668 4128 7667 4220 7669 4220 7669 4128 7667 4127 7670 4220 7669 4127 7670 4219 7627 4219 7627 4127 7670 4126 7671 4219 7627 4126 7671 4345 7672 4345 7672 4126 7671 4125 7673 4345 7672 4125 7673 4326 7674 4326 7674 4125 7673 4124 7675 4326 7674 4124 7675 4283 7676 4283 7676 4124 7675 4123 7677 4283 7676 4123 7677 4265 7678 4265 7678 4123 7677 4122 7679 4265 7678 4122 7679 4264 7680 4264 7680 4122 7679 4121 7681 4264 7680 4121 7681 4263 7682 4263 7682 4121 7681 4262 7683 4262 7683 4121 7681 4120 7684 4262 7683 4120 7684 4261 7685 4261 7685 4120 7684 4260 7686 4260 7686 4120 7684 4119 7687 4260 7686 4119 7687 4259 7688 4259 7688 4119 7687 4258 7689 4258 7689 4119 7687 4217 7690 4258 7689 4217 7690 4257 7691 4257 7691 4217 7690 4256 7692 4256 7692 4217 7690 4216 7693 4256 7692 4216 7693 4255 7694 4255 7694 4216 7693 4215 7695 4255 7694 4215 7695 4254 7696 4254 7696 4215 7695 4214 7697 4254 7696 4214 7697 4253 7698 4253 7698 4214 7697 4252 7699 4252 7699 4214 7697 4213 7700 4252 7699 4213 7700 4251 7701 4251 7701 4213 7700 4212 7702 4251 7701 4212 7702 4250 7703 4250 7703 4212 7702 4211 7704 4250 7703 4211 7704 4249 7705 4249 7705 4211 7704 4210 7706 4249 7705 4210 7706 4248 7707 4248 7707 4210 7706 4247 7708 4247 7708 4210 7706 4209 7709 4247 7708 4209 7709 4246 7710 4246 7710 4209 7709 4208 7711 4246 7710 4208 7711 4245 7712 4245 7712 4208 7711 4207 7713 4245 7712 4207 7713 4244 7714 4244 7714 4207 7713 4206 7715 4244 7714 4206 7715 4205 7716 4244 7714 4205 7716 4243 7717 4243 7717 4205 7716 4204 7718 4243 7717 4204 7718 4203 7719 4243 7717 4203 7719 4242 7720 4242 7720 4203 7719 4202 7721 4242 7720 4202 7721 4201 7722 4201 7722 4200 7723 4242 7720 4242 7720 4200 7723 4281 7724 4242 7720 4281 7724 4265 7678 4265 7678 4281 7724 4282 7725 4265 7678 4282 7725 4283 7676 4281 7724 4200 7723 4280 7726 4280 7726 4200 7723 4199 7727 4280 7726 4199 7727 4279 7728 4279 7728 4199 7727 4198 7729 4279 7728 4198 7729 4278 7730 4278 7730 4198 7729 4197 7731 4278 7730 4197 7731 4277 7732 4277 7732 4197 7731 4276 7733 4276 7733 4197 7731 4275 7734 4275 7734 4197 7731 4196 7735 4275 7734 4196 7735 4274 7736 4274 7736 4196 7735 4273 7737 4273 7737 4196 7735 4272 7738 4272 7738 4196 7735 4195 7739 4272 7738 4195 7739 4271 7740 4271 7740 4195 7739 4270 7741 4270 7741 4195 7739 4269 7742 4269 7742 4195 7739 4194 7743 4269 7742 4194 7743 4268 7744 4268 7744 4194 7743 4267 7745 4267 7745 4194 7743 4266 7746 4266 7746 4194 7743 4193 7747 4266 7746 4193 7747 4289 7748 4289 7748 4193 7747 4192 7749 4289 7748 4192 7749 4288 7750 4288 7750 4192 7749 4191 7751 4288 7750 4191 7751 4287 7752 4287 7752 4191 7751 4190 7753 4287 7752 4190 7753 4324 7754 4324 7754 4190 7753 4302 7755 4324 7754 4302 7755 4303 7756 4190 7753 4189 7757 4302 7755 4302 7755 4189 7757 4188 7758 4302 7755 4188 7758 4187 7759 4302 7755 4187 7759 4301 7760 4301 7760 4187 7759 4186 7761 4301 7760 4186 7761 4185 7762 4301 7760 4185 7762 4300 7763 4300 7763 4185 7762 4184 7764 4300 7763 4184 7764 4299 7765 4299 7765 4184 7764 4183 7766 4299 7765 4183 7766 4298 7767 4298 7767 4183 7766 4182 7768 4298 7767 4182 7768 4297 7769 4297 7769 4182 7768 4181 7770 4297 7769 4181 7770 4296 7771 4296 7771 4181 7770 4295 7772 4295 7772 4181 7770 4180 7773 4295 7772 4180 7773 4294 7774 4294 7774 4180 7773 4179 7775 4294 7774 4179 7775 4293 7776 4293 7776 4179 7775 4178 7777 4293 7776 4178 7777 4292 7778 4292 7778 4178 7777 4291 7779 4291 7779 4178 7777 4177 7780 4291 7779 4177 7780 4290 7781 4290 7781 4177 7780 4176 7782 4290 7781 4176 7782 4313 7783 4313 7783 4176 7782 4175 7784 4313 7783 4175 7784 4312 7785 4312 7785 4175 7784 4174 7786 4312 7785 4174 7786 4311 7787 4311 7787 4174 7786 4017 7520 4311 7787 4017 7520 4310 7522 4283 7676 4284 7788 4326 7674 4326 7674 4284 7788 4325 7789 4325 7789 4284 7788 4285 7790 4325 7789 4285 7790 4286 7791 4286 7791 4287 7752 4325 7789 4325 7789 4287 7752 4324 7754 4324 7754 4303 7756 4323 7792 4323 7792 4303 7756 4304 7528 4323 7792 4304 7528 4322 7527 4305 7529 4306 7524 4015 7523 4316 7540 4317 7535 4012 7534 4321 7533 4322 7527 4014 7526 4345 7672 4326 7674 4344 7793 4344 7793 4326 7674 4327 7596 4344 7793 4327 7596 4343 7598 4327 7596 4328 7794 4374 7591 4374 7591 4328 7794 4373 7795 4373 7795 4328 7794 4329 7796 4373 7795 4329 7796 4372 7555 4372 7555 4329 7796 4330 7549 4372 7555 4330 7549 4008 7548 4332 7551 4333 7546 4009 7545 4337 7544 4314 7538 4011 7537 4345 7672 4346 7797 4219 7627 4219 7627 4346 7797 4347 7625 4004 7798 4548 7799 4005 7800 4005 7800 4548 7799 4549 7801 4005 7800 4549 7801 4550 7802 4003 7803 3800 7804 4004 7798 4004 7798 3800 7804 3799 7805 4004 7798 3799 7805 4547 7806 4547 7806 3799 7805 4546 7807 4546 7807 3799 7805 4545 7808 4545 7808 3799 7805 3895 7809 4545 7808 3895 7809 4544 7810 4544 7810 3895 7809 3894 7811 4544 7810 3894 7811 4543 7812 4543 7812 3894 7811 4542 7813 4542 7813 3894 7811 3893 7814 4542 7813 3893 7814 4541 7815 4541 7815 3893 7814 3892 7816 4541 7815 3892 7816 4540 7817 4540 7817 3892 7816 4539 7818 4539 7818 3892 7816 3891 7819 4539 7818 3891 7819 4538 7820 4538 7820 3891 7819 4027 7821 4538 7820 4027 7821 4026 7822 3800 7804 4003 7803 3801 7823 3801 7823 4003 7803 4002 7824 3801 7823 4002 7824 3802 7825 3802 7825 4002 7824 4001 7826 3802 7825 4001 7826 4487 7827 4487 7827 4001 7826 4486 7828 4486 7828 4001 7826 4485 7829 4485 7829 4001 7826 4000 7830 4485 7829 4000 7830 4484 7831 4484 7831 4000 7830 4483 7832 4483 7832 4000 7830 4482 7833 4482 7833 4000 7830 3999 7834 4482 7833 3999 7834 4505 7835 4505 7835 3999 7834 4504 7836 4504 7836 3999 7834 4503 7837 4503 7837 3999 7834 3998 7838 4503 7837 3998 7838 4502 7839 4502 7839 3998 7838 4501 7840 4501 7840 3998 7838 3807 7841 4501 7840 3807 7841 4500 7842 4500 7842 3807 7841 4499 7843 4499 7843 3807 7841 3806 7844 4499 7843 3806 7844 4498 7845 4498 7845 3806 7844 4497 7846 4497 7846 3806 7844 3805 7847 4497 7846 3805 7847 4496 7848 4496 7848 3805 7847 4495 7849 4495 7849 3805 7847 4494 7850 4494 7850 3805 7847 3804 7851 4494 7850 3804 7851 4493 7852 4493 7852 3804 7851 4492 7853 4492 7853 3804 7851 4491 7854 4491 7854 3804 7851 3803 7855 4491 7854 3803 7855 4490 7856 4490 7856 3803 7855 4489 7857 4489 7857 3803 7855 3802 7825 4489 7857 3802 7825 4488 7858 4488 7858 3802 7825 4487 7827 3998 7838 3997 7859 3807 7841 3807 7841 3997 7859 3808 7860 3808 7860 3997 7859 3996 7861 3808 7860 3996 7861 3809 7862 3809 7862 3996 7861 3995 7863 3809 7862 3995 7863 3798 7864 3798 7864 3995 7863 4466 7865 3798 7864 4466 7865 4467 7866 3994 7867 4464 7868 3995 7863 3995 7863 4464 7868 4465 7869 3995 7863 4465 7869 4466 7865 4173 7870 4461 7871 3994 7867 3994 7867 4461 7871 4462 7872 3994 7867 4462 7872 4463 7873 4461 7871 4173 7870 4460 7874 4460 7874 4173 7870 4172 7875 4460 7874 4172 7875 4459 7876 4459 7876 4172 7875 4171 7877 4459 7876 4171 7877 4458 7878 4458 7878 4171 7877 4170 7879 4458 7878 4170 7879 4481 7880 4481 7880 4170 7879 4169 7881 4481 7880 4169 7881 4480 7882 4480 7882 4169 7881 4479 7883 4479 7883 4169 7881 4168 7884 4479 7883 4168 7884 4478 7885 4478 7885 4168 7884 4167 7886 4478 7885 4167 7886 4477 7887 4477 7887 4167 7886 4166 7888 4477 7887 4166 7888 4476 7889 4476 7889 4166 7888 4475 7890 4475 7890 4166 7888 4165 7891 4475 7890 4165 7891 4474 7892 4474 7892 4165 7891 3814 7893 4474 7892 3814 7893 4473 7894 4473 7894 3814 7893 3813 7895 4473 7894 3813 7895 4472 7896 4472 7896 3813 7895 4471 7897 4471 7897 3813 7895 3812 7898 4471 7897 3812 7898 4470 7899 4470 7899 3812 7898 3811 7900 4470 7899 3811 7900 4469 7901 4469 7901 3811 7900 4468 7902 4468 7902 3811 7900 3810 7903 4468 7902 3810 7903 4467 7866 4467 7866 3810 7903 3798 7864 4165 7891 4164 7904 3814 7893 3814 7893 4164 7904 3815 7905 3815 7905 4164 7904 4163 7906 3815 7905 4163 7906 3816 7907 3816 7907 4163 7906 4162 7908 3816 7907 4162 7908 3817 7909 3817 7909 4162 7908 4161 7910 3817 7909 4161 7910 3818 7911 3818 7911 4161 7910 4160 7912 3818 7911 4160 7912 3819 7913 3819 7913 4160 7912 4159 7914 3819 7913 4159 7914 3820 7915 3820 7915 4159 7914 4158 7916 3820 7915 4158 7916 3821 7917 3821 7917 4158 7916 4157 7918 3821 7917 4157 7918 3822 7919 3822 7919 4157 7918 3823 7920 3823 7920 4157 7918 4156 7921 3823 7920 4156 7921 3824 7922 3824 7922 4156 7921 4155 7923 3824 7922 4155 7923 3825 7924 3825 7924 4155 7923 4154 7925 3825 7924 4154 7925 3826 7926 3826 7926 4154 7925 4153 7927 3826 7926 4153 7927 4434 7928 4434 7928 4153 7927 4457 7929 4457 7929 4153 7927 4456 7930 4456 7930 4153 7927 4455 7931 4455 7931 4153 7927 4152 7932 4455 7931 4152 7932 4454 7933 4454 7933 4152 7932 4453 7934 4453 7934 4152 7932 4452 7935 4452 7935 4152 7932 4151 7936 4452 7935 4151 7936 4451 7937 4451 7937 4151 7936 4450 7938 4450 7938 4151 7936 4449 7939 4449 7939 4151 7936 4150 7940 4449 7939 4150 7940 4448 7941 4448 7941 4150 7940 4447 7942 4447 7942 4150 7940 4446 7943 4446 7943 4150 7940 3830 7944 4446 7943 3830 7944 4445 7945 4445 7945 3830 7944 4444 7946 4444 7946 3830 7944 3829 7947 4444 7946 3829 7947 4443 7948 4443 7948 3829 7947 4442 7949 4442 7949 3829 7947 4441 7950 4441 7950 3829 7947 3828 7951 4441 7950 3828 7951 4440 7952 4440 7952 3828 7951 4439 7953 4439 7953 3828 7951 3827 7954 4439 7953 3827 7954 4438 7955 4438 7955 3827 7954 4437 7956 4437 7956 3827 7954 4436 7957 4436 7957 3827 7954 3826 7926 4436 7957 3826 7926 4435 7958 4435 7958 3826 7926 4434 7928 4150 7940 4149 7959 3830 7944 3830 7944 4149 7959 3831 7960 3831 7960 4149 7959 4148 7961 3831 7960 4148 7961 3832 7962 3832 7962 4148 7961 4147 7963 3832 7962 4147 7963 3833 7964 3833 7964 4147 7963 4146 7965 3833 7964 4146 7965 3834 7966 3834 7966 4146 7965 3835 7967 3835 7967 4146 7965 4145 7968 3835 7967 4145 7968 3836 7969 3836 7969 4145 7968 4144 7970 3836 7969 4144 7970 3837 7971 3837 7971 4144 7970 4143 7972 3837 7971 4143 7972 3838 7973 3838 7973 4143 7972 4142 7974 3838 7973 4142 7974 3839 7975 3839 7975 4142 7974 4141 7976 3839 7975 4141 7976 3840 7977 3840 7977 4141 7976 4140 7978 3840 7977 4140 7978 3841 7979 3841 7979 4140 7978 4139 7980 3841 7979 4139 7980 3842 7981 3842 7981 4139 7980 4430 7982 3842 7981 4430 7982 4431 7983 4139 7980 4138 7984 4430 7982 4430 7982 4138 7984 4429 7985 4429 7985 4138 7984 4137 7986 4429 7985 4137 7986 4428 7987 4428 7987 4137 7986 4427 7988 4427 7988 4137 7986 4136 7989 4427 7988 4136 7989 4426 7990 4426 7990 4136 7989 4135 7991 4426 7990 4135 7991 4425 7992 4425 7992 4135 7991 4134 7993 4425 7992 4134 7993 4424 7994 4424 7994 4134 7993 4133 7995 4424 7994 4133 7995 4423 7996 4423 7996 4133 7995 4422 7997 4422 7997 4133 7995 4132 7998 4422 7997 4132 7998 4421 7999 4421 7999 4132 7998 4131 8000 4421 7999 4131 8000 4420 8001 4420 8001 4131 8000 4130 8002 4420 8001 4130 8002 4419 8003 4419 8003 4130 8002 4418 8004 4418 8004 4130 8002 4118 8005 4418 8004 4118 8005 4417 8006 4417 8006 4118 8005 4416 8007 4416 8007 4118 8005 4117 8008 4416 8007 4117 8008 4415 8009 4415 8009 4117 8008 3847 8010 4415 8009 3847 8010 4414 8011 4414 8011 3847 8010 4413 8012 4413 8012 3847 8010 3846 8013 4413 8012 3846 8013 4412 8014 4412 8014 3846 8013 3845 8015 4412 8014 3845 8015 4411 8016 4411 8016 3845 8015 4410 8017 4410 8017 3845 8015 3844 8018 4410 8017 3844 8018 4433 8019 4433 8019 3844 8018 3843 8020 4433 8019 3843 8020 4432 8021 4432 8021 3843 8020 4431 7983 4431 7983 3843 8020 3842 7981 3847 8010 4117 8008 3848 8022 3848 8022 4117 8008 4116 8023 3848 8022 4116 8023 3849 8024 3849 8024 4116 8023 4115 8025 3849 8024 4115 8025 3850 8026 3850 8026 4115 8025 4114 8027 3850 8026 4114 8027 3851 8028 3851 8028 4114 8027 4113 8029 3851 8028 4113 8029 3852 8030 3852 8030 4113 8029 4112 8031 3852 8030 4112 8031 3853 8032 3853 8032 4112 8031 3854 8033 3854 8033 4112 8031 4111 8034 3854 8033 4111 8034 3855 8035 3855 8035 4111 8034 4110 8036 3855 8035 4110 8036 3856 8037 3856 8037 4110 8036 4109 8038 3856 8037 4109 8038 3857 8039 3857 8039 4109 8038 4108 8040 3857 8039 4108 8040 3858 8041 3858 8041 4108 8040 4405 8042 3858 8041 4405 8042 4406 8043 4405 8042 4108 8040 4404 8044 4404 8044 4108 8040 4062 8045 4404 8044 4062 8045 4403 8046 4403 8046 4062 8045 4402 8047 4402 8047 4062 8045 4061 8048 4402 8047 4061 8048 4401 8049 4401 8049 4061 8048 4400 8050 4400 8050 4061 8048 4060 8051 4400 8050 4060 8051 4399 8052 4399 8052 4060 8051 4059 8053 4399 8052 4059 8053 4398 8054 4398 8054 4059 8053 4058 8055 4398 8054 4058 8055 4397 8056 4397 8056 4058 8055 4396 8057 4396 8057 4058 8055 4057 8058 4396 8057 4057 8058 4395 8059 4395 8059 4057 8058 4056 8060 4395 8059 4056 8060 4394 8061 4394 8061 4056 8060 4055 8062 4394 8061 4055 8062 4393 8063 4393 8063 4055 8062 4054 8064 4393 8063 4054 8064 4392 8065 4392 8065 4054 8064 4391 8066 4391 8066 4054 8064 4053 8067 4391 8066 4053 8067 4390 8068 4390 8068 4053 8067 4052 8069 4390 8068 4052 8069 3863 8070 3863 8070 4052 8069 3864 8071 3864 8071 4052 8069 4051 8072 3864 8071 4051 8072 3865 8073 3865 8073 4051 8072 4050 8074 3865 8073 4050 8074 3866 8075 3866 8075 4050 8074 4049 8076 3866 8075 4049 8076 3867 8077 3867 8077 4049 8076 4048 8078 3867 8077 4048 8078 3868 8079 3868 8079 4048 8078 4047 8080 3868 8079 4047 8080 3869 8081 3869 8081 4047 8080 4046 8082 3869 8081 4046 8082 3870 8083 3870 8083 4046 8082 4045 8084 3870 8083 4045 8084 3871 8085 3871 8085 4045 8084 3872 8086 3872 8086 4045 8084 4044 8087 3872 8086 4044 8087 3873 8088 3873 8088 4044 8087 4043 8089 3873 8088 4043 8089 3874 8090 3874 8090 4043 8089 4042 8091 3874 8090 4042 8091 3875 8092 3875 8092 4042 8091 4041 8093 3875 8092 4041 8093 4518 8094 4518 8094 4041 8093 4517 8095 4517 8095 4041 8093 4516 8096 4516 8096 4041 8093 4515 8097 4515 8097 4041 8093 4040 8098 4515 8097 4040 8098 4514 8099 4514 8099 4040 8098 4513 8100 4513 8100 4040 8098 4512 8101 4512 8101 4040 8098 4039 8102 4512 8101 4039 8102 4511 8103 4511 8103 4039 8102 4510 8104 4510 8104 4039 8102 4509 8105 4509 8105 4039 8102 4038 8106 4509 8105 4038 8106 4508 8107 4508 8107 4038 8106 4507 8108 4507 8108 4038 8106 4506 8109 4506 8109 4038 8106 3879 8110 4506 8109 3879 8110 4529 8111 4529 8111 3879 8110 4528 8112 4528 8112 3879 8110 3878 8113 4528 8112 3878 8113 4527 8114 4527 8114 3878 8113 4526 8115 4526 8115 3878 8113 4525 8116 4525 8116 3878 8113 3877 8117 4525 8116 3877 8117 4524 8118 4524 8118 3877 8117 4523 8119 4523 8119 3877 8117 3876 8120 4523 8119 3876 8120 4522 8121 4522 8121 3876 8120 4521 8122 4521 8122 3876 8120 4520 8123 4520 8123 3876 8120 3875 8092 4520 8123 3875 8092 4519 8124 4519 8124 3875 8092 4518 8094 4038 8106 4037 8125 3879 8110 3879 8110 4037 8125 3880 8126 3880 8126 4037 8125 4036 8127 3880 8126 4036 8127 3881 8128 3881 8128 4036 8127 4035 8129 3881 8128 4035 8129 3882 8130 3882 8130 4035 8129 4034 8131 3882 8130 4034 8131 3883 8132 3883 8132 4034 8131 3884 8133 3884 8133 4034 8131 4033 8134 3884 8133 4033 8134 3885 8135 3885 8135 4033 8134 4032 8136 3885 8135 4032 8136 3886 8137 3886 8137 4032 8136 4031 8138 3886 8137 4031 8138 3887 8139 3887 8139 4031 8138 4030 8140 3887 8139 4030 8140 3888 8141 3888 8141 4030 8140 4029 8142 3888 8141 4029 8142 3889 8143 3889 8143 4029 8142 4028 8144 3889 8143 4028 8144 3890 8145 3890 8145 4028 8144 4027 7821 3890 8145 4027 7821 3891 7819 4538 7820 4026 7822 4537 8146 4537 8146 4026 7822 4025 8147 4537 8146 4025 8147 4536 8148 4536 8148 4025 8147 4535 8149 4535 8149 4025 8147 4024 8150 4535 8149 4024 8150 4534 8151 4534 8151 4024 8150 4023 8152 4534 8151 4023 8152 4533 8153 4533 8153 4023 8152 4022 8154 4533 8153 4022 8154 4532 8155 4532 8155 4022 8154 4021 8156 4532 8155 4021 8156 4531 8157 4531 8157 4021 8156 4530 8158 4530 8158 4021 8156 4020 8159 4530 8158 4020 8159 4553 8160 4553 8160 4020 8159 4019 8161 4553 8160 4019 8161 4552 8162 4552 8162 4019 8161 4018 8163 4552 8162 4018 8163 4551 8164 4551 8164 4018 8163 4550 7802 4550 7802 4018 8163 4005 7800 4387 8165 3861 8166 4386 8167 4386 8167 3861 8166 3860 8168 4386 8167 3860 8168 4409 8169 4409 8169 3860 8168 4408 8170 4408 8170 3860 8168 3859 8171 4408 8170 3859 8171 4407 8172 4407 8172 3859 8171 3858 8041 4407 8172 3858 8041 4406 8043 3861 8166 4387 8165 3862 8173 3862 8173 4387 8165 4388 8174 3862 8173 4388 8174 4389 8175 3862 8173 4389 8175 3863 8070 3863 8070 4389 8175 4390 8068 4463 7873 4464 7868 3994 7867 4547 7806 4548 7799 4004 7798 4555 8176 4756 8177 4554 8178 4554 8178 4756 8177 4757 8179 4554 8178 4757 8179 4758 8180 4556 8181 3946 8182 4555 8176 4555 8176 3946 8182 3908 8183 4555 8176 3908 8183 4754 8184 4754 8184 3908 8183 4753 8185 4753 8185 3908 8183 3945 8186 4753 8185 3945 8186 4752 8187 4752 8187 3945 8186 3944 8188 4752 8187 3944 8188 4751 8189 4751 8189 3944 8188 4750 8190 4750 8190 3944 8188 3943 8191 4750 8190 3943 8191 4749 8192 4749 8192 3943 8191 3942 8193 4749 8192 3942 8193 4748 8194 4748 8194 3942 8193 4747 8195 4747 8195 3942 8193 3941 8196 4747 8195 3941 8196 4746 8197 4746 8197 3941 8196 4657 8198 4746 8197 4657 8198 4745 8199 4745 8199 4657 8198 4658 8200 4745 8199 4658 8200 4744 8201 4744 8201 4658 8200 4743 8202 4743 8202 4658 8200 4659 8203 4743 8202 4659 8203 4742 8204 4742 8204 4659 8203 4660 8205 4742 8204 4660 8205 4741 8206 4741 8206 4660 8205 4661 8207 4741 8206 4661 8207 4740 8208 4740 8208 4661 8207 4739 8209 4739 8209 4661 8207 4662 8210 4739 8209 4662 8210 4738 8211 4738 8211 4662 8210 4663 8212 4738 8211 4663 8212 4761 8213 4761 8213 4663 8212 4664 8214 4761 8213 4664 8214 4760 8215 4760 8215 4664 8214 4665 8216 4760 8215 4665 8216 4759 8217 4759 8217 4665 8216 4554 8178 4759 8217 4554 8178 4758 8180 3946 8182 4556 8181 3947 8218 3947 8218 4556 8181 4557 8219 3947 8218 4557 8219 3948 8220 3948 8220 4557 8219 4558 8221 3948 8220 4558 8221 4767 8222 4767 8222 4558 8221 4766 8223 4766 8223 4558 8221 4765 8224 4765 8224 4558 8221 4559 8225 4765 8224 4559 8225 4764 8226 4764 8226 4559 8225 4763 8227 4763 8227 4559 8225 4762 8228 4762 8228 4559 8225 4560 8229 4762 8228 4560 8229 4785 8230 4785 8230 4560 8229 4784 8231 4784 8231 4560 8229 4783 8232 4783 8232 4560 8229 4561 8233 4783 8232 4561 8233 4782 8234 4782 8234 4561 8233 4781 8235 4781 8235 4561 8233 3953 8236 4781 8235 3953 8236 4780 8237 4780 8237 3953 8236 4779 8238 4779 8238 3953 8236 3952 8239 4779 8238 3952 8239 4778 8240 4778 8240 3952 8239 4777 8241 4777 8241 3952 8239 3951 8242 4777 8241 3951 8242 4776 8243 4776 8243 3951 8242 4775 8244 4775 8244 3951 8242 4774 8245 4774 8245 3951 8242 3950 8246 4774 8245 3950 8246 4773 8247 4773 8247 3950 8246 4772 8248 4772 8248 3950 8246 4771 8249 4771 8249 3950 8246 3949 8250 4771 8249 3949 8250 4770 8251 4770 8251 3949 8250 4769 8252 4769 8252 3949 8250 3948 8220 4769 8252 3948 8220 4768 8253 4768 8253 3948 8220 4767 8222 4561 8233 4562 8254 3953 8236 3953 8236 4562 8254 3954 8255 3954 8255 4562 8254 4563 8256 3954 8255 4563 8256 3955 8257 3955 8257 4563 8256 4564 8258 3955 8257 4564 8258 3956 8259 3956 8259 4564 8258 4817 8260 3956 8259 4817 8260 4818 8261 4817 8260 4564 8258 4816 8262 4816 8262 4564 8258 4565 8263 4816 8262 4565 8263 4815 8264 4815 8264 4565 8263 4814 8265 4814 8265 4565 8263 4566 8266 4814 8265 4566 8266 4813 8267 4813 8267 4566 8266 4812 8268 4812 8268 4566 8266 4567 8269 4812 8268 4567 8269 4811 8270 4811 8270 4567 8269 4568 8271 4811 8270 4568 8271 4810 8272 4810 8272 4568 8271 4569 8273 4810 8272 4569 8273 4833 8274 4833 8274 4569 8273 4832 8275 4832 8275 4569 8273 4570 8276 4832 8275 4570 8276 4831 8277 4831 8277 4570 8276 4571 8278 4831 8277 4571 8278 4830 8279 4830 8279 4571 8278 4572 8280 4830 8279 4572 8280 4829 8281 4829 8281 4572 8280 4573 8282 4829 8281 4573 8282 4828 8283 4828 8283 4573 8282 4827 8284 4827 8284 4573 8282 4574 8285 4827 8284 4574 8285 4826 8286 4826 8286 4574 8285 4575 8287 4826 8286 4575 8287 3961 8288 3961 8288 4575 8287 3962 8289 3962 8289 4575 8287 4576 8290 3962 8289 4576 8290 3963 8291 3963 8291 4576 8290 4577 8292 3963 8291 4577 8292 3964 8293 3964 8293 4577 8292 4578 8294 3964 8293 4578 8294 3965 8295 3965 8295 4578 8294 4579 8296 3965 8295 4579 8296 3966 8297 3966 8297 4579 8296 4580 8298 3966 8297 4580 8298 3967 8299 3967 8299 4580 8298 4581 8300 3967 8299 4581 8300 3968 8301 3968 8301 4581 8300 4582 8302 3968 8301 4582 8302 3969 8303 3969 8303 4582 8302 3970 8304 3970 8304 4582 8302 4583 8305 3970 8304 4583 8305 3971 8306 3971 8306 4583 8305 4584 8307 3971 8306 4584 8307 3972 8308 3972 8308 4584 8307 4585 8309 3972 8308 4585 8309 3973 8310 3973 8310 4585 8309 4586 8311 3973 8310 4586 8311 4786 8312 4786 8312 4586 8311 4809 8313 4809 8313 4586 8311 4808 8314 4808 8314 4586 8311 4807 8315 4807 8315 4586 8311 4587 8316 4807 8315 4587 8316 4806 8317 4806 8317 4587 8316 4805 8318 4805 8318 4587 8316 4804 8319 4804 8319 4587 8316 4588 8320 4804 8319 4588 8320 4803 8321 4803 8321 4588 8320 4802 8322 4802 8322 4588 8320 4801 8323 4801 8323 4588 8320 4589 8324 4801 8323 4589 8324 4800 8325 4800 8325 4589 8324 4799 8326 4799 8326 4589 8324 4798 8327 4798 8327 4589 8324 3977 8328 4798 8327 3977 8328 4797 8329 4797 8329 3977 8328 4796 8330 4796 8330 3977 8328 3976 8331 4796 8330 3976 8331 4795 8332 4795 8332 3976 8331 4794 8333 4794 8333 3976 8331 4793 8334 4793 8334 3976 8331 3975 8335 4793 8334 3975 8335 4792 8336 4792 8336 3975 8335 4791 8337 4791 8337 3975 8335 3974 8338 4791 8337 3974 8338 4790 8339 4790 8339 3974 8338 4789 8340 4789 8340 3974 8338 4788 8341 4788 8341 3974 8338 3973 8310 4788 8341 3973 8310 4787 8342 4787 8342 3973 8310 4786 8312 4589 8324 4590 8343 3977 8328 3977 8328 4590 8343 3978 8344 3978 8344 4590 8343 4591 8345 3978 8344 4591 8345 3979 8346 3979 8346 4591 8345 4592 8347 3979 8346 4592 8347 3980 8348 3980 8348 4592 8347 4593 8349 3980 8348 4593 8349 3981 8350 3981 8350 4593 8349 3982 8351 3982 8351 4593 8349 4594 8352 3982 8351 4594 8352 3983 8353 3983 8353 4594 8352 4595 8354 3983 8353 4595 8354 3984 8355 3984 8355 4595 8354 4596 8356 3984 8355 4596 8356 3985 8357 3985 8357 4596 8356 4597 8358 3985 8357 4597 8358 3986 8359 3986 8359 4597 8358 4598 8360 3986 8359 4598 8360 3987 8361 3987 8361 4598 8360 4599 8362 3987 8361 4599 8362 3988 8363 3988 8363 4599 8362 4600 8364 3988 8363 4600 8364 3989 8365 3989 8365 4600 8364 4686 8366 3989 8365 4686 8366 4687 8367 4600 8364 4601 8368 4686 8366 4686 8366 4601 8368 4685 8369 4685 8369 4601 8368 4602 8370 4685 8369 4602 8370 4684 8371 4684 8371 4602 8370 4683 8372 4683 8372 4602 8370 4603 8373 4683 8372 4603 8373 4682 8374 4682 8374 4603 8373 4604 8375 4682 8374 4604 8375 4681 8376 4681 8376 4604 8375 4605 8377 4681 8376 4605 8377 4680 8378 4680 8378 4605 8377 4606 8379 4680 8378 4606 8379 4679 8380 4679 8380 4606 8379 4678 8381 4678 8381 4606 8379 4607 8382 4678 8381 4607 8382 4677 8383 4677 8383 4607 8382 4608 8384 4677 8383 4608 8384 4676 8385 4676 8385 4608 8384 4609 8386 4676 8385 4609 8386 4675 8387 4675 8387 4609 8386 4674 8388 4674 8388 4609 8386 4610 8389 4674 8388 4610 8389 4673 8390 4673 8390 4610 8389 4672 8391 4672 8391 4610 8389 4611 8392 4672 8391 4611 8392 4671 8393 4671 8393 4611 8392 3897 8394 4671 8393 3897 8394 4670 8395 4670 8395 3897 8394 4669 8396 4669 8396 3897 8394 3993 8397 4669 8396 3993 8397 4668 8398 4668 8398 3993 8397 3992 8399 4668 8398 3992 8399 4667 8400 4667 8400 3992 8399 4666 8401 4666 8401 3992 8399 3991 8402 4666 8401 3991 8402 4689 8403 4689 8403 3991 8402 3990 8404 4689 8403 3990 8404 4688 8405 4688 8405 3990 8404 4687 8367 4687 8367 3990 8404 3989 8365 3897 8394 4611 8392 3898 8406 3898 8406 4611 8392 4612 8407 3898 8406 4612 8407 3899 8408 3899 8408 4612 8407 4613 8409 3899 8408 4613 8409 3900 8410 3900 8410 4613 8409 4614 8411 3900 8410 4614 8411 3901 8412 3901 8412 4614 8411 4615 8413 3901 8412 4615 8413 3902 8414 3902 8414 4615 8413 4616 8415 3902 8414 4616 8415 3903 8416 3903 8416 4616 8415 3904 8417 3904 8417 4616 8415 4617 8418 3904 8417 4617 8418 3905 8419 3905 8419 4617 8418 4618 8420 3905 8419 4618 8420 3906 8421 3906 8421 4618 8420 4619 8422 3906 8421 4619 8422 3907 8423 3907 8423 4619 8422 4620 8424 3907 8423 4620 8424 3896 8425 3896 8425 4620 8424 4709 8426 3896 8425 4709 8426 4710 8427 4709 8426 4620 8424 4708 8428 4708 8428 4620 8424 4621 8429 4708 8428 4621 8429 4707 8430 4707 8430 4621 8429 4706 8431 4706 8431 4621 8429 4622 8432 4706 8431 4622 8432 4705 8433 4705 8433 4622 8432 4704 8434 4704 8434 4622 8432 4623 8435 4704 8434 4623 8435 4703 8436 4703 8436 4623 8435 4624 8437 4703 8436 4624 8437 4702 8438 4702 8438 4624 8437 4625 8439 4702 8438 4625 8439 4701 8440 4701 8440 4625 8439 4700 8441 4700 8441 4625 8439 4626 8442 4700 8441 4626 8442 4699 8443 4699 8443 4626 8442 4627 8444 4699 8443 4627 8444 4698 8445 4698 8445 4627 8444 4628 8446 4698 8445 4628 8446 4697 8447 4697 8447 4628 8446 4629 8448 4697 8447 4629 8448 4696 8449 4696 8449 4629 8448 4695 8450 4695 8450 4629 8448 4630 8451 4695 8450 4630 8451 4694 8452 4694 8452 4630 8451 4631 8453 4694 8452 4631 8453 3913 8454 3913 8454 4631 8453 3914 8455 3914 8455 4631 8453 4632 8456 3914 8455 4632 8456 3915 8457 3915 8457 4632 8456 4633 8458 3915 8457 4633 8458 3916 8459 3916 8459 4633 8458 4634 8460 3916 8459 4634 8460 3917 8461 3917 8461 4634 8460 4635 8462 3917 8461 4635 8462 3918 8463 3918 8463 4635 8462 4636 8464 3918 8463 4636 8464 3919 8465 3919 8465 4636 8464 4637 8466 3919 8465 4637 8466 3920 8467 3920 8467 4637 8466 4638 8468 3920 8467 4638 8468 3921 8469 3921 8469 4638 8468 3922 8470 3922 8470 4638 8468 4639 8471 3922 8470 4639 8471 3923 8472 3923 8472 4639 8471 4640 8473 3923 8472 4640 8473 3924 8474 3924 8474 4640 8473 4641 8475 3924 8474 4641 8475 3925 8476 3925 8476 4641 8475 4642 8477 3925 8476 4642 8477 4726 8478 4726 8478 4642 8477 4725 8479 4725 8479 4642 8477 4724 8480 4724 8480 4642 8477 4723 8481 4723 8481 4642 8477 4643 8482 4723 8481 4643 8482 4722 8483 4722 8483 4643 8482 4721 8484 4721 8484 4643 8482 4720 8485 4720 8485 4643 8482 4644 8486 4720 8485 4644 8486 4719 8487 4719 8487 4644 8486 4718 8488 4718 8488 4644 8486 4717 8489 4717 8489 4644 8486 4645 8490 4717 8489 4645 8490 4716 8491 4716 8491 4645 8490 4715 8492 4715 8492 4645 8490 4714 8493 4714 8493 4645 8490 3929 8494 4714 8493 3929 8494 4737 8495 4737 8495 3929 8494 4736 8496 4736 8496 3929 8494 3928 8497 4736 8496 3928 8497 4735 8498 4735 8498 3928 8497 4734 8499 4734 8499 3928 8497 4733 8500 4733 8500 3928 8497 3927 8501 4733 8500 3927 8501 4732 8502 4732 8502 3927 8501 4731 8503 4731 8503 3927 8501 3926 8504 4731 8503 3926 8504 4730 8505 4730 8505 3926 8504 4729 8506 4729 8506 3926 8504 4728 8507 4728 8507 3926 8504 3925 8476 4728 8507 3925 8476 4727 8508 4727 8508 3925 8476 4726 8478 4645 8490 4646 8509 3929 8494 3929 8494 4646 8509 3930 8510 3930 8510 4646 8509 4647 8511 3930 8510 4647 8511 3931 8512 3931 8512 4647 8511 4648 8513 3931 8512 4648 8513 3932 8514 3932 8514 4648 8513 4649 8515 3932 8514 4649 8515 3933 8516 3933 8516 4649 8515 3934 8517 3934 8517 4649 8515 4650 8518 3934 8517 4650 8518 3935 8519 3935 8519 4650 8518 4651 8520 3935 8519 4651 8520 3936 8521 3936 8521 4651 8520 4652 8522 3936 8521 4652 8522 3937 8523 3937 8523 4652 8522 4653 8524 3937 8523 4653 8524 3938 8525 3938 8525 4653 8524 4654 8526 3938 8525 4654 8526 3939 8527 3939 8527 4654 8526 4655 8528 3939 8527 4655 8528 3940 8529 3940 8529 4655 8528 4656 8530 3940 8529 4656 8530 3941 8196 3941 8196 4656 8530 4657 8198 4826 8286 3961 8288 4825 8531 4825 8531 3961 8288 3960 8532 4825 8531 3960 8532 4824 8533 4824 8533 3960 8532 4823 8534 4823 8534 3960 8532 3959 8535 4823 8534 3959 8535 4822 8536 4822 8536 3959 8535 3958 8537 4822 8536 3958 8537 4821 8538 4821 8538 3958 8537 4820 8539 4820 8539 3958 8537 3957 8540 4820 8539 3957 8540 4819 8541 4819 8541 3957 8540 3956 8259 4819 8541 3956 8259 4818 8261 4694 8452 3913 8454 4693 8542 4693 8542 3913 8454 3912 8543 4693 8542 3912 8543 4692 8544 4692 8544 3912 8543 4691 8545 4691 8545 3912 8543 3911 8546 4691 8545 3911 8546 4690 8547 4690 8547 3911 8546 3910 8548 4690 8547 3910 8548 4713 8549 4713 8549 3910 8548 4712 8550 4712 8550 3910 8548 3909 8551 4712 8550 3909 8551 4711 8552 4711 8552 3909 8551 3896 8425 4711 8552 3896 8425 4710 8427 4754 8184 4755 8553 4555 8176 4555 8176 4755 8553 4756 8177 4845 8554 4565 8555 4844 8556 4844 8556 4565 8555 4564 8557 4844 8556 4564 8557 4843 8558 4843 8558 4564 8557 4563 8559 4843 8558 4563 8559 4842 8560 4842 8560 4563 8559 4562 8561 4842 8560 4562 8561 4841 8562 4841 8562 4562 8561 4561 8563 4841 8562 4561 8563 4840 8564 4840 8564 4561 8563 4560 8565 4840 8564 4560 8565 4839 8566 4839 8566 4560 8565 4559 8567 4839 8566 4559 8567 4838 8568 4838 8568 4559 8567 4558 8569 4838 8568 4558 8569 4837 8570 4837 8570 4558 8569 4557 8571 4837 8570 4557 8571 4836 8572 4836 8572 4557 8571 4556 8573 4836 8572 4556 8573 4835 8574 4835 8574 4556 8573 4555 8575 4835 8574 4555 8575 4834 8576 4834 8576 4555 8575 4554 8577 4834 8578 4554 8579 4890 8580 4890 8580 4554 8579 4665 8581 4890 8580 4665 8581 4889 8582 4889 8582 4665 8581 4664 8583 4889 8582 4664 8583 4888 8584 4888 8584 4664 8583 4663 8585 4888 8584 4663 8585 4887 8586 4887 8586 4663 8585 4662 8587 4887 8586 4662 8587 4886 8588 4886 8588 4662 8587 4661 8589 4886 8588 4661 8589 4885 8590 4885 8590 4661 8589 4660 8591 4885 8590 4660 8591 4884 8592 4884 8592 4660 8591 4659 8593 4884 8592 4659 8593 4883 8594 4883 8594 4659 8593 4658 8595 4883 8594 4658 8595 4882 8596 4882 8596 4658 8595 4657 8597 4882 8596 4657 8597 4881 8598 4881 8598 4657 8597 4656 8599 4881 8598 4656 8599 4880 8600 4880 8600 4656 8599 4655 8601 4880 8600 4655 8601 4879 8602 4879 8602 4655 8601 4654 8603 4879 8602 4654 8603 4878 8604 4878 8604 4654 8603 4653 8605 4878 8604 4653 8605 4877 8606 4877 8606 4653 8605 4652 8607 4877 8606 4652 8607 4876 8608 4876 8608 4652 8607 4651 8609 4876 8608 4651 8609 4875 8610 4875 8610 4651 8609 4650 8611 4875 8610 4650 8611 4874 8612 4874 8612 4650 8611 4649 8613 4874 8612 4649 8613 4873 8614 4873 8614 4649 8613 4648 8615 4873 8614 4648 8615 4872 8616 4872 8616 4648 8615 4647 8617 4872 8616 4647 8617 4871 8618 4871 8618 4647 8617 4646 8619 4871 8618 4646 8619 4870 8620 4870 8620 4646 8619 4645 8621 4870 8620 4645 8621 4869 8622 4869 8622 4645 8621 4644 8623 4869 8622 4644 8623 4868 8624 4868 8624 4644 8623 4643 8625 4868 8624 4643 8625 4867 8626 4867 8626 4643 8625 4642 8627 4867 8626 4642 8627 4866 8628 4866 8628 4642 8627 4641 8629 4866 8628 4641 8629 4865 8630 4865 8630 4641 8629 4640 8631 4865 8630 4640 8631 4864 8632 4864 8632 4640 8631 4639 8633 4864 8632 4639 8633 4863 8634 4863 8634 4639 8633 4638 8635 4863 8634 4638 8635 4862 8636 4862 8636 4638 8635 4637 8637 4862 8636 4637 8637 4861 8638 4861 8638 4637 8637 4636 8639 4861 8638 4636 8639 4860 8640 4860 8640 4636 8639 4635 8641 4860 8640 4635 8641 4859 8642 4859 8642 4635 8641 4634 8643 4859 8642 4634 8643 4858 8644 4858 8644 4634 8643 4633 8645 4858 8644 4633 8645 4857 8646 4857 8646 4633 8645 4632 8647 4857 8646 4632 8647 4856 8648 4856 8648 4632 8647 4631 8649 4856 8648 4631 8649 4855 8650 4855 8650 4631 8649 4630 8651 4855 8650 4630 8651 4854 8652 4854 8652 4630 8651 4629 8653 4854 8652 4629 8653 4853 8654 4853 8654 4629 8653 4628 8655 4853 8654 4628 8655 4852 8656 4852 8656 4628 8655 4627 8657 4852 8656 4627 8657 4851 8658 4851 8658 4627 8657 4626 8659 4851 8658 4626 8659 4850 8660 4850 8660 4626 8659 4625 8661 4850 8660 4625 8661 4849 8662 4849 8662 4625 8661 4624 8663 4849 8662 4624 8663 4848 8664 4848 8664 4624 8663 4623 8665 4848 8664 4623 8665 4847 8666 4847 8666 4623 8665 4622 8667 4847 8666 4622 8667 4846 8668 4846 8668 4622 8667 4621 8669 4846 8670 4621 8671 4901 8672 4901 8672 4621 8671 4620 8673 4901 8672 4620 8673 4900 8674 4900 8674 4620 8673 4619 8675 4900 8674 4619 8675 4899 8676 4899 8676 4619 8675 4618 8677 4899 8676 4618 8677 4898 8678 4898 8678 4618 8677 4617 8679 4898 8678 4617 8679 4897 8680 4897 8680 4617 8679 4616 8681 4897 8680 4616 8681 4896 8682 4896 8682 4616 8681 4615 8683 4896 8682 4615 8683 4895 8684 4895 8684 4615 8683 4614 8685 4895 8684 4614 8685 4894 8686 4894 8686 4614 8685 4613 8687 4894 8686 4613 8687 4893 8688 4893 8688 4613 8687 4612 8689 4893 8688 4612 8689 4892 8690 4892 8690 4612 8689 4611 8691 4892 8690 4611 8691 4891 8692 4891 8692 4611 8691 4610 8693 4891 8694 4610 8695 4945 8696 4945 8696 4610 8695 4609 8697 4945 8696 4609 8697 4944 8698 4944 8698 4609 8697 4608 8699 4944 8698 4608 8699 4943 8700 4943 8700 4608 8699 4607 8701 4943 8700 4607 8701 4942 8702 4942 8702 4607 8701 4606 8703 4942 8702 4606 8703 4941 8704 4941 8704 4606 8703 4605 8705 4941 8704 4605 8705 4940 8706 4940 8706 4605 8705 4604 8707 4940 8706 4604 8707 4939 8708 4939 8708 4604 8707 4603 8709 4939 8708 4603 8709 4938 8710 4938 8710 4603 8709 4602 8711 4938 8710 4602 8711 4937 8712 4937 8712 4602 8711 4601 8713 4937 8712 4601 8713 4936 8714 4936 8714 4601 8713 4600 8715 4936 8714 4600 8715 4935 8716 4935 8716 4600 8715 4599 8717 4935 8716 4599 8717 4934 8718 4934 8718 4599 8717 4598 8719 4934 8718 4598 8719 4933 8720 4933 8720 4598 8719 4597 8721 4933 8720 4597 8721 4932 8722 4932 8722 4597 8721 4596 8723 4932 8722 4596 8723 4931 8724 4931 8724 4596 8723 4595 8725 4931 8724 4595 8725 4930 8726 4930 8726 4595 8725 4594 8727 4930 8726 4594 8727 4929 8728 4929 8728 4594 8727 4593 8729 4929 8728 4593 8729 4928 8730 4928 8730 4593 8729 4592 8731 4928 8730 4592 8731 4927 8732 4927 8732 4592 8731 4591 8733 4927 8732 4591 8733 4926 8734 4926 8734 4591 8733 4590 8735 4926 8734 4590 8735 4925 8736 4925 8736 4590 8735 4589 8737 4925 8736 4589 8737 4924 8738 4924 8738 4589 8737 4588 8739 4924 8738 4588 8739 4923 8740 4923 8740 4588 8739 4587 8741 4923 8740 4587 8741 4922 8742 4922 8742 4587 8741 4586 8743 4922 8742 4586 8743 4921 8744 4921 8744 4586 8743 4585 8745 4921 8744 4585 8745 4920 8746 4920 8746 4585 8745 4584 8747 4920 8746 4584 8747 4919 8748 4919 8748 4584 8747 4583 8749 4919 8748 4583 8749 4918 8750 4918 8750 4583 8749 4582 8751 4918 8750 4582 8751 4917 8752 4917 8752 4582 8751 4581 8753 4917 8752 4581 8753 4916 8754 4916 8754 4581 8753 4580 8755 4916 8754 4580 8755 4915 8756 4915 8756 4580 8755 4579 8757 4915 8756 4579 8757 4914 8758 4914 8758 4579 8757 4578 8759 4914 8758 4578 8759 4913 8760 4913 8760 4578 8759 4577 8761 4913 8760 4577 8761 4912 8762 4912 8762 4577 8761 4576 8763 4912 8762 4576 8763 4911 8764 4911 8764 4576 8763 4575 8765 4911 8764 4575 8765 4910 8766 4910 8766 4575 8765 4574 8767 4910 8766 4574 8767 4909 8768 4909 8768 4574 8767 4573 8769 4909 8768 4573 8769 4908 8770 4908 8770 4573 8769 4572 8771 4908 8770 4572 8771 4907 8772 4907 8772 4572 8771 4571 8773 4907 8772 4571 8773 4906 8774 4906 8774 4571 8773 4570 8775 4906 8774 4570 8775 4905 8776 4905 8776 4570 8775 4569 8777 4905 8776 4569 8777 4904 8778 4904 8778 4569 8777 4568 8779 4904 8778 4568 8779 4903 8780 4903 8780 4568 8779 4567 8781 4903 8780 4567 8781 4902 8782 4902 8782 4567 8781 4566 8783 4902 8782 4566 8783 4845 8784 4845 8784 4566 8783 4565 8785 4844 8786 5108 8787 4845 8788 4845 8788 5108 8787 5109 8789 4845 8788 5109 8789 5110 8790 4843 8791 5106 8792 4844 8786 4844 8786 5106 8792 5107 8793 4844 8786 5107 8793 5108 8787 4842 8794 5050 8795 4843 8791 4843 8791 5050 8795 5104 8796 4843 8791 5104 8796 5105 8797 4841 8798 5047 8799 4842 8794 4842 8794 5047 8799 5048 8800 4842 8794 5048 8800 5049 8801 4840 8802 5045 8803 4841 8798 4841 8798 5045 8803 5046 8804 4841 8798 5046 8804 5047 8799 4839 8805 5042 8806 4840 8802 4840 8802 5042 8806 5043 8807 4840 8802 5043 8807 5044 8808 4838 8809 5063 8810 4839 8805 4839 8805 5063 8810 5064 8811 4839 8805 5064 8811 5065 8812 4837 8813 5061 8814 4838 8809 4838 8809 5061 8814 5062 8815 4838 8809 5062 8815 5063 8810 4836 8816 5058 8817 4837 8813 4837 8813 5058 8817 5059 8818 4837 8813 5059 8818 5060 8819 4835 8820 5026 8821 4836 8816 4836 8816 5026 8821 5027 8822 4836 8816 5027 8822 5028 8823 4834 8824 5024 8825 4835 8820 4835 8820 5024 8825 5025 8826 4835 8820 5025 8826 5026 8821 4890 8827 5021 8828 4834 8824 4834 8824 5021 8828 5022 8829 4834 8824 5022 8829 5023 8830 5021 8828 4890 8827 5020 8831 5020 8831 4890 8827 4889 8832 5020 8831 4889 8832 5019 8833 5019 8833 4889 8832 4888 8834 5019 8833 4888 8834 5018 8835 5018 8835 4888 8834 4887 8836 5018 8835 4887 8836 5041 8837 5041 8837 4887 8836 4886 8838 5041 8837 4886 8838 5040 8839 5040 8839 4886 8838 5039 8840 5039 8840 4886 8838 4885 8841 5039 8840 4885 8841 5038 8842 5038 8842 4885 8841 4884 8843 5038 8842 4884 8843 5037 8844 5037 8844 4884 8843 4883 8845 5037 8844 4883 8845 5036 8846 5036 8846 4883 8845 5035 8847 5035 8847 4883 8845 4882 8848 5035 8847 4882 8848 5034 8849 5034 8849 4882 8848 4881 8850 5034 8849 4881 8850 5033 8851 5033 8851 4881 8850 4880 8852 5033 8851 4880 8852 5032 8853 5032 8853 4880 8852 4879 8854 5032 8853 4879 8854 5031 8855 5031 8855 4879 8854 4878 8856 5031 8855 4878 8856 4877 8857 5031 8855 4877 8857 5030 8858 5030 8858 4877 8857 4876 8859 5030 8858 4876 8859 4875 8860 4875 8860 4874 8861 5030 8858 5030 8858 4874 8861 5056 8862 5030 8858 5056 8862 5029 8863 5029 8863 5056 8862 5057 8864 5029 8863 5057 8864 5028 8823 5028 8823 5057 8864 5058 8817 5028 8823 5058 8817 4836 8816 5056 8862 4874 8861 4997 8865 4997 8865 4874 8861 4873 8866 4997 8865 4873 8866 4996 8867 4996 8867 4873 8866 4872 8868 4996 8867 4872 8868 4995 8869 4995 8869 4872 8868 4871 8870 4995 8869 4871 8870 4994 8871 4994 8871 4871 8870 4870 8872 4994 8871 4870 8872 5017 8873 5017 8873 4870 8872 5016 8874 5016 8874 4870 8872 5015 8875 5015 8875 4870 8872 4869 8876 5015 8875 4869 8876 5014 8877 5014 8877 4869 8876 5013 8878 5013 8878 4869 8876 5012 8879 5012 8879 4869 8876 4868 8880 5012 8879 4868 8880 5011 8881 5011 8881 4868 8880 5010 8882 5010 8882 4868 8880 5009 8883 5009 8883 4868 8880 4867 8884 5009 8883 4867 8884 5008 8885 5008 8885 4867 8884 5007 8886 5007 8886 4867 8884 5006 8887 5006 8887 4867 8884 4866 8888 5006 8887 4866 8888 5005 8889 5005 8889 4866 8888 4865 8890 5005 8889 4865 8890 5004 8891 5004 8891 4865 8890 4864 8892 5004 8891 4864 8892 5003 8893 5003 8893 4864 8892 4970 8894 5003 8893 4970 8894 4971 8895 4864 8892 4863 8896 4970 8894 4970 8894 4863 8896 4862 8897 4970 8894 4862 8897 4861 8898 4970 8894 4861 8898 4993 8899 4993 8899 4861 8898 4860 8900 4993 8899 4860 8900 4859 8901 4993 8899 4859 8901 4992 8902 4992 8902 4859 8901 4858 8903 4992 8902 4858 8903 4857 8904 4992 8902 4857 8904 4991 8905 4991 8905 4857 8904 4856 8906 4991 8905 4856 8906 4990 8907 4990 8907 4856 8906 4855 8908 4990 8907 4855 8908 4989 8909 4989 8909 4855 8908 4854 8910 4989 8909 4854 8910 4988 8911 4988 8911 4854 8910 4987 8912 4987 8912 4854 8910 4853 8913 4987 8912 4853 8913 4986 8914 4986 8914 4853 8913 4852 8915 4986 8914 4852 8915 4985 8916 4985 8916 4852 8915 4851 8917 4985 8916 4851 8917 4984 8918 4984 8918 4851 8917 4850 8919 4984 8918 4850 8919 4983 8920 4983 8920 4850 8919 4982 8921 4982 8921 4850 8919 4849 8922 4982 8921 4849 8922 4981 8923 4981 8923 4849 8922 4848 8924 4981 8923 4848 8924 4980 8925 4980 8925 4848 8924 4847 8926 4980 8925 4847 8926 4979 8927 4979 8927 4847 8926 4978 8928 4978 8928 4847 8926 4846 8929 4978 8928 4846 8929 4977 8930 4977 8930 4846 8929 4976 8931 4976 8931 4846 8929 4901 8932 4976 8931 4901 8932 4975 8933 4975 8933 4901 8932 4974 8934 4974 8934 4901 8932 4900 8935 4974 8934 4900 8935 4973 8936 4973 8936 4900 8935 4972 8937 4972 8937 4900 8935 4899 8938 4972 8937 4899 8938 4971 8895 4971 8895 4899 8938 4898 8939 4971 8895 4898 8939 5001 8940 5001 8940 4898 8939 4897 8941 5001 8940 4897 8941 5054 8942 5054 8942 4897 8941 4896 8943 5054 8942 4896 8943 5083 8944 5083 8944 4896 8943 4895 8945 5083 8944 4895 8945 4969 8946 4969 8946 4895 8945 4894 8947 4969 8946 4894 8947 4968 8948 4968 8948 4894 8947 4893 8949 4968 8948 4893 8949 4967 8950 4967 8950 4893 8949 4966 8951 4966 8951 4893 8949 4892 8952 4966 8951 4892 8952 4965 8953 4965 8953 4892 8952 4964 8954 4964 8954 4892 8952 4891 8955 4964 8954 4891 8955 4963 8956 4963 8956 4891 8955 4962 8957 4962 8957 4891 8955 4945 8958 4962 8957 4945 8958 4961 8959 4961 8959 4945 8958 4960 8960 4960 8960 4945 8958 4944 8961 4960 8960 4944 8961 4959 8962 4959 8962 4944 8961 4943 8963 4959 8962 4943 8963 4958 8964 4958 8964 4943 8963 4942 8965 4958 8964 4942 8965 4957 8966 4957 8966 4942 8965 4956 8967 4956 8967 4942 8965 4941 8968 4956 8967 4941 8968 4955 8969 4955 8969 4941 8968 4940 8970 4955 8969 4940 8970 4954 8971 4954 8971 4940 8970 4939 8972 4954 8971 4939 8972 4953 8973 4953 8973 4939 8972 4938 8974 4953 8973 4938 8974 4952 8975 4952 8975 4938 8974 4951 8976 4951 8976 4938 8974 4937 8977 4951 8976 4937 8977 4950 8978 4950 8978 4937 8977 4936 8979 4950 8978 4936 8979 4949 8980 4949 8980 4936 8979 4935 8981 4949 8980 4935 8981 4948 8982 4948 8982 4935 8981 4934 8983 4948 8982 4934 8983 4933 8984 4948 8982 4933 8984 4947 8985 4947 8985 4933 8984 4932 8986 4947 8985 4932 8986 4931 8987 4947 8985 4931 8987 4946 8988 4946 8988 4931 8987 4930 8989 4946 8988 4930 8989 4929 8990 4929 8990 4928 8991 4946 8988 4946 8988 4928 8991 5081 8992 4946 8988 5081 8992 4969 8946 4969 8946 5081 8992 5082 8993 4969 8946 5082 8993 5083 8944 5081 8992 4928 8991 5080 8994 5080 8994 4928 8991 4927 8995 5080 8994 4927 8995 5079 8996 5079 8996 4927 8995 4926 8997 5079 8996 4926 8997 5078 8998 5078 8998 4926 8997 4925 8999 5078 8998 4925 8999 5077 9000 5077 9000 4925 8999 5076 9001 5076 9001 4925 8999 5075 9002 5075 9002 4925 8999 4924 9003 5075 9002 4924 9003 5074 9004 5074 9004 4924 9003 5073 9005 5073 9005 4924 9003 5072 9006 5072 9006 4924 9003 4923 9007 5072 9006 4923 9007 5071 9008 5071 9008 4923 9007 5070 9009 5070 9009 4923 9007 5069 9010 5069 9010 4923 9007 4922 9011 5069 9010 4922 9011 5068 9012 5068 9012 4922 9011 5067 9013 5067 9013 4922 9011 5066 9014 5066 9014 4922 9011 4921 9015 5066 9014 4921 9015 5089 9016 5089 9016 4921 9015 4920 9017 5089 9016 4920 9017 5088 9018 5088 9018 4920 9017 4919 9019 5088 9018 4919 9019 5087 9020 5087 9020 4919 9019 5102 9021 5087 9020 5102 9021 5053 9022 5053 9022 5102 9021 5052 9023 5052 9023 5102 9021 5103 9024 5052 9023 5103 9024 5051 9025 5051 9025 5103 9024 5104 8796 5051 9025 5104 8796 5050 8795 4919 9019 4918 9026 5102 9021 5102 9021 4918 9026 4917 9027 5102 9021 4917 9027 4916 9028 5102 9021 4916 9028 5101 9029 5101 9029 4916 9028 4915 9030 5101 9029 4915 9030 4914 9031 5101 9029 4914 9031 5100 9032 5100 9032 4914 9031 4913 9033 5100 9032 4913 9033 4912 9034 5100 9032 4912 9034 5099 9035 5099 9035 4912 9034 4911 9036 5099 9035 4911 9036 5098 9037 5098 9037 4911 9036 4910 9038 5098 9037 4910 9038 5097 9039 5097 9039 4910 9038 4909 9040 5097 9039 4909 9040 5096 9041 5096 9041 4909 9040 5095 9042 5095 9042 4909 9040 4908 9043 5095 9042 4908 9043 5094 9044 5094 9044 4908 9043 4907 9045 5094 9044 4907 9045 5093 9046 5093 9046 4907 9045 4906 9047 5093 9046 4906 9047 5092 9048 5092 9048 4906 9047 4905 9049 5092 9048 4905 9049 5091 9050 5091 9050 4905 9049 5090 9051 5090 9051 4905 9049 4904 9052 5090 9051 4904 9052 5113 9053 5113 9053 4904 9052 4903 9054 5113 9053 4903 9054 5112 9055 5112 9055 4903 9054 4902 9056 5112 9055 4902 9056 5111 9057 5111 9057 4902 9056 5110 8790 5110 8790 4902 9056 4845 8788 5056 8862 4997 8865 5055 9058 5055 9058 4997 8865 4998 9059 5055 9058 4998 9059 4999 9060 4999 9060 5000 9061 5055 9058 5055 9058 5000 9061 5054 8942 5054 8942 5000 9061 5001 8940 5001 8940 5002 9062 4971 8895 4971 8895 5002 9062 5003 8893 5023 8830 5024 8825 4834 8824 5044 8808 5045 8803 4840 8802 5049 8801 5050 8795 4842 8794 5054 8942 5084 9063 5053 9022 5053 9022 5084 9063 5085 9064 5053 9022 5085 9064 5086 9065 5060 8819 5061 8814 4837 8813 5065 8812 5042 8806 4839 8805 5083 8944 5084 9063 5054 8942 5086 9065 5087 9020 5053 9022 5105 8797 5106 8792 4843 8791 4553 9066 4363 9067 4530 9068 4530 9068 4363 9067 4362 9069 4530 9068 4362 9069 4531 9070 4531 9070 4362 9069 4385 9071 4531 9070 4385 9071 4532 9072 4532 9072 4385 9071 4384 9073 4532 9072 4384 9073 4533 9074 4533 9074 4384 9073 4383 9075 4533 9074 4383 9075 4534 9076 4534 9076 4383 9075 4382 9077 4534 9076 4382 9077 4535 9078 4535 9078 4382 9077 4381 9079 4535 9078 4381 9079 4536 9080 4536 9080 4381 9079 4380 9081 4536 9080 4380 9081 4537 9082 4537 9082 4380 9081 4379 9083 4537 9082 4379 9083 4538 9084 4538 9084 4379 9083 4378 9085 4538 9084 4378 9085 4539 9086 4539 9086 4378 9085 4377 9087 4539 9086 4377 9087 4540 9088 4540 9088 4377 9087 4376 9089 4540 9088 4376 9089 4541 9090 4541 9090 4376 9089 4375 9091 4541 9090 4375 9091 4542 9092 4542 9092 4375 9091 4374 9093 4542 9092 4374 9093 4543 9094 4543 9094 4374 9093 4373 9095 4543 9094 4373 9095 4544 9096 4544 9096 4373 9095 4372 9097 4544 9096 4372 9097 4545 9098 4545 9098 4372 9097 4371 9099 4545 9098 4371 9099 4546 9100 4546 9100 4371 9099 4370 9101 4546 9100 4370 9101 4547 9102 4547 9102 4370 9101 4369 9103 4547 9102 4369 9103 4548 9104 4548 9104 4369 9103 4368 9105 4548 9104 4368 9105 4549 9106 4549 9106 4368 9105 4367 9107 4549 9106 4367 9107 4550 9108 4550 9108 4367 9107 4366 9109 4550 9108 4366 9109 4551 9110 4551 9110 4366 9109 4365 9111 4551 9110 4365 9111 4552 9112 4552 9112 4365 9111 4364 9113 4552 9112 4364 9113 4553 9066 4553 9066 4364 9113 4363 9067 4529 9114 4339 9115 4506 9116 4506 9116 4339 9115 4338 9117 4506 9116 4338 9117 4507 9118 4507 9118 4338 9117 4361 9119 4507 9118 4361 9119 4508 9120 4508 9120 4361 9119 4360 9121 4508 9120 4360 9121 4509 9122 4509 9122 4360 9121 4359 9123 4509 9122 4359 9123 4510 9124 4510 9124 4359 9123 4358 9125 4510 9124 4358 9125 4511 9126 4511 9126 4358 9125 4357 9127 4511 9126 4357 9127 4512 9128 4512 9128 4357 9127 4356 9129 4512 9128 4356 9129 4513 9130 4513 9130 4356 9129 4355 9131 4513 9130 4355 9131 4514 9132 4514 9132 4355 9131 4354 9133 4514 9132 4354 9133 4515 9134 4515 9134 4354 9133 4353 9135 4515 9134 4353 9135 4516 9136 4516 9136 4353 9135 4352 9137 4516 9136 4352 9137 4517 9138 4517 9138 4352 9137 4351 9139 4517 9138 4351 9139 4518 9140 4518 9140 4351 9139 4350 9141 4518 9140 4350 9141 4519 9142 4519 9142 4350 9141 4349 9143 4519 9142 4349 9143 4520 9144 4520 9144 4349 9143 4348 9145 4520 9144 4348 9145 4521 9146 4521 9146 4348 9145 4347 9147 4521 9146 4347 9147 4522 9148 4522 9148 4347 9147 4346 9149 4522 9148 4346 9149 4523 9150 4523 9150 4346 9149 4345 9151 4523 9150 4345 9151 4524 9152 4524 9152 4345 9151 4344 9153 4524 9152 4344 9153 4525 9154 4525 9154 4344 9153 4343 9155 4525 9154 4343 9155 4526 9156 4526 9156 4343 9155 4342 9157 4526 9156 4342 9157 4527 9158 4527 9158 4342 9157 4341 9159 4527 9158 4341 9159 4528 9160 4528 9160 4341 9159 4340 9161 4528 9160 4340 9161 4529 9114 4529 9114 4340 9161 4339 9115 4505 9162 4315 9163 4482 9164 4482 9164 4315 9163 4314 9165 4482 9164 4314 9165 4483 9166 4483 9166 4314 9165 4337 9167 4483 9166 4337 9167 4484 9168 4484 9168 4337 9167 4336 9169 4484 9168 4336 9169 4485 9170 4485 9170 4336 9169 4335 9171 4485 9170 4335 9171 4486 9172 4486 9172 4335 9171 4334 9173 4486 9172 4334 9173 4487 9174 4487 9174 4334 9173 4333 9175 4487 9174 4333 9175 4488 9176 4488 9176 4333 9175 4332 9177 4488 9176 4332 9177 4489 9178 4489 9178 4332 9177 4331 9179 4489 9178 4331 9179 4490 9180 4490 9180 4331 9179 4330 9181 4490 9180 4330 9181 4491 9182 4491 9182 4330 9181 4329 9183 4491 9182 4329 9183 4492 9184 4492 9184 4329 9183 4328 9185 4492 9184 4328 9185 4493 9186 4493 9186 4328 9185 4327 9187 4493 9186 4327 9187 4494 9188 4494 9188 4327 9187 4326 9189 4494 9188 4326 9189 4495 9190 4495 9190 4326 9189 4325 9191 4495 9190 4325 9191 4496 9192 4496 9192 4325 9191 4324 9193 4496 9192 4324 9193 4497 9194 4497 9194 4324 9193 4323 9195 4497 9194 4323 9195 4498 9196 4498 9196 4323 9195 4322 9197 4498 9196 4322 9197 4499 9198 4499 9198 4322 9197 4321 9199 4499 9198 4321 9199 4500 9200 4500 9200 4321 9199 4320 9201 4500 9200 4320 9201 4501 9202 4501 9202 4320 9201 4319 9203 4501 9202 4319 9203 4502 9204 4502 9204 4319 9203 4318 9205 4502 9204 4318 9205 4503 9206 4503 9206 4318 9205 4317 9207 4503 9206 4317 9207 4504 9208 4504 9208 4317 9207 4316 9209 4504 9208 4316 9209 4505 9162 4505 9162 4316 9209 4315 9163 4481 9210 4291 9211 4458 9212 4458 9212 4291 9211 4290 9213 4458 9212 4290 9213 4459 9214 4459 9214 4290 9213 4313 9215 4459 9214 4313 9215 4460 9216 4460 9216 4313 9215 4312 9217 4460 9216 4312 9217 4461 9218 4461 9218 4312 9217 4311 9219 4461 9218 4311 9219 4462 9220 4462 9220 4311 9219 4310 9221 4462 9220 4310 9221 4463 9222 4463 9222 4310 9221 4309 9223 4463 9222 4309 9223 4464 9224 4464 9224 4309 9223 4308 9225 4464 9224 4308 9225 4465 9226 4465 9226 4308 9225 4307 9227 4465 9226 4307 9227 4466 9228 4466 9228 4307 9227 4306 9229 4466 9228 4306 9229 4467 9230 4467 9230 4306 9229 4305 9231 4467 9230 4305 9231 4468 9232 4468 9232 4305 9231 4304 9233 4468 9232 4304 9233 4469 9234 4469 9234 4304 9233 4303 9235 4469 9234 4303 9235 4470 9236 4470 9236 4303 9235 4302 9237 4470 9236 4302 9237 4471 9238 4471 9238 4302 9237 4301 9239 4471 9238 4301 9239 4472 9240 4472 9240 4301 9239 4300 9241 4472 9240 4300 9241 4473 9242 4473 9242 4300 9241 4299 9243 4473 9242 4299 9243 4474 9244 4474 9244 4299 9243 4298 9245 4474 9244 4298 9245 4475 9246 4475 9246 4298 9245 4297 9247 4475 9246 4297 9247 4476 9248 4476 9248 4297 9247 4296 9249 4476 9248 4296 9249 4477 9250 4477 9250 4296 9249 4295 9251 4477 9250 4295 9251 4478 9252 4478 9252 4295 9251 4294 9253 4478 9252 4294 9253 4479 9254 4479 9254 4294 9253 4293 9255 4479 9254 4293 9255 4480 9256 4480 9256 4293 9255 4292 9257 4480 9256 4292 9257 4481 9210 4481 9210 4292 9257 4291 9211 4457 9258 4267 9259 4434 9260 4434 9260 4267 9259 4266 9261 4434 9260 4266 9261 4435 9262 4435 9262 4266 9261 4289 9263 4435 9262 4289 9263 4436 9264 4436 9264 4289 9263 4288 9265 4436 9264 4288 9265 4437 9266 4437 9266 4288 9265 4287 9267 4437 9266 4287 9267 4438 9268 4438 9268 4287 9267 4286 9269 4438 9268 4286 9269 4439 9270 4439 9270 4286 9269 4285 9271 4439 9270 4285 9271 4440 9272 4440 9272 4285 9271 4284 9273 4440 9272 4284 9273 4441 9274 4441 9274 4284 9273 4283 9275 4441 9274 4283 9275 4442 9276 4442 9276 4283 9275 4282 9277 4442 9276 4282 9277 4443 9278 4443 9278 4282 9277 4281 9279 4443 9278 4281 9279 4444 9280 4444 9280 4281 9279 4280 9281 4444 9280 4280 9281 4445 9282 4445 9282 4280 9281 4279 9283 4445 9282 4279 9283 4446 9284 4446 9284 4279 9283 4278 9285 4446 9284 4278 9285 4447 9286 4447 9286 4278 9285 4277 9287 4447 9286 4277 9287 4448 9288 4448 9288 4277 9287 4276 9289 4448 9288 4276 9289 4449 9290 4449 9290 4276 9289 4275 9291 4449 9290 4275 9291 4450 9292 4450 9292 4275 9291 4274 9293 4450 9292 4274 9293 4451 9294 4451 9294 4274 9293 4273 9295 4451 9294 4273 9295 4452 9296 4452 9296 4273 9295 4272 9297 4452 9296 4272 9297 4453 9298 4453 9298 4272 9297 4271 9299 4453 9298 4271 9299 4454 9300 4454 9300 4271 9299 4270 9301 4454 9300 4270 9301 4455 9302 4455 9302 4270 9301 4269 9303 4455 9302 4269 9303 4456 9304 4456 9304 4269 9303 4268 9305 4456 9304 4268 9305 4457 9258 4457 9258 4268 9305 4267 9259 4433 9306 4243 9307 4410 9308 4410 9308 4243 9307 4242 9309 4410 9308 4242 9309 4411 9310 4411 9310 4242 9309 4265 9311 4411 9310 4265 9311 4412 9312 4412 9312 4265 9311 4264 9313 4412 9312 4264 9313 4413 9314 4413 9314 4264 9313 4263 9315 4413 9314 4263 9315 4414 9316 4414 9316 4263 9315 4262 9317 4414 9316 4262 9317 4415 9318 4415 9318 4262 9317 4261 9319 4415 9318 4261 9319 4416 9320 4416 9320 4261 9319 4260 9321 4416 9320 4260 9321 4417 9322 4417 9322 4260 9321 4259 9323 4417 9322 4259 9323 4418 9324 4418 9324 4259 9323 4258 9325 4418 9324 4258 9325 4419 9326 4419 9326 4258 9325 4257 9327 4419 9326 4257 9327 4420 9328 4420 9328 4257 9327 4256 9329 4420 9328 4256 9329 4421 9330 4421 9330 4256 9329 4255 9331 4421 9330 4255 9331 4422 9332 4422 9332 4255 9331 4254 9333 4422 9332 4254 9333 4423 9334 4423 9334 4254 9333 4253 9335 4423 9334 4253 9335 4424 9336 4424 9336 4253 9335 4252 9337 4424 9336 4252 9337 4425 9338 4425 9338 4252 9337 4251 9339 4425 9338 4251 9339 4426 9340 4426 9340 4251 9339 4250 9341 4426 9340 4250 9341 4427 9342 4427 9342 4250 9341 4249 9343 4427 9342 4249 9343 4428 9344 4428 9344 4249 9343 4248 9345 4428 9344 4248 9345 4429 9346 4429 9346 4248 9345 4247 9347 4429 9346 4247 9347 4430 9348 4430 9348 4247 9347 4246 9349 4430 9348 4246 9349 4431 9350 4431 9350 4246 9349 4245 9351 4431 9350 4245 9351 4432 9352 4432 9352 4245 9351 4244 9353 4432 9352 4244 9353 4433 9306 4433 9306 4244 9353 4243 9307 4409 9354 4219 9355 4386 9356 4386 9356 4219 9355 4218 9357 4386 9356 4218 9357 4387 9358 4387 9358 4218 9357 4241 9359 4387 9358 4241 9359 4388 9360 4388 9360 4241 9359 4240 9361 4388 9360 4240 9361 4389 9362 4389 9362 4240 9361 4239 9363 4389 9362 4239 9363 4390 9364 4390 9364 4239 9363 4238 9365 4390 9364 4238 9365 4391 9366 4391 9366 4238 9365 4237 9367 4391 9366 4237 9367 4392 9368 4392 9368 4237 9367 4236 9369 4392 9368 4236 9369 4393 9370 4393 9370 4236 9369 4235 9371 4393 9370 4235 9371 4394 9372 4394 9372 4235 9371 4234 9373 4394 9372 4234 9373 4395 9374 4395 9374 4234 9373 4233 9375 4395 9374 4233 9375 4396 9376 4396 9376 4233 9375 4232 9377 4396 9376 4232 9377 4397 9378 4397 9378 4232 9377 4231 9379 4397 9378 4231 9379 4398 9380 4398 9380 4231 9379 4230 9381 4398 9380 4230 9381 4399 9382 4399 9382 4230 9381 4229 9383 4399 9382 4229 9383 4400 9384 4400 9384 4229 9383 4228 9385 4400 9384 4228 9385 4401 9386 4401 9386 4228 9385 4227 9387 4401 9386 4227 9387 4402 9388 4402 9388 4227 9387 4226 9389 4402 9388 4226 9389 4403 9390 4403 9390 4226 9389 4225 9391 4403 9390 4225 9391 4404 9392 4404 9392 4225 9391 4224 9393 4404 9392 4224 9393 4405 9394 4405 9394 4224 9393 4223 9395 4405 9394 4223 9395 4406 9396 4406 9396 4223 9395 4222 9397 4406 9396 4222 9397 4407 9398 4407 9398 4222 9397 4221 9399 4407 9398 4221 9399 4408 9400 4408 9400 4221 9399 4220 9401 4408 9400 4220 9401 4409 9354 4409 9354 4220 9401 4219 9355 4833 9402 5091 9403 4810 9404 4810 9404 5091 9403 5090 9405 4810 9404 5090 9405 4811 9406 4811 9406 5090 9405 5113 9407 4811 9406 5113 9407 4812 9408 4812 9408 5113 9407 5112 9409 4812 9408 5112 9409 4813 9410 4813 9410 5112 9409 5111 9411 4813 9410 5111 9411 4814 9412 4814 9412 5111 9411 5110 9413 4814 9412 5110 9413 4815 9414 4815 9414 5110 9413 5109 9415 4815 9414 5109 9415 4816 9416 4816 9416 5109 9415 5108 9417 4816 9416 5108 9417 4817 9418 4817 9418 5108 9417 5107 9419 4817 9418 5107 9419 4818 9420 4818 9420 5107 9419 5106 9421 4818 9420 5106 9421 4819 9422 4819 9422 5106 9421 5105 9423 4819 9422 5105 9423 4820 9424 4820 9424 5105 9423 5104 9425 4820 9424 5104 9425 4821 9426 4821 9426 5104 9425 5103 9427 4821 9426 5103 9427 4822 9428 4822 9428 5103 9427 5102 9429 4822 9428 5102 9429 4823 9430 4823 9430 5102 9429 5101 9431 4823 9430 5101 9431 4824 9432 4824 9432 5101 9431 5100 9433 4824 9432 5100 9433 4825 9434 4825 9434 5100 9433 5099 9435 4825 9434 5099 9435 4826 9436 4826 9436 5099 9435 5098 9437 4826 9436 5098 9437 4827 9438 4827 9438 5098 9437 5097 9439 4827 9438 5097 9439 4828 9440 4828 9440 5097 9439 5096 9441 4828 9440 5096 9441 4829 9442 4829 9442 5096 9441 5095 9443 4829 9442 5095 9443 4830 9444 4830 9444 5095 9443 5094 9445 4830 9444 5094 9445 4831 9446 4831 9446 5094 9445 5093 9447 4831 9446 5093 9447 4832 9448 4832 9448 5093 9447 5092 9449 4832 9448 5092 9449 4833 9402 4833 9402 5092 9449 5091 9403 4809 9450 5067 9451 4786 9452 4786 9452 5067 9451 5066 9453 4786 9452 5066 9453 4787 9454 4787 9454 5066 9453 5089 9455 4787 9454 5089 9455 4788 9456 4788 9456 5089 9455 5088 9457 4788 9456 5088 9457 4789 9458 4789 9458 5088 9457 5087 9459 4789 9458 5087 9459 4790 9460 4790 9460 5087 9459 5086 9461 4790 9460 5086 9461 4791 9462 4791 9462 5086 9461 5085 9463 4791 9462 5085 9463 4792 9464 4792 9464 5085 9463 5084 9465 4792 9464 5084 9465 4793 9466 4793 9466 5084 9465 5083 9467 4793 9466 5083 9467 4794 9468 4794 9468 5083 9467 5082 9469 4794 9468 5082 9469 4795 9470 4795 9470 5082 9469 5081 9471 4795 9470 5081 9471 4796 9472 4796 9472 5081 9471 5080 9473 4796 9472 5080 9473 4797 9474 4797 9474 5080 9473 5079 9475 4797 9474 5079 9475 4798 9476 4798 9476 5079 9475 5078 9477 4798 9476 5078 9477 4799 9478 4799 9478 5078 9477 5077 9479 4799 9478 5077 9479 4800 9480 4800 9480 5077 9479 5076 9481 4800 9480 5076 9481 4801 9482 4801 9482 5076 9481 5075 9483 4801 9482 5075 9483 4802 9484 4802 9484 5075 9483 5074 9485 4802 9484 5074 9485 4803 9486 4803 9486 5074 9485 5073 9487 4803 9486 5073 9487 4804 9488 4804 9488 5073 9487 5072 9489 4804 9488 5072 9489 4805 9490 4805 9490 5072 9489 5071 9491 4805 9490 5071 9491 4806 9492 4806 9492 5071 9491 5070 9493 4806 9492 5070 9493 4807 9494 4807 9494 5070 9493 5069 9495 4807 9494 5069 9495 4808 9496 4808 9496 5069 9495 5068 9497 4808 9496 5068 9497 4809 9450 4809 9450 5068 9497 5067 9451 4785 9498 5043 9499 4762 9500 4762 9500 5043 9499 5042 9501 4762 9500 5042 9501 4763 9502 4763 9502 5042 9501 5065 9503 4763 9502 5065 9503 4764 9504 4764 9504 5065 9503 5064 9505 4764 9504 5064 9505 4765 9506 4765 9506 5064 9505 5063 9507 4765 9506 5063 9507 4766 9508 4766 9508 5063 9507 5062 9509 4766 9508 5062 9509 4767 9510 4767 9510 5062 9509 5061 9511 4767 9510 5061 9511 4768 9512 4768 9512 5061 9511 5060 9513 4768 9512 5060 9513 4769 9514 4769 9514 5060 9513 5059 9515 4769 9514 5059 9515 4770 9516 4770 9516 5059 9515 5058 9517 4770 9516 5058 9517 4771 9518 4771 9518 5058 9517 5057 9519 4771 9518 5057 9519 4772 9520 4772 9520 5057 9519 5056 9521 4772 9520 5056 9521 4773 9522 4773 9522 5056 9521 5055 9523 4773 9522 5055 9523 4774 9524 4774 9524 5055 9523 5054 9525 4774 9524 5054 9525 4775 9526 4775 9526 5054 9525 5053 9527 4775 9526 5053 9527 4776 9528 4776 9528 5053 9527 5052 9529 4776 9528 5052 9529 4777 9530 4777 9530 5052 9529 5051 9531 4777 9530 5051 9531 4778 9532 4778 9532 5051 9531 5050 9533 4778 9532 5050 9533 4779 9534 4779 9534 5050 9533 5049 9535 4779 9534 5049 9535 4780 9536 4780 9536 5049 9535 5048 9537 4780 9536 5048 9537 4781 9538 4781 9538 5048 9537 5047 9539 4781 9538 5047 9539 4782 9540 4782 9540 5047 9539 5046 9541 4782 9540 5046 9541 4783 9542 4783 9542 5046 9541 5045 9543 4783 9542 5045 9543 4784 9544 4784 9544 5045 9543 5044 9545 4784 9544 5044 9545 4785 9498 4785 9498 5044 9545 5043 9499 4761 9546 5019 9547 4738 9548 4738 9548 5019 9547 5018 9549 4738 9548 5018 9549 4739 9550 4739 9550 5018 9549 5041 9551 4739 9550 5041 9551 4740 9552 4740 9552 5041 9551 5040 9553 4740 9552 5040 9553 4741 9554 4741 9554 5040 9553 5039 9555 4741 9554 5039 9555 4742 9556 4742 9556 5039 9555 5038 9557 4742 9556 5038 9557 4743 9558 4743 9558 5038 9557 5037 9559 4743 9558 5037 9559 4744 9560 4744 9560 5037 9559 5036 9561 4744 9560 5036 9561 4745 9562 4745 9562 5036 9561 5035 9563 4745 9562 5035 9563 4746 9564 4746 9564 5035 9563 5034 9565 4746 9564 5034 9565 4747 9566 4747 9566 5034 9565 5033 9567 4747 9566 5033 9567 4748 9568 4748 9568 5033 9567 5032 9569 4748 9568 5032 9569 4749 9570 4749 9570 5032 9569 5031 9571 4749 9570 5031 9571 4750 9572 4750 9572 5031 9571 5030 9573 4750 9572 5030 9573 4751 9574 4751 9574 5030 9573 5029 9575 4751 9574 5029 9575 4752 9576 4752 9576 5029 9575 5028 9577 4752 9576 5028 9577 4753 9578 4753 9578 5028 9577 5027 9579 4753 9578 5027 9579 4754 9580 4754 9580 5027 9579 5026 9581 4754 9580 5026 9581 4755 9582 4755 9582 5026 9581 5025 9583 4755 9582 5025 9583 4756 9584 4756 9584 5025 9583 5024 9585 4756 9584 5024 9585 4757 9586 4757 9586 5024 9585 5023 9587 4757 9586 5023 9587 4758 9588 4758 9588 5023 9587 5022 9589 4758 9588 5022 9589 4759 9590 4759 9590 5022 9589 5021 9591 4759 9590 5021 9591 4760 9592 4760 9592 5021 9591 5020 9593 4760 9592 5020 9593 4761 9546 4761 9546 5020 9593 5019 9547 4737 9594 4995 9595 4714 9596 4714 9596 4995 9595 4994 9597 4714 9596 4994 9597 4715 9598 4715 9598 4994 9597 5017 9599 4715 9598 5017 9599 4716 9600 4716 9600 5017 9599 5016 9601 4716 9600 5016 9601 4717 9602 4717 9602 5016 9601 5015 9603 4717 9602 5015 9603 4718 9604 4718 9604 5015 9603 5014 9605 4718 9604 5014 9605 4719 9606 4719 9606 5014 9605 5013 9607 4719 9606 5013 9607 4720 9608 4720 9608 5013 9607 5012 9609 4720 9608 5012 9609 4721 9610 4721 9610 5012 9609 5011 9611 4721 9610 5011 9611 4722 9612 4722 9612 5011 9611 5010 9613 4722 9612 5010 9613 4723 9614 4723 9614 5010 9613 5009 9615 4723 9614 5009 9615 4724 9616 4724 9616 5009 9615 5008 9617 4724 9616 5008 9617 4725 9618 4725 9618 5008 9617 5007 9619 4725 9618 5007 9619 4726 9620 4726 9620 5007 9619 5006 9621 4726 9620 5006 9621 4727 9622 4727 9622 5006 9621 5005 9623 4727 9622 5005 9623 4728 9624 4728 9624 5005 9623 5004 9625 4728 9624 5004 9625 4729 9626 4729 9626 5004 9625 5003 9627 4729 9626 5003 9627 4730 9628 4730 9628 5003 9627 5002 9629 4730 9628 5002 9629 4731 9630 4731 9630 5002 9629 5001 9631 4731 9630 5001 9631 4732 9632 4732 9632 5001 9631 5000 9633 4732 9632 5000 9633 4733 9634 4733 9634 5000 9633 4999 9635 4733 9634 4999 9635 4734 9636 4734 9636 4999 9635 4998 9637 4734 9636 4998 9637 4735 9638 4735 9638 4998 9637 4997 9639 4735 9638 4997 9639 4736 9640 4736 9640 4997 9639 4996 9641 4736 9640 4996 9641 4737 9594 4737 9594 4996 9641 4995 9595 4713 9642 4971 9643 4690 9644 4690 9644 4971 9643 4970 9645 4690 9644 4970 9645 4691 9646 4691 9646 4970 9645 4993 9647 4691 9646 4993 9647 4692 9648 4692 9648 4993 9647 4992 9649 4692 9648 4992 9649 4693 9650 4693 9650 4992 9649 4991 9651 4693 9650 4991 9651 4694 9652 4694 9652 4991 9651 4990 9653 4694 9652 4990 9653 4695 9654 4695 9654 4990 9653 4989 9655 4695 9654 4989 9655 4696 9656 4696 9656 4989 9655 4988 9657 4696 9656 4988 9657 4697 9658 4697 9658 4988 9657 4987 9659 4697 9658 4987 9659 4698 9660 4698 9660 4987 9659 4986 9661 4698 9660 4986 9661 4699 9662 4699 9662 4986 9661 4985 9663 4699 9662 4985 9663 4700 9664 4700 9664 4985 9663 4984 9665 4700 9664 4984 9665 4701 9666 4701 9666 4984 9665 4983 9667 4701 9666 4983 9667 4702 9668 4702 9668 4983 9667 4982 9669 4702 9668 4982 9669 4703 9670 4703 9670 4982 9669 4981 9671 4703 9670 4981 9671 4704 9672 4704 9672 4981 9671 4980 9673 4704 9672 4980 9673 4705 9674 4705 9674 4980 9673 4979 9675 4705 9674 4979 9675 4706 9676 4706 9676 4979 9675 4978 9677 4706 9676 4978 9677 4707 9678 4707 9678 4978 9677 4977 9679 4707 9678 4977 9679 4708 9680 4708 9680 4977 9679 4976 9681 4708 9680 4976 9681 4709 9682 4709 9682 4976 9681 4975 9683 4709 9682 4975 9683 4710 9684 4710 9684 4975 9683 4974 9685 4710 9684 4974 9685 4711 9686 4711 9686 4974 9685 4973 9687 4711 9686 4973 9687 4712 9688 4712 9688 4973 9687 4972 9689 4712 9688 4972 9689 4713 9642 4713 9642 4972 9689 4971 9643 4689 9690 4947 9691 4666 9692 4666 9692 4947 9691 4946 9693 4666 9692 4946 9693 4667 9694 4667 9694 4946 9693 4969 9695 4667 9694 4969 9695 4668 9696 4668 9696 4969 9695 4968 9697 4668 9696 4968 9697 4669 9698 4669 9698 4968 9697 4967 9699 4669 9698 4967 9699 4670 9700 4670 9700 4967 9699 4966 9701 4670 9700 4966 9701 4671 9702 4671 9702 4966 9701 4965 9703 4671 9702 4965 9703 4672 9704 4672 9704 4965 9703 4964 9705 4672 9704 4964 9705 4673 9706 4673 9706 4964 9705 4963 9707 4673 9706 4963 9707 4674 9708 4674 9708 4963 9707 4962 9709 4674 9708 4962 9709 4675 9710 4675 9710 4962 9709 4961 9711 4675 9710 4961 9711 4676 9712 4676 9712 4961 9711 4960 9713 4676 9712 4960 9713 4677 9714 4677 9714 4960 9713 4959 9715 4677 9714 4959 9715 4678 9716 4678 9716 4959 9715 4958 9717 4678 9716 4958 9717 4679 9718 4679 9718 4958 9717 4957 9719 4679 9718 4957 9719 4680 9720 4680 9720 4957 9719 4956 9721 4680 9720 4956 9721 4681 9722 4681 9722 4956 9721 4955 9723 4681 9722 4955 9723 4682 9724 4682 9724 4955 9723 4954 9725 4682 9724 4954 9725 4683 9726 4683 9726 4954 9725 4953 9727 4683 9726 4953 9727 4684 9728 4684 9728 4953 9727 4952 9729 4684 9728 4952 9729 4685 9730 4685 9730 4952 9729 4951 9731 4685 9730 4951 9731 4686 9732 4686 9732 4951 9731 4950 9733 4686 9732 4950 9733 4687 9734 4687 9734 4950 9733 4949 9735 4687 9734 4949 9735 4688 9736 4688 9736 4949 9735 4948 9737 4688 9736 4948 9737 4689 9690 4689 9690 4948 9737 4947 9691 3395 9738 2907 9739 3344 9740 3344 9740 2907 9739 2906 9741 3344 9740 2906 9741 3345 9742 3345 9742 2906 9741 2905 9743 3345 9742 2905 9743 3346 9744 3346 9744 2905 9743 2904 9745 3346 9744 2904 9745 3347 9746 3347 9746 2904 9745 2903 9747 3347 9746 2903 9747 3348 9748 3348 9748 2903 9747 2902 9749 3348 9748 2902 9749 3349 9750 3349 9750 2902 9749 2901 9751 3349 9750 2901 9751 3350 9752 3350 9752 2901 9751 2900 9753 3350 9752 2900 9753 3351 9754 3351 9754 2900 9753 2899 9755 3351 9754 2899 9755 3352 9756 3352 9756 2899 9755 2898 9757 3352 9756 2898 9757 3353 9758 3353 9758 2898 9757 2897 9759 3353 9758 2897 9759 3354 9760 3354 9760 2897 9759 2896 9761 3354 9760 2896 9761 3355 9762 3355 9762 2896 9761 2895 9763 3355 9762 2895 9763 3356 9764 3356 9764 2895 9763 2894 9765 3356 9764 2894 9765 3357 9766 3357 9766 2894 9765 2893 9767 3357 9766 2893 9767 3358 9768 3358 9768 2893 9767 2892 9769 3358 9768 2892 9769 3359 9770 3359 9770 2892 9769 2891 9771 3359 9770 2891 9771 3360 9772 3360 9772 2891 9771 2890 9773 3360 9772 2890 9773 3361 9774 3361 9774 2890 9773 2889 9775 3361 9774 2889 9775 3362 9776 3362 9776 2889 9775 2888 9777 3362 9776 2888 9777 3363 9778 3363 9778 2888 9777 2887 9779 3363 9778 2887 9779 3364 9780 3364 9780 2887 9779 2886 9781 3364 9780 2886 9781 3365 9782 3365 9782 2886 9781 2885 9783 3365 9782 2885 9783 3366 9784 3366 9784 2885 9783 2884 9785 3366 9784 2884 9785 3367 9786 3367 9786 2884 9785 2883 9787 3367 9786 2883 9787 3368 9788 3368 9788 2883 9787 2882 9789 3368 9788 2882 9789 3369 9790 3369 9790 2882 9789 2881 9791 3369 9790 2881 9791 3370 9792 3370 9792 2881 9791 2880 9793 3370 9792 2880 9793 3371 9794 3371 9794 2880 9793 2931 9795 3371 9794 2931 9795 3372 9796 3372 9796 2931 9795 2930 9797 3372 9796 2930 9797 3373 9798 3373 9798 2930 9797 2929 9799 3373 9798 2929 9799 3374 9800 3374 9800 2929 9799 2928 9801 3374 9800 2928 9801 3375 9802 3375 9802 2928 9801 2927 9803 3375 9802 2927 9803 3376 9804 3376 9804 2927 9803 2926 9805 3376 9804 2926 9805 3377 9806 3377 9806 2926 9805 2925 9807 3377 9806 2925 9807 3378 9808 3378 9808 2925 9807 2924 9809 3378 9808 2924 9809 3379 9810 3379 9810 2924 9809 2923 9811 3379 9810 2923 9811 3380 9812 3380 9812 2923 9811 2922 9813 3380 9812 2922 9813 3381 9814 3381 9814 2922 9813 2921 9815 3381 9814 2921 9815 3382 9816 3382 9816 2921 9815 2920 9817 3382 9816 2920 9817 3383 9818 3383 9818 2920 9817 2919 9819 3383 9818 2919 9819 3384 9820 3384 9820 2919 9819 2918 9821 3384 9820 2918 9821 3385 9822 3385 9822 2918 9821 2917 9823 3385 9822 2917 9823 3386 9824 3386 9824 2917 9823 2916 9825 3386 9824 2916 9825 3387 9826 3387 9826 2916 9825 2915 9827 3387 9826 2915 9827 3388 9828 3388 9828 2915 9827 2914 9829 3388 9828 2914 9829 3389 9830 3389 9830 2914 9829 2913 9831 3389 9830 2913 9831 3390 9832 3390 9832 2913 9831 2912 9833 3390 9832 2912 9833 3391 9834 3391 9834 2912 9833 2911 9835 3391 9834 2911 9835 3392 9836 3392 9836 2911 9835 2910 9837 3392 9836 2910 9837 3393 9838 3393 9838 2910 9837 2909 9839 3393 9838 2909 9839 3394 9840 3394 9840 2909 9839 2908 9841 3394 9840 2908 9841 3395 9738 3395 9738 2908 9841 2907 9739</p>
        </triangles>
      </mesh>
    </geometry>
  </library_geometries>
  <library_visual_scenes>
    <visual_scene id="Scene" name="Scene">
      <node id="for_arm_group-node" name="for_arm_group" type="NODE">
        <instance_geometry url="#for_arm_group-mesh">
          <bind_material>
            <technique_common>
              <instance_material symbol="for_arm__Steel_-_Satin" target="#for_arm__Steel_-_Satin"/>
              <instance_material symbol="for_arm__Opaque_0_192_0_" target="#for_arm__Opaque_0_192_0_"/>
              <instance_material symbol="part01__Opaque_0_192_0_" target="#part01__Opaque_0_192_0_"/>
            </technique_common>
          </bind_material>
        </instance_geometry>
      </node>
    </visual_scene>
  </library_visual_scenes>
  <scene>
    <instance_visual_scene url="#Scene"/>
  </scene>
</COLLADA>
