<?xml version="1.0" encoding="utf-8"?>
<COLLADA xmlns="http://www.collada.org/2005/11/COLLADASchema" version="1.4.1">
  <asset>
    <contributor>
      <authoring_tool>Fusion URDF/XACRO Exporter</authoring_tool>
    </contributor>
    <created>2026-05-04T15:59:37Z</created>
    <modified>2026-05-04T15:59:37Z</modified>
    <unit name="meter" meter="1.0"/>
    <up_axis>Z_UP</up_axis>
  </asset>
  <library_effects>
    <effect id="Opaque_0_192_0_-effect">
      <profile_COMMON>
        <technique sid="common">
          <lambert>
            <emission><color>0 0 0 1</color></emission>
            <ambient><color>0.0000 0.0000 0.0000 1</color></ambient>
            <diffuse><color>0.0000 0.7529 0.0000 1</color></diffuse>
            <reflective><color>0 0 0 1</color></reflective>
            <transparent opaque="A_ONE"><color>1 1 1 1</color></transparent>
            <transparency><float>1</float></transparency>
          </lambert>
        </technique>
      </profile_COMMON>
    </effect>
  </library_effects>
  <library_materials>
    <material id="Opaque_0_192_0_" name="Opaque(0,192,0)">
      <instance_effect url="#Opaque_0_192_0_-effect"/>
    </material>
  </library_materials>
  <library_geometries>
    <geometry id="Part02-mesh" name="Part02">
      <mesh>
        <source id="Part02-mesh-positions">
          <float_array id="Part02-mesh-positions-array" count="2430">0.010000 0.000000 -0.075000 0.010000 -0.005118 -0.074825 0.010000 -0.010212 -0.074301 0.010000 -0.015259 -0.073431 0.010000 -0.020235 -0.072219 0.010000 -0.025116 -0.070670 0.010000 -0.029880 -0.068791 0.010000 -0.034505 -0.066591 0.010000 -0.038969 -0.064081 0.010000 -0.043251 -0.061273 0.010000 -0.047332 -0.058178 0.010000 -0.051191 -0.054813 0.010000 -0.054813 -0.051191 0.010000 -0.058178 -0.047332 0.010000 -0.061273 -0.043251 0.010000 -0.064081 -0.038969 0.010000 -0.066591 -0.034505 0.010000 -0.068791 -0.029880 0.010000 -0.070670 -0.025116 0.010000 -0.072219 -0.020235 0.010000 -0.073431 -0.015259 0.010000 -0.074301 -0.010212 0.010000 -0.074825 -0.005118 0.010000 -0.075000 0.000000 0.010000 -0.074825 0.005118 0.010000 -0.074301 0.010212 0.010000 -0.073431 0.015259 0.010000 -0.072219 0.020235 0.010000 -0.070670 0.025116 0.010000 -0.068791 0.029880 0.010000 -0.066591 0.034505 0.010000 -0.064081 0.038969 0.010000 -0.061273 0.043251 0.010000 -0.058178 0.047332 0.010000 -0.054813 0.051191 0.010000 -0.051191 0.054813 0.010000 -0.047332 0.058178 0.010000 -0.043251 0.061273 0.010000 -0.038969 0.064081 0.010000 -0.034505 0.066591 0.010000 -0.029880 0.068791 0.010000 -0.025116 0.070670 0.010000 -0.020235 0.072219 0.010000 -0.015259 0.073431 0.010000 -0.010212 0.074301 0.010000 -0.005118 0.074825 0.010000 0.000000 0.075000 0.010000 0.005118 0.074825 0.010000 0.010212 0.074301 0.010000 0.015259 0.073431 0.010000 0.020235 0.072219 0.010000 0.025116 0.070670 0.010000 0.029880 0.068791 0.010000 0.034505 0.066591 0.010000 0.038969 0.064081 0.010000 0.043251 0.061273 0.010000 0.047332 0.058178 0.010000 0.051191 0.054813 0.010000 0.054813 0.051191 0.010000 0.058178 0.047332 0.010000 0.061273 0.043251 0.010000 0.064081 0.038969 0.010000 0.066591 0.034505 0.010000 0.068791 0.029880 0.010000 0.070670 0.025116 0.010000 0.072219 0.020235 0.010000 0.073431 0.015259 0.010000 0.074301 0.010212 0.010000 0.074825 0.005118 0.010000 0.075000 -0.000000 0.010000 0.074825 -0.005118 0.010000 0.074301 -0.010212 0.010000 0.073431 -0.015259 0.010000 0.072219 -0.020235 0.010000 0.070670 -0.025116 0.010000 0.068791 -0.029880 0.010000 0.066591 -0.034505 0.010000 0.064081 -0.038969 0.010000 0.061273 -0.043251 0.010000 0.058178 -0.047332 0.010000 0.054813 -0.051191 0.010000 0.051191 -0.054813 0.010000 0.047332 -0.058178 0.010000 0.043251 -0.061273 0.010000 0.038969 -0.064081 0.010000 0.034505 -0.066591 0.010000 0.029880 -0.068791 0.010000 0.025116 -0.070670 0.010000 0.020235 -0.072219 0.010000 0.015259 -0.073431 0.010000 0.010212 -0.074301 0.010000 0.005118 -0.074825 0.000000 0.000000 -0.075000 0.000000 0.005118 -0.074825 0.000000 0.010212 -0.074301 0.000000 0.015259 -0.073431 0.000000 0.020235 -0.072219 0.000000 0.025116 -0.070670 0.000000 0.029880 -0.068791 0.000000 0.034505 -0.066591 0.000000 0.038969 -0.064081 0.000000 0.043251 -0.061273 0.000000 0.047332 -0.058178 0.000000 0.051191 -0.054813 0.000000 0.054813 -0.051191 0.000000 0.058178 -0.047332 0.000000 0.061273 -0.043251 0.000000 0.064081 -0.038969 0.000000 0.066591 -0.034505 0.000000 0.068791 -0.029880 0.000000 0.070670 -0.025116 0.000000 0.072219 -0.020235 0.000000 0.073431 -0.015259 0.000000 0.074301 -0.010212 0.000000 0.074825 -0.005118 0.000000 0.075000 -0.000000 0.000000 0.074825 0.005118 0.000000 0.074301 0.010212 0.000000 0.073431 0.015259 0.000000 0.072219 0.020235 0.000000 0.070670 0.025116 0.000000 0.068791 0.029880 0.000000 0.066591 0.034505 0.000000 0.064081 0.038969 0.000000 0.061273 0.043251 0.000000 0.058178 0.047332 0.000000 0.054813 0.051191 0.000000 0.051191 0.054813 0.000000 0.047332 0.058178 0.000000 0.043251 0.061273 0.000000 0.038969 0.064081 0.000000 0.034505 0.066591 0.000000 0.029880 0.068791 0.000000 0.025116 0.070670 0.000000 0.020235 0.072219 0.000000 0.015259 0.073431 0.000000 0.010212 0.074301 0.000000 0.005118 0.074825 0.000000 0.000000 0.075000 0.000000 -0.005118 0.074825 0.000000 -0.010212 0.074301 0.000000 -0.015259 0.073431 0.000000 -0.020235 0.072219 0.000000 -0.025116 0.070670 0.000000 -0.029880 0.068791 0.000000 -0.034505 0.066591 0.000000 -0.038969 0.064081 0.000000 -0.043251 0.061273 0.000000 -0.047332 0.058178 0.000000 -0.051191 0.054813 0.000000 -0.054813 0.051191 0.000000 -0.058178 0.047332 0.000000 -0.061273 0.043251 0.000000 -0.064081 0.038969 0.000000 -0.066591 0.034505 0.000000 -0.068791 0.029880 0.000000 -0.070670 0.025116 0.000000 -0.072219 0.020235 0.000000 -0.073431 0.015259 0.000000 -0.074301 0.010212 0.000000 -0.074825 0.005118 0.000000 -0.075000 0.000000 0.000000 -0.074825 -0.005118 0.000000 -0.074301 -0.010212 0.000000 -0.073431 -0.015259 0.000000 -0.072219 -0.020235 0.000000 -0.070670 -0.025116 0.000000 -0.068791 -0.029880 0.000000 -0.066591 -0.034505 0.000000 -0.064081 -0.038969 0.000000 -0.061273 -0.043251 0.000000 -0.058178 -0.047332 0.000000 -0.054813 -0.051191 0.000000 -0.051191 -0.054813 0.000000 -0.047332 -0.058178 0.000000 -0.043251 -0.061273 0.000000 -0.038969 -0.064081 0.000000 -0.034505 -0.066591 0.000000 -0.029880 -0.068791 0.000000 -0.025116 -0.070670 0.000000 -0.020235 -0.072219 0.000000 -0.015259 -0.073431 0.000000 -0.010212 -0.074301 0.000000 -0.005118 -0.074825 0.010000 0.000000 -0.065000 0.010000 -0.004745 -0.064827 0.010000 -0.009464 -0.064307 0.010000 -0.014133 -0.063445 0.010000 -0.018726 -0.062244 0.010000 -0.023220 -0.060711 0.010000 -0.027590 -0.058854 0.010000 -0.031812 -0.056683 0.010000 -0.035865 -0.054210 0.010000 -0.039726 -0.051447 0.010000 -0.043376 -0.048410 0.010000 -0.046794 -0.045115 0.010000 -0.049962 -0.041579 0.010000 -0.052864 -0.037821 0.010000 -0.055484 -0.033861 0.010000 -0.057807 -0.029721 0.010000 -0.059823 -0.025422 0.010000 -0.061519 -0.020987 0.010000 -0.062886 -0.016441 0.010000 -0.063919 -0.011806 0.010000 -0.064610 -0.007109 0.010000 -0.064957 -0.002374 0.010000 -0.064957 0.002374 0.010000 -0.064610 0.007109 0.010000 -0.063919 0.011806 0.010000 -0.062886 0.016441 0.010000 -0.061519 0.020987 0.010000 -0.059823 0.025422 0.010000 -0.057807 0.029721 0.010000 -0.055484 0.033861 0.010000 -0.052864 0.037821 0.010000 -0.049962 0.041579 0.010000 -0.046794 0.045115 0.010000 -0.043376 0.048410 0.010000 -0.039726 0.051447 0.010000 -0.035865 0.054210 0.010000 -0.031812 0.056683 0.010000 -0.027590 0.058854 0.010000 -0.023220 0.060711 0.010000 -0.018726 0.062244 0.010000 -0.014133 0.063445 0.010000 -0.009464 0.064307 0.010000 -0.004745 0.064827 0.010000 0.000000 0.065000 0.010000 0.004745 0.064827 0.010000 0.009464 0.064307 0.010000 0.014133 0.063445 0.010000 0.018726 0.062244 0.010000 0.023220 0.060711 0.010000 0.027590 0.058854 0.010000 0.031812 0.056683 0.010000 0.035865 0.054210 0.010000 0.039726 0.051447 0.010000 0.043376 0.048410 0.010000 0.046794 0.045115 0.010000 0.049962 0.041579 0.010000 0.052864 0.037821 0.010000 0.055484 0.033861 0.010000 0.057807 0.029721 0.010000 0.059823 0.025422 0.010000 0.061519 0.020987 0.010000 0.062886 0.016441 0.010000 0.063919 0.011806 0.010000 0.064610 0.007109 0.010000 0.064957 0.002374 0.010000 0.064957 -0.002374 0.010000 0.064610 -0.007109 0.010000 0.063919 -0.011806 0.010000 0.062886 -0.016441 0.010000 0.061519 -0.020987 0.010000 0.059823 -0.025422 0.010000 0.057807 -0.029721 0.010000 0.055484 -0.033861 0.010000 0.052864 -0.037821 0.010000 0.049962 -0.041579 0.010000 0.046794 -0.045115 0.010000 0.043376 -0.048410 0.010000 0.039726 -0.051447 0.010000 0.035865 -0.054210 0.010000 0.031812 -0.056683 0.010000 0.027590 -0.058854 0.010000 0.023220 -0.060711 0.010000 0.018726 -0.062244 0.010000 0.014133 -0.063445 0.010000 0.009464 -0.064307 0.010000 0.004745 -0.064827 0.013000 0.000000 -0.065000 0.013000 -0.004745 -0.064827 0.013000 -0.009464 -0.064307 0.013000 -0.014133 -0.063445 0.013000 -0.018726 -0.062244 0.013000 -0.023220 -0.060711 0.013000 -0.027590 -0.058854 0.013000 -0.031812 -0.056683 0.013000 -0.035865 -0.054210 0.013000 -0.039726 -0.051447 0.013000 -0.043376 -0.048410 0.013000 -0.046794 -0.045115 0.013000 -0.049962 -0.041579 0.013000 -0.052864 -0.037821 0.013000 -0.055484 -0.033861 0.013000 -0.057807 -0.029721 0.013000 -0.059823 -0.025422 0.013000 -0.061519 -0.020987 0.013000 -0.062886 -0.016441 0.013000 -0.063919 -0.011806 0.013000 -0.064610 -0.007109 0.013000 -0.064957 -0.002374 0.013000 -0.064957 0.002374 0.013000 -0.064610 0.007109 0.013000 -0.063919 0.011806 0.013000 -0.062886 0.016441 0.013000 -0.061519 0.020987 0.013000 -0.059823 0.025422 0.013000 -0.057807 0.029721 0.013000 -0.055484 0.033861 0.013000 -0.052864 0.037821 0.013000 -0.049962 0.041579 0.013000 -0.046794 0.045115 0.013000 -0.043376 0.048410 0.013000 -0.039726 0.051447 0.013000 -0.035865 0.054210 0.013000 -0.031812 0.056683 0.013000 -0.027590 0.058854 0.013000 -0.023220 0.060711 0.013000 -0.018726 0.062244 0.013000 -0.014133 0.063445 0.013000 -0.009464 0.064307 0.013000 -0.004745 0.064827 0.013000 0.000000 0.065000 0.013000 0.004745 0.064827 0.013000 0.009464 0.064307 0.013000 0.014133 0.063445 0.013000 0.018726 0.062244 0.013000 0.023220 0.060711 0.013000 0.027590 0.058854 0.013000 0.031812 0.056683 0.013000 0.035865 0.054210 0.013000 0.039726 0.051447 0.013000 0.043376 0.048410 0.013000 0.046794 0.045115 0.013000 0.049962 0.041579 0.013000 0.052864 0.037821 0.013000 0.055484 0.033861 0.013000 0.057807 0.029721 0.013000 0.059823 0.025422 0.013000 0.061519 0.020987 0.013000 0.062886 0.016441 0.013000 0.063919 0.011806 0.013000 0.064610 0.007109 0.013000 0.064957 0.002374 0.013000 0.064957 -0.002374 0.013000 0.064610 -0.007109 0.013000 0.063919 -0.011806 0.013000 0.062886 -0.016441 0.013000 0.061519 -0.020987 0.013000 0.059823 -0.025422 0.013000 0.057807 -0.029721 0.013000 0.055484 -0.033861 0.013000 0.052864 -0.037821 0.013000 0.049962 -0.041579 0.013000 0.046794 -0.045115 0.013000 0.043376 -0.048410 0.013000 0.039726 -0.051447 0.013000 0.035865 -0.054210 0.013000 0.031812 -0.056683 0.013000 0.027590 -0.058854 0.013000 0.023220 -0.060711 0.013000 0.018726 -0.062244 0.013000 0.014133 -0.063445 0.013000 0.009464 -0.064307 0.013000 0.004745 -0.064827 0.023000 0.000000 -0.075000 0.023000 -0.005118 -0.074825 0.023000 -0.010212 -0.074301 0.023000 -0.015259 -0.073431 0.023000 -0.020235 -0.072219 0.023000 -0.025116 -0.070670 0.023000 -0.029880 -0.068791 0.023000 -0.034505 -0.066591 0.023000 -0.038969 -0.064081 0.023000 -0.043251 -0.061273 0.023000 -0.047332 -0.058178 0.023000 -0.051191 -0.054813 0.023000 -0.054813 -0.051191 0.023000 -0.058178 -0.047332 0.023000 -0.061273 -0.043251 0.023000 -0.064081 -0.038969 0.023000 -0.066591 -0.034505 0.023000 -0.068791 -0.029880 0.023000 -0.070670 -0.025116 0.023000 -0.072219 -0.020235 0.023000 -0.073431 -0.015259 0.023000 -0.074301 -0.010212 0.023000 -0.074825 -0.005118 0.023000 -0.075000 0.000000 0.023000 -0.074825 0.005118 0.023000 -0.074301 0.010212 0.023000 -0.073431 0.015259 0.023000 -0.072219 0.020235 0.023000 -0.070670 0.025116 0.023000 -0.068791 0.029880 0.023000 -0.066591 0.034505 0.023000 -0.064081 0.038969 0.023000 -0.061273 0.043251 0.023000 -0.058178 0.047332 0.023000 -0.054813 0.051191 0.023000 -0.051191 0.054813 0.023000 -0.047332 0.058178 0.023000 -0.043251 0.061273 0.023000 -0.038969 0.064081 0.023000 -0.034505 0.066591 0.023000 -0.029880 0.068791 0.023000 -0.025116 0.070670 0.023000 -0.020235 0.072219 0.023000 -0.015259 0.073431 0.023000 -0.010212 0.074301 0.023000 -0.005118 0.074825 0.023000 0.000000 0.075000 0.023000 0.005118 0.074825 0.023000 0.010212 0.074301 0.023000 0.015259 0.073431 0.023000 0.020235 0.072219 0.023000 0.025116 0.070670 0.023000 0.029880 0.068791 0.023000 0.034505 0.066591 0.023000 0.038969 0.064081 0.023000 0.043251 0.061273 0.023000 0.047332 0.058178 0.023000 0.051191 0.054813 0.023000 0.054813 0.051191 0.023000 0.058178 0.047332 0.023000 0.061273 0.043251 0.023000 0.064081 0.038969 0.023000 0.066591 0.034505 0.023000 0.068791 0.029880 0.023000 0.070670 0.025116 0.023000 0.072219 0.020235 0.023000 0.073431 0.015259 0.023000 0.074301 0.010212 0.023000 0.074825 0.005118 0.023000 0.075000 -0.000000 0.023000 0.074825 -0.005118 0.023000 0.074301 -0.010212 0.023000 0.073431 -0.015259 0.023000 0.072219 -0.020235 0.023000 0.070670 -0.025116 0.023000 0.068791 -0.029880 0.023000 0.066591 -0.034505 0.023000 0.064081 -0.038969 0.023000 0.061273 -0.043251 0.023000 0.058178 -0.047332 0.023000 0.054813 -0.051191 0.023000 0.051191 -0.054813 0.023000 0.047332 -0.058178 0.023000 0.043251 -0.061273 0.023000 0.038969 -0.064081 0.023000 0.034505 -0.066591 0.023000 0.029880 -0.068791 0.023000 0.025116 -0.070670 0.023000 0.020235 -0.072219 0.023000 0.015259 -0.073431 0.023000 0.010212 -0.074301 0.023000 0.005118 -0.074825 0.013000 0.000000 -0.075000 0.013000 0.005118 -0.074825 0.013000 0.010212 -0.074301 0.013000 0.015259 -0.073431 0.013000 0.020235 -0.072219 0.013000 0.025116 -0.070670 0.013000 0.029880 -0.068791 0.013000 0.034505 -0.066591 0.013000 0.038969 -0.064081 0.013000 0.043251 -0.061273 0.013000 0.047332 -0.058178 0.013000 0.051191 -0.054813 0.013000 0.054813 -0.051191 0.013000 0.058178 -0.047332 0.013000 0.061273 -0.043251 0.013000 0.064081 -0.038969 0.013000 0.066591 -0.034505 0.013000 0.068791 -0.029880 0.013000 0.070670 -0.025116 0.013000 0.072219 -0.020235 0.013000 0.073431 -0.015259 0.013000 0.074301 -0.010212 0.013000 0.074825 -0.005118 0.013000 0.075000 -0.000000 0.013000 0.074825 0.005118 0.013000 0.074301 0.010212 0.013000 0.073431 0.015259 0.013000 0.072219 0.020235 0.013000 0.070670 0.025116 0.013000 0.068791 0.029880 0.013000 0.066591 0.034505 0.013000 0.064081 0.038969 0.013000 0.061273 0.043251 0.013000 0.058178 0.047332 0.013000 0.054813 0.051191 0.013000 0.051191 0.054813 0.013000 0.047332 0.058178 0.013000 0.043251 0.061273 0.013000 0.038969 0.064081 0.013000 0.034505 0.066591 0.013000 0.029880 0.068791 0.013000 0.025116 0.070670 0.013000 0.020235 0.072219 0.013000 0.015259 0.073431 0.013000 0.010212 0.074301 0.013000 0.005118 0.074825 0.013000 0.000000 0.075000 0.013000 -0.005118 0.074825 0.013000 -0.010212 0.074301 0.013000 -0.015259 0.073431 0.013000 -0.020235 0.072219 0.013000 -0.025116 0.070670 0.013000 -0.029880 0.068791 0.013000 -0.034505 0.066591 0.013000 -0.038969 0.064081 0.013000 -0.043251 0.061273 0.013000 -0.047332 0.058178 0.013000 -0.051191 0.054813 0.013000 -0.054813 0.051191 0.013000 -0.058178 0.047332 0.013000 -0.061273 0.043251 0.013000 -0.064081 0.038969 0.013000 -0.066591 0.034505 0.013000 -0.068791 0.029880 0.013000 -0.070670 0.025116 0.013000 -0.072219 0.020235 0.013000 -0.073431 0.015259 0.013000 -0.074301 0.010212 0.013000 -0.074825 0.005118 0.013000 -0.075000 0.000000 0.013000 -0.074825 -0.005118 0.013000 -0.074301 -0.010212 0.013000 -0.073431 -0.015259 0.013000 -0.072219 -0.020235 0.013000 -0.070670 -0.025116 0.013000 -0.068791 -0.029880 0.013000 -0.066591 -0.034505 0.013000 -0.064081 -0.038969 0.013000 -0.061273 -0.043251 0.013000 -0.058178 -0.047332 0.013000 -0.054813 -0.051191 0.013000 -0.051191 -0.054813 0.013000 -0.047332 -0.058178 0.013000 -0.043251 -0.061273 0.013000 -0.038969 -0.064081 0.013000 -0.034505 -0.066591 0.013000 -0.029880 -0.068791 0.013000 -0.025116 -0.070670 0.013000 -0.020235 -0.072219 0.013000 -0.015259 -0.073431 0.013000 -0.010212 -0.074301 0.013000 -0.005118 -0.074825 0.023000 -0.040000 0.035000 0.023000 0.040000 0.035000 0.023000 0.040000 -0.035000 0.023000 -0.040000 -0.035000 0.073000 -0.040000 0.035000 0.076139 -0.043254 0.035000 0.079514 -0.046262 0.035000 0.083106 -0.049008 0.035000 0.086895 -0.051475 0.035000 0.090858 -0.053650 0.035000 0.094974 -0.055521 0.035000 0.099219 -0.057076 0.035000 0.103570 -0.058307 0.035000 0.108001 -0.059207 0.035000 0.112486 -0.059771 0.035000 0.117002 -0.059996 0.035000 0.121522 -0.059880 0.035000 0.126020 -0.059423 0.035000 0.130471 -0.058630 0.035000 0.134849 -0.057503 0.035000 0.139131 -0.056050 0.035000 0.143290 -0.054279 0.035000 0.147305 -0.052200 0.035000 0.151152 -0.049824 0.035000 0.154808 -0.047165 0.035000 0.158255 -0.044239 0.035000 0.161471 -0.041061 0.035000 0.164438 -0.037650 0.035000 0.167141 -0.034025 0.035000 0.169563 -0.030207 0.035000 0.171690 -0.026218 0.035000 0.173511 -0.022080 0.035000 0.175015 -0.017816 0.035000 0.176194 -0.013451 0.035000 0.177041 -0.009010 0.035000 0.177551 -0.004518 0.035000 0.177721 -0.000000 0.035000 0.177551 0.004518 0.035000 0.177041 0.009010 0.035000 0.176194 0.013451 0.035000 0.175015 0.017816 0.035000 0.173511 0.022080 0.035000 0.171690 0.026218 0.035000 0.169563 0.030207 0.035000 0.167141 0.034025 0.035000 0.164438 0.037650 0.035000 0.161471 0.041061 0.035000 0.158255 0.044239 0.035000 0.154808 0.047165 0.035000 0.151152 0.049824 0.035000 0.147305 0.052200 0.035000 0.143290 0.054279 0.035000 0.139131 0.056050 0.035000 0.134849 0.057503 0.035000 0.130471 0.058630 0.035000 0.126020 0.059423 0.035000 0.121522 0.059880 0.035000 0.117002 0.059996 0.035000 0.112486 0.059771 0.035000 0.108001 0.059207 0.035000 0.103570 0.058307 0.035000 0.099219 0.057076 0.035000 0.094974 0.055521 0.035000 0.090858 0.053650 0.035000 0.086895 0.051475 0.035000 0.083106 0.049008 0.035000 0.079514 0.046262 0.035000 0.076139 0.043254 0.035000 0.073000 0.040000 0.035000 0.117721 0.040000 0.035000 0.121412 0.039829 0.035000 0.125071 0.039319 0.035000 0.128668 0.038473 0.035000 0.132171 0.037299 0.035000 0.135551 0.035807 0.035000 0.138779 0.034009 0.035000 0.141827 0.031921 0.035000 0.144669 0.029560 0.035000 0.147282 0.026948 0.035000 0.149642 0.024105 0.035000 0.151730 0.021057 0.035000 0.153528 0.017830 0.035000 0.155020 0.014450 0.035000 0.156194 0.010947 0.035000 0.157040 0.007350 0.035000 0.157551 0.003691 0.035000 0.157721 -0.000000 0.035000 0.157551 -0.003691 0.035000 0.157040 -0.007350 0.035000 0.156194 -0.010947 0.035000 0.155020 -0.014450 0.035000 0.153528 -0.017830 0.035000 0.151730 -0.021057 0.035000 0.149642 -0.024105 0.035000 0.147282 -0.026948 0.035000 0.144669 -0.029560 0.035000 0.141827 -0.031921 0.035000 0.138779 -0.034009 0.035000 0.135551 -0.035807 0.035000 0.132171 -0.037299 0.035000 0.128668 -0.038473 0.035000 0.125071 -0.039319 0.035000 0.121412 -0.039829 0.035000 0.117721 -0.040000 0.035000 0.114031 -0.039829 0.035000 0.110371 -0.039319 0.035000 0.106775 -0.038473 0.035000 0.103272 -0.037299 0.035000 0.099892 -0.035807 0.035000 0.096664 -0.034009 0.035000 0.093616 -0.031921 0.035000 0.090774 -0.029560 0.035000 0.088161 -0.026948 0.035000 0.085801 -0.024105 0.035000 0.083713 -0.021057 0.035000 0.081915 -0.017830 0.035000 0.080422 -0.014450 0.035000 0.079248 -0.010947 0.035000 0.078402 -0.007350 0.035000 0.077892 -0.003691 0.035000 0.077721 -0.000000 0.035000 0.077892 0.003691 0.035000 0.078402 0.007350 0.035000 0.079248 0.010947 0.035000 0.080422 0.014450 0.035000 0.081915 0.017830 0.035000 0.083713 0.021057 0.035000 0.085801 0.024105 0.035000 0.088161 0.026948 0.035000 0.090774 0.029560 0.035000 0.093616 0.031921 0.035000 0.096664 0.034009 0.035000 0.099892 0.035807 0.035000 0.103272 0.037299 0.035000 0.106775 0.038473 0.035000 0.110371 0.039319 0.035000 0.114031 0.039829 0.035000 0.073000 -0.040000 -0.035000 0.073000 0.040000 -0.035000 0.076139 0.043254 -0.035000 0.079514 0.046262 -0.035000 0.083106 0.049008 -0.035000 0.086895 0.051475 -0.035000 0.090858 0.053650 -0.035000 0.094974 0.055521 -0.035000 0.099219 0.057076 -0.035000 0.103570 0.058307 -0.035000 0.108001 0.059207 -0.035000 0.112486 0.059771 -0.035000 0.117002 0.059996 -0.035000 0.121522 0.059880 -0.035000 0.126020 0.059423 -0.035000 0.130471 0.058630 -0.035000 0.134849 0.057503 -0.035000 0.139131 0.056050 -0.035000 0.143290 0.054279 -0.035000 0.147305 0.052200 -0.035000 0.151152 0.049824 -0.035000 0.154808 0.047165 -0.035000 0.158255 0.044239 -0.035000 0.161471 0.041061 -0.035000 0.164438 0.037650 -0.035000 0.167141 0.034025 -0.035000 0.169563 0.030207 -0.035000 0.171690 0.026218 -0.035000 0.173511 0.022080 -0.035000 0.175015 0.017816 -0.035000 0.176194 0.013451 -0.035000 0.177041 0.009010 -0.035000 0.177551 0.004518 -0.035000 0.177721 0.000000 -0.035000 0.177551 -0.004518 -0.035000 0.177041 -0.009010 -0.035000 0.176194 -0.013451 -0.035000 0.175015 -0.017816 -0.035000 0.173511 -0.022080 -0.035000 0.171690 -0.026218 -0.035000 0.169563 -0.030207 -0.035000 0.167141 -0.034025 -0.035000 0.164438 -0.037650 -0.035000 0.161471 -0.041061 -0.035000 0.158255 -0.044239 -0.035000 0.154808 -0.047165 -0.035000 0.151152 -0.049824 -0.035000 0.147305 -0.052200 -0.035000 0.143290 -0.054279 -0.035000 0.139131 -0.056050 -0.035000 0.134849 -0.057503 -0.035000 0.130471 -0.058630 -0.035000 0.126020 -0.059423 -0.035000 0.121522 -0.059880 -0.035000 0.117002 -0.059996 -0.035000 0.112486 -0.059771 -0.035000 0.108001 -0.059207 -0.035000 0.103570 -0.058307 -0.035000 0.099219 -0.057076 -0.035000 0.094974 -0.055521 -0.035000 0.090858 -0.053650 -0.035000 0.086895 -0.051475 -0.035000 0.083106 -0.049008 -0.035000 0.079514 -0.046262 -0.035000 0.076139 -0.043254 -0.035000 0.117721 0.040000 -0.035000 0.114031 0.039829 -0.035000 0.110371 0.039319 -0.035000 0.106775 0.038473 -0.035000 0.103272 0.037299 -0.035000 0.099892 0.035807 -0.035000 0.096664 0.034009 -0.035000 0.093616 0.031921 -0.035000 0.090774 0.029560 -0.035000 0.088161 0.026948 -0.035000 0.085801 0.024105 -0.035000 0.083713 0.021057 -0.035000 0.081915 0.017830 -0.035000 0.080422 0.014450 -0.035000 0.079248 0.010947 -0.035000 0.078402 0.007350 -0.035000 0.077892 0.003691 -0.035000 0.077721 -0.000000 -0.035000 0.077892 -0.003691 -0.035000 0.078402 -0.007350 -0.035000 0.079248 -0.010947 -0.035000 0.080422 -0.014450 -0.035000 0.081915 -0.017830 -0.035000 0.083713 -0.021057 -0.035000 0.085801 -0.024105 -0.035000 0.088161 -0.026948 -0.035000 0.090774 -0.029560 -0.035000 0.093616 -0.031921 -0.035000 0.096664 -0.034009 -0.035000 0.099892 -0.035807 -0.035000 0.103272 -0.037299 -0.035000 0.106775 -0.038473 -0.035000 0.110371 -0.039319 -0.035000 0.114031 -0.039829 -0.035000 0.117721 -0.040000 -0.035000 0.121412 -0.039829 -0.035000 0.125071 -0.039319 -0.035000 0.128668 -0.038473 -0.035000 0.132171 -0.037299 -0.035000 0.135551 -0.035807 -0.035000 0.138779 -0.034009 -0.035000 0.141827 -0.031921 -0.035000 0.144669 -0.029560 -0.035000 0.147282 -0.026948 -0.035000 0.149642 -0.024105 -0.035000 0.151730 -0.021057 -0.035000 0.153528 -0.017830 -0.035000 0.155020 -0.014450 -0.035000 0.156194 -0.010947 -0.035000 0.157040 -0.007350 -0.035000 0.157551 -0.003691 -0.035000 0.157721 -0.000000 -0.035000 0.157551 0.003691 -0.035000 0.157040 0.007350 -0.035000 0.156194 0.010947 -0.035000 0.155020 0.014450 -0.035000 0.153528 0.017830 -0.035000 0.151730 0.021057 -0.035000 0.149642 0.024105 -0.035000 0.147282 0.026948 -0.035000 0.144669 0.029560 -0.035000 0.141827 0.031921 -0.035000 0.138779 0.034009 -0.035000 0.135551 0.035807 -0.035000 0.132171 0.037299 -0.035000 0.128668 0.038473 -0.035000 0.125071 0.039319 -0.035000 0.121412 0.039829 -0.035000</float_array>
          <technique_common>
            <accessor source="#Part02-mesh-positions-array" count="810" stride="3">
              <param name="X" type="float"/>
              <param name="Y" type="float"/>
              <param name="Z" type="float"/>
            </accessor>
          </technique_common>
        </source>
        <source id="Part02-mesh-normals">
          <float_array id="Part02-mesh-normals-array" count="4884">0.000000 -0.068242 -0.997669 0.000000 -0.068242 -0.997669 0.000000 -0.000000 -1.000000 0.000000 -0.000000 -1.000000 0.000000 0.068242 -0.997669 0.000000 0.068242 -0.997669 0.000000 0.136167 -0.990686 0.000000 0.136167 -0.990686 0.000000 0.203456 -0.979084 0.000000 0.203456 -0.979084 0.000000 0.269797 -0.962917 0.000000 0.269797 -0.962917 0.000000 0.334880 -0.942261 0.000000 0.334880 -0.942261 0.000000 0.398401 -0.917211 0.000000 0.398401 -0.917211 0.000000 0.460065 -0.887885 0.000000 0.460065 -0.887885 0.000000 0.519584 -0.854419 0.000000 0.519584 -0.854419 0.000000 0.576680 -0.816970 0.000000 0.576680 -0.816970 0.000000 0.631088 -0.775711 0.000000 0.631088 -0.775711 0.000000 0.682553 -0.730836 0.000000 0.682553 -0.730836 0.000000 0.730836 -0.682553 0.000000 0.730836 -0.682553 0.000000 0.775711 -0.631088 0.000000 0.775711 -0.631088 0.000000 0.816970 -0.576680 0.000000 0.816970 -0.576680 0.000000 0.854419 -0.519584 0.000000 0.854419 -0.519584 0.000000 0.887885 -0.460065 0.000000 0.887885 -0.460065 0.000000 0.917211 -0.398401 0.000000 0.917211 -0.398401 0.000000 0.942261 -0.334880 0.000000 0.942261 -0.334880 0.000000 0.962917 -0.269797 0.000000 0.962917 -0.269797 0.000000 0.979084 -0.203456 0.000000 0.979084 -0.203456 0.000000 0.990686 -0.136167 0.000000 0.990686 -0.136167 0.000000 0.997669 -0.068242 0.000000 0.997669 -0.068242 0.000000 1.000000 -0.000000 0.000000 1.000000 -0.000000 0.000000 0.997669 0.068242 0.000000 0.997669 0.068242 0.000000 0.990686 0.136167 0.000000 0.990686 0.136167 0.000000 0.979084 0.203456 0.000000 0.979084 0.203456 0.000000 0.962917 0.269797 0.000000 0.962917 0.269797 0.000000 0.942261 0.334880 0.000000 0.942261 0.334880 0.000000 0.917211 0.398401 0.000000 0.917211 0.398401 0.000000 0.887885 0.460065 0.000000 0.887885 0.460065 0.000000 0.854419 0.519584 0.000000 0.854419 0.519584 0.000000 0.816970 0.576680 0.000000 0.816970 0.576680 0.000000 0.775711 0.631088 0.000000 0.775711 0.631088 0.000000 0.730836 0.682553 0.000000 0.730836 0.682553 0.000000 0.682553 0.730836 0.000000 0.682553 0.730836 0.000000 0.631088 0.775711 0.000000 0.631088 0.775711 0.000000 0.576680 0.816970 0.000000 0.576680 0.816970 0.000000 0.519584 0.854419 0.000000 0.519584 0.854419 0.000000 0.460065 0.887885 0.000000 0.460065 0.887885 0.000000 0.398401 0.917211 0.000000 0.398401 0.917211 0.000000 0.334880 0.942261 0.000000 0.334880 0.942261 0.000000 0.269797 0.962917 0.000000 0.269797 0.962917 0.000000 0.203456 0.979084 0.000000 0.203456 0.979084 0.000000 0.136167 0.990686 0.000000 0.136167 0.990686 0.000000 0.068242 0.997669 0.000000 0.068242 0.997669 0.000000 0.000000 1.000000 0.000000 0.000000 1.000000 0.000000 -0.068242 0.997669 0.000000 -0.068242 0.997669 0.000000 -0.136167 0.990686 0.000000 -0.136167 0.990686 0.000000 -0.203456 0.979084 0.000000 -0.203456 0.979084 0.000000 -0.269797 0.962917 0.000000 -0.269797 0.962917 0.000000 -0.334880 0.942261 0.000000 -0.334880 0.942261 0.000000 -0.398401 0.917211 0.000000 -0.398401 0.917211 0.000000 -0.460065 0.887885 0.000000 -0.460065 0.887885 0.000000 -0.519584 0.854419 0.000000 -0.519584 0.854419 0.000000 -0.576680 0.816970 0.000000 -0.576680 0.816970 0.000000 -0.631088 0.775711 0.000000 -0.631088 0.775711 0.000000 -0.682553 0.730836 0.000000 -0.682553 0.730836 0.000000 -0.730836 0.682553 0.000000 -0.730836 0.682553 0.000000 -0.775711 0.631088 0.000000 -0.775711 0.631088 0.000000 -0.816970 0.576680 0.000000 -0.816970 0.576680 0.000000 -0.854419 0.519584 0.000000 -0.854419 0.519584 0.000000 -0.887885 0.460065 0.000000 -0.887885 0.460065 0.000000 -0.917211 0.398401 0.000000 -0.917211 0.398401 0.000000 -0.942261 0.334880 0.000000 -0.942261 0.334880 0.000000 -0.962917 0.269797 0.000000 -0.962917 0.269797 0.000000 -0.979084 0.203456 0.000000 -0.979084 0.203456 0.000000 -0.990686 0.136167 0.000000 -0.990686 0.136167 0.000000 -0.997669 0.068242 0.000000 -0.997669 0.068242 0.000000 -1.000000 0.000000 0.000000 -1.000000 0.000000 0.000000 -0.997669 -0.068242 0.000000 -0.997669 -0.068242 0.000000 -0.990686 -0.136167 0.000000 -0.990686 -0.136167 0.000000 -0.979084 -0.203456 0.000000 -0.979084 -0.203456 0.000000 -0.962917 -0.269797 0.000000 -0.962917 -0.269797 0.000000 -0.942261 -0.334880 0.000000 -0.942261 -0.334880 0.000000 -0.917211 -0.398401 0.000000 -0.917211 -0.398401 0.000000 -0.887885 -0.460065 0.000000 -0.887885 -0.460065 0.000000 -0.854419 -0.519584 0.000000 -0.854419 -0.519584 0.000000 -0.816970 -0.576680 0.000000 -0.816970 -0.576680 0.000000 -0.775711 -0.631088 0.000000 -0.775711 -0.631088 0.000000 -0.730836 -0.682553 0.000000 -0.730836 -0.682553 0.000000 -0.682553 -0.730836 0.000000 -0.682553 -0.730836 0.000000 -0.631088 -0.775711 0.000000 -0.631088 -0.775711 0.000000 -0.576680 -0.816970 0.000000 -0.576680 -0.816970 0.000000 -0.519584 -0.854419 0.000000 -0.519584 -0.854419 0.000000 -0.460065 -0.887885 0.000000 -0.460065 -0.887885 0.000000 -0.398401 -0.917211 0.000000 -0.398401 -0.917211 0.000000 -0.334880 -0.942261 0.000000 -0.334880 -0.942261 0.000000 -0.269797 -0.962917 0.000000 -0.269797 -0.962917 0.000000 -0.203456 -0.979084 0.000000 -0.203456 -0.979084 0.000000 -0.136167 -0.990686 0.000000 -0.136167 -0.990686 1.000000 0.000000 0.000000 1.000000 0.000000 0.000000 1.000000 0.000000 0.000000 1.000000 0.000000 0.000000 1.000000 0.000000 0.000000 1.000000 0.000000 0.000000 1.000000 0.000000 0.000000 1.000000 0.000000 0.000000 1.000000 0.000000 0.000000 1.000000 0.000000 0.000000 1.000000 0.000000 0.000000 1.000000 0.000000 0.000000 1.000000 0.000000 0.000000 1.000000 0.000000 0.000000 1.000000 0.000000 0.000000 1.000000 0.000000 0.000000 1.000000 0.000000 0.000000 1.000000 0.000000 0.000000 1.000000 0.000000 0.000000 1.000000 0.000000 0.000000 1.000000 0.000000 0.000000 1.000000 0.000000 0.000000 1.000000 0.000000 0.000000 1.000000 0.000000 0.000000 1.000000 0.000000 0.000000 1.000000 0.000000 0.000000 1.000000 0.000000 0.000000 1.000000 0.000000 0.000000 1.000000 0.000000 0.000000 1.000000 0.000000 0.000000 1.000000 0.000000 0.000000 1.000000 0.000000 0.000000 1.000000 0.000000 0.000000 1.000000 0.000000 0.000000 1.000000 0.000000 0.000000 1.000000 0.000000 0.000000 1.000000 0.000000 0.000000 1.000000 0.000000 0.000000 1.000000 0.000000 0.000000 1.000000 0.000000 0.000000 1.000000 0.000000 0.000000 1.000000 0.000000 0.000000 1.000000 0.000000 0.000000 1.000000 0.000000 0.000000 1.000000 0.000000 0.000000 1.000000 0.000000 0.000000 1.000000 0.000000 0.000000 1.000000 0.000000 0.000000 1.000000 0.000000 0.000000 1.000000 0.000000 0.000000 1.000000 0.000000 0.000000 1.000000 0.000000 0.000000 1.000000 0.000000 0.000000 1.000000 0.000000 0.000000 1.000000 0.000000 0.000000 1.000000 0.000000 0.000000 1.000000 0.000000 0.000000 1.000000 0.000000 0.000000 1.000000 0.000000 0.000000 1.000000 0.000000 0.000000 1.000000 0.000000 0.000000 1.000000 0.000000 0.000000 1.000000 0.000000 0.000000 1.000000 0.000000 0.000000 1.000000 0.000000 0.000000 1.000000 0.000000 0.000000 1.000000 0.000000 0.000000 1.000000 0.000000 0.000000 1.000000 0.000000 0.000000 1.000000 0.000000 0.000000 1.000000 0.000000 0.000000 1.000000 0.000000 0.000000 1.000000 0.000000 0.000000 1.000000 0.000000 0.000000 1.000000 0.000000 0.000000 1.000000 0.000000 0.000000 1.000000 0.000000 0.000000 1.000000 0.000000 0.000000 1.000000 0.000000 0.000000 1.000000 0.000000 0.000000 1.000000 0.000000 0.000000 1.000000 0.000000 0.000000 1.000000 0.000000 0.000000 1.000000 0.000000 0.000000 1.000000 0.000000 0.000000 1.000000 0.000000 0.000000 1.000000 0.000000 0.000000 1.000000 0.000000 0.000000 1.000000 0.000000 0.000000 1.000000 0.000000 0.000000 1.000000 0.000000 0.000000 1.000000 0.000000 0.000000 1.000000 0.000000 0.000000 1.000000 0.000000 0.000000 1.000000 0.000000 0.000000 1.000000 0.000000 0.000000 1.000000 0.000000 0.000000 1.000000 0.000000 0.000000 1.000000 0.000000 0.000000 1.000000 0.000000 0.000000 1.000000 0.000000 0.000000 1.000000 0.000000 0.000000 1.000000 0.000000 0.000000 1.000000 0.000000 0.000000 1.000000 0.000000 0.000000 1.000000 0.000000 0.000000 1.000000 0.000000 0.000000 1.000000 0.000000 0.000000 1.000000 0.000000 0.000000 1.000000 0.000000 0.000000 1.000000 0.000000 0.000000 1.000000 0.000000 0.000000 1.000000 0.000000 0.000000 1.000000 0.000000 0.000000 1.000000 0.000000 0.000000 1.000000 0.000000 0.000000 1.000000 0.000000 0.000000 1.000000 0.000000 0.000000 1.000000 0.000000 0.000000 1.000000 0.000000 0.000000 1.000000 0.000000 0.000000 1.000000 0.000000 0.000000 1.000000 0.000000 0.000000 1.000000 0.000000 0.000000 1.000000 0.000000 0.000000 1.000000 0.000000 0.000000 1.000000 0.000000 0.000000 1.000000 0.000000 0.000000 1.000000 0.000000 0.000000 1.000000 0.000000 0.000000 1.000000 0.000000 0.000000 1.000000 0.000000 0.000000 1.000000 0.000000 0.000000 1.000000 0.000000 0.000000 1.000000 0.000000 0.000000 1.000000 0.000000 0.000000 1.000000 0.000000 0.000000 1.000000 0.000000 0.000000 1.000000 0.000000 0.000000 1.000000 0.000000 0.000000 1.000000 0.000000 0.000000 1.000000 0.000000 0.000000 1.000000 0.000000 0.000000 1.000000 0.000000 0.000000 1.000000 0.000000 0.000000 1.000000 0.000000 0.000000 1.000000 0.000000 0.000000 1.000000 0.000000 0.000000 1.000000 0.000000 0.000000 1.000000 0.000000 0.000000 1.000000 0.000000 0.000000 1.000000 0.000000 0.000000 1.000000 0.000000 0.000000 1.000000 0.000000 0.000000 1.000000 0.000000 0.000000 1.000000 0.000000 0.000000 1.000000 0.000000 0.000000 1.000000 0.000000 0.000000 1.000000 0.000000 0.000000 1.000000 0.000000 0.000000 1.000000 0.000000 0.000000 1.000000 0.000000 0.000000 1.000000 0.000000 0.000000 1.000000 0.000000 0.000000 1.000000 0.000000 0.000000 1.000000 0.000000 0.000000 1.000000 0.000000 0.000000 1.000000 0.000000 0.000000 1.000000 0.000000 0.000000 1.000000 0.000000 0.000000 1.000000 0.000000 0.000000 1.000000 0.000000 0.000000 1.000000 0.000000 0.000000 1.000000 0.000000 0.000000 1.000000 0.000000 0.000000 1.000000 0.000000 0.000000 1.000000 0.000000 0.000000 1.000000 0.000000 0.000000 -1.000000 -0.000000 -0.000000 -1.000000 -0.000000 -0.000000 -1.000000 -0.000000 -0.000000 -1.000000 -0.000000 -0.000000 -1.000000 -0.000000 -0.000000 -1.000000 -0.000000 -0.000000 -1.000000 -0.000000 -0.000000 -1.000000 -0.000000 -0.000000 -1.000000 -0.000000 -0.000000 -1.000000 -0.000000 -0.000000 -1.000000 -0.000000 -0.000000 -1.000000 -0.000000 -0.000000 -1.000000 -0.000000 -0.000000 -1.000000 -0.000000 -0.000000 -1.000000 -0.000000 -0.000000 -1.000000 -0.000000 -0.000000 -1.000000 -0.000000 -0.000000 -1.000000 -0.000000 -0.000000 -1.000000 -0.000000 -0.000000 -1.000000 -0.000000 -0.000000 -1.000000 -0.000000 -0.000000 -1.000000 -0.000000 -0.000000 -1.000000 -0.000000 -0.000000 -1.000000 -0.000000 -0.000000 -1.000000 -0.000000 -0.000000 -1.000000 -0.000000 -0.000000 -1.000000 -0.000000 -0.000000 -1.000000 -0.000000 -0.000000 -1.000000 -0.000000 -0.000000 -1.000000 -0.000000 -0.000000 -1.000000 -0.000000 -0.000000 -1.000000 -0.000000 -0.000000 -1.000000 -0.000000 -0.000000 -1.000000 -0.000000 -0.000000 -1.000000 -0.000000 -0.000000 -1.000000 -0.000000 -0.000000 -1.000000 -0.000000 -0.000000 -1.000000 -0.000000 -0.000000 -1.000000 -0.000000 -0.000000 -1.000000 -0.000000 -0.000000 -1.000000 -0.000000 -0.000000 -1.000000 -0.000000 -0.000000 -1.000000 -0.000000 -0.000000 -1.000000 -0.000000 -0.000000 -1.000000 -0.000000 -0.000000 -1.000000 -0.000000 -0.000000 -1.000000 -0.000000 -0.000000 -1.000000 -0.000000 -0.000000 -1.000000 -0.000000 -0.000000 -1.000000 -0.000000 -0.000000 -1.000000 -0.000000 -0.000000 -1.000000 -0.000000 -0.000000 -1.000000 -0.000000 -0.000000 -1.000000 -0.000000 -0.000000 -1.000000 -0.000000 -0.000000 -1.000000 -0.000000 -0.000000 -1.000000 -0.000000 -0.000000 -1.000000 -0.000000 -0.000000 -1.000000 -0.000000 -0.000000 -1.000000 -0.000000 -0.000000 -1.000000 -0.000000 -0.000000 -1.000000 -0.000000 -0.000000 -1.000000 -0.000000 -0.000000 -1.000000 -0.000000 -0.000000 -1.000000 -0.000000 -0.000000 -1.000000 -0.000000 -0.000000 -1.000000 -0.000000 -0.000000 -1.000000 -0.000000 -0.000000 -1.000000 -0.000000 -0.000000 -1.000000 -0.000000 -0.000000 -1.000000 -0.000000 -0.000000 -1.000000 -0.000000 -0.000000 -1.000000 -0.000000 -0.000000 -1.000000 -0.000000 -0.000000 -1.000000 -0.000000 -0.000000 -1.000000 -0.000000 -0.000000 -1.000000 -0.000000 -0.000000 -1.000000 -0.000000 -0.000000 -1.000000 -0.000000 -0.000000 -1.000000 -0.000000 -0.000000 -1.000000 -0.000000 -0.000000 -1.000000 -0.000000 -0.000000 -1.000000 -0.000000 -0.000000 -1.000000 -0.000000 -0.000000 -1.000000 -0.000000 -0.000000 -1.000000 -0.000000 -0.000000 -1.000000 -0.000000 -0.000000 -1.000000 -0.000000 -0.000000 -1.000000 -0.000000 -0.000000 -1.000000 -0.000000 -0.000000 -1.000000 -0.000000 -0.000000 -1.000000 -0.000000 -0.000000 0.000000 -0.072995 -0.997332 0.000000 -0.072995 -0.997332 0.000000 -0.000000 -1.000000 0.000000 -0.000000 -1.000000 0.000000 0.072995 -0.997332 0.000000 0.072995 -0.997332 0.000000 0.145601 -0.989343 0.000000 0.145601 -0.989343 0.000000 0.217430 -0.976076 0.000000 0.217430 -0.976076 0.000000 0.288099 -0.957601 0.000000 0.288099 -0.957601 0.000000 0.357231 -0.934016 0.000000 0.357231 -0.934016 0.000000 0.424457 -0.905448 0.000000 0.424457 -0.905448 0.000000 0.489418 -0.872049 0.000000 0.489418 -0.872049 0.000000 0.551768 -0.833998 0.000000 0.551768 -0.833998 0.000000 0.611174 -0.791496 0.000000 0.611174 -0.791496 0.000000 0.667319 -0.744772 0.000000 0.667319 -0.744772 0.000000 0.719903 -0.694074 0.000000 0.719903 -0.694074 0.000000 0.768647 -0.639673 0.000000 0.768647 -0.639673 0.000000 0.813290 -0.581859 0.000000 0.813290 -0.581859 0.000000 0.853593 -0.520940 0.000000 0.853593 -0.520940 0.000000 0.889342 -0.457242 0.000000 0.889342 -0.457242 0.000000 0.920346 -0.391105 0.000000 0.920346 -0.391105 0.000000 0.946440 -0.322880 0.000000 0.946440 -0.322880 0.000000 0.967484 -0.252933 0.000000 0.967484 -0.252933 0.000000 0.983366 -0.181637 0.000000 0.983366 -0.181637 0.000000 0.994001 -0.109371 0.000000 0.994001 -0.109371 0.000000 0.999333 -0.036522 0.000000 0.999333 -0.036522 0.000000 0.999333 0.036522 0.000000 0.999333 0.036522 0.000000 0.994001 0.109371 0.000000 0.994001 0.109371 0.000000 0.983366 0.181637 0.000000 0.983366 0.181637 0.000000 0.967484 0.252933 0.000000 0.967484 0.252933 0.000000 0.946440 0.322880 0.000000 0.946440 0.322880 0.000000 0.920346 0.391105 0.000000 0.920346 0.391105 0.000000 0.889342 0.457242 0.000000 0.889342 0.457242 0.000000 0.853593 0.520940 0.000000 0.853593 0.520940 0.000000 0.813290 0.581859 0.000000 0.813290 0.581859 0.000000 0.768647 0.639673 0.000000 0.768647 0.639673 0.000000 0.719903 0.694074 0.000000 0.719903 0.694074 0.000000 0.667319 0.744772 0.000000 0.667319 0.744772 0.000000 0.611174 0.791496 0.000000 0.611174 0.791496 0.000000 0.551768 0.833998 0.000000 0.551768 0.833998 0.000000 0.489418 0.872049 0.000000 0.489418 0.872049 0.000000 0.424457 0.905448 0.000000 0.424457 0.905448 0.000000 0.357231 0.934016 0.000000 0.357231 0.934016 0.000000 0.288099 0.957601 0.000000 0.288099 0.957601 0.000000 0.217430 0.976076 0.000000 0.217430 0.976076 0.000000 0.145601 0.989343 0.000000 0.145601 0.989343 0.000000 0.072995 0.997332 0.000000 0.072995 0.997332 0.000000 0.000000 1.000000 0.000000 0.000000 1.000000 0.000000 -0.072995 0.997332 0.000000 -0.072995 0.997332 0.000000 -0.145601 0.989343 0.000000 -0.145601 0.989343 0.000000 -0.217430 0.976076 0.000000 -0.217430 0.976076 0.000000 -0.288099 0.957601 0.000000 -0.288099 0.957601 0.000000 -0.357231 0.934016 0.000000 -0.357231 0.934016 0.000000 -0.424457 0.905448 0.000000 -0.424457 0.905448 0.000000 -0.489418 0.872049 0.000000 -0.489418 0.872049 0.000000 -0.551768 0.833998 0.000000 -0.551768 0.833998 0.000000 -0.611174 0.791496 0.000000 -0.611174 0.791496 0.000000 -0.667319 0.744772 0.000000 -0.667319 0.744772 0.000000 -0.719903 0.694074 0.000000 -0.719903 0.694074 0.000000 -0.768647 0.639673 0.000000 -0.768647 0.639673 0.000000 -0.813290 0.581859 0.000000 -0.813290 0.581859 0.000000 -0.853593 0.520940 0.000000 -0.853593 0.520940 0.000000 -0.889342 0.457242 0.000000 -0.889342 0.457242 0.000000 -0.920346 0.391105 0.000000 -0.920346 0.391105 0.000000 -0.946440 0.322880 0.000000 -0.946440 0.322880 0.000000 -0.967484 0.252933 0.000000 -0.967484 0.252933 0.000000 -0.983366 0.181637 0.000000 -0.983366 0.181637 0.000000 -0.994001 0.109371 0.000000 -0.994001 0.109371 0.000000 -0.999333 0.036522 0.000000 -0.999333 0.036522 0.000000 -0.999333 -0.036522 0.000000 -0.999333 -0.036522 0.000000 -0.994001 -0.109371 0.000000 -0.994001 -0.109371 0.000000 -0.983366 -0.181637 0.000000 -0.983366 -0.181637 0.000000 -0.967484 -0.252933 0.000000 -0.967484 -0.252933 0.000000 -0.946440 -0.322880 0.000000 -0.946440 -0.322880 0.000000 -0.920346 -0.391105 0.000000 -0.920346 -0.391105 0.000000 -0.889342 -0.457242 0.000000 -0.889342 -0.457242 0.000000 -0.853593 -0.520940 0.000000 -0.853593 -0.520940 0.000000 -0.813290 -0.581859 0.000000 -0.813290 -0.581859 0.000000 -0.768647 -0.639673 0.000000 -0.768647 -0.639673 0.000000 -0.719903 -0.694074 0.000000 -0.719903 -0.694074 0.000000 -0.667319 -0.744772 0.000000 -0.667319 -0.744772 0.000000 -0.611174 -0.791496 0.000000 -0.611174 -0.791496 0.000000 -0.551768 -0.833998 0.000000 -0.551768 -0.833998 0.000000 -0.489418 -0.872049 0.000000 -0.489418 -0.872049 0.000000 -0.424457 -0.905448 0.000000 -0.424457 -0.905448 0.000000 -0.357231 -0.934016 0.000000 -0.357231 -0.934016 0.000000 -0.288099 -0.957601 0.000000 -0.288099 -0.957601 0.000000 -0.217430 -0.976076 0.000000 -0.217430 -0.976076 0.000000 -0.145601 -0.989343 0.000000 -0.145601 -0.989343 0.000000 -0.068242 -0.997669 0.000000 -0.068242 -0.997669 0.000000 -0.000000 -1.000000 0.000000 -0.000000 -1.000000 0.000000 0.068242 -0.997669 0.000000 0.068242 -0.997669 0.000000 0.136167 -0.990686 0.000000 0.136167 -0.990686 0.000000 0.203456 -0.979084 0.000000 0.203456 -0.979084 0.000000 0.269797 -0.962917 0.000000 0.269797 -0.962917 0.000000 0.334880 -0.942261 0.000000 0.334880 -0.942261 0.000000 0.398401 -0.917211 0.000000 0.398401 -0.917211 0.000000 0.460065 -0.887885 0.000000 0.460065 -0.887885 0.000000 0.519584 -0.854419 0.000000 0.519584 -0.854419 0.000000 0.576680 -0.816970 0.000000 0.576680 -0.816970 0.000000 0.631088 -0.775711 0.000000 0.631088 -0.775711 0.000000 0.682553 -0.730836 0.000000 0.682553 -0.730836 0.000000 0.730836 -0.682553 0.000000 0.730836 -0.682553 0.000000 0.775711 -0.631088 0.000000 0.775711 -0.631088 0.000000 0.816970 -0.576680 0.000000 0.816970 -0.576680 0.000000 0.854419 -0.519584 0.000000 0.854419 -0.519584 0.000000 0.887885 -0.460065 0.000000 0.887885 -0.460065 0.000000 0.917211 -0.398401 0.000000 0.917211 -0.398401 0.000000 0.942261 -0.334880 0.000000 0.942261 -0.334880 0.000000 0.962917 -0.269797 0.000000 0.962917 -0.269797 0.000000 0.979084 -0.203456 0.000000 0.979084 -0.203456 0.000000 0.990686 -0.136167 0.000000 0.990686 -0.136167 0.000000 0.997669 -0.068242 0.000000 0.997669 -0.068242 0.000000 1.000000 -0.000000 0.000000 1.000000 -0.000000 0.000000 0.997669 0.068242 0.000000 0.997669 0.068242 0.000000 0.990686 0.136167 0.000000 0.990686 0.136167 0.000000 0.979084 0.203456 0.000000 0.979084 0.203456 0.000000 0.962917 0.269797 0.000000 0.962917 0.269797 0.000000 0.942261 0.334880 0.000000 0.942261 0.334880 0.000000 0.917211 0.398401 0.000000 0.917211 0.398401 0.000000 0.887885 0.460065 0.000000 0.887885 0.460065 0.000000 0.854419 0.519584 0.000000 0.854419 0.519584 0.000000 0.816970 0.576680 0.000000 0.816970 0.576680 0.000000 0.775711 0.631088 0.000000 0.775711 0.631088 0.000000 0.730836 0.682553 0.000000 0.730836 0.682553 0.000000 0.682553 0.730836 0.000000 0.682553 0.730836 0.000000 0.631088 0.775711 0.000000 0.631088 0.775711 0.000000 0.576680 0.816970 0.000000 0.576680 0.816970 0.000000 0.519584 0.854419 0.000000 0.519584 0.854419 0.000000 0.460065 0.887885 0.000000 0.460065 0.887885 0.000000 0.398401 0.917211 0.000000 0.398401 0.917211 0.000000 0.334880 0.942261 0.000000 0.334880 0.942261 0.000000 0.269797 0.962917 0.000000 0.269797 0.962917 0.000000 0.203456 0.979084 0.000000 0.203456 0.979084 0.000000 0.136167 0.990686 0.000000 0.136167 0.990686 0.000000 0.068242 0.997669 0.000000 0.068242 0.997669 0.000000 0.000000 1.000000 0.000000 0.000000 1.000000 0.000000 -0.068242 0.997669 0.000000 -0.068242 0.997669 0.000000 -0.136167 0.990686 0.000000 -0.136167 0.990686 0.000000 -0.203456 0.979084 0.000000 -0.203456 0.979084 0.000000 -0.269797 0.962917 0.000000 -0.269797 0.962917 0.000000 -0.334880 0.942261 0.000000 -0.334880 0.942261 0.000000 -0.398401 0.917211 0.000000 -0.398401 0.917211 0.000000 -0.460065 0.887885 0.000000 -0.460065 0.887885 0.000000 -0.519584 0.854419 0.000000 -0.519584 0.854419 0.000000 -0.576680 0.816970 0.000000 -0.576680 0.816970 0.000000 -0.631088 0.775711 0.000000 -0.631088 0.775711 0.000000 -0.682553 0.730836 0.000000 -0.682553 0.730836 0.000000 -0.730836 0.682553 0.000000 -0.730836 0.682553 0.000000 -0.775711 0.631088 0.000000 -0.775711 0.631088 0.000000 -0.816970 0.576680 0.000000 -0.816970 0.576680 0.000000 -0.854419 0.519584 0.000000 -0.854419 0.519584 0.000000 -0.887885 0.460065 0.000000 -0.887885 0.460065 0.000000 -0.917211 0.398401 0.000000 -0.917211 0.398401 0.000000 -0.942261 0.334880 0.000000 -0.942261 0.334880 0.000000 -0.962917 0.269797 0.000000 -0.962917 0.269797 0.000000 -0.979084 0.203456 0.000000 -0.979084 0.203456 0.000000 -0.990686 0.136167 0.000000 -0.990686 0.136167 0.000000 -0.997669 0.068242 0.000000 -0.997669 0.068242 0.000000 -1.000000 0.000000 0.000000 -1.000000 0.000000 0.000000 -0.997669 -0.068242 0.000000 -0.997669 -0.068242 0.000000 -0.990686 -0.136167 0.000000 -0.990686 -0.136167 0.000000 -0.979084 -0.203456 0.000000 -0.979084 -0.203456 0.000000 -0.962917 -0.269797 0.000000 -0.962917 -0.269797 0.000000 -0.942261 -0.334880 0.000000 -0.942261 -0.334880 0.000000 -0.917211 -0.398401 0.000000 -0.917211 -0.398401 0.000000 -0.887885 -0.460065 0.000000 -0.887885 -0.460065 0.000000 -0.854419 -0.519584 0.000000 -0.854419 -0.519584 0.000000 -0.816970 -0.576680 0.000000 -0.816970 -0.576680 0.000000 -0.775711 -0.631088 0.000000 -0.775711 -0.631088 0.000000 -0.730836 -0.682553 0.000000 -0.730836 -0.682553 0.000000 -0.682553 -0.730836 0.000000 -0.682553 -0.730836 0.000000 -0.631088 -0.775711 0.000000 -0.631088 -0.775711 0.000000 -0.576680 -0.816970 0.000000 -0.576680 -0.816970 0.000000 -0.519584 -0.854419 0.000000 -0.519584 -0.854419 0.000000 -0.460065 -0.887885 0.000000 -0.460065 -0.887885 0.000000 -0.398401 -0.917211 0.000000 -0.398401 -0.917211 0.000000 -0.334880 -0.942261 0.000000 -0.334880 -0.942261 0.000000 -0.269797 -0.962917 0.000000 -0.269797 -0.962917 0.000000 -0.203456 -0.979084 0.000000 -0.203456 -0.979084 0.000000 -0.136167 -0.990686 0.000000 -0.136167 -0.990686 1.000000 0.000000 0.000000 1.000000 0.000000 0.000000 1.000000 0.000000 0.000000 1.000000 0.000000 0.000000 1.000000 0.000000 0.000000 1.000000 0.000000 0.000000 1.000000 0.000000 0.000000 1.000000 0.000000 0.000000 1.000000 0.000000 0.000000 1.000000 0.000000 0.000000 1.000000 0.000000 0.000000 1.000000 0.000000 0.000000 1.000000 0.000000 0.000000 1.000000 0.000000 0.000000 1.000000 0.000000 0.000000 1.000000 0.000000 0.000000 1.000000 0.000000 0.000000 1.000000 0.000000 0.000000 1.000000 0.000000 0.000000 1.000000 0.000000 0.000000 1.000000 0.000000 0.000000 1.000000 0.000000 0.000000 1.000000 0.000000 0.000000 1.000000 0.000000 0.000000 1.000000 0.000000 0.000000 1.000000 0.000000 0.000000 1.000000 0.000000 0.000000 1.000000 0.000000 0.000000 1.000000 0.000000 0.000000 1.000000 0.000000 0.000000 1.000000 0.000000 0.000000 1.000000 0.000000 0.000000 1.000000 0.000000 0.000000 1.000000 0.000000 0.000000 1.000000 0.000000 0.000000 1.000000 0.000000 0.000000 1.000000 0.000000 0.000000 1.000000 0.000000 0.000000 1.000000 0.000000 0.000000 1.000000 0.000000 0.000000 1.000000 0.000000 0.000000 1.000000 0.000000 0.000000 1.000000 0.000000 0.000000 1.000000 0.000000 0.000000 1.000000 0.000000 0.000000 1.000000 0.000000 0.000000 1.000000 0.000000 0.000000 1.000000 0.000000 0.000000 1.000000 0.000000 0.000000 1.000000 0.000000 0.000000 1.000000 0.000000 0.000000 1.000000 0.000000 0.000000 1.000000 0.000000 0.000000 1.000000 0.000000 0.000000 1.000000 0.000000 0.000000 1.000000 0.000000 0.000000 1.000000 0.000000 0.000000 1.000000 0.000000 0.000000 1.000000 0.000000 0.000000 1.000000 0.000000 0.000000 1.000000 0.000000 0.000000 1.000000 0.000000 0.000000 1.000000 0.000000 0.000000 1.000000 0.000000 0.000000 1.000000 0.000000 0.000000 1.000000 0.000000 0.000000 1.000000 0.000000 0.000000 1.000000 0.000000 0.000000 1.000000 0.000000 0.000000 1.000000 0.000000 0.000000 1.000000 0.000000 0.000000 1.000000 0.000000 0.000000 1.000000 0.000000 0.000000 1.000000 0.000000 0.000000 1.000000 0.000000 0.000000 1.000000 0.000000 0.000000 1.000000 0.000000 0.000000 1.000000 0.000000 0.000000 1.000000 0.000000 0.000000 1.000000 0.000000 0.000000 1.000000 0.000000 0.000000 1.000000 0.000000 0.000000 1.000000 0.000000 0.000000 1.000000 0.000000 0.000000 1.000000 0.000000 0.000000 1.000000 0.000000 0.000000 1.000000 0.000000 0.000000 1.000000 0.000000 0.000000 1.000000 0.000000 0.000000 1.000000 0.000000 0.000000 1.000000 0.000000 0.000000 1.000000 0.000000 0.000000 1.000000 0.000000 0.000000 1.000000 0.000000 0.000000 1.000000 0.000000 0.000000 1.000000 0.000000 0.000000 -1.000000 -0.000000 -0.000000 -1.000000 -0.000000 -0.000000 -1.000000 -0.000000 -0.000000 -1.000000 -0.000000 -0.000000 -1.000000 -0.000000 -0.000000 -1.000000 -0.000000 -0.000000 -1.000000 -0.000000 -0.000000 -1.000000 -0.000000 -0.000000 -1.000000 -0.000000 -0.000000 -1.000000 -0.000000 -0.000000 -1.000000 -0.000000 -0.000000 -1.000000 -0.000000 -0.000000 -1.000000 -0.000000 -0.000000 -1.000000 -0.000000 -0.000000 -1.000000 -0.000000 -0.000000 -1.000000 -0.000000 -0.000000 -1.000000 -0.000000 -0.000000 -1.000000 -0.000000 -0.000000 -1.000000 -0.000000 -0.000000 -1.000000 -0.000000 -0.000000 -1.000000 -0.000000 -0.000000 -1.000000 -0.000000 -0.000000 -1.000000 -0.000000 -0.000000 -1.000000 -0.000000 -0.000000 -1.000000 -0.000000 -0.000000 -1.000000 -0.000000 -0.000000 -1.000000 -0.000000 -0.000000 -1.000000 -0.000000 -0.000000 -1.000000 -0.000000 -0.000000 -1.000000 -0.000000 -0.000000 -1.000000 -0.000000 -0.000000 -1.000000 -0.000000 -0.000000 -1.000000 -0.000000 -0.000000 -1.000000 -0.000000 -0.000000 -1.000000 -0.000000 -0.000000 -1.000000 -0.000000 -0.000000 -1.000000 -0.000000 -0.000000 -1.000000 -0.000000 -0.000000 -1.000000 -0.000000 -0.000000 -1.000000 -0.000000 -0.000000 -1.000000 -0.000000 -0.000000 -1.000000 -0.000000 -0.000000 -1.000000 -0.000000 -0.000000 -1.000000 -0.000000 -0.000000 -1.000000 -0.000000 -0.000000 -1.000000 -0.000000 -0.000000 -1.000000 -0.000000 -0.000000 -1.000000 -0.000000 -0.000000 -1.000000 -0.000000 -0.000000 -1.000000 -0.000000 -0.000000 -1.000000 -0.000000 -0.000000 -1.000000 -0.000000 -0.000000 -1.000000 -0.000000 -0.000000 -1.000000 -0.000000 -0.000000 -1.000000 -0.000000 -0.000000 -1.000000 -0.000000 -0.000000 -1.000000 -0.000000 -0.000000 -1.000000 -0.000000 -0.000000 -1.000000 -0.000000 -0.000000 -1.000000 -0.000000 -0.000000 -1.000000 -0.000000 -0.000000 -1.000000 -0.000000 -0.000000 -1.000000 -0.000000 -0.000000 -1.000000 -0.000000 -0.000000 -1.000000 -0.000000 -0.000000 -1.000000 -0.000000 -0.000000 -1.000000 -0.000000 -0.000000 -1.000000 -0.000000 -0.000000 -1.000000 -0.000000 -0.000000 -1.000000 -0.000000 -0.000000 -1.000000 -0.000000 -0.000000 -1.000000 -0.000000 -0.000000 -1.000000 -0.000000 -0.000000 -1.000000 -0.000000 -0.000000 -1.000000 -0.000000 -0.000000 -1.000000 -0.000000 -0.000000 -1.000000 -0.000000 -0.000000 -1.000000 -0.000000 -0.000000 -1.000000 -0.000000 -0.000000 -1.000000 -0.000000 -0.000000 -1.000000 -0.000000 -0.000000 -1.000000 -0.000000 -0.000000 -1.000000 -0.000000 -0.000000 -1.000000 -0.000000 -0.000000 -1.000000 -0.000000 -0.000000 -1.000000 -0.000000 -0.000000 -1.000000 -0.000000 -0.000000 -1.000000 -0.000000 -0.000000 -1.000000 -0.000000 -0.000000 -1.000000 -0.000000 -0.000000 -1.000000 -0.000000 -0.000000 -1.000000 -0.000000 -0.000000 -1.000000 -0.000000 -0.000000 -1.000000 -0.000000 -0.000000 -1.000000 -0.000000 -0.000000 -1.000000 -0.000000 -0.000000 -1.000000 -0.000000 -0.000000 -1.000000 -0.000000 -0.000000 -1.000000 -0.000000 -0.000000 -1.000000 -0.000000 -0.000000 -1.000000 -0.000000 -0.000000 -1.000000 -0.000000 -0.000000 -1.000000 -0.000000 -0.000000 -1.000000 -0.000000 -0.000000 -1.000000 -0.000000 -0.000000 -1.000000 -0.000000 -0.000000 -1.000000 -0.000000 -0.000000 -1.000000 -0.000000 -0.000000 -1.000000 -0.000000 -0.000000 -1.000000 -0.000000 -0.000000 -1.000000 -0.000000 -0.000000 -1.000000 -0.000000 -0.000000 -1.000000 -0.000000 -0.000000 -1.000000 -0.000000 -0.000000 -1.000000 -0.000000 -0.000000 -1.000000 -0.000000 -0.000000 -1.000000 -0.000000 -0.000000 -1.000000 -0.000000 -0.000000 -1.000000 -0.000000 -0.000000 -1.000000 -0.000000 -0.000000 -1.000000 -0.000000 -0.000000 -1.000000 -0.000000 -0.000000 -1.000000 -0.000000 -0.000000 -1.000000 -0.000000 -0.000000 -1.000000 -0.000000 -0.000000 -1.000000 -0.000000 -0.000000 -1.000000 -0.000000 -0.000000 -1.000000 -0.000000 -0.000000 -1.000000 -0.000000 -0.000000 -1.000000 -0.000000 -0.000000 -1.000000 -0.000000 -0.000000 -1.000000 -0.000000 -0.000000 -1.000000 -0.000000 -0.000000 -1.000000 -0.000000 -0.000000 -1.000000 -0.000000 -0.000000 -1.000000 -0.000000 -0.000000 -1.000000 -0.000000 -0.000000 -1.000000 -0.000000 -0.000000 -1.000000 -0.000000 -0.000000 -1.000000 -0.000000 -0.000000 -1.000000 -0.000000 -0.000000 -1.000000 -0.000000 -0.000000 -1.000000 -0.000000 -0.000000 -1.000000 -0.000000 -0.000000 -1.000000 -0.000000 -0.000000 -1.000000 -0.000000 -0.000000 -1.000000 -0.000000 -0.000000 -1.000000 -0.000000 -0.000000 -1.000000 -0.000000 -0.000000 -1.000000 -0.000000 -0.000000 -1.000000 -0.000000 -0.000000 -1.000000 -0.000000 -0.000000 -1.000000 -0.000000 -0.000000 -1.000000 -0.000000 -0.000000 -1.000000 -0.000000 -0.000000 -1.000000 -0.000000 -0.000000 -1.000000 -0.000000 -0.000000 -1.000000 -0.000000 -0.000000 -1.000000 -0.000000 -0.000000 -1.000000 -0.000000 -0.000000 -1.000000 -0.000000 -0.000000 -1.000000 -0.000000 -0.000000 -1.000000 -0.000000 -0.000000 -1.000000 -0.000000 -0.000000 -1.000000 -0.000000 -0.000000 -1.000000 -0.000000 -0.000000 -1.000000 -0.000000 -0.000000 -1.000000 -0.000000 -0.000000 -1.000000 -0.000000 -0.000000 -1.000000 -0.000000 -0.000000 -1.000000 -0.000000 -0.000000 -1.000000 -0.000000 -0.000000 -1.000000 -0.000000 -0.000000 -1.000000 -0.000000 -0.000000 -1.000000 -0.000000 -0.000000 -1.000000 -0.000000 -0.000000 -1.000000 -0.000000 -0.000000 -1.000000 -0.000000 -0.000000 -0.000000 -0.000000 1.000000 -0.000000 -0.000000 1.000000 -0.000000 -0.000000 1.000000 -0.000000 -0.000000 1.000000 -0.000000 -0.000000 1.000000 -0.000000 -0.000000 1.000000 -0.000000 -0.000000 1.000000 -0.000000 -0.000000 1.000000 -0.000000 -0.000000 1.000000 -0.000000 -0.000000 1.000000 -0.000000 -0.000000 1.000000 -0.000000 -0.000000 1.000000 -0.000000 -0.000000 1.000000 -0.000000 -0.000000 1.000000 -0.000000 -0.000000 1.000000 -0.000000 -0.000000 1.000000 -0.000000 -0.000000 1.000000 -0.000000 -0.000000 1.000000 -0.000000 -0.000000 1.000000 -0.000000 -0.000000 1.000000 -0.000000 -0.000000 1.000000 -0.000000 -0.000000 1.000000 -0.000000 -0.000000 1.000000 -0.000000 -0.000000 1.000000 -0.000000 -0.000000 1.000000 -0.000000 -0.000000 1.000000 -0.000000 -0.000000 1.000000 -0.000000 -0.000000 1.000000 -0.000000 -0.000000 1.000000 -0.000000 -0.000000 1.000000 -0.000000 -0.000000 1.000000 -0.000000 -0.000000 1.000000 -0.000000 -0.000000 1.000000 -0.000000 -0.000000 1.000000 -0.000000 -0.000000 1.000000 -0.000000 -0.000000 1.000000 -0.000000 -0.000000 1.000000 -0.000000 -0.000000 1.000000 -0.000000 -0.000000 1.000000 -0.000000 -0.000000 1.000000 -0.000000 -0.000000 1.000000 -0.000000 -0.000000 1.000000 -0.000000 -0.000000 1.000000 -0.000000 -0.000000 1.000000 -0.000000 -0.000000 1.000000 -0.000000 -0.000000 1.000000 -0.000000 -0.000000 1.000000 -0.000000 -0.000000 1.000000 -0.000000 -0.000000 1.000000 -0.000000 -0.000000 1.000000 -0.000000 -0.000000 1.000000 -0.000000 -0.000000 1.000000 -0.000000 -0.000000 1.000000 -0.000000 -0.000000 1.000000 -0.000000 -0.000000 1.000000 -0.000000 -0.000000 1.000000 -0.000000 -0.000000 1.000000 -0.000000 -0.000000 1.000000 -0.000000 -0.000000 1.000000 -0.000000 -0.000000 1.000000 -0.000000 -0.000000 1.000000 -0.000000 -0.000000 1.000000 -0.000000 -0.000000 1.000000 -0.000000 -0.000000 1.000000 -0.000000 -0.000000 1.000000 -0.000000 -0.000000 1.000000 -0.000000 -0.000000 1.000000 -0.000000 -0.000000 1.000000 -0.000000 -0.000000 1.000000 -0.000000 -0.000000 1.000000 -0.000000 -0.000000 1.000000 -0.000000 -0.000000 1.000000 -0.000000 -0.000000 1.000000 -0.000000 -0.000000 1.000000 -0.000000 -0.000000 1.000000 -0.000000 -0.000000 1.000000 -0.000000 -0.000000 1.000000 -0.000000 -0.000000 1.000000 -0.000000 -0.000000 1.000000 -0.000000 -0.000000 1.000000 -0.000000 -0.000000 1.000000 -0.000000 -0.000000 1.000000 -0.000000 -0.000000 1.000000 -0.000000 -0.000000 1.000000 -0.000000 -0.000000 1.000000 -0.000000 -0.000000 1.000000 -0.000000 -0.000000 1.000000 -0.000000 -0.000000 1.000000 -0.000000 -0.000000 1.000000 -0.000000 -0.000000 1.000000 -0.000000 -0.000000 1.000000 -0.000000 -0.000000 1.000000 -0.000000 -0.000000 1.000000 -0.000000 -0.000000 1.000000 -0.000000 -0.000000 1.000000 -0.000000 -0.000000 1.000000 -0.000000 -0.000000 1.000000 -0.000000 -0.000000 1.000000 -0.000000 -0.000000 1.000000 -0.000000 -0.000000 1.000000 -0.000000 -0.000000 1.000000 -0.000000 -0.000000 1.000000 -0.000000 -0.000000 1.000000 -0.000000 -0.000000 1.000000 -0.000000 -0.000000 1.000000 -0.000000 -0.000000 1.000000 -0.000000 -0.000000 1.000000 -0.000000 -0.000000 1.000000 -0.000000 -0.000000 1.000000 -0.000000 -0.000000 1.000000 -0.000000 -0.000000 1.000000 -0.000000 -0.000000 1.000000 -0.000000 -0.000000 1.000000 -0.000000 -0.000000 1.000000 -0.000000 -0.000000 1.000000 -0.000000 -0.000000 1.000000 -0.000000 -0.000000 1.000000 -0.000000 -0.000000 1.000000 -0.000000 -0.000000 1.000000 -0.000000 -0.000000 1.000000 -0.000000 -0.000000 1.000000 -0.000000 -0.000000 1.000000 -0.000000 -0.000000 1.000000 -0.000000 -0.000000 1.000000 -0.000000 -0.000000 1.000000 -0.000000 -0.000000 1.000000 -0.000000 -0.000000 1.000000 -0.000000 -0.000000 1.000000 -0.000000 -0.000000 1.000000 -0.000000 -0.000000 1.000000 -0.000000 -0.000000 1.000000 -0.000000 -0.000000 1.000000 -0.000000 -0.000000 1.000000 -0.000000 -0.000000 1.000000 -0.000000 -0.000000 1.000000 0.000000 -1.000000 -0.000000 0.000000 -1.000000 -0.000000 0.000000 -1.000000 -0.000000 0.000000 -1.000000 -0.000000 -0.000000 0.000000 -1.000000 -0.000000 0.000000 -1.000000 -0.000000 0.000000 -1.000000 -0.000000 0.000000 -1.000000 -0.000000 0.000000 -1.000000 -0.000000 0.000000 -1.000000 -0.000000 0.000000 -1.000000 -0.000000 0.000000 -1.000000 -0.000000 0.000000 -1.000000 -0.000000 0.000000 -1.000000 -0.000000 0.000000 -1.000000 -0.000000 0.000000 -1.000000 -0.000000 0.000000 -1.000000 -0.000000 0.000000 -1.000000 -0.000000 0.000000 -1.000000 -0.000000 0.000000 -1.000000 -0.000000 0.000000 -1.000000 -0.000000 0.000000 -1.000000 -0.000000 0.000000 -1.000000 -0.000000 0.000000 -1.000000 -0.000000 0.000000 -1.000000 -0.000000 0.000000 -1.000000 -0.000000 0.000000 -1.000000 -0.000000 0.000000 -1.000000 -0.000000 0.000000 -1.000000 -0.000000 0.000000 -1.000000 -0.000000 0.000000 -1.000000 -0.000000 0.000000 -1.000000 -0.000000 0.000000 -1.000000 -0.000000 0.000000 -1.000000 -0.000000 0.000000 -1.000000 -0.000000 0.000000 -1.000000 -0.000000 0.000000 -1.000000 -0.000000 0.000000 -1.000000 -0.000000 0.000000 -1.000000 -0.000000 0.000000 -1.000000 -0.000000 0.000000 -1.000000 -0.000000 0.000000 -1.000000 -0.000000 0.000000 -1.000000 -0.000000 0.000000 -1.000000 -0.000000 0.000000 -1.000000 -0.000000 0.000000 -1.000000 -0.000000 0.000000 -1.000000 -0.000000 0.000000 -1.000000 -0.000000 0.000000 -1.000000 -0.000000 0.000000 -1.000000 -0.000000 0.000000 -1.000000 -0.000000 0.000000 -1.000000 -0.000000 0.000000 -1.000000 -0.000000 0.000000 -1.000000 -0.000000 0.000000 -1.000000 -0.000000 0.000000 -1.000000 -0.000000 0.000000 -1.000000 -0.000000 0.000000 -1.000000 -0.000000 0.000000 -1.000000 -0.000000 0.000000 -1.000000 -0.000000 0.000000 -1.000000 -0.000000 0.000000 -1.000000 -0.000000 0.000000 -1.000000 -0.000000 0.000000 -1.000000 -0.000000 0.000000 -1.000000 -0.000000 0.000000 -1.000000 -0.000000 0.000000 -1.000000 -0.000000 0.000000 -1.000000 -0.000000 0.000000 -1.000000 -0.000000 0.000000 -1.000000 -0.000000 0.000000 -1.000000 -0.000000 0.000000 -1.000000 -0.000000 0.000000 -1.000000 -0.000000 0.000000 -1.000000 -0.000000 0.000000 -1.000000 -0.000000 0.000000 -1.000000 -0.000000 0.000000 -1.000000 -0.000000 0.000000 -1.000000 -0.000000 0.000000 -1.000000 -0.000000 0.000000 -1.000000 -0.000000 0.000000 -1.000000 -0.000000 0.000000 -1.000000 -0.000000 0.000000 -1.000000 -0.000000 0.000000 -1.000000 -0.000000 0.000000 -1.000000 -0.000000 0.000000 -1.000000 -0.000000 0.000000 -1.000000 -0.000000 0.000000 -1.000000 -0.000000 0.000000 -1.000000 -0.000000 0.000000 -1.000000 -0.000000 0.000000 -1.000000 -0.000000 0.000000 -1.000000 -0.000000 0.000000 -1.000000 -0.000000 0.000000 -1.000000 -0.000000 0.000000 -1.000000 -0.000000 0.000000 -1.000000 -0.000000 0.000000 -1.000000 -0.000000 0.000000 -1.000000 -0.000000 0.000000 -1.000000 -0.000000 0.000000 -1.000000 -0.000000 0.000000 -1.000000 -0.000000 0.000000 -1.000000 -0.000000 0.000000 -1.000000 -0.000000 0.000000 -1.000000 -0.000000 0.000000 -1.000000 -0.000000 0.000000 -1.000000 -0.000000 0.000000 -1.000000 -0.000000 0.000000 -1.000000 -0.000000 0.000000 -1.000000 -0.000000 0.000000 -1.000000 -0.000000 0.000000 -1.000000 -0.000000 0.000000 -1.000000 -0.000000 0.000000 -1.000000 -0.000000 0.000000 -1.000000 -0.000000 0.000000 -1.000000 -0.000000 0.000000 -1.000000 -0.000000 0.000000 -1.000000 -0.000000 0.000000 -1.000000 -0.000000 0.000000 -1.000000 -0.000000 0.000000 -1.000000 -0.000000 0.000000 -1.000000 -0.000000 0.000000 -1.000000 -0.000000 0.000000 -1.000000 -0.000000 0.000000 -1.000000 -0.000000 0.000000 -1.000000 -0.000000 0.000000 -1.000000 -0.000000 0.000000 -1.000000 -0.000000 0.000000 -1.000000 -0.000000 0.000000 -1.000000 -0.000000 0.000000 -1.000000 -0.000000 0.000000 -1.000000 -0.000000 0.000000 -1.000000 -0.000000 0.000000 -1.000000 -0.000000 0.000000 -1.000000 -0.000000 0.000000 -1.000000 -0.000000 0.000000 -1.000000 -0.000000 0.000000 -1.000000 -0.000000 0.000000 -1.000000 -0.000000 0.000000 -1.000000 -0.000000 1.000000 -0.000000 -0.000000 1.000000 -0.000000 -0.000000 1.000000 -0.000000 -0.000000 1.000000 -0.000000 -0.745356 0.666667 0.000000 -0.745356 0.666667 0.000000 -0.693040 0.720899 0.000000 -0.693040 0.720899 0.000000 -0.636789 0.771038 0.000000 -0.636789 0.771038 0.000000 -0.576923 0.816799 0.000000 -0.576923 0.816799 0.000000 -0.513780 0.857922 0.000000 -0.513780 0.857922 0.000000 -0.447721 0.894173 0.000000 -0.447721 0.894173 0.000000 -0.379119 0.925348 0.000000 -0.379119 0.925348 0.000000 -0.308364 0.951268 0.000000 -0.308364 0.951268 0.000000 -0.235859 0.971787 0.000000 -0.235859 0.971787 0.000000 -0.162014 0.986788 0.000000 -0.162014 0.986788 0.000000 -0.087250 0.996186 0.000000 -0.087250 0.996186 0.000000 -0.011990 0.999928 0.000000 -0.011990 0.999928 0.000000 0.063338 0.997992 0.000000 0.063338 0.997992 0.000000 0.138307 0.990389 0.000000 0.138307 0.990389 0.000000 0.212490 0.977163 0.000000 0.212490 0.977163 0.000000 0.285466 0.958389 0.000000 0.285466 0.958389 0.000000 0.356822 0.934172 0.000000 0.356822 0.934172 0.000000 0.426152 0.904652 0.000000 0.426152 0.904652 0.000000 0.493062 0.869994 0.000000 0.493062 0.869994 0.000000 0.557172 0.830397 0.000000 0.557172 0.830397 0.000000 0.618119 0.786085 0.000000 0.618119 0.786085 0.000000 0.675555 0.737309 0.000000 0.675555 0.737309 0.000000 0.729156 0.684347 0.000000 0.729156 0.684347 0.000000 0.778617 0.627499 0.000000 0.778617 0.627499 0.000000 0.823657 0.567088 0.000000 0.823657 0.567088 0.000000 0.864020 0.503457 0.000000 0.864020 0.503457 0.000000 0.899477 0.436968 0.000000 0.899477 0.436968 0.000000 0.929827 0.367997 0.000000 0.929827 0.367997 0.000000 0.954897 0.296937 0.000000 0.954897 0.296937 0.000000 0.974545 0.224191 0.000000 0.974545 0.224191 0.000000 0.988660 0.150171 0.000000 0.988660 0.150171 0.000000 0.997161 0.075299 0.000000 0.997161 0.075299 0.000000 1.000000 0.000000 0.000000 1.000000 0.000000 0.000000 0.997161 -0.075299 -0.000000 0.997161 -0.075299 -0.000000 0.988660 -0.150171 -0.000000 0.988660 -0.150171 -0.000000 0.974545 -0.224191 -0.000000 0.974545 -0.224191 -0.000000 0.954897 -0.296937 -0.000000 0.954897 -0.296937 -0.000000 0.929827 -0.367997 -0.000000 0.929827 -0.367997 -0.000000 0.899477 -0.436968 -0.000000 0.899477 -0.436968 -0.000000 0.864020 -0.503457 -0.000000 0.864020 -0.503457 -0.000000 0.823657 -0.567088 -0.000000 0.823657 -0.567088 -0.000000 0.778617 -0.627499 -0.000000 0.778617 -0.627499 -0.000000 0.729156 -0.684347 -0.000000 0.729156 -0.684347 -0.000000 0.675555 -0.737309 -0.000000 0.675555 -0.737309 -0.000000 0.618119 -0.786085 -0.000000 0.618119 -0.786085 -0.000000 0.557172 -0.830397 -0.000000 0.557172 -0.830397 -0.000000 0.493062 -0.869994 -0.000000 0.493062 -0.869994 -0.000000 0.426152 -0.904652 -0.000000 0.426152 -0.904652 -0.000000 0.356822 -0.934172 -0.000000 0.356822 -0.934172 -0.000000 0.285466 -0.958389 -0.000000 0.285466 -0.958389 -0.000000 0.212490 -0.977163 -0.000000 0.212490 -0.977163 -0.000000 0.138307 -0.990389 -0.000000 0.138307 -0.990389 -0.000000 0.063338 -0.997992 -0.000000 0.063338 -0.997992 -0.000000 -0.011990 -0.999928 -0.000000 -0.011990 -0.999928 -0.000000 -0.087250 -0.996186 -0.000000 -0.087250 -0.996186 -0.000000 -0.162014 -0.986788 -0.000000 -0.162014 -0.986788 -0.000000 -0.235859 -0.971787 -0.000000 -0.235859 -0.971787 -0.000000 -0.308364 -0.951268 -0.000000 -0.308364 -0.951268 -0.000000 -0.379119 -0.925348 -0.000000 -0.379119 -0.925348 -0.000000 -0.447721 -0.894173 -0.000000 -0.447721 -0.894173 -0.000000 -0.513780 -0.857922 -0.000000 -0.513780 -0.857922 -0.000000 -0.576923 -0.816799 -0.000000 -0.576923 -0.816799 -0.000000 -0.636789 -0.771038 -0.000000 -0.636789 -0.771038 -0.000000 -0.693040 -0.720899 -0.000000 -0.693040 -0.720899 -0.000000 -0.745356 -0.666667 -0.000000 -0.745356 -0.666667 -0.000000 0.092268 -0.995734 -0.000000 0.000000 -1.000000 -0.000000 0.000000 -1.000000 -0.000000 -0.092268 -0.995734 -0.000000 -0.092268 -0.995734 -0.000000 -0.183750 -0.982973 -0.000000 -0.183750 -0.982973 -0.000000 -0.273663 -0.961826 -0.000000 -0.273663 -0.961826 -0.000000 -0.361242 -0.932472 -0.000000 -0.361242 -0.932472 -0.000000 -0.445738 -0.895163 -0.000000 -0.445738 -0.895163 -0.000000 -0.526432 -0.850217 -0.000000 -0.526432 -0.850217 -0.000000 -0.602635 -0.798017 -0.000000 -0.602635 -0.798017 -0.000000 -0.673696 -0.739009 -0.000000 -0.673696 -0.739009 -0.000000 -0.739009 -0.673696 -0.000000 -0.739009 -0.673696 -0.000000 -0.798017 -0.602635 -0.000000 -0.798017 -0.602635 -0.000000 -0.850217 -0.526432 -0.000000 -0.850217 -0.526432 -0.000000 -0.895163 -0.445738 -0.000000 -0.895163 -0.445738 -0.000000 -0.932472 -0.361242 -0.000000 -0.932472 -0.361242 -0.000000 -0.961826 -0.273663 -0.000000 -0.961826 -0.273663 -0.000000 -0.982973 -0.183750 -0.000000 -0.982973 -0.183750 -0.000000 -0.995734 -0.092268 -0.000000 -0.995734 -0.092268 -0.000000 -1.000000 -0.000000 -0.000000 -1.000000 -0.000000 -0.000000 -0.995734 0.092268 0.000000 -0.995734 0.092268 0.000000 -0.982973 0.183750 0.000000 -0.982973 0.183750 0.000000 -0.961826 0.273663 0.000000 -0.961826 0.273663 0.000000 -0.932472 0.361242 0.000000 -0.932472 0.361242 0.000000 -0.895163 0.445738 0.000000 -0.895163 0.445738 0.000000 -0.850217 0.526432 0.000000 -0.850217 0.526432 0.000000 -0.798017 0.602635 0.000000 -0.798017 0.602635 0.000000 -0.739009 0.673696 0.000000 -0.739009 0.673696 0.000000 -0.673696 0.739009 0.000000 -0.673696 0.739009 0.000000 -0.602635 0.798017 0.000000 -0.602635 0.798017 0.000000 -0.526432 0.850217 0.000000 -0.526432 0.850217 0.000000 -0.445738 0.895163 0.000000 -0.445738 0.895163 0.000000 -0.361242 0.932472 0.000000 -0.361242 0.932472 0.000000 -0.273663 0.961826 0.000000 -0.273663 0.961826 0.000000 -0.183750 0.982973 0.000000 -0.183750 0.982973 0.000000 -0.092268 0.995734 0.000000 -0.092268 0.995734 0.000000 -0.000000 1.000000 0.000000 -0.000000 1.000000 0.000000 0.092268 0.995734 0.000000 0.092268 0.995734 0.000000 0.183750 0.982973 0.000000 0.092268 -0.995734 -0.000000 0.183750 -0.982973 -0.000000 0.183750 -0.982973 -0.000000 0.273663 -0.961826 -0.000000 0.273663 -0.961826 -0.000000 0.361242 -0.932472 -0.000000 0.361242 -0.932472 -0.000000 0.445738 -0.895163 -0.000000 0.445738 -0.895163 -0.000000 0.526432 -0.850217 -0.000000 0.526432 -0.850217 -0.000000 0.602635 -0.798017 -0.000000 0.602635 -0.798017 -0.000000 0.673696 -0.739009 -0.000000 0.673696 -0.739009 -0.000000 0.739009 -0.673696 -0.000000 0.739009 -0.673696 -0.000000 0.798017 -0.602635 -0.000000 0.798017 -0.602635 -0.000000 0.850217 -0.526432 -0.000000 0.850217 -0.526432 -0.000000 0.895163 -0.445738 -0.000000 0.895163 -0.445738 -0.000000 0.932472 -0.361242 -0.000000 0.932472 -0.361242 -0.000000 0.961826 -0.273663 -0.000000 0.961826 -0.273663 -0.000000 0.982973 -0.183750 -0.000000 0.982973 -0.183750 -0.000000 0.995734 -0.092268 -0.000000 0.995734 -0.092268 -0.000000 1.000000 0.000000 0.000000 1.000000 0.000000 0.000000 0.995734 0.092268 0.000000 0.995734 0.092268 0.000000 0.982973 0.183750 0.000000 0.982973 0.183750 0.000000 0.961826 0.273663 0.000000 0.961826 0.273663 0.000000 0.932472 0.361242 0.000000 0.932472 0.361242 0.000000 0.895163 0.445738 0.000000 0.895163 0.445738 0.000000 0.850217 0.526432 0.000000 0.850217 0.526432 0.000000 0.798017 0.602635 0.000000 0.798017 0.602635 0.000000 0.739009 0.673696 0.000000 0.739009 0.673696 0.000000 0.673696 0.739009 0.000000 0.673696 0.739009 0.000000 0.602635 0.798017 0.000000 0.602635 0.798017 0.000000 0.526432 0.850217 0.000000 0.526432 0.850217 0.000000 0.445738 0.895163 0.000000 0.445738 0.895163 0.000000 0.361242 0.932472 0.000000 0.361242 0.932472 0.000000 0.273663 0.961826 0.000000 0.273663 0.961826 0.000000 0.183750 0.982973 0.000000</float_array>
          <technique_common>
            <accessor source="#Part02-mesh-normals-array" count="1628" stride="3">
              <param name="X" type="float"/>
              <param name="Y" type="float"/>
              <param name="Z" type="float"/>
            </accessor>
          </technique_common>
        </source>
        <vertices id="Part02-mesh-vertices">
          <input semantic="POSITION" source="#Part02-mesh-positions"/>
        </vertices>
        <triangles material="Opaque_0_192_0_" count="1620">
          <input semantic="VERTEX" source="#Part02-mesh-vertices" offset="0"/>
          <input semantic="NORMAL" source="#Part02-mesh-normals" offset="1"/>
          <p>1 0 183 1 0 2 0 2 183 1 92 3 0 2 92 3 91 4 91 4 92 3 93 5 91 4 93 5 90 6 90 6 93 5 94 7 90 6 94 7 89 8 89 8 94 7 95 9 89 8 95 9 88 10 88 10 95 9 96 11 88 10 96 11 87 12 87 12 96 11 97 13 87 12 97 13 86 14 86 14 97 13 98 15 86 14 98 15 85 16 85 16 98 15 99 17 85 16 99 17 84 18 84 18 99 17 100 19 84 18 100 19 83 20 83 20 100 19 101 21 83 20 101 21 82 22 82 22 101 21 102 23 82 22 102 23 81 24 81 24 102 23 103 25 81 24 103 25 80 26 80 26 103 25 104 27 80 26 104 27 79 28 79 28 104 27 105 29 79 28 105 29 78 30 78 30 105 29 106 31 78 30 106 31 77 32 77 32 106 31 107 33 77 32 107 33 76 34 76 34 107 33 108 35 76 34 108 35 75 36 75 36 108 35 109 37 75 36 109 37 74 38 74 38 109 37 110 39 74 38 110 39 73 40 73 40 110 39 111 41 73 40 111 41 72 42 72 42 111 41 112 43 72 42 112 43 71 44 71 44 112 43 113 45 71 44 113 45 70 46 70 46 113 45 114 47 70 46 114 47 69 48 69 48 114 47 115 49 69 48 115 49 68 50 68 50 115 49 116 51 68 50 116 51 67 52 67 52 116 51 117 53 67 52 117 53 66 54 66 54 117 53 118 55 66 54 118 55 65 56 65 56 118 55 119 57 65 56 119 57 64 58 64 58 119 57 120 59 64 58 120 59 63 60 63 60 120 59 121 61 63 60 121 61 62 62 62 62 121 61 122 63 62 62 122 63 61 64 61 64 122 63 123 65 61 64 123 65 60 66 60 66 123 65 124 67 60 66 124 67 59 68 59 68 124 67 125 69 59 68 125 69 58 70 58 70 125 69 126 71 58 70 126 71 57 72 57 72 126 71 127 73 57 72 127 73 56 74 56 74 127 73 128 75 56 74 128 75 55 76 55 76 128 75 129 77 55 76 129 77 54 78 54 78 129 77 130 79 54 78 130 79 53 80 53 80 130 79 131 81 53 80 131 81 52 82 52 82 131 81 132 83 52 82 132 83 51 84 51 84 132 83 133 85 51 84 133 85 50 86 50 86 133 85 134 87 50 86 134 87 49 88 49 88 134 87 135 89 49 88 135 89 48 90 48 90 135 89 136 91 48 90 136 91 47 92 47 92 136 91 137 93 47 92 137 93 46 94 46 94 137 93 138 95 46 94 138 95 45 96 45 96 138 95 139 97 45 96 139 97 44 98 44 98 139 97 140 99 44 98 140 99 43 100 43 100 140 99 141 101 43 100 141 101 42 102 42 102 141 101 142 103 42 102 142 103 41 104 41 104 142 103 143 105 41 104 143 105 40 106 40 106 143 105 144 107 40 106 144 107 39 108 39 108 144 107 145 109 39 108 145 109 38 110 38 110 145 109 146 111 38 110 146 111 37 112 37 112 146 111 147 113 37 112 147 113 36 114 36 114 147 113 148 115 36 114 148 115 35 116 35 116 148 115 149 117 35 116 149 117 34 118 34 118 149 117 150 119 34 118 150 119 33 120 33 120 150 119 151 121 33 120 151 121 32 122 32 122 151 121 152 123 32 122 152 123 31 124 31 124 152 123 153 125 31 124 153 125 30 126 30 126 153 125 154 127 30 126 154 127 29 128 29 128 154 127 155 129 29 128 155 129 28 130 28 130 155 129 156 131 28 130 156 131 27 132 27 132 156 131 157 133 27 132 157 133 26 134 26 134 157 133 158 135 26 134 158 135 25 136 25 136 158 135 159 137 25 136 159 137 24 138 24 138 159 137 160 139 24 138 160 139 23 140 23 140 160 139 161 141 23 140 161 141 22 142 22 142 161 141 162 143 22 142 162 143 21 144 21 144 162 143 163 145 21 144 163 145 20 146 20 146 163 145 164 147 20 146 164 147 19 148 19 148 164 147 165 149 19 148 165 149 18 150 18 150 165 149 166 151 18 150 166 151 17 152 17 152 166 151 167 153 17 152 167 153 16 154 16 154 167 153 168 155 16 154 168 155 15 156 15 156 168 155 169 157 15 156 169 157 14 158 14 158 169 157 170 159 14 158 170 159 13 160 13 160 170 159 171 161 13 160 171 161 12 162 12 162 171 161 172 163 12 162 172 163 11 164 11 164 172 163 173 165 11 164 173 165 10 166 10 166 173 165 174 167 10 166 174 167 9 168 9 168 174 167 175 169 9 168 175 169 8 170 8 170 175 169 176 171 8 170 176 171 7 172 7 172 176 171 177 173 7 172 177 173 6 174 6 174 177 173 178 175 6 174 178 175 5 176 5 176 178 175 179 177 5 176 179 177 4 178 4 178 179 177 180 179 4 178 180 179 3 180 3 180 180 179 181 181 3 180 181 181 2 182 2 182 181 181 182 183 2 182 182 183 1 0 1 0 182 183 183 1 1 184 0 185 184 186 184 186 0 185 91 187 184 186 91 187 269 188 269 188 91 187 90 189 269 188 90 189 268 190 268 190 90 189 89 191 268 190 89 191 267 192 267 192 89 191 88 193 267 192 88 193 266 194 266 194 88 193 87 195 266 194 87 195 265 196 265 196 87 195 86 197 265 196 86 197 264 198 264 198 86 197 85 199 264 198 85 199 263 200 263 200 85 199 84 201 263 200 84 201 262 202 262 202 84 201 83 203 262 202 83 203 261 204 261 204 83 203 82 205 261 204 82 205 260 206 260 206 82 205 81 207 260 206 81 207 259 208 259 208 81 207 80 209 259 208 80 209 258 210 258 210 80 209 79 211 258 210 79 211 257 212 257 212 79 211 78 213 257 212 78 213 256 214 256 214 78 213 77 215 256 214 77 215 76 216 256 214 76 216 255 217 255 217 76 216 75 218 255 217 75 218 254 219 254 219 75 218 74 220 254 219 74 220 253 221 253 221 74 220 73 222 253 221 73 222 252 223 252 223 73 222 72 224 252 223 72 224 251 225 251 225 72 224 71 226 251 225 71 226 250 227 250 227 71 226 70 228 250 227 70 228 249 229 249 229 70 228 69 230 249 229 69 230 248 231 248 231 69 230 68 232 248 231 68 232 247 233 247 233 68 232 67 234 247 233 67 234 246 235 246 235 67 234 66 236 246 235 66 236 245 237 245 237 66 236 65 238 245 237 65 238 244 239 244 239 65 238 64 240 244 239 64 240 243 241 243 241 64 240 63 242 243 241 63 242 242 243 242 243 63 242 62 244 242 243 62 244 241 245 241 245 62 244 61 246 241 245 61 246 60 247 241 245 60 247 240 248 240 248 60 247 59 249 240 248 59 249 239 250 239 250 59 249 58 251 239 250 58 251 238 252 238 252 58 251 57 253 238 252 57 253 237 254 237 254 57 253 56 255 237 254 56 255 236 256 236 256 56 255 55 257 236 256 55 257 235 258 235 258 55 257 54 259 235 258 54 259 234 260 234 260 54 259 53 261 234 260 53 261 233 262 233 262 53 261 52 263 233 262 52 263 232 264 232 264 52 263 51 265 232 264 51 265 231 266 231 266 51 265 50 267 231 266 50 267 230 268 230 268 50 267 49 269 230 268 49 269 229 270 229 270 49 269 48 271 229 270 48 271 228 272 228 272 48 271 47 273 228 272 47 273 227 274 227 274 47 273 46 275 227 274 46 275 45 276 227 274 45 276 226 277 226 277 45 276 44 278 226 277 44 278 225 279 225 279 44 278 43 280 225 279 43 280 224 281 224 281 43 280 42 282 224 281 42 282 223 283 223 283 42 282 41 284 223 283 41 284 222 285 222 285 41 284 40 286 222 285 40 286 221 287 221 287 40 286 39 288 221 287 39 288 220 289 220 289 39 288 38 290 220 289 38 290 219 291 219 291 38 290 37 292 219 291 37 292 218 293 218 293 37 292 36 294 218 293 36 294 217 295 217 295 36 294 35 296 217 295 35 296 216 297 216 297 35 296 34 298 216 297 34 298 215 299 215 299 34 298 33 300 215 299 33 300 214 301 214 301 33 300 32 302 214 301 32 302 213 303 213 303 32 302 31 304 213 303 31 304 30 305 213 303 30 305 212 306 212 306 30 305 29 307 212 306 29 307 211 308 211 308 29 307 28 309 211 308 28 309 210 310 210 310 28 309 27 311 210 310 27 311 209 312 209 312 27 311 26 313 209 312 26 313 208 314 208 314 26 313 25 315 208 314 25 315 207 316 207 316 25 315 24 317 207 316 24 317 206 318 206 318 24 317 23 319 206 318 23 319 205 320 205 320 23 319 22 321 205 320 22 321 204 322 204 322 22 321 21 323 204 322 21 323 203 324 203 324 21 323 20 325 203 324 20 325 202 326 202 326 20 325 19 327 202 326 19 327 201 328 201 328 19 327 18 329 201 328 18 329 200 330 200 330 18 329 17 331 200 330 17 331 199 332 199 332 17 331 16 333 199 332 16 333 198 334 198 334 16 333 15 335 198 334 15 335 14 336 198 334 14 336 197 337 197 337 14 336 13 338 197 337 13 338 196 339 196 339 13 338 12 340 196 339 12 340 195 341 195 341 12 340 11 342 195 341 11 342 194 343 194 343 11 342 10 344 194 343 10 344 193 345 193 345 10 344 9 346 193 345 9 346 192 347 192 347 9 346 8 348 192 347 8 348 191 349 191 349 8 348 7 350 191 349 7 350 190 351 190 351 7 350 6 352 190 351 6 352 189 353 189 353 6 352 5 354 189 353 5 354 188 355 188 355 5 354 4 356 188 355 4 356 187 357 187 357 4 356 3 358 187 357 3 358 186 359 186 359 3 358 2 360 186 359 2 360 185 361 185 361 2 360 1 184 185 361 1 184 184 186 183 362 139 363 92 364 92 364 139 363 138 365 92 364 138 365 93 366 93 366 138 365 137 367 93 366 137 367 94 368 94 368 137 367 136 369 94 368 136 369 95 370 95 370 136 369 135 371 95 370 135 371 96 372 96 372 135 371 134 373 96 372 134 373 97 374 97 374 134 373 133 375 97 374 133 375 98 376 98 376 133 375 132 377 98 376 132 377 99 378 99 378 132 377 131 379 99 378 131 379 100 380 100 380 131 379 130 381 100 380 130 381 101 382 101 382 130 381 129 383 101 382 129 383 102 384 102 384 129 383 128 385 102 384 128 385 103 386 103 386 128 385 127 387 103 386 127 387 104 388 104 388 127 387 126 389 104 388 126 389 105 390 105 390 126 389 125 391 105 390 125 391 106 392 106 392 125 391 124 393 106 392 124 393 107 394 107 394 124 393 123 395 107 394 123 395 108 396 108 396 123 395 122 397 108 396 122 397 109 398 109 398 122 397 121 399 109 398 121 399 110 400 110 400 121 399 120 401 110 400 120 401 111 402 111 402 120 401 119 403 111 402 119 403 112 404 112 404 119 403 118 405 112 404 118 405 113 406 113 406 118 405 117 407 113 406 117 407 114 408 114 408 117 407 116 409 114 408 116 409 115 410 139 363 183 362 140 411 140 411 183 362 182 412 140 411 182 412 141 413 141 413 182 412 181 414 141 413 181 414 142 415 142 415 181 414 180 416 142 415 180 416 143 417 143 417 180 416 179 418 143 417 179 418 144 419 144 419 179 418 178 420 144 419 178 420 145 421 145 421 178 420 177 422 145 421 177 422 146 423 146 423 177 422 176 424 146 423 176 424 147 425 147 425 176 424 175 426 147 425 175 426 148 427 148 427 175 426 174 428 148 427 174 428 149 429 149 429 174 428 173 430 149 429 173 430 150 431 150 431 173 430 172 432 150 431 172 432 151 433 151 433 172 432 171 434 151 433 171 434 152 435 152 435 171 434 170 436 152 435 170 436 153 437 153 437 170 436 169 438 153 437 169 438 154 439 154 439 169 438 168 440 154 439 168 440 155 441 155 441 168 440 167 442 155 441 167 442 156 443 156 443 167 442 166 444 156 443 166 444 157 445 157 445 166 444 165 446 157 445 165 446 158 447 158 447 165 446 164 448 158 447 164 448 159 449 159 449 164 448 163 450 159 449 163 450 160 451 160 451 163 450 162 452 160 451 162 452 161 453 271 454 185 455 270 456 270 456 185 455 184 457 270 456 184 457 355 458 355 458 184 457 269 459 355 458 269 459 354 460 354 460 269 459 268 461 354 460 268 461 353 462 353 462 268 461 267 463 353 462 267 463 352 464 352 464 267 463 266 465 352 464 266 465 351 466 351 466 266 465 265 467 351 466 265 467 350 468 350 468 265 467 264 469 350 468 264 469 349 470 349 470 264 469 263 471 349 470 263 471 348 472 348 472 263 471 262 473 348 472 262 473 347 474 347 474 262 473 261 475 347 474 261 475 346 476 346 476 261 475 260 477 346 476 260 477 345 478 345 478 260 477 259 479 345 478 259 479 344 480 344 480 259 479 258 481 344 480 258 481 343 482 343 482 258 481 257 483 343 482 257 483 342 484 342 484 257 483 256 485 342 484 256 485 341 486 341 486 256 485 255 487 341 486 255 487 340 488 340 488 255 487 254 489 340 488 254 489 339 490 339 490 254 489 253 491 339 490 253 491 338 492 338 492 253 491 252 493 338 492 252 493 337 494 337 494 252 493 251 495 337 494 251 495 336 496 336 496 251 495 250 497 336 496 250 497 335 498 335 498 250 497 249 499 335 498 249 499 334 500 334 500 249 499 248 501 334 500 248 501 333 502 333 502 248 501 247 503 333 502 247 503 332 504 332 504 247 503 246 505 332 504 246 505 331 506 331 506 246 505 245 507 331 506 245 507 330 508 330 508 245 507 244 509 330 508 244 509 329 510 329 510 244 509 243 511 329 510 243 511 328 512 328 512 243 511 242 513 328 512 242 513 327 514 327 514 242 513 241 515 327 514 241 515 326 516 326 516 241 515 240 517 326 516 240 517 325 518 325 518 240 517 239 519 325 518 239 519 324 520 324 520 239 519 238 521 324 520 238 521 323 522 323 522 238 521 237 523 323 522 237 523 322 524 322 524 237 523 236 525 322 524 236 525 321 526 321 526 236 525 235 527 321 526 235 527 320 528 320 528 235 527 234 529 320 528 234 529 319 530 319 530 234 529 233 531 319 530 233 531 318 532 318 532 233 531 232 533 318 532 232 533 317 534 317 534 232 533 231 535 317 534 231 535 316 536 316 536 231 535 230 537 316 536 230 537 315 538 315 538 230 537 229 539 315 538 229 539 314 540 314 540 229 539 228 541 314 540 228 541 313 542 313 542 228 541 227 543 313 542 227 543 312 544 312 544 227 543 226 545 312 544 226 545 311 546 311 546 226 545 225 547 311 546 225 547 310 548 310 548 225 547 224 549 310 548 224 549 309 550 309 550 224 549 223 551 309 550 223 551 308 552 308 552 223 551 222 553 308 552 222 553 307 554 307 554 222 553 221 555 307 554 221 555 306 556 306 556 221 555 220 557 306 556 220 557 305 558 305 558 220 557 219 559 305 558 219 559 304 560 304 560 219 559 218 561 304 560 218 561 303 562 303 562 218 561 217 563 303 562 217 563 302 564 302 564 217 563 216 565 302 564 216 565 301 566 301 566 216 565 215 567 301 566 215 567 300 568 300 568 215 567 214 569 300 568 214 569 299 570 299 570 214 569 213 571 299 570 213 571 298 572 298 572 213 571 212 573 298 572 212 573 297 574 297 574 212 573 211 575 297 574 211 575 296 576 296 576 211 575 210 577 296 576 210 577 295 578 295 578 210 577 209 579 295 578 209 579 294 580 294 580 209 579 208 581 294 580 208 581 293 582 293 582 208 581 207 583 293 582 207 583 292 584 292 584 207 583 206 585 292 584 206 585 291 586 291 586 206 585 205 587 291 586 205 587 290 588 290 588 205 587 204 589 290 588 204 589 289 590 289 590 204 589 203 591 289 590 203 591 288 592 288 592 203 591 202 593 288 592 202 593 287 594 287 594 202 593 201 595 287 594 201 595 286 596 286 596 201 595 200 597 286 596 200 597 285 598 285 598 200 597 199 599 285 598 199 599 284 600 284 600 199 599 198 601 284 600 198 601 283 602 283 602 198 601 197 603 283 602 197 603 282 604 282 604 197 603 196 605 282 604 196 605 281 606 281 606 196 605 195 607 281 606 195 607 280 608 280 608 195 607 194 609 280 608 194 609 279 610 279 610 194 609 193 611 279 610 193 611 278 612 278 612 193 611 192 613 278 612 192 613 277 614 277 614 192 613 191 615 277 614 191 615 276 616 276 616 191 615 190 617 276 616 190 617 275 618 275 618 190 617 189 619 275 618 189 619 274 620 274 620 189 619 188 621 274 620 188 621 273 622 273 622 188 621 187 623 273 622 187 623 272 624 272 624 187 623 186 625 272 624 186 625 271 454 271 454 186 625 185 455 357 626 539 627 356 628 356 628 539 627 448 629 356 628 448 629 447 630 447 630 448 629 449 631 447 630 449 631 446 632 446 632 449 631 450 633 446 632 450 633 445 634 445 634 450 633 451 635 445 634 451 635 444 636 444 636 451 635 452 637 444 636 452 637 443 638 443 638 452 637 453 639 443 638 453 639 442 640 442 640 453 639 454 641 442 640 454 641 441 642 441 642 454 641 455 643 441 642 455 643 440 644 440 644 455 643 456 645 440 644 456 645 439 646 439 646 456 645 457 647 439 646 457 647 438 648 438 648 457 647 458 649 438 648 458 649 437 650 437 650 458 649 459 651 437 650 459 651 436 652 436 652 459 651 460 653 436 652 460 653 435 654 435 654 460 653 461 655 435 654 461 655 434 656 434 656 461 655 462 657 434 656 462 657 433 658 433 658 462 657 463 659 433 658 463 659 432 660 432 660 463 659 464 661 432 660 464 661 431 662 431 662 464 661 465 663 431 662 465 663 430 664 430 664 465 663 466 665 430 664 466 665 429 666 429 666 466 665 467 667 429 666 467 667 428 668 428 668 467 667 468 669 428 668 468 669 427 670 427 670 468 669 469 671 427 670 469 671 426 672 426 672 469 671 470 673 426 672 470 673 425 674 425 674 470 673 471 675 425 674 471 675 424 676 424 676 471 675 472 677 424 676 472 677 423 678 423 678 472 677 473 679 423 678 473 679 422 680 422 680 473 679 474 681 422 680 474 681 421 682 421 682 474 681 475 683 421 682 475 683 420 684 420 684 475 683 476 685 420 684 476 685 419 686 419 686 476 685 477 687 419 686 477 687 418 688 418 688 477 687 478 689 418 688 478 689 417 690 417 690 478 689 479 691 417 690 479 691 416 692 416 692 479 691 480 693 416 692 480 693 415 694 415 694 480 693 481 695 415 694 481 695 414 696 414 696 481 695 482 697 414 696 482 697 413 698 413 698 482 697 483 699 413 698 483 699 412 700 412 700 483 699 484 701 412 700 484 701 411 702 411 702 484 701 485 703 411 702 485 703 410 704 410 704 485 703 486 705 410 704 486 705 409 706 409 706 486 705 487 707 409 706 487 707 408 708 408 708 487 707 488 709 408 708 488 709 407 710 407 710 488 709 489 711 407 710 489 711 406 712 406 712 489 711 490 713 406 712 490 713 405 714 405 714 490 713 491 715 405 714 491 715 404 716 404 716 491 715 492 717 404 716 492 717 403 718 403 718 492 717 493 719 403 718 493 719 402 720 402 720 493 719 494 721 402 720 494 721 401 722 401 722 494 721 495 723 401 722 495 723 400 724 400 724 495 723 496 725 400 724 496 725 399 726 399 726 496 725 497 727 399 726 497 727 398 728 398 728 497 727 498 729 398 728 498 729 397 730 397 730 498 729 499 731 397 730 499 731 396 732 396 732 499 731 500 733 396 732 500 733 395 734 395 734 500 733 501 735 395 734 501 735 394 736 394 736 501 735 502 737 394 736 502 737 393 738 393 738 502 737 503 739 393 738 503 739 392 740 392 740 503 739 504 741 392 740 504 741 391 742 391 742 504 741 505 743 391 742 505 743 390 744 390 744 505 743 506 745 390 744 506 745 389 746 389 746 506 745 507 747 389 746 507 747 388 748 388 748 507 747 508 749 388 748 508 749 387 750 387 750 508 749 509 751 387 750 509 751 386 752 386 752 509 751 510 753 386 752 510 753 385 754 385 754 510 753 511 755 385 754 511 755 384 756 384 756 511 755 512 757 384 756 512 757 383 758 383 758 512 757 513 759 383 758 513 759 382 760 382 760 513 759 514 761 382 760 514 761 381 762 381 762 514 761 515 763 381 762 515 763 380 764 380 764 515 763 516 765 380 764 516 765 379 766 379 766 516 765 517 767 379 766 517 767 378 768 378 768 517 767 518 769 378 768 518 769 377 770 377 770 518 769 519 771 377 770 519 771 376 772 376 772 519 771 520 773 376 772 520 773 375 774 375 774 520 773 521 775 375 774 521 775 374 776 374 776 521 775 522 777 374 776 522 777 373 778 373 778 522 777 523 779 373 778 523 779 372 780 372 780 523 779 524 781 372 780 524 781 371 782 371 782 524 781 525 783 371 782 525 783 370 784 370 784 525 783 526 785 370 784 526 785 369 786 369 786 526 785 527 787 369 786 527 787 368 788 368 788 527 787 528 789 368 788 528 789 367 790 367 790 528 789 529 791 367 790 529 791 366 792 366 792 529 791 530 793 366 792 530 793 365 794 365 794 530 793 531 795 365 794 531 795 364 796 364 796 531 795 532 797 364 796 532 797 363 798 363 798 532 797 533 799 363 798 533 799 362 800 362 800 533 799 534 801 362 800 534 801 361 802 361 802 534 801 535 803 361 802 535 803 360 804 360 804 535 803 536 805 360 804 536 805 359 806 359 806 536 805 537 807 359 806 537 807 358 808 358 808 537 807 538 809 358 808 538 809 357 626 357 626 538 809 539 627 447 810 542 811 356 812 356 812 542 811 543 813 356 812 543 813 357 814 357 814 543 813 358 815 358 815 543 813 359 816 359 816 543 813 360 817 360 817 543 813 361 818 361 818 543 813 362 819 362 819 543 813 363 820 363 820 543 813 364 821 364 821 543 813 365 822 365 822 543 813 366 823 366 823 543 813 367 824 367 824 543 813 368 825 368 825 543 813 369 826 369 826 543 813 370 827 370 827 543 813 371 828 371 828 543 813 372 829 372 829 543 813 373 830 373 830 543 813 374 831 374 831 543 813 375 832 375 832 543 813 376 833 376 833 543 813 377 834 377 834 543 813 378 835 378 835 543 813 379 836 379 836 543 813 540 837 379 836 540 837 380 838 380 838 540 837 381 839 381 839 540 837 382 840 382 840 540 837 383 841 383 841 540 837 384 842 384 842 540 837 385 843 385 843 540 837 386 844 386 844 540 837 387 845 387 845 540 837 388 846 388 846 540 837 389 847 389 847 540 837 390 848 390 848 540 837 391 849 391 849 540 837 392 850 392 850 540 837 393 851 393 851 540 837 394 852 394 852 540 837 395 853 395 853 540 837 396 854 396 854 540 837 397 855 397 855 540 837 398 856 398 856 540 837 399 857 399 857 540 837 400 858 400 858 540 837 401 859 401 859 540 837 402 860 402 860 540 837 541 861 402 860 541 861 403 862 403 862 541 861 404 863 404 863 541 861 405 864 405 864 541 861 406 865 406 865 541 861 407 866 407 866 541 861 408 867 408 867 541 861 409 868 409 868 541 861 410 869 410 869 541 861 411 870 411 870 541 861 412 871 412 871 541 861 413 872 413 872 541 861 414 873 414 873 541 861 415 874 415 874 541 861 416 875 416 875 541 861 417 876 417 876 541 861 418 877 418 877 541 861 419 878 419 878 541 861 420 879 420 879 541 861 421 880 421 880 541 861 422 881 422 881 541 861 423 882 423 882 541 861 424 883 424 883 541 861 425 884 425 884 541 861 542 811 425 884 542 811 426 885 426 885 542 811 427 886 427 886 542 811 428 887 428 887 542 811 429 888 429 888 542 811 430 889 430 889 542 811 431 890 431 890 542 811 432 891 432 891 542 811 433 892 433 892 542 811 434 893 434 893 542 811 435 894 435 894 542 811 436 895 436 895 542 811 437 896 437 896 542 811 438 897 438 897 542 811 439 898 439 898 542 811 440 899 440 899 542 811 441 900 441 900 542 811 442 901 442 901 542 811 443 902 443 902 542 811 444 903 444 903 542 811 445 904 445 904 542 811 446 905 446 905 542 811 447 810 449 906 448 907 270 908 270 908 448 907 539 909 270 908 539 909 271 910 271 910 539 909 538 911 271 910 538 911 272 912 272 912 538 911 537 913 272 912 537 913 273 914 273 914 537 913 536 915 273 914 536 915 274 916 274 916 536 915 535 917 274 916 535 917 275 918 275 918 535 917 534 919 275 918 534 919 276 920 276 920 534 919 533 921 276 920 533 921 277 922 277 922 533 921 532 923 277 922 532 923 278 924 278 924 532 923 531 925 278 924 531 925 279 926 279 926 531 925 530 927 279 926 530 927 280 928 280 928 530 927 529 929 280 928 529 929 281 930 281 930 529 929 528 931 281 930 528 931 282 932 282 932 528 931 527 933 282 932 527 933 283 934 283 934 527 933 526 935 283 934 526 935 284 936 284 936 526 935 525 937 284 936 525 937 524 938 284 936 524 938 285 939 285 939 524 938 523 940 285 939 523 940 286 941 286 941 523 940 522 942 286 941 522 942 287 943 287 943 522 942 521 944 287 943 521 944 288 945 288 945 521 944 520 946 288 945 520 946 289 947 289 947 520 946 519 948 289 947 519 948 290 949 290 949 519 948 518 950 290 949 518 950 291 951 291 951 518 950 517 952 291 951 517 952 292 953 292 953 517 952 516 954 292 953 516 954 293 955 293 955 516 954 515 956 293 955 515 956 294 957 294 957 515 956 514 958 294 957 514 958 295 959 295 959 514 958 513 960 295 959 513 960 296 961 296 961 513 960 512 962 296 961 512 962 297 963 297 963 512 962 511 964 297 963 511 964 298 965 298 965 511 964 510 966 298 965 510 966 299 967 299 967 510 966 509 968 299 967 509 968 508 969 299 967 508 969 300 970 300 970 508 969 507 971 300 970 507 971 301 972 301 972 507 971 506 973 301 972 506 973 302 974 302 974 506 973 505 975 302 974 505 975 303 976 303 976 505 975 504 977 303 976 504 977 304 978 304 978 504 977 503 979 304 978 503 979 305 980 305 980 503 979 502 981 305 980 502 981 306 982 306 982 502 981 501 983 306 982 501 983 307 984 307 984 501 983 500 985 307 984 500 985 308 986 308 986 500 985 499 987 308 986 499 987 309 988 309 988 499 987 498 989 309 988 498 989 310 990 310 990 498 989 497 991 310 990 497 991 311 992 311 992 497 991 496 993 311 992 496 993 312 994 312 994 496 993 495 995 312 994 495 995 313 996 313 996 495 995 494 997 313 996 494 997 493 998 313 996 493 998 314 999 314 999 493 998 492 1000 314 999 492 1000 315 1001 315 1001 492 1000 491 1002 315 1001 491 1002 316 1003 316 1003 491 1002 490 1004 316 1003 490 1004 317 1005 317 1005 490 1004 489 1006 317 1005 489 1006 318 1007 318 1007 489 1006 488 1008 318 1007 488 1008 319 1009 319 1009 488 1008 487 1010 319 1009 487 1010 320 1011 320 1011 487 1010 486 1012 320 1011 486 1012 321 1013 321 1013 486 1012 485 1014 321 1013 485 1014 322 1015 322 1015 485 1014 484 1016 322 1015 484 1016 323 1017 323 1017 484 1016 483 1018 323 1017 483 1018 324 1019 324 1019 483 1018 482 1020 324 1019 482 1020 325 1021 325 1021 482 1020 481 1022 325 1021 481 1022 326 1023 326 1023 481 1022 480 1024 326 1023 480 1024 327 1025 327 1025 480 1024 479 1026 327 1025 479 1026 478 1027 327 1025 478 1027 328 1028 328 1028 478 1027 477 1029 328 1028 477 1029 329 1030 329 1030 477 1029 476 1031 329 1030 476 1031 330 1032 330 1032 476 1031 475 1033 330 1032 475 1033 331 1034 331 1034 475 1033 474 1035 331 1034 474 1035 332 1036 332 1036 474 1035 473 1037 332 1036 473 1037 333 1038 333 1038 473 1037 472 1039 333 1038 472 1039 334 1040 334 1040 472 1039 471 1041 334 1040 471 1041 335 1042 335 1042 471 1041 470 1043 335 1042 470 1043 336 1044 336 1044 470 1043 469 1045 336 1044 469 1045 337 1046 337 1046 469 1045 468 1047 337 1046 468 1047 338 1048 338 1048 468 1047 467 1049 338 1048 467 1049 339 1050 339 1050 467 1049 466 1051 339 1050 466 1051 340 1052 340 1052 466 1051 465 1053 340 1052 465 1053 341 1054 341 1054 465 1053 464 1055 341 1054 464 1055 342 1056 342 1056 464 1055 463 1057 342 1056 463 1057 462 1058 342 1056 462 1058 343 1059 343 1059 462 1058 461 1060 343 1059 461 1060 344 1061 344 1061 461 1060 460 1062 344 1061 460 1062 345 1063 345 1063 460 1062 459 1064 345 1063 459 1064 346 1065 346 1065 459 1064 458 1066 346 1065 458 1066 347 1067 347 1067 458 1066 457 1068 347 1067 457 1068 348 1069 348 1069 457 1068 456 1070 348 1069 456 1070 349 1071 349 1071 456 1070 455 1072 349 1071 455 1072 350 1073 350 1073 455 1072 454 1074 350 1073 454 1074 351 1075 351 1075 454 1074 453 1076 351 1075 453 1076 352 1077 352 1077 453 1076 452 1078 352 1077 452 1078 353 1079 353 1079 452 1078 451 1080 353 1079 451 1080 354 1081 354 1081 451 1080 450 1082 354 1081 450 1082 355 1083 355 1083 450 1082 449 906 355 1083 449 906 270 908 544 1084 656 1085 540 1086 540 1086 656 1085 657 1087 540 1086 657 1087 658 1088 545 1089 651 1090 544 1084 544 1084 651 1090 652 1091 544 1084 652 1091 653 1092 651 1090 545 1089 650 1093 650 1093 545 1089 546 1094 650 1093 546 1094 649 1095 649 1095 546 1094 547 1096 649 1095 547 1096 648 1097 648 1097 547 1096 548 1098 648 1097 548 1098 647 1099 647 1099 548 1098 549 1100 647 1099 549 1100 550 1101 647 1099 550 1101 646 1102 646 1102 550 1101 551 1103 646 1102 551 1103 645 1104 645 1104 551 1103 552 1105 645 1104 552 1105 553 1106 645 1104 553 1106 644 1107 644 1107 553 1106 554 1108 644 1107 554 1108 643 1109 643 1109 554 1108 555 1110 643 1109 555 1110 556 1111 643 1109 556 1111 642 1112 642 1112 556 1111 557 1113 642 1112 557 1113 558 1114 642 1112 558 1114 641 1115 641 1115 558 1114 559 1116 641 1115 559 1116 640 1117 640 1117 559 1116 560 1118 640 1117 560 1118 561 1119 640 1117 561 1119 639 1120 639 1120 561 1119 562 1121 639 1120 562 1121 638 1122 638 1122 562 1121 563 1123 638 1122 563 1123 637 1124 637 1124 563 1123 564 1125 637 1124 564 1125 636 1126 636 1126 564 1125 565 1127 636 1126 565 1127 566 1128 636 1126 566 1128 635 1129 635 1129 566 1128 567 1130 635 1129 567 1130 634 1131 634 1131 567 1130 568 1132 634 1131 568 1132 633 1133 633 1133 568 1132 569 1134 633 1133 569 1134 632 1135 632 1135 569 1134 570 1136 632 1135 570 1136 631 1137 631 1137 570 1136 571 1138 631 1137 571 1138 630 1139 630 1139 571 1138 572 1140 630 1139 572 1140 629 1141 629 1141 572 1140 573 1142 629 1141 573 1142 628 1143 628 1143 573 1142 574 1144 628 1143 574 1144 627 1145 627 1145 574 1144 575 1146 627 1145 575 1146 626 1147 626 1147 575 1146 576 1148 626 1147 576 1148 577 1149 626 1147 577 1149 625 1150 625 1150 577 1149 578 1151 625 1150 578 1151 624 1152 624 1152 578 1151 579 1153 624 1152 579 1153 623 1154 623 1154 579 1153 580 1155 623 1154 580 1155 622 1156 622 1156 580 1155 581 1157 622 1156 581 1157 621 1158 621 1158 581 1157 582 1159 621 1158 582 1159 620 1160 620 1160 582 1159 583 1161 620 1160 583 1161 619 1162 619 1162 583 1161 584 1163 619 1162 584 1163 618 1164 618 1164 584 1163 585 1165 618 1164 585 1165 617 1166 617 1166 585 1165 586 1167 617 1166 586 1167 616 1168 616 1168 586 1167 587 1169 616 1168 587 1169 588 1170 616 1168 588 1170 615 1171 615 1171 588 1170 589 1172 615 1171 589 1172 614 1173 614 1173 589 1172 590 1174 614 1173 590 1174 613 1175 613 1175 590 1174 591 1176 613 1175 591 1176 612 1177 612 1177 591 1176 592 1178 612 1177 592 1178 593 1179 612 1177 593 1179 611 1180 611 1180 593 1179 594 1181 611 1180 594 1181 610 1182 610 1182 594 1181 595 1183 610 1182 595 1183 596 1184 610 1182 596 1184 609 1185 609 1185 596 1184 597 1186 609 1185 597 1186 598 1187 609 1185 598 1187 676 1188 676 1188 598 1187 599 1189 676 1188 599 1189 675 1190 675 1190 599 1189 600 1191 675 1190 600 1191 601 1192 675 1190 601 1192 674 1193 674 1193 601 1192 602 1194 674 1193 602 1194 673 1195 673 1195 602 1194 603 1196 673 1195 603 1196 604 1197 673 1195 604 1197 672 1198 672 1198 604 1197 605 1199 672 1198 605 1199 671 1200 671 1200 605 1199 606 1201 671 1200 606 1201 670 1202 670 1202 606 1201 607 1203 670 1202 607 1203 669 1204 669 1204 607 1203 608 1205 669 1204 608 1205 668 1206 668 1206 608 1205 667 1207 667 1207 608 1205 666 1208 666 1208 608 1205 665 1209 665 1209 608 1205 664 1210 664 1210 608 1205 541 1211 664 1210 541 1211 663 1212 663 1212 541 1211 662 1213 662 1213 541 1211 661 1214 661 1214 541 1211 660 1215 660 1215 541 1211 540 1086 660 1215 540 1086 659 1216 659 1216 540 1086 658 1088 653 1092 654 1217 544 1084 544 1084 654 1217 655 1218 544 1084 655 1218 656 1085 540 1219 543 1220 544 1221 544 1221 543 1220 677 1222 678 1223 755 1224 542 1225 542 1225 755 1224 756 1226 542 1225 756 1226 757 1227 679 1228 750 1229 678 1223 678 1223 750 1229 751 1230 678 1223 751 1230 752 1231 750 1229 679 1228 749 1232 749 1232 679 1228 680 1233 749 1232 680 1233 748 1234 748 1234 680 1233 681 1235 748 1234 681 1235 747 1236 747 1236 681 1235 682 1237 747 1236 682 1237 746 1238 746 1238 682 1237 683 1239 746 1238 683 1239 684 1240 746 1238 684 1240 745 1241 745 1241 684 1240 685 1242 745 1241 685 1242 744 1243 744 1243 685 1242 686 1244 744 1243 686 1244 687 1245 744 1243 687 1245 743 1246 743 1246 687 1245 688 1247 743 1246 688 1247 742 1248 742 1248 688 1247 689 1249 742 1248 689 1249 690 1250 742 1248 690 1250 809 1251 809 1251 690 1250 691 1252 809 1251 691 1252 692 1253 809 1251 692 1253 808 1254 808 1254 692 1253 693 1255 808 1254 693 1255 807 1256 807 1256 693 1255 694 1257 807 1256 694 1257 695 1258 807 1256 695 1258 806 1259 806 1259 695 1258 696 1260 806 1259 696 1260 805 1261 805 1261 696 1260 697 1262 805 1261 697 1262 804 1263 804 1263 697 1262 698 1264 804 1263 698 1264 803 1265 803 1265 698 1264 699 1266 803 1265 699 1266 700 1267 803 1265 700 1267 802 1268 802 1268 700 1267 701 1269 802 1268 701 1269 801 1270 801 1270 701 1269 702 1271 801 1270 702 1271 800 1272 800 1272 702 1271 703 1273 800 1272 703 1273 799 1274 799 1274 703 1273 704 1275 799 1274 704 1275 798 1276 798 1276 704 1275 705 1277 798 1276 705 1277 797 1278 797 1278 705 1277 706 1279 797 1278 706 1279 796 1280 796 1280 706 1279 707 1281 796 1280 707 1281 795 1282 795 1282 707 1281 708 1283 795 1282 708 1283 794 1284 794 1284 708 1283 709 1285 794 1284 709 1285 793 1286 793 1286 709 1285 710 1287 793 1286 710 1287 711 1288 793 1286 711 1288 792 1289 792 1289 711 1288 712 1290 792 1289 712 1290 791 1291 791 1291 712 1290 713 1292 791 1291 713 1292 790 1293 790 1293 713 1292 714 1294 790 1293 714 1294 789 1295 789 1295 714 1294 715 1296 789 1295 715 1296 788 1297 788 1297 715 1296 716 1298 788 1297 716 1298 787 1299 787 1299 716 1298 717 1300 787 1299 717 1300 786 1301 786 1301 717 1300 718 1302 786 1301 718 1302 785 1303 785 1303 718 1302 719 1304 785 1303 719 1304 784 1305 784 1305 719 1304 720 1306 784 1305 720 1306 783 1307 783 1307 720 1306 721 1308 783 1307 721 1308 722 1309 783 1307 722 1309 782 1310 782 1310 722 1309 723 1311 782 1310 723 1311 781 1312 781 1312 723 1311 724 1313 781 1312 724 1313 780 1314 780 1314 724 1313 725 1315 780 1314 725 1315 779 1316 779 1316 725 1315 726 1317 779 1316 726 1317 727 1318 779 1316 727 1318 778 1319 778 1319 727 1318 728 1320 778 1319 728 1320 777 1321 777 1321 728 1320 729 1322 777 1321 729 1322 730 1323 777 1321 730 1323 776 1324 776 1324 730 1323 731 1325 776 1324 731 1325 732 1326 776 1324 732 1326 775 1327 775 1327 732 1326 733 1328 775 1327 733 1328 774 1329 774 1329 733 1328 734 1330 774 1329 734 1330 735 1331 774 1329 735 1331 773 1332 773 1332 735 1331 736 1333 773 1332 736 1333 772 1334 772 1334 736 1333 737 1335 772 1334 737 1335 738 1336 772 1334 738 1336 771 1337 771 1337 738 1336 739 1338 771 1337 739 1338 770 1339 770 1339 739 1338 740 1340 770 1339 740 1340 769 1341 769 1341 740 1340 741 1342 769 1341 741 1342 768 1343 768 1343 741 1342 677 1344 768 1343 677 1344 767 1345 767 1345 677 1344 766 1346 766 1346 677 1344 765 1347 765 1347 677 1344 764 1348 764 1348 677 1344 763 1349 763 1349 677 1344 543 1350 763 1349 543 1350 762 1351 762 1351 543 1350 761 1352 761 1352 543 1350 760 1353 760 1353 543 1350 759 1354 759 1354 543 1350 542 1225 759 1354 542 1225 758 1355 758 1355 542 1225 757 1227 752 1231 753 1356 678 1223 678 1223 753 1356 754 1357 678 1223 754 1357 755 1224 542 1358 541 1359 678 1360 678 1360 541 1359 608 1361 678 1362 608 1363 679 1364 679 1364 608 1363 607 1365 679 1364 607 1365 606 1366 679 1364 606 1366 680 1367 680 1367 606 1366 605 1368 680 1367 605 1368 681 1369 681 1369 605 1368 604 1370 681 1369 604 1370 682 1371 682 1371 604 1370 603 1372 682 1371 603 1372 683 1373 683 1373 603 1372 602 1374 683 1373 602 1374 684 1375 684 1375 602 1374 601 1376 684 1375 601 1376 685 1377 685 1377 601 1376 600 1378 685 1377 600 1378 686 1379 686 1379 600 1378 599 1380 686 1379 599 1380 687 1381 687 1381 599 1380 598 1382 687 1381 598 1382 688 1383 688 1383 598 1382 597 1384 688 1383 597 1384 689 1385 689 1385 597 1384 596 1386 689 1385 596 1386 690 1387 690 1387 596 1386 595 1388 690 1387 595 1388 691 1389 691 1389 595 1388 594 1390 691 1389 594 1390 692 1391 692 1391 594 1390 593 1392 692 1391 593 1392 693 1393 693 1393 593 1392 592 1394 693 1393 592 1394 694 1395 694 1395 592 1394 591 1396 694 1395 591 1396 695 1397 695 1397 591 1396 590 1398 695 1397 590 1398 696 1399 696 1399 590 1398 589 1400 696 1399 589 1400 697 1401 697 1401 589 1400 588 1402 697 1401 588 1402 698 1403 698 1403 588 1402 587 1404 698 1403 587 1404 699 1405 699 1405 587 1404 586 1406 699 1405 586 1406 700 1407 700 1407 586 1406 585 1408 700 1407 585 1408 701 1409 701 1409 585 1408 584 1410 701 1409 584 1410 702 1411 702 1411 584 1410 583 1412 702 1411 583 1412 703 1413 703 1413 583 1412 582 1414 703 1413 582 1414 704 1415 704 1415 582 1414 581 1416 704 1415 581 1416 705 1417 705 1417 581 1416 580 1418 705 1417 580 1418 706 1419 706 1419 580 1418 579 1420 706 1419 579 1420 707 1421 707 1421 579 1420 578 1422 707 1421 578 1422 708 1423 708 1423 578 1422 577 1424 708 1423 577 1424 709 1425 709 1425 577 1424 576 1426 709 1425 576 1426 710 1427 710 1427 576 1426 575 1428 710 1427 575 1428 711 1429 711 1429 575 1428 574 1430 711 1429 574 1430 712 1431 712 1431 574 1430 573 1432 712 1431 573 1432 713 1433 713 1433 573 1432 572 1434 713 1433 572 1434 714 1435 714 1435 572 1434 571 1436 714 1435 571 1436 715 1437 715 1437 571 1436 570 1438 715 1437 570 1438 716 1439 716 1439 570 1438 569 1440 716 1439 569 1440 717 1441 717 1441 569 1440 568 1442 717 1441 568 1442 718 1443 718 1443 568 1442 567 1444 718 1443 567 1444 719 1445 719 1445 567 1444 566 1446 719 1445 566 1446 720 1447 720 1447 566 1446 565 1448 720 1447 565 1448 721 1449 721 1449 565 1448 564 1450 721 1449 564 1450 722 1451 722 1451 564 1450 563 1452 722 1451 563 1452 723 1453 723 1453 563 1452 562 1454 723 1453 562 1454 724 1455 724 1455 562 1454 561 1456 724 1455 561 1456 725 1457 725 1457 561 1456 560 1458 725 1457 560 1458 726 1459 726 1459 560 1458 559 1460 726 1459 559 1460 727 1461 727 1461 559 1460 558 1462 727 1461 558 1462 728 1463 728 1463 558 1462 557 1464 728 1463 557 1464 729 1465 729 1465 557 1464 556 1466 729 1465 556 1466 730 1467 730 1467 556 1466 555 1468 730 1467 555 1468 731 1469 731 1469 555 1468 554 1470 731 1469 554 1470 732 1471 732 1471 554 1470 553 1472 732 1471 553 1472 733 1473 733 1473 553 1472 552 1474 733 1473 552 1474 734 1475 734 1475 552 1474 551 1476 734 1475 551 1476 735 1477 735 1477 551 1476 550 1478 735 1477 550 1478 736 1479 736 1479 550 1478 549 1480 736 1479 549 1480 737 1481 737 1481 549 1480 548 1482 737 1481 548 1482 738 1483 738 1483 548 1482 547 1484 738 1483 547 1484 739 1485 739 1485 547 1484 546 1486 739 1485 546 1486 740 1487 740 1487 546 1486 545 1488 740 1487 545 1488 741 1489 741 1489 545 1488 677 1490 677 1490 545 1488 544 1491 676 1492 742 1493 609 1494 609 1494 742 1493 809 1495 609 1494 809 1495 610 1496 610 1496 809 1495 808 1497 610 1496 808 1497 611 1498 611 1498 808 1497 807 1499 611 1498 807 1499 612 1500 612 1500 807 1499 806 1501 612 1500 806 1501 613 1502 613 1502 806 1501 805 1503 613 1502 805 1503 614 1504 614 1504 805 1503 804 1505 614 1504 804 1505 615 1506 615 1506 804 1505 803 1507 615 1506 803 1507 616 1508 616 1508 803 1507 802 1509 616 1508 802 1509 617 1510 617 1510 802 1509 801 1511 617 1510 801 1511 618 1512 618 1512 801 1511 800 1513 618 1512 800 1513 619 1514 619 1514 800 1513 799 1515 619 1514 799 1515 620 1516 620 1516 799 1515 798 1517 620 1516 798 1517 621 1518 621 1518 798 1517 797 1519 621 1518 797 1519 622 1520 622 1520 797 1519 796 1521 622 1520 796 1521 623 1522 623 1522 796 1521 795 1523 623 1522 795 1523 624 1524 624 1524 795 1523 794 1525 624 1524 794 1525 625 1526 625 1526 794 1525 793 1527 625 1526 793 1527 626 1528 626 1528 793 1527 792 1529 626 1528 792 1529 627 1530 627 1530 792 1529 791 1531 627 1530 791 1531 628 1532 628 1532 791 1531 790 1533 628 1532 790 1533 629 1534 629 1534 790 1533 789 1535 629 1534 789 1535 630 1536 630 1536 789 1535 788 1537 630 1536 788 1537 631 1538 631 1538 788 1537 787 1539 631 1538 787 1539 632 1540 632 1540 787 1539 786 1541 632 1540 786 1541 633 1542 633 1542 786 1541 785 1543 633 1542 785 1543 634 1544 634 1544 785 1543 784 1545 634 1544 784 1545 635 1546 635 1546 784 1545 783 1547 635 1546 783 1547 636 1548 636 1548 783 1547 782 1549 636 1548 782 1549 637 1550 637 1550 782 1549 781 1551 637 1550 781 1551 638 1552 638 1552 781 1551 780 1553 638 1552 780 1553 639 1554 639 1554 780 1553 779 1555 639 1554 779 1555 640 1556 640 1556 779 1555 778 1557 640 1556 778 1557 641 1558 641 1558 778 1557 777 1559 641 1558 777 1559 642 1560 642 1560 777 1559 643 1561 643 1561 777 1559 776 1562 643 1561 776 1562 644 1563 644 1563 776 1562 775 1564 644 1563 775 1564 774 1565 742 1493 676 1492 743 1566 743 1566 676 1492 675 1567 743 1566 675 1567 744 1568 744 1568 675 1567 674 1569 744 1568 674 1569 745 1570 745 1570 674 1569 673 1571 745 1570 673 1571 746 1572 746 1572 673 1571 672 1573 746 1572 672 1573 747 1574 747 1574 672 1573 671 1575 747 1574 671 1575 748 1576 748 1576 671 1575 670 1577 748 1576 670 1577 749 1578 749 1578 670 1577 669 1579 749 1578 669 1579 750 1580 750 1580 669 1579 668 1581 750 1580 668 1581 751 1582 751 1582 668 1581 667 1583 751 1582 667 1583 752 1584 752 1584 667 1583 666 1585 752 1584 666 1585 753 1586 753 1586 666 1585 665 1587 753 1586 665 1587 754 1588 754 1588 665 1587 664 1589 754 1588 664 1589 755 1590 755 1590 664 1589 663 1591 755 1590 663 1591 756 1592 756 1592 663 1591 662 1593 756 1592 662 1593 757 1594 757 1594 662 1593 661 1595 757 1594 661 1595 758 1596 758 1596 661 1595 660 1597 758 1596 660 1597 759 1598 759 1598 660 1597 659 1599 759 1598 659 1599 760 1600 760 1600 659 1599 658 1601 760 1600 658 1601 761 1602 761 1602 658 1601 657 1603 761 1602 657 1603 762 1604 762 1604 657 1603 656 1605 762 1604 656 1605 763 1606 763 1606 656 1605 655 1607 763 1606 655 1607 764 1608 764 1608 655 1607 654 1609 764 1608 654 1609 765 1610 765 1610 654 1609 653 1611 765 1610 653 1611 766 1612 766 1612 653 1611 652 1613 766 1612 652 1613 767 1614 767 1614 652 1613 651 1615 767 1614 651 1615 768 1616 768 1616 651 1615 650 1617 768 1616 650 1617 769 1618 769 1618 650 1617 649 1619 769 1618 649 1619 770 1620 770 1620 649 1619 648 1621 770 1620 648 1621 771 1622 771 1622 648 1621 647 1623 771 1622 647 1623 772 1624 772 1624 647 1623 646 1625 772 1624 646 1625 773 1626 773 1626 646 1625 645 1627 773 1626 645 1627 774 1565 774 1565 645 1627 644 1563</p>
        </triangles>
      </mesh>
    </geometry>
  </library_geometries>
  <library_visual_scenes>
    <visual_scene id="Scene" name="Scene">
      <node id="Part02-node" name="Part02" type="NODE">
        <instance_geometry url="#Part02-mesh">
          <bind_material>
            <technique_common>
              <instance_material symbol="Opaque_0_192_0_" target="#Opaque_0_192_0_"/>
            </technique_common>
          </bind_material>
        </instance_geometry>
      </node>
    </visual_scene>
  </library_visual_scenes>
  <scene>
    <instance_visual_scene url="#Scene"/>
  </scene>
</COLLADA>
